id,country,iso3,latitude,longitude,centroid,role,displacement_type,qualifier,figure,displacement_date,displacement_start_date,displacement_end_date,year,event_id,event_name,event_codes,event_code_types,event_start_date,event_end_date,category,subcategory,type,subtype,old_id,sources,source_url,locations_name,locations_coordinates,locations_accuracy,locations_type,displacement_occurred,created_at,description,link,combined_type
240792,Ukraine,UKR,47.72633,34.413109,"[47.72633, 34.413109]",Recommended figure,Conflict,approximately,3,2026-01-24,2026-01-24,2026-01-24,2026,40208,Ukraine: International armed conflict (IAC) - Dnipropetrovsk Oblast - 2026,,,2026-01-01,2026-12-31,,,,,,National Police of Ukraine,,"Nikopol Raion, Dnipropetrovsk Oblast, Ukraine","47.72633, 34.413109",District/Zone/Department (ADM2),Origin,,2026-02-24T08:23:03.467478Z,"Ukraine: 3 displacements (destroyed housing), 24 January - 24 January. According to the National Police of Ukraine, 1 home was destroyed on 25 January in Nikopol, Dnipropetrovsk Oblast due to military operations. National Police of Ukraine - 25 January 2026",,Conflict
240794,Ukraine,UKR,46.650871,32.602299,"[46.650871, 32.602299]",Recommended figure,Conflict,total,5,2026-01-24,2026-01-24,2026-01-24,2026,40368,Ukraine: International armed conflict (IAC) - Kherson Oblast - 2026,,,2026-01-01,2026-12-31,,,,,,National Police of Ukraine,,"Kherson, Херсонська міська рада, Kherson Oblast, Ukraine","46.650871, 32.602299",County/City/town/Village/Woreda (ADM3),Origin,Displacement without preventive evacuations reported,2026-02-24T08:34:29.615924Z,"Ukraine: 5 displacements (evacuated), 24 January - 24 January. According to the National Police of Ukraine, 3 people were evacuated from the Kherson community on 24 January due to military operations National Police of Ukraine - 24 January 2026",,Conflict
240795,Ukraine,UKR,51.146679,34.297001,"[51.146679, 34.297001]",Recommended figure,Conflict,total,1,2026-01-24,2026-01-24,2026-01-24,2026,40211,Ukraine: International armed conflict (IAC) - Sumy Oblast - 2026,,,2026-01-01,2026-12-31,,,,,,National Police of Ukraine,,"Bilopillia, Білопільська міська рада, Bilopillia Raion, Sumy Oblast, Ukraine","51.146679, 34.297001",County/City/town/Village/Woreda (ADM3),Origin,Displacement without preventive evacuations reported,2026-02-24T08:37:32.197800Z,"Ukraine: 1 displacement (evacuated), 24 January - 24 January. According to the National Police of Ukraine, 1 person was evacuated from Bilopil, Sumy Oblast, on 24 January due to military operations National Police of Ukraine - 24 January 2026",,Conflict
240793,Ukraine,UKR,48.52553266666666,37.79981,"[48.52553266666666, 37.79981]",Recommended figure,Conflict,more than or equal to,23,2026-01-24,2026-01-24,2026-01-24,2026,40207,Ukraine: International armed conflict (IAC) - Donetsk Oblast - 2026,,,2026-01-01,2026-12-31,,,,,,National Police of Ukraine,,"Kramatorsk, Kramatorsk Municipality, Donetsk Oblast, Ukraine; Mykolaivka, Khartsyzk Municipality, Donetsk Oblast, Ukraine; Sloviansk, Donetsk Oblast, Ukraine","48.728809, 37.567101; 47.998878, 38.243889; 48.848911, 37.58844",County/City/town/Village/Woreda (ADM3); County/City/town/Village/Woreda (ADM3); County/City/town/Village/Woreda (ADM3),Origin; Origin; Origin,,2026-02-24T08:25:22.634514Z,"Ukraine: 23 displacements (destroyed housing), 24 January - 24 January. According to the National Police of Ukraine, 9 residential buildings were destroyed on 24 January in Donetsk Oblast due to military operations. National Police of Ukraine - 25 January 2026",,Conflict
219383,Ukraine,UKR,51.362309,31.83626,"[51.362309, 31.83626]",Recommended figure,Conflict,total,300,2025-12-30,2025-12-30,2025-12-30,2025,29202,Ukraine: International armed conflict (IAC) - Chernihiv Oblast - 2025,,,2025-01-01,2025-12-31,,,,,,Chernihiv Regional State Administraiton,,"Chernihiv Oblast, Ukraine","51.362309, 31.83626",State/Region/Province (ADM1),Origin,Displacement without preventive evacuations reported,2026-01-07T08:35:03.177936Z,"Ukraine: 300 displacements (evacuated), 30 December - 30 December. According to the Chernihiv Regional State Administration, 300 people were ordered to evacuate 14 villages in Chernihiv due to the ongoing international armed conflict on 30 December. Chernihiv Regional State Administraiton - 30 December 2025",,Conflict
218976,Ukraine,UKR,47.96067,37.834438,"[47.96067, 37.834438]",Recommended figure,Conflict,approximately,1400,2026-01-02,2025-12-25,2026-01-02,2025,29205,Ukraine: International armed conflict (IAC) - Donetsk Oblast - 2025,,,2025-01-01,2025-12-31,,,,,,"Ministry of Development of Communities, Territories and Infrastructure",,"Donetsk Oblast, Ukraine","47.96067, 37.834438",State/Region/Province (ADM1),Origin,Displacement without preventive evacuations reported,2026-01-06T08:52:09.008177Z,"Ukraine: 1,400 displacements (evacuated), 25 December - 02 January. According to the Ministry of Development of Communities, Territories and Infrastructure of Ukraine, between 25 December 2025 and 2 January 2026, approximately 1,400 people were evacuated from Donetsk Oblast due to the International Armed Conflict. Ministry of Development of Communities, Territories and Infrastructure - 02 January 2026",,Conflict
218977,Ukraine,UKR,51.237358,33.808262,"[51.237358, 33.808262]",Recommended figure,Conflict,more than or equal to,200,2026-01-02,2025-12-25,2026-01-02,2025,29209,Ukraine: International armed conflict (IAC) - Sumy Oblast - 2025,,,2025-01-01,2025-12-31,,,,,,"Ministry of Development of Communities, Territories and Infrastructure",,"Sumy Oblast, Ukraine","51.237358, 33.808262",State/Region/Province (ADM1),Origin,Displacement without preventive evacuations reported,2026-01-06T08:55:51.837149Z,"Ukraine: 200 displacements (evacuated), 25 December - 02 January. According to the Ministry of Development of Communities, Territories and Infrastructure of Ukraine, between 25 December 2025 and 2 January 2026, more than 200 people were evacuated from Sumy Oblast due to the International Armed Conflict. Ministry of Development of Communities, Territories and Infrastructure - 02 January 2026",,Conflict
219000,Ukraine,UKR,46.678699,33.35677,"[46.678699, 33.35677]",Recommended figure,Conflict,more than or equal to,100,2026-01-02,2025-12-25,2026-01-02,2025,29233,Ukraine: International armed conflict (IAC) - Kherson Oblast - 2025,,,2025-01-01,2025-12-31,,,,,,"Ministry of Development of Communities, Territories and Infrastructure",,"Kherson Oblast, Ukraine","46.678699, 33.35677",State/Region/Province (ADM1),Origin,Displacement without preventive evacuations reported,2026-01-06T09:05:56.959216Z,"Ukraine: 100 displacements (evacuated), 25 December - 02 January. According to the Ministry of Development of Communities, Territories and Infrastructure of Ukraine, between 24 December 2025 and 2 January 2026, more than 100 people were evacuated from Kherson Oblast due to the International Armed Conflict. Ministry of Development of Communities, Territories and Infrastructure - 02 January 2026",,Conflict
219001,Ukraine,UKR,49.495609,36.663502,"[49.495609, 36.663502]",Recommended figure,Conflict,more than or equal to,300,2026-01-02,2025-12-25,2026-01-02,2025,29204,Ukraine: International armed conflict (IAC) - Kharkiv Oblast - 2025,,,2025-01-01,2025-12-31,,,,,,"Ministry of Development of Communities, Territories and Infrastructure",,"Kharkiv Oblast, Ukraine","49.495609, 36.663502",State/Region/Province (ADM1),Origin,Displacement without preventive evacuations reported,2026-01-06T09:08:46.943980Z,"Ukraine: 300 displacements (evacuated), 25 December - 02 January. According to the Ministry of Development of Communities, Territories and Infrastructure of Ukraine, between 25 December 2025 and 2 January 2026, more than 300 people were evacuated from Kharkiv Oblast due to the International Armed Conflict. Ministry of Development of Communities, Territories and Infrastructure - 02 January 2026",,Conflict
218781,Ukraine,UKR,49.495609,36.663502,"[49.495609, 36.663502]",Recommended figure,Conflict,more than or equal to,2800,2025-12-24,2025-11-15,2025-12-24,2025,29204,Ukraine: International armed conflict (IAC) - Kharkiv Oblast - 2025,,,2025-01-01,2025-12-31,,,,,,"Ministry of Development of Communities, Territories and Infrastructure",,"Kharkiv Oblast, Ukraine","49.495609, 36.663502",State/Region/Province (ADM1),Origin,Displacement without preventive evacuations reported,2026-01-02T09:01:43.765104Z,"Ukraine: 2,800 displacements (evacuated), 15 November - 24 December. According to the Ministry of Development of Communities, Territories and Infrastructure of Ukraine, between 15 November and 24 December, more than 2,800 people were evacuated from Kharkiv Oblast due to the International Armed Conflict. Ministry of Development of Communities, Territories and Infrastructure - 24 December 2025",,Conflict
218777,Ukraine,UKR,47.96067,37.834438,"[47.96067, 37.834438]",Recommended figure,Conflict,approximately,6300,2025-12-24,2025-11-15,2025-12-24,2025,29205,Ukraine: International armed conflict (IAC) - Donetsk Oblast - 2025,,,2025-01-01,2025-12-31,,,,,,"Ministry of Development of Communities, Territories and Infrastructure",,"Donetsk Oblast, Ukraine","47.96067, 37.834438",State/Region/Province (ADM1),Origin,Displacement without preventive evacuations reported,2026-01-02T08:48:18.261541Z,"Ukraine: 6,300 displacements (evacuated), 15 November - 24 December. According to the Ministry of Development of Communities, Territories and Infrastructure of Ukraine, between 15 November and 24 December, approximately 6,300 people were evacuated from Donetsk Oblast due to the International Armed Conflict. Ministry of Development of Communities, Territories and Infrastructure - 24 December 2025",,Conflict
218778,Ukraine,UKR,48.324242,35.165649,"[48.324242, 35.165649]",Recommended figure,Conflict,less than or equal to,9600,2025-12-24,2025-11-15,2025-12-24,2025,29199,Ukraine: International armed conflict (IAC) - Dnipropetrovsk Oblast - 2025,,,2025-01-01,2025-12-31,,,,,,"Ministry of Development of Communities, Territories and Infrastructure",,"Dnipropetrovsk Oblast, Ukraine","48.324242, 35.165649",State/Region/Province (ADM1),Origin,Displacement without preventive evacuations reported,2026-01-02T08:53:06.710659Z,"Ukraine: 9,600 displacements (evacuated), 15 November - 24 December. According to the Ministry of Development of Communities, Territories and Infrastructure of Ukraine, between 15 November and 24 December, almost 9,600 people were evacuated from Dnipropetrovsk Oblast due to the International Armed Conflict. Ministry of Development of Communities, Territories and Infrastructure - 24 December 2025",,Conflict
218779,Ukraine,UKR,51.237358,33.808262,"[51.237358, 33.808262]",Recommended figure,Conflict,more than or equal to,300,2025-12-24,2025-11-15,2025-12-24,2025,29209,Ukraine: International armed conflict (IAC) - Sumy Oblast - 2025,,,2025-01-01,2025-12-31,,,,,,"Ministry of Development of Communities, Territories and Infrastructure",,"Sumy Oblast, Ukraine","51.237358, 33.808262",State/Region/Province (ADM1),Origin,Displacement without preventive evacuations reported,2026-01-02T08:56:34.519448Z,"Ukraine: 300 displacements (evacuated), 15 November - 24 December. According to the Ministry of Development of Communities, Territories and Infrastructure of Ukraine, between 15 November and 24 December, more than 300 people were evacuated from Sumy Oblast due to the International Armed Conflict. Ministry of Development of Communities, Territories and Infrastructure - 24 December 2025",,Conflict
218780,Ukraine,UKR,46.678699,33.35677,"[46.678699, 33.35677]",Recommended figure,Conflict,more than or equal to,200,2025-12-24,2025-11-15,2025-12-24,2025,29233,Ukraine: International armed conflict (IAC) - Kherson Oblast - 2025,,,2025-01-01,2025-12-31,,,,,,"Ministry of Development of Communities, Territories and Infrastructure",,"Kherson Oblast, Ukraine","46.678699, 33.35677",State/Region/Province (ADM1),Origin,Displacement without preventive evacuations reported,2026-01-02T08:58:33.107360Z,"Ukraine: 200 displacements (evacuated), 15 November - 24 December. According to the Ministry of Development of Communities, Territories and Infrastructure of Ukraine, between 15 November and 24 December, more than 200 people were evacuated from Kherson Oblast due to the International Armed Conflict. Ministry of Development of Communities, Territories and Infrastructure - 24 December 2025",,Conflict
218782,Ukraine,UKR,47.14571,35.73764,"[47.14571, 35.73764]",Recommended figure,Conflict,more than or equal to,1700,2025-12-24,2025-11-15,2025-12-24,2025,29232,Ukraine: International armed conflict (IAC) - Zaporizhia Oblast - 2025,,,2025-01-01,2025-12-31,,,,,,"Ministry of Development of Communities, Territories and Infrastructure",,"Zaporizhia Oblast, Ukraine","47.14571, 35.73764",State/Region/Province (ADM1),Origin,Displacement without preventive evacuations reported,2026-01-02T09:03:28.195892Z,"Ukraine: 1,700 displacements (evacuated), 15 November - 24 December. According to the Ministry of Development of Communities, Territories and Infrastructure of Ukraine, between 15 November and 24 December, more than 1,700 people were evacuated from Zaporizhia Oblast due to the International Armed Conflict. Ministry of Development of Communities, Territories and Infrastructure - 24 December 2025",,Conflict
207615,Ukraine,UKR,47.96067,37.834438,"[47.96067, 37.834438]",Recommended figure,Conflict,more than or equal to,1300,2025-11-14,2025-11-10,2025-11-14,2025,29205,Ukraine: International armed conflict (IAC) - Donetsk Oblast - 2025,,,2025-01-01,2025-12-31,,,,,,"Ministry of Development of Communities, Territories and Infrastructure",,"Donetsk Oblast, Ukraine","47.96067, 37.834438",State/Region/Province (ADM1),Origin,Displacement without preventive evacuations reported,2025-11-17T09:31:00.423462Z,"Ukraine: 1,300 displacements (evacuated), 10 November - 14 November. According to the Ministry of Development of Communities, Territories and Infrastructure of Ukraine, between 10 and 14 November, more than 1,300 people were evacuated from Donetsk Oblast due to the International Armed Conflict. Ministry of Development of Communities, Territories and Infrastructure - 14 November 2025",,Conflict
207616,Ukraine,UKR,48.324242,35.165649,"[48.324242, 35.165649]",Recommended figure,Conflict,approximately,800,2025-11-14,2025-11-10,2025-11-14,2025,29199,Ukraine: International armed conflict (IAC) - Dnipropetrovsk Oblast - 2025,,,2025-01-01,2025-12-31,,,,,,"Ministry of Development of Communities, Territories and Infrastructure",,"Dnipropetrovsk Oblast, Ukraine","48.324242, 35.165649",State/Region/Province (ADM1),Origin,Displacement without preventive evacuations reported,2025-11-17T09:34:33.742627Z,"Ukraine: 800 displacements (evacuated), 10 November - 14 November. According to the Ministry of Development of Communities, Territories and Infrastructure of Ukraine, between 10 and 14 November, about 800 people were evacuated from Dnipropetrovsk Oblast due to the International Armed Conflict. Ministry of Development of Communities, Territories and Infrastructure - 14 November 2025",,Conflict
207617,Ukraine,UKR,49.495609,36.663502,"[49.495609, 36.663502]",Recommended figure,Conflict,more than or equal to,300,2025-11-14,2025-11-10,2025-11-14,2025,29204,Ukraine: International armed conflict (IAC) - Kharkiv Oblast - 2025,,,2025-01-01,2025-12-31,,,,,,"Ministry of Development of Communities, Territories and Infrastructure",,"Kharkiv Oblast, Ukraine","49.495609, 36.663502",State/Region/Province (ADM1),Origin,Displacement without preventive evacuations reported,2025-11-17T09:37:19.183049Z,"Ukraine: 300 displacements (evacuated), 10 November - 14 November. According to the Ministry of Development of Communities, Territories and Infrastructure of Ukraine, between 10 and 14 November, more than 300 people were evacuated from Kharkiv Oblast due to the International Armed Conflict. Ministry of Development of Communities, Territories and Infrastructure - 14 November 2025",,Conflict
207618,Ukraine,UKR,47.14571,35.73764,"[47.14571, 35.73764]",Recommended figure,Conflict,more than or equal to,200,2025-11-14,2025-11-10,2025-11-14,2025,29232,Ukraine: International armed conflict (IAC) - Zaporizhia Oblast - 2025,,,2025-01-01,2025-12-31,,,,,,"Ministry of Development of Communities, Territories and Infrastructure",,"Zaporizhia Oblast, Ukraine","47.14571, 35.73764",State/Region/Province (ADM1),Origin,Displacement without preventive evacuations reported,2025-11-17T09:39:06.105650Z,"Ukraine: 200 displacements (evacuated), 10 November - 14 November. According to the Ministry of Development of Communities, Territories and Infrastructure of Ukraine, between 10 and 14 November, more than 200 people were evacuated from Zaporizhia Oblast due to the International Armed Conflict. Ministry of Development of Communities, Territories and Infrastructure - 14 November 2025",,Conflict
207221,Ukraine,UKR,49.495609,36.663502,"[49.495609, 36.663502]",Recommended figure,Conflict,more than or equal to,300,2025-11-09,2025-11-01,2025-11-09,2025,29204,Ukraine: International armed conflict (IAC) - Kharkiv Oblast - 2025,,,2025-01-01,2025-12-31,,,,,,"Ministry of Development of Communities, Territories and Infrastructure",,"Kharkiv Oblast, Ukraine","49.495609, 36.663502",State/Region/Province (ADM1),Origin,Displacement without preventive evacuations reported,2025-11-10T09:26:04.631257Z,"Ukraine: 300 displacements (evacuated), 01 November - 09 November. According to the Ministry of Development of Communities, Territories and Infrastructure of Ukraine, between 1 and 9 November, more than 300 people were evacuated from Kharkiv Oblast due to the International Armed Conflict. Ministry of Development of Communities, Territories and Infrastructure - 09 November 2025",,Conflict
207218,Ukraine,UKR,48.324242,35.165649,"[48.324242, 35.165649]",Recommended figure,Conflict,more than or equal to,700,2025-11-09,2025-11-01,2025-11-09,2025,29199,Ukraine: International armed conflict (IAC) - Dnipropetrovsk Oblast - 2025,,,2025-01-01,2025-12-31,,,,,,"Ministry of Development of Communities, Territories and Infrastructure",,"Dnipropetrovsk Oblast, Ukraine","48.324242, 35.165649",State/Region/Province (ADM1),Origin,Displacement without preventive evacuations reported,2025-11-10T09:20:16.725779Z,"Ukraine: 700 displacements (evacuated), 01 November - 09 November. According to the Ministry of Development of Communities, Territories and Infrastructure of Ukraine, between 1 and 9 November, more than 700 people were evacuated from Dnipropetrovsk Oblast due to the International Armed Conflict. Ministry of Development of Communities, Territories and Infrastructure - 09 November 2025",,Conflict
207215,Ukraine,UKR,47.96067,37.834438,"[47.96067, 37.834438]",Recommended figure,Conflict,more than or equal to,1400,2025-11-09,2025-11-01,2025-11-09,2025,29205,Ukraine: International armed conflict (IAC) - Donetsk Oblast - 2025,,,2025-01-01,2025-12-31,,,,,,"Ministry of Development of Communities, Territories and Infrastructure",,"Donetsk Oblast, Ukraine","47.96067, 37.834438",State/Region/Province (ADM1),Origin,Displacement without preventive evacuations reported,2025-11-10T09:15:37.039253Z,"Ukraine: 1,400 displacements (evacuated), 01 November - 09 November. According to the Ministry of Development of Communities, Territories and Infrastructure of Ukraine, between 1 and 9 November, more than 1,400 people were evacuated from Donetsk Oblast due to the International Armed Conflict. Ministry of Development of Communities, Territories and Infrastructure - 09 November 2025",,Conflict
207220,Ukraine,UKR,46.678699,33.35677,"[46.678699, 33.35677]",Recommended figure,Conflict,more than or equal to,50,2025-11-09,2025-11-01,2025-11-09,2025,29233,Ukraine: International armed conflict (IAC) - Kherson Oblast - 2025,,,2025-01-01,2025-12-31,,,,,,"Ministry of Development of Communities, Territories and Infrastructure",,"Kherson Oblast, Ukraine","46.678699, 33.35677",State/Region/Province (ADM1),Origin,Displacement without preventive evacuations reported,2025-11-10T09:22:55.431140Z,"Ukraine: 50 displacements (evacuated), 01 November - 09 November. According to the Ministry of Development of Communities, Territories and Infrastructure of Ukraine, between 1 and 9 November, more than 50 people were evacuated from Kherson Oblast due to the International Armed Conflict. Ministry of Development of Communities, Territories and Infrastructure - 09 November 2025",,Conflict
204329,Ukraine,UKR,46.678699,33.35677,"[46.678699, 33.35677]",Recommended figure,Conflict,more than or equal to,50,2025-10-31,2025-10-25,2025-10-31,2025,29233,Ukraine: International armed conflict (IAC) - Kherson Oblast - 2025,,,2025-01-01,2025-12-31,,,,,,"Ministry of Development of Communities, Territories and Infrastructure",,"Kherson Oblast, Ukraine","46.678699, 33.35677",State/Region/Province (ADM1),Origin,Displacement without preventive evacuations reported,2025-11-05T08:31:03.832683Z,"Ukraine: 50 displacements (evacuated), 25 October - 31 October. According to the Ministry of Development of Communities, Territories and Infrastructure of Ukraine, between 25 October and 31 October, more than 50 people were evacuated from Kherson Oblast due to the International Armed Conflict. Ministry of Development of Communities, Territories and Infrastructure - 31 October 2025",,Conflict
204328,Ukraine,UKR,48.324242,35.165649,"[48.324242, 35.165649]",Recommended figure,Conflict,more than or equal to,1400,2025-10-31,2025-10-25,2025-10-31,2025,29199,Ukraine: International armed conflict (IAC) - Dnipropetrovsk Oblast - 2025,,,2025-01-01,2025-12-31,,,,,,"Ministry of Development of Communities, Territories and Infrastructure",,"Dnipropetrovsk Oblast, Ukraine","48.324242, 35.165649",State/Region/Province (ADM1),Origin,Displacement without preventive evacuations reported,2025-11-05T08:26:34.510552Z,"Ukraine: 1,400 displacements (evacuated), 25 October - 31 October. According to the Ministry of Development of Communities, Territories and Infrastructure of Ukraine, between 25 October and 31 October, more than 1,400 people were evacuated from Dnipropetrovsk Oblast due to the International Armed Conflict. Ministry of Development of Communities, Territories and Infrastructure - 31 October 2025",,Conflict
204327,Ukraine,UKR,47.96067,37.834438,"[47.96067, 37.834438]",Recommended figure,Conflict,more than or equal to,1600,2025-10-31,2025-10-25,2025-10-31,2025,29205,Ukraine: International armed conflict (IAC) - Donetsk Oblast - 2025,,,2025-01-01,2025-12-31,,,,,,"Ministry of Development of Communities, Territories and Infrastructure",,"Donetsk Oblast, Ukraine","47.96067, 37.834438",State/Region/Province (ADM1),Origin,Displacement without preventive evacuations reported,2025-11-05T08:24:05.464987Z,"Ukraine: 1,600 displacements (evacuated), 25 October - 31 October. According to the Ministry of Development of Communities, Territories and Infrastructure of Ukraine, between 25 October and 31 October, more than 1,600 people were evacuated from Donetsk Oblast due to the International Armed Conflict. Ministry of Development of Communities, Territories and Infrastructure - 31 October 2025",,Conflict
204330,Ukraine,UKR,49.495609,36.663502,"[49.495609, 36.663502]",Recommended figure,Conflict,more than or equal to,200,2025-10-31,2025-10-25,2025-10-31,2025,29204,Ukraine: International armed conflict (IAC) - Kharkiv Oblast - 2025,,,2025-01-01,2025-12-31,,,,,,"Ministry of Development of Communities, Territories and Infrastructure",,"Kharkiv Oblast, Ukraine","49.495609, 36.663502",State/Region/Province (ADM1),Origin,Displacement without preventive evacuations reported,2025-11-05T08:33:33.699048Z,"Ukraine: 200 displacements (evacuated), 25 October - 31 October. According to the Ministry of Development of Communities, Territories and Infrastructure of Ukraine, between 25 October and 31 October, more than 200 people were evacuated from Kharkiv Oblast due to the International Armed Conflict. Ministry of Development of Communities, Territories and Infrastructure - 31 October 2025",,Conflict
195937,Ukraine,UKR,49.495609,36.663502,"[49.495609, 36.663502]",Recommended figure,Conflict,less than or equal to,1200,2025-10-24,2025-10-04,2025-10-24,2025,29204,Ukraine: International armed conflict (IAC) - Kharkiv Oblast - 2025,,,2025-01-01,2025-12-31,,,,,,"Ministry of Development of Communities, Territories and Infrastructure",,"Kharkiv Oblast, Ukraine","49.495609, 36.663502",State/Region/Province (ADM1),Origin,Displacement without preventive evacuations reported,2025-10-27T09:14:22.338976Z,"Ukraine: 1,200 displacements (evacuated), 04 October - 24 October. According to the Ministry of Development of Communities, Territories and Infrastructure of Ukraine, between 4 October and 24 October, almost 1,200 people were evacuated from Kharkiv Oblast due to the International Armed Conflict Ministry of Development of Communities, Territories and Infrastructure - 24 October 2025",,Conflict
195933,Ukraine,UKR,47.96067,37.834438,"[47.96067, 37.834438]",Recommended figure,Conflict,more than or equal to,6400,2025-10-24,2025-10-04,2025-10-24,2025,29205,Ukraine: International armed conflict (IAC) - Donetsk Oblast - 2025,,,2025-01-01,2025-12-31,,,,,,"Ministry of Development of Communities, Territories and Infrastructure",,"Donetsk Oblast, Ukraine","47.96067, 37.834438",State/Region/Province (ADM1),Origin,Displacement without preventive evacuations reported,2025-10-27T08:59:31.167481Z,"Ukraine: 6,400 displacements (evacuated), 04 October - 24 October. According to the Ministry of Development of Communities, Territories and Infrastructure of Ukraine, between 4 October and 24 October, more than 6,400 people were evacuated from Donetsk Oblast due to the International Armed Conflict. Ministry of Development of Communities, Territories and Infrastructure - 24 October 2025",,Conflict
195936,Ukraine,UKR,46.678699,33.35677,"[46.678699, 33.35677]",Recommended figure,Conflict,more than or equal to,100,2025-10-24,2025-10-04,2025-10-24,2025,29233,Ukraine: International armed conflict (IAC) - Kherson Oblast - 2025,,,2025-01-01,2025-12-31,,,,,,"Ministry of Development of Communities, Territories and Infrastructure",,"Kherson Oblast, Ukraine","46.678699, 33.35677",State/Region/Province (ADM1),Origin,Displacement without preventive evacuations reported,2025-10-27T09:12:17.184763Z,"Ukraine: 100 displacements (evacuated), 04 October - 24 October. According to the Ministry of Development of Communities, Territories and Infrastructure of Ukraine, between 4 October and 24 October, more than 100 people were evacuated from Kherson Oblast due to the International Armed Conflict. Ministry of Development of Communities, Territories and Infrastructure - 24 October 2025",,Conflict
195935,Ukraine,UKR,51.237358,33.808262,"[51.237358, 33.808262]",Recommended figure,Conflict,more than or equal to,1100,2025-10-24,2025-10-04,2025-10-24,2025,29209,Ukraine: International armed conflict (IAC) - Sumy Oblast - 2025,,,2025-01-01,2025-12-31,,,,,,"Ministry of Development of Communities, Territories and Infrastructure",,"Sumy Oblast, Ukraine","51.237358, 33.808262",State/Region/Province (ADM1),Origin,Displacement without preventive evacuations reported,2025-10-27T09:10:43.053453Z,"Ukraine: 1,100 displacements (evacuated), 04 October - 24 October. According to the Ministry of Development of Communities, Territories and Infrastructure of Ukraine, between 4 October and 24 October, more than 1,100 people were evacuated from Sumy Oblast due to the International Armed Conflict. Ministry of Development of Communities, Territories and Infrastructure - 24 October 2025",,Conflict
195934,Ukraine,UKR,48.324242,35.165649,"[48.324242, 35.165649]",Recommended figure,Conflict,more than or equal to,4000,2025-10-24,2025-10-04,2025-10-24,2025,29199,Ukraine: International armed conflict (IAC) - Dnipropetrovsk Oblast - 2025,,,2025-01-01,2025-12-31,,,,,,"Ministry of Development of Communities, Territories and Infrastructure",,"Dnipropetrovsk Oblast, Ukraine","48.324242, 35.165649",State/Region/Province (ADM1),Origin,Displacement without preventive evacuations reported,2025-10-27T09:02:32.331000Z,"Ukraine: 4,000 displacements (evacuated), 04 October - 24 October. According to the Ministry of Development of Communities, Territories and Infrastructure of Ukraine, between 4 October and 24 October, more than 4000 people were evacuated from Dnipropetrovsk Oblast due to the International Armed Conflict. Ministry of Development of Communities, Territories and Infrastructure - 24 October 2025",,Conflict
193841,Ukraine,UKR,49.28577,32.0396135,"[49.28577, 32.0396135]",Triangulation,Conflict,total,8,2025-09-30,2025-09-30,2025-09-30,2025,29205,Ukraine: International armed conflict (IAC) - Donetsk Oblast - 2025,,,2025-01-01,2025-12-31,,,,,,National Police of Ukraine,,"Donetsk Oblast, Ukraine; Rivne, Rivne Oblast, Ukraine","47.96067, 37.834438; 50.61087, 26.244789",State/Region/Province (ADM1); County/City/town/Village/Woreda (ADM3),Origin; Destination,Displacement without preventive evacuations reported,2025-10-03T07:49:10.231700Z,"Ukraine: 8 displacements (evacuated), 30 September - 30 September. According to government, a total of 8 people were evacuated from Donetsk Oblast, Ukraine, towards Rivne, Rivne Oblast, Ukraine due to international armed conflict (IAC) on 30 September. National Police of Ukraine - 30 September 2025",,Conflict
193840,Ukraine,UKR,48.77212088888889,37.65239888888888,"[48.77212088888889, 37.65239888888888]",Triangulation,Conflict,total,28,2025-09-29,2025-09-29,2025-09-29,2025,29205,Ukraine: International armed conflict (IAC) - Donetsk Oblast - 2025,,,2025-01-01,2025-12-31,,,,,,National Police of Ukraine,,"Druzhkivka, Druzhkivka Municipality, Donetsk Oblast, Ukraine; Kostiantynivka, Kostiantynivka Municipality, Donetsk Oblast, Ukraine; Kramatorsk, Kramatorsk Municipality, Donetsk Oblast, Ukraine; Lyman, Лиманська об'єднана територіальна громада, Donetsk Oblast, Ukraine; Nykyforivka, Никифорівська сільська рада, Bakhmut Raion, Donetsk Oblast, Ukraine; Sloviansk, Donetsk Oblast, Ukraine; Sviatohirsk, Sloviansk Municipality, Donetsk Oblast, Ukraine; Zakitne, Лиманська об'єднана територіальна громада, Donetsk Oblast, Ukraine; Zolotyi Kolodiaz, Золотоколодязька сільська рада, Dobropillia Raion, Donetsk Oblast, Ukraine","48.621689, 37.532261; 48.531639, 37.716228; 48.728809, 37.567101; 48.985458, 37.802979; 48.768391, 37.902649; 48.848911, 37.58844; 49.04063, 37.56147; 48.89645, 37.967491; 48.527111, 37.232971",County/City/town/Village/Woreda (ADM3); County/City/town/Village/Woreda (ADM3); County/City/town/Village/Woreda (ADM3); County/City/town/Village/Woreda (ADM3); County/City/town/Village/Woreda (ADM3); County/City/town/Village/Woreda (ADM3); County/City/town/Village/Woreda (ADM3); County/City/town/Village/Woreda (ADM3); County/City/town/Village/Woreda (ADM3),Origin; Origin; Origin; Origin; Origin; Origin; Origin; Origin; Origin,,2025-10-03T07:45:57.332033Z,"Ukraine: 28 displacements (destroyed housing), 29 September - 29 September. A total of 11 households were displaced due to destroyed housing due to international armed conflict (IAC) on 29 September in 10 settlements of Donetsk Oblast, Ukraine, according to the National Police of Ukraine. National Police of Ukraine - 30 September 2025",,Conflict
193556,Ukraine,UKR,50.544601,30.21451,"[50.544601, 30.21451]",Recommended figure,Conflict,total,8,2025-09-28,2025-09-28,2025-09-28,2025,29231,Ukraine: International armed conflict (IAC) - Kyiv - 2025,,,2025-01-01,2025-12-31,,,,,,National Police of Ukraine,,"Bucha, Kyiv Oblast, Ukraine","50.544601, 30.21451",County/City/town/Village/Woreda (ADM3),Origin,,2025-09-29T08:47:55.271792Z,"Ukraine: 8 displacements (destroyed housing), 28 September - 28 September. A total of 3 households were displaced due to destroyed housing due to international armed conflict (IAC) on 28 September in Bucha, Kyiv Oblast, Ukraine, according to the National Police. National Police of Ukraine - 28 September 2025",,Conflict
193595,Ukraine,UKR,48.592626583333335,37.488157333333334,"[48.592626583333335, 37.488157333333334]",Triangulation,Conflict,total,58,2025-09-28,2025-09-28,2025-09-28,2025,29205,Ukraine: International armed conflict (IAC) - Donetsk Oblast - 2025,,,2025-01-01,2025-12-31,,,,,,National Police of Ukraine,,"Druzhkivka, Druzhkivka Municipality, Donetsk Oblast, Ukraine; Ivanopillia, Іванопільська сільська рада, Donetsk Oblast, Ukraine; Kostiantynivka, Kostiantynivka Municipality, Donetsk Oblast, Ukraine; Kramatorsk, Kramatorsk Municipality, Donetsk Oblast, Ukraine; Lyman, Лиманська об'єднана територіальна громада, Donetsk Oblast, Ukraine; Novomykolaivka, Druzhkivka Municipality, Donetsk Oblast, Ukraine; Oleksiievo-Druzhkivka, Druzhkivka Municipality, Donetsk Oblast, Ukraine; Pokrovsk Municipality, Donetsk Oblast, Ukraine; Sloviansk, Donetsk Oblast, Ukraine; Spasko-Mykhailivka, Спасько-Михайлівська сільська рада, Oleksandrivka Raion, Donetsk Oblast, Ukraine; Vodianske, Світлівська сільська рада, Donetsk Oblast, Ukraine; Іллінівка, Іллінівська сільська рада, Kostiantynivka Raion, Donetsk Oblast, Ukraine","48.621689, 37.532261; 48.468159, 37.77528; 48.531639, 37.716228; 48.728809, 37.567101; 48.985458, 37.802979; 48.562271, 37.37138; 48.577671, 37.61491; 48.309792, 37.17038; 48.848911, 37.58844; 48.573929, 36.945549; 48.409199, 37.103931; 48.493992, 37.669449",County/City/town/Village/Woreda (ADM3); County/City/town/Village/Woreda (ADM3); County/City/town/Village/Woreda (ADM3); County/City/town/Village/Woreda (ADM3); County/City/town/Village/Woreda (ADM3); County/City/town/Village/Woreda (ADM3); County/City/town/Village/Woreda (ADM3); District/Zone/Department (ADM2); County/City/town/Village/Woreda (ADM3); County/City/town/Village/Woreda (ADM3); County/City/town/Village/Woreda (ADM3); County/City/town/Village/Woreda (ADM3),Origin; Origin; Origin; Origin; Origin; Origin; Origin; Origin; Origin; Origin; Origin; Origin,,2025-09-30T07:20:32.589541Z,"Ukraine: 58 displacements (destroyed housing), 28 September - 28 September. According to government, a total of 23 households were displaced due to destroyed housing in 12 settlements in Donetsk Oblast, Ukraine due to international armed conflict (IAC) on 28 September. National Police of Ukraine - 29 September 2025",,Conflict
193560,Ukraine,UKR,47.14571,35.73764,"[47.14571, 35.73764]",Triangulation,Conflict,total,3,2025-09-28,2025-09-28,2025-09-28,2025,29232,Ukraine: International armed conflict (IAC) - Zaporizhia Oblast - 2025,,,2025-01-01,2025-12-31,,,,,,National Police of Ukraine,,"Zaporizhia Oblast, Ukraine","47.14571, 35.73764",State/Region/Province (ADM1),Origin,,2025-09-29T09:06:49.439368Z,"Ukraine: 3 displacements (destroyed housing), 28 September - 28 September. A total of 1 household were displaced due to destroyed housing due to international armed conflict (IAC) on 28 September in Zaporizhia Oblast, Ukraine, according to the National Police. National Police of Ukraine - 28 September 2025",,Conflict
193558,Ukraine,UKR,48.587070875,37.640357,"[48.587070875, 37.640357]",Triangulation,Conflict,total,78,2025-09-27,2025-09-27,2025-09-27,2025,29205,Ukraine: International armed conflict (IAC) - Donetsk Oblast - 2025,,,2025-01-01,2025-12-31,,,,,,National Police of Ukraine,,"Druzhkivka, Druzhkivka Municipality, Donetsk Oblast, Ukraine; Iverske, Іверська сільська рада, Oleksandrivka Raion, Donetsk Oblast, Ukraine; Kostiantynivka, Kostiantynivka Municipality, Donetsk Oblast, Ukraine; Lyman, Лиманська об'єднана територіальна громада, Donetsk Oblast, Ukraine; Mykolaivka, Khartsyzk Municipality, Donetsk Oblast, Ukraine; Oleksiievo-Druzhkivka, Druzhkivka Municipality, Donetsk Oblast, Ukraine; Sloviansk, Donetsk Oblast, Ukraine; Іллінівка, Іллінівська сільська рада, Kostiantynivka Raion, Donetsk Oblast, Ukraine","48.621689, 37.532261; 48.638329, 36.9547; 48.531639, 37.716228; 48.985458, 37.802979; 47.998878, 38.243889; 48.577671, 37.61491; 48.848911, 37.58844; 48.493992, 37.669449",County/City/town/Village/Woreda (ADM3); County/City/town/Village/Woreda (ADM3); County/City/town/Village/Woreda (ADM3); County/City/town/Village/Woreda (ADM3); County/City/town/Village/Woreda (ADM3); County/City/town/Village/Woreda (ADM3); County/City/town/Village/Woreda (ADM3); County/City/town/Village/Woreda (ADM3),Origin; Origin; Origin; Origin; Origin; Origin; Origin; Origin,,2025-09-29T08:57:46.666138Z,"Ukraine: 78 displacements (destroyed housing), 27 September - 27 September. A total of 31 households were displaced due to destroyed housing due to international armed conflict (iac) on 27 September in 8 settlements of Donetsk Oblast, Ukraine, according to the National Police. National Police of Ukraine - 28 September 2025",,Conflict
193564,Ukraine,UKR,48.596213090909096,37.612711545454545,"[48.596213090909096, 37.612711545454545]",Triangulation,Conflict,total,192,2025-09-26,2025-09-26,2025-09-26,2025,29205,Ukraine: International armed conflict (IAC) - Donetsk Oblast - 2025,,,2025-01-01,2025-12-31,,,,,,National Police of Ukraine,,"Dobropillia, Dobropillia Municipality, Donetsk Oblast, Ukraine; Druzhkivka, Druzhkivka Municipality, Donetsk Oblast, Ukraine; Hromova Balka, Очеретинська сільська рада, Oleksandrivka Raion, Donetsk Oblast, Ukraine; Kostiantynivka, Kostiantynivka Municipality, Donetsk Oblast, Ukraine; Kramatorsk, Kramatorsk Municipality, Donetsk Oblast, Ukraine; Lyman, Лиманська об'єднана територіальна громада, Donetsk Oblast, Ukraine; Mykolaivka, Khartsyzk Municipality, Donetsk Oblast, Ukraine; Oleksiievo-Druzhkivka, Druzhkivka Municipality, Donetsk Oblast, Ukraine; Serhiivka, Іванівська сільська рада, Pokrovskii Raion, Donetsk Oblast, Ukraine; Siversk, Сіверська міська рада, Bakhmut Raion, Donetsk Oblast, Ukraine; Sloviansk, Donetsk Oblast, Ukraine","48.4702, 37.088558; 48.621689, 37.532261; 48.714142, 37.0821; 48.531639, 37.716228; 48.728809, 37.567101; 48.985458, 37.802979; 47.998878, 38.243889; 48.577671, 37.61491; 48.219028, 37.413231; 48.861919, 38.09013; 48.848911, 37.58844",County/City/town/Village/Woreda (ADM3); County/City/town/Village/Woreda (ADM3); County/City/town/Village/Woreda (ADM3); County/City/town/Village/Woreda (ADM3); County/City/town/Village/Woreda (ADM3); County/City/town/Village/Woreda (ADM3); County/City/town/Village/Woreda (ADM3); County/City/town/Village/Woreda (ADM3); County/City/town/Village/Woreda (ADM3); County/City/town/Village/Woreda (ADM3); County/City/town/Village/Woreda (ADM3),Origin; Origin; Origin; Origin; Origin; Origin; Origin; Origin; Origin; Origin; Origin,,2025-09-29T11:39:54.398178Z,"Ukraine: 192 displacements (destroyed housing), 26 September - 26 September. According to government, a total of 76 households were displaced due to destroyed housing in 12 settlements of the Donetsk Oblast, Ukraine due to international armed conflict (IAC) on 26 September. National Police of Ukraine - 26 September 2025",,Conflict
193562,Ukraine,UKR,49.28577,32.0396135,"[49.28577, 32.0396135]",Triangulation,Conflict,total,27,2025-09-27,2025-09-25,2025-09-27,2025,29205,Ukraine: International armed conflict (IAC) - Donetsk Oblast - 2025,,,2025-01-01,2025-12-31,,,,,,National Police of Ukraine,,"Donetsk Oblast, Ukraine; Rivne, Rivne Oblast, Ukraine","47.96067, 37.834438; 50.61087, 26.244789",State/Region/Province (ADM1); County/City/town/Village/Woreda (ADM3),Origin; Destination,Displacement without preventive evacuations reported,2025-09-29T09:36:02.413973Z,"Ukraine: 27 displacements (evacuated), 25 September - 27 September. According to the National Police of Ukraine, 27 people from Donetsk were evacuated towards Rivne due to military operations. National Police of Ukraine - 27 September 2025",,Conflict
193593,Ukraine,UKR,48.6144996,37.5749954,"[48.6144996, 37.5749954]",Triangulation,Conflict,total,81,2025-09-25,2025-09-25,2025-09-25,2025,29205,Ukraine: International armed conflict (IAC) - Donetsk Oblast - 2025,,,2025-01-01,2025-12-31,,,,,,National Police of Ukraine,,"Druzhkivka, Druzhkivka Municipality, Donetsk Oblast, Ukraine; Kostiantynivka, Kostiantynivka Municipality, Donetsk Oblast, Ukraine; Lyman, Лиманська об'єднана територіальна громада, Donetsk Oblast, Ukraine; Oleksiievo-Druzhkivka, Druzhkivka Municipality, Donetsk Oblast, Ukraine; Rodynske, Pokrovsk Municipality, Donetsk Oblast, Ukraine","48.621689, 37.532261; 48.531639, 37.716228; 48.985458, 37.802979; 48.577671, 37.61491; 48.356041, 37.208599",County/City/town/Village/Woreda (ADM3); County/City/town/Village/Woreda (ADM3); County/City/town/Village/Woreda (ADM3); County/City/town/Village/Woreda (ADM3); County/City/town/Village/Woreda (ADM3),Origin; Origin; Origin; Origin; Origin,,2025-09-30T07:14:45.143520Z,"Ukraine: 81 displacements (destroyed housing), 25 September - 25 September. According to government, a total of 32 households were displaced due to destroyed housing in 5 settlements in Donetsk Oblast, Ukraine due to international armed conflict (IAC) on 25 September. National Police of Ukraine - 26 September 2025",,Conflict
193444,Ukraine,UKR,47.477638,36.262272,"[47.477638, 36.262272]",Triangulation,Conflict,total,3,2025-09-24,2025-09-24,2025-09-24,2025,29232,Ukraine: International armed conflict (IAC) - Zaporizhia Oblast - 2025,,,2025-01-01,2025-12-31,,,,,,National Police of Ukraine,,"Polohy, Polohy Raion, Zaporizhia Oblast, Ukraine","47.477638, 36.262272",County/City/town/Village/Woreda (ADM3),Origin,Displacement without preventive evacuations reported,2025-09-26T08:19:36.685064Z,"Ukraine: 3 displacements (evacuated), 24 September - 24 September. According to the National Police of Ukraine, 3 people were evacuated from Vozdvizhvka, Zaporizhia Oblast, due to military operations. National Police of Ukraine - 25 September 2025",,Conflict
193447,Ukraine,UKR,52.091251,33.16161,"[52.091251, 33.16161]",Recommended figure,Conflict,total,3,2025-09-24,2025-09-24,2025-09-24,2025,29202,Ukraine: International armed conflict (IAC) - Chernihiv Oblast - 2025,,,2025-01-01,2025-12-31,,,,,,National Police of Ukraine,,"Novhorod-Siverskyi Raion, Chernihiv Oblast, Ukraine","52.091251, 33.16161",District/Zone/Department (ADM2),Origin,,2025-09-26T08:34:58.007197Z,"Ukraine: 3 displacements (destroyed housing), 24 September - 24 September. According to the National Police of Ukraine, 1 residential building was destroyed in Novhorod-Siverskyi Raion, Chernihiv Oblast, due to military operations. This affects approximately 3 individuals. National Police of Ukraine - 25 September 2025",,Conflict
193375,Ukraine,UKR,51.237358,33.808262,"[51.237358, 33.808262]",Triangulation,Conflict,total,1,2025-09-24,2025-09-24,2025-09-24,2025,29209,Ukraine: International armed conflict (IAC) - Sumy Oblast - 2025,,,2025-01-01,2025-12-31,,,,,,National Police of Ukraine,,"Sumy Oblast, Ukraine","51.237358, 33.808262",State/Region/Province (ADM1),Origin,Displacement without preventive evacuations reported,2025-09-25T08:43:04.731911Z,"Ukraine: 1 displacement (evacuated), 24 September - 24 September. According to the National Police of Ukraine, 1 person was evacuate from a village in Sumy Oblast due to military operations. National Police of Ukraine - 24 September 2025",,Conflict
193445,Ukraine,UKR,48.5810466,37.5060604,"[48.5810466, 37.5060604]",Triangulation,Conflict,total,202,2025-09-24,2025-09-24,2025-09-24,2025,29205,Ukraine: International armed conflict (IAC) - Donetsk Oblast - 2025,,,2025-01-01,2025-12-31,,,,,,National Police of Ukraine,,"Dobropillia, Dobropillia Municipality, Donetsk Oblast, Ukraine; Druzhkivka, Druzhkivka Municipality, Donetsk Oblast, Ukraine; Kostiantynivka, Kostiantynivka Municipality, Donetsk Oblast, Ukraine; Kramatorsk, Kramatorsk Municipality, Donetsk Oblast, Ukraine; Lyman, Лиманська об'єднана територіальна громада, Donetsk Oblast, Ukraine; Mykolaivka, Khartsyzk Municipality, Donetsk Oblast, Ukraine; Nadezhdivka, Олександрівська селищна рада, Oleksandrivka Raion, Donetsk Oblast, Ukraine; Oleksiievo-Druzhkivka, Druzhkivka Municipality, Donetsk Oblast, Ukraine; Serhiivka, Сергіївська сільська рада, Pokrovskii Raion, Donetsk Oblast, Ukraine; Sloviansk, Donetsk Oblast, Ukraine","48.4702, 37.088558; 48.621689, 37.532261; 48.531639, 37.716228; 48.728809, 37.567101; 48.985458, 37.802979; 47.998878, 38.243889; 48.737122, 36.970539; 48.577671, 37.61491; 48.310089, 36.935699; 48.848911, 37.58844",County/City/town/Village/Woreda (ADM3); County/City/town/Village/Woreda (ADM3); County/City/town/Village/Woreda (ADM3); County/City/town/Village/Woreda (ADM3); County/City/town/Village/Woreda (ADM3); County/City/town/Village/Woreda (ADM3); County/City/town/Village/Woreda (ADM3); County/City/town/Village/Woreda (ADM3); County/City/town/Village/Woreda (ADM3); County/City/town/Village/Woreda (ADM3),Origin; Origin; Origin; Origin; Origin; Origin; Origin; Origin; Origin; Origin,,2025-09-26T08:26:21.681821Z,"Ukraine: 202 displacements (destroyed housing), 24 September - 24 September. According to the National Police of Ukraine, 80 residential buildings were destroyed in 10 settlements in Donetsk Oblast due to military operations. This impacts approximately 202 individuals. National Police of Ukraine - 25 September 2025",,Conflict
193373,Ukraine,UKR,48.7264629,37.693992,"[48.7264629, 37.693992]",Triangulation,Conflict,total,56,2025-09-23,2025-09-23,2025-09-23,2025,29205,Ukraine: International armed conflict (IAC) - Donetsk Oblast - 2025,,,2025-01-01,2025-12-31,,,,,,National Police of Ukraine,,"Druzhkivka, Druzhkivka Municipality, Donetsk Oblast, Ukraine; Kostiantynivka, Kostiantynivka Municipality, Donetsk Oblast, Ukraine; Lyman, Лиманська об'єднана територіальна громада, Donetsk Oblast, Ukraine; Malotaranivka, Kramatorsk Municipality, Donetsk Oblast, Ukraine; Oleksiievo-Druzhkivka, Druzhkivka Municipality, Donetsk Oblast, Ukraine; Riznykivka, Donetsk Oblast, Ukraine; Sloviansk, Donetsk Oblast, Ukraine; Yampil, Лиманська об'єднана територіальна громада, Donetsk Oblast, Ukraine; Yasnohirka, Kramatorsk Municipality, Donetsk Oblast, Ukraine; Іллінівка, Іллінівська сільська рада, Kostiantynivka Raion, Donetsk Oblast, Ukraine","48.621689, 37.532261; 48.531639, 37.716228; 48.985458, 37.802979; 48.662029, 37.509251; 48.577671, 37.61491; 48.834721, 38.01302; 48.848911, 37.58844; 48.931728, 37.941521; 48.776791, 37.551861; 48.493992, 37.669449",County/City/town/Village/Woreda (ADM3); County/City/town/Village/Woreda (ADM3); County/City/town/Village/Woreda (ADM3); County/City/town/Village/Woreda (ADM3); County/City/town/Village/Woreda (ADM3); County/City/town/Village/Woreda (ADM3); County/City/town/Village/Woreda (ADM3); County/City/town/Village/Woreda (ADM3); County/City/town/Village/Woreda (ADM3); County/City/town/Village/Woreda (ADM3),Origin; Origin; Origin; Origin; Origin; Origin; Origin; Origin; Origin; Origin,,2025-09-25T08:39:05.987426Z,"Ukraine: 56 displacements (destroyed housing), 23 September - 23 September. According to the National Police of Ukraine, 22 residential buildings were destroyed in 10 settlements in Donetsk on 23 September due to military operations. National Police of Ukraine - 24 September 2025",,Conflict
193114,Ukraine,UKR,48.396149,34.447971,"[48.396149, 34.447971]",Triangulation,Conflict,total,1,2025-09-23,2025-09-23,2025-09-23,2025,29199,Ukraine: International armed conflict (IAC) - Dnipropetrovsk Oblast - 2025,,,2025-01-01,2025-12-31,,,,,,National Police of Ukraine,,"Illinka, Krynychky Raion, Dnipropetrovsk Oblast, Ukraine","48.396149, 34.447971",County/City/town/Village/Woreda (ADM3),Origin,Displacement without preventive evacuations reported,2025-09-24T08:48:13.941841Z,"Ukraine: 1 displacement (evacuated), 23 September - 23 September. According to the National Police of Ukraine, one person was evacuated from Ilyinka, Dnipropetrovsk Oblast, due to military operations. National Police of Ukraine - 23 September 2025",,Conflict
193112,Ukraine,UKR,51.237358,33.808262,"[51.237358, 33.808262]",Triangulation,Conflict,approximately,3,2025-09-22,2025-09-22,2025-09-22,2025,29209,Ukraine: International armed conflict (IAC) - Sumy Oblast - 2025,,,2025-01-01,2025-12-31,,,,,,National Police of Ukraine,,"Sumy Oblast, Ukraine","51.237358, 33.808262",State/Region/Province (ADM1),Origin,,2025-09-24T08:35:43.131345Z,"Ukraine: 3 displacements (destroyed housing), 22 September - 22 September. According to the National Police of Ukraine, one residential building was destroyed in Sumy Oblast due to military operations. This impacts approximately 3 people. National Police of Ukraine - 22 September 2025",,Conflict
193118,Ukraine,UKR,48.53594314285715,37.515049285714284,"[48.53594314285715, 37.515049285714284]",Triangulation,Conflict,approximately,152,2025-09-22,2025-09-22,2025-09-22,2025,29205,Ukraine: International armed conflict (IAC) - Donetsk Oblast - 2025,,,2025-01-01,2025-12-31,,,,,,National Police of Ukraine,,"Berestok, Іллінівська сільська рада, Kostiantynivka Raion, Donetsk Oblast, Ukraine; Bilozerske, Dobropillia Municipality, Donetsk Oblast, Ukraine; Brusivka, Лиманська об'єднана територіальна громада, Donetsk Oblast, Ukraine; Dmytrivka, Дмитрівська сільська рада, Volnovakha Raion, Donetsk Oblast, Ukraine; Druzhkivka, Druzhkivka Municipality, Donetsk Oblast, Ukraine; Kostiantynivka, Kostiantynivka Municipality, Donetsk Oblast, Ukraine; Kramatorsk, Kramatorsk Municipality, Donetsk Oblast, Ukraine; Lyman, Лиманська об'єднана територіальна громада, Donetsk Oblast, Ukraine; Maiak, Makiivka Municipality, Donetsk Oblast, Ukraine; Oleksiievo-Druzhkivka, Druzhkivka Municipality, Donetsk Oblast, Ukraine; Prelesne, Прелесненська сільська рада, Sloviansk Raion, Donetsk Oblast, Ukraine; Raihorodok, Райгородоцька селищна рада, Sloviansk Raion, Donetsk Oblast, Ukraine; Serhiivka, Сергіївська сільська рада, Pokrovskii Raion, Donetsk Oblast, Ukraine; Spasko-Mykhailivka, Спасько-Михайлівська сільська рада, Oleksandrivka Raion, Donetsk Oblast, Ukraine","48.4785, 37.69593; 48.536999, 37.058121; 48.910519, 37.783089; 47.545429, 37.51894; 48.621689, 37.532261; 48.531639, 37.716228; 48.728809, 37.567101; 48.985458, 37.802979; 47.968121, 38.020981; 48.577671, 37.61491; 48.832161, 37.292992; 48.902191, 37.72591; 48.310089, 36.935699; 48.573929, 36.945549",County/City/town/Village/Woreda (ADM3); County/City/town/Village/Woreda (ADM3); County/City/town/Village/Woreda (ADM3); County/City/town/Village/Woreda (ADM3); County/City/town/Village/Woreda (ADM3); County/City/town/Village/Woreda (ADM3); County/City/town/Village/Woreda (ADM3); County/City/town/Village/Woreda (ADM3); County/City/town/Village/Woreda (ADM3); County/City/town/Village/Woreda (ADM3); County/City/town/Village/Woreda (ADM3); County/City/town/Village/Woreda (ADM3); County/City/town/Village/Woreda (ADM3); County/City/town/Village/Woreda (ADM3),Origin; Origin; Origin; Origin; Origin; Origin; Origin; Origin; Origin; Origin; Origin; Origin; Origin; Origin,,2025-09-24T09:03:03.621764Z,"Ukraine: 152 displacements (destroyed housing), 22 September - 22 September. According to the National Police of Ukraine, 60 residential buildings were destroyed in 14 settlements in Donetsk Oblast due to military operations. This impacts approximately 152 individuals. National Police of Ukraine - 23 September 2025",,Conflict
193115,Ukraine,UKR,47.619308,35.286819,"[47.619308, 35.286819]",Triangulation,Conflict,total,1,2025-09-22,2025-09-22,2025-09-22,2025,29232,Ukraine: International armed conflict (IAC) - Zaporizhia Oblast - 2025,,,2025-01-01,2025-12-31,,,,,,National Police of Ukraine,,"Приморське, Vasylivka Raion, Zaporizhia Oblast, Ukraine","47.619308, 35.286819",County/City/town/Village/Woreda (ADM3),Origin,Displacement without preventive evacuations reported,2025-09-24T08:54:19.343643Z,"Ukraine: 1 displacement (evacuated), 22 September - 22 September. According to the National Police of Ukraine, one person was evacuated from Primorske, Zaporizhia Oblast, due to military operations. National Police of Ukraine - 23 September 2025",,Conflict
193110,Ukraine,UKR,48.77146463636364,37.5295529090909,"[48.77146463636364, 37.5295529090909]",Triangulation,Conflict,approximately,56,2025-09-21,2025-09-21,2025-09-21,2025,29205,Ukraine: International armed conflict (IAC) - Donetsk Oblast - 2025,,,2025-01-01,2025-12-31,,,,,,National Police of Ukraine,,"Dobropillia, Dobropillia Municipality, Donetsk Oblast, Ukraine; Kostiantynivka, Kostiantynivka Municipality, Donetsk Oblast, Ukraine; Kramatorsk, Kramatorsk Municipality, Donetsk Oblast, Ukraine; Levadne, Олександрівська селищна рада, Oleksandrivka Raion, Donetsk Oblast, Ukraine; Lyman, Лиманська об'єднана територіальна громада, Donetsk Oblast, Ukraine; Orikhuvatka, Малинівська сільська рада, Sloviansk Raion, Donetsk Oblast, Ukraine; Raiske, Druzhkivka Municipality, Donetsk Oblast, Ukraine; Rubtsi, Лиманська об'єднана територіальна громада, Donetsk Oblast, Ukraine; Sloviansk, Donetsk Oblast, Ukraine; Sofiivka, Kramatorsk Municipality, Donetsk Oblast, Ukraine; Yampil, Лиманська об'єднана територіальна громада, Donetsk Oblast, Ukraine","48.4702, 37.088558; 48.531639, 37.716228; 48.728809, 37.567101; 48.685051, 36.81287; 48.985458, 37.802979; 48.80415, 37.770672; 48.577942, 37.46056; 49.179871, 37.566021; 48.848911, 37.58844; 48.742352, 37.510132; 48.931728, 37.941521",County/City/town/Village/Woreda (ADM3); County/City/town/Village/Woreda (ADM3); County/City/town/Village/Woreda (ADM3); County/City/town/Village/Woreda (ADM3); County/City/town/Village/Woreda (ADM3); County/City/town/Village/Woreda (ADM3); County/City/town/Village/Woreda (ADM3); County/City/town/Village/Woreda (ADM3); County/City/town/Village/Woreda (ADM3); County/City/town/Village/Woreda (ADM3); County/City/town/Village/Woreda (ADM3),Origin; Origin; Origin; Origin; Origin; Origin; Origin; Origin; Origin; Origin; Origin,,2025-09-24T08:25:57.080827Z,"Ukraine: 56 displacements (destroyed housing), 21 September - 21 September. According to the National Police of Ukraine, 22 residential buildings were destroyed in 11 settlements in Donetsk Oblast due to military operations. This impacts approximately 56 individuals. National Police of Ukraine - 22 September 2025",,Conflict
194929,Ukraine,UKR,46.678699,33.35677,"[46.678699, 33.35677]",Recommended figure,Conflict,approximately,100,2025-10-03,2025-09-20,2025-10-03,2025,29233,Ukraine: International armed conflict (IAC) - Kherson Oblast - 2025,,,2025-01-01,2025-12-31,,,,,,"Ministry of Development of Communities, Territories and Infrastructure",,"Kherson Oblast, Ukraine","46.678699, 33.35677",State/Region/Province (ADM1),Origin,Displacement without preventive evacuations reported,2025-10-15T09:28:08.290744Z,"Ukraine: 100 displacements (evacuated), 20 September - 03 October. According to the Ministry of Development of Communities, Territories and Infrastructure of Ukraine, between 20 September and 3 October, about 100 people were evacuated from Kherson Oblast due to the International Armed Conflict. Ministry of Development of Communities, Territories and Infrastructure - 03 October 2025",,Conflict
194928,Ukraine,UKR,51.237358,33.808262,"[51.237358, 33.808262]",Recommended figure,Conflict,more than or equal to,100,2025-10-03,2025-09-20,2025-10-03,2025,29209,Ukraine: International armed conflict (IAC) - Sumy Oblast - 2025,,,2025-01-01,2025-12-31,,,,,,"Ministry of Development of Communities, Territories and Infrastructure",,"Sumy Oblast, Ukraine","51.237358, 33.808262",State/Region/Province (ADM1),Origin,Displacement without preventive evacuations reported,2025-10-15T09:24:35.930271Z,"Ukraine: 100 displacements (evacuated), 20 September - 03 October. According to the Ministry of Development of Communities, Territories and Infrastructure of Ukraine, between 20 September and 3 October, more than 100 people were evacuated from Sumy Oblast due to the International Armed Conflict. Ministry of Development of Communities, Territories and Infrastructure - 03 October 2025",,Conflict
194930,Ukraine,UKR,49.495609,36.663502,"[49.495609, 36.663502]",Recommended figure,Conflict,total,1100,2025-10-03,2025-09-20,2025-10-03,2025,29204,Ukraine: International armed conflict (IAC) - Kharkiv Oblast - 2025,,,2025-01-01,2025-12-31,,,,,,"Ministry of Development of Communities, Territories and Infrastructure",,"Kharkiv Oblast, Ukraine","49.495609, 36.663502",State/Region/Province (ADM1),Origin,Displacement without preventive evacuations reported,2025-10-15T09:30:36.301498Z,"Ukraine: 1,100 displacements (evacuated), 20 September - 03 October. According to the Ministry of Development of Communities, Territories and Infrastructure of Ukraine, between 20 September and 3 October, 1,100 people were evacuated from Kharkiv Oblast due to the International Armed Conflict. Ministry of Development of Communities, Territories and Infrastructure - 03 October 2025",,Conflict
194931,Ukraine,UKR,47.14571,35.73764,"[47.14571, 35.73764]",Recommended figure,Conflict,less than or equal to,70,2025-10-03,2025-09-20,2025-10-03,2025,29232,Ukraine: International armed conflict (IAC) - Zaporizhia Oblast - 2025,,,2025-01-01,2025-12-31,,,,,,"Ministry of Development of Communities, Territories and Infrastructure",,"Zaporizhia Oblast, Ukraine","47.14571, 35.73764",State/Region/Province (ADM1),Origin,Displacement without preventive evacuations reported,2025-10-15T09:36:17.182971Z,"Ukraine: 70 displacements (evacuated), 20 September - 03 October. According to the Ministry of Development of Communities, Territories and Infrastructure of Ukraine, between 20 September and 3 October, almost 70 people were evacuated from Zaporizhia Oblast due to the International Armed Conflict. Ministry of Development of Communities, Territories and Infrastructure - 03 October 2025",,Conflict
194927,Ukraine,UKR,48.324242,35.165649,"[48.324242, 35.165649]",Recommended figure,Conflict,total,4100,2025-10-03,2025-09-20,2025-10-03,2025,29199,Ukraine: International armed conflict (IAC) - Dnipropetrovsk Oblast - 2025,,,2025-01-01,2025-12-31,,,,,,"Ministry of Development of Communities, Territories and Infrastructure",,"Dnipropetrovsk Oblast, Ukraine","48.324242, 35.165649",State/Region/Province (ADM1),Origin,Displacement without preventive evacuations reported,2025-10-15T09:18:59.386095Z,"Ukraine: 4,100 displacements (evacuated), 20 September - 03 October. According to the Ministry of Development of Communities, Territories and Infrastructure of Ukraine, between 20 September and 3 October, 4,100 people were evacuated from Dnipropetrovsk Oblast due to the International Armed Conflict. Ministry of Development of Communities, Territories and Infrastructure - 03 October 2025",,Conflict
194926,Ukraine,UKR,47.96067,37.834438,"[47.96067, 37.834438]",Recommended figure,Conflict,more than or equal to,5300,2025-10-03,2025-09-20,2025-10-03,2025,29205,Ukraine: International armed conflict (IAC) - Donetsk Oblast - 2025,,,2025-01-01,2025-12-31,,,,,,"Ministry of Development of Communities, Territories and Infrastructure",,"Donetsk Oblast, Ukraine","47.96067, 37.834438",State/Region/Province (ADM1),Origin,Displacement without preventive evacuations reported,2025-10-15T09:07:09.210970Z,"Ukraine: 5,300 displacements (evacuated), 20 September - 03 October. According to the Ministry of Development of Communities, Territories and Infrastructure of Ukraine, between 20 September and 3 October, more than 5,300 people were evacuated from Donetsk Oblast due to the International Armed Conflict. Ministry of Development of Communities, Territories and Infrastructure - 03 October 2025",,Conflict
193105,Ukraine,UKR,51.864502641052184,33.47439387696244,"[51.864502641052184, 33.47439387696244]",Triangulation,Conflict,total,2,2025-09-20,2025-09-20,2025-09-20,2025,29209,Ukraine: International armed conflict (IAC) - Sumy Oblast - 2025,,,2025-01-01,2025-12-31,,,,,,National Police of Ukraine,,"Znamenska Street, Шостка, Шосткинська міська рада, Sumy Oblast, Ukraine","51.864502641052184, 33.47439387696244",County/City/town/Village/Woreda (ADM3),Origin,Displacement without preventive evacuations reported,2025-09-24T07:28:14.315535Z,"Ukraine: 2 displacements (evacuated), 20 September - 20 September. According to the National Police of Ukraine, 2 people were evacuated from Druzhbivska, Sumy Oblast, due to military operations. National Police of Ukraine - 20 September 2025",,Conflict
193104,Ukraine,UKR,49.28577,32.0396135,"[49.28577, 32.0396135]",Triangulation,Conflict,total,29,2025-09-20,2025-09-20,2025-09-20,2025,29205,Ukraine: International armed conflict (IAC) - Donetsk Oblast - 2025,,,2025-01-01,2025-12-31,,,,,,National Police of Ukraine,,"Donetsk Oblast, Ukraine; Rivne, Rivne Oblast, Ukraine","47.96067, 37.834438; 50.61087, 26.244789",State/Region/Province (ADM1); County/City/town/Village/Woreda (ADM3),Origin; Destination,Displacement without preventive evacuations reported,2025-09-24T07:16:51.975157Z,"Ukraine: 29 displacements (evacuated), 20 September - 20 September. According to the National Police of Ukraine, 29 people were evacuated from Donetsk Oblast to Rivne Oblast due to military operations. National Police of Ukraine - 20 September 2025",,Conflict
193108,Ukraine,UKR,48.4503785,37.519776666666665,"[48.4503785, 37.519776666666665]",Triangulation,Conflict,approximately,25,2025-09-20,2025-09-20,2025-09-20,2025,29205,Ukraine: International armed conflict (IAC) - Donetsk Oblast - 2025,,,2025-01-01,2025-12-31,,,,,,National Police of Ukraine,,"Donetske, Райгородоцька селищна рада, Sloviansk Raion, Donetsk Oblast, Ukraine; Druzhkivka, Druzhkivka Municipality, Donetsk Oblast, Ukraine; Kostiantynivka, Kostiantynivka Municipality, Donetsk Oblast, Ukraine; Oleksiievo-Druzhkivka, Druzhkivka Municipality, Donetsk Oblast, Ukraine; Pokrovsk Municipality, Donetsk Oblast, Ukraine; Volodymyrivka, Володимирівська селищна рада, Volnovakha Raion, Donetsk Oblast, Ukraine","48.933361, 37.691101; 48.621689, 37.532261; 48.531639, 37.716228; 48.577671, 37.61491; 48.309792, 37.17038; 47.728119, 37.39378",County/City/town/Village/Woreda (ADM3); County/City/town/Village/Woreda (ADM3); County/City/town/Village/Woreda (ADM3); County/City/town/Village/Woreda (ADM3); District/Zone/Department (ADM2); County/City/town/Village/Woreda (ADM3),Origin; Origin; Origin; Origin; Origin; Origin,,2025-09-24T07:51:14.904237Z,"Ukraine: 25 displacements (destroyed housing), 20 September - 20 September. According to the National Police of Ukraine, 10 residential buildings were destroyed in 6 settlements in Donetsk Oblast due to military operations. This affects approximately 25 individuals. National Police of Ukraine - 21 September 2025",,Conflict
193106,Ukraine,UKR,48.59422300000001,37.47433683333333,"[48.59422300000001, 37.47433683333333]",Triangulation,Conflict,approximately,56,2025-09-19,2025-09-19,2025-09-19,2025,29205,Ukraine: International armed conflict (IAC) - Donetsk Oblast - 2025,,,2025-01-01,2025-12-31,,,,,,National Police of Ukraine,,"Druzhkivka, Druzhkivka Municipality, Donetsk Oblast, Ukraine; Kostiantynivka, Kostiantynivka Municipality, Donetsk Oblast, Ukraine; Kramatorsk, Kramatorsk Municipality, Donetsk Oblast, Ukraine; Kryvorizhzhia, Криворізька сільська рада, Dobropillia Raion, Donetsk Oblast, Ukraine; Pokrovsk Municipality, Donetsk Oblast, Ukraine; Yampil, Лиманська об'єднана територіальна громада, Donetsk Oblast, Ukraine","48.621689, 37.532261; 48.531639, 37.716228; 48.728809, 37.567101; 48.441681, 36.91853; 48.309792, 37.17038; 48.931728, 37.941521",County/City/town/Village/Woreda (ADM3); County/City/town/Village/Woreda (ADM3); County/City/town/Village/Woreda (ADM3); County/City/town/Village/Woreda (ADM3); District/Zone/Department (ADM2); County/City/town/Village/Woreda (ADM3),Origin; Origin; Origin; Origin; Origin; Origin,,2025-09-24T07:32:45.271726Z,"Ukraine: 56 displacements (destroyed housing), 19 September - 19 September. According to the National Police of Ukraine, 22 residential buildings were destroyed in 6 Settlements in Donestk Oblast due to military operations. This impacts approximately 56 people. National Police of Ukraine - 20 September 2025",,Conflict
193102,Ukraine,UKR,48.62061685714285,37.49902071428571,"[48.62061685714285, 37.49902071428571]",Triangulation,Conflict,approximately,106,2025-09-18,2025-09-18,2025-09-18,2025,29205,Ukraine: International armed conflict (IAC) - Donetsk Oblast - 2025,,,2025-01-01,2025-12-31,,,,,,National Police of Ukraine,,"Berestok, Іллінівська сільська рада, Kostiantynivka Raion, Donetsk Oblast, Ukraine; Bilokuzmynivka, Білокузьминівська сільська рада, Donetsk Oblast, Ukraine; Druzhkivka, Druzhkivka Municipality, Donetsk Oblast, Ukraine; Hryshyne, Гришинська сільська рада, Pokrovskii Raion, Donetsk Oblast, Ukraine; Iverske, Іверська сільська рада, Oleksandrivka Raion, Donetsk Oblast, Ukraine; Kostiantynivka, Kostiantynivka Municipality, Donetsk Oblast, Ukraine; Kramatorsk, Kramatorsk Municipality, Donetsk Oblast, Ukraine; Lyman, Лиманська об'єднана територіальна громада, Donetsk Oblast, Ukraine; Malynivka, Златоустівська сільська рада, Volnovakha Raion, Donetsk Oblast, Ukraine; Oleksandrivka, Олександрівська селищна рада, Oleksandrivka Raion, Donetsk Oblast, Ukraine; Oleksiievo-Druzhkivka, Druzhkivka Municipality, Donetsk Oblast, Ukraine; Sloviansk, Donetsk Oblast, Ukraine; Yatskivka, Лиманська об'єднана територіальна громада, Donetsk Oblast, Ukraine; Озерне, Лиманська об'єднана територіальна громада, Donetsk Oblast, Ukraine","48.4785, 37.69593; 48.654888, 37.677029; 48.621689, 37.532261; 48.326641, 37.080509; 48.638329, 36.9547; 48.531639, 37.716228; 48.728809, 37.567101; 48.985458, 37.802979; 47.513119, 37.38512; 48.708832, 36.913311; 48.577671, 37.61491; 48.848911, 37.58844; 49.17532, 37.541962; 48.89883, 37.91581",County/City/town/Village/Woreda (ADM3); County/City/town/Village/Woreda (ADM3); County/City/town/Village/Woreda (ADM3); County/City/town/Village/Woreda (ADM3); County/City/town/Village/Woreda (ADM3); County/City/town/Village/Woreda (ADM3); County/City/town/Village/Woreda (ADM3); County/City/town/Village/Woreda (ADM3); County/City/town/Village/Woreda (ADM3); County/City/town/Village/Woreda (ADM3); County/City/town/Village/Woreda (ADM3); County/City/town/Village/Woreda (ADM3); County/City/town/Village/Woreda (ADM3); County/City/town/Village/Woreda (ADM3),Origin; Origin; Origin; Origin; Origin; Origin; Origin; Origin; Origin; Origin; Origin; Origin; Origin; Origin,,2025-09-24T07:11:24.098221Z,"Ukraine: 106 displacements (destroyed housing), 18 September - 18 September. According to the National Police of Ukraine, 42 residential buildings were destroyed in 14 settlements in Donestk Oblast during military operations. This affects approximately 106 individuals. National Police of Ukraine - 19 September 2025",,Conflict
192862,Ukraine,UKR,48.81570254545454,37.468174363636365,"[48.81570254545454, 37.468174363636365]",Triangulation,Conflict,approximately,129,2025-09-18,2025-09-17,2025-09-18,2025,29205,Ukraine: International armed conflict (IAC) - Donetsk Oblast - 2025,,,2025-01-01,2025-12-31,,,,,,National Police of Ukraine,,"Dobropillia, Dobropillia Municipality, Donetsk Oblast, Ukraine; Donetske, Райгородоцька селищна рада, Sloviansk Raion, Donetsk Oblast, Ukraine; Druzhkivka, Druzhkivka Municipality, Donetsk Oblast, Ukraine; Kostiantynivka, Kostiantynivka Municipality, Donetsk Oblast, Ukraine; Kramatorsk, Kramatorsk Municipality, Donetsk Oblast, Ukraine; Lyman, Лиманська об'єднана територіальна громада, Donetsk Oblast, Ukraine; Novodonetske, Dobropillia Municipality, Donetsk Oblast, Ukraine; Raihorodok, Райгородоцька селищна рада, Sloviansk Raion, Donetsk Oblast, Ukraine; Starovarvarivka, Староварварівська сільська рада, Oleksandrivka Raion, Donetsk Oblast, Ukraine; Tetianivka, Shevchenkove Raion, Kharkiv Oblast, Ukraine; Vasylivska Pustosh, Kramatorsk Municipality, Donetsk Oblast, Ukraine","48.4702, 37.088558; 48.933361, 37.691101; 48.621689, 37.532261; 48.531639, 37.716228; 48.728809, 37.567101; 48.985458, 37.802979; 48.635731, 36.979271; 48.902191, 37.72591; 48.67675, 37.228062; 49.727901, 37.120739; 48.758999, 37.697708",County/City/town/Village/Woreda (ADM3); County/City/town/Village/Woreda (ADM3); County/City/town/Village/Woreda (ADM3); County/City/town/Village/Woreda (ADM3); County/City/town/Village/Woreda (ADM3); County/City/town/Village/Woreda (ADM3); County/City/town/Village/Woreda (ADM3); County/City/town/Village/Woreda (ADM3); County/City/town/Village/Woreda (ADM3); County/City/town/Village/Woreda (ADM3); County/City/town/Village/Woreda (ADM3),Origin; Origin; Origin; Origin; Origin; Origin; Origin; Origin; Origin; Origin; Origin,,2025-09-19T13:02:48.903289Z,"Ukraine: 129 displacements (destroyed housing), 17 September - 18 September. According to the National Police of Ukraine, 51 residential buildings were destroyed following attacks on 11 settlements in Donetsk Oblast. This impacts approximately 129 individuals. National Police of Ukraine - 18 September 2025",,Conflict
192977,Ukraine,UKR,48.985458,37.802979,"[48.985458, 37.802979]",Triangulation,Conflict,total,5,2025-09-17,2025-09-17,2025-09-17,2025,29205,Ukraine: International armed conflict (IAC) - Donetsk Oblast - 2025,,,2025-01-01,2025-12-31,,,,,,National Police of Ukraine,,"Lyman, Лиманська об'єднана територіальна громада, Donetsk Oblast, Ukraine","48.985458, 37.802979",County/City/town/Village/Woreda (ADM3),Origin,Displacement without preventive evacuations reported,2025-09-23T09:54:05.962862Z,"Ukraine: 5 displacements (evacuated), 17 September - 17 September. According to the National Police of Ukraine, 5 people were evacuated from the Lyman Region due to shelling. National Police of Ukraine - 17 September 2025",,Conflict
192974,Ukraine,UKR,50.329048,35.716209,"[50.329048, 35.716209]",Triangulation,Conflict,approximately,3,2025-09-17,2025-09-17,2025-09-17,2025,29204,Ukraine: International armed conflict (IAC) - Kharkiv Oblast - 2025,,,2025-01-01,2025-12-31,,,,,,National Police of Ukraine,,"Lemischyne, Zolochiv Raion, Kharkiv Oblast, Ukraine","50.329048, 35.716209",County/City/town/Village/Woreda (ADM3),Origin,,2025-09-23T09:31:55.589619Z,"Ukraine: 3 displacements (destroyed housing), 17 September - 17 September. According to the National Police of Ukraine, one home was destroyed by attacks on the village of Lemishchyne, Kharkiv. This impacts approximately 3 individuals. National Police of Ukraine - 17 September 2025",,Conflict
192971,Ukraine,UKR,51.237358,33.808262,"[51.237358, 33.808262]",Triangulation,Conflict,total,1,2025-09-17,2025-09-17,2025-09-17,2025,29209,Ukraine: International armed conflict (IAC) - Sumy Oblast - 2025,,,2025-01-01,2025-12-31,,,,,,National Police of Ukraine,,"Sumy Oblast, Ukraine","51.237358, 33.808262",State/Region/Province (ADM1),Origin,Displacement without preventive evacuations reported,2025-09-23T09:14:17.511362Z,"Ukraine: 1 displacement (evacuated), 17 September - 17 September. According to the National Police, 1 person was evacuated from Bytyskyi Starostat, Sumy Oblast due to military operations. National Police of Ukraine - 17 September 2025",,Conflict
193000,Ukraine,UKR,47.576248,34.38271,"[47.576248, 34.38271]",Triangulation,Conflict,total,2,2025-09-16,2025-09-16,2025-09-16,2025,29199,Ukraine: International armed conflict (IAC) - Dnipropetrovsk Oblast - 2025,,,2025-01-01,2025-12-31,,,,,,National Police of Ukraine,,"Nikopol, Nikopol Municipality, Dnipropetrovsk Oblast, Ukraine","47.576248, 34.38271",County/City/town/Village/Woreda (ADM3),Origin,Displacement without preventive evacuations reported,2025-09-23T11:14:08.564809Z,"Ukraine: 2 displacements (evacuated), 16 September - 16 September. According to the National Police or Ukraine, 1 people were evacuated from Nikopol, Dnipropetrovsk Oblast due to military operations. National Police of Ukraine - 16 September 2025",,Conflict
192972,Ukraine,UKR,48.573758307692316,37.55567284615385,"[48.573758307692316, 37.55567284615385]",Triangulation,Conflict,approximately,61,2025-09-16,2025-09-16,2025-09-16,2025,29205,Ukraine: International armed conflict (IAC) - Donetsk Oblast - 2025,,,2025-01-01,2025-12-31,,,,,,National Police of Ukraine,,"Bilozerske, Dobropillia Municipality, Donetsk Oblast, Ukraine; Dobropillia, Dobropillia Municipality, Donetsk Oblast, Ukraine; Druzhkivka, Druzhkivka Municipality, Donetsk Oblast, Ukraine; Kostiantynivka, Kostiantynivka Municipality, Donetsk Oblast, Ukraine; Kramatorsk, Kramatorsk Municipality, Donetsk Oblast, Ukraine; Lyman, Лиманська об'єднана територіальна громада, Donetsk Oblast, Ukraine; Maiak, Makiivka Municipality, Donetsk Oblast, Ukraine; Oleksiievo-Druzhkivka, Druzhkivka Municipality, Donetsk Oblast, Ukraine; Raihorodok, Райгородоцька селищна рада, Sloviansk Raion, Donetsk Oblast, Ukraine; Staroraiske, Druzhkivka Municipality, Donetsk Oblast, Ukraine; Sviatohirsk, Sloviansk Municipality, Donetsk Oblast, Ukraine; Yarova, Лиманська об'єднана територіальна громада, Donetsk Oblast, Ukraine; Znamenivka, Краснівська сільська рада, Volnovakha Raion, Donetsk Oblast, Ukraine","48.536999, 37.058121; 48.4702, 37.088558; 48.621689, 37.532261; 48.531639, 37.716228; 48.728809, 37.567101; 48.985458, 37.802979; 47.968121, 38.020981; 48.577671, 37.61491; 48.902191, 37.72591; 48.609001, 37.446201; 49.04063, 37.56147; 49.054451, 37.645458; 47.431999, 37.443569",County/City/town/Village/Woreda (ADM3); County/City/town/Village/Woreda (ADM3); County/City/town/Village/Woreda (ADM3); County/City/town/Village/Woreda (ADM3); County/City/town/Village/Woreda (ADM3); County/City/town/Village/Woreda (ADM3); County/City/town/Village/Woreda (ADM3); County/City/town/Village/Woreda (ADM3); County/City/town/Village/Woreda (ADM3); County/City/town/Village/Woreda (ADM3); County/City/town/Village/Woreda (ADM3); County/City/town/Village/Woreda (ADM3); County/City/town/Village/Woreda (ADM3),Origin; Origin; Origin; Origin; Origin; Origin; Origin; Origin; Origin; Origin; Origin; Origin; Origin,,2025-09-23T09:24:59.068369Z,"Ukraine: 61 displacements (destroyed housing), 16 September - 16 September. According to the Ukrainian National Police, 24 residential buildings were destroyed by strikes in 13 settlements in Donestk Oblast. This impacts approximately 61 individuals. National Police of Ukraine - 17 September 2025",,Conflict
193101,Ukraine,UKR,49.28577,32.0396135,"[49.28577, 32.0396135]",Triangulation,Conflict,total,31,2025-09-18,2025-09-15,2025-09-18,2025,29205,Ukraine: International armed conflict (IAC) - Donetsk Oblast - 2025,,,2025-01-01,2025-12-31,,,,,,National Police of Ukraine,,"Donetsk Oblast, Ukraine; Rivne, Rivne Oblast, Ukraine","47.96067, 37.834438; 50.61087, 26.244789",State/Region/Province (ADM1); County/City/town/Village/Woreda (ADM3),Origin; Destination,Displacement without preventive evacuations reported,2025-09-24T07:01:47.749830Z,"Ukraine: 31 displacements (evacuated), 15 September - 18 September. According to the National Police of Ukraine, 31 people were evacuated from Donetsk Oblast to Rivne Oblast due to military operations. National Police of Ukraine - 18 September 2025",,Conflict
193005,Ukraine,UKR,49.28577,32.0396135,"[49.28577, 32.0396135]",Triangulation,Conflict,total,24,2025-09-15,2025-09-15,2025-09-15,2025,29205,Ukraine: International armed conflict (IAC) - Donetsk Oblast - 2025,,,2025-01-01,2025-12-31,,,,,,National Police of Ukraine,,"Donetsk Oblast, Ukraine; Rivne, Rivne Oblast, Ukraine","47.96067, 37.834438; 50.61087, 26.244789",State/Region/Province (ADM1); County/City/town/Village/Woreda (ADM3),Origin; Destination,Displacement without preventive evacuations reported,2025-09-23T11:36:45.307445Z,"Ukraine: 24 displacements (evacuated), 15 September - 15 September. According to the National Police of Ukraine, 24 people were evacuated from Donetsk Oblast to Rivne Oblast due to military operations. National Police of Ukraine - 15 September 2025",,Conflict
193002,Ukraine,UKR,46.615681,35.732342,"[46.615681, 35.732342]",Triangulation,Conflict,total,1,2025-09-15,2025-09-15,2025-09-15,2025,29232,Ukraine: International armed conflict (IAC) - Zaporizhia Oblast - 2025,,,2025-01-01,2025-12-31,,,,,,National Police of Ukraine,,"Prymorskyi Posad, Pryazovske Raion, Zaporizhia Oblast, Ukraine","46.615681, 35.732342",County/City/town/Village/Woreda (ADM3),Origin,Displacement without preventive evacuations reported,2025-09-23T11:28:01.626106Z,"Ukraine: 1 displacement (evacuated), 15 September - 15 September. According to the National Police, 1 person was evacuated from Primoskyi, Zaporizhia Oblast due to military operations. National Police of Ukraine - 15 September 2025",,Conflict
193001,Ukraine,UKR,47.444809,36.224838,"[47.444809, 36.224838]",Triangulation,Conflict,total,2,2025-09-15,2025-09-15,2025-09-15,2025,29232,Ukraine: International armed conflict (IAC) - Zaporizhia Oblast - 2025,,,2025-01-01,2025-12-31,,,,,,National Police of Ukraine,,"Polohy Raion, Zaporizhia Oblast, Ukraine","47.444809, 36.224838",District/Zone/Department (ADM2),Origin,Displacement without preventive evacuations reported,2025-09-23T11:19:09.881393Z,"Ukraine: 2 displacements (evacuated), 15 September - 15 September. According to the National Police, 2 people were evacuated from Plohy Raion, Zaporizhia Oblast due to military operations. National Police of Ukraine - 16 September 2025",,Conflict
193024,Ukraine,UKR,49.216049,37.301559,"[49.216049, 37.301559]",Triangulation,Conflict,approximately,3,2025-09-14,2025-09-14,2025-09-14,2025,29204,Ukraine: International armed conflict (IAC) - Kharkiv Oblast - 2025,,,2025-01-01,2025-12-31,,,,,,National Police of Ukraine,,"Izyum, Izium, Izium Municipality, Kharkiv Oblast, Ukraine","49.216049, 37.301559",Point,Origin,,2025-09-23T12:16:36.703865Z,"Ukraine: 3 displacements (destroyed housing), 14 September - 14 September. According to the National Police or Ukraine, 1 residential building was destroyed in Izyum district, Kharkiv Oblast due to military operations. National Police of Ukraine - 14 September 2025",,Conflict
193014,Ukraine,UKR,48.54354699999999,37.5866092,"[48.54354699999999, 37.5866092]",Triangulation,Conflict,approximately,89,2025-09-14,2025-09-14,2025-09-14,2025,29205,Ukraine: International armed conflict (IAC) - Donetsk Oblast - 2025,,,2025-01-01,2025-12-31,,,,,,National Police of Ukraine,,"Andriivka, Андріївська селищна рада, Volnovakha Raion, Donetsk Oblast, Ukraine; Dobropillia, Dobropillia Municipality, Donetsk Oblast, Ukraine; Donetske, Райгородоцька селищна рада, Sloviansk Raion, Donetsk Oblast, Ukraine; Druzhkivka, Druzhkivka Municipality, Donetsk Oblast, Ukraine; Kostiantynivka, Kostiantynivka Municipality, Donetsk Oblast, Ukraine; Kramatorsk, Kramatorsk Municipality, Donetsk Oblast, Ukraine; Lyman, Лиманська об'єднана територіальна громада, Donetsk Oblast, Ukraine; Mykolaivka, Khartsyzk Municipality, Donetsk Oblast, Ukraine; Myrnohrad Municipality, Donetsk Oblast, Ukraine; Ocheretyne, Очеретинська селищна рада, Yasynuvata Raion, Donetsk Oblast, Ukraine; Oleksandrivka, Олександрівська селищна рада, Oleksandrivka Raion, Donetsk Oblast, Ukraine; Shostakivka, Іверська сільська рада, Oleksandrivka Raion, Donetsk Oblast, Ukraine; Sloviansk, Donetsk Oblast, Ukraine; Vasylivka, Яковлівська сільська рада, Bakhmut Raion, Donetsk Oblast, Ukraine; Yampil, Лиманська об'єднана територіальна громада, Donetsk Oblast, Ukraine","47.460602, 37.655251; 48.4702, 37.088558; 48.933361, 37.691101; 48.621689, 37.532261; 48.531639, 37.716228; 48.728809, 37.567101; 48.985458, 37.802979; 47.998878, 38.243889; 48.29694, 37.264751; 48.241928, 37.611889; 48.708832, 36.913311; 48.668751, 36.921848; 48.848911, 37.58844; 48.725479, 38.26001; 48.931728, 37.941521",County/City/town/Village/Woreda (ADM3); County/City/town/Village/Woreda (ADM3); County/City/town/Village/Woreda (ADM3); County/City/town/Village/Woreda (ADM3); County/City/town/Village/Woreda (ADM3); County/City/town/Village/Woreda (ADM3); County/City/town/Village/Woreda (ADM3); County/City/town/Village/Woreda (ADM3); District/Zone/Department (ADM2); County/City/town/Village/Woreda (ADM3); County/City/town/Village/Woreda (ADM3); County/City/town/Village/Woreda (ADM3); County/City/town/Village/Woreda (ADM3); County/City/town/Village/Woreda (ADM3); County/City/town/Village/Woreda (ADM3),Origin; Origin; Origin; Origin; Origin; Origin; Origin; Origin; Origin; Origin; Origin; Origin; Origin; Origin; Origin,,2025-09-23T11:49:06.998169Z,"Ukraine: 89 displacements (destroyed housing), 14 September - 14 September. According to the National Police of Ukraine, 35 residential buildings were destroyed by attacks in 15 settlements of Donetsk Oblast. This affects approximately 89 people. National Police of Ukraine - 15 September 2025",,Conflict
193056,Ukraine,UKR,47.223279500000004,34.2590435,"[47.223279500000004, 34.2590435]",Triangulation,Conflict,total,13,2025-09-13,2025-09-13,2025-09-13,2025,29205,Ukraine: International armed conflict (IAC) - Donetsk Oblast - 2025,,,2025-01-01,2025-12-31,,,,,,National Police of Ukraine,,"Donetsk Oblast, Ukraine; Odesa, Odesa Oblast, Ukraine","47.96067, 37.834438; 46.485889, 30.683649",State/Region/Province (ADM1); County/City/town/Village/Woreda (ADM3),Origin; Destination,Displacement without preventive evacuations reported,2025-09-23T12:57:21.521135Z,"Ukraine: 13 displacements (evacuated), 13 September - 13 September. According to the National Police of Ukraine 13 people were evacuated from Donetsk Oblast to Odesa due to military operations. National Police of Ukraine - 13 September 2025",,Conflict
193049,Ukraine,UKR,46.8367195,36.163391000000004,"[46.8367195, 36.163391000000004]",Triangulation,Conflict,total,2,2025-09-13,2025-09-13,2025-09-13,2025,29232,Ukraine: International armed conflict (IAC) - Zaporizhia Oblast - 2025,,,2025-01-01,2025-12-31,,,,,,National Police of Ukraine,,"Prymorskyi Posad, Pryazovske Raion, Zaporizhia Oblast, Ukraine; Uspenivka, Андріївська селищна рада, Berdyansk Raion, Zaporizhia Oblast, Ukraine","46.615681, 35.732342; 47.057758, 36.59444",County/City/town/Village/Woreda (ADM3); County/City/town/Village/Woreda (ADM3),Origin; Origin,Displacement without preventive evacuations reported,2025-09-23T12:35:45.602412Z,"Ukraine: 2 displacements (evacuated), 13 September - 13 September. According to the National Police of Ukraine, 2 women were evacuated from Primorske and Uspenivka, Zaporizhia Oblast due to military operations. National Police of Ukraine - 14 September 2025",,Conflict
193055,Ukraine,UKR,49.28577,32.0396135,"[49.28577, 32.0396135]",Triangulation,Conflict,total,28,2025-09-13,2025-09-13,2025-09-13,2025,29205,Ukraine: International armed conflict (IAC) - Donetsk Oblast - 2025,,,2025-01-01,2025-12-31,,,,,,National Police of Ukraine,,"Donetsk Oblast, Ukraine; Rivne, Rivne Oblast, Ukraine","47.96067, 37.834438; 50.61087, 26.244789",State/Region/Province (ADM1); County/City/town/Village/Woreda (ADM3),Origin; Destination,Displacement without preventive evacuations reported,2025-09-23T12:56:36.194222Z,"Ukraine: 28 displacements (evacuated), 13 September - 13 September. According to the National Police of Ukraine 28 people were evacuated from Donetsk Oblast to Rivne Oblast due to military operations. National Police of Ukraine - 13 September 2025",,Conflict
193053,Ukraine,UKR,49.28577,32.0396135,"[49.28577, 32.0396135]",Triangulation,Conflict,total,34,2025-09-13,2025-09-13,2025-09-13,2025,29205,Ukraine: International armed conflict (IAC) - Donetsk Oblast - 2025,,,2025-01-01,2025-12-31,,,,,,National Police of Ukraine,,"Donetsk Oblast, Ukraine; Rivne, Rivne Oblast, Ukraine","47.96067, 37.834438; 50.61087, 26.244789",State/Region/Province (ADM1); County/City/town/Village/Woreda (ADM3),Origin; Destination,Displacement without preventive evacuations reported,2025-09-23T12:51:01.696461Z,"Ukraine: 34 displacements (evacuated), 13 September - 13 September. According to the National Police 34 people were evacuated from Donetsk Oblast to Rivne Oblast due to military operations. National Police of Ukraine - 13 September 2025",,Conflict
193065,Ukraine,UKR,50.94154,35.315552,"[50.94154, 35.315552]",Triangulation,Conflict,total,2,2025-09-13,2025-09-13,2025-09-13,2025,29209,Ukraine: International armed conflict (IAC) - Sumy Oblast - 2025,,,2025-01-01,2025-12-31,,,,,,National Police of Ukraine,,"Myropilske, Krasnopillia Raion, Sumy Oblast, Ukraine","50.94154, 35.315552",County/City/town/Village/Woreda (ADM3),Origin,Displacement without preventive evacuations reported,2025-09-23T13:11:37.453979Z,"Ukraine: 2 displacements (evacuated), 13 September - 13 September. According to the National Police of Ukraine, 2 people were evacuated from Myropil, Sumy Oblast, due to military operations. National Police of Ukraine - 13 September 2025",,Conflict
193051,Ukraine,UKR,48.763626699999996,37.7168477,"[48.763626699999996, 37.7168477]",Triangulation,Conflict,approximately,159,2025-09-13,2025-09-13,2025-09-13,2025,29205,Ukraine: International armed conflict (IAC) - Donetsk Oblast - 2025,,,2025-01-01,2025-12-31,,,,,,National Police of Ukraine,,"Druzhkivka, Druzhkivka Municipality, Donetsk Oblast, Ukraine; Kostiantynivka, Kostiantynivka Municipality, Donetsk Oblast, Ukraine; Kramatorsk, Kramatorsk Municipality, Donetsk Oblast, Ukraine; Lyman, Лиманська об'єднана територіальна громада, Donetsk Oblast, Ukraine; Oleksiievo-Druzhkivka, Druzhkivka Municipality, Donetsk Oblast, Ukraine; Siversk, Сіверська міська рада, Bakhmut Raion, Donetsk Oblast, Ukraine; Sloviansk, Donetsk Oblast, Ukraine; Yampil, Лиманська об'єднана територіальна громада, Donetsk Oblast, Ukraine; Yarova, Лиманська об'єднана територіальна громада, Donetsk Oblast, Ukraine; Іллінівка, Іллінівська сільська рада, Kostiantynivka Raion, Donetsk Oblast, Ukraine","48.621689, 37.532261; 48.531639, 37.716228; 48.728809, 37.567101; 48.985458, 37.802979; 48.577671, 37.61491; 48.861919, 38.09013; 48.848911, 37.58844; 48.931728, 37.941521; 49.054451, 37.645458; 48.493992, 37.669449",County/City/town/Village/Woreda (ADM3); County/City/town/Village/Woreda (ADM3); County/City/town/Village/Woreda (ADM3); County/City/town/Village/Woreda (ADM3); County/City/town/Village/Woreda (ADM3); County/City/town/Village/Woreda (ADM3); County/City/town/Village/Woreda (ADM3); County/City/town/Village/Woreda (ADM3); County/City/town/Village/Woreda (ADM3); County/City/town/Village/Woreda (ADM3),Origin; Origin; Origin; Origin; Origin; Origin; Origin; Origin; Origin; Origin,,2025-09-23T12:43:41.837964Z,"Ukraine: 159 displacements (destroyed housing), 13 September - 13 September. According to the National Police of Ukraine, 63 residential buildings were destroyed in 10 settlements in Donestk Oblast due to military operations. This impacts approximately 159 individuals. National Police of Ukraine - 14 September 2025",,Conflict
193062,Ukraine,UKR,47.619308,35.286819,"[47.619308, 35.286819]",Triangulation,Conflict,total,3,2025-09-13,2025-09-13,2025-09-13,2025,29232,Ukraine: International armed conflict (IAC) - Zaporizhia Oblast - 2025,,,2025-01-01,2025-12-31,,,,,,National Police of Ukraine,,"Приморське, Vasylivka Raion, Zaporizhia Oblast, Ukraine","47.619308, 35.286819",County/City/town/Village/Woreda (ADM3),Origin,Displacement without preventive evacuations reported,2025-09-23T13:07:18.191128Z,"Ukraine: 3 displacements (evacuated), 13 September - 13 September. According to the National Police of Ukraine, 3 people were evacuated from Primorske, Zaporizhia Oblast due to military operations. National Police of Ukraine - 13 September 2025",,Conflict
193060,Ukraine,UKR,49.709961,37.621769,"[49.709961, 37.621769]",Triangulation,Conflict,more than or equal to,5,2025-09-13,2025-09-13,2025-09-13,2025,29204,Ukraine: International armed conflict (IAC) - Kharkiv Oblast - 2025,,,2025-01-01,2025-12-31,,,,,,National Police of Ukraine,,"Kupiansk, Куп’янська міська рада, Kharkiv Oblast, Ukraine","49.709961, 37.621769",County/City/town/Village/Woreda (ADM3),Origin,,2025-09-23T13:03:33.094803Z,"Ukraine: 5 displacements (destroyed housing), 13 September - 13 September. According to the National Police of Ukraine, Residential buildings were destroyed in Kupyanskyi district, Kharkiv Oblast, due to military operations. National Police of Ukraine - 13 September 2025",,Conflict
193068,Ukraine,UKR,48.653146142857146,37.75444814285714,"[48.653146142857146, 37.75444814285714]",Triangulation,Conflict,approximately,38,2025-09-12,2025-09-12,2025-09-12,2025,29205,Ukraine: International armed conflict (IAC) - Donetsk Oblast - 2025,,,2025-01-01,2025-12-31,,,,,,National Police of Ukraine,,"Kostiantynivka, Kostiantynivka Municipality, Donetsk Oblast, Ukraine; Kramatorsk, Kramatorsk Municipality, Donetsk Oblast, Ukraine; Lyman, Лиманська об'єднана територіальна громада, Donetsk Oblast, Ukraine; Mykolaivka, Khartsyzk Municipality, Donetsk Oblast, Ukraine; Sloviansk, Donetsk Oblast, Ukraine; Torske, Торська сільська рада, Kostiantynivka Raion, Donetsk Oblast, Ukraine; Yampil, Лиманська об'єднана територіальна громада, Donetsk Oblast, Ukraine","48.531639, 37.716228; 48.728809, 37.567101; 48.985458, 37.802979; 47.998878, 38.243889; 48.848911, 37.58844; 48.5466, 37.420979; 48.931728, 37.941521",County/City/town/Village/Woreda (ADM3); County/City/town/Village/Woreda (ADM3); County/City/town/Village/Woreda (ADM3); County/City/town/Village/Woreda (ADM3); County/City/town/Village/Woreda (ADM3); County/City/town/Village/Woreda (ADM3); County/City/town/Village/Woreda (ADM3),Origin; Origin; Origin; Origin; Origin; Origin; Origin,,2025-09-23T13:24:39.427427Z,"Ukraine: 38 displacements (destroyed housing), 12 September - 12 September. According to the National Police of Ukraine, 15 residential buildings were destroyed in 7 settlements in Donestk Oblast due to military operations. National Police of Ukraine - 13 September 2025",,Conflict
192239,Ukraine,UKR,49.054451,37.645458,"[49.054451, 37.645458]",Triangulation,Conflict,total,6,2025-09-12,2025-09-12,2025-09-12,2025,29205,Ukraine: International armed conflict (IAC) - Donetsk Oblast - 2025,,,2025-01-01,2025-12-31,,,,,,National Police of Ukraine,,"Yarova, Лиманська об'єднана територіальна громада, Donetsk Oblast, Ukraine","49.054451, 37.645458",County/City/town/Village/Woreda (ADM3),Origin,Displacement without preventive evacuations reported,2025-09-13T03:54:44.198984Z,"Ukraine: 6 displacements (evacuated), 12 September - 12 September. A total of 6 people were evacuated due to military operations on 12 September in Yarova, Лиманська об'єднана територіальна громада, Donetsk Oblast, Ukraine, according to National Police. National Police of Ukraine - 12 September 2025",,Conflict
192238,Ukraine,UKR,47.96067,37.834438,"[47.96067, 37.834438]",Triangulation,Conflict,more than or equal to,109,2025-09-11,2025-09-11,2025-09-11,2025,29205,Ukraine: International armed conflict (IAC) - Donetsk Oblast - 2025,,,2025-01-01,2025-12-31,,,,,,National Police of Ukraine,,"Donetsk Oblast, Ukraine","47.96067, 37.834438",State/Region/Province (ADM1),Origin,,2025-09-13T03:48:53.709441Z,"Ukraine: 109 displacements (destroyed housing), 11 September - 11 September. According to National Police, 43 residential buildings were destroyed in Donetsk Oblast, Ukraine due to military operations on 11 September. National Police of Ukraine - 12 September 2025",,Conflict
192240,Ukraine,UKR,49.4684905,32.242169,"[49.4684905, 32.242169]",Triangulation,Conflict,total,15,2025-09-11,2025-09-11,2025-09-11,2025,29205,Ukraine: International armed conflict (IAC) - Donetsk Oblast - 2025,,,2025-01-01,2025-12-31,,,,,,National Police of Ukraine,,"Donetsk Oblast, Ukraine; Rivne Oblast, Ukraine","47.96067, 37.834438; 50.976311, 26.6499",State/Region/Province (ADM1); State/Region/Province (ADM1),Origin; Destination,Displacement without preventive evacuations reported,2025-09-13T04:08:57.563089Z,"Ukraine: 15 displacements (evacuated), 11 September - 11 September. According to National Police, 15 people were evacuated from Donetsk Oblast, Ukraine to Rivne Oblast, Ukraine due to military operations on 11 September. National Police of Ukraine - 11 September 2025",,Conflict
192241,Ukraine,UKR,48.315048,35.52195,"[48.315048, 35.52195]",Triangulation,Conflict,total,16,2025-09-11,2025-09-11,2025-09-11,2025,29199,Ukraine: International armed conflict (IAC) - Dnipropetrovsk Oblast - 2025,,,2025-01-01,2025-12-31,,,,,,National Police of Ukraine,,"Synelnykove, Dnipropetrovsk Oblast, Ukraine","48.315048, 35.52195",County/City/town/Village/Woreda (ADM3),Origin,Displacement without preventive evacuations reported,2025-09-13T04:17:56.509629Z,"Ukraine: 16 displacements (evacuated), 11 September - 11 September. A total of 16 people were evacuated due to military operations on 11 September in Synelnykove, Dnipropetrovsk Oblast, Ukraine, according to National Police. National Police of Ukraine - 11 September 2025",,Conflict
192243,Ukraine,UKR,49.709961,37.621769,"[49.709961, 37.621769]",Triangulation,Conflict,total,6,2025-09-11,2025-09-11,2025-09-11,2025,29204,Ukraine: International armed conflict (IAC) - Kharkiv Oblast - 2025,,,2025-01-01,2025-12-31,,,,,,National Police of Ukraine,,"Kupiansk, Куп’янська міська рада, Kharkiv Oblast, Ukraine","49.709961, 37.621769",County/City/town/Village/Woreda (ADM3),Origin,Displacement without preventive evacuations reported,2025-09-13T04:28:11.711292Z,"Ukraine: 6 displacements (evacuated), 11 September - 11 September. According to National Police, a total of 6 people were evacuated in Kupiansk, Kharkiv Oblast, Ukraine due to military operations on 11 September. National Police of Ukraine - 11 September 2025",,Conflict
192242,Ukraine,UKR,47.96067,37.834438,"[47.96067, 37.834438]",Triangulation,Conflict,more than or equal to,137,2025-09-10,2025-09-10,2025-09-10,2025,29205,Ukraine: International armed conflict (IAC) - Donetsk Oblast - 2025,,,2025-01-01,2025-12-31,,,,,,National Police of Ukraine,,"Donetsk Oblast, Ukraine","47.96067, 37.834438",State/Region/Province (ADM1),Origin,,2025-09-13T04:22:23.592773Z,"Ukraine: 137 displacements (destroyed housing), 10 September - 10 September. According to National Police, 54 residential buildings were destroyed in Donetsk Oblast, Ukraine due to military operations on 10 September. National Police of Ukraine - 11 September 2025",,Conflict
191808,Ukraine,UKR,49.1667595,31.723118499999998,"[49.1667595, 31.723118499999998]",Triangulation,Conflict,total,16,2025-09-10,2025-09-10,2025-09-10,2025,29205,Ukraine: International armed conflict (IAC) - Donetsk Oblast - 2025,,,2025-01-01,2025-12-31,,,,,,National Police of Ukraine,,"Donetsk Oblast, Ukraine; Dubno Raion, Rivne Oblast, Ukraine","47.96067, 37.834438; 50.372849, 25.611799",State/Region/Province (ADM1); District/Zone/Department (ADM2),Origin; Destination,Displacement without preventive evacuations reported,2025-09-10T15:41:49.160307Z,"Ukraine: 16 displacements (evacuated), 10 September - 10 September. A total of 16 people were evacuated due to military operations on 10 septiembre from Donetsk Oblast, Ukraine to Dubno Raion, Rivne Oblast, Ukraine, according to National Police. National Police of Ukraine - 10 September 2025",,Conflict
191809,Ukraine,UKR,49.054451,37.645458,"[49.054451, 37.645458]",Triangulation,Conflict,total,8,2025-09-09,2025-09-09,2025-09-09,2025,29205,Ukraine: International armed conflict (IAC) - Donetsk Oblast - 2025,,,2025-01-01,2025-12-31,,,,,,National Police of Ukraine,,"Yarova, Лиманська об'єднана територіальна громада, Donetsk Oblast, Ukraine","49.054451, 37.645458",County/City/town/Village/Woreda (ADM3),Origin,Displacement without preventive evacuations reported,2025-09-10T15:46:20.050453Z,"Ukraine: 8 displacements (evacuated), 09 September - 09 September. According to National Police, 8 people were evacuated in Yarova, Лиманська об'єднана територіальна громада, Donetsk Oblast, Ukraine due to military operations on 9 September. National Police of Ukraine - 10 September 2025",,Conflict
191826,Ukraine,UKR,49.4684905,32.242169,"[49.4684905, 32.242169]",Triangulation,Conflict,total,21,2025-09-09,2025-09-09,2025-09-09,2025,29205,Ukraine: International armed conflict (IAC) - Donetsk Oblast - 2025,,,2025-01-01,2025-12-31,,,,,,National Police of Ukraine,,"Donetsk Oblast, Ukraine; Rivne Oblast, Ukraine","47.96067, 37.834438; 50.976311, 26.6499",State/Region/Province (ADM1); State/Region/Province (ADM1),Origin; Destination,Displacement without preventive evacuations reported,2025-09-10T16:45:02.329808Z,"Ukraine: 21 displacements (evacuated), 09 September - 09 September. According to National Police, 21 people were evacuated from Donetsk Oblast, Ukraine to Rivne Oblast, Ukraine due to military operations on 9 September. National Police of Ukraine - 09 September 2025",,Conflict
191810,Ukraine,UKR,47.96067,37.834438,"[47.96067, 37.834438]",Triangulation,Conflict,more than or equal to,96,2025-09-09,2025-09-09,2025-09-09,2025,29205,Ukraine: International armed conflict (IAC) - Donetsk Oblast - 2025,,,2025-01-01,2025-12-31,,,,,,National Police of Ukraine,,"Donetsk Oblast, Ukraine","47.96067, 37.834438",State/Region/Province (ADM1),Origin,,2025-09-10T15:52:44.166726Z,"Ukraine: 96 displacements (destroyed housing), 09 September - 09 September. According to National Police, 38 residential buildings were destroyed in Donetsk Oblast, Ukraine due to military operations on 9 September. National Police of Ukraine - 10 September 2025",,Conflict
191829,Ukraine,UKR,46.838779,33.414001,"[46.838779, 33.414001]",Triangulation,Conflict,total,3,2025-09-08,2025-09-08,2025-09-08,2025,29233,Ukraine: International armed conflict (IAC) - Kherson Oblast - 2025,,,2025-01-01,2025-12-31,,,,,,National Police of Ukraine,,"Beryslav, Beryslav Raion, Kherson Oblast, Ukraine","46.838779, 33.414001",County/City/town/Village/Woreda (ADM3),Origin,Displacement without preventive evacuations reported,2025-09-10T17:29:49.493461Z,"Ukraine: 3 displacements (evacuated), 08 September - 08 September. According to National Police, 3 people were evacuated in Beryslav, Beryslav Raion, Kherson Oblast, Ukraine due to military operations on 08 September. National Police of Ukraine - 08 September 2025",,Conflict
191828,Ukraine,UKR,48.531639,37.716228,"[48.531639, 37.716228]",Triangulation,Conflict,more than or equal to,3,2025-09-08,2025-09-08,2025-09-08,2025,29205,Ukraine: International armed conflict (IAC) - Donetsk Oblast - 2025,,,2025-01-01,2025-12-31,,,,,,National Police of Ukraine,,"Kostiantynivka, Kostiantynivka Municipality, Donetsk Oblast, Ukraine","48.531639, 37.716228",County/City/town/Village/Woreda (ADM3),Origin,Displacement without preventive evacuations reported,2025-09-10T17:25:03.948783Z,"Ukraine: 3 displacements (evacuated), 08 September - 08 September. According to National Police, more than or equal to 3 people were evacuated in Kostiantynivka, Kostiantynivka Municipality, Donetsk Oblast, Ukraine due to military operations on 8 September. National Police of Ukraine - 08 September 2025",,Conflict
191827,Ukraine,UKR,47.96067,37.834438,"[47.96067, 37.834438]",Triangulation,Conflict,more than or equal to,89,2025-09-08,2025-09-08,2025-09-08,2025,29205,Ukraine: International armed conflict (IAC) - Donetsk Oblast - 2025,,,2025-01-01,2025-12-31,,,,,,National Police of Ukraine,,"Donetsk Oblast, Ukraine","47.96067, 37.834438",State/Region/Province (ADM1),Origin,,2025-09-10T17:15:22.070363Z,"Ukraine: 89 displacements (destroyed housing), 08 September - 08 September. According to National Police, 35 residential buildings were destroyed in Donetsk Oblast, Ukraine due to military operations on 8 September. National Police of Ukraine - 09 September 2025",,Conflict
191830,Ukraine,UKR,47.96067,37.834438,"[47.96067, 37.834438]",Triangulation,Conflict,more than or equal to,30,2025-09-07,2025-09-07,2025-09-07,2025,29205,Ukraine: International armed conflict (IAC) - Donetsk Oblast - 2025,,,2025-01-01,2025-12-31,,,,,,National Police of Ukraine,,"Donetsk Oblast, Ukraine","47.96067, 37.834438",State/Region/Province (ADM1),Origin,,2025-09-10T17:34:48.453761Z,"Ukraine: 30 displacements (destroyed housing), 07 September - 07 September. According to National Police, 12 residential buildings were destroyed in Donetsk Oblast, Ukraine due to military operations on 7 September. National Police of Ukraine - 08 September 2025",,Conflict
191832,Ukraine,UKR,51.237358,33.808262,"[51.237358, 33.808262]",Triangulation,Conflict,more than or equal to,18,2025-09-07,2025-09-07,2025-09-07,2025,29209,Ukraine: International armed conflict (IAC) - Sumy Oblast - 2025,,,2025-01-01,2025-12-31,,,,,,National Police of Ukraine,,"Sumy Oblast, Ukraine","51.237358, 33.808262",State/Region/Province (ADM1),Origin,,2025-09-10T21:42:33.550560Z,"Ukraine: 18 displacements (destroyed housing), 07 September - 07 September. According to National Police, at least 6 private households and 1 apartment building were destroyed in Sumy Oblast, Ukraine due to military operations on 7 September. National Police of Ukraine - 07 September 2025",,Conflict
191831,Ukraine,UKR,47.96067,37.834438,"[47.96067, 37.834438]",Triangulation,Conflict,more than or equal to,157,2025-09-06,2025-09-06,2025-09-06,2025,29205,Ukraine: International armed conflict (IAC) - Donetsk Oblast - 2025,,,2025-01-01,2025-12-31,,,,,,National Police of Ukraine,,"Donetsk Oblast, Ukraine","47.96067, 37.834438",State/Region/Province (ADM1),Origin,,2025-09-10T21:34:47.060498Z,"Ukraine: 157 displacements (destroyed housing), 06 September - 06 September. According to National Police, 62 residential buildings were destroyed in Donetsk Oblast, Ukraine due to military operations on 6 September. National Police of Ukraine - 07 September 2025",,Conflict
191514,Ukraine,UKR,48.315048,35.52195,"[48.315048, 35.52195]",Triangulation,Conflict,total,3,2025-09-05,2025-09-05,2025-09-05,2025,29199,Ukraine: International armed conflict (IAC) - Dnipropetrovsk Oblast - 2025,,,2025-01-01,2025-12-31,,,,,,National Police of Ukraine,,"Synelnykove, Dnipropetrovsk Oblast, Ukraine","48.315048, 35.52195",County/City/town/Village/Woreda (ADM3),Origin,,2025-09-05T20:00:43.028101Z,"Ukraine: 3 displacements (destroyed housing), 05 September - 05 September. According to National Police, one house was destroyed in Synelnykove, Dnipropetrovsk Oblast, Ukraine due to military operations on 5 September. National Police of Ukraine - 05 September 2025",,Conflict
191834,Ukraine,UKR,47.057758,36.59444,"[47.057758, 36.59444]",Triangulation,Conflict,total,1,2025-09-05,2025-09-05,2025-09-05,2025,29232,Ukraine: International armed conflict (IAC) - Zaporizhia Oblast - 2025,,,2025-01-01,2025-12-31,,,,,,National Police of Ukraine,,"Uspenivka, Андріївська селищна рада, Berdyansk Raion, Zaporizhia Oblast, Ukraine","47.057758, 36.59444",County/City/town/Village/Woreda (ADM3),Origin,Displacement without preventive evacuations reported,2025-09-10T21:54:56.933777Z,"Ukraine: 1 displacement (evacuated), 05 September - 05 September. According to National Police, 1 person was evacuated in Uspenivka, Андріївська селищна рада, Berdyansk Raion, Zaporizhia Oblast, Ukraine due to military operations on 5 September. National Police of Ukraine - 06 September 2025",,Conflict
191833,Ukraine,UKR,47.96067,37.834438,"[47.96067, 37.834438]",Triangulation,Conflict,more than or equal to,73,2025-09-05,2025-09-05,2025-09-05,2025,29205,Ukraine: International armed conflict (IAC) - Donetsk Oblast - 2025,,,2025-01-01,2025-12-31,,,,,,National Police of Ukraine,,"Donetsk Oblast, Ukraine","47.96067, 37.834438",State/Region/Province (ADM1),Origin,,2025-09-10T21:50:10.222784Z,"Ukraine: 73 displacements (destroyed housing), 05 September - 05 September. According to National Police, 29 residential buildings were destroyed in Donetsk Oblast, Ukraine due to military operations on 5 September. National Police of Ukraine - 06 September 2025",,Conflict
191512,Ukraine,UKR,51.237358,33.808262,"[51.237358, 33.808262]",Triangulation,Conflict,total,3,2025-09-05,2025-09-05,2025-09-05,2025,29209,Ukraine: International armed conflict (IAC) - Sumy Oblast - 2025,,,2025-01-01,2025-12-31,,,,,,National Police of Ukraine,,"Sumy Oblast, Ukraine","51.237358, 33.808262",State/Region/Province (ADM1),Origin,Displacement without preventive evacuations reported,2025-09-05T19:48:41.865646Z,"Ukraine: 3 displacements (evacuated), 05 September - 05 September. According to National Police, a total of 3 people were evacuated in Sumy Oblast, Ukraine due to military operations on 5 September. National Police of Ukraine - 05 September 2025",,Conflict
191511,Ukraine,UKR,49.4684905,32.242169,"[49.4684905, 32.242169]",Triangulation,Conflict,total,9,2025-09-05,2025-09-05,2025-09-05,2025,29205,Ukraine: International armed conflict (IAC) - Donetsk Oblast - 2025,,,2025-01-01,2025-12-31,,,,,,National Police of Ukraine,,"Donetsk Oblast, Ukraine; Rivne Oblast, Ukraine","47.96067, 37.834438; 50.976311, 26.6499",State/Region/Province (ADM1); State/Region/Province (ADM1),Origin; Destination,Displacement without preventive evacuations reported,2025-09-05T19:38:58.793728Z,"Ukraine: 9 displacements (evacuated), 05 September - 05 September. A total of 9 people were evacuated due to military operations on 05 September from Donetsk Oblast, Ukraine to Rivne Oblast, Ukraine, according to National Police. National Police of Ukraine - 05 September 2025",,Conflict
191510,Ukraine,UKR,47.619308,35.286819,"[47.619308, 35.286819]",Triangulation,Conflict,total,2,2025-09-05,2025-09-05,2025-09-05,2025,29232,Ukraine: International armed conflict (IAC) - Zaporizhia Oblast - 2025,,,2025-01-01,2025-12-31,,,,,,National Police of Ukraine,,"Приморське, Vasylivka Raion, Zaporizhia Oblast, Ukraine","47.619308, 35.286819",County/City/town/Village/Woreda (ADM3),Origin,,2025-09-05T19:33:58.034227Z,"Ukraine: 2 displacements (destroyed housing), 05 September - 05 September. According to National Police, a total of 2 people were displaced due to destroyed housing in Приморське, Vasylivka Raion, Zaporizhia Oblast, Ukraine due to military operations on 5 September. National Police of Ukraine - 05 September 2025",,Conflict
191513,Ukraine,UKR,47.96067,37.834438,"[47.96067, 37.834438]",Triangulation,Conflict,more than or equal to,96,2025-09-04,2025-09-04,2025-09-04,2025,29205,Ukraine: International armed conflict (IAC) - Donetsk Oblast - 2025,,,2025-01-01,2025-12-31,,,,,,National Police of Ukraine,,"Donetsk Oblast, Ukraine","47.96067, 37.834438",State/Region/Province (ADM1),Origin,,2025-09-05T19:54:02.394480Z,"Ukraine: 96 displacements (destroyed housing), 04 September - 04 September. According to National Police, 38 residential buildings were destroyed in Donetsk Oblast, Ukraine due to military operations on 04 September. National Police of Ukraine - 05 September 2025",,Conflict
191427,Ukraine,UKR,49.4684905,32.242169,"[49.4684905, 32.242169]",Triangulation,Conflict,total,17,2025-09-04,2025-09-04,2025-09-04,2025,29205,Ukraine: International armed conflict (IAC) - Donetsk Oblast - 2025,,,2025-01-01,2025-12-31,,,,,,National Police of Ukraine,,"Donetsk Oblast, Ukraine; Rivne Oblast, Ukraine","47.96067, 37.834438; 50.976311, 26.6499",State/Region/Province (ADM1); State/Region/Province (ADM1),Origin; Destination,Displacement without preventive evacuations reported,2025-09-05T03:51:06.427749Z,"Ukraine: 17 displacements (evacuated), 04 September - 04 September. A total of 17 people were evacuated due to military operations on 04 September from Donetsk Oblast, Ukraine to Rivne Oblast, Ukraine, according to National Police. National Police of Ukraine - 04 September 2025",,Conflict
191426,Ukraine,UKR,50.104919,37.301441,"[50.104919, 37.301441]",Triangulation,Conflict,more than or equal to,6,2025-09-04,2025-09-04,2025-09-04,2025,29204,Ukraine: International armed conflict (IAC) - Kharkiv Oblast - 2025,,,2025-01-01,2025-12-31,,,,,,National Police of Ukraine,,"Pidserednie, Velykyi Burluk Raion, Kharkiv Oblast, Ukraine","50.104919, 37.301441",County/City/town/Village/Woreda (ADM3),Origin,Displacement without preventive evacuations reported,2025-09-05T03:46:11.551343Z,"Ukraine: 6 displacements (evacuated), 04 September - 04 September. According to National Police, a family with 6 children was evacuated in Pidserednie, Velykyi Burluk Raion, Kharkiv Oblast, Ukraine due to military operations on 4 September. National Police of Ukraine - 04 September 2025",,Conflict
191227,Ukraine,UKR,48.762531,32.664379,"[48.762531, 32.664379]",Recommended figure,Conflict,total,5,2025-09-03,2025-09-03,2025-09-03,2025,30521,Ukraine: International armed conflict (IAC) - Kirovohrad Oblast - 2025,,,2025-01-01,2025-12-31,,,,,,National Police of Ukraine,,"Znamianka Raion, Kirovohrad Oblast, Ukraine","48.762531, 32.664379",District/Zone/Department (ADM2),Origin,,2025-09-03T20:04:20.993947Z,"Ukraine: 5 displacements (destroyed housing), 03 September - 03 September. According to National Police, two private homes were destroyed in Kirovohrad Oblast, Ukraine due to military operations on 3 September. National Police of Ukraine - 03 September 2025",,Conflict
191428,Ukraine,UKR,47.96067,37.834438,"[47.96067, 37.834438]",Triangulation,Conflict,more than or equal to,63,2025-09-03,2025-09-03,2025-09-03,2025,29205,Ukraine: International armed conflict (IAC) - Donetsk Oblast - 2025,,,2025-01-01,2025-12-31,,,,,,National Police of Ukraine,,"Donetsk Oblast, Ukraine","47.96067, 37.834438",State/Region/Province (ADM1),Origin,,2025-09-05T03:55:30.669007Z,"Ukraine: 63 displacements (destroyed housing), 03 September - 03 September. According to National Police, 25 residential buildings were destroyed in Donetsk Oblast, Ukraine due to military operations on 03 September. National Police of Ukraine - 04 September 2025",,Conflict
191429,Ukraine,UKR,47.66228966666666,35.67655533333333,"[47.66228966666666, 35.67655533333333]",Triangulation,Conflict,total,3,2025-09-03,2025-09-03,2025-09-03,2025,29232,Ukraine: International armed conflict (IAC) - Zaporizhia Oblast - 2025,,,2025-01-01,2025-12-31,,,,,,National Police of Ukraine,,"Stepnohirsk, Vasylivka Raion, Zaporizhia Oblast, Ukraine; Приморське, Vasylivka Raion, Zaporizhia Oblast, Ukraine; Успенівка, Huliaipole Raion, Zaporizhia Oblast, Ukraine","47.583801, 35.357948; 47.619308, 35.286819; 47.78376, 36.384899",County/City/town/Village/Woreda (ADM3); County/City/town/Village/Woreda (ADM3); County/City/town/Village/Woreda (ADM3),Origin; Origin; Origin,Displacement without preventive evacuations reported,2025-09-05T04:10:41.464103Z,"Ukraine: 3 displacements (evacuated), 03 September - 03 September. According to National Police, a total of 3 people were evacuated in Zaporizhia Oblast, Ukraine due to military operations on 3 September. National Police of Ukraine - 04 September 2025",,Conflict
191430,Ukraine,UKR,49.709961,37.621769,"[49.709961, 37.621769]",Triangulation,Conflict,total,5,2025-09-03,2025-09-03,2025-09-03,2025,29204,Ukraine: International armed conflict (IAC) - Kharkiv Oblast - 2025,,,2025-01-01,2025-12-31,,,,,,National Police of Ukraine,,"Kupiansk, Куп’янська міська рада, Kharkiv Oblast, Ukraine","49.709961, 37.621769",County/City/town/Village/Woreda (ADM3),Origin,Displacement without preventive evacuations reported,2025-09-05T04:15:52.462775Z,"Ukraine: 5 displacements (evacuated), 03 September - 03 September. According to National Police,5 people were evacuated in Kupiansk, Куп’янська міська рада, Kharkiv Oblast, Ukraine due to military operations on 3 September. National Police of Ukraine - 04 September 2025",,Conflict
191225,Ukraine,UKR,51.237358,33.808262,"[51.237358, 33.808262]",Triangulation,Conflict,total,3,2025-09-03,2025-09-03,2025-09-03,2025,29209,Ukraine: International armed conflict (IAC) - Sumy Oblast - 2025,,,2025-01-01,2025-12-31,,,,,,National Police of Ukraine,,"Sumy Oblast, Ukraine","51.237358, 33.808262",State/Region/Province (ADM1),Origin,Displacement without preventive evacuations reported,2025-09-03T19:53:19.213269Z,"Ukraine: 3 displacements (evacuated), 03 September - 03 September. According to National Police, one family was evacuated in Sumy Oblast, Ukraine due to military operations on 03 September. National Police of Ukraine - 03 September 2025",,Conflict
191228,Ukraine,UKR,49.4684905,32.242169,"[49.4684905, 32.242169]",Triangulation,Conflict,total,22,2025-09-02,2025-09-02,2025-09-02,2025,29205,Ukraine: International armed conflict (IAC) - Donetsk Oblast - 2025,,,2025-01-01,2025-12-31,,,,,,National Police of Ukraine,,"Donetsk Oblast, Ukraine; Rivne Oblast, Ukraine","47.96067, 37.834438; 50.976311, 26.6499",State/Region/Province (ADM1); State/Region/Province (ADM1),Origin; Destination,Displacement without preventive evacuations reported,2025-09-03T20:11:07.012209Z,"Ukraine: 22 displacements (evacuated), 02 September - 02 September. A total of 22 people were evacuated due to military operations on 02 September from Donetsk Oblast, Ukraine to Rivne Oblast, Ukraine, according to National Police. National Police of Ukraine - 02 September 2025",,Conflict
191231,Ukraine,UKR,49.602785,37.1426355,"[49.602785, 37.1426355]",Triangulation,Conflict,total,5,2025-09-02,2025-09-02,2025-09-02,2025,29204,Ukraine: International armed conflict (IAC) - Kharkiv Oblast - 2025,,,2025-01-01,2025-12-31,,,,,,National Police of Ukraine,,"Kharkiv Oblast, Ukraine; Kupiansk, Куп’янська міська рада, Kharkiv Oblast, Ukraine","49.495609, 36.663502; 49.709961, 37.621769",State/Region/Province (ADM1); County/City/town/Village/Woreda (ADM3),Origin; Origin,Displacement without preventive evacuations reported,2025-09-03T20:28:31.670780Z,"Ukraine: 5 displacements (evacuated), 02 September - 02 September. According to National Police, a total of 5 people were evacuated in Kharkiv Oblast, Ukraine, due to military operations on 2 September. National Police of Ukraine - 02 September 2025",,Conflict
191226,Ukraine,UKR,47.96067,37.834438,"[47.96067, 37.834438]",Triangulation,Conflict,more than or equal to,68,2025-09-02,2025-09-02,2025-09-02,2025,29205,Ukraine: International armed conflict (IAC) - Donetsk Oblast - 2025,,,2025-01-01,2025-12-31,,,,,,National Police of Ukraine,,"Donetsk Oblast, Ukraine","47.96067, 37.834438",State/Region/Province (ADM1),Origin,,2025-09-03T19:57:14.441712Z,"Ukraine: 68 displacements (destroyed housing), 02 September - 02 September. According to National Police, 27 residential buildings were destroyed in Donetsk Oblast, Ukraine due to military operations on 02 September. National Police of Ukraine - 03 September 2025",,Conflict
191230,Ukraine,UKR,47.583801,35.357948,"[47.583801, 35.357948]",Triangulation,Conflict,total,2,2025-09-01,2025-09-01,2025-09-01,2025,29232,Ukraine: International armed conflict (IAC) - Zaporizhia Oblast - 2025,,,2025-01-01,2025-12-31,,,,,,National Police of Ukraine,,"Stepnohirsk, Vasylivka Raion, Zaporizhia Oblast, Ukraine","47.583801, 35.357948",County/City/town/Village/Woreda (ADM3),Origin,Displacement without preventive evacuations reported,2025-09-03T20:21:00.146026Z,"Ukraine: 2 displacements (evacuated), 01 September - 01 September. According to National Police, two people were evacuated in Stepnohirsk, Vasylivka Raion, Zaporizhia Oblast, Ukraine due to military operations on 1 September. National Police of Ukraine - 02 September 2025",,Conflict
191229,Ukraine,UKR,47.96067,37.834438,"[47.96067, 37.834438]",Triangulation,Conflict,more than or equal to,18,2025-09-01,2025-09-01,2025-09-01,2025,29205,Ukraine: International armed conflict (IAC) - Donetsk Oblast - 2025,,,2025-01-01,2025-12-31,,,,,,National Police of Ukraine,,"Donetsk Oblast, Ukraine","47.96067, 37.834438",State/Region/Province (ADM1),Origin,,2025-09-03T20:14:49.550569Z,"Ukraine: 18 displacements (destroyed housing), 01 September - 01 September. According to National Police, 7 residential buildings were destroyed in Donetsk Oblast, Ukraine due to military operations on 01 September. National Police of Ukraine - 02 September 2025",,Conflict
191081,Ukraine,UKR,47.96067,37.834438,"[47.96067, 37.834438]",Triangulation,Conflict,more than or equal to,68,2025-08-31,2025-08-31,2025-08-31,2025,29205,Ukraine: International armed conflict (IAC) - Donetsk Oblast - 2025,,,2025-01-01,2025-12-31,,,,,,National Police of Ukraine,,"Donetsk Oblast, Ukraine","47.96067, 37.834438",State/Region/Province (ADM1),Origin,,2025-09-02T03:50:18.338188Z,"Ukraine: 68 displacements (destroyed housing), 31 August - 31 August. According to National Police, 27 residential buildings were destroyed in Donetsk Oblast, Ukraine due to military operations on 30 August. National Police of Ukraine - 31 August 2025",,Conflict
191079,Ukraine,UKR,47.619308,35.286819,"[47.619308, 35.286819]",Triangulation,Conflict,total,2,2025-08-31,2025-08-31,2025-08-31,2025,29232,Ukraine: International armed conflict (IAC) - Zaporizhia Oblast - 2025,,,2025-01-01,2025-12-31,,,,,,National Police of Ukraine,,"Приморське, Vasylivka Raion, Zaporizhia Oblast, Ukraine","47.619308, 35.286819",County/City/town/Village/Woreda (ADM3),Origin,Displacement without preventive evacuations reported,2025-09-02T03:30:38.800799Z,"Ukraine: 2 displacements (evacuated), 31 August - 31 August. A total of 2 people were evacuated due military operations on 31 August in Приморське, Vasylivka Raion, Zaporizhia Oblast, Ukraine, according to National Police. National Police of Ukraine - 01 September 2025",,Conflict
191080,Ukraine,UKR,47.96067,37.834438,"[47.96067, 37.834438]",Triangulation,Conflict,more than or equal to,53,2025-08-31,2025-08-31,2025-08-31,2025,29205,Ukraine: International armed conflict (IAC) - Donetsk Oblast - 2025,,,2025-01-01,2025-12-31,,,,,,National Police of Ukraine,,"Donetsk Oblast, Ukraine","47.96067, 37.834438",State/Region/Province (ADM1),Origin,,2025-09-02T03:42:32.398747Z,"Ukraine: 53 displacements (destroyed housing), 31 August - 31 August. According to National Police, 21 residential buildings were destroyed in Donetsk Oblast, Ukraine due to military operations on 31 August. National Police of Ukraine - 01 September 2025",,Conflict
191082,Ukraine,UKR,49.4684905,32.242169,"[49.4684905, 32.242169]",Triangulation,Conflict,total,8,2025-08-30,2025-08-30,2025-08-30,2025,29205,Ukraine: International armed conflict (IAC) - Donetsk Oblast - 2025,,,2025-01-01,2025-12-31,,,,,,National Police of Ukraine,,"Donetsk Oblast, Ukraine; Rivne Oblast, Ukraine","47.96067, 37.834438; 50.976311, 26.6499",State/Region/Province (ADM1); State/Region/Province (ADM1),Origin; Destination,Displacement without preventive evacuations reported,2025-09-02T04:02:26.639576Z,"Ukraine: 8 displacements (evacuated), 30 August - 30 August. According to National Police, a total of 8 people were evacuated in Donetsk Oblast, Ukraine to Rivne Oblast, Ukraine due to military operations on 30 August. National Police of Ukraine - 30 August 2025",,Conflict
191083,Ukraine,UKR,47.96067,37.834438,"[47.96067, 37.834438]",Triangulation,Conflict,more than or equal to,53,2025-08-29,2025-08-29,2025-08-29,2025,29205,Ukraine: International armed conflict (IAC) - Donetsk Oblast - 2025,,,2025-01-01,2025-12-31,,,,,,National Police of Ukraine,,"Donetsk Oblast, Ukraine","47.96067, 37.834438",State/Region/Province (ADM1),Origin,,2025-09-02T04:07:58.418319Z,"Ukraine: 53 displacements (destroyed housing), 29 August - 29 August. According to National Police, 21 residential buildings were destroyed in Donetsk Oblast, Ukraine due to military operations on 29 August. National Police of Ukraine - 30 August 2025",,Conflict
190982,Ukraine,UKR,47.861824,35.3664705,"[47.861824, 35.3664705]",Triangulation,Conflict,total,5,2025-08-29,2025-08-29,2025-08-29,2025,29199,Ukraine: International armed conflict (IAC) - Dnipropetrovsk Oblast - 2025,,,2025-01-01,2025-12-31,,,,,,National Police of Ukraine,,"Nikopol Raion, Dnipropetrovsk Oblast, Ukraine; Pokrovske Raion, Dnipropetrovsk Oblast, Ukraine","47.72633, 34.413109; 47.997318, 36.319832",District/Zone/Department (ADM2); District/Zone/Department (ADM2),Origin; Origin,,2025-08-29T14:51:59.680289Z,"Ukraine: 5 displacements (destroyed housing), 29 August - 29 August. A total of 2 households were displaced due to destroyed housing due to military operations on 29 August in Nikopol and Pokrovske Raion, Dnipropetrovsk Oblast, Ukraine, according to National Police. National Police of Ukraine - 29 August 2025",,Conflict
191084,Ukraine,UKR,47.619308,35.286819,"[47.619308, 35.286819]",Triangulation,Conflict,total,2,2025-08-29,2025-08-29,2025-08-29,2025,29232,Ukraine: International armed conflict (IAC) - Zaporizhia Oblast - 2025,,,2025-01-01,2025-12-31,,,,,,National Police of Ukraine,,"Приморське, Vasylivka Raion, Zaporizhia Oblast, Ukraine","47.619308, 35.286819",County/City/town/Village/Woreda (ADM3),Origin,Displacement without preventive evacuations reported,2025-09-02T04:13:07.468912Z,"Ukraine: 2 displacements (evacuated), 29 August - 29 August. According to National Police, a total of 2 people were evacuated in Приморське, Vasylivka Raion, Zaporizhia Oblast, Ukraine due to military operations on 29 August. National Police of Ukraine - 30 August 2025",,Conflict
190983,Ukraine,UKR,47.619308,35.286819,"[47.619308, 35.286819]",Triangulation,Conflict,total,2,2025-08-28,2025-08-28,2025-08-28,2025,29232,Ukraine: International armed conflict (IAC) - Zaporizhia Oblast - 2025,,,2025-01-01,2025-12-31,,,,,,National Police of Ukraine,,"Приморське, Vasylivka Raion, Zaporizhia Oblast, Ukraine","47.619308, 35.286819",County/City/town/Village/Woreda (ADM3),Origin,Displacement without preventive evacuations reported,2025-08-29T14:57:52.459534Z,"Ukraine: 2 displacements (evacuated), 28 August - 28 August. According to National Police, a total of 2 people were evacuated in Приморське, Vasylivka Raion, Zaporizhia Oblast, Ukraine due to military operations on 28 August. National Police of Ukraine - 29 August 2025",,Conflict
191085,Ukraine,UKR,49.4684905,32.242169,"[49.4684905, 32.242169]",Triangulation,Conflict,total,14,2025-08-28,2025-08-28,2025-08-28,2025,29205,Ukraine: International armed conflict (IAC) - Donetsk Oblast - 2025,,,2025-01-01,2025-12-31,,,,,,National Police of Ukraine,,"Donetsk Oblast, Ukraine; Rivne Oblast, Ukraine","47.96067, 37.834438; 50.976311, 26.6499",State/Region/Province (ADM1); State/Region/Province (ADM1),Origin; Destination,Displacement without preventive evacuations reported,2025-09-02T04:25:57.630476Z,"Ukraine: 14 displacements (evacuated), 28 August - 28 August. A total of 14 people were evacuated due to military operations on 28 August from Donetsk Oblast, Ukraine to Rivne Oblast, Ukraine, according to National Police. National Police of Ukraine - 28 August 2025",,Conflict
191087,Ukraine,UKR,48.324242,35.165649,"[48.324242, 35.165649]",Triangulation,Conflict,more than or equal to,81,2025-08-28,2025-08-28,2025-08-28,2025,29199,Ukraine: International armed conflict (IAC) - Dnipropetrovsk Oblast - 2025,,,2025-01-01,2025-12-31,,,,,,National Police of Ukraine,,"Dnipropetrovsk Oblast, Ukraine","48.324242, 35.165649",State/Region/Province (ADM1),Origin,,2025-09-02T04:47:08.196638Z,"Ukraine: 81 displacements (destroyed housing), 28 August - 28 August. According to National Police, more than 32 households were destroyed in Dnipropetrovsk Oblast, Ukraine due to military operations on 28 August. National Police of Ukraine - 28 August 2025",,Conflict
191089,Ukraine,UKR,47.96067,37.834438,"[47.96067, 37.834438]",Triangulation,Conflict,more than or equal to,147,2025-08-28,2025-08-28,2025-08-28,2025,29205,Ukraine: International armed conflict (IAC) - Donetsk Oblast - 2025,,,2025-01-01,2025-12-31,,,,,,National Police of Ukraine,,"Donetsk Oblast, Ukraine","47.96067, 37.834438",State/Region/Province (ADM1),Origin,,2025-09-02T04:59:00.168140Z,"Ukraine: 147 displacements (destroyed housing), 28 August - 28 August. According to National Police, 58 residential buildings were destroyed in Donetsk Oblast, Ukraine due to military operations on 28 August. National Police of Ukraine - 29 August 2025",,Conflict
