id,country,iso3,latitude,longitude,centroid,role,displacement_type,qualifier,figure,displacement_date,displacement_start_date,displacement_end_date,year,event_id,event_name,event_codes,event_code_types,event_start_date,event_end_date,category,subcategory,type,subtype,old_id,sources,source_url,locations_name,locations_coordinates,locations_accuracy,locations_type,displacement_occurred,created_at,description,link,combined_type
220281,Brazil,BRA,-26.93207,-49.35196,"[-26.93207, -49.35196]",Recommended figure,Disaster,total,8,2025-12-30,2025-12-30,2025-12-30,2025,38984,Brazil: Storm - Santa Catarina (Rodeio) - 30/12/2025,,,2025-12-30,2025-12-30,Weather related,Meteorological,Storm,Storm,,Secretaria Nacional de Proteção e Defesa Civil (SEDEC),,"Rodeio, Santa Catarina, Brazil","-26.93207, -49.35196",District/Zone/Department (ADM2),Origin,,2026-01-20T20:47:53.322183Z,"Brazil: 8 displacements, 30 December - 30 December. According to the Secretaria Nacional de Proteção e Defesa Civil (SEDEC), based on data from Brazil's Integrated System on Disaster Information (S2ID), 8 people were displaced from Rodeio, Santa Catarina on 30 December 2025 due to Storm. Secretaria Nacional de Proteção e Defesa Civil (SEDEC) - 15 January 2026",,Storm
220279,Brazil,BRA,-27.89154,-53.1122,"[-27.89154, -53.1122]",Recommended figure,Disaster,total,10,2025-12-30,2025-12-30,2025-12-30,2025,38983,Brazil: Storm - Rio Grande do Sul (Novo Barreiro) - 30/12/2025,,,2025-12-30,2025-12-30,Weather related,Meteorological,Storm,Storm,,Secretaria Nacional de Proteção e Defesa Civil (SEDEC),,"Novo Barreiro, Rio Grande do Sul, Brazil","-27.89154, -53.1122",District/Zone/Department (ADM2),Origin,,2026-01-20T20:47:53.178191Z,"Brazil: 10 displacements, 30 December - 30 December. According to the Secretaria Nacional de Proteção e Defesa Civil (SEDEC), based on data from Brazil's Integrated System on Disaster Information (S2ID), 10 people were displaced from Novo Barreiro, Rio Grande Do Sul on 30 December 2025 due to Storm. Secretaria Nacional de Proteção e Defesa Civil (SEDEC) - 15 January 2026",,Storm
220284,Brazil,BRA,-18.79532,-43.37002,"[-18.79532, -43.37002]",Recommended figure,Disaster,total,3,2025-12-30,2025-12-30,2025-12-30,2025,38979,Brazil: Storm - Minas Gerais (Alvorada de Minas) - 30/12/2025,,,2025-12-30,2025-12-30,Weather related,Meteorological,Storm,Storm,,Secretaria Nacional de Proteção e Defesa Civil (SEDEC),,"Alvorada de Minas, Minas Gerais, Brazil","-18.79532, -43.37002",District/Zone/Department (ADM2),Origin,,2026-01-20T20:47:53.504084Z,"Brazil: 3 displacements, 30 December - 30 December. According to the Secretaria Nacional de Proteção e Defesa Civil (SEDEC), based on data from Brazil's Integrated System on Disaster Information (S2ID), 3 people were displaced from Alvorada De Minas, Minas Gerais on 30 December 2025 due to Storm. Secretaria Nacional de Proteção e Defesa Civil (SEDEC) - 15 January 2026",,Storm
220282,Brazil,BRA,-27.11339,-48.90393,"[-27.11339, -48.90393]",Recommended figure,Disaster,total,103,2025-12-30,2025-12-30,2025-12-30,2025,38982,Brazil: Storm - Santa Catarina (Brusque) - 30/12/2025,,,2025-12-30,2025-12-30,Weather related,Meteorological,Storm,Storm,,Secretaria Nacional de Proteção e Defesa Civil (SEDEC),,"Brusque, Santa Catarina, Brazil","-27.11339, -48.90393",District/Zone/Department (ADM2),Origin,,2026-01-20T20:47:53.383743Z,"Brazil: 103 displacements, 30 December - 30 December. According to the Secretaria Nacional de Proteção e Defesa Civil (SEDEC), based on data from Brazil's Integrated System on Disaster Information (S2ID), 103 people were displaced from Brusque, Santa Catarina on 30 December 2025 due to Storm. Secretaria Nacional de Proteção e Defesa Civil (SEDEC) - 15 January 2026",,Storm
220280,Brazil,BRA,-26.4189,-48.65147,"[-26.4189, -48.65147]",Recommended figure,Disaster,total,63,2025-12-30,2025-12-30,2025-12-30,2025,38980,Brazil: Storm - Santa Catarina (Balneário Barra do Sul) - 30/12/2025,,,2025-12-30,2025-12-30,Weather related,Meteorological,Storm,Storm,,Secretaria Nacional de Proteção e Defesa Civil (SEDEC),,"Balneário Barra do Sul, Santa Catarina, Brazil","-26.4189, -48.65147",District/Zone/Department (ADM2),Origin,,2026-01-20T20:47:53.254209Z,"Brazil: 63 displacements, 30 December - 30 December. According to the Secretaria Nacional de Proteção e Defesa Civil (SEDEC), based on data from Brazil's Integrated System on Disaster Information (S2ID), 63 people were displaced from Balneário Barra Do Sul, Santa Catarina on 30 December 2025 due to Storm. Secretaria Nacional de Proteção e Defesa Civil (SEDEC) - 15 January 2026",,Storm
220283,Brazil,BRA,-27.91562,-53.03286,"[-27.91562, -53.03286]",Recommended figure,Disaster,total,100,2025-12-30,2025-12-30,2025-12-30,2025,38981,Brazil: Storm - Rio Grande do Sul (Barra Funda) - 30/12/2025,,,2025-12-30,2025-12-30,Weather related,Meteorological,Storm,Storm,,Secretaria Nacional de Proteção e Defesa Civil (SEDEC),,"Barra Funda, Rio Grande do Sul, Brazil","-27.91562, -53.03286",District/Zone/Department (ADM2),Origin,,2026-01-20T20:47:53.444350Z,"Brazil: 100 displacements, 30 December - 30 December. According to the Secretaria Nacional de Proteção e Defesa Civil (SEDEC), based on data from Brazil's Integrated System on Disaster Information (S2ID), 100 people were displaced from Barra Funda, Rio Grande Do Sul on 30 December 2025 due to Storm. Secretaria Nacional de Proteção e Defesa Civil (SEDEC) - 15 January 2026",,Storm
220291,Brazil,BRA,-7.44532,-57.30272,"[-7.44532, -57.30272]",Recommended figure,Disaster,total,1668,2025-12-29,2025-12-29,2025-12-29,2025,38977,Brazil: Storm - Pará (Jacareacanga) - 29/12/2025,,,2025-12-29,2025-12-29,Weather related,Meteorological,Storm,Storm,,Secretaria Nacional de Proteção e Defesa Civil (SEDEC),,"Jacareacanga, Pará, Brazil","-7.44532, -57.30272",District/Zone/Department (ADM2),Origin,,2026-01-20T20:47:53.945593Z,"Brazil: 1,668 displacements, 29 December - 29 December. According to the Secretaria Nacional de Proteção e Defesa Civil (SEDEC), based on data from Brazil's Integrated System on Disaster Information (S2ID), 1668 people were displaced from Jacareacanga, Pará on 29 December 2025 due to Storm. Secretaria Nacional de Proteção e Defesa Civil (SEDEC) - 15 January 2026",,Storm
220286,Brazil,BRA,-9.65038,-67.77733,"[-9.65038, -67.77733]",Recommended figure,Disaster,total,450,2025-12-29,2025-12-29,2025-12-29,2025,38298,Brazil: Flood - Acre (Porto Acre) - 29/12/2025,,,2025-12-29,2025-12-29,Weather related,Hydrological,Flood,Flood,,Secretaria Nacional de Proteção e Defesa Civil (SEDEC),,"Porto Acre, Acre, Brazil","-9.65038, -67.77733",District/Zone/Department (ADM2),Origin,,2026-01-20T20:47:53.631076Z,"Brazil: 450 displacements, 29 December - 29 December. According to the Secretaria Nacional de Proteção e Defesa Civil (SEDEC), based on data from Brazil's Integrated System on Disaster Information (S2ID), 450 people were displaced from Porto Acre, Acre on 29 December 2025 due to Flood. Secretaria Nacional de Proteção e Defesa Civil (SEDEC) - 15 January 2026",,Flood
220287,Brazil,BRA,-10.29428,-67.26817,"[-10.29428, -67.26817]",Recommended figure,Disaster,total,1,2025-12-29,2025-12-29,2025-12-29,2025,38297,Brazil: Flood - Acre (Plácido de Castro) - 29/12/2025,,,2025-12-29,2025-12-29,Weather related,Hydrological,Flood,Flood,,Secretaria Nacional de Proteção e Defesa Civil (SEDEC),,"Plácido de Castro, Acre, Brazil","-10.29428, -67.26817",District/Zone/Department (ADM2),Origin,,2026-01-20T20:47:53.694366Z,"Brazil: 1 displacement (multiple/other), 29 December - 29 December. According to the Secretaria Nacional de Proteção e Defesa Civil (SEDEC), based on data from Brazil's Integrated System on Disaster Information (S2ID), one person was displaced from Plácido De Castro, Acre on 29 December 2025 due to Flood. Secretaria Nacional de Proteção e Defesa Civil (SEDEC) - 15 January 2026",,Flood
220288,Brazil,BRA,-9.410245024043865,-70.39574572980743,"[-9.410245024043865, -70.39574572980743]",Recommended figure,Disaster,total,600,2025-12-29,2025-12-29,2025-12-29,2025,38299,Brazil: Flood - Acre (Santa Rosa do Purus) - 29/12/2025,,,2025-12-29,2025-12-29,Weather related,Hydrological,Flood,Flood,,Secretaria Nacional de Proteção e Defesa Civil (SEDEC),,"Santa Rosa do Purus, Acre","-9.410245024043865, -70.39574572980743",District/Zone/Department (ADM2),Origin,,2026-01-20T20:47:53.760698Z,"Brazil: 600 displacements, 29 December - 29 December. According to the Secretaria Nacional de Proteção e Defesa Civil (SEDEC), based on data from Brazil's Integrated System on Disaster Information (S2ID), 600 people were displaced from Santa Rosa Do Purus, Acre on 29 December 2025 due to Flood. Secretaria Nacional de Proteção e Defesa Civil (SEDEC) - 15 January 2026",,Flood
220290,Brazil,BRA,-27.80195,-48.65914,"[-27.80195, -48.65914]",Recommended figure,Disaster,total,18,2025-12-29,2025-12-29,2025-12-29,2025,38978,Brazil: Storm - Santa Catarina (Palhoça) - 29/12/2025,,,2025-12-29,2025-12-29,Weather related,Meteorological,Storm,Storm,,Secretaria Nacional de Proteção e Defesa Civil (SEDEC),,"Palhoça, Santa Catarina, Brazil","-27.80195, -48.65914",District/Zone/Department (ADM2),Origin,,2026-01-20T20:47:53.884269Z,"Brazil: 18 displacements, 29 December - 29 December. According to the Secretaria Nacional de Proteção e Defesa Civil (SEDEC), based on data from Brazil's Integrated System on Disaster Information (S2ID), 18 people were displaced from Palhoça, Santa Catarina on 29 December 2025 due to Storm. Secretaria Nacional de Proteção e Defesa Civil (SEDEC) - 15 January 2026",,Storm
220289,Brazil,BRA,-8.90496,-70.91489,"[-8.90496, -70.91489]",Recommended figure,Disaster,total,10,2025-12-29,2025-12-29,2025-12-29,2025,38296,Brazil: Flood - Acre (Feijó) - 29/12/2025,,,2025-12-29,2025-12-29,Weather related,Hydrological,Flood,Flood,,Secretaria Nacional de Proteção e Defesa Civil (SEDEC),,"Feijó, Acre, Brazil","-8.90496, -70.91489",District/Zone/Department (ADM2),Origin,,2026-01-20T20:47:53.820719Z,"Brazil: 10 displacements, 29 December - 29 December. According to the Secretaria Nacional de Proteção e Defesa Civil (SEDEC), based on data from Brazil's Integrated System on Disaster Information (S2ID), 10 people were displaced from Feijó, Acre on 29 December 2025 due to Flood. Secretaria Nacional de Proteção e Defesa Civil (SEDEC) - 15 January 2026",,Flood
220292,Brazil,BRA,-8.239026254323424,-71.44486047921998,"[-8.239026254323424, -71.44486047921998]",Recommended figure,Disaster,total,81,2025-12-27,2025-12-27,2025-12-27,2025,38295,Brazil: Flood - Acre (Tarauacá) - 27/12/2025,,,2025-12-27,2025-12-27,Weather related,Hydrological,Flood,Flood,,Secretaria Nacional de Proteção e Defesa Civil (SEDEC),,"Tarauacá, Acre","-8.239026254323424, -71.44486047921998",District/Zone/Department (ADM2),Origin,,2026-01-20T20:47:54.006395Z,"Brazil: 81 displacements, 27 December - 27 December. According to the Secretaria Nacional de Proteção e Defesa Civil (SEDEC), based on data from Brazil's Integrated System on Disaster Information (S2ID), 81 people were displaced from Tarauacá, Acre on 27 December 2025 due to Flood. Secretaria Nacional de Proteção e Defesa Civil (SEDEC) - 15 January 2026",,Flood
220293,Brazil,BRA,-18.23315,-45.61317,"[-18.23315, -45.61317]",Recommended figure,Disaster,total,50,2025-12-26,2025-12-26,2025-12-26,2025,38976,Brazil: Storm - Minas Gerais (São Gonçalo do Abaeté) - 26/12/2025,,,2025-12-26,2025-12-26,Weather related,Meteorological,Storm,Storm,,Secretaria Nacional de Proteção e Defesa Civil (SEDEC),,"São Gonçalo do Abaeté, Minas Gerais, Brazil","-18.23315, -45.61317",District/Zone/Department (ADM2),Origin,,2026-01-20T20:47:54.084162Z,"Brazil: 50 displacements, 26 December - 26 December. According to the Secretaria Nacional de Proteção e Defesa Civil (SEDEC), based on data from Brazil's Integrated System on Disaster Information (S2ID), 50 people were displaced from São Gonçalo Do Abaeté, Minas Gerais on 26 December 2025 due to Storm. Secretaria Nacional de Proteção e Defesa Civil (SEDEC) - 15 January 2026",,Storm
220294,Brazil,BRA,-29.4071,-53.4324,"[-29.4071, -53.4324]",Recommended figure,Disaster,total,5,2025-12-25,2025-12-25,2025-12-25,2025,38975,Brazil: Storm - Rio Grande do Sul (Nova Palma) - 25/12/2025,,,2025-12-25,2025-12-25,Weather related,Meteorological,Storm,Storm,,Secretaria Nacional de Proteção e Defesa Civil (SEDEC),,"Nova Palma, Rio Grande do Sul, Brazil","-29.4071, -53.4324",District/Zone/Department (ADM2),Origin,,2026-01-20T20:47:54.147347Z,"Brazil: 5 displacements, 25 December - 25 December. According to the Secretaria Nacional de Proteção e Defesa Civil (SEDEC), based on data from Brazil's Integrated System on Disaster Information (S2ID), 5 people were displaced from Nova Palma, Rio Grande Do Sul on 25 December 2025 due to Storm. Secretaria Nacional de Proteção e Defesa Civil (SEDEC) - 15 January 2026",,Storm
220298,Brazil,BRA,-29.18784,-51.3402,"[-29.18784, -51.3402]",Recommended figure,Disaster,total,5,2025-12-23,2025-12-23,2025-12-23,2025,38973,Brazil: Storm - Rio Grande do Sul (Farroupilha) - 23/12/2025,,,2025-12-23,2025-12-23,Weather related,Meteorological,Storm,Storm,,Secretaria Nacional de Proteção e Defesa Civil (SEDEC),,"Farroupilha, Rio Grande do Sul, Brazil","-29.18784, -51.3402",District/Zone/Department (ADM2),Origin,,2026-01-20T20:47:54.405756Z,"Brazil: 5 displacements, 23 December - 23 December. According to the Secretaria Nacional de Proteção e Defesa Civil (SEDEC), based on data from Brazil's Integrated System on Disaster Information (S2ID), 5 people were displaced from Farroupilha, Rio Grande Do Sul on 23 December 2025 due to Storm. Secretaria Nacional de Proteção e Defesa Civil (SEDEC) - 15 January 2026",,Storm
220295,Brazil,BRA,-13.26141,-44.378,"[-13.26141, -44.378]",Recommended figure,Disaster,total,990,2025-12-23,2025-12-23,2025-12-23,2025,38974,Brazil: Storm - Bahia (Santa Maria da Vitória) - 23/12/2025,,,2025-12-23,2025-12-23,Weather related,Meteorological,Storm,Storm,,Secretaria Nacional de Proteção e Defesa Civil (SEDEC),,"Santa Maria da Vitória, Bahia, Brazil","-13.26141, -44.378",District/Zone/Department (ADM2),Origin,,2026-01-20T20:47:54.209155Z,"Brazil: 990 displacements, 23 December - 23 December. According to the Secretaria Nacional de Proteção e Defesa Civil (SEDEC), based on data from Brazil's Integrated System on Disaster Information (S2ID), 990 people were displaced from Santa Maria Da Vitória, Bahia on 23 December 2025 due to Storm. Secretaria Nacional de Proteção e Defesa Civil (SEDEC) - 15 January 2026",,Storm
220299,Brazil,BRA,-3.22634,-47.68139,"[-3.22634, -47.68139]",Recommended figure,Disaster,total,13,2025-12-21,2025-12-21,2025-12-21,2025,38972,Brazil: Storm - Pará (Paragominas) - 21/12/2025,,,2025-12-21,2025-12-21,Weather related,Meteorological,Storm,Storm,,Secretaria Nacional de Proteção e Defesa Civil (SEDEC),,"Paragominas, Pará, Brazil","-3.22634, -47.68139",District/Zone/Department (ADM2),Origin,,2026-01-20T20:47:54.511179Z,"Brazil: 13 displacements, 21 December - 21 December. According to the Secretaria Nacional de Proteção e Defesa Civil (SEDEC), based on data from Brazil's Integrated System on Disaster Information (S2ID), 13 people were displaced from Paragominas, Pará on 21 December 2025 due to Storm. Secretaria Nacional de Proteção e Defesa Civil (SEDEC) - 15 January 2026",,Storm
220301,Brazil,BRA,-2.67922,-55.23829,"[-2.67922, -55.23829]",Recommended figure,Disaster,total,3,2025-12-19,2025-12-19,2025-12-19,2025,38294,Brazil: Flood - Pará (Santarém) - 19/12/2025,,,2025-12-19,2025-12-19,Weather related,Hydrological,Flood,Flood,,Secretaria Nacional de Proteção e Defesa Civil (SEDEC),,"Santarém, Pará, Brazil","-2.67922, -55.23829",District/Zone/Department (ADM2),Origin,,2026-01-20T20:47:54.745387Z,"Brazil: 3 displacements, 19 December - 19 December. According to the Secretaria Nacional de Proteção e Defesa Civil (SEDEC), based on data from Brazil's Integrated System on Disaster Information (S2ID), 3 people were displaced from Santarém, Pará on 19 December 2025 due to Flood. Secretaria Nacional de Proteção e Defesa Civil (SEDEC) - 15 January 2026",,Flood
220300,Brazil,BRA,-12.32606,-50.91431,"[-12.32606, -50.91431]",Recommended figure,Disaster,total,8,2025-12-19,2025-12-19,2025-12-19,2025,38093,Brazil: Erosion - Mato Grosso (Novo Santo Antônio) - 19/12/2025,,,2025-12-19,2025-12-19,Weather related,Climatological,Erosion,Erosion,,Secretaria Nacional de Proteção e Defesa Civil (SEDEC),,"Novo Santo Antônio, Mato Grosso, Brazil","-12.32606, -50.91431",District/Zone/Department (ADM2),Origin,,2026-01-20T20:47:54.625064Z,"Brazil: 8 displacements, 19 December - 19 December. According to the Secretaria Nacional de Proteção e Defesa Civil (SEDEC), based on data from Brazil's Integrated System on Disaster Information (S2ID), 8 people were displaced from Novo Santo Antônio, Mato Grosso on 19 December 2025 due to Erosion. Secretaria Nacional de Proteção e Defesa Civil (SEDEC) - 15 January 2026",,Erosion
220303,Brazil,BRA,-7.736836384361566,-50.12365617216454,"[-7.736836384361566, -50.12365617216454]",Recommended figure,Disaster,total,16,2025-12-18,2025-12-18,2025-12-18,2025,38971,Brazil: Storm - Pará (Pau D`Arco) - 18/12/2025,,,2025-12-18,2025-12-18,Weather related,Meteorological,Storm,Storm,,Secretaria Nacional de Proteção e Defesa Civil (SEDEC),,"Pau D'Arco, Para","-7.736836384361566, -50.12365617216454",District/Zone/Department (ADM2),Origin,,2026-01-20T20:47:54.920906Z,"Brazil: 16 displacements, 18 December - 18 December. According to the Secretaria Nacional de Proteção e Defesa Civil (SEDEC), based on data from Brazil's Integrated System on Disaster Information (S2ID), 16 people were displaced from Pau D`arco, Pará on 18 December 2025 due to Storm. Secretaria Nacional de Proteção e Defesa Civil (SEDEC) - 15 January 2026",,Storm
220304,Brazil,BRA,-19.63694,-46.19815,"[-19.63694, -46.19815]",Recommended figure,Disaster,total,2,2025-12-17,2025-12-17,2025-12-17,2025,38965,Brazil: Storm - Minas Gerais (Campos Altos) - 17/12/2025,,,2025-12-17,2025-12-17,Weather related,Meteorological,Storm,Storm,,Secretaria Nacional de Proteção e Defesa Civil (SEDEC),,"Campos Altos, Minas Gerais, Brazil","-19.63694, -46.19815",District/Zone/Department (ADM2),Origin,,2026-01-20T20:47:58.579015Z,"Brazil: 2 displacements, 17 December - 17 December. According to the Secretaria Nacional de Proteção e Defesa Civil (SEDEC), based on data from Brazil's Integrated System on Disaster Information (S2ID), 2 people were displaced from Campos Altos, Minas Gerais on 17 December 2025 due to Storm. Secretaria Nacional de Proteção e Defesa Civil (SEDEC) - 15 January 2026",,Storm
220305,Brazil,BRA,-21.8843,-42.3222,"[-21.8843, -42.3222]",Recommended figure,Disaster,total,1,2025-12-17,2025-12-17,2025-12-17,2025,38966,Brazil: Storm - Rio de Janeiro (Cantagalo) - 17/12/2025,,,2025-12-17,2025-12-17,Weather related,Meteorological,Storm,Storm,,Secretaria Nacional de Proteção e Defesa Civil (SEDEC),,"Cantagalo, Rio de Janeiro, Brazil","-21.8843, -42.3222",District/Zone/Department (ADM2),Origin,,2026-01-20T20:47:58.646703Z,"Brazil: 1 displacement (multiple/other), 17 December - 17 December. According to the Secretaria Nacional de Proteção e Defesa Civil (SEDEC), based on data from Brazil's Integrated System on Disaster Information (S2ID), one person was displaced from Cantagalo, Rio De Janeiro on 17 December 2025 due to Storm. Secretaria Nacional de Proteção e Defesa Civil (SEDEC) - 15 January 2026",,Storm
220306,Brazil,BRA,-21.10474,-41.37566,"[-21.10474, -41.37566]",Recommended figure,Disaster,total,2,2025-12-17,2025-12-17,2025-12-17,2025,38968,Brazil: Storm - Espírito Santo (Mimoso do Sul) - 17/12/2025,,,2025-12-17,2025-12-17,Weather related,Meteorological,Storm,Storm,,Secretaria Nacional de Proteção e Defesa Civil (SEDEC),,"Mimoso do Sul, Espírito Santo, Brazil","-21.10474, -41.37566",District/Zone/Department (ADM2),Origin,,2026-01-20T20:47:58.710020Z,"Brazil: 2 displacements, 17 December - 17 December. According to the Secretaria Nacional de Proteção e Defesa Civil (SEDEC), based on data from Brazil's Integrated System on Disaster Information (S2ID), 2 people were displaced from Mimoso Do Sul, Espírito Santo on 17 December 2025 due to Storm. Secretaria Nacional de Proteção e Defesa Civil (SEDEC) - 15 January 2026",,Storm
220309,Brazil,BRA,-21.30413,-42.88194,"[-21.30413, -42.88194]",Recommended figure,Disaster,total,127,2025-12-17,2025-12-17,2025-12-17,2025,38964,Brazil: Storm - Minas Gerais (Astolfo Dutra) - 17/12/2025,,,2025-12-17,2025-12-17,Weather related,Meteorological,Storm,Storm,,Secretaria Nacional de Proteção e Defesa Civil (SEDEC),,"Astolfo Dutra, Minas Gerais, Brazil","-21.30413, -42.88194",District/Zone/Department (ADM2),Origin,,2026-01-20T20:47:58.898337Z,"Brazil: 127 displacements, 17 December - 17 December. According to the Secretaria Nacional de Proteção e Defesa Civil (SEDEC), based on data from Brazil's Integrated System on Disaster Information (S2ID), 127 people were displaced from Astolfo Dutra, Minas Gerais on 17 December 2025 due to Storm. Secretaria Nacional de Proteção e Defesa Civil (SEDEC) - 15 January 2026",,Storm
220311,Brazil,BRA,-21.46849413731614,-43.14385204664966,"[-21.46849413731614, -43.14385204664966]",Recommended figure,Disaster,total,200,2025-12-17,2025-12-17,2025-12-17,2025,38970,Brazil: Storm - Minas Gerais (Rio Novo) - 17/12/2025,,,2025-12-17,2025-12-17,Weather related,Meteorological,Storm,Storm,,Secretaria Nacional de Proteção e Defesa Civil (SEDEC),,"Rio Novo, Minas Gerais","-21.46849413731614, -43.14385204664966",District/Zone/Department (ADM2),Origin,,2026-01-20T20:47:59.026349Z,"Brazil: 200 displacements, 17 December - 17 December. According to the Secretaria Nacional de Proteção e Defesa Civil (SEDEC), based on data from Brazil's Integrated System on Disaster Information (S2ID), 200 people were displaced from Rio Novo, Minas Gerais on 17 December 2025 due to Storm. Secretaria Nacional de Proteção e Defesa Civil (SEDEC) - 15 January 2026",,Storm
220307,Brazil,BRA,-22.6349,-43.12056,"[-22.6349, -43.12056]",Recommended figure,Disaster,total,12,2025-12-17,2025-12-17,2025-12-17,2025,38967,Brazil: Storm - Rio de Janeiro (Magé) - 17/12/2025,,,2025-12-17,2025-12-17,Weather related,Meteorological,Storm,Storm,,Secretaria Nacional de Proteção e Defesa Civil (SEDEC),,"Magé, Rio de Janeiro, Brazil","-22.6349, -43.12056",District/Zone/Department (ADM2),Origin,,2026-01-20T20:47:58.770243Z,"Brazil: 12 displacements, 17 December - 17 December. According to the Secretaria Nacional de Proteção e Defesa Civil (SEDEC), based on data from Brazil's Integrated System on Disaster Information (S2ID), 12 people were displaced from Magé, Rio De Janeiro on 17 December 2025 due to Storm. Secretaria Nacional de Proteção e Defesa Civil (SEDEC) - 15 January 2026",,Storm
220308,Brazil,BRA,-20.86034,-42.98154,"[-20.86034, -42.98154]",Recommended figure,Disaster,total,3,2025-12-17,2025-12-17,2025-12-17,2025,38969,Brazil: Storm - Minas Gerais (Paula Cândido) - 17/12/2025,,,2025-12-17,2025-12-17,Weather related,Meteorological,Storm,Storm,,Secretaria Nacional de Proteção e Defesa Civil (SEDEC),,"Paula Cândido, Minas Gerais, Brazil","-20.86034, -42.98154",District/Zone/Department (ADM2),Origin,,2026-01-20T20:47:58.832460Z,"Brazil: 3 displacements, 17 December - 17 December. According to the Secretaria Nacional de Proteção e Defesa Civil (SEDEC), based on data from Brazil's Integrated System on Disaster Information (S2ID), 3 people were displaced from Paula Cândido, Minas Gerais on 17 December 2025 due to Storm. Secretaria Nacional de Proteção e Defesa Civil (SEDEC) - 15 January 2026",,Storm
220313,Brazil,BRA,-21.74896,-43.43817,"[-21.74896, -43.43817]",Recommended figure,Disaster,total,63,2025-12-16,2025-12-16,2025-12-16,2025,38963,Brazil: Storm - Minas Gerais (Juiz de Fora) - 16/12/2025,,,2025-12-16,2025-12-16,Weather related,Meteorological,Storm,Storm,,Secretaria Nacional de Proteção e Defesa Civil (SEDEC),,"Juiz de Fora, Minas Gerais, Brazil","-21.74896, -43.43817",District/Zone/Department (ADM2),Origin,,2026-01-20T20:47:59.163120Z,"Brazil: 63 displacements, 16 December - 16 December. According to the Secretaria Nacional de Proteção e Defesa Civil (SEDEC), based on data from Brazil's Integrated System on Disaster Information (S2ID), 63 people were displaced from Juiz De Fora, Minas Gerais on 16 December 2025 due to Storm. Secretaria Nacional de Proteção e Defesa Civil (SEDEC) - 15 January 2026",,Storm
220316,Brazil,BRA,-14.98755,-44.60965,"[-14.98755, -44.60965]",Recommended figure,Disaster,total,20,2025-12-15,2025-12-15,2025-12-15,2025,38961,Brazil: Storm - Minas Gerais (Cônego Marinho) - 15/12/2025,,,2025-12-15,2025-12-15,Weather related,Meteorological,Storm,Storm,,Secretaria Nacional de Proteção e Defesa Civil (SEDEC),,"Cônego Marinho, Minas Gerais, Brazil","-14.98755, -44.60965",District/Zone/Department (ADM2),Origin,,2026-01-20T20:47:59.348472Z,"Brazil: 20 displacements, 15 December - 15 December. According to the Secretaria Nacional de Proteção e Defesa Civil (SEDEC), based on data from Brazil's Integrated System on Disaster Information (S2ID), 20 people were displaced from Cônego Marinho, Minas Gerais on 15 December 2025 due to Storm. Secretaria Nacional de Proteção e Defesa Civil (SEDEC) - 15 January 2026",,Storm
220314,Brazil,BRA,-22.02427,-42.27369,"[-22.02427, -42.27369]",Recommended figure,Disaster,total,3,2025-12-15,2025-12-15,2025-12-15,2025,38962,Brazil: Storm - Rio de Janeiro (Macuco) - 15/12/2025,,,2025-12-15,2025-12-15,Weather related,Meteorological,Storm,Storm,,Secretaria Nacional de Proteção e Defesa Civil (SEDEC),,"Macuco, Rio de Janeiro, Brazil","-22.02427, -42.27369",District/Zone/Department (ADM2),Origin,,2026-01-20T20:47:59.226448Z,"Brazil: 3 displacements, 15 December - 15 December. According to the Secretaria Nacional de Proteção e Defesa Civil (SEDEC), based on data from Brazil's Integrated System on Disaster Information (S2ID), 3 people were displaced from Macuco, Rio De Janeiro on 15 December 2025 due to Storm. Secretaria Nacional de Proteção e Defesa Civil (SEDEC) - 15 January 2026",,Storm
220318,Brazil,BRA,-23.38629,-50.43197,"[-23.38629, -50.43197]",Recommended figure,Disaster,total,4,2025-12-14,2025-12-14,2025-12-14,2025,38293,Brazil: Flood - Paraná (Ribeirão do Pinhal) - 14/12/2025,,,2025-12-14,2025-12-14,Weather related,Hydrological,Flood,Flood,,Secretaria Nacional de Proteção e Defesa Civil (SEDEC),,"Ribeirão do Pinhal, Paraná, Brazil","-23.38629, -50.43197",District/Zone/Department (ADM2),Origin,,2026-01-20T20:47:59.463876Z,"Brazil: 4 displacements, 14 December - 14 December. According to the Secretaria Nacional de Proteção e Defesa Civil (SEDEC), based on data from Brazil's Integrated System on Disaster Information (S2ID), 4 people were displaced from Ribeirão Do Pinhal, Paraná on 14 December 2025 due to Flood. Secretaria Nacional de Proteção e Defesa Civil (SEDEC) - 15 January 2026",,Flood
220317,Brazil,BRA,-22.19618,-51.13703,"[-22.19618, -51.13703]",Recommended figure,Disaster,total,4,2025-12-14,2025-12-14,2025-12-14,2025,38959,Brazil: Storm - São Paulo (Martinópolis) - 14/12/2025,,,2025-12-14,2025-12-14,Weather related,Meteorological,Storm,Storm,,Secretaria Nacional de Proteção e Defesa Civil (SEDEC),,"Martinópolis, São Paulo, Brazil","-22.19618, -51.13703",District/Zone/Department (ADM2),Origin,,2026-01-20T20:47:59.406819Z,"Brazil: 4 displacements, 14 December - 14 December. According to the Secretaria Nacional de Proteção e Defesa Civil (SEDEC), based on data from Brazil's Integrated System on Disaster Information (S2ID), 4 people were displaced from Martinópolis, São Paulo on 14 December 2025 due to Storm. Secretaria Nacional de Proteção e Defesa Civil (SEDEC) - 15 January 2026",,Storm
220319,Brazil,BRA,-19.34848,-42.17407,"[-19.34848, -42.17407]",Recommended figure,Disaster,total,3,2025-12-14,2025-12-14,2025-12-14,2025,38960,Brazil: Storm - Minas Gerais (São João do Oriente) - 14/12/2025,,,2025-12-14,2025-12-14,Weather related,Meteorological,Storm,Storm,,Secretaria Nacional de Proteção e Defesa Civil (SEDEC),,"São João do Oriente, Minas Gerais, Brazil","-19.34848, -42.17407",District/Zone/Department (ADM2),Origin,,2026-01-20T20:47:59.524905Z,"Brazil: 3 displacements, 14 December - 14 December. According to the Secretaria Nacional de Proteção e Defesa Civil (SEDEC), based on data from Brazil's Integrated System on Disaster Information (S2ID), 3 people were displaced from São João Do Oriente, Minas Gerais on 14 December 2025 due to Storm. Secretaria Nacional de Proteção e Defesa Civil (SEDEC) - 15 January 2026",,Storm
220320,Brazil,BRA,-23.27415,-50.08474,"[-23.27415, -50.08474]",Recommended figure,Disaster,total,5,2025-12-13,2025-12-13,2025-12-13,2025,38292,Brazil: Flood - Paraná (Santo Antônio da Platina) - 13/12/2025,,,2025-12-13,2025-12-13,Weather related,Hydrological,Flood,Flood,,Secretaria Nacional de Proteção e Defesa Civil (SEDEC),,"Santo Antônio da Platina, Paraná, Brazil","-23.27415, -50.08474",District/Zone/Department (ADM2),Origin,,2026-01-20T20:47:59.586526Z,"Brazil: 5 displacements, 13 December - 13 December. According to the Secretaria Nacional de Proteção e Defesa Civil (SEDEC), based on data from Brazil's Integrated System on Disaster Information (S2ID), 5 people were displaced from Santo Antônio Da Platina, Paraná on 13 December 2025 due to Flood. Secretaria Nacional de Proteção e Defesa Civil (SEDEC) - 15 January 2026",,Flood
220321,Brazil,BRA,-20.4579,-55.83801,"[-20.4579, -55.83801]",Recommended figure,Disaster,total,7,2025-12-13,2025-12-13,2025-12-13,2025,38290,Brazil: Flood - Mato Grosso do Sul (Aquidauana) - 13/12/2025,,,2025-12-13,2025-12-13,Weather related,Hydrological,Flood,Flood,,Secretaria Nacional de Proteção e Defesa Civil (SEDEC),,"Aquidauana, Mato Grosso do Sul, Brazil","-20.4579, -55.83801",District/Zone/Department (ADM2),Origin,,2026-01-20T20:47:59.651954Z,"Brazil: 7 displacements, 13 December - 13 December. According to the Secretaria Nacional de Proteção e Defesa Civil (SEDEC), based on data from Brazil's Integrated System on Disaster Information (S2ID), 7 people were displaced from Aquidauana, Mato Grosso Do Sul on 13 December 2025 due to Flood. Secretaria Nacional de Proteção e Defesa Civil (SEDEC) - 15 January 2026",,Flood
220322,Brazil,BRA,-23.42287,-50.88329,"[-23.42287, -50.88329]",Recommended figure,Disaster,total,1,2025-12-13,2025-12-13,2025-12-13,2025,38291,Brazil: Flood - Paraná (Assaí) - 13/12/2025,,,2025-12-13,2025-12-13,Weather related,Hydrological,Flood,Flood,,Secretaria Nacional de Proteção e Defesa Civil (SEDEC),,"Assaí, Paraná, Brazil","-23.42287, -50.88329",District/Zone/Department (ADM2),Origin,,2026-01-20T20:47:59.712228Z,"Brazil: 1 displacement (multiple/other), 13 December - 13 December. According to the Secretaria Nacional de Proteção e Defesa Civil (SEDEC), based on data from Brazil's Integrated System on Disaster Information (S2ID), one person was displaced from Assaí, Paraná on 13 December 2025 due to Flood. Secretaria Nacional de Proteção e Defesa Civil (SEDEC) - 15 January 2026",,Flood
220324,Brazil,BRA,-22.55358,-46.22421,"[-22.55358, -46.22421]",Recommended figure,Disaster,total,1,2025-12-13,2025-12-13,2025-12-13,2025,38958,Brazil: Storm - Minas Gerais (Senador Amaral) - 13/12/2025,,,2025-12-13,2025-12-13,Weather related,Meteorological,Storm,Storm,,Secretaria Nacional de Proteção e Defesa Civil (SEDEC),,"Senador Amaral, Minas Gerais, Brazil","-22.55358, -46.22421",District/Zone/Department (ADM2),Origin,,2026-01-20T20:47:59.846220Z,"Brazil: 1 displacement (multiple/other), 13 December - 13 December. According to the Secretaria Nacional de Proteção e Defesa Civil (SEDEC), based on data from Brazil's Integrated System on Disaster Information (S2ID), one person was displaced from Senador Amaral, Minas Gerais on 13 December 2025 due to Storm. Secretaria Nacional de Proteção e Defesa Civil (SEDEC) - 15 January 2026",,Storm
220330,Brazil,BRA,-20.38487,-41.13539,"[-20.38487, -41.13539]",Recommended figure,Disaster,total,6,2025-12-12,2025-12-12,2025-12-12,2025,38957,Brazil: Storm - Espírito Santo (Venda Nova do Imigrante) - 12/12/2025,,,2025-12-12,2025-12-12,Weather related,Meteorological,Storm,Storm,,Secretaria Nacional de Proteção e Defesa Civil (SEDEC),,"Venda Nova do Imigrante, Espírito Santo, Brazil","-20.38487, -41.13539",District/Zone/Department (ADM2),Origin,,2026-01-20T20:57:16.392859Z,"Brazil: 6 displacements, 12 December - 12 December. According to the Secretaria Nacional de Proteção e Defesa Civil (SEDEC), based on data from Brazil's Integrated System on Disaster Information (S2ID), 6 people were displaced from Venda Nova Do Imigrante, Espírito Santo on 12 December 2025 due to Storm. Secretaria Nacional de Proteção e Defesa Civil (SEDEC) - 15 January 2026",,Storm
220329,Brazil,BRA,-23.1087401,-50.3675343,"[-23.1087401, -50.3675343]",Recommended figure,Disaster,total,4,2025-12-12,2025-12-12,2025-12-12,2025,38289,Brazil: Flood - Paraná (Bandeirantes) - 12/12/2025,,,2025-12-12,2025-12-12,Weather related,Hydrological,Flood,Flood,,Secretaria Nacional de Proteção e Defesa Civil (SEDEC),,"Bandeirantes, State of Paraná, Brazil","-23.1087401, -50.3675343",District/Zone/Department (ADM2),Origin,,2026-01-20T20:57:16.331866Z,"Brazil: 4 displacements, 12 December - 12 December. According to the Secretaria Nacional de Proteção e Defesa Civil (SEDEC), based on data from Brazil's Integrated System on Disaster Information (S2ID), 4 people were displaced from Bandeirantes, Paraná on 12 December 2025 due to Flood. Secretaria Nacional de Proteção e Defesa Civil (SEDEC) - 15 January 2026",,Flood
220327,Brazil,BRA,-19.5757,-43.28496,"[-19.5757, -43.28496]",Recommended figure,Disaster,total,56,2025-12-12,2025-12-12,2025-12-12,2025,38953,Brazil: Storm - Minas Gerais (Itabira) - 12/12/2025,,,2025-12-12,2025-12-12,Weather related,Meteorological,Storm,Storm,,Secretaria Nacional de Proteção e Defesa Civil (SEDEC),,"Itabira, Minas Gerais, Brazil","-19.5757, -43.28496",District/Zone/Department (ADM2),Origin,,2026-01-20T20:48:00.059195Z,"Brazil: 56 displacements, 12 December - 12 December. According to the Secretaria Nacional de Proteção e Defesa Civil (SEDEC), based on data from Brazil's Integrated System on Disaster Information (S2ID), 56 people were displaced from Itabira, Minas Gerais on 12 December 2025 due to Storm. Secretaria Nacional de Proteção e Defesa Civil (SEDEC) - 15 January 2026",,Storm
220326,Brazil,BRA,-21.67502,-50.84203,"[-21.67502, -50.84203]",Recommended figure,Disaster,total,4,2025-12-12,2025-12-12,2025-12-12,2025,38955,Brazil: Storm - São Paulo (Osvaldo Cruz) - 12/12/2025,,,2025-12-12,2025-12-12,Weather related,Meteorological,Storm,Storm,,Secretaria Nacional de Proteção e Defesa Civil (SEDEC),,"Osvaldo Cruz, São Paulo, Brazil","-21.67502, -50.84203",District/Zone/Department (ADM2),Origin,,2026-01-20T20:47:59.982295Z,"Brazil: 4 displacements, 12 December - 12 December. According to the Secretaria Nacional de Proteção e Defesa Civil (SEDEC), based on data from Brazil's Integrated System on Disaster Information (S2ID), 4 people were displaced from Osvaldo Cruz, São Paulo on 12 December 2025 due to Storm. Secretaria Nacional de Proteção e Defesa Civil (SEDEC) - 15 January 2026",,Storm
220332,Brazil,BRA,-22.66252,-50.79803,"[-22.66252, -50.79803]",Recommended figure,Disaster,total,3,2025-12-12,2025-12-12,2025-12-12,2025,38954,Brazil: Storm - São Paulo (Maracaí) - 12/12/2025,,,2025-12-12,2025-12-12,Weather related,Meteorological,Storm,Storm,,Secretaria Nacional de Proteção e Defesa Civil (SEDEC),,"Maracaí, São Paulo, Brazil","-22.66252, -50.79803",District/Zone/Department (ADM2),Origin,,2026-01-20T20:57:16.511780Z,"Brazil: 3 displacements, 12 December - 12 December. According to the Secretaria Nacional de Proteção e Defesa Civil (SEDEC), based on data from Brazil's Integrated System on Disaster Information (S2ID), 3 people were displaced from Maracaí, São Paulo on 12 December 2025 due to Storm. Secretaria Nacional de Proteção e Defesa Civil (SEDEC) - 15 January 2026",,Storm
220331,Brazil,BRA,-21.22404,-48.08387,"[-21.22404, -48.08387]",Recommended figure,Disaster,total,8,2025-12-12,2025-12-12,2025-12-12,2025,38952,Brazil: Storm - São Paulo (Barrinha) - 12/12/2025,,,2025-12-12,2025-12-12,Weather related,Meteorological,Storm,Storm,,Secretaria Nacional de Proteção e Defesa Civil (SEDEC),,"Barrinha, São Paulo, Brazil","-21.22404, -48.08387",District/Zone/Department (ADM2),Origin,,2026-01-20T20:57:16.454505Z,"Brazil: 8 displacements, 12 December - 12 December. According to the Secretaria Nacional de Proteção e Defesa Civil (SEDEC), based on data from Brazil's Integrated System on Disaster Information (S2ID), 8 people were displaced from Barrinha, São Paulo on 12 December 2025 due to Storm. Secretaria Nacional de Proteção e Defesa Civil (SEDEC) - 15 January 2026",,Storm
220336,Brazil,BRA,-30.6139,-52.19315,"[-30.6139, -52.19315]",Recommended figure,Disaster,total,28,2025-12-10,2025-12-10,2025-12-10,2025,38949,Brazil: Storm - Rio Grande do Sul (Dom Feliciano) - 10/12/2025,,,2025-12-10,2025-12-10,Weather related,Meteorological,Storm,Storm,,Secretaria Nacional de Proteção e Defesa Civil (SEDEC),,"Dom Feliciano, Rio Grande do Sul, Brazil","-30.6139, -52.19315",District/Zone/Department (ADM2),Origin,,2026-01-20T20:57:16.733237Z,"Brazil: 28 displacements, 10 December - 10 December. According to the Secretaria Nacional de Proteção e Defesa Civil (SEDEC), based on data from Brazil's Integrated System on Disaster Information (S2ID), 28 people were displaced from Dom Feliciano, Rio Grande Do Sul on 10 December 2025 due to Storm. Secretaria Nacional de Proteção e Defesa Civil (SEDEC) - 15 January 2026",,Storm
220335,Brazil,BRA,-31.21027,-52.09222,"[-31.21027, -52.09222]",Recommended figure,Disaster,total,1,2025-12-10,2025-12-10,2025-12-10,2025,38951,Brazil: Storm - Rio Grande do Sul (São Lourenço do Sul) - 10/12/2025,,,2025-12-10,2025-12-10,Weather related,Meteorological,Storm,Storm,,Secretaria Nacional de Proteção e Defesa Civil (SEDEC),,"São Lourenço do Sul, Rio Grande do Sul, Brazil","-31.21027, -52.09222",District/Zone/Department (ADM2),Origin,,2026-01-20T20:57:16.677977Z,"Brazil: 1 displacement (multiple/other), 10 December - 10 December. According to the Secretaria Nacional de Proteção e Defesa Civil (SEDEC), based on data from Brazil's Integrated System on Disaster Information (S2ID), one person was displaced from São Lourenço Do Sul, Rio Grande Do Sul on 10 December 2025 due to Storm. Secretaria Nacional de Proteção e Defesa Civil (SEDEC) - 15 January 2026",,Storm
220334,Brazil,BRA,-25.53075,-48.87427,"[-25.53075, -48.87427]",Recommended figure,Disaster,total,8,2025-12-10,2025-12-10,2025-12-10,2025,38950,Brazil: Storm - Paraná (Morretes) - 10/12/2025,,,2025-12-10,2025-12-10,Weather related,Meteorological,Storm,Storm,,Secretaria Nacional de Proteção e Defesa Civil (SEDEC),,"Morretes, Paraná, Brazil","-25.53075, -48.87427",District/Zone/Department (ADM2),Origin,,2026-01-20T20:57:16.621766Z,"Brazil: 8 displacements, 10 December - 10 December. According to the Secretaria Nacional de Proteção e Defesa Civil (SEDEC), based on data from Brazil's Integrated System on Disaster Information (S2ID), 8 people were displaced from Morretes, Paraná on 10 December 2025 due to Storm. Secretaria Nacional de Proteção e Defesa Civil (SEDEC) - 15 January 2026",,Storm
220333,Brazil,BRA,-17.67817,-40.88519,"[-17.67817, -40.88519]",Recommended figure,Disaster,total,100,2025-12-10,2025-12-10,2025-12-10,2025,38948,Brazil: Storm - Minas Gerais (Carlos Chagas) - 10/12/2025,,,2025-12-10,2025-12-10,Weather related,Meteorological,Storm,Storm,,Secretaria Nacional de Proteção e Defesa Civil (SEDEC),,"Carlos Chagas, Minas Gerais, Brazil","-17.67817, -40.88519",District/Zone/Department (ADM2),Origin,,2026-01-20T20:57:16.565222Z,"Brazil: 100 displacements, 10 December - 10 December. According to the Secretaria Nacional de Proteção e Defesa Civil (SEDEC), based on data from Brazil's Integrated System on Disaster Information (S2ID), 100 people were displaced from Carlos Chagas, Minas Gerais on 10 December 2025 due to Storm. Secretaria Nacional de Proteção e Defesa Civil (SEDEC) - 15 January 2026",,Storm
220342,Brazil,BRA,-27.02528,-48.65444,"[-27.02528, -48.65444]",Recommended figure,Disaster,total,9,2025-12-09,2025-12-09,2025-12-09,2025,38288,Brazil: Flood - Santa Catarina (Camboriú) - 09/12/2025,,,2025-12-09,2025-12-09,Weather related,Hydrological,Flood,Flood,,Secretaria Nacional de Proteção e Defesa Civil (SEDEC),,"Camboriú, Camboriú, Santa Catarina, Brazil","-27.02528, -48.65444",District/Zone/Department (ADM2),Origin,,2026-01-20T20:57:17.061857Z,"Brazil: 9 displacements, 09 December - 09 December. According to the Secretaria Nacional de Proteção e Defesa Civil (SEDEC), based on data from Brazil's Integrated System on Disaster Information (S2ID), 9 people were displaced from Camboriú, Santa Catarina on 09 December 2025 due to Flood. Secretaria Nacional de Proteção e Defesa Civil (SEDEC) - 15 January 2026",,Flood
220341,Brazil,BRA,-27.86904,-49.13203,"[-27.86904, -49.13203]",Recommended figure,Disaster,total,3,2025-12-09,2025-12-09,2025-12-09,2025,38287,Brazil: Flood - Santa Catarina (Anitápolis) - 09/12/2025,,,2025-12-09,2025-12-09,Weather related,Hydrological,Flood,Flood,,Secretaria Nacional de Proteção e Defesa Civil (SEDEC),,"Anitápolis, Santa Catarina, Brazil","-27.86904, -49.13203",District/Zone/Department (ADM2),Origin,,2026-01-20T20:57:17.008747Z,"Brazil: 3 displacements, 09 December - 09 December. According to the Secretaria Nacional de Proteção e Defesa Civil (SEDEC), based on data from Brazil's Integrated System on Disaster Information (S2ID), 3 people were displaced from Anitápolis, Santa Catarina on 09 December 2025 due to Flood. Secretaria Nacional de Proteção e Defesa Civil (SEDEC) - 15 January 2026",,Flood
220340,Brazil,BRA,-30.91965,-51.85302,"[-30.91965, -51.85302]",Recommended figure,Disaster,total,17,2025-12-09,2025-12-09,2025-12-09,2025,38942,Brazil: Storm - Rio Grande do Sul (Camaquã) - 09/12/2025,,,2025-12-09,2025-12-09,Weather related,Meteorological,Storm,Storm,,Secretaria Nacional de Proteção e Defesa Civil (SEDEC),,"Camaquã, Rio Grande do Sul, Brazil","-30.91965, -51.85302",District/Zone/Department (ADM2),Origin,,2026-01-20T20:57:16.951571Z,"Brazil: 17 displacements, 09 December - 09 December. According to the Secretaria Nacional de Proteção e Defesa Civil (SEDEC), based on data from Brazil's Integrated System on Disaster Information (S2ID), 17 people were displaced from Camaquã, Rio Grande Do Sul on 09 December 2025 due to Storm. Secretaria Nacional de Proteção e Defesa Civil (SEDEC) - 15 January 2026",,Storm
220339,Brazil,BRA,-26.93207,-49.35196,"[-26.93207, -49.35196]",Recommended figure,Disaster,total,5,2025-12-09,2025-12-09,2025-12-09,2025,38947,Brazil: Storm - Santa Catarina (Rodeio) - 09/12/2025,,,2025-12-09,2025-12-09,Weather related,Meteorological,Storm,Storm,,Secretaria Nacional de Proteção e Defesa Civil (SEDEC),,"Rodeio, Santa Catarina, Brazil","-26.93207, -49.35196",District/Zone/Department (ADM2),Origin,,2026-01-20T20:57:16.896461Z,"Brazil: 5 displacements, 09 December - 09 December. According to the Secretaria Nacional de Proteção e Defesa Civil (SEDEC), based on data from Brazil's Integrated System on Disaster Information (S2ID), 5 people were displaced from Rodeio, Santa Catarina on 09 December 2025 due to Storm. Secretaria Nacional de Proteção e Defesa Civil (SEDEC) - 15 January 2026",,Storm
220338,Brazil,BRA,-27.01064,-49.2215,"[-27.01064, -49.2215]",Recommended figure,Disaster,total,1,2025-12-09,2025-12-09,2025-12-09,2025,38944,Brazil: Storm - Santa Catarina (Indaial) - 09/12/2025,,,2025-12-09,2025-12-09,Weather related,Meteorological,Storm,Storm,,Secretaria Nacional de Proteção e Defesa Civil (SEDEC),,"Indaial, Santa Catarina, Brazil","-27.01064, -49.2215",District/Zone/Department (ADM2),Origin,,2026-01-20T20:57:16.842934Z,"Brazil: 1 displacement (multiple/other), 09 December - 09 December. According to the Secretaria Nacional de Proteção e Defesa Civil (SEDEC), based on data from Brazil's Integrated System on Disaster Information (S2ID), one person was displaced from Indaial, Santa Catarina on 09 December 2025 due to Storm. Secretaria Nacional de Proteção e Defesa Civil (SEDEC) - 15 January 2026",,Storm
220346,Brazil,BRA,-31.58117,-52.34117,"[-31.58117, -52.34117]",Recommended figure,Disaster,total,6,2025-12-09,2025-12-09,2025-12-09,2025,38946,Brazil: Storm - Rio Grande do Sul (Pelotas) - 09/12/2025,,,2025-12-09,2025-12-09,Weather related,Meteorological,Storm,Storm,,Secretaria Nacional de Proteção e Defesa Civil (SEDEC),,"Pelotas, Rio Grande do Sul, Brazil","-31.58117, -52.34117",District/Zone/Department (ADM2),Origin,,2026-01-20T20:57:17.288243Z,"Brazil: 6 displacements, 09 December - 09 December. According to the Secretaria Nacional de Proteção e Defesa Civil (SEDEC), based on data from Brazil's Integrated System on Disaster Information (S2ID), 6 people were displaced from Pelotas, Rio Grande Do Sul on 09 December 2025 due to Storm. Secretaria Nacional de Proteção e Defesa Civil (SEDEC) - 15 January 2026",,Storm
220344,Brazil,BRA,-27.80195,-48.65914,"[-27.80195, -48.65914]",Recommended figure,Disaster,total,68,2025-12-09,2025-12-09,2025-12-09,2025,38945,Brazil: Storm - Santa Catarina (Palhoça) - 09/12/2025,,,2025-12-09,2025-12-09,Weather related,Meteorological,Storm,Storm,,Secretaria Nacional de Proteção e Defesa Civil (SEDEC),,"Palhoça, Santa Catarina, Brazil","-27.80195, -48.65914",District/Zone/Department (ADM2),Origin,,2026-01-20T20:57:17.176592Z,"Brazil: 68 displacements, 09 December - 09 December. According to the Secretaria Nacional de Proteção e Defesa Civil (SEDEC), based on data from Brazil's Integrated System on Disaster Information (S2ID), 68 people were displaced from Palhoça, Santa Catarina on 09 December 2025 due to Storm. Secretaria Nacional de Proteção e Defesa Civil (SEDEC) - 15 January 2026",,Storm
220343,Brazil,BRA,-27.61455,-48.50116,"[-27.61455, -48.50116]",Recommended figure,Disaster,total,651,2025-12-09,2025-12-09,2025-12-09,2025,38943,Brazil: Storm - Santa Catarina (Florianópolis) - 09/12/2025,,,2025-12-09,2025-12-09,Weather related,Meteorological,Storm,Storm,,Secretaria Nacional de Proteção e Defesa Civil (SEDEC),,"Florianópolis, Santa Catarina, Brazil","-27.61455, -48.50116",District/Zone/Department (ADM2),Origin,,2026-01-20T20:57:17.118999Z,"Brazil: 651 displacements, 09 December - 09 December. According to the Secretaria Nacional de Proteção e Defesa Civil (SEDEC), based on data from Brazil's Integrated System on Disaster Information (S2ID), 651 people were displaced from Florianópolis, Santa Catarina on 09 December 2025 due to Storm. Secretaria Nacional de Proteção e Defesa Civil (SEDEC) - 15 January 2026",,Storm
220347,Brazil,BRA,-32.23108992747495,-52.8965789113242,"[-32.23108992747495, -52.8965789113242]",Recommended figure,Disaster,total,3,2025-12-08,2025-12-08,2025-12-08,2025,38937,Brazil: Storm - Rio Grande do Sul (Arroio Grande) - 08/12/2025,,,2025-12-08,2025-12-08,Weather related,Meteorological,Storm,Storm,,Secretaria Nacional de Proteção e Defesa Civil (SEDEC),,"Arroio Grande, Rio Grande do Sul","-32.23108992747495, -52.8965789113242",District/Zone/Department (ADM2),Origin,,2026-01-20T20:57:17.342955Z,"Brazil: 3 displacements, 08 December - 08 December. According to the Secretaria Nacional de Proteção e Defesa Civil (SEDEC), based on data from Brazil's Integrated System on Disaster Information (S2ID), 3 people were displaced from Arroio Grande, Rio Grande Do Sul on 08 December 2025 due to Storm. Secretaria Nacional de Proteção e Defesa Civil (SEDEC) - 15 January 2026",,Storm
220352,Brazil,BRA,-28.38797,-52.04926,"[-28.38797, -52.04926]",Recommended figure,Disaster,total,7,2025-12-08,2025-12-08,2025-12-08,2025,38938,Brazil: Storm - Rio Grande do Sul (Gentil) - 08/12/2025,,,2025-12-08,2025-12-08,Weather related,Meteorological,Storm,Storm,,Secretaria Nacional de Proteção e Defesa Civil (SEDEC),,"Gentil, Rio Grande do Sul, Brazil","-28.38797, -52.04926",District/Zone/Department (ADM2),Origin,,2026-01-20T20:57:17.622316Z,"Brazil: 7 displacements, 08 December - 08 December. According to the Secretaria Nacional de Proteção e Defesa Civil (SEDEC), based on data from Brazil's Integrated System on Disaster Information (S2ID), 7 people were displaced from Gentil, Rio Grande Do Sul on 08 December 2025 due to Storm. Secretaria Nacional de Proteção e Defesa Civil (SEDEC) - 15 January 2026",,Storm
220353,Brazil,BRA,-17.55732,-45.97307,"[-17.55732, -45.97307]",Recommended figure,Disaster,total,1,2025-12-08,2025-12-08,2025-12-08,2025,38939,Brazil: Storm - Minas Gerais (João Pinheiro) - 08/12/2025,,,2025-12-08,2025-12-08,Weather related,Meteorological,Storm,Storm,,Secretaria Nacional de Proteção e Defesa Civil (SEDEC),,"João Pinheiro, Minas Gerais, Brazil","-17.55732, -45.97307",District/Zone/Department (ADM2),Origin,,2026-01-20T20:57:17.676272Z,"Brazil: 1 displacement (multiple/other), 08 December - 08 December. According to the Secretaria Nacional de Proteção e Defesa Civil (SEDEC), based on data from Brazil's Integrated System on Disaster Information (S2ID), one person was displaced from João Pinheiro, Minas Gerais on 08 December 2025 due to Storm. Secretaria Nacional de Proteção e Defesa Civil (SEDEC) - 15 January 2026",,Storm
220349,Brazil,BRA,-23.03402,-48.88802,"[-23.03402, -48.88802]",Recommended figure,Disaster,total,28,2025-12-08,2025-12-08,2025-12-08,2025,38286,Brazil: Flood - São Paulo (Avaré) - 08/12/2025,,,2025-12-08,2025-12-08,Weather related,Hydrological,Flood,Flood,,Secretaria Nacional de Proteção e Defesa Civil (SEDEC),,"Avaré, São Paulo, Brazil","-23.03402, -48.88802",District/Zone/Department (ADM2),Origin,,2026-01-20T20:57:17.454072Z,"Brazil: 28 displacements, 08 December - 08 December. According to the Secretaria Nacional de Proteção e Defesa Civil (SEDEC), based on data from Brazil's Integrated System on Disaster Information (S2ID), 28 people were displaced from Avaré, São Paulo on 08 December 2025 due to Flood. Secretaria Nacional de Proteção e Defesa Civil (SEDEC) - 15 January 2026",,Flood
220350,Brazil,BRA,-29.46814,-51.77144,"[-29.46814, -51.77144]",Recommended figure,Disaster,total,1,2025-12-08,2025-12-08,2025-12-08,2025,38941,Brazil: Storm - Rio Grande do Sul (Teutônia) - 08/12/2025,,,2025-12-08,2025-12-08,Weather related,Meteorological,Storm,Storm,,Secretaria Nacional de Proteção e Defesa Civil (SEDEC),,"Teutônia, Rio Grande do Sul, Brazil","-29.46814, -51.77144",District/Zone/Department (ADM2),Origin,,2026-01-20T20:57:17.506742Z,"Brazil: 1 displacement (multiple/other), 08 December - 08 December. According to the Secretaria Nacional de Proteção e Defesa Civil (SEDEC), based on data from Brazil's Integrated System on Disaster Information (S2ID), one person was displaced from Teutônia, Rio Grande Do Sul on 08 December 2025 due to Storm. Secretaria Nacional de Proteção e Defesa Civil (SEDEC) - 15 January 2026",,Storm
220351,Brazil,BRA,-29.01222,-51.31451,"[-29.01222, -51.31451]",Recommended figure,Disaster,total,6,2025-12-08,2025-12-08,2025-12-08,2025,38940,Brazil: Storm - Rio Grande do Sul (Nova Pádua) - 08/12/2025,,,2025-12-08,2025-12-08,Weather related,Meteorological,Storm,Storm,,Secretaria Nacional de Proteção e Defesa Civil (SEDEC),,"Nova Pádua, Rio Grande do Sul, Brazil","-29.01222, -51.31451",District/Zone/Department (ADM2),Origin,,2026-01-20T20:57:17.563837Z,"Brazil: 6 displacements, 08 December - 08 December. According to the Secretaria Nacional de Proteção e Defesa Civil (SEDEC), based on data from Brazil's Integrated System on Disaster Information (S2ID), 6 people were displaced from Nova Pádua, Rio Grande Do Sul on 08 December 2025 due to Storm. Secretaria Nacional de Proteção e Defesa Civil (SEDEC) - 15 January 2026",,Storm
220355,Brazil,BRA,-3.79048,-60.70718,"[-3.79048, -60.70718]",Recommended figure,Disaster,total,10,2025-12-07,2025-12-07,2025-12-07,2025,38936,Brazil: Storm - Amazonas (Manaquiri) - 07/12/2025,,,2025-12-07,2025-12-07,Weather related,Meteorological,Storm,Storm,,Secretaria Nacional de Proteção e Defesa Civil (SEDEC),,"Manaquiri, Amazonas, Brazil","-3.79048, -60.70718",District/Zone/Department (ADM2),Origin,,2026-01-20T20:57:22.209782Z,"Brazil: 10 displacements, 07 December - 07 December. According to the Secretaria Nacional de Proteção e Defesa Civil (SEDEC), based on data from Brazil's Integrated System on Disaster Information (S2ID), 10 people were displaced from Manaquiri, Amazonas on 07 December 2025 due to Storm. Secretaria Nacional de Proteção e Defesa Civil (SEDEC) - 15 January 2026",,Storm
220354,Brazil,BRA,-16.90822,-41.98596,"[-16.90822, -41.98596]",Recommended figure,Disaster,total,2,2025-12-07,2025-12-07,2025-12-07,2025,38285,Brazil: Flood - Minas Gerais (Araçuaí) - 07/12/2025,,,2025-12-07,2025-12-07,Weather related,Hydrological,Flood,Flood,,Secretaria Nacional de Proteção e Defesa Civil (SEDEC),,"Araçuaí, Minas Gerais, Brazil","-16.90822, -41.98596",District/Zone/Department (ADM2),Origin,,2026-01-20T20:57:22.142626Z,"Brazil: 2 displacements, 07 December - 07 December. According to the Secretaria Nacional de Proteção e Defesa Civil (SEDEC), based on data from Brazil's Integrated System on Disaster Information (S2ID), 2 people were displaced from Araçuaí, Minas Gerais on 07 December 2025 due to Flood. Secretaria Nacional de Proteção e Defesa Civil (SEDEC) - 15 January 2026",,Flood
220356,Brazil,BRA,-3.24746,-61.00788,"[-3.24746, -61.00788]",Recommended figure,Disaster,total,4,2025-12-07,2025-12-07,2025-12-07,2025,38935,Brazil: Storm - Amazonas (Manacapuru) - 07/12/2025,,,2025-12-07,2025-12-07,Weather related,Meteorological,Storm,Storm,,Secretaria Nacional de Proteção e Defesa Civil (SEDEC),,"Manacapuru, Amazonas, Brazil","-3.24746, -61.00788",District/Zone/Department (ADM2),Origin,,2026-01-20T20:57:22.271288Z,"Brazil: 4 displacements, 07 December - 07 December. According to the Secretaria Nacional de Proteção e Defesa Civil (SEDEC), based on data from Brazil's Integrated System on Disaster Information (S2ID), 4 people were displaced from Manacapuru, Amazonas on 07 December 2025 due to Storm. Secretaria Nacional de Proteção e Defesa Civil (SEDEC) - 15 January 2026",,Storm
220358,Brazil,BRA,-15.96404,-41.22145,"[-15.96404, -41.22145]",Recommended figure,Disaster,total,50,2025-12-06,2025-12-06,2025-12-06,2025,38934,Brazil: Storm - Minas Gerais (Pedra Azul) - 06/12/2025,,,2025-12-06,2025-12-06,Weather related,Meteorological,Storm,Storm,,Secretaria Nacional de Proteção e Defesa Civil (SEDEC),,"Pedra Azul, Minas Gerais, Brazil","-15.96404, -41.22145",District/Zone/Department (ADM2),Origin,,2026-01-20T20:57:22.402217Z,"Brazil: 50 displacements, 06 December - 06 December. According to the Secretaria Nacional de Proteção e Defesa Civil (SEDEC), based on data from Brazil's Integrated System on Disaster Information (S2ID), 50 people were displaced from Pedra Azul, Minas Gerais on 06 December 2025 due to Storm. Secretaria Nacional de Proteção e Defesa Civil (SEDEC) - 15 January 2026",,Storm
220357,Brazil,BRA,-17.0881,-40.71826,"[-17.0881, -40.71826]",Recommended figure,Disaster,total,1,2025-12-06,2025-12-06,2025-12-06,2025,38933,Brazil: Storm - Minas Gerais (Machacalis) - 06/12/2025,,,2025-12-06,2025-12-06,Weather related,Meteorological,Storm,Storm,,Secretaria Nacional de Proteção e Defesa Civil (SEDEC),,"Machacalis, Minas Gerais, Brazil","-17.0881, -40.71826",District/Zone/Department (ADM2),Origin,,2026-01-20T20:57:22.334089Z,"Brazil: 1 displacement (multiple/other), 06 December - 06 December. According to the Secretaria Nacional de Proteção e Defesa Civil (SEDEC), based on data from Brazil's Integrated System on Disaster Information (S2ID), one person was displaced from Machacalis, Minas Gerais on 06 December 2025 due to Storm. Secretaria Nacional de Proteção e Defesa Civil (SEDEC) - 15 January 2026",,Storm
220363,Brazil,BRA,-15.44321,-39.68972,"[-15.44321, -39.68972]",Recommended figure,Disaster,total,1707,2025-12-05,2025-12-05,2025-12-05,2025,38930,Brazil: Storm - Bahia (Pau Brasil) - 05/12/2025,,,2025-12-05,2025-12-05,Weather related,Meteorological,Storm,Storm,,Secretaria Nacional de Proteção e Defesa Civil (SEDEC),,"Pau Brasil, Bahia, Brazil","-15.44321, -39.68972",District/Zone/Department (ADM2),Origin,,2026-01-20T20:57:22.716261Z,"Brazil: 1,707 displacements, 05 December - 05 December. According to the Secretaria Nacional de Proteção e Defesa Civil (SEDEC), based on data from Brazil's Integrated System on Disaster Information (S2ID), 1707 people were displaced from Pau Brasil, Bahia on 05 December 2025 due to Storm. Secretaria Nacional de Proteção e Defesa Civil (SEDEC) - 15 January 2026",,Storm
220362,Brazil,BRA,-16.80375,-41.01105,"[-16.80375, -41.01105]",Recommended figure,Disaster,total,2,2025-12-05,2025-12-05,2025-12-05,2025,38928,Brazil: Storm - Minas Gerais (Joaíma) - 05/12/2025,,,2025-12-05,2025-12-05,Weather related,Meteorological,Storm,Storm,,Secretaria Nacional de Proteção e Defesa Civil (SEDEC),,"Joaíma, Minas Gerais, Brazil","-16.80375, -41.01105",District/Zone/Department (ADM2),Origin,,2026-01-20T20:57:22.658083Z,"Brazil: 2 displacements, 05 December - 05 December. According to the Secretaria Nacional de Proteção e Defesa Civil (SEDEC), based on data from Brazil's Integrated System on Disaster Information (S2ID), 2 people were displaced from Joaíma, Minas Gerais on 05 December 2025 due to Storm. Secretaria Nacional de Proteção e Defesa Civil (SEDEC) - 15 January 2026",,Storm
220360,Brazil,BRA,-15.9608504,-44.8538241,"[-15.9608504, -44.8538241]",Recommended figure,Disaster,total,10,2025-12-05,2025-12-05,2025-12-05,2025,38931,Brazil: Storm - Minas Gerais (São Francisco) - 05/12/2025,,,2025-12-05,2025-12-05,Weather related,Meteorological,Storm,Storm,,Secretaria Nacional de Proteção e Defesa Civil (SEDEC),,"São Francisco, State of Minas Gerais, Brazil","-15.9608504, -44.8538241",District/Zone/Department (ADM2),Origin,,2026-01-20T20:57:22.529226Z,"Brazil: 10 displacements, 05 December - 05 December. According to the Secretaria Nacional de Proteção e Defesa Civil (SEDEC), based on data from Brazil's Integrated System on Disaster Information (S2ID), 10 people were displaced from São Francisco, Minas Gerais on 05 December 2025 due to Storm. Secretaria Nacional de Proteção e Defesa Civil (SEDEC) - 15 January 2026",,Storm
220359,Brazil,BRA,-17.6791,-41.33738,"[-17.6791, -41.33738]",Recommended figure,Disaster,total,15,2025-12-05,2025-12-05,2025-12-05,2025,38932,Brazil: Storm - Minas Gerais (Teófilo Otoni) - 05/12/2025,,,2025-12-05,2025-12-05,Weather related,Meteorological,Storm,Storm,,Secretaria Nacional de Proteção e Defesa Civil (SEDEC),,"Teófilo Otoni, Minas Gerais, Brazil","-17.6791, -41.33738",District/Zone/Department (ADM2),Origin,,2026-01-20T20:57:22.467085Z,"Brazil: 15 displacements, 05 December - 05 December. According to the Secretaria Nacional de Proteção e Defesa Civil (SEDEC), based on data from Brazil's Integrated System on Disaster Information (S2ID), 15 people were displaced from Teófilo Otoni, Minas Gerais on 05 December 2025 due to Storm. Secretaria Nacional de Proteção e Defesa Civil (SEDEC) - 15 January 2026",,Storm
220364,Brazil,BRA,-15.56839,-40.90789,"[-15.56839, -40.90789]",Recommended figure,Disaster,total,1212,2025-12-04,2025-12-04,2025-12-04,2025,38926,Brazil: Storm - Bahia (Encruzilhada) - 04/12/2025,,,2025-12-04,2025-12-04,Weather related,Meteorological,Storm,Storm,,Secretaria Nacional de Proteção e Defesa Civil (SEDEC),,"Encruzilhada, Bahia, Brazil","-15.56839, -40.90789",District/Zone/Department (ADM2),Origin,,2026-01-20T20:57:22.774366Z,"Brazil: 1,212 displacements, 04 December - 04 December. According to the Secretaria Nacional de Proteção e Defesa Civil (SEDEC), based on data from Brazil's Integrated System on Disaster Information (S2ID), 1212 people were displaced from Encruzilhada, Bahia on 04 December 2025 due to Storm. Secretaria Nacional de Proteção e Defesa Civil (SEDEC) - 15 January 2026",,Storm
220366,Brazil,BRA,-3.63212,-53.78023,"[-3.63212, -53.78023]",Recommended figure,Disaster,total,35,2025-12-04,2025-12-04,2025-12-04,2025,38927,Brazil: Storm - Pará (Uruará) - 04/12/2025,,,2025-12-04,2025-12-04,Weather related,Meteorological,Storm,Storm,,Secretaria Nacional de Proteção e Defesa Civil (SEDEC),,"Uruará, Pará, Brazil","-3.63212, -53.78023",District/Zone/Department (ADM2),Origin,,2026-01-20T20:57:22.890684Z,"Brazil: 35 displacements, 04 December - 04 December. According to the Secretaria Nacional de Proteção e Defesa Civil (SEDEC), based on data from Brazil's Integrated System on Disaster Information (S2ID), 35 people were displaced from Uruará, Pará on 04 December 2025 due to Storm. Secretaria Nacional de Proteção e Defesa Civil (SEDEC) - 15 January 2026",,Storm
220367,Brazil,BRA,-19.1842,-43.6838,"[-19.1842, -43.6838]",Recommended figure,Disaster,total,2,2025-12-04,2025-12-04,2025-12-04,2025,38092,Brazil: Erosion - Minas Gerais (Santana do Riacho) - 04/12/2025,,,2025-12-04,2025-12-04,Weather related,Climatological,Erosion,Erosion,,Secretaria Nacional de Proteção e Defesa Civil (SEDEC),,"Santana do Riacho, Minas Gerais, Brazil","-19.1842, -43.6838",District/Zone/Department (ADM2),Origin,,2026-01-20T20:57:22.948766Z,"Brazil: 2 displacements, 04 December - 04 December. According to the Secretaria Nacional de Proteção e Defesa Civil (SEDEC), based on data from Brazil's Integrated System on Disaster Information (S2ID), 2 people were displaced from Santana Do Riacho, Minas Gerais on 04 December 2025 due to Erosion. Secretaria Nacional de Proteção e Defesa Civil (SEDEC) - 15 January 2026",,Erosion
220371,Brazil,BRA,-17.39019,-40.27568,"[-17.39019, -40.27568]",Recommended figure,Disaster,total,390,2025-12-03,2025-12-03,2025-12-03,2025,38923,Brazil: Storm - Bahia (Medeiros Neto) - 03/12/2025,,,2025-12-03,2025-12-03,Weather related,Meteorological,Storm,Storm,,Secretaria Nacional de Proteção e Defesa Civil (SEDEC),,"Medeiros Neto, Bahia, Brazil","-17.39019, -40.27568",District/Zone/Department (ADM2),Origin,,2026-01-20T20:57:23.249788Z,"Brazil: 390 displacements, 03 December - 03 December. According to the Secretaria Nacional de Proteção e Defesa Civil (SEDEC), based on data from Brazil's Integrated System on Disaster Information (S2ID), 390 people were displaced from Medeiros Neto, Bahia on 03 December 2025 due to Storm. Secretaria Nacional de Proteção e Defesa Civil (SEDEC) - 15 January 2026",,Storm
220369,Brazil,BRA,-21.10474,-41.37566,"[-21.10474, -41.37566]",Recommended figure,Disaster,total,6,2025-12-03,2025-12-03,2025-12-03,2025,38924,Brazil: Storm - Espírito Santo (Mimoso do Sul) - 03/12/2025,,,2025-12-03,2025-12-03,Weather related,Meteorological,Storm,Storm,,Secretaria Nacional de Proteção e Defesa Civil (SEDEC),,"Mimoso do Sul, Espírito Santo, Brazil","-21.10474, -41.37566",District/Zone/Department (ADM2),Origin,,2026-01-20T20:57:23.096701Z,"Brazil: 6 displacements, 03 December - 03 December. According to the Secretaria Nacional de Proteção e Defesa Civil (SEDEC), based on data from Brazil's Integrated System on Disaster Information (S2ID), 6 people were displaced from Mimoso Do Sul, Espírito Santo on 03 December 2025 due to Storm. Secretaria Nacional de Proteção e Defesa Civil (SEDEC) - 15 January 2026",,Storm
220368,Brazil,BRA,-17.061,-41.53826,"[-17.061, -41.53826]",Recommended figure,Disaster,total,60,2025-12-03,2025-12-03,2025-12-03,2025,38925,Brazil: Storm - Minas Gerais (Padre Paraíso) - 03/12/2025,,,2025-12-03,2025-12-03,Weather related,Meteorological,Storm,Storm,,Secretaria Nacional de Proteção e Defesa Civil (SEDEC),,"Padre Paraíso, Minas Gerais, Brazil","-17.061, -41.53826",District/Zone/Department (ADM2),Origin,,2026-01-20T20:57:23.012008Z,"Brazil: 60 displacements, 03 December - 03 December. According to the Secretaria Nacional de Proteção e Defesa Civil (SEDEC), based on data from Brazil's Integrated System on Disaster Information (S2ID), 60 people were displaced from Padre Paraíso, Minas Gerais on 03 December 2025 due to Storm. Secretaria Nacional de Proteção e Defesa Civil (SEDEC) - 15 January 2026",,Storm
220372,Brazil,BRA,-22.16425,-45.78515,"[-22.16425, -45.78515]",Recommended figure,Disaster,total,13,2025-12-02,2025-12-02,2025-12-02,2025,38922,Brazil: Storm - Minas Gerais (São Sebastião da Bela Vista) - 02/12/2025,,,2025-12-02,2025-12-02,Weather related,Meteorological,Storm,Storm,,Secretaria Nacional de Proteção e Defesa Civil (SEDEC),,"São Sebastião da Bela Vista, Minas Gerais, Brazil","-22.16425, -45.78515",District/Zone/Department (ADM2),Origin,,2026-01-20T20:57:23.306816Z,"Brazil: 13 displacements, 02 December - 02 December. According to the Secretaria Nacional de Proteção e Defesa Civil (SEDEC), based on data from Brazil's Integrated System on Disaster Information (S2ID), 13 people were displaced from São Sebastião Da Bela Vista, Minas Gerais on 02 December 2025 due to Storm. Secretaria Nacional de Proteção e Defesa Civil (SEDEC) - 15 January 2026",,Storm
220374,Brazil,BRA,-13.97883,-42.49334,"[-13.97883, -42.49334]",Recommended figure,Disaster,total,75,2025-12-01,2025-12-01,2025-12-01,2025,38921,Brazil: Storm - Bahia (Caetité) - 01/12/2025,,,2025-12-01,2025-12-01,Weather related,Meteorological,Storm,Storm,,Secretaria Nacional de Proteção e Defesa Civil (SEDEC),,"Caetité, Bahia, Brazil","-13.97883, -42.49334",District/Zone/Department (ADM2),Origin,,2026-01-20T20:57:23.416690Z,"Brazil: 75 displacements, 01 December - 01 December. According to the Secretaria Nacional de Proteção e Defesa Civil (SEDEC), based on data from Brazil's Integrated System on Disaster Information (S2ID), 75 people were displaced from Caetité, Bahia on 01 December 2025 due to Storm. Secretaria Nacional de Proteção e Defesa Civil (SEDEC) - 15 January 2026",,Storm
220375,Brazil,BRA,-7.44532,-57.30272,"[-7.44532, -57.30272]",Recommended figure,Disaster,total,1500,2025-11-30,2025-11-30,2025-11-30,2025,38920,Brazil: Storm - Pará (Jacareacanga) - 30/11/2025,,,2025-11-30,2025-11-30,Weather related,Meteorological,Storm,Storm,,Secretaria Nacional de Proteção e Defesa Civil (SEDEC),,"Jacareacanga, Pará, Brazil","-7.44532, -57.30272",District/Zone/Department (ADM2),Origin,,2026-01-20T20:57:23.471523Z,"Brazil: 1,500 displacements, 30 November - 30 November. According to the Secretaria Nacional de Proteção e Defesa Civil (SEDEC), based on data from Brazil's Integrated System on Disaster Information (S2ID), 1500 people were displaced from Jacareacanga, Pará on 30 November 2025 due to Storm. Secretaria Nacional de Proteção e Defesa Civil (SEDEC) - 15 January 2026",,Storm
220376,Brazil,BRA,-25.50395,-49.29082,"[-25.50395, -49.29082]",Recommended figure,Disaster,total,15,2025-11-30,2025-11-30,2025-11-30,2025,39036,Brazil: Hailstorm - Paraná (Curitiba) - 30/11/2025,,,2025-11-30,2025-11-30,Weather related,Meteorological,Storm,Hailstorm,,Secretaria Nacional de Proteção e Defesa Civil (SEDEC),,"Curitiba, Paraná, Brazil","-25.50395, -49.29082",District/Zone/Department (ADM2),Origin,,2026-01-20T20:57:23.525148Z,"Brazil: 15 displacements, 30 November - 30 November. According to the Secretaria Nacional de Proteção e Defesa Civil (SEDEC), based on data from Brazil's Integrated System on Disaster Information (S2ID), 15 people were displaced from Curitiba, Paraná on 30 November 2025 due to Hailstorm. Secretaria Nacional de Proteção e Defesa Civil (SEDEC) - 15 January 2026",,Storm
220377,Brazil,BRA,-28.37066,-51.91242,"[-28.37066, -51.91242]",Recommended figure,Disaster,total,5,2025-11-30,2025-11-30,2025-11-30,2025,38919,Brazil: Storm - Rio Grande do Sul (Ciríaco) - 30/11/2025,,,2025-11-30,2025-11-30,Weather related,Meteorological,Storm,Storm,,Secretaria Nacional de Proteção e Defesa Civil (SEDEC),,"Ciríaco, Rio Grande do Sul, Brazil","-28.37066, -51.91242",District/Zone/Department (ADM2),Origin,,2026-01-20T20:57:23.582025Z,"Brazil: 5 displacements, 30 November - 30 November. According to the Secretaria Nacional de Proteção e Defesa Civil (SEDEC), based on data from Brazil's Integrated System on Disaster Information (S2ID), 5 people were displaced from Ciríaco, Rio Grande Do Sul on 30 November 2025 due to Storm. Secretaria Nacional de Proteção e Defesa Civil (SEDEC) - 15 January 2026",,Storm
220378,Brazil,BRA,-18.64755,-56.82104,"[-18.64755, -56.82104]",Recommended figure,Disaster,total,11,2025-11-29,2025-11-29,2025-11-29,2025,38918,Brazil: Storm - Mato Grosso do Sul (Corumbá) - 29/11/2025,,,2025-11-29,2025-11-29,Weather related,Meteorological,Storm,Storm,,Secretaria Nacional de Proteção e Defesa Civil (SEDEC),,"Corumbá, Mato Grosso do Sul, Brazil","-18.64755, -56.82104",District/Zone/Department (ADM2),Origin,,2026-01-20T20:57:23.637566Z,"Brazil: 11 displacements, 29 November - 29 November. According to the Secretaria Nacional de Proteção e Defesa Civil (SEDEC), based on data from Brazil's Integrated System on Disaster Information (S2ID), 11 people were displaced from Corumbá, Mato Grosso Do Sul on 29 November 2025 due to Storm. Secretaria Nacional de Proteção e Defesa Civil (SEDEC) - 15 January 2026",,Storm
220382,Brazil,BRA,-28.30008,-49.35423,"[-28.30008, -49.35423]",Recommended figure,Disaster,total,12,2025-11-28,2025-11-28,2025-11-28,2025,38917,Brazil: Storm - Santa Catarina (Orleans) - 28/11/2025,,,2025-11-28,2025-11-28,Weather related,Meteorological,Storm,Storm,,Secretaria Nacional de Proteção e Defesa Civil (SEDEC),,"Orleans, Santa Catarina, Brazil","-28.30008, -49.35423",District/Zone/Department (ADM2),Origin,,2026-01-20T21:07:03.147927Z,"Brazil: 12 displacements, 28 November - 28 November. According to the Secretaria Nacional de Proteção e Defesa Civil (SEDEC), based on data from Brazil's Integrated System on Disaster Information (S2ID), 12 people were displaced from Orleans, Santa Catarina on 28 November 2025 due to Storm. Secretaria Nacional de Proteção e Defesa Civil (SEDEC) - 15 January 2026",,Storm
220381,Brazil,BRA,-27.30394,-49.98473,"[-27.30394, -49.98473]",Recommended figure,Disaster,total,8,2025-11-28,2025-11-28,2025-11-28,2025,39035,Brazil: Hailstorm - Santa Catarina (Pouso Redondo) - 28/11/2025,,,2025-11-28,2025-11-28,Weather related,Meteorological,Storm,Hailstorm,,Secretaria Nacional de Proteção e Defesa Civil (SEDEC),,"Pouso Redondo, Santa Catarina, Brazil","-27.30394, -49.98473",District/Zone/Department (ADM2),Origin,,2026-01-20T21:07:03.085278Z,"Brazil: 8 displacements, 28 November - 28 November. According to the Secretaria Nacional de Proteção e Defesa Civil (SEDEC), based on data from Brazil's Integrated System on Disaster Information (S2ID), 8 people were displaced from Pouso Redondo, Santa Catarina on 28 November 2025 due to Hailstorm. Secretaria Nacional de Proteção e Defesa Civil (SEDEC) - 15 January 2026",,Storm
220380,Brazil,BRA,-20.12078,-43.15399,"[-20.12078, -43.15399]",Recommended figure,Disaster,total,73,2025-11-28,2025-11-28,2025-11-28,2025,38916,Brazil: Storm - Minas Gerais (Alvinópolis) - 28/11/2025,,,2025-11-28,2025-11-28,Weather related,Meteorological,Storm,Storm,,Secretaria Nacional de Proteção e Defesa Civil (SEDEC),,"Alvinópolis, Minas Gerais, Brazil","-20.12078, -43.15399",District/Zone/Department (ADM2),Origin,,2026-01-20T21:07:03.024830Z,"Brazil: 73 displacements, 28 November - 28 November. According to the Secretaria Nacional de Proteção e Defesa Civil (SEDEC), based on data from Brazil's Integrated System on Disaster Information (S2ID), 73 people were displaced from Alvinópolis, Minas Gerais on 28 November 2025 due to Storm. Secretaria Nacional de Proteção e Defesa Civil (SEDEC) - 15 January 2026",,Storm
220384,Brazil,BRA,-16.67179,-39.26418,"[-16.67179, -39.26418]",Recommended figure,Disaster,total,95,2025-11-27,2025-11-27,2025-11-27,2025,38915,Brazil: Storm - Bahia (Porto Seguro) - 27/11/2025,,,2025-11-27,2025-11-27,Weather related,Meteorological,Storm,Storm,,Secretaria Nacional de Proteção e Defesa Civil (SEDEC),,"Porto Seguro, Bahia, Brazil","-16.67179, -39.26418",District/Zone/Department (ADM2),Origin,,2026-01-20T21:07:03.266485Z,"Brazil: 95 displacements, 27 November - 27 November. According to the Secretaria Nacional de Proteção e Defesa Civil (SEDEC), based on data from Brazil's Integrated System on Disaster Information (S2ID), 95 people were displaced from Porto Seguro, Bahia on 27 November 2025 due to Storm. Secretaria Nacional de Proteção e Defesa Civil (SEDEC) - 15 January 2026",,Storm
220383,Brazil,BRA,-14.65871,-44.12621,"[-14.65871, -44.12621]",Recommended figure,Disaster,total,200,2025-11-27,2025-11-27,2025-11-27,2025,38914,Brazil: Storm - Minas Gerais (Manga) - 27/11/2025,,,2025-11-27,2025-11-27,Weather related,Meteorological,Storm,Storm,,Secretaria Nacional de Proteção e Defesa Civil (SEDEC),,"Manga, Minas Gerais, Brazil","-14.65871, -44.12621",District/Zone/Department (ADM2),Origin,,2026-01-20T21:07:03.205980Z,"Brazil: 200 displacements, 27 November - 27 November. According to the Secretaria Nacional de Proteção e Defesa Civil (SEDEC), based on data from Brazil's Integrated System on Disaster Information (S2ID), 200 people were displaced from Manga, Minas Gerais on 27 November 2025 due to Storm. Secretaria Nacional de Proteção e Defesa Civil (SEDEC) - 15 January 2026",,Storm
220386,Brazil,BRA,-15.6518,-40.0589,"[-15.6518, -40.0589]",Recommended figure,Disaster,total,80,2025-11-26,2025-11-26,2025-11-26,2025,38913,Brazil: Storm - Bahia (Itarantim) - 26/11/2025,,,2025-11-26,2025-11-26,Weather related,Meteorological,Storm,Storm,,Secretaria Nacional de Proteção e Defesa Civil (SEDEC),,"Itarantim, Bahia, Brazil","-15.6518, -40.0589",District/Zone/Department (ADM2),Origin,,2026-01-20T21:07:03.397211Z,"Brazil: 80 displacements, 26 November - 26 November. According to the Secretaria Nacional de Proteção e Defesa Civil (SEDEC), based on data from Brazil's Integrated System on Disaster Information (S2ID), 80 people were displaced from Itarantim, Bahia on 26 November 2025 due to Storm. Secretaria Nacional de Proteção e Defesa Civil (SEDEC) - 15 January 2026",,Storm
220387,Brazil,BRA,-15.7674,-40.92393,"[-15.7674, -40.92393]",Recommended figure,Disaster,total,1,2025-11-26,2025-11-26,2025-11-26,2025,38912,Brazil: Storm - Minas Gerais (Divisópolis) - 26/11/2025,,,2025-11-26,2025-11-26,Weather related,Meteorological,Storm,Storm,,Secretaria Nacional de Proteção e Defesa Civil (SEDEC),,"Divisópolis, Minas Gerais, Brazil","-15.7674, -40.92393",District/Zone/Department (ADM2),Origin,,2026-01-20T21:07:03.464580Z,"Brazil: 1 displacement (multiple/other), 26 November - 26 November. According to the Secretaria Nacional de Proteção e Defesa Civil (SEDEC), based on data from Brazil's Integrated System on Disaster Information (S2ID), one person was displaced from Divisópolis, Minas Gerais on 26 November 2025 due to Storm. Secretaria Nacional de Proteção e Defesa Civil (SEDEC) - 15 January 2026",,Storm
220389,Brazil,BRA,-26.85404,-48.88648,"[-26.85404, -48.88648]",Recommended figure,Disaster,total,20,2025-11-25,2025-11-25,2025-11-25,2025,38911,Brazil: Storm - Santa Catarina (Ilhota) - 25/11/2025,,,2025-11-25,2025-11-25,Weather related,Meteorological,Storm,Storm,,Secretaria Nacional de Proteção e Defesa Civil (SEDEC),,"Ilhota, Santa Catarina, Brazil","-26.85404, -48.88648",District/Zone/Department (ADM2),Origin,,2026-01-20T21:07:03.619947Z,"Brazil: 20 displacements, 25 November - 25 November. According to the Secretaria Nacional de Proteção e Defesa Civil (SEDEC), based on data from Brazil's Integrated System on Disaster Information (S2ID), 20 people were displaced from Ilhota, Santa Catarina on 25 November 2025 due to Storm. Secretaria Nacional de Proteção e Defesa Civil (SEDEC) - 15 January 2026",,Storm
220388,Brazil,BRA,-14.91015,-44.88471,"[-14.91015, -44.88471]",Recommended figure,Disaster,total,6,2025-11-25,2025-11-25,2025-11-25,2025,38284,Brazil: Flood - Minas Gerais (Bonito de Minas) - 25/11/2025,,,2025-11-25,2025-11-25,Weather related,Hydrological,Flood,Flood,,Secretaria Nacional de Proteção e Defesa Civil (SEDEC),,"Bonito de Minas, Minas Gerais, Brazil","-14.91015, -44.88471",District/Zone/Department (ADM2),Origin,,2026-01-20T21:07:03.552186Z,"Brazil: 6 displacements, 25 November - 25 November. According to the Secretaria Nacional de Proteção e Defesa Civil (SEDEC), based on data from Brazil's Integrated System on Disaster Information (S2ID), 6 people were displaced from Bonito De Minas, Minas Gerais on 25 November 2025 due to Flood. Secretaria Nacional de Proteção e Defesa Civil (SEDEC) - 15 January 2026",,Flood
220391,Brazil,BRA,-20.0753714,-50.34000169999999,"[-20.0753714, -50.34000169999999]",Recommended figure,Disaster,total,75,2025-11-24,2025-11-24,2025-11-24,2025,39031,Brazil: Hailstorm - São Paulo (Guarani D`Oeste) - 24/11/2025,,,2025-11-24,2025-11-24,Weather related,Meteorological,Storm,Hailstorm,,Secretaria Nacional de Proteção e Defesa Civil (SEDEC),,"Guarani d'Oeste, Guarani d'Oeste, São Paulo, Brazil","-20.0753714, -50.34000169999999",District/Zone/Department (ADM2),Origin,,2026-01-20T21:07:03.757056Z,"Brazil: 75 displacements, 24 November - 24 November. According to the Secretaria Nacional de Proteção e Defesa Civil (SEDEC), based on data from Brazil's Integrated System on Disaster Information (S2ID), 75 people were displaced from Guarani D`oeste, São Paulo on 24 November 2025 due to Hailstorm. Secretaria Nacional de Proteção e Defesa Civil (SEDEC) - 15 January 2026",,Storm
220390,Brazil,BRA,-25.14407,-50.07381,"[-25.14407, -50.07381]",Recommended figure,Disaster,total,313,2025-11-24,2025-11-24,2025-11-24,2025,39033,Brazil: Hailstorm - Paraná (Ponta Grossa) - 24/11/2025,,,2025-11-24,2025-11-24,Weather related,Meteorological,Storm,Hailstorm,,Secretaria Nacional de Proteção e Defesa Civil (SEDEC),,"Ponta Grossa, Paraná, Brazil","-25.14407, -50.07381",District/Zone/Department (ADM2),Origin,,2026-01-20T21:07:03.690753Z,"Brazil: 313 displacements, 24 November - 24 November. According to the Secretaria Nacional de Proteção e Defesa Civil (SEDEC), based on data from Brazil's Integrated System on Disaster Information (S2ID), 313 people were displaced from Ponta Grossa, Paraná on 24 November 2025 due to Hailstorm. Secretaria Nacional de Proteção e Defesa Civil (SEDEC) - 15 January 2026",,Storm
220393,Brazil,BRA,-20.0753714,-50.34000169999999,"[-20.0753714, -50.34000169999999]",Recommended figure,Disaster,total,2,2025-11-24,2025-11-24,2025-11-24,2025,38907,Brazil: Storm - São Paulo (Guarani D`Oeste) - 24/11/2025,,,2025-11-24,2025-11-24,Weather related,Meteorological,Storm,Storm,,Secretaria Nacional de Proteção e Defesa Civil (SEDEC),,"Guarani d'Oeste, Guarani d'Oeste, São Paulo, Brazil","-20.0753714, -50.34000169999999",District/Zone/Department (ADM2),Origin,,2026-01-20T21:07:03.886146Z,"Brazil: 2 displacements, 24 November - 24 November. According to the Secretaria Nacional de Proteção e Defesa Civil (SEDEC), based on data from Brazil's Integrated System on Disaster Information (S2ID), 2 people were displaced from Guarani D`oeste, São Paulo on 24 November 2025 due to Storm. Secretaria Nacional de Proteção e Defesa Civil (SEDEC) - 15 January 2026",,Storm
220394,Brazil,BRA,-20.4152317,-50.76315719999999,"[-20.4152317, -50.76315719999999]",Recommended figure,Disaster,total,60,2025-11-24,2025-11-24,2025-11-24,2025,39032,Brazil: Hailstorm - São Paulo (Palmeira D`Oeste) - 24/11/2025,,,2025-11-24,2025-11-24,Weather related,Meteorological,Storm,Hailstorm,,Secretaria Nacional de Proteção e Defesa Civil (SEDEC),,"Palmeira d'Oeste, Palmeira d'Oeste, Palmeira d'Oeste, São Paulo, Brazil","-20.4152317, -50.76315719999999",District/Zone/Department (ADM2),Origin,,2026-01-20T21:07:03.947802Z,"Brazil: 60 displacements, 24 November - 24 November. According to the Secretaria Nacional de Proteção e Defesa Civil (SEDEC), based on data from Brazil's Integrated System on Disaster Information (S2ID), 60 people were displaced from Palmeira D`oeste, São Paulo on 24 November 2025 due to Hailstorm. Secretaria Nacional de Proteção e Defesa Civil (SEDEC) - 15 January 2026",,Storm
220396,Brazil,BRA,-20.05953,-50.45595,"[-20.05953, -50.45595]",Recommended figure,Disaster,total,28,2025-11-24,2025-11-24,2025-11-24,2025,39034,Brazil: Hailstorm - São Paulo (Turmalina) - 24/11/2025,,,2025-11-24,2025-11-24,Weather related,Meteorological,Storm,Hailstorm,,Secretaria Nacional de Proteção e Defesa Civil (SEDEC),,"Turmalina, São Paulo, Brazil","-20.05953, -50.45595",District/Zone/Department (ADM2),Origin,,2026-01-20T21:07:04.082046Z,"Brazil: 28 displacements, 24 November - 24 November. According to the Secretaria Nacional de Proteção e Defesa Civil (SEDEC), based on data from Brazil's Integrated System on Disaster Information (S2ID), 28 people were displaced from Turmalina, São Paulo on 24 November 2025 due to Hailstorm. Secretaria Nacional de Proteção e Defesa Civil (SEDEC) - 15 January 2026",,Storm
220397,Brazil,BRA,-26.73625,-48.88531,"[-26.73625, -48.88531]",Recommended figure,Disaster,total,78,2025-11-24,2025-11-24,2025-11-24,2025,38908,Brazil: Storm - Santa Catarina (Luiz Alves) - 24/11/2025,,,2025-11-24,2025-11-24,Weather related,Meteorological,Storm,Storm,,Secretaria Nacional de Proteção e Defesa Civil (SEDEC),,"Luiz Alves, Santa Catarina, Brazil","-26.73625, -48.88531",District/Zone/Department (ADM2),Origin,,2026-01-20T21:07:04.141968Z,"Brazil: 78 displacements, 24 November - 24 November. According to the Secretaria Nacional de Proteção e Defesa Civil (SEDEC), based on data from Brazil's Integrated System on Disaster Information (S2ID), 78 people were displaced from Luiz Alves, Santa Catarina on 24 November 2025 due to Storm. Secretaria Nacional de Proteção e Defesa Civil (SEDEC) - 15 January 2026",,Storm
220399,Brazil,BRA,-26.61983,-48.98214,"[-26.61983, -48.98214]",Recommended figure,Disaster,total,15,2025-11-24,2025-11-24,2025-11-24,2025,38910,Brazil: Storm - Santa Catarina (Massaranduba) - 24/11/2025,,,2025-11-24,2025-11-24,Weather related,Meteorological,Storm,Storm,,Secretaria Nacional de Proteção e Defesa Civil (SEDEC),,"Massaranduba, Santa Catarina, Brazil","-26.61983, -48.98214",District/Zone/Department (ADM2),Origin,,2026-01-20T21:07:04.286526Z,"Brazil: 15 displacements, 24 November - 24 November. According to the Secretaria Nacional de Proteção e Defesa Civil (SEDEC), based on data from Brazil's Integrated System on Disaster Information (S2ID), 15 people were displaced from Massaranduba, Santa Catarina on 24 November 2025 due to Storm. Secretaria Nacional de Proteção e Defesa Civil (SEDEC) - 15 January 2026",,Storm
220401,Brazil,BRA,-13.19169,-42.68328,"[-13.19169, -42.68328]",Recommended figure,Disaster,total,2608,2025-11-24,2025-11-24,2025-11-24,2025,38909,Brazil: Storm - Bahia (Macaúbas) - 24/11/2025,,,2025-11-24,2025-11-24,Weather related,Meteorological,Storm,Storm,,Secretaria Nacional de Proteção e Defesa Civil (SEDEC),,"Macaúbas, Bahia, Brazil","-13.19169, -42.68328",District/Zone/Department (ADM2),Origin,,2026-01-20T21:07:04.419583Z,"Brazil: 2,608 displacements, 24 November - 24 November. According to the Secretaria Nacional de Proteção e Defesa Civil (SEDEC), based on data from Brazil's Integrated System on Disaster Information (S2ID), 2608 people were displaced from Macaúbas, Bahia on 24 November 2025 due to Storm. Secretaria Nacional de Proteção e Defesa Civil (SEDEC) - 15 January 2026",,Storm
220402,Brazil,BRA,-26.4189,-48.65147,"[-26.4189, -48.65147]",Recommended figure,Disaster,total,100,2025-11-24,2025-11-24,2025-11-24,2025,38906,Brazil: Storm - Santa Catarina (Balneário Barra do Sul) - 24/11/2025,,,2025-11-24,2025-11-24,Weather related,Meteorological,Storm,Storm,,Secretaria Nacional de Proteção e Defesa Civil (SEDEC),,"Balneário Barra do Sul, Santa Catarina, Brazil","-26.4189, -48.65147",District/Zone/Department (ADM2),Origin,,2026-01-20T21:07:04.486879Z,"Brazil: 100 displacements, 24 November - 24 November. According to the Secretaria Nacional de Proteção e Defesa Civil (SEDEC), based on data from Brazil's Integrated System on Disaster Information (S2ID), 100 people were displaced from Balneário Barra Do Sul, Santa Catarina on 24 November 2025 due to Storm. Secretaria Nacional de Proteção e Defesa Civil (SEDEC) - 15 January 2026",,Storm
220403,Brazil,BRA,-22.30447,-47.83454,"[-22.30447, -47.83454]",Recommended figure,Disaster,total,8,2025-11-23,2025-11-23,2025-11-23,2025,38904,Brazil: Storm - São Paulo (Itirapina) - 23/11/2025,,,2025-11-23,2025-11-23,Weather related,Meteorological,Storm,Storm,,Secretaria Nacional de Proteção e Defesa Civil (SEDEC),,"Itirapina, São Paulo, Brazil","-22.30447, -47.83454",District/Zone/Department (ADM2),Origin,,2026-01-20T21:07:04.550090Z,"Brazil: 8 displacements, 23 November - 23 November. According to the Secretaria Nacional de Proteção e Defesa Civil (SEDEC), based on data from Brazil's Integrated System on Disaster Information (S2ID), 8 people were displaced from Itirapina, São Paulo on 23 November 2025 due to Storm. Secretaria Nacional de Proteção e Defesa Civil (SEDEC) - 15 January 2026",,Storm
220404,Brazil,BRA,-22.68228,-48.56342,"[-22.68228, -48.56342]",Recommended figure,Disaster,total,265,2025-11-23,2025-11-23,2025-11-23,2025,39030,Brazil: Hailstorm - São Paulo (São Manuel) - 23/11/2025,,,2025-11-23,2025-11-23,Weather related,Meteorological,Storm,Hailstorm,,Secretaria Nacional de Proteção e Defesa Civil (SEDEC),,"São Manuel, São Paulo, Brazil","-22.68228, -48.56342",District/Zone/Department (ADM2),Origin,,2026-01-20T21:07:09.033125Z,"Brazil: 265 displacements, 23 November - 23 November. According to the Secretaria Nacional de Proteção e Defesa Civil (SEDEC), based on data from Brazil's Integrated System on Disaster Information (S2ID), 265 people were displaced from São Manuel, São Paulo on 23 November 2025 due to Hailstorm. Secretaria Nacional de Proteção e Defesa Civil (SEDEC) - 15 January 2026",,Storm
220406,Brazil,BRA,-21.50807,-41.94894,"[-21.50807, -41.94894]",Recommended figure,Disaster,total,13,2025-11-23,2025-11-23,2025-11-23,2025,38283,Brazil: Flood - Rio de Janeiro (Cambuci) - 23/11/2025,,,2025-11-23,2025-11-23,Weather related,Hydrological,Flood,Flood,,Secretaria Nacional de Proteção e Defesa Civil (SEDEC),,"Cambuci, Rio de Janeiro, Brazil","-21.50807, -41.94894",District/Zone/Department (ADM2),Origin,,2026-01-20T21:07:09.208100Z,"Brazil: 13 displacements, 23 November - 23 November. According to the Secretaria Nacional de Proteção e Defesa Civil (SEDEC), based on data from Brazil's Integrated System on Disaster Information (S2ID), 13 people were displaced from Cambuci, Rio De Janeiro on 23 November 2025 due to Flood. Secretaria Nacional de Proteção e Defesa Civil (SEDEC) - 15 January 2026",,Flood
220407,Brazil,BRA,-27.67666,-52.25591,"[-27.67666, -52.25591]",Recommended figure,Disaster,total,40255,2025-11-23,2025-11-23,2025-11-23,2025,39028,Brazil: Hailstorm - Rio Grande do Sul (Erechim) - 23/11/2025,,,2025-11-23,2025-11-23,Weather related,Meteorological,Storm,Hailstorm,,Secretaria Nacional de Proteção e Defesa Civil (SEDEC),,"Erechim, Rio Grande do Sul, Brazil","-27.67666, -52.25591",District/Zone/Department (ADM2),Origin,,2026-01-20T21:07:09.286058Z,"Brazil: 40,255 displacements, 23 November - 23 November. According to the Secretaria Nacional de Proteção e Defesa Civil (SEDEC), based on data from Brazil's Integrated System on Disaster Information (S2ID), 40255 people were displaced from Erechim, Rio Grande Do Sul on 23 November 2025 due to Hailstorm. Secretaria Nacional de Proteção e Defesa Civil (SEDEC) - 15 January 2026",,Storm
220408,Brazil,BRA,-27.87411,-52.16526,"[-27.87411, -52.16526]",Recommended figure,Disaster,total,10,2025-11-23,2025-11-23,2025-11-23,2025,39029,Brazil: Hailstorm - Rio Grande do Sul (Getúlio Vargas) - 23/11/2025,,,2025-11-23,2025-11-23,Weather related,Meteorological,Storm,Hailstorm,,Secretaria Nacional de Proteção e Defesa Civil (SEDEC),,"Getúlio Vargas, Rio Grande do Sul, Brazil","-27.87411, -52.16526",District/Zone/Department (ADM2),Origin,,2026-01-20T21:07:09.374514Z,"Brazil: 10 displacements, 23 November - 23 November. According to the Secretaria Nacional de Proteção e Defesa Civil (SEDEC), based on data from Brazil's Integrated System on Disaster Information (S2ID), 10 people were displaced from Getúlio Vargas, Rio Grande Do Sul on 23 November 2025 due to Hailstorm. Secretaria Nacional de Proteção e Defesa Civil (SEDEC) - 15 January 2026",,Storm
220409,Brazil,BRA,-27.14478,-52.34857,"[-27.14478, -52.34857]",Recommended figure,Disaster,total,36,2025-11-23,2025-11-23,2025-11-23,2025,39038,Brazil: Hailstorm - Santa Catarina (Seara) - 23/11/2025,,,2025-11-23,2025-11-23,Weather related,Meteorological,Storm,Hailstorm,,Secretaria Nacional de Proteção e Defesa Civil (SEDEC),,"Seara, Santa Catarina, Brazil","-27.14478, -52.34857",District/Zone/Department (ADM2),Origin,,2026-01-20T21:07:09.443163Z,"Brazil: 36 displacements (destroyed housing), 23 November - 23 November. According to the Secretaria Nacional de Proteção e Defesa Civil (SEDEC), based on data from Brazil's Integrated System on Disaster Information (S2ID), 11 houses were destroyed from Seara, Santa Catarina on 23 November 2025 due to Hailstorm. Secretaria Nacional de Proteção e Defesa Civil (SEDEC) - 15 January 2026",,Storm
220410,Brazil,BRA,-15.76613,-48.28611,"[-15.76613, -48.28611]",Recommended figure,Disaster,total,15,2025-11-23,2025-11-23,2025-11-23,2025,38905,Brazil: Storm - Goiás (Águas Lindas de Goiás) - 23/11/2025,,,2025-11-23,2025-11-23,Weather related,Meteorological,Storm,Storm,,Secretaria Nacional de Proteção e Defesa Civil (SEDEC),,"Águas Lindas de Goiás, Goiás, Brazil","-15.76613, -48.28611",District/Zone/Department (ADM2),Origin,,2026-01-20T21:07:09.507309Z,"Brazil: 15 displacements, 23 November - 23 November. According to the Secretaria Nacional de Proteção e Defesa Civil (SEDEC), based on data from Brazil's Integrated System on Disaster Information (S2ID), 15 people were displaced from Águas Lindas De Goiás, Goiás on 23 November 2025 due to Storm. Secretaria Nacional de Proteção e Defesa Civil (SEDEC) - 15 January 2026",,Storm
220411,Brazil,BRA,-1.94037,-46.46914,"[-1.94037, -46.46914]",Recommended figure,Disaster,total,1228,2025-11-23,2025-11-23,2025-11-23,2025,39068,Brazil: Drought - Pará (Cachoeira do Piriá) - 23/11/2025,,,2025-11-23,2025-11-23,Weather related,Climatological,Drought,Drought,,Secretaria Nacional de Proteção e Defesa Civil (SEDEC),,"Cachoeira do Piriá, Pará, Brazil","-1.94037, -46.46914",District/Zone/Department (ADM2),Origin,,2026-01-20T21:07:09.572921Z,"Brazil: 1,228 displacements, 23 November - 23 November. According to the Secretaria Nacional de Proteção e Defesa Civil (SEDEC), based on data from Brazil's Integrated System on Disaster Information (S2ID), 1228 people were displaced from Cachoeira Do Piriá, Pará on 23 November 2025 due to Drought. Secretaria Nacional de Proteção e Defesa Civil (SEDEC) - 15 January 2026",,Drought
220413,Brazil,BRA,-27.03398,-49.52321,"[-27.03398, -49.52321]",Recommended figure,Disaster,total,9,2025-11-22,2025-11-22,2025-11-22,2025,39026,Brazil: Hailstorm - Santa Catarina (Ibirama) - 22/11/2025,,,2025-11-22,2025-11-22,Weather related,Meteorological,Storm,Hailstorm,,Secretaria Nacional de Proteção e Defesa Civil (SEDEC),,"Ibirama, Santa Catarina, Brazil","-27.03398, -49.52321",District/Zone/Department (ADM2),Origin,,2026-01-20T21:07:09.708180Z,"Brazil: 9 displacements, 22 November - 22 November. According to the Secretaria Nacional de Proteção e Defesa Civil (SEDEC), based on data from Brazil's Integrated System on Disaster Information (S2ID), 9 people were displaced from Ibirama, Santa Catarina on 22 November 2025 due to Hailstorm. Secretaria Nacional de Proteção e Defesa Civil (SEDEC) - 15 January 2026",,Storm
220415,Brazil,BRA,-27.53735,-49.67274,"[-27.53735, -49.67274]",Recommended figure,Disaster,total,52,2025-11-22,2025-11-22,2025-11-22,2025,39027,Brazil: Hailstorm - Santa Catarina (Petrolândia) - 22/11/2025,,,2025-11-22,2025-11-22,Weather related,Meteorological,Storm,Hailstorm,,Secretaria Nacional de Proteção e Defesa Civil (SEDEC),,"Petrolândia, Santa Catarina, Brazil","-27.53735, -49.67274",District/Zone/Department (ADM2),Origin,,2026-01-20T21:07:09.843051Z,"Brazil: 52 displacements, 22 November - 22 November. According to the Secretaria Nacional de Proteção e Defesa Civil (SEDEC), based on data from Brazil's Integrated System on Disaster Information (S2ID), 52 people were displaced from Petrolândia, Santa Catarina on 22 November 2025 due to Hailstorm. Secretaria Nacional de Proteção e Defesa Civil (SEDEC) - 15 January 2026",,Storm
220412,Brazil,BRA,-27.10736,-49.38129,"[-27.10736, -49.38129]",Recommended figure,Disaster,total,1,2025-11-22,2025-11-22,2025-11-22,2025,39025,Brazil: Hailstorm - Santa Catarina (Apiúna) - 22/11/2025,,,2025-11-22,2025-11-22,Weather related,Meteorological,Storm,Hailstorm,,Secretaria Nacional de Proteção e Defesa Civil (SEDEC),,"Apiúna, Santa Catarina, Brazil","-27.10736, -49.38129",District/Zone/Department (ADM2),Origin,,2026-01-20T21:07:09.639656Z,"Brazil: 1 displacement (multiple/other), 22 November - 22 November. According to the Secretaria Nacional de Proteção e Defesa Civil (SEDEC), based on data from Brazil's Integrated System on Disaster Information (S2ID), one person was displaced from Apiúna, Santa Catarina on 22 November 2025 due to Hailstorm. Secretaria Nacional de Proteção e Defesa Civil (SEDEC) - 15 January 2026",,Storm
220414,Brazil,BRA,-2.40166,-50.16628,"[-2.40166, -50.16628]",Recommended figure,Disaster,total,1200,2025-11-22,2025-11-22,2025-11-22,2025,39063,Brazil: Drought - Pará (Bagre) - 22/11/2025,,,2025-11-22,2025-11-22,Weather related,Climatological,Drought,Drought,,Secretaria Nacional de Proteção e Defesa Civil (SEDEC),,"Bagre, Pará, Brazil","-2.40166, -50.16628",District/Zone/Department (ADM2),Origin,,2026-01-20T21:07:09.775280Z,"Brazil: 1,200 displacements, 22 November - 22 November. According to the Secretaria Nacional de Proteção e Defesa Civil (SEDEC), based on data from Brazil's Integrated System on Disaster Information (S2ID), 1200 people were displaced from Bagre, Pará on 22 November 2025 due to Drought. Secretaria Nacional de Proteção e Defesa Civil (SEDEC) - 15 January 2026",,Drought
220416,Brazil,BRA,-12.84245,-38.32726,"[-12.84245, -38.32726]",Recommended figure,Disaster,total,1324,2025-11-21,2025-11-21,2025-11-21,2025,38903,Brazil: Storm - Bahia (Lauro de Freitas) - 21/11/2025,,,2025-11-21,2025-11-21,Weather related,Meteorological,Storm,Storm,,Secretaria Nacional de Proteção e Defesa Civil (SEDEC),,"Lauro de Freitas, Bahia, Brazil","-12.84245, -38.32726",District/Zone/Department (ADM2),Origin,,2026-01-20T21:07:09.918540Z,"Brazil: 1,324 displacements, 21 November - 21 November. According to the Secretaria Nacional de Proteção e Defesa Civil (SEDEC), based on data from Brazil's Integrated System on Disaster Information (S2ID), 1324 people were displaced from Lauro De Freitas, Bahia on 21 November 2025 due to Storm. Secretaria Nacional de Proteção e Defesa Civil (SEDEC) - 15 January 2026",,Storm
220418,Brazil,BRA,-12.2593,-41.22095,"[-12.2593, -41.22095]",Recommended figure,Disaster,total,904,2025-11-20,2025-11-20,2025-11-20,2025,38902,Brazil: Storm - Bahia (Wagner) - 20/11/2025,,,2025-11-20,2025-11-20,Weather related,Meteorological,Storm,Storm,,Secretaria Nacional de Proteção e Defesa Civil (SEDEC),,"Wagner, Bahia, Brazil","-12.2593, -41.22095",District/Zone/Department (ADM2),Origin,,2026-01-20T21:07:10.043613Z,"Brazil: 904 displacements, 20 November - 20 November. According to the Secretaria Nacional de Proteção e Defesa Civil (SEDEC), based on data from Brazil's Integrated System on Disaster Information (S2ID), 904 people were displaced from Wagner, Bahia on 20 November 2025 due to Storm. Secretaria Nacional de Proteção e Defesa Civil (SEDEC) - 15 January 2026",,Storm
220422,Brazil,BRA,-16.10053,-40.71006,"[-16.10053, -40.71006]",Recommended figure,Disaster,total,5,2025-11-19,2025-11-19,2025-11-19,2025,38900,Brazil: Storm - Minas Gerais (Almenara) - 19/11/2025,,,2025-11-19,2025-11-19,Weather related,Meteorological,Storm,Storm,,Secretaria Nacional de Proteção e Defesa Civil (SEDEC),,"Almenara, Minas Gerais, Brazil","-16.10053, -40.71006",District/Zone/Department (ADM2),Origin,,2026-01-20T21:07:10.285134Z,"Brazil: 5 displacements, 19 November - 19 November. According to the Secretaria Nacional de Proteção e Defesa Civil (SEDEC), based on data from Brazil's Integrated System on Disaster Information (S2ID), 5 people were displaced from Almenara, Minas Gerais on 19 November 2025 due to Storm. Secretaria Nacional de Proteção e Defesa Civil (SEDEC) - 15 January 2026",,Storm
220420,Brazil,BRA,-11.13564,-39.07003,"[-11.13564, -39.07003]",Recommended figure,Disaster,total,1920,2025-11-19,2025-11-19,2025-11-19,2025,38901,Brazil: Storm - Bahia (Araci) - 19/11/2025,,,2025-11-19,2025-11-19,Weather related,Meteorological,Storm,Storm,,Secretaria Nacional de Proteção e Defesa Civil (SEDEC),,"Araci, Bahia, Brazil","-11.13564, -39.07003",District/Zone/Department (ADM2),Origin,,2026-01-20T21:07:10.165323Z,"Brazil: 1,920 displacements, 19 November - 19 November. According to the Secretaria Nacional de Proteção e Defesa Civil (SEDEC), based on data from Brazil's Integrated System on Disaster Information (S2ID), 1920 people were displaced from Araci, Bahia on 19 November 2025 due to Storm. Secretaria Nacional de Proteção e Defesa Civil (SEDEC) - 15 January 2026",,Storm
220423,Brazil,BRA,-17.55732,-45.97307,"[-17.55732, -45.97307]",Recommended figure,Disaster,total,1,2025-11-18,2025-11-18,2025-11-18,2025,38899,Brazil: Storm - Minas Gerais (João Pinheiro) - 18/11/2025,,,2025-11-18,2025-11-18,Weather related,Meteorological,Storm,Storm,,Secretaria Nacional de Proteção e Defesa Civil (SEDEC),,"João Pinheiro, Minas Gerais, Brazil","-17.55732, -45.97307",District/Zone/Department (ADM2),Origin,,2026-01-20T21:07:10.345584Z,"Brazil: 1 displacement (multiple/other), 18 November - 18 November. According to the Secretaria Nacional de Proteção e Defesa Civil (SEDEC), based on data from Brazil's Integrated System on Disaster Information (S2ID), one person was displaced from João Pinheiro, Minas Gerais on 18 November 2025 due to Storm. Secretaria Nacional de Proteção e Defesa Civil (SEDEC) - 15 January 2026",,Storm
220426,Brazil,BRA,-27.3245,-53.35413,"[-27.3245, -53.35413]",Recommended figure,Disaster,total,74,2025-11-16,2025-11-16,2025-11-16,2025,38897,Brazil: Storm - Rio Grande do Sul (Frederico Westphalen) - 16/11/2025,,,2025-11-16,2025-11-16,Weather related,Meteorological,Storm,Storm,,Secretaria Nacional de Proteção e Defesa Civil (SEDEC),,"Frederico Westphalen, Rio Grande do Sul, Brazil","-27.3245, -53.35413",District/Zone/Department (ADM2),Origin,,2026-01-20T21:07:10.532694Z,"Brazil: 74 displacements, 16 November - 16 November. According to the Secretaria Nacional de Proteção e Defesa Civil (SEDEC), based on data from Brazil's Integrated System on Disaster Information (S2ID), 74 people were displaced from Frederico Westphalen, Rio Grande Do Sul on 16 November 2025 due to Storm. Secretaria Nacional de Proteção e Defesa Civil (SEDEC) - 15 January 2026",,Storm
220427,Brazil,BRA,-27.65897,-54.75943,"[-27.65897, -54.75943]",Recommended figure,Disaster,total,2,2025-11-16,2025-11-16,2025-11-16,2025,38896,Brazil: Storm - Rio Grande do Sul (Alecrim) - 16/11/2025,,,2025-11-16,2025-11-16,Weather related,Meteorological,Storm,Storm,,Secretaria Nacional de Proteção e Defesa Civil (SEDEC),,"Alecrim, Rio Grande do Sul, Brazil","-27.65897, -54.75943",District/Zone/Department (ADM2),Origin,,2026-01-20T21:07:10.598632Z,"Brazil: 2 displacements, 16 November - 16 November. According to the Secretaria Nacional de Proteção e Defesa Civil (SEDEC), based on data from Brazil's Integrated System on Disaster Information (S2ID), 2 people were displaced from Alecrim, Rio Grande Do Sul on 16 November 2025 due to Storm. Secretaria Nacional de Proteção e Defesa Civil (SEDEC) - 15 January 2026",,Storm
220425,Brazil,BRA,-27.321,-54.01108,"[-27.321, -54.01108]",Recommended figure,Disaster,total,33,2025-11-16,2025-11-16,2025-11-16,2025,38994,Brazil: Storm - Rio Grande do Sul (Esperança do Sul) - 16/11/2025,,,2025-11-16,2025-11-16,Weather related,Meteorological,Storm,Storm,,Secretaria Nacional de Proteção e Defesa Civil (SEDEC),,"Esperança do Sul, Rio Grande do Sul, Brazil","-27.321, -54.01108",District/Zone/Department (ADM2),Origin,,2026-01-20T21:07:10.467169Z,"Brazil: 33 displacements (destroyed housing), 16 November - 16 November. According to the Secretaria Nacional de Proteção e Defesa Civil (SEDEC), based on data from Brazil's Integrated System on Disaster Information (S2ID), 10 houses were destroyed from Esperança Do Sul, Rio Grande Do Sul on 16 November 2025 due to Storm. Secretaria Nacional de Proteção e Defesa Civil (SEDEC) - 15 January 2026",,Storm
220424,Brazil,BRA,-27.36291,-53.77115,"[-27.36291, -53.77115]",Recommended figure,Disaster,total,4,2025-11-16,2025-11-16,2025-11-16,2025,38898,Brazil: Storm - Rio Grande do Sul (Tenente Portela) - 16/11/2025,,,2025-11-16,2025-11-16,Weather related,Meteorological,Storm,Storm,,Secretaria Nacional de Proteção e Defesa Civil (SEDEC),,"Tenente Portela, Rio Grande do Sul, Brazil","-27.36291, -53.77115",District/Zone/Department (ADM2),Origin,,2026-01-20T21:07:10.404906Z,"Brazil: 4 displacements, 16 November - 16 November. According to the Secretaria Nacional de Proteção e Defesa Civil (SEDEC), based on data from Brazil's Integrated System on Disaster Information (S2ID), 4 people were displaced from Tenente Portela, Rio Grande Do Sul on 16 November 2025 due to Storm. Secretaria Nacional de Proteção e Defesa Civil (SEDEC) - 15 January 2026",,Storm
220428,Brazil,BRA,-21.56577,-45.41185,"[-21.56577, -45.41185]",Recommended figure,Disaster,total,65,2025-11-15,2025-11-15,2025-11-15,2025,38895,Brazil: Storm - Minas Gerais (Varginha) - 15/11/2025,,,2025-11-15,2025-11-15,Weather related,Meteorological,Storm,Storm,,Secretaria Nacional de Proteção e Defesa Civil (SEDEC),,"Varginha, Minas Gerais, Brazil","-21.56577, -45.41185",District/Zone/Department (ADM2),Origin,,2026-01-20T21:07:10.671946Z,"Brazil: 65 displacements, 15 November - 15 November. According to the Secretaria Nacional de Proteção e Defesa Civil (SEDEC), based on data from Brazil's Integrated System on Disaster Information (S2ID), 65 people were displaced from Varginha, Minas Gerais on 15 November 2025 due to Storm. Secretaria Nacional de Proteção e Defesa Civil (SEDEC) - 15 January 2026",,Storm
220430,Brazil,BRA,-5.87889,-53.65823,"[-5.87889, -53.65823]",Recommended figure,Disaster,total,50,2025-11-15,2025-11-15,2025-11-15,2025,39084,Brazil: Wildfire - Pará (Altamira) - 15/11/2025,,,2025-11-15,2025-11-15,Weather related,Climatological,Wildfire,Wildfire,,Secretaria Nacional de Proteção e Defesa Civil (SEDEC),,"Altamira, Pará, Brazil","-5.87889, -53.65823",District/Zone/Department (ADM2),Origin,,2026-01-20T21:13:11.803001Z,"Brazil: 50 displacements, 15 November - 15 November. According to the Secretaria Nacional de Proteção e Defesa Civil (SEDEC), based on data from Brazil's Integrated System on Disaster Information (S2ID), 50 people were displaced from Altamira, Pará on 15 November 2025 due to Wildfire. Secretaria Nacional de Proteção e Defesa Civil (SEDEC) - 15 January 2026",,Wildfire
220431,Brazil,BRA,-22.04062,-56.50822,"[-22.04062, -56.50822]",Recommended figure,Disaster,total,3,2025-11-13,2025-11-13,2025-11-13,2025,38894,Brazil: Storm - Mato Grosso do Sul (Bela Vista) - 13/11/2025,,,2025-11-13,2025-11-13,Weather related,Meteorological,Storm,Storm,,Secretaria Nacional de Proteção e Defesa Civil (SEDEC),,"Bela Vista, Mato Grosso do Sul, Brazil","-22.04062, -56.50822",District/Zone/Department (ADM2),Origin,,2026-01-20T21:13:11.902144Z,"Brazil: 3 displacements, 13 November - 13 November. According to the Secretaria Nacional de Proteção e Defesa Civil (SEDEC), based on data from Brazil's Integrated System on Disaster Information (S2ID), 3 people were displaced from Bela Vista, Mato Grosso Do Sul on 13 November 2025 due to Storm. Secretaria Nacional de Proteção e Defesa Civil (SEDEC) - 15 January 2026",,Storm
220432,Brazil,BRA,-3.88583,-51.33796,"[-3.88583, -51.33796]",Recommended figure,Disaster,total,29,2025-11-11,2025-11-11,2025-11-11,2025,39062,Brazil: Drought - Pará (Anapu) - 11/11/2025,,,2025-11-11,2025-11-11,Weather related,Climatological,Drought,Drought,,Secretaria Nacional de Proteção e Defesa Civil (SEDEC),,"Anapu, Pará, Brazil","-3.88583, -51.33796",District/Zone/Department (ADM2),Origin,,2026-01-20T21:13:12.014798Z,"Brazil: 29 displacements, 11 November - 11 November. According to the Secretaria Nacional de Proteção e Defesa Civil (SEDEC), based on data from Brazil's Integrated System on Disaster Information (S2ID), 29 people were displaced from Anapu, Pará on 11 November 2025 due to Drought. Secretaria Nacional de Proteção e Defesa Civil (SEDEC) - 15 January 2026",,Drought
220433,Brazil,BRA,-22.6349,-43.12056,"[-22.6349, -43.12056]",Recommended figure,Disaster,total,168,2025-11-10,2025-11-10,2025-11-10,2025,38893,Brazil: Storm - Rio de Janeiro (Magé) - 10/11/2025,,,2025-11-10,2025-11-10,Weather related,Meteorological,Storm,Storm,,Secretaria Nacional de Proteção e Defesa Civil (SEDEC),,"Magé, Rio de Janeiro, Brazil","-22.6349, -43.12056",District/Zone/Department (ADM2),Origin,,2026-01-20T21:13:12.119283Z,"Brazil: 168 displacements, 10 November - 10 November. According to the Secretaria Nacional de Proteção e Defesa Civil (SEDEC), based on data from Brazil's Integrated System on Disaster Information (S2ID), 168 people were displaced from Magé, Rio De Janeiro on 10 November 2025 due to Storm. Secretaria Nacional de Proteção e Defesa Civil (SEDEC) - 15 January 2026",,Storm
220434,Brazil,BRA,-16.90822,-41.98596,"[-16.90822, -41.98596]",Recommended figure,Disaster,total,7,2025-11-09,2025-11-09,2025-11-09,2025,38282,Brazil: Flood - Minas Gerais (Araçuaí) - 09/11/2025,,,2025-11-09,2025-11-09,Weather related,Hydrological,Flood,Flood,,Secretaria Nacional de Proteção e Defesa Civil (SEDEC),,"Araçuaí, Minas Gerais, Brazil","-16.90822, -41.98596",District/Zone/Department (ADM2),Origin,,2026-01-20T21:13:12.209744Z,"Brazil: 7 displacements, 09 November - 09 November. According to the Secretaria Nacional de Proteção e Defesa Civil (SEDEC), based on data from Brazil's Integrated System on Disaster Information (S2ID), 7 people were displaced from Araçuaí, Minas Gerais on 09 November 2025 due to Flood. Secretaria Nacional de Proteção e Defesa Civil (SEDEC) - 15 January 2026",,Flood
220442,Brazil,BRA,-29.22637,-51.8244,"[-29.22637, -51.8244]",Recommended figure,Disaster,total,5,2025-11-08,2025-11-08,2025-11-08,2025,38072,Brazil: Dry mass movement - Rio Grande do Sul (Roca Sales) - 08/11/2025,,,2025-11-08,2025-11-08,Geophysical,Geophysical,Mass Movement,Dry mass movement,,Secretaria Nacional de Proteção e Defesa Civil (SEDEC),,"Roca Sales, Rio Grande do Sul, Brazil","-29.22637, -51.8244",District/Zone/Department (ADM2),Origin,,2026-01-20T21:13:13.036763Z,"Brazil: 5 displacements, 08 November - 08 November. According to the Secretaria Nacional de Proteção e Defesa Civil (SEDEC), based on data from Brazil's Integrated System on Disaster Information (S2ID), 5 people were displaced from Roca Sales, Rio Grande Do Sul on 08 November 2025 due to Dry mass movement. Secretaria Nacional de Proteção e Defesa Civil (SEDEC) - 15 January 2026",,Mass Movement
220441,Brazil,BRA,-23.48123,-45.63778,"[-23.48123, -45.63778]",Recommended figure,Disaster,total,2,2025-11-08,2025-11-08,2025-11-08,2025,38892,Brazil: Storm - São Paulo (Paraibuna) - 08/11/2025,,,2025-11-08,2025-11-08,Weather related,Meteorological,Storm,Storm,,Secretaria Nacional de Proteção e Defesa Civil (SEDEC),,"Paraibuna, São Paulo, Brazil","-23.48123, -45.63778",District/Zone/Department (ADM2),Origin,,2026-01-20T21:13:12.935527Z,"Brazil: 2 displacements, 08 November - 08 November. According to the Secretaria Nacional de Proteção e Defesa Civil (SEDEC), based on data from Brazil's Integrated System on Disaster Information (S2ID), 2 people were displaced from Paraibuna, São Paulo on 08 November 2025 due to Storm. Secretaria Nacional de Proteção e Defesa Civil (SEDEC) - 15 January 2026",,Storm
220440,Brazil,BRA,-29.4284,-50.17775,"[-29.4284, -50.17775]",Recommended figure,Disaster,total,60,2025-11-08,2025-11-08,2025-11-08,2025,38281,Brazil: Flood - Rio Grande do Sul (Itati) - 08/11/2025,,,2025-11-08,2025-11-08,Weather related,Hydrological,Flood,Flood,,Secretaria Nacional de Proteção e Defesa Civil (SEDEC),,"Itati, Rio Grande do Sul, Brazil","-29.4284, -50.17775",District/Zone/Department (ADM2),Origin,,2026-01-20T21:13:12.835359Z,"Brazil: 60 displacements, 08 November - 08 November. According to the Secretaria Nacional de Proteção e Defesa Civil (SEDEC), based on data from Brazil's Integrated System on Disaster Information (S2ID), 60 people were displaced from Itati, Rio Grande Do Sul on 08 November 2025 due to Flood. Secretaria Nacional de Proteção e Defesa Civil (SEDEC) - 15 January 2026",,Flood
220439,Brazil,BRA,-17.56944,-52.55111,"[-17.56944, -52.55111]",Recommended figure,Disaster,total,6,2025-11-08,2025-11-08,2025-11-08,2025,38891,Brazil: Storm - Goiás (Mineiros) - 08/11/2025,,,2025-11-08,2025-11-08,Weather related,Meteorological,Storm,Storm,,Secretaria Nacional de Proteção e Defesa Civil (SEDEC),,"Mineiros, Goiás, Brazil","-17.56944, -52.55111",District/Zone/Department (ADM2),Origin,,2026-01-20T21:13:12.721251Z,"Brazil: 6 displacements, 08 November - 08 November. According to the Secretaria Nacional de Proteção e Defesa Civil (SEDEC), based on data from Brazil's Integrated System on Disaster Information (S2ID), 6 people were displaced from Mineiros, Goiás on 08 November 2025 due to Storm. Secretaria Nacional de Proteção e Defesa Civil (SEDEC) - 15 January 2026",,Storm
220438,Brazil,BRA,-20.14528,-45.74194,"[-20.14528, -45.74194]",Recommended figure,Disaster,total,5,2025-11-08,2025-11-08,2025-11-08,2025,38890,Brazil: Storm - Minas Gerais (Iguatama) - 08/11/2025,,,2025-11-08,2025-11-08,Weather related,Meteorological,Storm,Storm,,Secretaria Nacional de Proteção e Defesa Civil (SEDEC),,"Iguatama, Minas Gerais, Brazil","-20.14528, -45.74194",District/Zone/Department (ADM2),Origin,,2026-01-20T21:13:12.623197Z,"Brazil: 5 displacements, 08 November - 08 November. According to the Secretaria Nacional de Proteção e Defesa Civil (SEDEC), based on data from Brazil's Integrated System on Disaster Information (S2ID), 5 people were displaced from Iguatama, Minas Gerais on 08 November 2025 due to Storm. Secretaria Nacional de Proteção e Defesa Civil (SEDEC) - 15 January 2026",,Storm
220437,Brazil,BRA,-21.14228,-44.48863,"[-21.14228, -44.48863]",Recommended figure,Disaster,total,1,2025-11-08,2025-11-08,2025-11-08,2025,38889,Brazil: Storm - Minas Gerais (Conceição da Barra de Minas) - 08/11/2025,,,2025-11-08,2025-11-08,Weather related,Meteorological,Storm,Storm,,Secretaria Nacional de Proteção e Defesa Civil (SEDEC),,"Conceição da Barra de Minas, Minas Gerais, Brazil","-21.14228, -44.48863",District/Zone/Department (ADM2),Origin,,2026-01-20T21:13:12.527876Z,"Brazil: 1 displacement (multiple/other), 08 November - 08 November. According to the Secretaria Nacional de Proteção e Defesa Civil (SEDEC), based on data from Brazil's Integrated System on Disaster Information (S2ID), one person was displaced from Conceição Da Barra De Minas, Minas Gerais on 08 November 2025 due to Storm. Secretaria Nacional de Proteção e Defesa Civil (SEDEC) - 15 January 2026",,Storm
220436,Brazil,BRA,-14.15265,-41.60375,"[-14.15265, -41.60375]",Recommended figure,Disaster,total,64,2025-11-08,2025-11-08,2025-11-08,2025,38888,Brazil: Storm - Bahia (Brumado) - 08/11/2025,,,2025-11-08,2025-11-08,Weather related,Meteorological,Storm,Storm,,Secretaria Nacional de Proteção e Defesa Civil (SEDEC),,"Brumado, Bahia, Brazil","-14.15265, -41.60375",District/Zone/Department (ADM2),Origin,,2026-01-20T21:13:12.434002Z,"Brazil: 64 displacements, 08 November - 08 November. According to the Secretaria Nacional de Proteção e Defesa Civil (SEDEC), based on data from Brazil's Integrated System on Disaster Information (S2ID), 64 people were displaced from Brumado, Bahia on 08 November 2025 due to Storm. Secretaria Nacional de Proteção e Defesa Civil (SEDEC) - 15 January 2026",,Storm
220453,Brazil,BRA,-25.58093,-52.39206,"[-25.58093, -52.39206]",Recommended figure,Disaster,total,30,2025-11-07,2025-11-07,2025-11-07,2025,38317,Brazil: Tornado - Paraná (Porto Barreiro) - 07/11/2025,,,2025-11-07,2025-11-07,Weather related,Meteorological,Storm,Tornado,,Secretaria Nacional de Proteção e Defesa Civil (SEDEC),,"Porto Barreiro, Paraná, Brazil","-25.58093, -52.39206",District/Zone/Department (ADM2),Origin,,2026-01-20T21:13:14.227942Z,"Brazil: 30 displacements, 07 November - 07 November. According to the Secretaria Nacional de Proteção e Defesa Civil (SEDEC), based on data from Brazil's Integrated System on Disaster Information (S2ID), 30 people were displaced from Porto Barreiro, Paraná on 07 November 2025 due to Tornado. Secretaria Nacional de Proteção e Defesa Civil (SEDEC) - 15 January 2026",,Storm
220452,Brazil,BRA,-25.39858,-51.45998,"[-25.39858, -51.45998]",Recommended figure,Disaster,total,68,2025-11-07,2025-11-07,2025-11-07,2025,38315,Brazil: Tornado - Paraná (Guarapuava) - 07/11/2025,,,2025-11-07,2025-11-07,Weather related,Meteorological,Storm,Tornado,,Secretaria Nacional de Proteção e Defesa Civil (SEDEC),,"Guarapuava, Paraná, Brazil","-25.39858, -51.45998",District/Zone/Department (ADM2),Origin,,2026-01-20T21:13:14.119056Z,"Brazil: 68 displacements, 07 November - 07 November. According to the Secretaria Nacional de Proteção e Defesa Civil (SEDEC), based on data from Brazil's Integrated System on Disaster Information (S2ID), 68 people were displaced from Guarapuava, Paraná on 07 November 2025 due to Tornado. Secretaria Nacional de Proteção e Defesa Civil (SEDEC) - 15 January 2026",,Storm
220450,Brazil,BRA,-25.09533,-52.00812,"[-25.09533, -52.00812]",Recommended figure,Disaster,total,204,2025-11-07,2025-11-07,2025-11-07,2025,38882,Brazil: Storm - Paraná (Goioxim) - 07/11/2025,,,2025-11-07,2025-11-07,Weather related,Meteorological,Storm,Storm,,Secretaria Nacional de Proteção e Defesa Civil (SEDEC),,"Goioxim, Paraná, Brazil","-25.09533, -52.00812",District/Zone/Department (ADM2),Origin,,2026-01-20T21:13:13.855671Z,"Brazil: 204 displacements, 07 November - 07 November. According to the Secretaria Nacional de Proteção e Defesa Civil (SEDEC), based on data from Brazil's Integrated System on Disaster Information (S2ID), 204 people were displaced from Goioxim, Paraná on 07 November 2025 due to Storm. Secretaria Nacional de Proteção e Defesa Civil (SEDEC) - 15 January 2026",,Storm
220449,Brazil,BRA,-26.9971864,-51.5558208,"[-26.9971864, -51.5558208]",Recommended figure,Disaster,total,7,2025-11-07,2025-11-07,2025-11-07,2025,38993,Brazil: Storm - Santa Catarina (Água Doce) - 07/11/2025,,,2025-11-07,2025-11-07,Weather related,Meteorological,Storm,Storm,,Secretaria Nacional de Proteção e Defesa Civil (SEDEC),,"Água Doce, State of Santa Catarina, Brazil","-26.9971864, -51.5558208",District/Zone/Department (ADM2),Origin,,2026-01-20T21:13:13.760728Z,"Brazil: 7 displacements (destroyed housing), 07 November - 07 November. According to the Secretaria Nacional de Proteção e Defesa Civil (SEDEC), based on data from Brazil's Integrated System on Disaster Information (S2ID), 2 houses were destroyed from Água Doce, Santa Catarina on 07 November 2025 due to Storm. Secretaria Nacional de Proteção e Defesa Civil (SEDEC) - 15 January 2026",,Storm
220448,Brazil,BRA,-23.42287,-50.88329,"[-23.42287, -50.88329]",Recommended figure,Disaster,total,4,2025-11-07,2025-11-07,2025-11-07,2025,38876,Brazil: Storm - Paraná (Assaí) - 07/11/2025,,,2025-11-07,2025-11-07,Weather related,Meteorological,Storm,Storm,,Secretaria Nacional de Proteção e Defesa Civil (SEDEC),,"Assaí, Paraná, Brazil","-23.42287, -50.88329",District/Zone/Department (ADM2),Origin,,2026-01-20T21:13:13.657187Z,"Brazil: 4 displacements, 07 November - 07 November. According to the Secretaria Nacional de Proteção e Defesa Civil (SEDEC), based on data from Brazil's Integrated System on Disaster Information (S2ID), 4 people were displaced from Assaí, Paraná on 07 November 2025 due to Storm. Secretaria Nacional de Proteção e Defesa Civil (SEDEC) - 15 January 2026",,Storm
220446,Brazil,BRA,-21.46845,-45.82005,"[-21.46845, -45.82005]",Recommended figure,Disaster,total,152,2025-11-07,2025-11-07,2025-11-07,2025,38881,Brazil: Storm - Minas Gerais (Fama) - 07/11/2025,,,2025-11-07,2025-11-07,Weather related,Meteorological,Storm,Storm,,Secretaria Nacional de Proteção e Defesa Civil (SEDEC),,"Fama, Minas Gerais, Brazil","-21.46845, -45.82005",District/Zone/Department (ADM2),Origin,,2026-01-20T21:13:13.510416Z,"Brazil: 152 displacements, 07 November - 07 November. According to the Secretaria Nacional de Proteção e Defesa Civil (SEDEC), based on data from Brazil's Integrated System on Disaster Information (S2ID), 152 people were displaced from Fama, Minas Gerais on 07 November 2025 due to Storm. Secretaria Nacional de Proteção e Defesa Civil (SEDEC) - 15 January 2026",,Storm
220444,Brazil,BRA,-23.91107,-51.18026,"[-23.91107, -51.18026]",Recommended figure,Disaster,total,12,2025-11-07,2025-11-07,2025-11-07,2025,38884,Brazil: Storm - Paraná (Mauá da Serra) - 07/11/2025,,,2025-11-07,2025-11-07,Weather related,Meteorological,Storm,Storm,,Secretaria Nacional de Proteção e Defesa Civil (SEDEC),,"Mauá da Serra, Paraná, Brazil","-23.91107, -51.18026",District/Zone/Department (ADM2),Origin,,2026-01-20T21:13:13.244565Z,"Brazil: 12 displacements, 07 November - 07 November. According to the Secretaria Nacional de Proteção e Defesa Civil (SEDEC), based on data from Brazil's Integrated System on Disaster Information (S2ID), 12 people were displaced from Mauá Da Serra, Paraná on 07 November 2025 due to Storm. Secretaria Nacional de Proteção e Defesa Civil (SEDEC) - 15 January 2026",,Storm
220443,Brazil,BRA,-23.7438,-51.2941,"[-23.7438, -51.2941]",Recommended figure,Disaster,total,12,2025-11-07,2025-11-07,2025-11-07,2025,38883,Brazil: Storm - Paraná (Marilândia do Sul) - 07/11/2025,,,2025-11-07,2025-11-07,Weather related,Meteorological,Storm,Storm,,Secretaria Nacional de Proteção e Defesa Civil (SEDEC),,"Marilândia do Sul, Paraná, Brazil","-23.7438, -51.2941",District/Zone/Department (ADM2),Origin,,2026-01-20T21:13:13.133905Z,"Brazil: 12 displacements, 07 November - 07 November. According to the Secretaria Nacional de Proteção e Defesa Civil (SEDEC), based on data from Brazil's Integrated System on Disaster Information (S2ID), 12 people were displaced from Marilândia Do Sul, Paraná on 07 November 2025 due to Storm. Secretaria Nacional de Proteção e Defesa Civil (SEDEC) - 15 January 2026",,Storm
220457,Brazil,BRA,-25.54822,-52.62154,"[-25.54822, -52.62154]",Recommended figure,Disaster,total,4028,2025-11-07,2025-11-07,2025-11-07,2025,38318,Brazil: Tornado - Paraná (Rio Bonito do Iguaçu) - 07/11/2025,,,2025-11-07,2025-11-07,Weather related,Meteorological,Storm,Tornado,,Secretaria Nacional de Proteção e Defesa Civil (SEDEC),,"Rio Bonito do Iguaçu, Paraná, Brazil","-25.54822, -52.62154",District/Zone/Department (ADM2),Origin,,2026-01-20T21:13:19.844014Z,"Brazil: 4,028 displacements, 07 November - 07 November. According to the Secretaria Nacional de Proteção e Defesa Civil (SEDEC), based on data from Brazil's Integrated System on Disaster Information (S2ID), 4028 people were displaced from Rio Bonito Do Iguaçu, Paraná on 07 November 2025 due to Tornado. Secretaria Nacional de Proteção e Defesa Civil (SEDEC) - 15 January 2026",,Storm
220468,Brazil,BRA,-23.58771,-50.11629,"[-23.58771, -50.11629]",Recommended figure,Disaster,total,2,2025-11-07,2025-11-07,2025-11-07,2025,38879,Brazil: Storm - Paraná (Conselheiro Mairinck) - 07/11/2025,,,2025-11-07,2025-11-07,Weather related,Meteorological,Storm,Storm,,Secretaria Nacional de Proteção e Defesa Civil (SEDEC),,"Conselheiro Mairinck, Paraná, Brazil","-23.58771, -50.11629",District/Zone/Department (ADM2),Origin,,2026-01-20T21:23:00.781005Z,"Brazil: 2 displacements, 07 November - 07 November. According to the Secretaria Nacional de Proteção e Defesa Civil (SEDEC), based on data from Brazil's Integrated System on Disaster Information (S2ID), 2 people were displaced from Conselheiro Mairinck, Paraná on 07 November 2025 due to Storm. Secretaria Nacional de Proteção e Defesa Civil (SEDEC) - 15 January 2026",,Storm
220467,Brazil,BRA,-28.40128,-48.88512,"[-28.40128, -48.88512]",Recommended figure,Disaster,total,3,2025-11-07,2025-11-07,2025-11-07,2025,38885,Brazil: Storm - Santa Catarina (Pescaria Brava) - 07/11/2025,,,2025-11-07,2025-11-07,Weather related,Meteorological,Storm,Storm,,Secretaria Nacional de Proteção e Defesa Civil (SEDEC),,"Pescaria Brava, Santa Catarina, Brazil","-28.40128, -48.88512",District/Zone/Department (ADM2),Origin,,2026-01-20T21:23:00.719411Z,"Brazil: 3 displacements, 07 November - 07 November. According to the Secretaria Nacional de Proteção e Defesa Civil (SEDEC), based on data from Brazil's Integrated System on Disaster Information (S2ID), 3 people were displaced from Pescaria Brava, Santa Catarina on 07 November 2025 due to Storm. Secretaria Nacional de Proteção e Defesa Civil (SEDEC) - 15 January 2026",,Storm
220465,Brazil,BRA,-13.97883,-42.49334,"[-13.97883, -42.49334]",Recommended figure,Disaster,total,8,2025-11-07,2025-11-07,2025-11-07,2025,38877,Brazil: Storm - Bahia (Caetité) - 07/11/2025,,,2025-11-07,2025-11-07,Weather related,Meteorological,Storm,Storm,,Secretaria Nacional de Proteção e Defesa Civil (SEDEC),,"Caetité, Bahia, Brazil","-13.97883, -42.49334",District/Zone/Department (ADM2),Origin,,2026-01-20T21:23:00.596929Z,"Brazil: 8 displacements, 07 November - 07 November. According to the Secretaria Nacional de Proteção e Defesa Civil (SEDEC), based on data from Brazil's Integrated System on Disaster Information (S2ID), 8 people were displaced from Caetité, Bahia on 07 November 2025 due to Storm. Secretaria Nacional de Proteção e Defesa Civil (SEDEC) - 15 January 2026",,Storm
220464,Brazil,BRA,-28.49265249136711,-49.32830021012261,"[-28.49265249136711, -49.32830021012261]",Recommended figure,Disaster,total,4,2025-11-07,2025-11-07,2025-11-07,2025,38887,Brazil: Storm - Santa Catarina (Urussanga) - 07/11/2025,,,2025-11-07,2025-11-07,Weather related,Meteorological,Storm,Storm,,Secretaria Nacional de Proteção e Defesa Civil (SEDEC),,"Urussanga, Santa Catarina","-28.49265249136711, -49.32830021012261",District/Zone/Department (ADM2),Origin,,2026-01-20T21:23:00.533505Z,"Brazil: 4 displacements, 07 November - 07 November. According to the Secretaria Nacional de Proteção e Defesa Civil (SEDEC), based on data from Brazil's Integrated System on Disaster Information (S2ID), 4 people were displaced from Urussanga, Santa Catarina on 07 November 2025 due to Storm. Secretaria Nacional de Proteção e Defesa Civil (SEDEC) - 15 January 2026",,Storm
220462,Brazil,BRA,-25.43169,-52.98265,"[-25.43169, -52.98265]",Recommended figure,Disaster,total,300,2025-11-07,2025-11-07,2025-11-07,2025,38886,Brazil: Storm - Paraná (Quedas do Iguaçu) - 07/11/2025,,,2025-11-07,2025-11-07,Weather related,Meteorological,Storm,Storm,,Secretaria Nacional de Proteção e Defesa Civil (SEDEC),,"Quedas do Iguaçu, Paraná, Brazil","-25.43169, -52.98265",District/Zone/Department (ADM2),Origin,,2026-01-20T21:23:00.414731Z,"Brazil: 300 displacements, 07 November - 07 November. According to the Secretaria Nacional de Proteção e Defesa Civil (SEDEC), based on data from Brazil's Integrated System on Disaster Information (S2ID), 300 people were displaced from Quedas Do Iguaçu, Paraná on 07 November 2025 due to Storm. Secretaria Nacional de Proteção e Defesa Civil (SEDEC) - 15 January 2026",,Storm
220461,Brazil,BRA,-26.3334,-53.53403,"[-26.3334, -53.53403]",Recommended figure,Disaster,total,21,2025-11-07,2025-11-07,2025-11-07,2025,38880,Brazil: Storm - Santa Catarina (Dionísio Cerqueira) - 07/11/2025,,,2025-11-07,2025-11-07,Weather related,Meteorological,Storm,Storm,,Secretaria Nacional de Proteção e Defesa Civil (SEDEC),,"Dionísio Cerqueira, Santa Catarina, Brazil","-26.3334, -53.53403",District/Zone/Department (ADM2),Origin,,2026-01-20T21:23:00.093252Z,"Brazil: 21 displacements, 07 November - 07 November. According to the Secretaria Nacional de Proteção e Defesa Civil (SEDEC), based on data from Brazil's Integrated System on Disaster Information (S2ID), 21 people were displaced from Dionísio Cerqueira, Santa Catarina on 07 November 2025 due to Storm. Secretaria Nacional de Proteção e Defesa Civil (SEDEC) - 15 January 2026",,Storm
220459,Brazil,BRA,-26.8315,-52.26214,"[-26.8315, -52.26214]",Recommended figure,Disaster,total,2,2025-11-07,2025-11-07,2025-11-07,2025,38314,Brazil: Tornado - Santa Catarina (Faxinal dos Guedes) - 07/11/2025,,,2025-11-07,2025-11-07,Weather related,Meteorological,Storm,Tornado,,Secretaria Nacional de Proteção e Defesa Civil (SEDEC),,"Faxinal dos Guedes, Santa Catarina, Brazil","-26.8315, -52.26214",District/Zone/Department (ADM2),Origin,,2026-01-20T21:13:19.967370Z,"Brazil: 2 displacements, 07 November - 07 November. According to the Secretaria Nacional de Proteção e Defesa Civil (SEDEC), based on data from Brazil's Integrated System on Disaster Information (S2ID), 2 people were displaced from Faxinal Dos Guedes, Santa Catarina on 07 November 2025 due to Tornado. Secretaria Nacional de Proteção e Defesa Civil (SEDEC) - 15 January 2026",,Storm
220456,Brazil,BRA,-25.33563,-52.36992,"[-25.33563, -52.36992]",Recommended figure,Disaster,total,20,2025-11-07,2025-11-07,2025-11-07,2025,38316,Brazil: Tornado - Paraná (Laranjeiras do Sul) - 07/11/2025,,,2025-11-07,2025-11-07,Weather related,Meteorological,Storm,Tornado,,Secretaria Nacional de Proteção e Defesa Civil (SEDEC),,"Laranjeiras do Sul, Paraná, Brazil","-25.33563, -52.36992",District/Zone/Department (ADM2),Origin,,2026-01-20T21:13:19.786075Z,"Brazil: 20 displacements, 07 November - 07 November. According to the Secretaria Nacional de Proteção e Defesa Civil (SEDEC), based on data from Brazil's Integrated System on Disaster Information (S2ID), 20 people were displaced from Laranjeiras Do Sul, Paraná on 07 November 2025 due to Tornado. Secretaria Nacional de Proteção e Defesa Civil (SEDEC) - 15 January 2026",,Storm
220469,Brazil,BRA,-28.45237,-48.95364,"[-28.45237, -48.95364]",Recommended figure,Disaster,total,1,2025-11-07,2025-11-07,2025-11-07,2025,38878,Brazil: Storm - Santa Catarina (Capivari de Baixo) - 07/11/2025,,,2025-11-07,2025-11-07,Weather related,Meteorological,Storm,Storm,,Secretaria Nacional de Proteção e Defesa Civil (SEDEC),,"Capivari de Baixo, Santa Catarina, Brazil","-28.45237, -48.95364",District/Zone/Department (ADM2),Origin,,2026-01-20T21:23:00.841209Z,"Brazil: 1 displacement (multiple/other), 07 November - 07 November. According to the Secretaria Nacional de Proteção e Defesa Civil (SEDEC), based on data from Brazil's Integrated System on Disaster Information (S2ID), one person was displaced from Capivari De Baixo, Santa Catarina on 07 November 2025 due to Storm. Secretaria Nacional de Proteção e Defesa Civil (SEDEC) - 15 January 2026",,Storm
220470,Brazil,BRA,-15.22477,-40.49507,"[-15.22477, -40.49507]",Recommended figure,Disaster,total,159,2025-11-06,2025-11-06,2025-11-06,2025,38873,Brazil: Storm - Bahia (Itambé) - 06/11/2025,,,2025-11-06,2025-11-06,Weather related,Meteorological,Storm,Storm,,Secretaria Nacional de Proteção e Defesa Civil (SEDEC),,"Itambé, Bahia, Brazil","-15.22477, -40.49507",District/Zone/Department (ADM2),Origin,,2026-01-20T21:23:00.901045Z,"Brazil: 159 displacements, 06 November - 06 November. According to the Secretaria Nacional de Proteção e Defesa Civil (SEDEC), based on data from Brazil's Integrated System on Disaster Information (S2ID), 159 people were displaced from Itambé, Bahia on 06 November 2025 due to Storm. Secretaria Nacional de Proteção e Defesa Civil (SEDEC) - 15 January 2026",,Storm
220472,Brazil,BRA,-17.39233,-41.96978,"[-17.39233, -41.96978]",Recommended figure,Disaster,total,27,2025-11-06,2025-11-06,2025-11-06,2025,38875,Brazil: Storm - Minas Gerais (Novo Cruzeiro) - 06/11/2025,,,2025-11-06,2025-11-06,Weather related,Meteorological,Storm,Storm,,Secretaria Nacional de Proteção e Defesa Civil (SEDEC),,"Novo Cruzeiro, Minas Gerais, Brazil","-17.39233, -41.96978",District/Zone/Department (ADM2),Origin,,2026-01-20T21:23:01.017819Z,"Brazil: 27 displacements, 06 November - 06 November. According to the Secretaria Nacional de Proteção e Defesa Civil (SEDEC), based on data from Brazil's Integrated System on Disaster Information (S2ID), 27 people were displaced from Novo Cruzeiro, Minas Gerais on 06 November 2025 due to Storm. Secretaria Nacional de Proteção e Defesa Civil (SEDEC) - 15 January 2026",,Storm
220473,Brazil,BRA,-5.06331,-58.30285,"[-5.06331, -58.30285]",Recommended figure,Disaster,total,30,2025-11-06,2025-11-06,2025-11-06,2025,38874,Brazil: Storm - Amazonas (Maués) - 06/11/2025,,,2025-11-06,2025-11-06,Weather related,Meteorological,Storm,Storm,,Secretaria Nacional de Proteção e Defesa Civil (SEDEC),,"Maués, Amazonas, Brazil","-5.06331, -58.30285",District/Zone/Department (ADM2),Origin,,2026-01-20T21:23:01.077370Z,"Brazil: 30 displacements, 06 November - 06 November. According to the Secretaria Nacional de Proteção e Defesa Civil (SEDEC), based on data from Brazil's Integrated System on Disaster Information (S2ID), 30 people were displaced from Maués, Amazonas on 06 November 2025 due to Storm. Secretaria Nacional de Proteção e Defesa Civil (SEDEC) - 15 January 2026",,Storm
220476,Brazil,BRA,-20.4579,-55.83801,"[-20.4579, -55.83801]",Recommended figure,Disaster,total,4,2025-11-06,2025-11-06,2025-11-06,2025,38871,Brazil: Storm - Mato Grosso do Sul (Aquidauana) - 06/11/2025,,,2025-11-06,2025-11-06,Weather related,Meteorological,Storm,Storm,,Secretaria Nacional de Proteção e Defesa Civil (SEDEC),,"Aquidauana, Mato Grosso do Sul, Brazil","-20.4579, -55.83801",District/Zone/Department (ADM2),Origin,,2026-01-20T21:23:01.249445Z,"Brazil: 4 displacements, 06 November - 06 November. According to the Secretaria Nacional de Proteção e Defesa Civil (SEDEC), based on data from Brazil's Integrated System on Disaster Information (S2ID), 4 people were displaced from Aquidauana, Mato Grosso Do Sul on 06 November 2025 due to Storm. Secretaria Nacional de Proteção e Defesa Civil (SEDEC) - 15 January 2026",,Storm
220477,Brazil,BRA,-16.05629,-43.6747,"[-16.05629, -43.6747]",Recommended figure,Disaster,total,1,2025-11-06,2025-11-06,2025-11-06,2025,38872,Brazil: Storm - Minas Gerais (Capitão Enéas) - 06/11/2025,,,2025-11-06,2025-11-06,Weather related,Meteorological,Storm,Storm,,Secretaria Nacional de Proteção e Defesa Civil (SEDEC),,"Capitão Enéas, Minas Gerais, Brazil","-16.05629, -43.6747",District/Zone/Department (ADM2),Origin,,2026-01-20T21:23:01.312661Z,"Brazil: 1 displacement (multiple/other), 06 November - 06 November. According to the Secretaria Nacional de Proteção e Defesa Civil (SEDEC), based on data from Brazil's Integrated System on Disaster Information (S2ID), one person was displaced from Capitão Enéas, Minas Gerais on 06 November 2025 due to Storm. Secretaria Nacional de Proteção e Defesa Civil (SEDEC) - 15 January 2026",,Storm
220478,Brazil,BRA,-21.9644,-43.45933,"[-21.9644, -43.45933]",Recommended figure,Disaster,total,7,2025-11-05,2025-11-05,2025-11-05,2025,38869,Brazil: Storm - Minas Gerais (Belmiro Braga) - 05/11/2025,,,2025-11-05,2025-11-05,Weather related,Meteorological,Storm,Storm,,Secretaria Nacional de Proteção e Defesa Civil (SEDEC),,"Belmiro Braga, Minas Gerais, Brazil","-21.9644, -43.45933",District/Zone/Department (ADM2),Origin,,2026-01-20T21:23:01.370840Z,"Brazil: 7 displacements, 05 November - 05 November. According to the Secretaria Nacional de Proteção e Defesa Civil (SEDEC), based on data from Brazil's Integrated System on Disaster Information (S2ID), 7 people were displaced from Belmiro Braga, Minas Gerais on 05 November 2025 due to Storm. Secretaria Nacional de Proteção e Defesa Civil (SEDEC) - 15 January 2026",,Storm
220479,Brazil,BRA,-18.59073,-48.26154,"[-18.59073, -48.26154]",Recommended figure,Disaster,total,3,2025-11-05,2025-11-05,2025-11-05,2025,38868,Brazil: Storm - Minas Gerais (Araguari) - 05/11/2025,,,2025-11-05,2025-11-05,Weather related,Meteorological,Storm,Storm,,Secretaria Nacional de Proteção e Defesa Civil (SEDEC),,"Araguari, Minas Gerais, Brazil","-18.59073, -48.26154",District/Zone/Department (ADM2),Origin,,2026-01-20T21:23:01.427130Z,"Brazil: 3 displacements, 05 November - 05 November. According to the Secretaria Nacional de Proteção e Defesa Civil (SEDEC), based on data from Brazil's Integrated System on Disaster Information (S2ID), 3 people were displaced from Araguari, Minas Gerais on 05 November 2025 due to Storm. Secretaria Nacional de Proteção e Defesa Civil (SEDEC) - 15 January 2026",,Storm
220481,Brazil,BRA,-14.13584,-52.49093,"[-14.13584, -52.49093]",Recommended figure,Disaster,total,4,2025-11-05,2025-11-05,2025-11-05,2025,38870,Brazil: Storm - Mato Grosso (Água Boa) - 05/11/2025,,,2025-11-05,2025-11-05,Weather related,Meteorological,Storm,Storm,,Secretaria Nacional de Proteção e Defesa Civil (SEDEC),,"Água Boa, Mato Grosso, Brazil","-14.13584, -52.49093",District/Zone/Department (ADM2),Origin,,2026-01-20T21:23:01.543063Z,"Brazil: 4 displacements, 05 November - 05 November. According to the Secretaria Nacional de Proteção e Defesa Civil (SEDEC), based on data from Brazil's Integrated System on Disaster Information (S2ID), 4 people were displaced from Água Boa, Mato Grosso on 05 November 2025 due to Storm. Secretaria Nacional de Proteção e Defesa Civil (SEDEC) - 15 January 2026",,Storm
220482,Brazil,BRA,-3.70172,-50.77844,"[-3.70172, -50.77844]",Recommended figure,Disaster,total,496,2025-11-05,2025-11-05,2025-11-05,2025,39061,Brazil: Drought - Pará (Pacajá) - 05/11/2025,,,2025-11-05,2025-11-05,Weather related,Climatological,Drought,Drought,,Secretaria Nacional de Proteção e Defesa Civil (SEDEC),,"Pacajá, Pará, Brazil","-3.70172, -50.77844",District/Zone/Department (ADM2),Origin,,2026-01-20T21:23:01.600648Z,"Brazil: 496 displacements, 05 November - 05 November. According to the Secretaria Nacional de Proteção e Defesa Civil (SEDEC), based on data from Brazil's Integrated System on Disaster Information (S2ID), 496 people were displaced from Pacajá, Pará on 05 November 2025 due to Drought. Secretaria Nacional de Proteção e Defesa Civil (SEDEC) - 15 January 2026",,Drought
220485,Brazil,BRA,-20.42272,-41.42575,"[-20.42272, -41.42575]",Recommended figure,Disaster,total,400,2025-11-04,2025-11-04,2025-11-04,2025,38866,Brazil: Storm - Espírito Santo (Muniz Freire) - 04/11/2025,,,2025-11-04,2025-11-04,Weather related,Meteorological,Storm,Storm,,Secretaria Nacional de Proteção e Defesa Civil (SEDEC),,"Muniz Freire, Espírito Santo, Brazil","-20.42272, -41.42575",District/Zone/Department (ADM2),Origin,,2026-01-20T21:23:06.449071Z,"Brazil: 400 displacements, 04 November - 04 November. According to the Secretaria Nacional de Proteção e Defesa Civil (SEDEC), based on data from Brazil's Integrated System on Disaster Information (S2ID), 400 people were displaced from Muniz Freire, Espírito Santo on 04 November 2025 due to Storm. Secretaria Nacional de Proteção e Defesa Civil (SEDEC) - 15 January 2026",,Storm
220486,Brazil,BRA,-3.79048,-60.70718,"[-3.79048, -60.70718]",Recommended figure,Disaster,total,85,2025-11-04,2025-11-04,2025-11-04,2025,38865,Brazil: Storm - Amazonas (Manaquiri) - 04/11/2025,,,2025-11-04,2025-11-04,Weather related,Meteorological,Storm,Storm,,Secretaria Nacional de Proteção e Defesa Civil (SEDEC),,"Manaquiri, Amazonas, Brazil","-3.79048, -60.70718",District/Zone/Department (ADM2),Origin,,2026-01-20T21:23:06.515850Z,"Brazil: 85 displacements, 04 November - 04 November. According to the Secretaria Nacional de Proteção e Defesa Civil (SEDEC), based on data from Brazil's Integrated System on Disaster Information (S2ID), 85 people were displaced from Manaquiri, Amazonas on 04 November 2025 due to Storm. Secretaria Nacional de Proteção e Defesa Civil (SEDEC) - 15 January 2026",,Storm
220495,Brazil,BRA,-23.34761749883936,-55.38305647998546,"[-23.34761749883936, -55.38305647998546]",Recommended figure,Disaster,total,11,2025-11-04,2025-11-04,2025-11-04,2025,38861,Brazil: Storm - Mato Grosso do Sul (Coronel Sapucaia) - 04/11/2025,,,2025-11-04,2025-11-04,Weather related,Meteorological,Storm,Storm,,Secretaria Nacional de Proteção e Defesa Civil (SEDEC),,"Coronel Sapucaia, Mato Grosso do Sul","-23.34761749883936, -55.38305647998546",District/Zone/Department (ADM2),Origin,,2026-01-20T21:23:07.061677Z,"Brazil: 11 displacements, 04 November - 04 November. According to the Secretaria Nacional de Proteção e Defesa Civil (SEDEC), based on data from Brazil's Integrated System on Disaster Information (S2ID), 11 people were displaced from Coronel Sapucaia, Mato Grosso Do Sul on 04 November 2025 due to Storm. Secretaria Nacional de Proteção e Defesa Civil (SEDEC) - 15 January 2026",,Storm
220494,Brazil,BRA,-21.53489,-42.64473,"[-21.53489, -42.64473]",Recommended figure,Disaster,total,141,2025-11-04,2025-11-04,2025-11-04,2025,38864,Brazil: Storm - Minas Gerais (Leopoldina) - 04/11/2025,,,2025-11-04,2025-11-04,Weather related,Meteorological,Storm,Storm,,Secretaria Nacional de Proteção e Defesa Civil (SEDEC),,"Leopoldina, Minas Gerais, Brazil","-21.53489, -42.64473",District/Zone/Department (ADM2),Origin,,2026-01-20T21:23:07.001072Z,"Brazil: 141 displacements, 04 November - 04 November. According to the Secretaria Nacional de Proteção e Defesa Civil (SEDEC), based on data from Brazil's Integrated System on Disaster Information (S2ID), 141 people were displaced from Leopoldina, Minas Gerais on 04 November 2025 due to Storm. Secretaria Nacional de Proteção e Defesa Civil (SEDEC) - 15 January 2026",,Storm
220492,Brazil,BRA,-22.04062,-56.50822,"[-22.04062, -56.50822]",Recommended figure,Disaster,total,2,2025-11-04,2025-11-04,2025-11-04,2025,38857,Brazil: Storm - Mato Grosso do Sul (Bela Vista) - 04/11/2025,,,2025-11-04,2025-11-04,Weather related,Meteorological,Storm,Storm,,Secretaria Nacional de Proteção e Defesa Civil (SEDEC),,"Bela Vista, Mato Grosso do Sul, Brazil","-22.04062, -56.50822",District/Zone/Department (ADM2),Origin,,2026-01-20T21:23:06.885807Z,"Brazil: 2 displacements, 04 November - 04 November. According to the Secretaria Nacional de Proteção e Defesa Civil (SEDEC), based on data from Brazil's Integrated System on Disaster Information (S2ID), 2 people were displaced from Bela Vista, Mato Grosso Do Sul on 04 November 2025 due to Storm. Secretaria Nacional de Proteção e Defesa Civil (SEDEC) - 15 January 2026",,Storm
220491,Brazil,BRA,-21.21513,-41.92932,"[-21.21513, -41.92932]",Recommended figure,Disaster,total,4,2025-11-04,2025-11-04,2025-11-04,2025,38862,Brazil: Storm - Rio de Janeiro (Itaperuna) - 04/11/2025,,,2025-11-04,2025-11-04,Weather related,Meteorological,Storm,Storm,,Secretaria Nacional de Proteção e Defesa Civil (SEDEC),,"Itaperuna, Rio de Janeiro, Brazil","-21.21513, -41.92932",District/Zone/Department (ADM2),Origin,,2026-01-20T21:23:06.822308Z,"Brazil: 4 displacements, 04 November - 04 November. According to the Secretaria Nacional de Proteção e Defesa Civil (SEDEC), based on data from Brazil's Integrated System on Disaster Information (S2ID), 4 people were displaced from Itaperuna, Rio De Janeiro on 04 November 2025 due to Storm. Secretaria Nacional de Proteção e Defesa Civil (SEDEC) - 15 January 2026",,Storm
220490,Brazil,BRA,-21.3592,-42.45663,"[-21.3592, -42.45663]",Recommended figure,Disaster,total,12,2025-11-04,2025-11-04,2025-11-04,2025,38863,Brazil: Storm - Minas Gerais (Laranjal) - 04/11/2025,,,2025-11-04,2025-11-04,Weather related,Meteorological,Storm,Storm,,Secretaria Nacional de Proteção e Defesa Civil (SEDEC),,"Laranjal, Minas Gerais, Brazil","-21.3592, -42.45663",District/Zone/Department (ADM2),Origin,,2026-01-20T21:23:06.758725Z,"Brazil: 12 displacements, 04 November - 04 November. According to the Secretaria Nacional de Proteção e Defesa Civil (SEDEC), based on data from Brazil's Integrated System on Disaster Information (S2ID), 12 people were displaced from Laranjal, Minas Gerais on 04 November 2025 due to Storm. Secretaria Nacional de Proteção e Defesa Civil (SEDEC) - 15 January 2026",,Storm
220487,Brazil,BRA,-7.86937,-48.17585,"[-7.86937, -48.17585]",Recommended figure,Disaster,total,20,2025-11-04,2025-11-04,2025-11-04,2025,38867,Brazil: Storm - Tocantins (Palmeirante) - 04/11/2025,,,2025-11-04,2025-11-04,Weather related,Meteorological,Storm,Storm,,Secretaria Nacional de Proteção e Defesa Civil (SEDEC),,"Palmeirante, Tocantins, Brazil","-7.86937, -48.17585",District/Zone/Department (ADM2),Origin,,2026-01-20T21:23:06.577559Z,"Brazil: 20 displacements, 04 November - 04 November. According to the Secretaria Nacional de Proteção e Defesa Civil (SEDEC), based on data from Brazil's Integrated System on Disaster Information (S2ID), 20 people were displaced from Palmeirante, Tocantins on 04 November 2025 due to Storm. Secretaria Nacional de Proteção e Defesa Civil (SEDEC) - 15 January 2026",,Storm
220489,Brazil,BRA,-21.51166,-41.46121,"[-21.51166, -41.46121]",Recommended figure,Disaster,total,11,2025-11-04,2025-11-04,2025-11-04,2025,38858,Brazil: Storm - Rio de Janeiro (Cardoso Moreira) - 04/11/2025,,,2025-11-04,2025-11-04,Weather related,Meteorological,Storm,Storm,,Secretaria Nacional de Proteção e Defesa Civil (SEDEC),,"Cardoso Moreira, Rio de Janeiro, Brazil","-21.51166, -41.46121",District/Zone/Department (ADM2),Origin,,2026-01-20T21:23:06.698558Z,"Brazil: 11 displacements, 04 November - 04 November. According to the Secretaria Nacional de Proteção e Defesa Civil (SEDEC), based on data from Brazil's Integrated System on Disaster Information (S2ID), 11 people were displaced from Cardoso Moreira, Rio De Janeiro on 04 November 2025 due to Storm. Secretaria Nacional de Proteção e Defesa Civil (SEDEC) - 15 January 2026",,Storm
220483,Brazil,BRA,-19.4624,-40.66292,"[-19.4624, -40.66292]",Recommended figure,Disaster,total,14,2025-11-04,2025-11-04,2025-11-04,2025,38859,Brazil: Storm - Espírito Santo (Colatina) - 04/11/2025,,,2025-11-04,2025-11-04,Weather related,Meteorological,Storm,Storm,,Secretaria Nacional de Proteção e Defesa Civil (SEDEC),,"Colatina, Espírito Santo, Brazil","-19.4624, -40.66292",District/Zone/Department (ADM2),Origin,,2026-01-20T21:23:01.658085Z,"Brazil: 14 displacements, 04 November - 04 November. According to the Secretaria Nacional de Proteção e Defesa Civil (SEDEC), based on data from Brazil's Integrated System on Disaster Information (S2ID), 14 people were displaced from Colatina, Espírito Santo on 04 November 2025 due to Storm. Secretaria Nacional de Proteção e Defesa Civil (SEDEC) - 15 January 2026",,Storm
220484,Brazil,BRA,-20.36226,-41.26622,"[-20.36226, -41.26622]",Recommended figure,Disaster,total,4,2025-11-04,2025-11-04,2025-11-04,2025,38860,Brazil: Storm - Espírito Santo (Conceição do Castelo) - 04/11/2025,,,2025-11-04,2025-11-04,Weather related,Meteorological,Storm,Storm,,Secretaria Nacional de Proteção e Defesa Civil (SEDEC),,"Conceição do Castelo, Espírito Santo, Brazil","-20.36226, -41.26622",District/Zone/Department (ADM2),Origin,,2026-01-20T21:23:01.718155Z,"Brazil: 4 displacements, 04 November - 04 November. According to the Secretaria Nacional de Proteção e Defesa Civil (SEDEC), based on data from Brazil's Integrated System on Disaster Information (S2ID), 4 people were displaced from Conceição Do Castelo, Espírito Santo on 04 November 2025 due to Storm. Secretaria Nacional de Proteção e Defesa Civil (SEDEC) - 15 January 2026",,Storm
220496,Brazil,BRA,-11.76411,-55.44017,"[-11.76411, -55.44017]",Recommended figure,Disaster,total,3,2025-11-03,2025-11-03,2025-11-03,2025,38280,Brazil: Flood - Mato Grosso (Sinop) - 03/11/2025,,,2025-11-03,2025-11-03,Weather related,Hydrological,Flood,Flood,,Secretaria Nacional de Proteção e Defesa Civil (SEDEC),,"Sinop, Mato Grosso, Brazil","-11.76411, -55.44017",District/Zone/Department (ADM2),Origin,,2026-01-20T21:23:07.123597Z,"Brazil: 3 displacements, 03 November - 03 November. According to the Secretaria Nacional de Proteção e Defesa Civil (SEDEC), based on data from Brazil's Integrated System on Disaster Information (S2ID), 3 people were displaced from Sinop, Mato Grosso on 03 November 2025 due to Flood. Secretaria Nacional de Proteção e Defesa Civil (SEDEC) - 15 January 2026",,Flood
220500,Brazil,BRA,-22.58665,-50.42838,"[-22.58665, -50.42838]",Recommended figure,Disaster,total,25,2025-11-02,2025-11-02,2025-11-02,2025,38853,Brazil: Storm - São Paulo (Assis) - 02/11/2025,,,2025-11-02,2025-11-02,Weather related,Meteorological,Storm,Storm,,Secretaria Nacional de Proteção e Defesa Civil (SEDEC),,"Assis, São Paulo, Brazil","-22.58665, -50.42838",District/Zone/Department (ADM2),Origin,,2026-01-20T21:23:07.363638Z,"Brazil: 25 displacements, 02 November - 02 November. According to the Secretaria Nacional de Proteção e Defesa Civil (SEDEC), based on data from Brazil's Integrated System on Disaster Information (S2ID), 25 people were displaced from Assis, São Paulo on 02 November 2025 due to Storm. Secretaria Nacional de Proteção e Defesa Civil (SEDEC) - 15 January 2026",,Storm
220499,Brazil,BRA,-19.88039,-47.226,"[-19.88039, -47.226]",Recommended figure,Disaster,total,23,2025-11-02,2025-11-02,2025-11-02,2025,38856,Brazil: Storm - Minas Gerais (Sacramento) - 02/11/2025,,,2025-11-02,2025-11-02,Weather related,Meteorological,Storm,Storm,,Secretaria Nacional de Proteção e Defesa Civil (SEDEC),,"Sacramento, Minas Gerais, Brazil","-19.88039, -47.226",District/Zone/Department (ADM2),Origin,,2026-01-20T21:23:07.303058Z,"Brazil: 23 displacements, 02 November - 02 November. According to the Secretaria Nacional de Proteção e Defesa Civil (SEDEC), based on data from Brazil's Integrated System on Disaster Information (S2ID), 23 people were displaced from Sacramento, Minas Gerais on 02 November 2025 due to Storm. Secretaria Nacional de Proteção e Defesa Civil (SEDEC) - 15 January 2026",,Storm
220498,Brazil,BRA,-20.5284,-48.67749,"[-20.5284, -48.67749]",Recommended figure,Disaster,total,9,2025-11-02,2025-11-02,2025-11-02,2025,38854,Brazil: Storm - São Paulo (Barretos) - 02/11/2025,,,2025-11-02,2025-11-02,Weather related,Meteorological,Storm,Storm,,Secretaria Nacional de Proteção e Defesa Civil (SEDEC),,"Barretos, São Paulo, Brazil","-20.5284, -48.67749",District/Zone/Department (ADM2),Origin,,2026-01-20T21:23:07.241378Z,"Brazil: 9 displacements, 02 November - 02 November. According to the Secretaria Nacional de Proteção e Defesa Civil (SEDEC), based on data from Brazil's Integrated System on Disaster Information (S2ID), 9 people were displaced from Barretos, São Paulo on 02 November 2025 due to Storm. Secretaria Nacional de Proteção e Defesa Civil (SEDEC) - 15 January 2026",,Storm
220497,Brazil,BRA,-20.5849652,-46.9191995,"[-20.5849652, -46.9191995]",Recommended figure,Disaster,total,2,2025-11-02,2025-11-02,2025-11-02,2025,38855,Brazil: Storm - Minas Gerais (Cássia) - 02/11/2025,,,2025-11-02,2025-11-02,Weather related,Meteorological,Storm,Storm,,Secretaria Nacional de Proteção e Defesa Civil (SEDEC),,"Cássia, State of Minas Gerais, Brazil","-20.5849652, -46.9191995",District/Zone/Department (ADM2),Origin,,2026-01-20T21:23:07.183142Z,"Brazil: 2 displacements, 02 November - 02 November. According to the Secretaria Nacional de Proteção e Defesa Civil (SEDEC), based on data from Brazil's Integrated System on Disaster Information (S2ID), 2 people were displaced from Cássia, Minas Gerais on 02 November 2025 due to Storm. Secretaria Nacional de Proteção e Defesa Civil (SEDEC) - 15 January 2026",,Storm
220523,Brazil,BRA,-25.72679,-53.72859,"[-25.72679, -53.72859]",Recommended figure,Disaster,total,3,2025-11-01,2025-11-01,2025-11-01,2025,38279,Brazil: Flood - Paraná (Planalto) - 01/11/2025,,,2025-11-01,2025-11-01,Weather related,Hydrological,Flood,Flood,,Secretaria Nacional de Proteção e Defesa Civil (SEDEC),,"Planalto, Paraná, Brazil","-25.72679, -53.72859",District/Zone/Department (ADM2),Origin,,2026-01-20T21:32:29.529123Z,"Brazil: 3 displacements, 01 November - 01 November. According to the Secretaria Nacional de Proteção e Defesa Civil (SEDEC), based on data from Brazil's Integrated System on Disaster Information (S2ID), 3 people were displaced from Planalto, Paraná on 01 November 2025 due to Flood. Secretaria Nacional de Proteção e Defesa Civil (SEDEC) - 15 January 2026",,Flood
220522,Brazil,BRA,-24.7969,-53.93681,"[-24.7969, -53.93681]",Recommended figure,Disaster,total,53,2025-11-01,2025-11-01,2025-11-01,2025,38303,Brazil: Flood - Paraná (Ouro Verde do Oeste) - 01/11/2025,,,2025-11-01,2025-11-01,Weather related,Hydrological,Flood,Flood,,Secretaria Nacional de Proteção e Defesa Civil (SEDEC),,"Ouro Verde do Oeste, Paraná, Brazil","-24.7969, -53.93681",District/Zone/Department (ADM2),Origin,,2026-01-20T21:32:29.456012Z,"Brazil: 53 displacements (destroyed housing), 01 November - 01 November. According to the Secretaria Nacional de Proteção e Defesa Civil (SEDEC), based on data from Brazil's Integrated System on Disaster Information (S2ID), 16 houses were destroyed from Ouro Verde Do Oeste, Paraná on 01 November 2025 due to Flood. Secretaria Nacional de Proteção e Defesa Civil (SEDEC) - 15 January 2026",,Flood
220521,Brazil,BRA,-23.24011,-51.69541,"[-23.24011, -51.69541]",Recommended figure,Disaster,total,8,2025-11-01,2025-11-01,2025-11-01,2025,39015,Brazil: Hailstorm - Paraná (Astorga) - 01/11/2025,,,2025-11-01,2025-11-01,Weather related,Meteorological,Storm,Hailstorm,,Secretaria Nacional de Proteção e Defesa Civil (SEDEC),,"Astorga, Paraná, Brazil","-23.24011, -51.69541",District/Zone/Department (ADM2),Origin,,2026-01-20T21:32:29.382011Z,"Brazil: 8 displacements, 01 November - 01 November. According to the Secretaria Nacional de Proteção e Defesa Civil (SEDEC), based on data from Brazil's Integrated System on Disaster Information (S2ID), 8 people were displaced from Astorga, Paraná on 01 November 2025 due to Hailstorm. Secretaria Nacional de Proteção e Defesa Civil (SEDEC) - 15 January 2026",,Storm
220520,Brazil,BRA,-24.11906,-52.39187,"[-24.11906, -52.39187]",Recommended figure,Disaster,total,11,2025-11-01,2025-11-01,2025-11-01,2025,39018,Brazil: Hailstorm - Paraná (Campo Mourão) - 01/11/2025,,,2025-11-01,2025-11-01,Weather related,Meteorological,Storm,Hailstorm,,Secretaria Nacional de Proteção e Defesa Civil (SEDEC),,"Campo Mourão, Paraná, Brazil","-24.11906, -52.39187",District/Zone/Department (ADM2),Origin,,2026-01-20T21:32:29.306706Z,"Brazil: 11 displacements, 01 November - 01 November. According to the Secretaria Nacional de Proteção e Defesa Civil (SEDEC), based on data from Brazil's Integrated System on Disaster Information (S2ID), 11 people were displaced from Campo Mourão, Paraná on 01 November 2025 due to Hailstorm. Secretaria Nacional de Proteção e Defesa Civil (SEDEC) - 15 January 2026",,Storm
220519,Brazil,BRA,-24.29608,-53.11994,"[-24.29608, -53.11994]",Recommended figure,Disaster,total,5,2025-11-01,2025-11-01,2025-11-01,2025,38850,Brazil: Storm - Paraná (Quarto Centenário) - 01/11/2025,,,2025-11-01,2025-11-01,Weather related,Meteorological,Storm,Storm,,Secretaria Nacional de Proteção e Defesa Civil (SEDEC),,"Quarto Centenário, Paraná, Brazil","-24.29608, -53.11994",District/Zone/Department (ADM2),Origin,,2026-01-20T21:32:29.229788Z,"Brazil: 5 displacements, 01 November - 01 November. According to the Secretaria Nacional de Proteção e Defesa Civil (SEDEC), based on data from Brazil's Integrated System on Disaster Information (S2ID), 5 people were displaced from Quarto Centenário, Paraná on 01 November 2025 due to Storm. Secretaria Nacional de Proteção e Defesa Civil (SEDEC) - 15 January 2026",,Storm
220518,Brazil,BRA,-23.53064,-51.86786,"[-23.53064, -51.86786]",Recommended figure,Disaster,total,2,2025-11-01,2025-11-01,2025-11-01,2025,39021,Brazil: Hailstorm - Paraná (Marialva) - 01/11/2025,,,2025-11-01,2025-11-01,Weather related,Meteorological,Storm,Hailstorm,,Secretaria Nacional de Proteção e Defesa Civil (SEDEC),,"Marialva, Paraná, Brazil","-23.53064, -51.86786",District/Zone/Department (ADM2),Origin,,2026-01-20T21:32:29.139940Z,"Brazil: 2 displacements, 01 November - 01 November. According to the Secretaria Nacional de Proteção e Defesa Civil (SEDEC), based on data from Brazil's Integrated System on Disaster Information (S2ID), 2 people were displaced from Marialva, Paraná on 01 November 2025 due to Hailstorm. Secretaria Nacional de Proteção e Defesa Civil (SEDEC) - 15 January 2026",,Storm
220517,Brazil,BRA,-24.06134,-52.05494,"[-24.06134, -52.05494]",Recommended figure,Disaster,total,49,2025-11-01,2025-11-01,2025-11-01,2025,39016,Brazil: Hailstorm - Paraná (Barbosa Ferraz) - 01/11/2025,,,2025-11-01,2025-11-01,Weather related,Meteorological,Storm,Hailstorm,,Secretaria Nacional de Proteção e Defesa Civil (SEDEC),,"Barbosa Ferraz, Paraná, Brazil","-24.06134, -52.05494",District/Zone/Department (ADM2),Origin,,2026-01-20T21:32:29.060789Z,"Brazil: 49 displacements, 01 November - 01 November. According to the Secretaria Nacional de Proteção e Defesa Civil (SEDEC), based on data from Brazil's Integrated System on Disaster Information (S2ID), 49 people were displaced from Barbosa Ferraz, Paraná on 01 November 2025 due to Hailstorm. Secretaria Nacional de Proteção e Defesa Civil (SEDEC) - 15 January 2026",,Storm
220516,Brazil,BRA,-24.30404,-52.98349,"[-24.30404, -52.98349]",Recommended figure,Disaster,total,2,2025-11-01,2025-11-01,2025-11-01,2025,39023,Brazil: Hailstorm - Paraná (Rancho Alegre D`Oeste) - 01/11/2025,,,2025-11-01,2025-11-01,Weather related,Meteorological,Storm,Hailstorm,,Secretaria Nacional de Proteção e Defesa Civil (SEDEC),,"Rancho Alegre d'Oeste, Paraná, Brazil","-24.30404, -52.98349",District/Zone/Department (ADM2),Origin,,2026-01-20T21:32:28.971293Z,"Brazil: 2 displacements, 01 November - 01 November. According to the Secretaria Nacional de Proteção e Defesa Civil (SEDEC), based on data from Brazil's Integrated System on Disaster Information (S2ID), 2 people were displaced from Rancho Alegre D`oeste, Paraná on 01 November 2025 due to Hailstorm. Secretaria Nacional de Proteção e Defesa Civil (SEDEC) - 15 January 2026",,Storm
220514,Brazil,BRA,-23.19194,-51.56836,"[-23.19194, -51.56836]",Recommended figure,Disaster,total,472,2025-11-01,2025-11-01,2025-11-01,2025,38849,Brazil: Storm - Paraná (Pitangueiras) - 01/11/2025,,,2025-11-01,2025-11-01,Weather related,Meteorological,Storm,Storm,,Secretaria Nacional de Proteção e Defesa Civil (SEDEC),,"Pitangueiras, Paraná, Brazil","-23.19194, -51.56836",District/Zone/Department (ADM2),Origin,,2026-01-20T21:32:28.786452Z,"Brazil: 472 displacements, 01 November - 01 November. According to the Secretaria Nacional de Proteção e Defesa Civil (SEDEC), based on data from Brazil's Integrated System on Disaster Information (S2ID), 472 people were displaced from Pitangueiras, Paraná on 01 November 2025 due to Storm. Secretaria Nacional de Proteção e Defesa Civil (SEDEC) - 15 January 2026",,Storm
220513,Brazil,BRA,-23.97916,-51.88263,"[-23.97916, -51.88263]",Recommended figure,Disaster,total,40,2025-11-01,2025-11-01,2025-11-01,2025,39024,Brazil: Hailstorm - Paraná (São João do Ivaí) - 01/11/2025,,,2025-11-01,2025-11-01,Weather related,Meteorological,Storm,Hailstorm,,Secretaria Nacional de Proteção e Defesa Civil (SEDEC),,"São João do Ivaí, Paraná, Brazil","-23.97916, -51.88263",District/Zone/Department (ADM2),Origin,,2026-01-20T21:32:28.704150Z,"Brazil: 40 displacements, 01 November - 01 November. According to the Secretaria Nacional de Proteção e Defesa Civil (SEDEC), based on data from Brazil's Integrated System on Disaster Information (S2ID), 40 people were displaced from São João Do Ivaí, Paraná on 01 November 2025 due to Hailstorm. Secretaria Nacional de Proteção e Defesa Civil (SEDEC) - 15 January 2026",,Storm
220512,Brazil,BRA,-26.08239,-52.85103,"[-26.08239, -52.85103]",Recommended figure,Disaster,total,72,2025-11-01,2025-11-01,2025-11-01,2025,38846,Brazil: Storm - Paraná (Bom Sucesso) - 01/11/2025,,,2025-11-01,2025-11-01,Weather related,Meteorological,Storm,Storm,,Secretaria Nacional de Proteção e Defesa Civil (SEDEC),,"Bom Sucesso do Sul, Paraná, Brazil","-26.08239, -52.85103",District/Zone/Department (ADM2),Origin,,2026-01-20T21:32:28.605313Z,"Brazil: 72 displacements, 01 November - 01 November. According to the Secretaria Nacional de Proteção e Defesa Civil (SEDEC), based on data from Brazil's Integrated System on Disaster Information (S2ID), 72 people were displaced from Bom Sucesso, Paraná on 01 November 2025 due to Storm. Secretaria Nacional de Proteção e Defesa Civil (SEDEC) - 15 January 2026",,Storm
220511,Brazil,BRA,-23.63164,-51.56671,"[-23.63164, -51.56671]",Recommended figure,Disaster,total,9,2025-11-01,2025-11-01,2025-11-01,2025,39017,Brazil: Hailstorm - Paraná (Cambira) - 01/11/2025,,,2025-11-01,2025-11-01,Weather related,Meteorological,Storm,Hailstorm,,Secretaria Nacional de Proteção e Defesa Civil (SEDEC),,"Cambira, Paraná, Brazil","-23.63164, -51.56671",District/Zone/Department (ADM2),Origin,,2026-01-20T21:32:28.488110Z,"Brazil: 9 displacements, 01 November - 01 November. According to the Secretaria Nacional de Proteção e Defesa Civil (SEDEC), based on data from Brazil's Integrated System on Disaster Information (S2ID), 9 people were displaced from Cambira, Paraná on 01 November 2025 due to Hailstorm. Secretaria Nacional de Proteção e Defesa Civil (SEDEC) - 15 January 2026",,Storm
220510,Brazil,BRA,-24.50954,-53.2967,"[-24.50954, -53.2967]",Recommended figure,Disaster,total,6,2025-11-01,2025-11-01,2025-11-01,2025,38847,Brazil: Storm - Paraná (Nova Aurora) - 01/11/2025,,,2025-11-01,2025-11-01,Weather related,Meteorological,Storm,Storm,,Secretaria Nacional de Proteção e Defesa Civil (SEDEC),,"Nova Aurora, Paraná, Brazil","-24.50954, -53.2967",District/Zone/Department (ADM2),Origin,,2026-01-20T21:32:28.397381Z,"Brazil: 6 displacements, 01 November - 01 November. According to the Secretaria Nacional de Proteção e Defesa Civil (SEDEC), based on data from Brazil's Integrated System on Disaster Information (S2ID), 6 people were displaced from Nova Aurora, Paraná on 01 November 2025 due to Storm. Secretaria Nacional de Proteção e Defesa Civil (SEDEC) - 15 January 2026",,Storm
220509,Brazil,BRA,-19.11465,-45.7007,"[-19.11465, -45.7007]",Recommended figure,Disaster,total,3,2025-11-01,2025-11-01,2025-11-01,2025,38992,Brazil: Storm - Minas Gerais (Cedro do Abaeté) - 01/11/2025,,,2025-11-01,2025-11-01,Weather related,Meteorological,Storm,Storm,,Secretaria Nacional de Proteção e Defesa Civil (SEDEC),,"Cedro do Abaeté, Minas Gerais, Brazil","-19.11465, -45.7007",District/Zone/Department (ADM2),Origin,,2026-01-20T21:23:07.900690Z,"Brazil: 3 displacements (destroyed housing), 01 November - 01 November. According to the Secretaria Nacional de Proteção e Defesa Civil (SEDEC), based on data from Brazil's Integrated System on Disaster Information (S2ID), one house was destroyed from Cedro Do Abaeté, Minas Gerais on 01 November 2025 due to Storm. Secretaria Nacional de Proteção e Defesa Civil (SEDEC) - 15 January 2026",,Storm
220508,Brazil,BRA,-23.02502,-50.72558,"[-23.02502, -50.72558]",Recommended figure,Disaster,total,30,2025-11-01,2025-11-01,2025-11-01,2025,39019,Brazil: Hailstorm - Paraná (Leópolis) - 01/11/2025,,,2025-11-01,2025-11-01,Weather related,Meteorological,Storm,Hailstorm,,Secretaria Nacional de Proteção e Defesa Civil (SEDEC),,"Leópolis, Paraná, Brazil","-23.02502, -50.72558",District/Zone/Department (ADM2),Origin,,2026-01-20T21:23:07.835541Z,"Brazil: 30 displacements, 01 November - 01 November. According to the Secretaria Nacional de Proteção e Defesa Civil (SEDEC), based on data from Brazil's Integrated System on Disaster Information (S2ID), 30 people were displaced from Leópolis, Paraná on 01 November 2025 due to Hailstorm. Secretaria Nacional de Proteção e Defesa Civil (SEDEC) - 15 January 2026",,Storm
220507,Brazil,BRA,-23.26442,-52.02979,"[-23.26442, -52.02979]",Recommended figure,Disaster,total,30,2025-11-01,2025-11-01,2025-11-01,2025,39020,Brazil: Hailstorm - Paraná (Mandaguaçu) - 01/11/2025,,,2025-11-01,2025-11-01,Weather related,Meteorological,Storm,Hailstorm,,Secretaria Nacional de Proteção e Defesa Civil (SEDEC),,"Mandaguaçu, Paraná, Brazil","-23.26442, -52.02979",District/Zone/Department (ADM2),Origin,,2026-01-20T21:23:07.777439Z,"Brazil: 30 displacements, 01 November - 01 November. According to the Secretaria Nacional de Proteção e Defesa Civil (SEDEC), based on data from Brazil's Integrated System on Disaster Information (S2ID), 30 people were displaced from Mandaguaçu, Paraná on 01 November 2025 due to Hailstorm. Secretaria Nacional de Proteção e Defesa Civil (SEDEC) - 15 January 2026",,Storm
220505,Brazil,BRA,-23.79814,-52.15746,"[-23.79814, -52.15746]",Recommended figure,Disaster,total,540,2025-11-01,2025-11-01,2025-11-01,2025,38851,Brazil: Storm - Paraná (Quinta do Sol) - 01/11/2025,,,2025-11-01,2025-11-01,Weather related,Meteorological,Storm,Storm,,Secretaria Nacional de Proteção e Defesa Civil (SEDEC),,"Quinta do Sol, Paraná, Brazil","-23.79814, -52.15746",District/Zone/Department (ADM2),Origin,,2026-01-20T21:23:07.659945Z,"Brazil: 540 displacements, 01 November - 01 November. According to the Secretaria Nacional de Proteção e Defesa Civil (SEDEC), based on data from Brazil's Integrated System on Disaster Information (S2ID), 540 people were displaced from Quinta Do Sol, Paraná on 01 November 2025 due to Storm. Secretaria Nacional de Proteção e Defesa Civil (SEDEC) - 15 January 2026",,Storm
220504,Brazil,BRA,-22.9766,-51.47042,"[-22.9766, -51.47042]",Recommended figure,Disaster,total,25,2025-11-01,2025-11-01,2025-11-01,2025,39022,Brazil: Hailstorm - Paraná (Miraselva) - 01/11/2025,,,2025-11-01,2025-11-01,Weather related,Meteorological,Storm,Hailstorm,,Secretaria Nacional de Proteção e Defesa Civil (SEDEC),,"Miraselva, Paraná, Brazil","-22.9766, -51.47042",District/Zone/Department (ADM2),Origin,,2026-01-20T21:23:07.601692Z,"Brazil: 25 displacements, 01 November - 01 November. According to the Secretaria Nacional de Proteção e Defesa Civil (SEDEC), based on data from Brazil's Integrated System on Disaster Information (S2ID), 25 people were displaced from Miraselva, Paraná on 01 November 2025 due to Hailstorm. Secretaria Nacional de Proteção e Defesa Civil (SEDEC) - 15 January 2026",,Storm
220502,Brazil,BRA,-23.0416364,-51.8080252,"[-23.0416364, -51.8080252]",Recommended figure,Disaster,total,25,2025-11-01,2025-11-01,2025-11-01,2025,38852,Brazil: Storm - Paraná (Santa Fé) - 01/11/2025,,,2025-11-01,2025-11-01,Weather related,Meteorological,Storm,Storm,,Secretaria Nacional de Proteção e Defesa Civil (SEDEC),,"Santa Fé, State of Paraná, Brazil","-23.0416364, -51.8080252",District/Zone/Department (ADM2),Origin,,2026-01-20T21:23:07.483117Z,"Brazil: 25 displacements, 01 November - 01 November. According to the Secretaria Nacional de Proteção e Defesa Civil (SEDEC), based on data from Brazil's Integrated System on Disaster Information (S2ID), 25 people were displaced from Santa Fé, Paraná on 01 November 2025 due to Storm. Secretaria Nacional de Proteção e Defesa Civil (SEDEC) - 15 January 2026",,Storm
220501,Brazil,BRA,-22.80928,-51.27421,"[-22.80928, -51.27421]",Recommended figure,Disaster,total,30,2025-11-01,2025-11-01,2025-11-01,2025,39014,Brazil: Hailstorm - Paraná (Alvorada do Sul) - 01/11/2025,,,2025-11-01,2025-11-01,Weather related,Meteorological,Storm,Hailstorm,,Secretaria Nacional de Proteção e Defesa Civil (SEDEC),,"Alvorada do Sul, Paraná, Brazil","-22.80928, -51.27421",District/Zone/Department (ADM2),Origin,,2026-01-20T21:23:07.422942Z,"Brazil: 30 displacements, 01 November - 01 November. According to the Secretaria Nacional de Proteção e Defesa Civil (SEDEC), based on data from Brazil's Integrated System on Disaster Information (S2ID), 30 people were displaced from Alvorada Do Sul, Paraná on 01 November 2025 due to Hailstorm. Secretaria Nacional de Proteção e Defesa Civil (SEDEC) - 15 January 2026",,Storm
220524,Brazil,BRA,-19.790283,-45.6820678,"[-19.790283, -45.6820678]",Recommended figure,Disaster,total,109,2025-10-31,2025-10-31,2025-10-31,2025,39012,Brazil: Hailstorm - Minas Gerais (Luz) - 31/10/2025,,,2025-10-31,2025-10-31,Weather related,Meteorological,Storm,Hailstorm,,Secretaria Nacional de Proteção e Defesa Civil (SEDEC),,"Luz, State of Minas Gerais, Brazil","-19.790283, -45.6820678",District/Zone/Department (ADM2),Origin,,2026-01-20T21:32:29.600470Z,"Brazil: 109 displacements, 31 October - 31 October. According to the Secretaria Nacional de Proteção e Defesa Civil (SEDEC), based on data from Brazil's Integrated System on Disaster Information (S2ID), 109 people were displaced from Luz, Minas Gerais on 31 October 2025 due to Hailstorm. Secretaria Nacional de Proteção e Defesa Civil (SEDEC) - 15 January 2026",,Storm
220525,Brazil,BRA,-22.55358,-46.22421,"[-22.55358, -46.22421]",Recommended figure,Disaster,total,4,2025-10-31,2025-10-31,2025-10-31,2025,39013,Brazil: Hailstorm - Minas Gerais (Senador Amaral) - 31/10/2025,,,2025-10-31,2025-10-31,Weather related,Meteorological,Storm,Hailstorm,,Secretaria Nacional de Proteção e Defesa Civil (SEDEC),,"Senador Amaral, Minas Gerais, Brazil","-22.55358, -46.22421",District/Zone/Department (ADM2),Origin,,2026-01-20T21:32:29.671559Z,"Brazil: 4 displacements, 31 October - 31 October. According to the Secretaria Nacional de Proteção e Defesa Civil (SEDEC), based on data from Brazil's Integrated System on Disaster Information (S2ID), 4 people were displaced from Senador Amaral, Minas Gerais on 31 October 2025 due to Hailstorm. Secretaria Nacional de Proteção e Defesa Civil (SEDEC) - 15 January 2026",,Storm
220526,Brazil,BRA,-21.33785,-47.7573,"[-21.33785, -47.7573]",Recommended figure,Disaster,total,15,2025-10-31,2025-10-31,2025-10-31,2025,38845,Brazil: Storm - São Paulo (Cravinhos) - 31/10/2025,,,2025-10-31,2025-10-31,Weather related,Meteorological,Storm,Storm,,Secretaria Nacional de Proteção e Defesa Civil (SEDEC),,"Cravinhos, São Paulo, Brazil","-21.33785, -47.7573",District/Zone/Department (ADM2),Origin,,2026-01-20T21:32:29.749381Z,"Brazil: 15 displacements, 31 October - 31 October. According to the Secretaria Nacional de Proteção e Defesa Civil (SEDEC), based on data from Brazil's Integrated System on Disaster Information (S2ID), 15 people were displaced from Cravinhos, São Paulo on 31 October 2025 due to Storm. Secretaria Nacional de Proteção e Defesa Civil (SEDEC) - 15 January 2026",,Storm
220527,Brazil,BRA,-1.77048,-47.42145,"[-1.77048, -47.42145]",Recommended figure,Disaster,total,96,2025-10-31,2025-10-31,2025-10-31,2025,38091,Brazil: Erosion - Pará (Irituia) - 31/10/2025,,,2025-10-31,2025-10-31,Weather related,Climatological,Erosion,Erosion,,Secretaria Nacional de Proteção e Defesa Civil (SEDEC),,"Irituia, Pará, Brazil","-1.77048, -47.42145",District/Zone/Department (ADM2),Origin,,2026-01-20T21:32:29.826658Z,"Brazil: 96 displacements, 31 October - 31 October. According to the Secretaria Nacional de Proteção e Defesa Civil (SEDEC), based on data from Brazil's Integrated System on Disaster Information (S2ID), 96 people were displaced from Irituia, Pará on 31 October 2025 due to Erosion. Secretaria Nacional de Proteção e Defesa Civil (SEDEC) - 15 January 2026",,Erosion
220532,Brazil,BRA,-29.45575,-52.14362,"[-29.45575, -52.14362]",Recommended figure,Disaster,total,60,2025-10-30,2025-10-30,2025-10-30,2025,38842,Brazil: Storm - Rio Grande do Sul (Santa Clara do Sul) - 30/10/2025,,,2025-10-30,2025-10-30,Weather related,Meteorological,Storm,Storm,,Secretaria Nacional de Proteção e Defesa Civil (SEDEC),,"Santa Clara do Sul, Rio Grande do Sul, Brazil","-29.45575, -52.14362",District/Zone/Department (ADM2),Origin,,2026-01-20T21:32:30.226174Z,"Brazil: 60 displacements, 30 October - 30 October. According to the Secretaria Nacional de Proteção e Defesa Civil (SEDEC), based on data from Brazil's Integrated System on Disaster Information (S2ID), 60 people were displaced from Santa Clara Do Sul, Rio Grande Do Sul on 30 October 2025 due to Storm. Secretaria Nacional de Proteção e Defesa Civil (SEDEC) - 15 January 2026",,Storm
220529,Brazil,BRA,-20.34248,-46.83952,"[-20.34248, -46.83952]",Recommended figure,Disaster,total,25,2025-10-30,2025-10-30,2025-10-30,2025,38841,Brazil: Storm - Minas Gerais (Delfinópolis) - 30/10/2025,,,2025-10-30,2025-10-30,Weather related,Meteorological,Storm,Storm,,Secretaria Nacional de Proteção e Defesa Civil (SEDEC),,"Delfinópolis, Minas Gerais, Brazil","-20.34248, -46.83952",District/Zone/Department (ADM2),Origin,,2026-01-20T21:32:29.993788Z,"Brazil: 25 displacements, 30 October - 30 October. According to the Secretaria Nacional de Proteção e Defesa Civil (SEDEC), based on data from Brazil's Integrated System on Disaster Information (S2ID), 25 people were displaced from Delfinópolis, Minas Gerais on 30 October 2025 due to Storm. Secretaria Nacional de Proteção e Defesa Civil (SEDEC) - 15 January 2026",,Storm
220530,Brazil,BRA,-21.11479,-42.97286,"[-21.11479, -42.97286]",Recommended figure,Disaster,total,4,2025-10-30,2025-10-30,2025-10-30,2025,38843,Brazil: Storm - Minas Gerais (Ubá) - 30/10/2025,,,2025-10-30,2025-10-30,Weather related,Meteorological,Storm,Storm,,Secretaria Nacional de Proteção e Defesa Civil (SEDEC),,"Ubá, Minas Gerais, Brazil","-21.11479, -42.97286",District/Zone/Department (ADM2),Origin,,2026-01-20T21:32:30.082779Z,"Brazil: 4 displacements, 30 October - 30 October. According to the Secretaria Nacional de Proteção e Defesa Civil (SEDEC), based on data from Brazil's Integrated System on Disaster Information (S2ID), 4 people were displaced from Ubá, Minas Gerais on 30 October 2025 due to Storm. Secretaria Nacional de Proteção e Defesa Civil (SEDEC) - 15 January 2026",,Storm
220531,Brazil,BRA,-16.58634,-46.77009,"[-16.58634, -46.77009]",Recommended figure,Disaster,total,3,2025-10-30,2025-10-30,2025-10-30,2025,38844,Brazil: Storm - Minas Gerais (Unaí) - 30/10/2025,,,2025-10-30,2025-10-30,Weather related,Meteorological,Storm,Storm,,Secretaria Nacional de Proteção e Defesa Civil (SEDEC),,"Unaí, Minas Gerais, Brazil","-16.58634, -46.77009",District/Zone/Department (ADM2),Origin,,2026-01-20T21:32:30.151726Z,"Brazil: 3 displacements, 30 October - 30 October. According to the Secretaria Nacional de Proteção e Defesa Civil (SEDEC), based on data from Brazil's Integrated System on Disaster Information (S2ID), 3 people were displaced from Unaí, Minas Gerais on 30 October 2025 due to Storm. Secretaria Nacional de Proteção e Defesa Civil (SEDEC) - 15 January 2026",,Storm
220533,Brazil,BRA,-28.70447,-49.58779,"[-28.70447, -49.58779]",Recommended figure,Disaster,total,3,2025-10-29,2025-10-29,2025-10-29,2025,38840,Brazil: Storm - Santa Catarina (Nova Veneza) - 29/10/2025,,,2025-10-29,2025-10-29,Weather related,Meteorological,Storm,Storm,,Secretaria Nacional de Proteção e Defesa Civil (SEDEC),,"Nova Veneza, Santa Catarina, Brazil","-28.70447, -49.58779",District/Zone/Department (ADM2),Origin,,2026-01-20T21:32:30.300272Z,"Brazil: 3 displacements, 29 October - 29 October. According to the Secretaria Nacional de Proteção e Defesa Civil (SEDEC), based on data from Brazil's Integrated System on Disaster Information (S2ID), 3 people were displaced from Nova Veneza, Santa Catarina on 29 October 2025 due to Storm. Secretaria Nacional de Proteção e Defesa Civil (SEDEC) - 15 January 2026",,Storm
220534,Brazil,BRA,-25.2953,-52.15269,"[-25.2953, -52.15269]",Recommended figure,Disaster,total,7,2025-10-28,2025-10-28,2025-10-28,2025,38277,Brazil: Flood - Paraná (Cantagalo) - 28/10/2025,,,2025-10-28,2025-10-28,Weather related,Hydrological,Flood,Flood,,Secretaria Nacional de Proteção e Defesa Civil (SEDEC),,"Cantagalo, Paraná, Brazil","-25.2953, -52.15269",District/Zone/Department (ADM2),Origin,,2026-01-20T21:32:30.376619Z,"Brazil: 7 displacements, 28 October - 28 October. According to the Secretaria Nacional de Proteção e Defesa Civil (SEDEC), based on data from Brazil's Integrated System on Disaster Information (S2ID), 7 people were displaced from Cantagalo, Paraná on 28 October 2025 due to Flood. Secretaria Nacional de Proteção e Defesa Civil (SEDEC) - 15 January 2026",,Flood
220535,Brazil,BRA,-25.09533,-52.00812,"[-25.09533, -52.00812]",Recommended figure,Disaster,total,168,2025-10-28,2025-10-28,2025-10-28,2025,38278,Brazil: Flood - Paraná (Goioxim) - 28/10/2025,,,2025-10-28,2025-10-28,Weather related,Hydrological,Flood,Flood,,Secretaria Nacional de Proteção e Defesa Civil (SEDEC),,"Goioxim, Paraná, Brazil","-25.09533, -52.00812",District/Zone/Department (ADM2),Origin,,2026-01-20T21:32:34.699584Z,"Brazil: 168 displacements, 28 October - 28 October. According to the Secretaria Nacional de Proteção e Defesa Civil (SEDEC), based on data from Brazil's Integrated System on Disaster Information (S2ID), 168 people were displaced from Goioxim, Paraná on 28 October 2025 due to Flood. Secretaria Nacional de Proteção e Defesa Civil (SEDEC) - 15 January 2026",,Flood
220536,Brazil,BRA,-10.13413,-51.41369,"[-10.13413, -51.41369]",Recommended figure,Disaster,total,88,2025-10-21,2025-10-21,2025-10-21,2025,38839,Brazil: Storm - Mato Grosso (Vila Rica) - 21/10/2025,,,2025-10-21,2025-10-21,Weather related,Meteorological,Storm,Storm,,Secretaria Nacional de Proteção e Defesa Civil (SEDEC),,"Vila Rica, Mato Grosso, Brazil","-10.13413, -51.41369",District/Zone/Department (ADM2),Origin,,2026-01-20T21:32:34.795157Z,"Brazil: 88 displacements, 21 October - 21 October. According to the Secretaria Nacional de Proteção e Defesa Civil (SEDEC), based on data from Brazil's Integrated System on Disaster Information (S2ID), 88 people were displaced from Vila Rica, Mato Grosso on 21 October 2025 due to Storm. Secretaria Nacional de Proteção e Defesa Civil (SEDEC) - 15 January 2026",,Storm
220537,Brazil,BRA,-5.1159,-67.35779,"[-5.1159, -67.35779]",Recommended figure,Disaster,total,1750,2025-10-21,2025-10-21,2025-10-21,2025,39060,Brazil: Drought - Amazonas (Carauari) - 21/10/2025,,,2025-10-21,2025-10-21,Weather related,Climatological,Drought,Drought,,Secretaria Nacional de Proteção e Defesa Civil (SEDEC),,"Carauari, Amazonas, Brazil","-5.1159, -67.35779",District/Zone/Department (ADM2),Origin,,2026-01-20T21:32:34.865414Z,"Brazil: 1,750 displacements, 21 October - 21 October. According to the Secretaria Nacional de Proteção e Defesa Civil (SEDEC), based on data from Brazil's Integrated System on Disaster Information (S2ID), 1750 people were displaced from Carauari, Amazonas on 21 October 2025 due to Drought. Secretaria Nacional de Proteção e Defesa Civil (SEDEC) - 15 January 2026",,Drought
220539,Brazil,BRA,-10.14804,-40.10431,"[-10.14804, -40.10431]",Recommended figure,Disaster,total,19,2025-10-20,2025-10-20,2025-10-20,2025,38838,Brazil: Storm - Bahia (Jaguarari) - 20/10/2025,,,2025-10-20,2025-10-20,Weather related,Meteorological,Storm,Storm,,Secretaria Nacional de Proteção e Defesa Civil (SEDEC),,"Jaguarari, Bahia, Brazil","-10.14804, -40.10431",District/Zone/Department (ADM2),Origin,,2026-01-20T21:32:35.017866Z,"Brazil: 19 displacements, 20 October - 20 October. According to the Secretaria Nacional de Proteção e Defesa Civil (SEDEC), based on data from Brazil's Integrated System on Disaster Information (S2ID), 19 people were displaced from Jaguarari, Bahia on 20 October 2025 due to Storm. Secretaria Nacional de Proteção e Defesa Civil (SEDEC) - 15 January 2026",,Storm
220540,Brazil,BRA,-17.4287489,-40.9990786,"[-17.4287489, -40.9990786]",Recommended figure,Disaster,total,150,2025-10-19,2025-10-19,2025-10-19,2025,38837,Brazil: Storm - Minas Gerais (Pavão) - 19/10/2025,,,2025-10-19,2025-10-19,Weather related,Meteorological,Storm,Storm,,Secretaria Nacional de Proteção e Defesa Civil (SEDEC),,"Pavão, State of Minas Gerais, Brazil","-17.4287489, -40.9990786",District/Zone/Department (ADM2),Origin,,2026-01-20T21:32:35.089327Z,"Brazil: 150 displacements, 19 October - 19 October. According to the Secretaria Nacional de Proteção e Defesa Civil (SEDEC), based on data from Brazil's Integrated System on Disaster Information (S2ID), 150 people were displaced from Pavão, Minas Gerais on 19 October 2025 due to Storm. Secretaria Nacional de Proteção e Defesa Civil (SEDEC) - 15 January 2026",,Storm
220541,Brazil,BRA,-18.03431,-41.29473,"[-18.03431, -41.29473]",Recommended figure,Disaster,total,5,2025-10-19,2025-10-19,2025-10-19,2025,38836,Brazil: Storm - Minas Gerais (Ouro Verde de Minas) - 19/10/2025,,,2025-10-19,2025-10-19,Weather related,Meteorological,Storm,Storm,,Secretaria Nacional de Proteção e Defesa Civil (SEDEC),,"Ouro Verde de Minas, Minas Gerais, Brazil","-18.03431, -41.29473",District/Zone/Department (ADM2),Origin,,2026-01-20T21:32:35.161977Z,"Brazil: 5 displacements, 19 October - 19 October. According to the Secretaria Nacional de Proteção e Defesa Civil (SEDEC), based on data from Brazil's Integrated System on Disaster Information (S2ID), 5 people were displaced from Ouro Verde De Minas, Minas Gerais on 19 October 2025 due to Storm. Secretaria Nacional de Proteção e Defesa Civil (SEDEC) - 15 January 2026",,Storm
220542,Brazil,BRA,-21.73664,-41.09546,"[-21.73664, -41.09546]",Recommended figure,Disaster,total,168,2025-10-19,2025-10-19,2025-10-19,2025,38304,Brazil: Storm surge - Rio de Janeiro (São João da Barra) - 19/10/2025,,,2025-10-19,2025-10-19,Weather related,Meteorological,Storm,Storm surge,,Secretaria Nacional de Proteção e Defesa Civil (SEDEC),,"São João da Barra, Rio de Janeiro, Brazil","-21.73664, -41.09546",District/Zone/Department (ADM2),Origin,,2026-01-20T21:32:35.234846Z,"Brazil: 168 displacements, 19 October - 19 October. According to the Secretaria Nacional de Proteção e Defesa Civil (SEDEC), based on data from Brazil's Integrated System on Disaster Information (S2ID), 168 people were displaced from São João Da Barra, Rio De Janeiro on 19 October 2025 due to Storm surge. Secretaria Nacional de Proteção e Defesa Civil (SEDEC) - 15 January 2026",,Storm
220543,Brazil,BRA,-3.22032,-51.88508,"[-3.22032, -51.88508]",Recommended figure,Disaster,total,50,2025-10-18,2025-10-18,2025-10-18,2025,39059,Brazil: Drought - Pará (Vitória do Xingu) - 18/10/2025,,,2025-10-18,2025-10-18,Weather related,Climatological,Drought,Drought,,Secretaria Nacional de Proteção e Defesa Civil (SEDEC),,"Vitória do Xingu, Pará, Brazil","-3.22032, -51.88508",District/Zone/Department (ADM2),Origin,,2026-01-20T21:32:35.335886Z,"Brazil: 50 displacements, 18 October - 18 October. According to the Secretaria Nacional de Proteção e Defesa Civil (SEDEC), based on data from Brazil's Integrated System on Disaster Information (S2ID), 50 people were displaced from Vitória Do Xingu, Pará on 18 October 2025 due to Drought. Secretaria Nacional de Proteção e Defesa Civil (SEDEC) - 15 January 2026",,Drought
220544,Brazil,BRA,-2.49591,-66.26623,"[-2.49591, -66.26623]",Recommended figure,Disaster,total,1681,2025-10-15,2025-10-15,2025-10-15,2025,39058,Brazil: Drought - Amazonas (Fonte Boa) - 15/10/2025,,,2025-10-15,2025-10-15,Weather related,Climatological,Drought,Drought,,Secretaria Nacional de Proteção e Defesa Civil (SEDEC),,"Fonte Boa, Amazonas, Brazil","-2.49591, -66.26623",District/Zone/Department (ADM2),Origin,,2026-01-20T21:32:35.422645Z,"Brazil: 1,681 displacements, 15 October - 15 October. According to the Secretaria Nacional de Proteção e Defesa Civil (SEDEC), based on data from Brazil's Integrated System on Disaster Information (S2ID), 1681 people were displaced from Fonte Boa, Amazonas on 15 October 2025 due to Drought. Secretaria Nacional de Proteção e Defesa Civil (SEDEC) - 15 January 2026",,Drought
220547,Brazil,BRA,-4.94378,-48.42275,"[-4.94378, -48.42275]",Recommended figure,Disaster,total,488,2025-10-14,2025-10-14,2025-10-14,2025,39057,Brazil: Drought - Pará (Abel Figueiredo) - 14/10/2025,,,2025-10-14,2025-10-14,Weather related,Climatological,Drought,Drought,,Secretaria Nacional de Proteção e Defesa Civil (SEDEC),,"Abel Figueiredo, Pará, Brazil","-4.94378, -48.42275",District/Zone/Department (ADM2),Origin,,2026-01-20T21:32:35.649193Z,"Brazil: 488 displacements, 14 October - 14 October. According to the Secretaria Nacional de Proteção e Defesa Civil (SEDEC), based on data from Brazil's Integrated System on Disaster Information (S2ID), 488 people were displaced from Abel Figueiredo, Pará on 14 October 2025 due to Drought. Secretaria Nacional de Proteção e Defesa Civil (SEDEC) - 15 January 2026",,Drought
220546,Brazil,BRA,-8.31452,-41.79184,"[-8.31452, -41.79184]",Recommended figure,Disaster,total,15,2025-10-14,2025-10-14,2025-10-14,2025,39083,Brazil: Wildfire - Piauí (Campo Alegre do Fidalgo) - 14/10/2025,,,2025-10-14,2025-10-14,Weather related,Climatological,Wildfire,Wildfire,,Secretaria Nacional de Proteção e Defesa Civil (SEDEC),,"Campo Alegre do Fidalgo, Piauí, Brazil","-8.31452, -41.79184",District/Zone/Department (ADM2),Origin,,2026-01-20T21:32:35.581482Z,"Brazil: 15 displacements, 14 October - 14 October. According to the Secretaria Nacional de Proteção e Defesa Civil (SEDEC), based on data from Brazil's Integrated System on Disaster Information (S2ID), 15 people were displaced from Campo Alegre Do Fidalgo, Piauí on 14 October 2025 due to Wildfire. Secretaria Nacional de Proteção e Defesa Civil (SEDEC) - 15 January 2026",,Wildfire
220545,Brazil,BRA,-20.18647,-42.08653,"[-20.18647, -42.08653]",Recommended figure,Disaster,total,45,2025-10-14,2025-10-14,2025-10-14,2025,38835,Brazil: Storm - Minas Gerais (Manhuaçu) - 14/10/2025,,,2025-10-14,2025-10-14,Weather related,Meteorological,Storm,Storm,,Secretaria Nacional de Proteção e Defesa Civil (SEDEC),,"Manhuaçu, Minas Gerais, Brazil","-20.18647, -42.08653",District/Zone/Department (ADM2),Origin,,2026-01-20T21:32:35.507054Z,"Brazil: 45 displacements, 14 October - 14 October. According to the Secretaria Nacional de Proteção e Defesa Civil (SEDEC), based on data from Brazil's Integrated System on Disaster Information (S2ID), 45 people were displaced from Manhuaçu, Minas Gerais on 14 October 2025 due to Storm. Secretaria Nacional de Proteção e Defesa Civil (SEDEC) - 15 January 2026",,Storm
220549,Brazil,BRA,-5.81047,-45.98385,"[-5.81047, -45.98385]",Recommended figure,Disaster,total,186,2025-10-13,2025-10-13,2025-10-13,2025,39056,Brazil: Drought - Maranhão (Grajaú) - 13/10/2025,,,2025-10-13,2025-10-13,Weather related,Climatological,Drought,Drought,,Secretaria Nacional de Proteção e Defesa Civil (SEDEC),,"Grajaú, Maranhão, Brazil","-5.81047, -45.98385",District/Zone/Department (ADM2),Origin,,2026-01-20T21:32:35.788652Z,"Brazil: 186 displacements, 13 October - 13 October. According to the Secretaria Nacional de Proteção e Defesa Civil (SEDEC), based on data from Brazil's Integrated System on Disaster Information (S2ID), 186 people were displaced from Grajaú, Maranhão on 13 October 2025 due to Drought. Secretaria Nacional de Proteção e Defesa Civil (SEDEC) - 15 January 2026",,Drought
220550,Brazil,BRA,-22.85356,-54.52155,"[-22.85356, -54.52155]",Recommended figure,Disaster,total,10,2025-10-11,2025-10-11,2025-10-11,2025,38834,Brazil: Storm - Mato Grosso do Sul (Juti) - 11/10/2025,,,2025-10-11,2025-10-11,Weather related,Meteorological,Storm,Storm,,Secretaria Nacional de Proteção e Defesa Civil (SEDEC),,"Juti, Mato Grosso do Sul, Brazil","-22.85356, -54.52155",District/Zone/Department (ADM2),Origin,,2026-01-20T21:32:35.854413Z,"Brazil: 10 displacements, 11 October - 11 October. According to the Secretaria Nacional de Proteção e Defesa Civil (SEDEC), based on data from Brazil's Integrated System on Disaster Information (S2ID), 10 people were displaced from Juti, Mato Grosso Do Sul on 11 October 2025 due to Storm. Secretaria Nacional de Proteção e Defesa Civil (SEDEC) - 15 January 2026",,Storm
220552,Brazil,BRA,-14.36012573124223,-40.23010503522774,"[-14.36012573124223, -40.23010503522774]",Recommended figure,Disaster,total,27,2025-10-09,2025-10-09,2025-10-09,2025,38833,Brazil: Storm - Bahia (Boa Nova) - 09/10/2025,,,2025-10-09,2025-10-09,Weather related,Meteorological,Storm,Storm,,Secretaria Nacional de Proteção e Defesa Civil (SEDEC),,"Boa Nova, Bahia","-14.36012573124223, -40.23010503522774",District/Zone/Department (ADM2),Origin,,2026-01-20T21:32:36.012886Z,"Brazil: 27 displacements, 09 October - 09 October. According to the Secretaria Nacional de Proteção e Defesa Civil (SEDEC), based on data from Brazil's Integrated System on Disaster Information (S2ID), 27 people were displaced from Boa Nova, Bahia on 09 October 2025 due to Storm. Secretaria Nacional de Proteção e Defesa Civil (SEDEC) - 15 January 2026",,Storm
220553,Brazil,BRA,-7.74665,-34.84728,"[-7.74665, -34.84728]",Recommended figure,Disaster,total,17,2025-10-09,2025-10-09,2025-10-09,2025,38096,Brazil: Erosion - Pernambuco (Ilha de Itamaracá) - 09/10/2025,,,2025-10-09,2025-10-09,Weather related,Climatological,Erosion,Erosion,,Secretaria Nacional de Proteção e Defesa Civil (SEDEC),,"Ilha de Itamaracá, Pernambuco, Brazil","-7.74665, -34.84728",District/Zone/Department (ADM2),Origin,,2026-01-20T21:32:36.077839Z,"Brazil: 17 displacements (destroyed housing), 09 October - 09 October. According to the Secretaria Nacional de Proteção e Defesa Civil (SEDEC), based on data from Brazil's Integrated System on Disaster Information (S2ID), 5 houses were destroyed from Ilha De Itamaracá, Pernambuco on 09 October 2025 due to Erosion. Secretaria Nacional de Proteção e Defesa Civil (SEDEC) - 15 January 2026",,Erosion
220554,Brazil,BRA,-20.24351,-45.5676,"[-20.24351, -45.5676]",Recommended figure,Disaster,total,1,2025-10-08,2025-10-08,2025-10-08,2025,39082,Brazil: Wildfire - Minas Gerais (Arcos) - 08/10/2025,,,2025-10-08,2025-10-08,Weather related,Climatological,Wildfire,Wildfire,,Secretaria Nacional de Proteção e Defesa Civil (SEDEC),,"Arcos, Minas Gerais, Brazil","-20.24351, -45.5676",District/Zone/Department (ADM2),Origin,,2026-01-20T21:32:36.142771Z,"Brazil: 1 displacement (multiple/other), 08 October - 08 October. According to the Secretaria Nacional de Proteção e Defesa Civil (SEDEC), based on data from Brazil's Integrated System on Disaster Information (S2ID), one person was displaced from Arcos, Minas Gerais on 08 October 2025 due to Wildfire. Secretaria Nacional de Proteção e Defesa Civil (SEDEC) - 15 January 2026",,Wildfire
220555,Brazil,BRA,-3.15779,-57.90517,"[-3.15779, -57.90517]",Recommended figure,Disaster,total,10,2025-10-07,2025-10-07,2025-10-07,2025,38830,Brazil: Storm - Amazonas (Boa Vista do Ramos) - 07/10/2025,,,2025-10-07,2025-10-07,Weather related,Meteorological,Storm,Storm,,Secretaria Nacional de Proteção e Defesa Civil (SEDEC),,"Boa Vista do Ramos, Amazonas, Brazil","-3.15779, -57.90517",District/Zone/Department (ADM2),Origin,,2026-01-20T21:32:36.208212Z,"Brazil: 10 displacements, 07 October - 07 October. According to the Secretaria Nacional de Proteção e Defesa Civil (SEDEC), based on data from Brazil's Integrated System on Disaster Information (S2ID), 10 people were displaced from Boa Vista Do Ramos, Amazonas on 07 October 2025 due to Storm. Secretaria Nacional de Proteção e Defesa Civil (SEDEC) - 15 January 2026",,Storm
220556,Brazil,BRA,-12.7426,-56.46149,"[-12.7426, -56.46149]",Recommended figure,Disaster,total,4,2025-10-07,2025-10-07,2025-10-07,2025,38832,Brazil: Storm - Mato Grosso (Tapurah) - 07/10/2025,,,2025-10-07,2025-10-07,Weather related,Meteorological,Storm,Storm,,Secretaria Nacional de Proteção e Defesa Civil (SEDEC),,"Tapurah, Mato Grosso, Brazil","-12.7426, -56.46149",District/Zone/Department (ADM2),Origin,,2026-01-20T21:32:36.267752Z,"Brazil: 4 displacements, 07 October - 07 October. According to the Secretaria Nacional de Proteção e Defesa Civil (SEDEC), based on data from Brazil's Integrated System on Disaster Information (S2ID), 4 people were displaced from Tapurah, Mato Grosso on 07 October 2025 due to Storm. Secretaria Nacional de Proteção e Defesa Civil (SEDEC) - 15 January 2026",,Storm
220557,Brazil,BRA,-3.79048,-60.70718,"[-3.79048, -60.70718]",Recommended figure,Disaster,total,50,2025-10-07,2025-10-07,2025-10-07,2025,38831,Brazil: Storm - Amazonas (Manaquiri) - 07/10/2025,,,2025-10-07,2025-10-07,Weather related,Meteorological,Storm,Storm,,Secretaria Nacional de Proteção e Defesa Civil (SEDEC),,"Manaquiri, Amazonas, Brazil","-3.79048, -60.70718",District/Zone/Department (ADM2),Origin,,2026-01-20T21:32:36.328892Z,"Brazil: 50 displacements, 07 October - 07 October. According to the Secretaria Nacional de Proteção e Defesa Civil (SEDEC), based on data from Brazil's Integrated System on Disaster Information (S2ID), 50 people were displaced from Manaquiri, Amazonas on 07 October 2025 due to Storm. Secretaria Nacional de Proteção e Defesa Civil (SEDEC) - 15 January 2026",,Storm
220558,Brazil,BRA,-18.64755,-56.82104,"[-18.64755, -56.82104]",Recommended figure,Disaster,total,20,2025-10-07,2025-10-07,2025-10-07,2025,39081,Brazil: Wildfire - Mato Grosso do Sul (Corumbá) - 07/10/2025,,,2025-10-07,2025-10-07,Weather related,Climatological,Wildfire,Wildfire,,Secretaria Nacional de Proteção e Defesa Civil (SEDEC),,"Corumbá, Mato Grosso do Sul, Brazil","-18.64755, -56.82104",District/Zone/Department (ADM2),Origin,,2026-01-20T21:32:36.391606Z,"Brazil: 20 displacements, 07 October - 07 October. According to the Secretaria Nacional de Proteção e Defesa Civil (SEDEC), based on data from Brazil's Integrated System on Disaster Information (S2ID), 20 people were displaced from Corumbá, Mato Grosso Do Sul on 07 October 2025 due to Wildfire. Secretaria Nacional de Proteção e Defesa Civil (SEDEC) - 15 January 2026",,Wildfire
220559,Brazil,BRA,-2.67922,-55.23829,"[-2.67922, -55.23829]",Recommended figure,Disaster,total,25,2025-10-07,2025-10-07,2025-10-07,2025,38090,Brazil: Erosion - Pará (Santarém) - 07/10/2025,,,2025-10-07,2025-10-07,Weather related,Climatological,Erosion,Erosion,,Secretaria Nacional de Proteção e Defesa Civil (SEDEC),,"Santarém, Pará, Brazil","-2.67922, -55.23829",District/Zone/Department (ADM2),Origin,,2026-01-20T21:32:36.454552Z,"Brazil: 25 displacements, 07 October - 07 October. According to the Secretaria Nacional de Proteção e Defesa Civil (SEDEC), based on data from Brazil's Integrated System on Disaster Information (S2ID), 25 people were displaced from Santarém, Pará on 07 October 2025 due to Erosion. Secretaria Nacional de Proteção e Defesa Civil (SEDEC) - 15 January 2026",,Erosion
220560,Brazil,BRA,-3.27526,-66.24211,"[-3.27526, -66.24211]",Recommended figure,Disaster,total,2606,2025-10-06,2025-10-06,2025-10-06,2025,39055,Brazil: Drought - Amazonas (Juruá) - 06/10/2025,,,2025-10-06,2025-10-06,Weather related,Climatological,Drought,Drought,,Secretaria Nacional de Proteção e Defesa Civil (SEDEC),,"Juruá, Amazonas, Brazil","-3.27526, -66.24211",District/Zone/Department (ADM2),Origin,,2026-01-20T21:42:13.945965Z,"Brazil: 2,606 displacements, 06 October - 06 October. According to the Secretaria Nacional de Proteção e Defesa Civil (SEDEC), based on data from Brazil's Integrated System on Disaster Information (S2ID), 2606 people were displaced from Juruá, Amazonas on 06 October 2025 due to Drought. Secretaria Nacional de Proteção e Defesa Civil (SEDEC) - 15 January 2026",,Drought
220561,Brazil,BRA,-27.22936,-52.00106,"[-27.22936, -52.00106]",Recommended figure,Disaster,total,1,2025-10-06,2025-10-06,2025-10-06,2025,38829,Brazil: Storm - Santa Catarina (Concórdia) - 06/10/2025,,,2025-10-06,2025-10-06,Weather related,Meteorological,Storm,Storm,,Secretaria Nacional de Proteção e Defesa Civil (SEDEC),,"Concórdia, Santa Catarina, Brazil","-27.22936, -52.00106",District/Zone/Department (ADM2),Origin,,2026-01-20T21:42:14.425935Z,"Brazil: 1 displacement (multiple/other), 06 October - 06 October. According to the Secretaria Nacional de Proteção e Defesa Civil (SEDEC), based on data from Brazil's Integrated System on Disaster Information (S2ID), one person was displaced from Concórdia, Santa Catarina on 06 October 2025 due to Storm. Secretaria Nacional de Proteção e Defesa Civil (SEDEC) - 15 January 2026",,Storm
220562,Brazil,BRA,-27.61455,-48.50116,"[-27.61455, -48.50116]",Recommended figure,Disaster,total,40,2025-10-06,2025-10-06,2025-10-06,2025,38089,Brazil: Erosion - Santa Catarina (Florianópolis) - 06/10/2025,,,2025-10-06,2025-10-06,Weather related,Climatological,Erosion,Erosion,,Secretaria Nacional de Proteção e Defesa Civil (SEDEC),,"Florianópolis, Santa Catarina, Brazil","-27.61455, -48.50116",District/Zone/Department (ADM2),Origin,,2026-01-20T21:42:14.489929Z,"Brazil: 40 displacements, 06 October - 06 October. According to the Secretaria Nacional de Proteção e Defesa Civil (SEDEC), based on data from Brazil's Integrated System on Disaster Information (S2ID), 40 people were displaced from Florianópolis, Santa Catarina on 06 October 2025 due to Erosion. Secretaria Nacional de Proteção e Defesa Civil (SEDEC) - 15 January 2026",,Erosion
220563,Brazil,BRA,-26.04546,-48.66869,"[-26.04546, -48.66869]",Recommended figure,Disaster,total,3,2025-10-06,2025-10-06,2025-10-06,2025,38305,Brazil: Storm surge - Santa Catarina (Itapoá) - 06/10/2025,,,2025-10-06,2025-10-06,Weather related,Meteorological,Storm,Storm surge,,Secretaria Nacional de Proteção e Defesa Civil (SEDEC),,"Itapoá, Santa Catarina, Brazil","-26.04546, -48.66869",District/Zone/Department (ADM2),Origin,,2026-01-20T21:42:14.555872Z,"Brazil: 3 displacements (destroyed housing), 06 October - 06 October. According to the Secretaria Nacional de Proteção e Defesa Civil (SEDEC), based on data from Brazil's Integrated System on Disaster Information (S2ID), one house was destroyed from Itapoá, Santa Catarina on 06 October 2025 due to Storm surge. Secretaria Nacional de Proteção e Defesa Civil (SEDEC) - 15 January 2026",,Storm
220564,Brazil,BRA,-1.59735,-47.53464,"[-1.59735, -47.53464]",Recommended figure,Disaster,total,55,2025-10-05,2025-10-05,2025-10-05,2025,39054,Brazil: Drought - Pará (São Miguel do Guamá) - 05/10/2025,,,2025-10-05,2025-10-05,Weather related,Climatological,Drought,Drought,,Secretaria Nacional de Proteção e Defesa Civil (SEDEC),,"São Miguel do Guamá, Pará, Brazil","-1.59735, -47.53464",District/Zone/Department (ADM2),Origin,,2026-01-20T21:42:14.619972Z,"Brazil: 55 displacements, 05 October - 05 October. According to the Secretaria Nacional de Proteção e Defesa Civil (SEDEC), based on data from Brazil's Integrated System on Disaster Information (S2ID), 55 people were displaced from São Miguel Do Guamá, Pará on 05 October 2025 due to Drought. Secretaria Nacional de Proteção e Defesa Civil (SEDEC) - 15 January 2026",,Drought
220565,Brazil,BRA,-27.42574,-50.29365,"[-27.42574, -50.29365]",Recommended figure,Disaster,total,15,2025-10-04,2025-10-04,2025-10-04,2025,39011,Brazil: Hailstorm - Santa Catarina (Ponte Alta) - 04/10/2025,,,2025-10-04,2025-10-04,Weather related,Meteorological,Storm,Hailstorm,,Secretaria Nacional de Proteção e Defesa Civil (SEDEC),,"Ponte Alta, Santa Catarina, Brazil","-27.42574, -50.29365",District/Zone/Department (ADM2),Origin,,2026-01-20T21:42:14.690774Z,"Brazil: 15 displacements, 04 October - 04 October. According to the Secretaria Nacional de Proteção e Defesa Civil (SEDEC), based on data from Brazil's Integrated System on Disaster Information (S2ID), 15 people were displaced from Ponte Alta, Santa Catarina on 04 October 2025 due to Hailstorm. Secretaria Nacional de Proteção e Defesa Civil (SEDEC) - 15 January 2026",,Storm
220566,Brazil,BRA,-3.22032,-51.88508,"[-3.22032, -51.88508]",Recommended figure,Disaster,total,24,2025-10-04,2025-10-04,2025-10-04,2025,39080,Brazil: Wildfire - Pará (Vitória do Xingu) - 04/10/2025,,,2025-10-04,2025-10-04,Weather related,Climatological,Wildfire,Wildfire,,Secretaria Nacional de Proteção e Defesa Civil (SEDEC),,"Vitória do Xingu, Pará, Brazil","-3.22032, -51.88508",District/Zone/Department (ADM2),Origin,,2026-01-20T21:42:14.755296Z,"Brazil: 24 displacements, 04 October - 04 October. According to the Secretaria Nacional de Proteção e Defesa Civil (SEDEC), based on data from Brazil's Integrated System on Disaster Information (S2ID), 24 people were displaced from Vitória Do Xingu, Pará on 04 October 2025 due to Wildfire. Secretaria Nacional de Proteção e Defesa Civil (SEDEC) - 15 January 2026",,Wildfire
220568,Brazil,BRA,-4.99184,-48.8237,"[-4.99184, -48.8237]",Recommended figure,Disaster,total,1192,2025-10-03,2025-10-03,2025-10-03,2025,39053,Brazil: Drought - Pará (Bom Jesus do Tocantins) - 03/10/2025,,,2025-10-03,2025-10-03,Weather related,Climatological,Drought,Drought,,Secretaria Nacional de Proteção e Defesa Civil (SEDEC),,"Bom Jesus do Tocantins, Pará, Brazil","-4.99184, -48.8237",District/Zone/Department (ADM2),Origin,,2026-01-20T21:42:14.894836Z,"Brazil: 1,192 displacements, 03 October - 03 October. According to the Secretaria Nacional de Proteção e Defesa Civil (SEDEC), based on data from Brazil's Integrated System on Disaster Information (S2ID), 1192 people were displaced from Bom Jesus Do Tocantins, Pará on 03 October 2025 due to Drought. Secretaria Nacional de Proteção e Defesa Civil (SEDEC) - 15 January 2026",,Drought
220567,Brazil,BRA,-5.66448,-71.82776,"[-5.66448, -71.82776]",Recommended figure,Disaster,total,12,2025-10-03,2025-10-03,2025-10-03,2025,39052,Brazil: Drought - Amazonas (Atalaia do Norte) - 03/10/2025,,,2025-10-03,2025-10-03,Weather related,Climatological,Drought,Drought,,Secretaria Nacional de Proteção e Defesa Civil (SEDEC),,"Atalaia do Norte, Amazonas, Brazil","-5.66448, -71.82776",District/Zone/Department (ADM2),Origin,,2026-01-20T21:42:14.824152Z,"Brazil: 12 displacements, 03 October - 03 October. According to the Secretaria Nacional de Proteção e Defesa Civil (SEDEC), based on data from Brazil's Integrated System on Disaster Information (S2ID), 12 people were displaced from Atalaia Do Norte, Amazonas on 03 October 2025 due to Drought. Secretaria Nacional de Proteção e Defesa Civil (SEDEC) - 15 January 2026",,Drought
220570,Brazil,BRA,-5.78548,-43.02434,"[-5.78548, -43.02434]",Recommended figure,Disaster,total,25,2025-10-01,2025-10-01,2025-10-01,2025,39051,Brazil: Drought - Piauí (Palmeirais) - 01/10/2025,,,2025-10-01,2025-10-01,Weather related,Climatological,Drought,Drought,,Secretaria Nacional de Proteção e Defesa Civil (SEDEC),,"Palmeirais, Piauí, Brazil","-5.78548, -43.02434",District/Zone/Department (ADM2),Origin,,2026-01-20T21:42:15.026443Z,"Brazil: 25 displacements, 01 October - 01 October. According to the Secretaria Nacional de Proteção e Defesa Civil (SEDEC), based on data from Brazil's Integrated System on Disaster Information (S2ID), 25 people were displaced from Palmeirais, Piauí on 01 October 2025 due to Drought. Secretaria Nacional de Proteção e Defesa Civil (SEDEC) - 15 January 2026",,Drought
220569,Brazil,BRA,-26.92401,-48.9826,"[-26.92401, -48.9826]",Recommended figure,Disaster,total,11,2025-10-01,2025-10-01,2025-10-01,2025,38276,Brazil: Flood - Santa Catarina (Gaspar) - 01/10/2025,,,2025-10-01,2025-10-01,Weather related,Hydrological,Flood,Flood,,Secretaria Nacional de Proteção e Defesa Civil (SEDEC),,"Gaspar, Santa Catarina, Brazil","-26.92401, -48.9826",District/Zone/Department (ADM2),Origin,,2026-01-20T21:42:14.962214Z,"Brazil: 11 displacements, 01 October - 01 October. According to the Secretaria Nacional de Proteção e Defesa Civil (SEDEC), based on data from Brazil's Integrated System on Disaster Information (S2ID), 11 people were displaced from Gaspar, Santa Catarina on 01 October 2025 due to Flood. Secretaria Nacional de Proteção e Defesa Civil (SEDEC) - 15 January 2026",,Flood
220571,Brazil,BRA,-22.40962,-43.89752,"[-22.40962, -43.89752]",Recommended figure,Disaster,total,2,2025-09-30,2025-09-30,2025-09-30,2025,38071,Brazil: Dry mass movement - Rio de Janeiro (Barra do Piraí) - 30/09/2025,,,2025-09-30,2025-09-30,Geophysical,Geophysical,Mass Movement,Dry mass movement,,Secretaria Nacional de Proteção e Defesa Civil (SEDEC),,"Barra do Piraí, Rio de Janeiro, Brazil","-22.40962, -43.89752",District/Zone/Department (ADM2),Origin,,2026-01-20T21:42:15.092211Z,"Brazil: 2 displacements, 30 September - 30 September. According to the Secretaria Nacional de Proteção e Defesa Civil (SEDEC), based on data from Brazil's Integrated System on Disaster Information (S2ID), 2 people were displaced from Barra Do Piraí, Rio De Janeiro on 30 September 2025 due to Dry mass movement. Secretaria Nacional de Proteção e Defesa Civil (SEDEC) - 15 January 2026",,Mass Movement
220572,Brazil,BRA,-14.98755,-44.60965,"[-14.98755, -44.60965]",Recommended figure,Disaster,total,3,2025-09-30,2025-09-30,2025-09-30,2025,39070,Brazil: Drought - Minas Gerais (Cônego Marinho) - 30/09/2025,,,2025-09-30,2025-09-30,Weather related,Climatological,Drought,Drought,,Secretaria Nacional de Proteção e Defesa Civil (SEDEC),,"Cônego Marinho, Minas Gerais, Brazil","-14.98755, -44.60965",District/Zone/Department (ADM2),Origin,,2026-01-20T21:42:15.152983Z,"Brazil: 3 displacements (destroyed housing), 30 September - 30 September. According to the Secretaria Nacional de Proteção e Defesa Civil (SEDEC), based on data from Brazil's Integrated System on Disaster Information (S2ID), one house was destroyed from Cônego Marinho, Minas Gerais on 30 September 2025 due to Drought. Secretaria Nacional de Proteção e Defesa Civil (SEDEC) - 15 January 2026",,Drought
220579,Brazil,BRA,-8.51549,-44.43642,"[-8.51549, -44.43642]",Recommended figure,Disaster,total,7,2025-09-29,2025-09-29,2025-09-29,2025,39069,Brazil: Drought - Piauí (Palmeira do Piauí) - 29/09/2025,,,2025-09-29,2025-09-29,Weather related,Climatological,Drought,Drought,,Secretaria Nacional de Proteção e Defesa Civil (SEDEC),,"Palmeira do Piauí, Piauí, Brazil","-8.51549, -44.43642",District/Zone/Department (ADM2),Origin,,2026-01-20T21:42:15.624346Z,"Brazil: 7 displacements (destroyed housing), 29 September - 29 September. According to the Secretaria Nacional de Proteção e Defesa Civil (SEDEC), based on data from Brazil's Integrated System on Disaster Information (S2ID), 2 houses were destroyed from Palmeira Do Piauí, Piauí on 29 September 2025 due to Drought. Secretaria Nacional de Proteção e Defesa Civil (SEDEC) - 15 January 2026",,Drought
220578,Brazil,BRA,-8.26858,-42.78801,"[-8.26858, -42.78801]",Recommended figure,Disaster,total,87,2025-09-29,2025-09-29,2025-09-29,2025,39047,Brazil: Drought - Piauí (Brejo do Piauí) - 29/09/2025,,,2025-09-29,2025-09-29,Weather related,Climatological,Drought,Drought,,Secretaria Nacional de Proteção e Defesa Civil (SEDEC),,"Brejo do Piauí, Piauí, Brazil","-8.26858, -42.78801",District/Zone/Department (ADM2),Origin,,2026-01-20T21:42:15.554431Z,"Brazil: 87 displacements, 29 September - 29 September. According to the Secretaria Nacional de Proteção e Defesa Civil (SEDEC), based on data from Brazil's Integrated System on Disaster Information (S2ID), 87 people were displaced from Brejo Do Piauí, Piauí on 29 September 2025 due to Drought. Secretaria Nacional de Proteção e Defesa Civil (SEDEC) - 15 January 2026",,Drought
220577,Brazil,BRA,-8.53997,-41.24753,"[-8.53997, -41.24753]",Recommended figure,Disaster,total,170,2025-09-29,2025-09-29,2025-09-29,2025,39050,Brazil: Drought - Piauí (Queimada Nova) - 29/09/2025,,,2025-09-29,2025-09-29,Weather related,Climatological,Drought,Drought,,Secretaria Nacional de Proteção e Defesa Civil (SEDEC),,"Queimada Nova, Piauí, Brazil","-8.53997, -41.24753",District/Zone/Department (ADM2),Origin,,2026-01-20T21:42:15.485949Z,"Brazil: 170 displacements, 29 September - 29 September. According to the Secretaria Nacional de Proteção e Defesa Civil (SEDEC), based on data from Brazil's Integrated System on Disaster Information (S2ID), 170 people were displaced from Queimada Nova, Piauí on 29 September 2025 due to Drought. Secretaria Nacional de Proteção e Defesa Civil (SEDEC) - 15 January 2026",,Drought
220576,Brazil,BRA,-8.73535,-41.54813,"[-8.73535, -41.54813]",Recommended figure,Disaster,total,112,2025-09-29,2025-09-29,2025-09-29,2025,39048,Brazil: Drought - Piauí (Lagoa do Barro do Piauí) - 29/09/2025,,,2025-09-29,2025-09-29,Weather related,Climatological,Drought,Drought,,Secretaria Nacional de Proteção e Defesa Civil (SEDEC),,"Lagoa do Barro do Piauí, Piauí, Brazil","-8.73535, -41.54813",District/Zone/Department (ADM2),Origin,,2026-01-20T21:42:15.405222Z,"Brazil: 112 displacements, 29 September - 29 September. According to the Secretaria Nacional de Proteção e Defesa Civil (SEDEC), based on data from Brazil's Integrated System on Disaster Information (S2ID), 112 people were displaced from Lagoa Do Barro Do Piauí, Piauí on 29 September 2025 due to Drought. Secretaria Nacional de Proteção e Defesa Civil (SEDEC) - 15 January 2026",,Drought
220575,Brazil,BRA,-8.11204,-42.01361,"[-8.11204, -42.01361]",Recommended figure,Disaster,total,106,2025-09-29,2025-09-29,2025-09-29,2025,39049,Brazil: Drought - Piauí (Nova Santa Rita) - 29/09/2025,,,2025-09-29,2025-09-29,Weather related,Climatological,Drought,Drought,,Secretaria Nacional de Proteção e Defesa Civil (SEDEC),,"Nova Santa Rita, Piauí, Brazil","-8.11204, -42.01361",District/Zone/Department (ADM2),Origin,,2026-01-20T21:42:15.341638Z,"Brazil: 106 displacements, 29 September - 29 September. According to the Secretaria Nacional de Proteção e Defesa Civil (SEDEC), based on data from Brazil's Integrated System on Disaster Information (S2ID), 106 people were displaced from Nova Santa Rita, Piauí on 29 September 2025 due to Drought. Secretaria Nacional de Proteção e Defesa Civil (SEDEC) - 15 January 2026",,Drought
220574,Brazil,BRA,-26.86612,-53.2102,"[-26.86612, -53.2102]",Recommended figure,Disaster,total,6,2025-09-29,2025-09-29,2025-09-29,2025,38828,Brazil: Storm - Santa Catarina (Cunha Porã) - 29/09/2025,,,2025-09-29,2025-09-29,Weather related,Meteorological,Storm,Storm,,Secretaria Nacional de Proteção e Defesa Civil (SEDEC),,"Cunha Porã, Santa Catarina, Brazil","-26.86612, -53.2102",District/Zone/Department (ADM2),Origin,,2026-01-20T21:42:15.279141Z,"Brazil: 6 displacements, 29 September - 29 September. According to the Secretaria Nacional de Proteção e Defesa Civil (SEDEC), based on data from Brazil's Integrated System on Disaster Information (S2ID), 6 people were displaced from Cunha Porã, Santa Catarina on 29 September 2025 due to Storm. Secretaria Nacional de Proteção e Defesa Civil (SEDEC) - 15 January 2026",,Storm
220573,Brazil,BRA,-25.64,-51.22,"[-25.64, -51.22]",Recommended figure,Disaster,total,4,2025-09-29,2025-09-29,2025-09-29,2025,39010,Brazil: Hailstorm - Paraná (Inácio Martins) - 29/09/2025,,,2025-09-29,2025-09-29,Weather related,Meteorological,Storm,Hailstorm,,Secretaria Nacional de Proteção e Defesa Civil (SEDEC),,"Inácio Martins, Paraná, Brazil","-25.64, -51.22",District/Zone/Department (ADM2),Origin,,2026-01-20T21:42:15.211979Z,"Brazil: 4 displacements, 29 September - 29 September. According to the Secretaria Nacional de Proteção e Defesa Civil (SEDEC), based on data from Brazil's Integrated System on Disaster Information (S2ID), 4 people were displaced from Inácio Martins, Paraná on 29 September 2025 due to Hailstorm. Secretaria Nacional de Proteção e Defesa Civil (SEDEC) - 15 January 2026",,Storm
220580,Brazil,BRA,-2.49591,-66.26623,"[-2.49591, -66.26623]",Recommended figure,Disaster,total,2949,2025-09-25,2025-09-25,2025-09-25,2025,39046,Brazil: Drought - Amazonas (Fonte Boa) - 25/09/2025,,,2025-09-25,2025-09-25,Weather related,Climatological,Drought,Drought,,Secretaria Nacional de Proteção e Defesa Civil (SEDEC),,"Fonte Boa, Amazonas, Brazil","-2.49591, -66.26623",District/Zone/Department (ADM2),Origin,,2026-01-20T21:42:15.693871Z,"Brazil: 2,949 displacements, 25 September - 25 September. According to the Secretaria Nacional de Proteção e Defesa Civil (SEDEC), based on data from Brazil's Integrated System on Disaster Information (S2ID), 2949 people were displaced from Fonte Boa, Amazonas on 25 September 2025 due to Drought. Secretaria Nacional de Proteção e Defesa Civil (SEDEC) - 15 January 2026",,Drought
220581,Brazil,BRA,-19.69145,-45.25297,"[-19.69145, -45.25297]",Recommended figure,Disaster,total,1,2025-09-25,2025-09-25,2025-09-25,2025,38070,Brazil: Dry mass movement - Minas Gerais (Bom Despacho) - 25/09/2025,,,2025-09-25,2025-09-25,Geophysical,Geophysical,Mass Movement,Dry mass movement,,Secretaria Nacional de Proteção e Defesa Civil (SEDEC),,"Bom Despacho, Minas Gerais, Brazil","-19.69145, -45.25297",District/Zone/Department (ADM2),Origin,,2026-01-20T21:42:15.773309Z,"Brazil: 1 displacement (multiple/other), 25 September - 25 September. According to the Secretaria Nacional de Proteção e Defesa Civil (SEDEC), based on data from Brazil's Integrated System on Disaster Information (S2ID), one person was displaced from Bom Despacho, Minas Gerais on 25 September 2025 due to Dry mass movement. Secretaria Nacional de Proteção e Defesa Civil (SEDEC) - 15 January 2026",,Mass Movement
220582,Brazil,BRA,-19.81349,-45.96149,"[-19.81349, -45.96149]",Recommended figure,Disaster,total,3,2025-09-24,2025-09-24,2025-09-24,2025,38275,Brazil: Flood - Minas Gerais (Córrego Danta) - 24/09/2025,,,2025-09-24,2025-09-24,Weather related,Hydrological,Flood,Flood,,Secretaria Nacional de Proteção e Defesa Civil (SEDEC),,"Córrego Danta, Minas Gerais, Brazil","-19.81349, -45.96149",District/Zone/Department (ADM2),Origin,,2026-01-20T21:42:15.839591Z,"Brazil: 3 displacements, 24 September - 24 September. According to the Secretaria Nacional de Proteção e Defesa Civil (SEDEC), based on data from Brazil's Integrated System on Disaster Information (S2ID), 3 people were displaced from Córrego Danta, Minas Gerais on 24 September 2025 due to Flood. Secretaria Nacional de Proteção e Defesa Civil (SEDEC) - 15 January 2026",,Flood
220584,Brazil,BRA,-2.49591,-66.26623,"[-2.49591, -66.26623]",Recommended figure,Disaster,total,625,2025-09-23,2025-09-23,2025-09-23,2025,38088,Brazil: Erosion - Amazonas (Fonte Boa) - 23/09/2025,,,2025-09-23,2025-09-23,Weather related,Climatological,Erosion,Erosion,,Secretaria Nacional de Proteção e Defesa Civil (SEDEC),,"Fonte Boa, Amazonas, Brazil","-2.49591, -66.26623",District/Zone/Department (ADM2),Origin,,2026-01-20T21:42:15.984489Z,"Brazil: 625 displacements, 23 September - 23 September. According to the Secretaria Nacional de Proteção e Defesa Civil (SEDEC), based on data from Brazil's Integrated System on Disaster Information (S2ID), 625 people were displaced from Fonte Boa, Amazonas on 23 September 2025 due to Erosion. Secretaria Nacional de Proteção e Defesa Civil (SEDEC) - 15 January 2026",,Erosion
220583,Brazil,BRA,-15.95162,-54.77958,"[-15.95162, -54.77958]",Recommended figure,Disaster,total,1,2025-09-23,2025-09-23,2025-09-23,2025,38827,Brazil: Storm - Mato Grosso (São Pedro da Cipa) - 23/09/2025,,,2025-09-23,2025-09-23,Weather related,Meteorological,Storm,Storm,,Secretaria Nacional de Proteção e Defesa Civil (SEDEC),,"São Pedro da Cipa, Mato Grosso, Brazil","-15.95162, -54.77958",District/Zone/Department (ADM2),Origin,,2026-01-20T21:42:15.918449Z,"Brazil: 1 displacement (multiple/other), 23 September - 23 September. According to the Secretaria Nacional de Proteção e Defesa Civil (SEDEC), based on data from Brazil's Integrated System on Disaster Information (S2ID), one person was displaced from São Pedro Da Cipa, Mato Grosso on 23 September 2025 due to Storm. Secretaria Nacional de Proteção e Defesa Civil (SEDEC) - 15 January 2026",,Storm
220594,Brazil,BRA,-22.20881,-49.94179,"[-22.20881, -49.94179]",Recommended figure,Disaster,total,3,2025-09-22,2025-09-22,2025-09-22,2025,38823,Brazil: Storm - São Paulo (Marília) - 22/09/2025,,,2025-09-22,2025-09-22,Weather related,Meteorological,Storm,Storm,,Secretaria Nacional de Proteção e Defesa Civil (SEDEC),,"Marília, São Paulo, Brazil","-22.20881, -49.94179",District/Zone/Department (ADM2),Origin,,2026-01-20T21:42:20.789630Z,"Brazil: 3 displacements, 22 September - 22 September. According to the Secretaria Nacional de Proteção e Defesa Civil (SEDEC), based on data from Brazil's Integrated System on Disaster Information (S2ID), 3 people were displaced from Marília, São Paulo on 22 September 2025 due to Storm. Secretaria Nacional de Proteção e Defesa Civil (SEDEC) - 15 January 2026",,Storm
220592,Brazil,BRA,-22.45669,-49.76243,"[-22.45669, -49.76243]",Recommended figure,Disaster,total,83,2025-09-22,2025-09-22,2025-09-22,2025,38991,Brazil: Storm - São Paulo (Alvinlândia) - 22/09/2025,,,2025-09-22,2025-09-22,Weather related,Meteorological,Storm,Storm,,Secretaria Nacional de Proteção e Defesa Civil (SEDEC),,"Alvinlândia, São Paulo, Brazil","-22.45669, -49.76243",District/Zone/Department (ADM2),Origin,,2026-01-20T21:42:20.664173Z,"Brazil: 83 displacements (destroyed housing), 22 September - 22 September. According to the Secretaria Nacional de Proteção e Defesa Civil (SEDEC), based on data from Brazil's Integrated System on Disaster Information (S2ID), 25 houses were destroyed from Alvinlândia, São Paulo on 22 September 2025 due to Storm. Secretaria Nacional de Proteção e Defesa Civil (SEDEC) - 15 January 2026",,Storm
220593,Brazil,BRA,-21.95226,-50.74933,"[-21.95226, -50.74933]",Recommended figure,Disaster,total,100,2025-09-22,2025-09-22,2025-09-22,2025,38820,Brazil: Storm - São Paulo (Bastos) - 22/09/2025,,,2025-09-22,2025-09-22,Weather related,Meteorological,Storm,Storm,,Secretaria Nacional de Proteção e Defesa Civil (SEDEC),,"Bastos, São Paulo, Brazil","-21.95226, -50.74933",District/Zone/Department (ADM2),Origin,,2026-01-20T21:42:20.723823Z,"Brazil: 100 displacements, 22 September - 22 September. According to the Secretaria Nacional de Proteção e Defesa Civil (SEDEC), based on data from Brazil's Integrated System on Disaster Information (S2ID), 100 people were displaced from Bastos, São Paulo on 22 September 2025 due to Storm. Secretaria Nacional de Proteção e Defesa Civil (SEDEC) - 15 January 2026",,Storm
220587,Brazil,BRA,-23.37201,-46.97798,"[-23.37201, -46.97798]",Recommended figure,Disaster,total,24,2025-09-22,2025-09-22,2025-09-22,2025,38069,Brazil: Dry mass movement - São Paulo (Pirapora do Bom Jesus) - 22/09/2025,,,2025-09-22,2025-09-22,Geophysical,Geophysical,Mass Movement,Dry mass movement,,Secretaria Nacional de Proteção e Defesa Civil (SEDEC),,"Pirapora do Bom Jesus, São Paulo, Brazil","-23.37201, -46.97798",District/Zone/Department (ADM2),Origin,,2026-01-20T21:42:20.333949Z,"Brazil: 24 displacements, 22 September - 22 September. According to the Secretaria Nacional de Proteção e Defesa Civil (SEDEC), based on data from Brazil's Integrated System on Disaster Information (S2ID), 24 people were displaced from Pirapora Do Bom Jesus, São Paulo on 22 September 2025 due to Dry mass movement. Secretaria Nacional de Proteção e Defesa Civil (SEDEC) - 15 January 2026",,Mass Movement
220589,Brazil,BRA,-23.21632,-47.52288,"[-23.21632, -47.52288]",Recommended figure,Disaster,total,10,2025-09-22,2025-09-22,2025-09-22,2025,38825,Brazil: Storm - São Paulo (Porto Feliz) - 22/09/2025,,,2025-09-22,2025-09-22,Weather related,Meteorological,Storm,Storm,,Secretaria Nacional de Proteção e Defesa Civil (SEDEC),,"Porto Feliz, São Paulo, Brazil","-23.21632, -47.52288",District/Zone/Department (ADM2),Origin,,2026-01-20T21:42:20.467917Z,"Brazil: 10 displacements, 22 September - 22 September. According to the Secretaria Nacional de Proteção e Defesa Civil (SEDEC), based on data from Brazil's Integrated System on Disaster Information (S2ID), 10 people were displaced from Porto Feliz, São Paulo on 22 September 2025 due to Storm. Secretaria Nacional de Proteção e Defesa Civil (SEDEC) - 15 January 2026",,Storm
220590,Brazil,BRA,-22.87768,-48.51789,"[-22.87768, -48.51789]",Recommended figure,Disaster,total,20,2025-09-22,2025-09-22,2025-09-22,2025,38821,Brazil: Storm - São Paulo (Botucatu) - 22/09/2025,,,2025-09-22,2025-09-22,Weather related,Meteorological,Storm,Storm,,Secretaria Nacional de Proteção e Defesa Civil (SEDEC),,"Botucatu, São Paulo, Brazil","-22.87768, -48.51789",District/Zone/Department (ADM2),Origin,,2026-01-20T21:42:20.538888Z,"Brazil: 20 displacements, 22 September - 22 September. According to the Secretaria Nacional de Proteção e Defesa Civil (SEDEC), based on data from Brazil's Integrated System on Disaster Information (S2ID), 20 people were displaced from Botucatu, São Paulo on 22 September 2025 due to Storm. Secretaria Nacional de Proteção e Defesa Civil (SEDEC) - 15 January 2026",,Storm
220586,Brazil,BRA,-23.42596,-54.55844,"[-23.42596, -54.55844]",Recommended figure,Disaster,total,84,2025-09-22,2025-09-22,2025-09-22,2025,38822,Brazil: Storm - Mato Grosso do Sul (Iguatemi) - 22/09/2025,,,2025-09-22,2025-09-22,Weather related,Meteorological,Storm,Storm,,Secretaria Nacional de Proteção e Defesa Civil (SEDEC),,"Iguatemi, Mato Grosso do Sul, Brazil","-23.42596, -54.55844",District/Zone/Department (ADM2),Origin,,2026-01-20T21:42:20.274360Z,"Brazil: 84 displacements, 22 September - 22 September. According to the Secretaria Nacional de Proteção e Defesa Civil (SEDEC), based on data from Brazil's Integrated System on Disaster Information (S2ID), 84 people were displaced from Iguatemi, Mato Grosso Do Sul on 22 September 2025 due to Storm. Secretaria Nacional de Proteção e Defesa Civil (SEDEC) - 15 January 2026",,Storm
220597,Brazil,BRA,-24.92004,-51.96628,"[-24.92004, -51.96628]",Recommended figure,Disaster,total,16,2025-09-22,2025-09-22,2025-09-22,2025,38313,Brazil: Tornado - Paraná (Santa Maria do Oeste) - 22/09/2025,,,2025-09-22,2025-09-22,Weather related,Meteorological,Storm,Tornado,,Secretaria Nacional de Proteção e Defesa Civil (SEDEC),,"Santa Maria do Oeste, Paraná, Brazil","-24.92004, -51.96628",District/Zone/Department (ADM2),Origin,,2026-01-20T21:42:20.975054Z,"Brazil: 16 displacements, 22 September - 22 September. According to the Secretaria Nacional de Proteção e Defesa Civil (SEDEC), based on data from Brazil's Integrated System on Disaster Information (S2ID), 16 people were displaced from Santa Maria Do Oeste, Paraná on 22 September 2025 due to Tornado. Secretaria Nacional de Proteção e Defesa Civil (SEDEC) - 15 January 2026",,Storm
220591,Brazil,BRA,-23.52632,-46.7884,"[-23.52632, -46.7884]",Recommended figure,Disaster,total,15,2025-09-22,2025-09-22,2025-09-22,2025,38824,Brazil: Storm - São Paulo (Osasco) - 22/09/2025,,,2025-09-22,2025-09-22,Weather related,Meteorological,Storm,Storm,,Secretaria Nacional de Proteção e Defesa Civil (SEDEC),,"Osasco, São Paulo, Brazil","-23.52632, -46.7884",District/Zone/Department (ADM2),Origin,,2026-01-20T21:42:20.602158Z,"Brazil: 15 displacements, 22 September - 22 September. According to the Secretaria Nacional de Proteção e Defesa Civil (SEDEC), based on data from Brazil's Integrated System on Disaster Information (S2ID), 15 people were displaced from Osasco, São Paulo on 22 September 2025 due to Storm. Secretaria Nacional de Proteção e Defesa Civil (SEDEC) - 15 January 2026",,Storm
220596,Brazil,BRA,-29.75348,-55.89259,"[-29.75348, -55.89259]",Recommended figure,Disaster,total,15,2025-09-22,2025-09-22,2025-09-22,2025,38274,Brazil: Flood - Rio Grande do Sul (Alegrete) - 22/09/2025,,,2025-09-22,2025-09-22,Weather related,Hydrological,Flood,Flood,,Secretaria Nacional de Proteção e Defesa Civil (SEDEC),,"Alegrete, Rio Grande do Sul, Brazil","-29.75348, -55.89259",District/Zone/Department (ADM2),Origin,,2026-01-20T21:42:20.915964Z,"Brazil: 15 displacements, 22 September - 22 September. According to the Secretaria Nacional de Proteção e Defesa Civil (SEDEC), based on data from Brazil's Integrated System on Disaster Information (S2ID), 15 people were displaced from Alegrete, Rio Grande Do Sul on 22 September 2025 due to Flood. Secretaria Nacional de Proteção e Defesa Civil (SEDEC) - 15 January 2026",,Flood
220595,Brazil,BRA,-22.41617,-52.36402,"[-22.41617, -52.36402]",Recommended figure,Disaster,total,9,2025-09-22,2025-09-22,2025-09-22,2025,38826,Brazil: Storm - São Paulo (Teodoro Sampaio) - 22/09/2025,,,2025-09-22,2025-09-22,Weather related,Meteorological,Storm,Storm,,Secretaria Nacional de Proteção e Defesa Civil (SEDEC),,"Teodoro Sampaio, São Paulo, Brazil","-22.41617, -52.36402",District/Zone/Department (ADM2),Origin,,2026-01-20T21:42:20.852923Z,"Brazil: 9 displacements, 22 September - 22 September. According to the Secretaria Nacional de Proteção e Defesa Civil (SEDEC), based on data from Brazil's Integrated System on Disaster Information (S2ID), 9 people were displaced from Teodoro Sampaio, São Paulo on 22 September 2025 due to Storm. Secretaria Nacional de Proteção e Defesa Civil (SEDEC) - 15 January 2026",,Storm
220603,Brazil,BRA,-26.39154,-53.33171,"[-26.39154, -53.33171]",Recommended figure,Disaster,total,2,2025-09-21,2025-09-21,2025-09-21,2025,38817,Brazil: Storm - Santa Catarina (Palma Sola) - 21/09/2025,,,2025-09-21,2025-09-21,Weather related,Meteorological,Storm,Storm,,Secretaria Nacional de Proteção e Defesa Civil (SEDEC),,"Palma Sola, Santa Catarina, Brazil","-26.39154, -53.33171",District/Zone/Department (ADM2),Origin,,2026-01-20T21:42:21.331730Z,"Brazil: 2 displacements, 21 September - 21 September. According to the Secretaria Nacional de Proteção e Defesa Civil (SEDEC), based on data from Brazil's Integrated System on Disaster Information (S2ID), 2 people were displaced from Palma Sola, Santa Catarina on 21 September 2025 due to Storm. Secretaria Nacional de Proteção e Defesa Civil (SEDEC) - 15 January 2026",,Storm
220602,Brazil,BRA,-26.7235588,-52.5629571,"[-26.7235588, -52.5629571]",Recommended figure,Disaster,total,273,2025-09-21,2025-09-21,2025-09-21,2025,38815,Brazil: Storm - Santa Catarina (Entre Rios) - 21/09/2025,,,2025-09-21,2025-09-21,Weather related,Meteorological,Storm,Storm,,Secretaria Nacional de Proteção e Defesa Civil (SEDEC),,"Entre Rios, State of Santa Catarina, Brazil","-26.7235588, -52.5629571",District/Zone/Department (ADM2),Origin,,2026-01-20T21:42:21.270052Z,"Brazil: 273 displacements, 21 September - 21 September. According to the Secretaria Nacional de Proteção e Defesa Civil (SEDEC), based on data from Brazil's Integrated System on Disaster Information (S2ID), 273 people were displaced from Entre Rios, Santa Catarina on 21 September 2025 due to Storm. Secretaria Nacional de Proteção e Defesa Civil (SEDEC) - 15 January 2026",,Storm
220601,Brazil,BRA,-26.41566,-49.56776,"[-26.41566, -49.56776]",Recommended figure,Disaster,total,6,2025-09-21,2025-09-21,2025-09-21,2025,38818,Brazil: Storm - Santa Catarina (Rio Negrinho) - 21/09/2025,,,2025-09-21,2025-09-21,Weather related,Meteorological,Storm,Storm,,Secretaria Nacional de Proteção e Defesa Civil (SEDEC),,"Rio Negrinho, Santa Catarina, Brazil","-26.41566, -49.56776",District/Zone/Department (ADM2),Origin,,2026-01-20T21:42:21.209012Z,"Brazil: 6 displacements, 21 September - 21 September. According to the Secretaria Nacional de Proteção e Defesa Civil (SEDEC), based on data from Brazil's Integrated System on Disaster Information (S2ID), 6 people were displaced from Rio Negrinho, Santa Catarina on 21 September 2025 due to Storm. Secretaria Nacional de Proteção e Defesa Civil (SEDEC) - 15 January 2026",,Storm
220604,Brazil,BRA,-29.58798,-51.34786,"[-29.58798, -51.34786]",Recommended figure,Disaster,total,10,2025-09-21,2025-09-21,2025-09-21,2025,38819,Brazil: Storm - Rio Grande do Sul (São Sebastião do Caí) - 21/09/2025,,,2025-09-21,2025-09-21,Weather related,Meteorological,Storm,Storm,,Secretaria Nacional de Proteção e Defesa Civil (SEDEC),,"São Sebastião do Caí, Rio Grande do Sul, Brazil","-29.58798, -51.34786",District/Zone/Department (ADM2),Origin,,2026-01-20T21:42:21.390409Z,"Brazil: 10 displacements, 21 September - 21 September. According to the Secretaria Nacional de Proteção e Defesa Civil (SEDEC), based on data from Brazil's Integrated System on Disaster Information (S2ID), 10 people were displaced from São Sebastião Do Caí, Rio Grande Do Sul on 21 September 2025 due to Storm. Secretaria Nacional de Proteção e Defesa Civil (SEDEC) - 15 January 2026",,Storm
220598,Brazil,BRA,-27.18677,-50.9211,"[-27.18677, -50.9211]",Recommended figure,Disaster,total,132,2025-09-21,2025-09-21,2025-09-21,2025,38816,Brazil: Storm - Santa Catarina (Monte Carlo) - 21/09/2025,,,2025-09-21,2025-09-21,Weather related,Meteorological,Storm,Storm,,Secretaria Nacional de Proteção e Defesa Civil (SEDEC),,"Monte Carlo, Santa Catarina, Brazil","-27.18677, -50.9211",District/Zone/Department (ADM2),Origin,,2026-01-20T21:42:21.035063Z,"Brazil: 132 displacements, 21 September - 21 September. According to the Secretaria Nacional de Proteção e Defesa Civil (SEDEC), based on data from Brazil's Integrated System on Disaster Information (S2ID), 132 people were displaced from Monte Carlo, Santa Catarina on 21 September 2025 due to Storm. Secretaria Nacional de Proteção e Defesa Civil (SEDEC) - 15 January 2026",,Storm
220599,Brazil,BRA,-27.86904,-49.13203,"[-27.86904, -49.13203]",Recommended figure,Disaster,total,3,2025-09-21,2025-09-21,2025-09-21,2025,38273,Brazil: Flood - Santa Catarina (Anitápolis) - 21/09/2025,,,2025-09-21,2025-09-21,Weather related,Hydrological,Flood,Flood,,Secretaria Nacional de Proteção e Defesa Civil (SEDEC),,"Anitápolis, Santa Catarina, Brazil","-27.86904, -49.13203",District/Zone/Department (ADM2),Origin,,2026-01-20T21:42:21.093502Z,"Brazil: 3 displacements, 21 September - 21 September. According to the Secretaria Nacional de Proteção e Defesa Civil (SEDEC), based on data from Brazil's Integrated System on Disaster Information (S2ID), 3 people were displaced from Anitápolis, Santa Catarina on 21 September 2025 due to Flood. Secretaria Nacional de Proteção e Defesa Civil (SEDEC) - 15 January 2026",,Flood
220600,Brazil,BRA,-29.64987,-50.9335,"[-29.64987, -50.9335]",Recommended figure,Disaster,total,3,2025-09-21,2025-09-21,2025-09-21,2025,38814,Brazil: Storm - Rio Grande do Sul (Araricá) - 21/09/2025,,,2025-09-21,2025-09-21,Weather related,Meteorological,Storm,Storm,,Secretaria Nacional de Proteção e Defesa Civil (SEDEC),,"Araricá, Rio Grande do Sul, Brazil","-29.64987, -50.9335",District/Zone/Department (ADM2),Origin,,2026-01-20T21:42:21.151502Z,"Brazil: 3 displacements, 21 September - 21 September. According to the Secretaria Nacional de Proteção e Defesa Civil (SEDEC), based on data from Brazil's Integrated System on Disaster Information (S2ID), 3 people were displaced from Araricá, Rio Grande Do Sul on 21 September 2025 due to Storm. Secretaria Nacional de Proteção e Defesa Civil (SEDEC) - 15 January 2026",,Storm
220606,Brazil,BRA,-19.27228,-44.45274,"[-19.27228, -44.45274]",Recommended figure,Disaster,total,25,2025-09-20,2025-09-20,2025-09-20,2025,38813,Brazil: Storm - Minas Gerais (Paraopeba) - 20/09/2025,,,2025-09-20,2025-09-20,Weather related,Meteorological,Storm,Storm,,Secretaria Nacional de Proteção e Defesa Civil (SEDEC),,"Paraopeba, Minas Gerais, Brazil","-19.27228, -44.45274",District/Zone/Department (ADM2),Origin,,2026-01-20T21:42:21.811271Z,"Brazil: 25 displacements, 20 September - 20 September. According to the Secretaria Nacional de Proteção e Defesa Civil (SEDEC), based on data from Brazil's Integrated System on Disaster Information (S2ID), 25 people were displaced from Paraopeba, Minas Gerais on 20 September 2025 due to Storm. Secretaria Nacional de Proteção e Defesa Civil (SEDEC) - 15 January 2026",,Storm
220605,Brazil,BRA,-25.74577,-53.09132,"[-25.74577, -53.09132]",Recommended figure,Disaster,total,60,2025-09-20,2025-09-20,2025-09-20,2025,38812,Brazil: Storm - Paraná (Dois Vizinhos) - 20/09/2025,,,2025-09-20,2025-09-20,Weather related,Meteorological,Storm,Storm,,Secretaria Nacional de Proteção e Defesa Civil (SEDEC),,"Dois Vizinhos, Paraná, Brazil","-25.74577, -53.09132",District/Zone/Department (ADM2),Origin,,2026-01-20T21:42:21.747592Z,"Brazil: 60 displacements, 20 September - 20 September. According to the Secretaria Nacional de Proteção e Defesa Civil (SEDEC), based on data from Brazil's Integrated System on Disaster Information (S2ID), 60 people were displaced from Dois Vizinhos, Paraná on 20 September 2025 due to Storm. Secretaria Nacional de Proteção e Defesa Civil (SEDEC) - 15 January 2026",,Storm
220607,Brazil,BRA,-19.61083,-46.97975,"[-19.61083, -46.97975]",Recommended figure,Disaster,total,5,2025-09-19,2025-09-19,2025-09-19,2025,38811,Brazil: Storm - Minas Gerais (Araxá) - 19/09/2025,,,2025-09-19,2025-09-19,Weather related,Meteorological,Storm,Storm,,Secretaria Nacional de Proteção e Defesa Civil (SEDEC),,"Araxá, Minas Gerais, Brazil","-19.61083, -46.97975",District/Zone/Department (ADM2),Origin,,2026-01-20T21:42:21.879832Z,"Brazil: 5 displacements, 19 September - 19 September. According to the Secretaria Nacional de Proteção e Defesa Civil (SEDEC), based on data from Brazil's Integrated System on Disaster Information (S2ID), 5 people were displaced from Araxá, Minas Gerais on 19 September 2025 due to Storm. Secretaria Nacional de Proteção e Defesa Civil (SEDEC) - 15 January 2026",,Storm
220608,Brazil,BRA,-7.40968,-49.82886,"[-7.40968, -49.82886]",Recommended figure,Disaster,total,1388,2025-09-17,2025-09-17,2025-09-17,2025,39045,Brazil: Drought - Pará (Rio Maria) - 17/09/2025,,,2025-09-17,2025-09-17,Weather related,Climatological,Drought,Drought,,Secretaria Nacional de Proteção e Defesa Civil (SEDEC),,"Rio Maria, Pará, Brazil","-7.40968, -49.82886",District/Zone/Department (ADM2),Origin,,2026-01-20T21:42:21.946404Z,"Brazil: 1,388 displacements, 17 September - 17 September. According to the Secretaria Nacional de Proteção e Defesa Civil (SEDEC), based on data from Brazil's Integrated System on Disaster Information (S2ID), 1388 people were displaced from Rio Maria, Pará on 17 September 2025 due to Drought. Secretaria Nacional de Proteção e Defesa Civil (SEDEC) - 15 January 2026",,Drought
220609,Brazil,BRA,-22.51983,-44.07904,"[-22.51983, -44.07904]",Recommended figure,Disaster,total,3,2025-09-16,2025-09-16,2025-09-16,2025,39009,Brazil: Hailstorm - Rio de Janeiro (Volta Redonda) - 16/09/2025,,,2025-09-16,2025-09-16,Weather related,Meteorological,Storm,Hailstorm,,Secretaria Nacional de Proteção e Defesa Civil (SEDEC),,"Volta Redonda, Rio de Janeiro, Brazil","-22.51983, -44.07904",District/Zone/Department (ADM2),Origin,,2026-01-20T21:42:22.012054Z,"Brazil: 3 displacements, 16 September - 16 September. According to the Secretaria Nacional de Proteção e Defesa Civil (SEDEC), based on data from Brazil's Integrated System on Disaster Information (S2ID), 3 people were displaced from Volta Redonda, Rio De Janeiro on 16 September 2025 due to Hailstorm. Secretaria Nacional de Proteção e Defesa Civil (SEDEC) - 15 January 2026",,Storm
220610,Brazil,BRA,-28.15104,-52.91142,"[-28.15104, -52.91142]",Recommended figure,Disaster,total,2,2025-09-15,2025-09-15,2025-09-15,2025,38810,Brazil: Storm - Rio Grande do Sul (Almirante Tamandaré do Sul) - 15/09/2025,,,2025-09-15,2025-09-15,Weather related,Meteorological,Storm,Storm,,Secretaria Nacional de Proteção e Defesa Civil (SEDEC),,"Almirante Tamandaré do Sul, Rio Grande do Sul, Brazil","-28.15104, -52.91142",District/Zone/Department (ADM2),Origin,,2026-01-20T21:49:42.042527Z,"Brazil: 2 displacements, 15 September - 15 September. According to the Secretaria Nacional de Proteção e Defesa Civil (SEDEC), based on data from Brazil's Integrated System on Disaster Information (S2ID), 2 people were displaced from Almirante Tamandaré Do Sul, Rio Grande Do Sul on 15 September 2025 due to Storm. Secretaria Nacional de Proteção e Defesa Civil (SEDEC) - 15 January 2026",,Storm
220611,Brazil,BRA,-19.9729,-44.84024,"[-19.9729, -44.84024]",Recommended figure,Disaster,total,12,2025-09-13,2025-09-13,2025-09-13,2025,38809,Brazil: Storm - Minas Gerais (São Gonçalo do Pará) - 13/09/2025,,,2025-09-13,2025-09-13,Weather related,Meteorological,Storm,Storm,,Secretaria Nacional de Proteção e Defesa Civil (SEDEC),,"São Gonçalo do Pará, Minas Gerais, Brazil","-19.9729, -44.84024",District/Zone/Department (ADM2),Origin,,2026-01-20T21:49:42.107450Z,"Brazil: 12 displacements, 13 September - 13 September. According to the Secretaria Nacional de Proteção e Defesa Civil (SEDEC), based on data from Brazil's Integrated System on Disaster Information (S2ID), 12 people were displaced from São Gonçalo Do Pará, Minas Gerais on 13 September 2025 due to Storm. Secretaria Nacional de Proteção e Defesa Civil (SEDEC) - 15 January 2026",,Storm
220613,Brazil,BRA,-6.77215,-47.16823,"[-6.77215, -47.16823]",Recommended figure,Disaster,total,10,2025-09-12,2025-09-12,2025-09-12,2025,38808,Brazil: Storm - Maranhão (Estreito) - 12/09/2025,,,2025-09-12,2025-09-12,Weather related,Meteorological,Storm,Storm,,Secretaria Nacional de Proteção e Defesa Civil (SEDEC),,"Estreito, Maranhão, Brazil","-6.77215, -47.16823",District/Zone/Department (ADM2),Origin,,2026-01-20T21:49:42.218349Z,"Brazil: 10 displacements, 12 September - 12 September. According to the Secretaria Nacional de Proteção e Defesa Civil (SEDEC), based on data from Brazil's Integrated System on Disaster Information (S2ID), 10 people were displaced from Estreito, Maranhão on 12 September 2025 due to Storm. Secretaria Nacional de Proteção e Defesa Civil (SEDEC) - 15 January 2026",,Storm
220614,Brazil,BRA,-12.24899,-58.00289,"[-12.24899, -58.00289]",Recommended figure,Disaster,total,8,2025-09-09,2025-09-09,2025-09-09,2025,38807,Brazil: Storm - Mato Grosso (Brasnorte) - 09/09/2025,,,2025-09-09,2025-09-09,Weather related,Meteorological,Storm,Storm,,Secretaria Nacional de Proteção e Defesa Civil (SEDEC),,"Brasnorte, Mato Grosso, Brazil","-12.24899, -58.00289",District/Zone/Department (ADM2),Origin,,2026-01-20T21:49:42.277962Z,"Brazil: 8 displacements, 09 September - 09 September. According to the Secretaria Nacional de Proteção e Defesa Civil (SEDEC), based on data from Brazil's Integrated System on Disaster Information (S2ID), 8 people were displaced from Brasnorte, Mato Grosso on 09 September 2025 due to Storm. Secretaria Nacional de Proteção e Defesa Civil (SEDEC) - 15 January 2026",,Storm
220616,Brazil,BRA,0.1324,-55.82386,"[0.1324, -55.82386]",Recommended figure,Disaster,total,4,2025-09-08,2025-09-08,2025-09-08,2025,38806,Brazil: Storm - Pará (Óbidos) - 08/09/2025,,,2025-09-08,2025-09-08,Weather related,Meteorological,Storm,Storm,,Secretaria Nacional de Proteção e Defesa Civil (SEDEC),,"Óbidos, Pará, Brazil","0.1324, -55.82386",District/Zone/Department (ADM2),Origin,,2026-01-20T21:49:42.401802Z,"Brazil: 4 displacements, 08 September - 08 September. According to the Secretaria Nacional de Proteção e Defesa Civil (SEDEC), based on data from Brazil's Integrated System on Disaster Information (S2ID), 4 people were displaced from Óbidos, Pará on 08 September 2025 due to Storm. Secretaria Nacional de Proteção e Defesa Civil (SEDEC) - 15 January 2026",,Storm
220617,Brazil,BRA,-1.97992,-47.2031,"[-1.97992, -47.2031]",Recommended figure,Disaster,total,231,2025-09-07,2025-09-07,2025-09-07,2025,38805,Brazil: Storm - Pará (Capitão Poço) - 07/09/2025,,,2025-09-07,2025-09-07,Weather related,Meteorological,Storm,Storm,,Secretaria Nacional de Proteção e Defesa Civil (SEDEC),,"Capitão Poço, Pará, Brazil","-1.97992, -47.2031",District/Zone/Department (ADM2),Origin,,2026-01-20T21:49:42.461828Z,"Brazil: 231 displacements, 07 September - 07 September. According to the Secretaria Nacional de Proteção e Defesa Civil (SEDEC), based on data from Brazil's Integrated System on Disaster Information (S2ID), 231 people were displaced from Capitão Poço, Pará on 07 September 2025 due to Storm. Secretaria Nacional de Proteção e Defesa Civil (SEDEC) - 15 January 2026",,Storm
220621,Brazil,BRA,-7.74665,-34.84728,"[-7.74665, -34.84728]",Recommended figure,Disaster,total,10,2025-09-06,2025-09-06,2025-09-06,2025,38095,Brazil: Erosion - Pernambuco (Ilha de Itamaracá) - 06/09/2025,,,2025-09-06,2025-09-06,Weather related,Climatological,Erosion,Erosion,,Secretaria Nacional de Proteção e Defesa Civil (SEDEC),,"Ilha de Itamaracá, Pernambuco, Brazil","-7.74665, -34.84728",District/Zone/Department (ADM2),Origin,,2026-01-20T21:49:42.703783Z,"Brazil: 10 displacements (destroyed housing), 06 September - 06 September. According to the Secretaria Nacional de Proteção e Defesa Civil (SEDEC), based on data from Brazil's Integrated System on Disaster Information (S2ID), 3 houses were destroyed from Ilha De Itamaracá, Pernambuco on 06 September 2025 due to Erosion. Secretaria Nacional de Proteção e Defesa Civil (SEDEC) - 15 January 2026",,Erosion
220619,Brazil,BRA,-2.10359,-48.47992,"[-2.10359, -48.47992]",Recommended figure,Disaster,total,6,2025-09-06,2025-09-06,2025-09-06,2025,39079,Brazil: Wildfire - Pará (Acará) - 06/09/2025,,,2025-09-06,2025-09-06,Weather related,Climatological,Wildfire,Wildfire,,Secretaria Nacional de Proteção e Defesa Civil (SEDEC),,"Acará, Pará, Brazil","-2.10359, -48.47992",District/Zone/Department (ADM2),Origin,,2026-01-20T21:49:42.580195Z,"Brazil: 6 displacements, 06 September - 06 September. According to the Secretaria Nacional de Proteção e Defesa Civil (SEDEC), based on data from Brazil's Integrated System on Disaster Information (S2ID), 6 people were displaced from Acará, Pará on 06 September 2025 due to Wildfire. Secretaria Nacional de Proteção e Defesa Civil (SEDEC) - 15 January 2026",,Wildfire
220622,Brazil,BRA,-0.99306,-47.84447,"[-0.99306, -47.84447]",Recommended figure,Disaster,total,2707,2025-09-01,2025-09-01,2025-09-01,2025,38272,Brazil: Flood - Pará (Terra Alta) - 01/09/2025,,,2025-09-01,2025-09-01,Weather related,Hydrological,Flood,Flood,,Secretaria Nacional de Proteção e Defesa Civil (SEDEC),,"Terra Alta, Pará, Brazil","-0.99306, -47.84447",District/Zone/Department (ADM2),Origin,,2026-01-20T21:49:42.764202Z,"Brazil: 2,707 displacements, 01 September - 01 September. According to the Secretaria Nacional de Proteção e Defesa Civil (SEDEC), based on data from Brazil's Integrated System on Disaster Information (S2ID), 2707 people were displaced from Terra Alta, Pará on 01 September 2025 due to Flood. Secretaria Nacional de Proteção e Defesa Civil (SEDEC) - 15 January 2026",,Flood
220624,Brazil,BRA,-15.41389,-46.5547,"[-15.41389, -46.5547]",Recommended figure,Disaster,total,15,2025-09-01,2025-09-01,2025-09-01,2025,39077,Brazil: Wildfire - Minas Gerais (Buritis) - 01/09/2025,,,2025-09-01,2025-09-01,Weather related,Climatological,Wildfire,Wildfire,,Secretaria Nacional de Proteção e Defesa Civil (SEDEC),,"Buritis, Minas Gerais, Brazil","-15.41389, -46.5547",District/Zone/Department (ADM2),Origin,,2026-01-20T21:49:42.874207Z,"Brazil: 15 displacements, 01 September - 01 September. According to the Secretaria Nacional de Proteção e Defesa Civil (SEDEC), based on data from Brazil's Integrated System on Disaster Information (S2ID), 15 people were displaced from Buritis, Minas Gerais on 01 September 2025 due to Wildfire. Secretaria Nacional de Proteção e Defesa Civil (SEDEC) - 15 January 2026",,Wildfire
220623,Brazil,BRA,-7.44532,-57.30272,"[-7.44532, -57.30272]",Recommended figure,Disaster,total,39,2025-09-01,2025-09-01,2025-09-01,2025,39078,Brazil: Wildfire - Pará (Jacareacanga) - 01/09/2025,,,2025-09-01,2025-09-01,Weather related,Climatological,Wildfire,Wildfire,,Secretaria Nacional de Proteção e Defesa Civil (SEDEC),,"Jacareacanga, Pará, Brazil","-7.44532, -57.30272",District/Zone/Department (ADM2),Origin,,2026-01-20T21:49:42.818781Z,"Brazil: 39 displacements, 01 September - 01 September. According to the Secretaria Nacional de Proteção e Defesa Civil (SEDEC), based on data from Brazil's Integrated System on Disaster Information (S2ID), 39 people were displaced from Jacareacanga, Pará on 01 September 2025 due to Wildfire. Secretaria Nacional de Proteção e Defesa Civil (SEDEC) - 15 January 2026",,Wildfire
220625,Brazil,BRA,-3.22032,-51.88508,"[-3.22032, -51.88508]",Recommended figure,Disaster,total,5,2025-08-28,2025-08-28,2025-08-28,2025,38804,Brazil: Storm - Pará (Vitória do Xingu) - 28/08/2025,,,2025-08-28,2025-08-28,Weather related,Meteorological,Storm,Storm,,Secretaria Nacional de Proteção e Defesa Civil (SEDEC),,"Vitória do Xingu, Pará, Brazil","-3.22032, -51.88508",District/Zone/Department (ADM2),Origin,,2026-01-20T21:49:42.934150Z,"Brazil: 5 displacements, 28 August - 28 August. According to the Secretaria Nacional de Proteção e Defesa Civil (SEDEC), based on data from Brazil's Integrated System on Disaster Information (S2ID), 5 people were displaced from Vitória Do Xingu, Pará on 28 August 2025 due to Storm. Secretaria Nacional de Proteção e Defesa Civil (SEDEC) - 15 January 2026",,Storm
220626,Brazil,BRA,-3.01258,-54.99128,"[-3.01258, -54.99128]",Recommended figure,Disaster,total,16,2025-08-28,2025-08-28,2025-08-28,2025,38803,Brazil: Storm - Pará (Belterra) - 28/08/2025,,,2025-08-28,2025-08-28,Weather related,Meteorological,Storm,Storm,,Secretaria Nacional de Proteção e Defesa Civil (SEDEC),,"Belterra, Pará, Brazil","-3.01258, -54.99128",District/Zone/Department (ADM2),Origin,,2026-01-20T21:49:42.991653Z,"Brazil: 16 displacements, 28 August - 28 August. According to the Secretaria Nacional de Proteção e Defesa Civil (SEDEC), based on data from Brazil's Integrated System on Disaster Information (S2ID), 16 people were displaced from Belterra, Pará on 28 August 2025 due to Storm. Secretaria Nacional de Proteção e Defesa Civil (SEDEC) - 15 January 2026",,Storm
