id,country,iso3,latitude,longitude,centroid,role,displacement_type,qualifier,figure,displacement_date,displacement_start_date,displacement_end_date,year,event_id,event_name,event_codes,event_code_types,event_start_date,event_end_date,category,subcategory,type,subtype,old_id,sources,source_url,locations_name,locations_coordinates,locations_accuracy,locations_type,displacement_occurred,created_at,description,link,combined_type
224495,Nigeria,NGA,7.61491,8.82373,"[7.61491, 8.82373]",Recommended figure,Disaster,total,290,2026-01-21,2026-01-21,2026-01-21,2026,39190,Nigeria: Wildfire - Benue (Tarka LGA/ Mbalkyo/Mbayia ward/ Igbetiv) - 21/01/2026,,,2026-01-21,2026-01-21,Weather related,Climatological,Wildfire,Wildfire,,IOM DTM - Nigeria,,"Tarka, Benue, Nigeria","7.61491, 8.82373",District/Zone/Department (ADM2),Origin,Displacement without preventive evacuations reported,2026-01-28T13:54:51.267406Z,"Nigeria: 290 displacements, 21 January - 21 January. According to IOM DTM - Nigeria, a total of 290 people were displaced in Igbetiv (Mbalkyo/Mbayia ward, Tarka LGA, Benue State), due to wildfire on 21 January 2026. IOM DTM - Nigeria - 26 January 2026",,Wildfire
224496,Nigeria,NGA,11.965185,7.4922249999999995,"[11.965185, 7.4922249999999995]",Recommended figure,Conflict,total,618,2026-01-21,2026-01-21,2026-01-21,2026,39191,"Nigeria: Crime-related violence - Katsina (Kankara LGA/ Kankara A & B ward/ Kunyan Gizo, Musawa LGA/ Tuge ward/Gidan Sarki) - 21/01/2026",,,2026-01-21,2026-01-21,,,,,,IOM DTM - Nigeria,,"Kankara, Kankara, Katsina, Nigeria; Tuge, Musawa, Katsina, Nigeria","11.91462, 7.40744; 12.01575, 7.57701",District/Zone/Department (ADM2); District/Zone/Department (ADM2),Origin and destination; Origin and destination,Displacement without preventive evacuations reported,2026-01-28T14:29:06.852262Z,"Nigeria: 618 displacements, 21 January - 21 January. According to IOM DTM Nigeria, a total of 618 people were displaced from Kunyan Gizo (Kankara A & B ward, Kankara LGA, Katsina State) and Gidan Sarki (Tuge ward, Musawa LGA, Katsina State) to Kankara A & B (Kankara LGA, Katsina State) and Tuge (Musawa LGA, Katsina State), respectively, due to crime-related violence on 21 January 2026. IOM DTM - Nigeria - 28 January 2026",,Conflict
224494,Nigeria,NGA,7.841895,8.844525,"[7.841895, 8.844525]",Recommended figure,Conflict,total,167,2026-01-20,2026-01-20,2026-01-20,2026,39189,Nigeria: Communal violence - Benue (Guma LGA/ Nzorov ward/ Tomanyiin) - 20/01/2026,,,2026-01-20,2026-01-20,,,,,,IOM DTM - Nigeria,,"Gbajimba, Guma, Benue, Nigeria; Guma, Benue, Nigeria","7.8155, 8.8604; 7.86829, 8.82865",County/City/town/Village/Woreda (ADM3); District/Zone/Department (ADM2),Destination; Origin,Displacement without preventive evacuations reported,2026-01-28T13:44:28.501503Z,"Nigeria: 167 displacements, 20 January - 20 January. According to IOM DTM - Nigeria, a total of 167 people were displaced in Tomanyiin (Nzorov ward, Guma LGA, Benue State), towards Gbajimba (Nzorov ward, Guma LGA, Benue State), due to communal violence on 20 January 2026. IOM DTM - Nigeria - 26 January 2026",,Conflict
220973,Nigeria,NGA,12.32903,6.657030000000001,"[12.32903, 6.657030000000001]",Recommended figure,Conflict,total,3226,2026-01-18,2026-01-15,2026-01-18,2026,39089,"Nigeria: Crime-related violence - Zamfara (Kaura Namoda LGA, Tsafe LGA) - 15/01/2026",,,2026-01-15,2026-01-18,,,,,,IOM DTM - Nigeria,,"Kungurki, Kaura Namoda, Zamfara, Nigeria; Kyambarawa, Kaura Namoda, Zamfara, Nigeria; Sabon Gari, Gusau, Zamfara, Nigeria; Tsafe, Zamfara, Nigeria; Yankaba, Kaura Namoda, Zamfara, Nigeria","12.59659, 6.49664; 12.41288, 6.63246; 12.1623, 6.67239; 11.82344, 6.90424; 12.64994, 6.57942",District/Zone/Department (ADM2); District/Zone/Department (ADM2); District/Zone/Department (ADM2); District/Zone/Department (ADM2); District/Zone/Department (ADM2),Origin; Origin and destination; Destination; Origin; Destination,Displacement without preventive evacuations reported,2026-01-21T11:14:09.814974Z,"Nigeria: 3,226 displacements, 15 January - 18 January. According to IOM DTM Nigeria, 3,226 people were displaced from Tudun Jala (Kyam Barawa ward, Kaura Namoda LGA), Unguwar Kara (Kungurki ward, Kaura Namoda LGA), Sabon Garin Tsafe, and Ruga Sabuwar (Tsafe ward, Tsafe LGA) towards Kasuwar Daji (Kyam Barawa ward, Kaura Namoda LGA), Yankaba (Yankaba ward), Yar Loko, Gidan Mallam Abasha, and Tashan Magami (Sabon Gari ward, Gusau LGA) in Zamfara State, due to crime-related violence on 15, 16, and 18 January 2026. IOM DTM - Nigeria - 20 January 2026",,Conflict
220187,Nigeria,NGA,13.2924225,6.01337,"[13.2924225, 6.01337]",Recommended figure,Conflict,total,16517,2026-01-12,2026-01-09,2026-01-12,2026,38028,"Nigeria: Non-International armed conflict (NIAC) - Sokoto (Isa LGA/ Tidibale Ward, Wurno LGA/ Achida Ward, Sabon Birni LGA/ Lajinge Ward) - 09/01/2026",,,2026-01-09,2026-01-12,,,,,,IOM DTM - Nigeria,,"Achida, Wurno, Sokoto, Nigeria; Isa North, Isa, Sokoto, Nigeria; Lajinge, Sabon Birni, Sokoto, Nigeria; Tidibale, Isa, Sokoto, Nigeria","13.16853, 5.40639; 13.21364, 6.39317; 13.57975, 6.14656; 13.20777, 6.10736",District/Zone/Department (ADM2); District/Zone/Department (ADM2); District/Zone/Department (ADM2); District/Zone/Department (ADM2),Origin and destination; Origin and destination; Origin and destination; Origin,Displacement without preventive evacuations reported,2026-01-20T11:33:37.575063Z,"Nigeria: 16,517 displacements, 09 January - 12 January. A total of 16,517 people were displaced by non-international armed conflict (NIAC) on 9 and 12 January 2026 from Tidibale (Isa LGA), Achida (Wurno LGA), and Lajinge (Sabon Birni LGA) wards in Sokoto State, towards Isa North LGA, Achida (Wurno LGA), and Lajinge (Sabon Birni LGA) wards, according to IOM DTM Nigeria. IOM DTM - Nigeria - 16 January 2026",,Conflict
240360,Nigeria,NGA,10.07817405,13.0202829,"[10.07817405, 13.0202829]",Recommended figure,Conflict,total,27,2025-12-31,2025-12-31,2025-12-31,2025,33602,Nigeria: Non-International armed conflict (NIAC) - Adamawa - 2025,,,2025-01-01,2025-12-31,,,,,,IOM DTM - Nigeria,,"Garha, Hong, Adamawa State, Nigeria; Sorau 'B', Maiha, Adamawa, Nigeria","10.4002594, 12.8895986; 9.7560887, 13.1509672",County/City/town/Village/Woreda (ADM3); County/City/town/Village/Woreda (ADM3),Origin; Destination,Displacement without preventive evacuations reported,2026-02-19T18:13:01.829347Z,"Nigeria: 27 displacements, 31 December - 31 December. According to IOM DTM, 27 new internal displacements have been recorded in Nigeria on 31 December 2025 as a result of Non-International armed conflict (NIAC). This figure might be preliminary. IOM DTM - Nigeria - 13 February 2026",,Conflict
238886,Nigeria,NGA,12.62256645,6.58288505,"[12.62256645, 6.58288505]",Recommended figure,Conflict,total,889,2025-12-31,2025-12-31,2025-12-31,2025,40135,Nigeria: Crime-related violence - Zamfara - 01/12/2025,CRIME_RELATED,Local Identifier,2025-12-01,2025-12-31,,,,,,IOM DTM - Nigeria,,"Kaura Namoda, Kaura Namoda, Zamfara, Nigeria; Yankaba, Kaura Namoda, Zamfara State, Nigeria","12.5951892, 6.5863469; 12.6499437, 6.5794232",County/City/town/Village/Woreda (ADM3); County/City/town/Village/Woreda (ADM3),Destination; Origin,Displacement without preventive evacuations reported,2026-02-19T10:21:36.958081Z,"Nigeria: 889 displacements, 31 December - 31 December. According to IOM DTM, 889 new internal displacements have been recorded in Nigeria between 31 December 2025 and 01 January 2026 as a result of Crime-related violence. This figure might be preliminary. IOM DTM - Nigeria - 03 December 2025",,Conflict
240359,Nigeria,NGA,10.2778497,12.8084393,"[10.2778497, 12.8084393]",Recommended figure,Conflict,total,971,2025-12-31,2025-12-31,2025-12-31,2025,33602,Nigeria: Non-International armed conflict (NIAC) - Adamawa - 2025,,,2025-01-01,2025-12-31,,,,,,IOM DTM - Nigeria,,"Garha, Hong, Adamawa State, Nigeria; Gombi, Gombi, Adamawa, Nigeria","10.4002594, 12.8895986; 10.15544, 12.72728",County/City/town/Village/Woreda (ADM3); County/City/town/Village/Woreda (ADM3),Origin; Destination,Displacement without preventive evacuations reported,2026-02-19T18:13:01.778777Z,"Nigeria: 971 displacements, 31 December - 31 December. According to IOM DTM, 971 new internal displacements have been recorded in Nigeria on 31 December 2025 as a result of Non-International armed conflict (NIAC). This figure might be preliminary. IOM DTM - Nigeria - 13 February 2026",,Conflict
240358,Nigeria,NGA,10.3179142,13.04335265,"[10.3179142, 13.04335265]",Recommended figure,Conflict,total,8,2025-12-31,2025-12-31,2025-12-31,2025,33602,Nigeria: Non-International armed conflict (NIAC) - Adamawa - 2025,,,2025-01-01,2025-12-31,,,,,,IOM DTM - Nigeria,,"Garha, Hong, Adamawa State, Nigeria; Yelwa, Mubi North, Adamawa, Nigeria","10.4002594, 12.8895986; 10.235569, 13.1971067",County/City/town/Village/Woreda (ADM3); County/City/town/Village/Woreda (ADM3),Origin; Destination,Displacement without preventive evacuations reported,2026-02-19T18:13:01.727740Z,"Nigeria: 8 displacements, 31 December - 31 December. According to IOM DTM, 8 new internal displacements have been recorded in Nigeria on 31 December 2025 as a result of Non-International armed conflict (NIAC). This figure might be preliminary. IOM DTM - Nigeria - 13 February 2026",,Conflict
240355,Nigeria,NGA,10.315176099999999,12.90794185,"[10.315176099999999, 12.90794185]",Triangulation,Conflict,total,3300,2025-12-30,2025-12-30,2025-12-30,2025,33602,Nigeria: Non-International armed conflict (NIAC) - Adamawa - 2025,,,2025-01-01,2025-12-31,,,,,,IOM DTM - Nigeria,,"Garha, Hong, Adamawa State, Nigeria; Hong, Hong, Adamawa, Nigeria","10.4002594, 12.8895986; 10.2300928, 12.9262851",County/City/town/Village/Woreda (ADM3); County/City/town/Village/Woreda (ADM3),Origin; Destination,Displacement without preventive evacuations reported,2026-02-19T18:13:01.550716Z,"Nigeria: 3,300 displacements, 30 December - 30 December. According to IOM DTM, 3300 new internal displacements have been recorded in Nigeria on 30 December 2025 as a result of Non-International armed conflict (NIAC). This figure might be preliminary. IOM DTM - Nigeria - 13 February 2026",,Conflict
240357,Nigeria,NGA,10.35623415,13.1492098,"[10.35623415, 13.1492098]",Recommended figure,Conflict,total,9,2025-12-30,2025-12-30,2025-12-30,2025,33602,Nigeria: Non-International armed conflict (NIAC) - Adamawa - 2025,,,2025-01-01,2025-12-31,,,,,,IOM DTM - Nigeria,,"Kuva-Gaya, Hong, Adamawa, Nigeria; Lokuwa, Mubi North, Adamawa, Nigeria","10.43158, 13.00321; 10.2808883, 13.2952096",County/City/town/Village/Woreda (ADM3); County/City/town/Village/Woreda (ADM3),Origin; Destination,Displacement without preventive evacuations reported,2026-02-19T18:13:01.673940Z,"Nigeria: 9 displacements, 30 December - 30 December. According to IOM DTM, 9 new internal displacements have been recorded in Nigeria on 30 December 2025 as a result of Non-International armed conflict (NIAC). This figure might be preliminary. IOM DTM - Nigeria - 13 February 2026",,Conflict
240356,Nigeria,NGA,10.315176099999999,12.90794185,"[10.315176099999999, 12.90794185]",Recommended figure,Conflict,total,5010,2025-12-30,2025-12-30,2025-12-30,2025,33602,Nigeria: Non-International armed conflict (NIAC) - Adamawa - 2025,,,2025-01-01,2025-12-31,,,,,,IOM DTM - Nigeria,,"Garha, Hong, Adamawa State, Nigeria; Hong, Hong, Adamawa, Nigeria","10.4002594, 12.8895986; 10.2300928, 12.9262851",County/City/town/Village/Woreda (ADM3); County/City/town/Village/Woreda (ADM3),Origin; Destination,Displacement without preventive evacuations reported,2026-02-19T18:13:01.618879Z,"Nigeria: 5,010 displacements, 30 December - 30 December. According to IOM DTM, 5010 new internal displacements have been recorded in Nigeria on 30 December 2025 as a result of Non-International armed conflict (NIAC). This figure might be preliminary. IOM DTM - Nigeria - 13 February 2026",,Conflict
240361,Nigeria,NGA,10.3154097,13.074284299999999,"[10.3154097, 13.074284299999999]",Recommended figure,Conflict,total,29,2025-12-30,2025-12-30,2025-12-30,2025,33602,Nigeria: Non-International armed conflict (NIAC) - Adamawa - 2025,,,2025-01-01,2025-12-31,,,,,,IOM DTM - Nigeria,,"Garha, Hong, Adamawa State, Nigeria; Lamorde, Mubi South, Adamawa, Nigeria","10.4002594, 12.8895986; 10.23056, 13.25897",County/City/town/Village/Woreda (ADM3); County/City/town/Village/Woreda (ADM3),Origin; Destination,Displacement without preventive evacuations reported,2026-02-19T18:13:01.882304Z,"Nigeria: 29 displacements, 30 December - 30 December. According to IOM DTM, 29 new internal displacements have been recorded in Nigeria on 30 December 2025 as a result of Non-International armed conflict (NIAC). This figure might be preliminary. IOM DTM - Nigeria - 13 February 2026",,Conflict
240352,Nigeria,NGA,10.594757699999999,13.12993985,"[10.594757699999999, 13.12993985]",Recommended figure,Conflict,total,13,2025-12-29,2025-12-29,2025-12-29,2025,33602,Nigeria: Non-International armed conflict (NIAC) - Adamawa - 2025,,,2025-01-01,2025-12-31,,,,,,IOM DTM - Nigeria,,"Garha, Hong, Adamawa State, Nigeria; K/Wuro Ngayandi, Madagali, Adamawa, Nigeria","10.4002594, 12.8895986; 10.789256, 13.3702811",County/City/town/Village/Woreda (ADM3); County/City/town/Village/Woreda (ADM3),Origin; Destination,Displacement without preventive evacuations reported,2026-02-19T18:13:01.379297Z,"Nigeria: 13 displacements, 29 December - 29 December. According to IOM DTM, 13 new internal displacements have been recorded in Nigeria on 29 December 2025 as a result of Non-International armed conflict (NIAC). This figure might be preliminary. IOM DTM - Nigeria - 13 February 2026",,Conflict
240351,Nigeria,NGA,11.086994050000001,13.5943586,"[11.086994050000001, 13.5943586]",Recommended figure,Conflict,total,9,2025-12-29,2025-12-29,2025-12-29,2025,33604,Nigeria: Non-International armed conflict (NIAC) - Borno - 2025,,,2025-01-01,2025-12-31,,,,,,IOM DTM - Nigeria,,"Kumshe /Nduguno, Bama, Borno, Nigeria; Palam, Madagali, Adamawa","11.4826981, 13.6941672; 10.69129, 13.49455",County/City/town/Village/Woreda (ADM3); County/City/town/Village/Woreda (ADM3),Origin; Destination,Displacement without preventive evacuations reported,2026-02-19T18:12:59.066319Z,"Nigeria: 9 displacements, 29 December - 29 December. According to IOM DTM, 9 new internal displacements have been recorded in Nigeria on 29 December 2025 as a result of Non-International armed conflict (NIAC). This figure might be preliminary. IOM DTM - Nigeria - 13 February 2026",,Conflict
240354,Nigeria,NGA,8.02899895,8.52271545,"[8.02899895, 8.52271545]",Recommended figure,Conflict,total,65,2025-12-28,2025-12-28,2025-12-28,2025,39106,Nigeria: Non-International armed conflict (NIAC) - Benue - 2025,,,2025-01-01,2025-12-31,,,,,,IOM DTM - Nigeria,,"Mbawa, Guma, Benue, Nigeria; Nyiev, Guma, Benue, Nigeria","8.0543055, 8.605073599999999; 8.0036924, 8.440357299999999",County/City/town/Village/Woreda (ADM3); County/City/town/Village/Woreda (ADM3),Destination; Origin,Displacement without preventive evacuations reported,2026-02-19T18:13:01.488289Z,"Nigeria: 65 displacements, 28 December - 28 December. According to IOM DTM, 65 new internal displacements have been recorded in Nigeria on 28 December 2025 as a result of Non-International armed conflict (NIAC). This figure might be preliminary. IOM DTM - Nigeria - 13 February 2026",,Conflict
240353,Nigeria,NGA,8.02899895,8.52271545,"[8.02899895, 8.52271545]",Recommended figure,Conflict,total,25,2025-12-27,2025-12-27,2025-12-27,2025,39106,Nigeria: Non-International armed conflict (NIAC) - Benue - 2025,,,2025-01-01,2025-12-31,,,,,,IOM DTM - Nigeria,,"Mbawa, Guma, Benue, Nigeria; Nyiev, Guma, Benue, Nigeria","8.0543055, 8.605073599999999; 8.0036924, 8.440357299999999",County/City/town/Village/Woreda (ADM3); County/City/town/Village/Woreda (ADM3),Destination; Origin,Displacement without preventive evacuations reported,2026-02-19T18:13:01.436120Z,"Nigeria: 25 displacements, 27 December - 27 December. According to IOM DTM, 25 new internal displacements have been recorded in Nigeria on 27 December 2025 as a result of Non-International armed conflict (NIAC). This figure might be preliminary. IOM DTM - Nigeria - 13 February 2026",,Conflict
238885,Nigeria,NGA,12.4848842,6.5463156,"[12.4848842, 6.5463156]",Recommended figure,Conflict,total,722,2025-12-27,2025-12-26,2025-12-27,2025,40135,Nigeria: Crime-related violence - Zamfara - 01/12/2025,CRIME_RELATED,Local Identifier,2025-12-01,2025-12-31,,,,,,IOM DTM - Nigeria,,"Kurya, Kaura Namoda, Zamfara, Nigeria","12.4848842, 6.5463156",County/City/town/Village/Woreda (ADM3),Origin and destination,Displacement without preventive evacuations reported,2026-02-19T10:21:36.901581Z,"Nigeria: 722 displacements, 26 December - 27 December. According to IOM DTM, 722 new internal displacements have been recorded in Nigeria between 26 December 2025 and 27 December 2025 as a result of Crime-related violence. This figure might be preliminary. IOM DTM - Nigeria - 03 December 2025",,Conflict
238355,Nigeria,NGA,8.02899895,8.52271545,"[8.02899895, 8.52271545]",Recommended figure,Conflict,total,65,2025-12-29,2025-12-23,2025-12-29,2025,40120,Nigeria: Communal violence - Benue - 01/12/2025,COMMUNAL_VIOLENCE,Local Identifier,2025-12-01,2025-12-31,,,,,,IOM DTM - Nigeria,,"Mbawa, Guma, Benue, Nigeria; Nyiev, Guma, Benue, Nigeria","8.0543055, 8.605073599999999; 8.0036924, 8.440357299999999",County/City/town/Village/Woreda (ADM3); County/City/town/Village/Woreda (ADM3),Destination; Origin,Displacement without preventive evacuations reported,2026-02-19T09:33:23.693709Z,"Nigeria: 65 displacements, 23 December - 29 December. According to IOM DTM, 65 new internal displacements have been recorded in Nigeria between 23 December 2025 and 29 December 2025 as a result of Communal violence. This figure might be preliminary. IOM DTM - Nigeria - 03 December 2025",,Conflict
238194,Nigeria,NGA,12.193788300000001,7.45272475,"[12.193788300000001, 7.45272475]",Recommended figure,Conflict,total,230,2025-12-24,2025-12-23,2025-12-24,2025,40134,Nigeria: Crime-related violence - Katsina - 01/12/2025,CRIME_RELATED,Local Identifier,2025-12-01,2025-12-31,,,,,,IOM DTM - Nigeria,,"Yantumaki B, Dan Musa, Katsina, Nigeria; Yan Tumaki, Yantumaki A, Dan Musa, Katsina State, Nigeria","12.1891166, 7.427319499999999; 12.19846, 7.47813",County/City/town/Village/Woreda (ADM3); County/City/town/Village/Woreda (ADM3),Origin; Destination,Displacement without preventive evacuations reported,2026-02-19T09:20:44.478161Z,"Nigeria: 230 displacements, 23 December - 24 December. According to IOM DTM, 230 new internal displacements have been recorded in Nigeria between 23 December 2025 and 24 December 2025 as a result of Crime-related violence. This figure might be preliminary. IOM DTM - Nigeria - 03 December 2025",,Conflict
238354,Nigeria,NGA,8.02899895,8.52271545,"[8.02899895, 8.52271545]",Recommended figure,Conflict,total,25,2025-12-29,2025-12-21,2025-12-29,2025,40120,Nigeria: Communal violence - Benue - 01/12/2025,COMMUNAL_VIOLENCE,Local Identifier,2025-12-01,2025-12-31,,,,,,IOM DTM - Nigeria,,"Mbawa, Guma, Benue, Nigeria; Nyiev, Guma, Benue, Nigeria","8.0543055, 8.605073599999999; 8.0036924, 8.440357299999999",County/City/town/Village/Woreda (ADM3); County/City/town/Village/Woreda (ADM3),Destination; Origin,Displacement without preventive evacuations reported,2026-02-19T09:33:23.549265Z,"Nigeria: 25 displacements, 21 December - 29 December. According to IOM DTM, 25 new internal displacements have been recorded in Nigeria between 21 December 2025 and 29 December 2025 as a result of Communal violence. This figure might be preliminary. IOM DTM - Nigeria - 03 December 2025",,Conflict
240343,Nigeria,NGA,11.4499473,14.0506762,"[11.4499473, 14.0506762]",Recommended figure,Conflict,total,7,2025-12-19,2025-12-19,2025-12-19,2025,33604,Nigeria: Non-International armed conflict (NIAC) - Borno - 2025,,,2025-01-01,2025-12-31,,,,,,IOM DTM - Nigeria,,"Bama, Borno, Nigeria; Yabiri Kura/Yabiri Gana/Chongolo, Bama, Borno, Nigeria","11.51319, 14.02445; 11.3867046, 14.0769024",County/City/town/Village/Woreda (ADM3); County/City/town/Village/Woreda (ADM3),Destination; Origin,Displacement without preventive evacuations reported,2026-02-19T18:12:58.665817Z,"Nigeria: 7 displacements, 19 December - 19 December. According to IOM DTM, 7 new internal displacements have been recorded in Nigeria on 19 December 2025 as a result of Non-International armed conflict (NIAC). This figure might be preliminary. IOM DTM - Nigeria - 13 February 2026",,Conflict
240344,Nigeria,NGA,10.03184985,12.488039950000001,"[10.03184985, 12.488039950000001]",Recommended figure,Conflict,total,33,2025-12-19,2025-12-19,2025-12-19,2025,33604,Nigeria: Non-International armed conflict (NIAC) - Borno - 2025,,,2025-01-01,2025-12-31,,,,,,IOM DTM - Nigeria,,"Mayo Ine, Fufore, Adamawa, Nigeria; Mboa Kura, Chibok, Borno, Nigeria","9.11509, 12.22809; 10.9486097, 12.7479899",County/City/town/Village/Woreda (ADM3); County/City/town/Village/Woreda (ADM3),Destination; Origin,Displacement without preventive evacuations reported,2026-02-19T18:12:58.722315Z,"Nigeria: 33 displacements, 19 December - 19 December. According to IOM DTM, 33 new internal displacements have been recorded in Nigeria on 19 December 2025 as a result of Non-International armed conflict (NIAC). This figure might be preliminary. IOM DTM - Nigeria - 13 February 2026",,Conflict
240348,Nigeria,NGA,11.201305,13.826385,"[11.201305, 13.826385]",Recommended figure,Conflict,total,6,2025-12-19,2025-12-19,2025-12-19,2025,33604,Nigeria: Non-International armed conflict (NIAC) - Borno - 2025,,,2025-01-01,2025-12-31,,,,,,IOM DTM - Nigeria,,"Bama, Borno, Nigeria; Madagali, Madagali, Adamawa, Nigeria","11.51319, 14.02445; 10.88942, 13.62832",County/City/town/Village/Woreda (ADM3); County/City/town/Village/Woreda (ADM3),Origin; Destination,Displacement without preventive evacuations reported,2026-02-19T18:12:58.925421Z,"Nigeria: 6 displacements, 19 December - 19 December. According to IOM DTM, 6 new internal displacements have been recorded in Nigeria on 19 December 2025 as a result of Non-International armed conflict (NIAC). This figure might be preliminary. IOM DTM - Nigeria - 13 February 2026",,Conflict
240342,Nigeria,NGA,11.51319,14.02445,"[11.51319, 14.02445]",Recommended figure,Conflict,total,11,2025-12-18,2025-12-18,2025-12-18,2025,33604,Nigeria: Non-International armed conflict (NIAC) - Borno - 2025,,,2025-01-01,2025-12-31,,,,,,IOM DTM - Nigeria,,"Bama, Borno, Nigeria","11.51319, 14.02445",County/City/town/Village/Woreda (ADM3),Origin and destination,Displacement without preventive evacuations reported,2026-02-19T18:12:58.568179Z,"Nigeria: 11 displacements, 18 December - 18 December. According to IOM DTM, 11 new internal displacements have been recorded in Nigeria on 18 December 2025 as a result of Non-International armed conflict (NIAC). This figure might be preliminary. IOM DTM - Nigeria - 13 February 2026",,Conflict
240347,Nigeria,NGA,10.4971137,13.22803835,"[10.4971137, 13.22803835]",Recommended figure,Conflict,total,43,2025-12-18,2025-12-18,2025-12-18,2025,33604,Nigeria: Non-International armed conflict (NIAC) - Borno - 2025,,,2025-01-01,2025-12-31,,,,,,IOM DTM - Nigeria,,"Dille / Huyum, Askira/Uba, Borno, Nigeria; Lamorde, Mubi South, Adamawa, Nigeria","10.7636674, 13.1971067; 10.23056, 13.25897",County/City/town/Village/Woreda (ADM3); County/City/town/Village/Woreda (ADM3),Origin; Destination,Displacement without preventive evacuations reported,2026-02-19T18:12:58.875408Z,"Nigeria: 43 displacements, 18 December - 18 December. According to IOM DTM, 43 new internal displacements have been recorded in Nigeria on 18 December 2025 as a result of Non-International armed conflict (NIAC). This figure might be preliminary. IOM DTM - Nigeria - 13 February 2026",,Conflict
240341,Nigeria,NGA,10.09675,12.604230000000001,"[10.09675, 12.604230000000001]",Recommended figure,Conflict,total,31,2025-12-18,2025-12-18,2025-12-18,2025,33602,Nigeria: Non-International armed conflict (NIAC) - Adamawa - 2025,,,2025-01-01,2025-12-31,,,,,,IOM DTM - Nigeria,,"Garkida, Gombi, Adamawa, Nigeria; Song, Adamawa, Nigeria","10.41452, 12.56634; 9.77898, 12.64212",County/City/town/Village/Woreda (ADM3); County/City/town/Village/Woreda (ADM3),Origin; Destination,Displacement without preventive evacuations reported,2026-02-19T18:12:58.476775Z,"Nigeria: 31 displacements, 18 December - 18 December. According to IOM DTM, 31 new internal displacements have been recorded in Nigeria on 18 December 2025 as a result of Non-International armed conflict (NIAC). This figure might be preliminary. IOM DTM - Nigeria - 13 February 2026",,Conflict
240337,Nigeria,NGA,9.38135,12.031305,"[9.38135, 12.031305]",Recommended figure,Conflict,total,212,2025-12-18,2025-12-18,2025-12-18,2025,40118,Nigeria: Communal violence - Adamawa - 01/12/2025,COMMUNAL_VIOLENCE,Local Identifier,2025-12-01,2025-12-31,,,,,,IOM DTM - Nigeria,,"Waduku, Larmurde, Adamawa, Nigeria; Yola South, Adamawa, Nigeria","9.50452, 11.65438; 9.25818, 12.40823",County/City/town/Village/Woreda (ADM3); County/City/town/Village/Woreda (ADM3),Origin; Destination,Displacement without preventive evacuations reported,2026-02-19T18:12:58.232141Z,"Nigeria: 212 displacements, 18 December - 18 December. According to IOM DTM, 212 new internal displacements have been recorded in Nigeria on 18 December 2025 as a result of Communal violence. This figure might be preliminary. IOM DTM - Nigeria - 13 February 2026",,Conflict
240340,Nigeria,NGA,9.64186435,11.8144787,"[9.64186435, 11.8144787]",Recommended figure,Conflict,total,51,2025-12-17,2025-12-17,2025-12-17,2025,33602,Nigeria: Non-International armed conflict (NIAC) - Adamawa - 2025,,,2025-01-01,2025-12-31,,,,,,IOM DTM - Nigeria,,"Dumna, Guyuk, Adamawa State, Nigeria; Rigange primary heath center, Lafia, Larmurde, Adamawa State, Nigeria","9.7095718, 11.8679091; 9.5741569, 11.7610483",County/City/town/Village/Woreda (ADM3); County/City/town/Village/Woreda (ADM3),Destination; Origin,Displacement without preventive evacuations reported,2026-02-19T18:12:58.381913Z,"Nigeria: 51 displacements, 17 December - 17 December. According to IOM DTM, 51 new internal displacements have been recorded in Nigeria on 17 December 2025 as a result of Non-International armed conflict (NIAC). This figure might be preliminary. IOM DTM - Nigeria - 13 February 2026",,Conflict
240346,Nigeria,NGA,10.99910605,13.282221,"[10.99910605, 13.282221]",Recommended figure,Conflict,total,29,2025-12-17,2025-12-17,2025-12-17,2025,33604,Nigeria: Non-International armed conflict (NIAC) - Borno - 2025,,,2025-01-01,2025-12-31,,,,,,IOM DTM - Nigeria,,"Dalori / Wanori, Konduga, Borno, Nigeria; Nassarawo, Mubi South, Adamawa, Nigeria","11.7523766, 13.2836641; 10.2458355, 13.2807779",County/City/town/Village/Woreda (ADM3); County/City/town/Village/Woreda (ADM3),Origin; Destination,Displacement without preventive evacuations reported,2026-02-19T18:12:58.823842Z,"Nigeria: 29 displacements, 17 December - 17 December. According to IOM DTM, 29 new internal displacements have been recorded in Nigeria on 17 December 2025 as a result of Non-International armed conflict (NIAC). This figure might be preliminary. IOM DTM - Nigeria - 13 February 2026",,Conflict
240345,Nigeria,NGA,11.836410650000001,13.61957685,"[11.836410650000001, 13.61957685]",Recommended figure,Conflict,total,2,2025-12-17,2025-12-17,2025-12-17,2025,33604,Nigeria: Non-International armed conflict (NIAC) - Borno - 2025,,,2025-01-01,2025-12-31,,,,,,IOM DTM - Nigeria,,"Gawa, Mafa, Borno State, Nigeria; Loskuri, Mafa, Borno State, Nigeria","11.85266, 13.82322; 11.8201613, 13.4159337",County/City/town/Village/Woreda (ADM3); County/City/town/Village/Woreda (ADM3),Origin; Destination,Displacement without preventive evacuations reported,2026-02-19T18:12:58.773324Z,"Nigeria: 2 displacements, 17 December - 17 December. According to IOM DTM, 2 new internal displacements have been recorded in Nigeria on 17 December 2025 as a result of Non-International armed conflict (NIAC). This figure might be preliminary. IOM DTM - Nigeria - 13 February 2026",,Conflict
240334,Nigeria,NGA,11.4499473,14.0506762,"[11.4499473, 14.0506762]",Recommended figure,Conflict,total,22,2025-12-17,2025-12-17,2025-12-17,2025,33604,Nigeria: Non-International armed conflict (NIAC) - Borno - 2025,,,2025-01-01,2025-12-31,,,,,,IOM DTM - Nigeria,,"Bama, Borno, Nigeria; Yabiri Kura/Yabiri Gana/Chongolo, Bama, Borno, Nigeria","11.51319, 14.02445; 11.3867046, 14.0769024",County/City/town/Village/Woreda (ADM3); County/City/town/Village/Woreda (ADM3),Destination; Origin,Displacement without preventive evacuations reported,2026-02-19T18:12:58.089364Z,"Nigeria: 22 displacements, 17 December - 17 December. According to IOM DTM, 22 new internal displacements have been recorded in Nigeria on 17 December 2025 as a result of Non-International armed conflict (NIAC). This figure might be preliminary. IOM DTM - Nigeria - 13 February 2026",,Conflict
240336,Nigeria,NGA,9.52164875,11.8613018,"[9.52164875, 11.8613018]",Recommended figure,Conflict,total,18,2025-12-17,2025-12-17,2025-12-17,2025,40118,Nigeria: Communal violence - Adamawa - 01/12/2025,COMMUNAL_VIOLENCE,Local Identifier,2025-12-01,2025-12-31,,,,,,IOM DTM - Nigeria,,"Imburu, Numan, Adamawa State, Nigeria; Larmurde, Adamawa, Nigeria","9.4854875, 12.0189436; 9.55781, 11.70366",County/City/town/Village/Woreda (ADM3); County/City/town/Village/Woreda (ADM3),Destination; Origin,Displacement without preventive evacuations reported,2026-02-19T18:12:58.187273Z,"Nigeria: 18 displacements, 17 December - 17 December. According to IOM DTM, 18 new internal displacements have been recorded in Nigeria on 17 December 2025 as a result of Communal violence. This figure might be preliminary. IOM DTM - Nigeria - 13 February 2026",,Conflict
240335,Nigeria,NGA,10.8802641,12.7939759,"[10.8802641, 12.7939759]",Recommended figure,Conflict,total,6,2025-12-17,2025-12-17,2025-12-17,2025,33604,Nigeria: Non-International armed conflict (NIAC) - Borno - 2025,,,2025-01-01,2025-12-31,,,,,,IOM DTM - Nigeria,,"Chibok Wuntaku, Chibok, Borno, Nigeria","10.8802641, 12.7939759",County/City/town/Village/Woreda (ADM3),Origin and destination,Displacement without preventive evacuations reported,2026-02-19T18:12:58.137597Z,"Nigeria: 6 displacements, 17 December - 17 December. According to IOM DTM, 6 new internal displacements have been recorded in Nigeria on 17 December 2025 as a result of Non-International armed conflict (NIAC). This figure might be preliminary. IOM DTM - Nigeria - 13 February 2026",,Conflict
240350,Nigeria,NGA,9.921402350000001,12.4950772,"[9.921402350000001, 12.4950772]",Recommended figure,Conflict,total,23,2025-12-17,2025-12-17,2025-12-17,2025,40118,Nigeria: Communal violence - Adamawa - 01/12/2025,COMMUNAL_VIOLENCE,Local Identifier,2025-12-01,2025-12-31,,,,,,IOM DTM - Nigeria,,"Lamurde, Larmurde, Adamawa State, Nigeria; Yelwa, Mubi North, Adamawa, Nigeria","9.6072357, 11.7930477; 10.235569, 13.1971067",County/City/town/Village/Woreda (ADM3); County/City/town/Village/Woreda (ADM3),Origin; Destination,Displacement without preventive evacuations reported,2026-02-19T18:12:59.022257Z,"Nigeria: 23 displacements, 17 December - 17 December. According to IOM DTM, 23 new internal displacements have been recorded in Nigeria on 17 December 2025 as a result of Communal violence. This figure might be preliminary. IOM DTM - Nigeria - 13 February 2026",,Conflict
239324,Nigeria,NGA,13.5076077,6.1119643,"[13.5076077, 6.1119643]",Recommended figure,Conflict,total,109,2025-12-17,2025-12-16,2025-12-17,2025,40136,Nigeria: Crime-related violence - Sokoto - 01/12/2025,CRIME_RELATED,Local Identifier,2025-12-01,2025-12-31,,,,,,IOM DTM - Nigeria,,"Unguwar Lalle, Sabon Birni, Sokoto State, Nigeria","13.5076077, 6.1119643",County/City/town/Village/Woreda (ADM3),Origin and destination,Displacement without preventive evacuations reported,2026-02-19T11:22:54.714783Z,"Nigeria: 109 displacements, 16 December - 17 December. According to IOM DTM, 109 new internal displacements have been recorded in Nigeria between 16 December 2025 and 17 December 2025 as a result of Crime-related violence. This figure might be preliminary. IOM DTM - Nigeria - 03 December 2025",,Conflict
240338,Nigeria,NGA,10.419589349999999,13.4225636,"[10.419589349999999, 13.4225636]",Recommended figure,Conflict,total,39,2025-12-16,2025-12-16,2025-12-16,2025,33604,Nigeria: Non-International armed conflict (NIAC) - Borno - 2025,,,2025-01-01,2025-12-31,,,,,,IOM DTM - Nigeria,,"Gwoza, Hausari, Gwoza, Borno, Nigeria; Sorau 'B', Maiha, Adamawa, Nigeria","11.08309, 13.69416; 9.7560887, 13.1509672",County/City/town/Village/Woreda (ADM3); County/City/town/Village/Woreda (ADM3),Origin; Destination,Displacement without preventive evacuations reported,2026-02-19T18:12:58.277674Z,"Nigeria: 39 displacements, 16 December - 16 December. According to IOM DTM, 39 new internal displacements have been recorded in Nigeria on 16 December 2025 as a result of Non-International armed conflict (NIAC). This figure might be preliminary. IOM DTM - Nigeria - 13 February 2026",,Conflict
240329,Nigeria,NGA,10.6280364,13.2418955,"[10.6280364, 13.2418955]",Recommended figure,Conflict,total,43,2025-12-16,2025-12-16,2025-12-16,2025,33604,Nigeria: Non-International armed conflict (NIAC) - Borno - 2025,,,2025-01-01,2025-12-31,,,,,,IOM DTM - Nigeria,,"Chul / Rumirgo, Askira/Uba, Borno, Nigeria; michika, michika, adamawa","10.6352595, 13.1048449; 10.6208133, 13.3789461",County/City/town/Village/Woreda (ADM3); County/City/town/Village/Woreda (ADM3),Origin; Destination,Displacement without preventive evacuations reported,2026-02-19T18:12:57.848132Z,"Nigeria: 43 displacements, 16 December - 16 December. According to IOM DTM, 43 new internal displacements have been recorded in Nigeria on 16 December 2025 as a result of Non-International armed conflict (NIAC). This figure might be preliminary. IOM DTM - Nigeria - 13 February 2026",,Conflict
240363,Nigeria,NGA,9.31185955,12.574233249999999,"[9.31185955, 12.574233249999999]",Recommended figure,Conflict,total,15,2025-12-16,2025-12-16,2025-12-16,2025,40118,Nigeria: Communal violence - Adamawa - 01/12/2025,COMMUNAL_VIOLENCE,Local Identifier,2025-12-01,2025-12-31,,,,,,IOM DTM - Nigeria,,"Nassarawo, Fufore, Adamawa State, Nigeria; Yola North, Adamawa, Nigeria","9.45, 12.733333; 9.1737191, 12.4151335",County/City/town/Village/Woreda (ADM3); County/City/town/Village/Woreda (ADM3),Origin; Destination,Displacement without preventive evacuations reported,2026-02-19T18:13:01.979291Z,"Nigeria: 15 displacements, 16 December - 16 December. According to IOM DTM, 15 new internal displacements have been recorded in Nigeria on 16 December 2025 as a result of Communal violence. This figure might be preliminary. IOM DTM - Nigeria - 13 February 2026",,Conflict
240349,Nigeria,NGA,9.9571771,12.558562850000001,"[9.9571771, 12.558562850000001]",Recommended figure,Conflict,total,17,2025-12-16,2025-12-16,2025-12-16,2025,40118,Nigeria: Communal violence - Adamawa - 01/12/2025,COMMUNAL_VIOLENCE,Local Identifier,2025-12-01,2025-12-31,,,,,,IOM DTM - Nigeria,,"Lamurde, Larmurde, Adamawa State, Nigeria; Vimtim, Mubi North, Adamawa, Nigeria","9.6072357, 11.7930477; 10.3071185, 13.324078",County/City/town/Village/Woreda (ADM3); County/City/town/Village/Woreda (ADM3),Origin; Destination,Displacement without preventive evacuations reported,2026-02-19T18:12:58.976652Z,"Nigeria: 17 displacements, 16 December - 16 December. According to IOM DTM, 17 new internal displacements have been recorded in Nigeria on 16 December 2025 as a result of Communal violence. This figure might be preliminary. IOM DTM - Nigeria - 13 February 2026",,Conflict
239482,Nigeria,NGA,13.165691,5.394467,"[13.165691, 5.394467]",Recommended figure,Conflict,total,879,2025-12-17,2025-12-15,2025-12-17,2025,40136,Nigeria: Crime-related violence - Sokoto - 01/12/2025,CRIME_RELATED,Local Identifier,2025-12-01,2025-12-31,,,,,,IOM DTM - Nigeria,,"Achida, Wurno, Sokoto State, Nigeria","13.165691, 5.394467",County/City/town/Village/Woreda (ADM3),Origin and destination,Displacement without preventive evacuations reported,2026-02-19T11:39:49.731191Z,"Nigeria: 879 displacements, 15 December - 17 December. According to IOM DTM, 879 new internal displacements have been recorded in Nigeria between 15 December 2025 and 17 December 2025 as a result of Crime-related violence. This figure might be preliminary. IOM DTM - Nigeria - 03 December 2025",,Conflict
240325,Nigeria,NGA,10.6273899,11.37139435,"[10.6273899, 11.37139435]",Recommended figure,Conflict,total,21,2025-12-15,2025-12-15,2025-12-15,2025,40253,Nigeria: Crime-related violence - Gombe - 01/12/2025,CRIME_RELATED,Local Identifier,2025-12-01,2025-12-31,,,,,,IOM DTM - Nigeria,,"Birin Fulani West, Nafada, Gombe, Nigeria; Gamadadi, Bayo, Borno State, Nigeria","10.9326798, 11.1843887; 10.3221, 11.5584",County/City/town/Village/Woreda (ADM3); County/City/town/Village/Woreda (ADM3),Origin; Destination,Displacement without preventive evacuations reported,2026-02-19T17:46:23.073089Z,"Nigeria: 21 displacements, 15 December - 15 December. According to IOM DTM, 21 new internal displacements have been recorded in Nigeria on 15 December 2025 as a result of Crime-related violence. This figure might be preliminary. IOM DTM - Nigeria - 13 February 2026",,Conflict
240323,Nigeria,NGA,10.097905,12.574465,"[10.097905, 12.574465]",Recommended figure,Conflict,total,9,2025-12-15,2025-12-15,2025-12-15,2025,40118,Nigeria: Communal violence - Adamawa - 01/12/2025,COMMUNAL_VIOLENCE,Local Identifier,2025-12-01,2025-12-31,,,,,,IOM DTM - Nigeria,,"Palam, Madagali, Adamawa; Waduku, Larmurde, Adamawa, Nigeria","10.69129, 13.49455; 9.50452, 11.65438",County/City/town/Village/Woreda (ADM3); County/City/town/Village/Woreda (ADM3),Destination; Origin,Displacement without preventive evacuations reported,2026-02-19T17:46:22.961073Z,"Nigeria: 9 displacements, 15 December - 15 December. According to IOM DTM, 9 new internal displacements have been recorded in Nigeria on 15 December 2025 as a result of Communal violence. This figure might be preliminary. IOM DTM - Nigeria - 13 February 2026",,Conflict
240331,Nigeria,NGA,9.55587785,11.72371385,"[9.55587785, 11.72371385]",Recommended figure,Conflict,total,156,2025-12-15,2025-12-15,2025-12-15,2025,40118,Nigeria: Communal violence - Adamawa - 01/12/2025,COMMUNAL_VIOLENCE,Local Identifier,2025-12-01,2025-12-31,,,,,,IOM DTM - Nigeria,,"Lamurde, Larmurde, Adamawa State, Nigeria; Waduku, Larmurde, Adamawa, Nigeria","9.6072357, 11.7930477; 9.50452, 11.65438",County/City/town/Village/Woreda (ADM3); County/City/town/Village/Woreda (ADM3),Destination; Origin,Displacement without preventive evacuations reported,2026-02-19T18:12:57.953992Z,"Nigeria: 156 displacements, 15 December - 15 December. According to IOM DTM, 156 new internal displacements have been recorded in Nigeria on 15 December 2025 as a result of Communal violence. This figure might be preliminary. IOM DTM - Nigeria - 13 February 2026",,Conflict
240330,Nigeria,NGA,10.451179400000001,12.808406,"[10.451179400000001, 12.808406]",Recommended figure,Conflict,total,156,2025-12-15,2025-12-15,2025-12-15,2025,33604,Nigeria: Non-International armed conflict (NIAC) - Borno - 2025,,,2025-01-01,2025-12-31,,,,,,IOM DTM - Nigeria,,"Hong, Hong, Adamawa, Nigeria; Ngohi, Askira-Uba, Borno State, Nigeria","10.2300928, 12.9262851; 10.672266, 12.6905269",County/City/town/Village/Woreda (ADM3); County/City/town/Village/Woreda (ADM3),Destination; Origin,Displacement without preventive evacuations reported,2026-02-19T18:12:57.902588Z,"Nigeria: 156 displacements, 15 December - 15 December. According to IOM DTM, 156 new internal displacements have been recorded in Nigeria on 15 December 2025 as a result of Non-International armed conflict (NIAC). This figure might be preliminary. IOM DTM - Nigeria - 13 February 2026",,Conflict
240333,Nigeria,NGA,9.537973000000001,11.7694055,"[9.537973000000001, 11.7694055]",Recommended figure,Conflict,total,60,2025-12-15,2025-12-15,2025-12-15,2025,40118,Nigeria: Communal violence - Adamawa - 01/12/2025,COMMUNAL_VIOLENCE,Local Identifier,2025-12-01,2025-12-31,,,,,,IOM DTM - Nigeria,,"gyawana maternity clinic, A345, Lafia, Larmurde, Adamawa State, Nigeria; Waduku, Larmurde, Adamawa, Nigeria","9.571426, 11.884431; 9.50452, 11.65438",County/City/town/Village/Woreda (ADM3); County/City/town/Village/Woreda (ADM3),Destination; Origin,Displacement without preventive evacuations reported,2026-02-19T18:12:58.046184Z,"Nigeria: 60 displacements, 15 December - 15 December. According to IOM DTM, 60 new internal displacements have been recorded in Nigeria on 15 December 2025 as a result of Communal violence. This figure might be preliminary. IOM DTM - Nigeria - 13 February 2026",,Conflict
240327,Nigeria,NGA,10.8802641,12.7939759,"[10.8802641, 12.7939759]",Recommended figure,Conflict,total,19,2025-12-15,2025-12-15,2025-12-15,2025,33604,Nigeria: Non-International armed conflict (NIAC) - Borno - 2025,,,2025-01-01,2025-12-31,,,,,,IOM DTM - Nigeria,,"Chibok Wuntaku, Chibok, Borno, Nigeria","10.8802641, 12.7939759",County/City/town/Village/Woreda (ADM3),Origin and destination,Displacement without preventive evacuations reported,2026-02-19T18:12:57.738380Z,"Nigeria: 19 displacements, 15 December - 15 December. According to IOM DTM, 19 new internal displacements have been recorded in Nigeria on 15 December 2025 as a result of Non-International armed conflict (NIAC). This figure might be preliminary. IOM DTM - Nigeria - 13 February 2026",,Conflict
240332,Nigeria,NGA,9.531165,11.67902,"[9.531165, 11.67902]",Recommended figure,Conflict,total,120,2025-12-15,2025-12-15,2025-12-15,2025,40118,Nigeria: Communal violence - Adamawa - 01/12/2025,COMMUNAL_VIOLENCE,Local Identifier,2025-12-01,2025-12-31,,,,,,IOM DTM - Nigeria,,"Larmurde, Adamawa, Nigeria; Waduku, Larmurde, Adamawa, Nigeria","9.55781, 11.70366; 9.50452, 11.65438",County/City/town/Village/Woreda (ADM3); County/City/town/Village/Woreda (ADM3),Destination; Origin,Displacement without preventive evacuations reported,2026-02-19T18:12:57.999843Z,"Nigeria: 120 displacements, 15 December - 15 December. According to IOM DTM, 120 new internal displacements have been recorded in Nigeria on 15 December 2025 as a result of Communal violence. This figure might be preliminary. IOM DTM - Nigeria - 13 February 2026",,Conflict
240324,Nigeria,NGA,11.4499473,14.0506762,"[11.4499473, 14.0506762]",Recommended figure,Conflict,total,26,2025-12-15,2025-12-15,2025-12-15,2025,33604,Nigeria: Non-International armed conflict (NIAC) - Borno - 2025,,,2025-01-01,2025-12-31,,,,,,IOM DTM - Nigeria,,"Bama, Borno, Nigeria; Yabiri Kura/Yabiri Gana/Chongolo, Bama, Borno, Nigeria","11.51319, 14.02445; 11.3867046, 14.0769024",County/City/town/Village/Woreda (ADM3); County/City/town/Village/Woreda (ADM3),Destination; Origin,Displacement without preventive evacuations reported,2026-02-19T17:46:23.003962Z,"Nigeria: 26 displacements, 15 December - 15 December. According to IOM DTM, 26 new internal displacements have been recorded in Nigeria on 15 December 2025 as a result of Non-International armed conflict (NIAC). This figure might be preliminary. IOM DTM - Nigeria - 13 February 2026",,Conflict
240362,Nigeria,NGA,9.373937999999999,12.088090900000001,"[9.373937999999999, 12.088090900000001]",Recommended figure,Conflict,total,21,2025-12-15,2025-12-15,2025-12-15,2025,40118,Nigeria: Communal violence - Adamawa - 01/12/2025,COMMUNAL_VIOLENCE,Local Identifier,2025-12-01,2025-12-31,,,,,,IOM DTM - Nigeria,,"Rigange primary heath center, Lafia, Larmurde, Adamawa State, Nigeria; Yola North, Adamawa, Nigeria","9.5741569, 11.7610483; 9.1737191, 12.4151335",County/City/town/Village/Woreda (ADM3); County/City/town/Village/Woreda (ADM3),Origin; Destination,Displacement without preventive evacuations reported,2026-02-19T18:13:01.935256Z,"Nigeria: 21 displacements, 15 December - 15 December. According to IOM DTM, 21 new internal displacements have been recorded in Nigeria on 15 December 2025 as a result of Communal violence. This figure might be preliminary. IOM DTM - Nigeria - 13 February 2026",,Conflict
240339,Nigeria,NGA,9.658403750000002,11.8304784,"[9.658403750000002, 11.8304784]",Recommended figure,Conflict,total,46,2025-12-15,2025-12-15,2025-12-15,2025,33602,Nigeria: Non-International armed conflict (NIAC) - Adamawa - 2025,,,2025-01-01,2025-12-31,,,,,,IOM DTM - Nigeria,,"Dumna, Guyuk, Adamawa State, Nigeria; Lamurde, Larmurde, Adamawa State, Nigeria","9.7095718, 11.8679091; 9.6072357, 11.7930477",County/City/town/Village/Woreda (ADM3); County/City/town/Village/Woreda (ADM3),Destination; Origin,Displacement without preventive evacuations reported,2026-02-19T18:12:58.331388Z,"Nigeria: 46 displacements, 15 December - 15 December. According to IOM DTM, 46 new internal displacements have been recorded in Nigeria on 15 December 2025 as a result of Non-International armed conflict (NIAC). This figure might be preliminary. IOM DTM - Nigeria - 13 February 2026",,Conflict
238193,Nigeria,NGA,12.193788300000001,7.45272475,"[12.193788300000001, 7.45272475]",Recommended figure,Conflict,total,229,2025-12-15,2025-12-14,2025-12-15,2025,40134,Nigeria: Crime-related violence - Katsina - 01/12/2025,CRIME_RELATED,Local Identifier,2025-12-01,2025-12-31,,,,,,IOM DTM - Nigeria,,"Yantumaki B, Dan Musa, Katsina, Nigeria; Yan Tumaki, Yantumaki A, Dan Musa, Katsina State, Nigeria","12.1891166, 7.427319499999999; 12.19846, 7.47813",County/City/town/Village/Woreda (ADM3); County/City/town/Village/Woreda (ADM3),Origin; Destination,Displacement without preventive evacuations reported,2026-02-19T09:20:44.425694Z,"Nigeria: 229 displacements, 14 December - 15 December. According to IOM DTM, 229 new internal displacements have been recorded in Nigeria between 14 December 2025 and 15 December 2025 as a result of Crime-related violence. This figure might be preliminary. IOM DTM - Nigeria - 03 December 2025",,Conflict
240328,Nigeria,NGA,9.5298222,11.88999595,"[9.5298222, 11.88999595]",Recommended figure,Conflict,total,49,2025-12-13,2025-12-13,2025-12-13,2025,40118,Nigeria: Communal violence - Adamawa - 01/12/2025,COMMUNAL_VIOLENCE,Local Identifier,2025-12-01,2025-12-31,,,,,,IOM DTM - Nigeria,,"Imburu, Numan, Adamawa State, Nigeria; Rigange primary heath center, Lafia, Larmurde, Adamawa State, Nigeria","9.4854875, 12.0189436; 9.5741569, 11.7610483",County/City/town/Village/Woreda (ADM3); County/City/town/Village/Woreda (ADM3),Destination; Origin,Displacement without preventive evacuations reported,2026-02-19T18:12:57.802472Z,"Nigeria: 49 displacements, 13 December - 13 December. According to IOM DTM, 49 new internal displacements have been recorded in Nigeria on 13 December 2025 as a result of Communal violence. This figure might be preliminary. IOM DTM - Nigeria - 13 February 2026",,Conflict
239465,Nigeria,NGA,12.000296299999999,6.7609531,"[12.000296299999999, 6.7609531]",Recommended figure,Conflict,total,196,2025-12-13,2025-12-12,2025-12-13,2025,40135,Nigeria: Crime-related violence - Zamfara - 01/12/2025,CRIME_RELATED,Local Identifier,2025-12-01,2025-12-31,,,,,,IOM DTM - Nigeria,,"Kwaren Ganuwa, Tsafe, Zamfara State, Nigeria; Rijiya, Gusau, Zamfara State, Nigeria","11.9326326, 6.7740362; 12.06796, 6.74787",County/City/town/Village/Woreda (ADM3); County/City/town/Village/Woreda (ADM3),Origin; Destination,Displacement without preventive evacuations reported,2026-02-19T11:39:48.950364Z,"Nigeria: 196 displacements, 12 December - 13 December. According to IOM DTM, 196 new internal displacements have been recorded in Nigeria between 12 December 2025 and 13 December 2025 as a result of Crime-related violence. This figure might be preliminary. IOM DTM - Nigeria - 03 December 2025",,Conflict
240316,Nigeria,NGA,10.59509975,13.1567631,"[10.59509975, 13.1567631]",Recommended figure,Conflict,total,27,2025-12-12,2025-12-12,2025-12-12,2025,33604,Nigeria: Non-International armed conflict (NIAC) - Borno - 2025,,,2025-01-01,2025-12-31,,,,,,IOM DTM - Nigeria,,"Mussa, Askira-Uba, Borno State, Nigeria; Uba, Askira-Uba, Borno State, Nigeria","10.7371435, 13.0921372; 10.453056, 13.221389",County/City/town/Village/Woreda (ADM3); County/City/town/Village/Woreda (ADM3),Origin; Destination,Displacement without preventive evacuations reported,2026-02-19T17:46:22.626296Z,"Nigeria: 27 displacements, 12 December - 12 December. According to IOM DTM, 27 new internal displacements have been recorded in Nigeria on 12 December 2025 as a result of Non-International armed conflict (NIAC). This figure might be preliminary. IOM DTM - Nigeria - 13 February 2026",,Conflict
240322,Nigeria,NGA,11.32223365,11.980047500000001,"[11.32223365, 11.980047500000001]",Recommended figure,Conflict,total,43,2025-12-12,2025-12-12,2025-12-12,2025,33607,Nigeria: Non-International armed conflict (NIAC) - Yobe - 2025,,,2025-01-01,2025-12-31,,,,,,IOM DTM - Nigeria,,"Bunigari/Lawanti, Gujba, Yobe, Nigeria; Gujba, Gujba, Yobe State, Nigeria","11.1448773, 12.026135; 11.49959, 11.93396",County/City/town/Village/Woreda (ADM3); County/City/town/Village/Woreda (ADM3),Destination; Origin,Displacement without preventive evacuations reported,2026-02-19T17:46:22.912647Z,"Nigeria: 43 displacements, 12 December - 12 December. According to IOM DTM, 43 new internal displacements have been recorded in Nigeria on 12 December 2025 as a result of Non-International armed conflict (NIAC). This figure might be preliminary. IOM DTM - Nigeria - 13 February 2026",,Conflict
240318,Nigeria,NGA,11.21884625,13.30677215,"[11.21884625, 13.30677215]",Recommended figure,Conflict,total,7,2025-12-12,2025-12-12,2025-12-12,2025,33604,Nigeria: Non-International armed conflict (NIAC) - Borno - 2025,,,2025-01-01,2025-12-31,,,,,,IOM DTM - Nigeria,,"K/Wuro Ngayandi, Madagali, Adamawa, Nigeria; Sojiri/ Nguro-Nguro, Konduga, Borno, Nigeria","10.789256, 13.3702811; 11.6484365, 13.2432632",County/City/town/Village/Woreda (ADM3); County/City/town/Village/Woreda (ADM3),Destination; Origin,Displacement without preventive evacuations reported,2026-02-19T17:46:22.719539Z,"Nigeria: 7 displacements, 12 December - 12 December. According to IOM DTM, 7 new internal displacements have been recorded in Nigeria on 12 December 2025 as a result of Non-International armed conflict (NIAC). This figure might be preliminary. IOM DTM - Nigeria - 13 February 2026",,Conflict
240321,Nigeria,NGA,11.61356,11.934525,"[11.61356, 11.934525]",Recommended figure,Conflict,total,28,2025-12-11,2025-12-11,2025-12-11,2025,33607,Nigeria: Non-International armed conflict (NIAC) - Yobe - 2025,,,2025-01-01,2025-12-31,,,,,,IOM DTM - Nigeria,,"Gujba, Gujba, Yobe State, Nigeria; Nayinawa, Damaturu, Yobe State, Nigeria","11.49959, 11.93396; 11.72753, 11.93509",County/City/town/Village/Woreda (ADM3); County/City/town/Village/Woreda (ADM3),Origin; Destination,Displacement without preventive evacuations reported,2026-02-19T17:46:22.860249Z,"Nigeria: 28 displacements, 11 December - 11 December. According to IOM DTM, 28 new internal displacements have been recorded in Nigeria on 11 December 2025 as a result of Non-International armed conflict (NIAC). This figure might be preliminary. IOM DTM - Nigeria - 13 February 2026",,Conflict
240313,Nigeria,NGA,11.04976,13.71492,"[11.04976, 13.71492]",Recommended figure,Conflict,total,11,2025-12-11,2025-12-11,2025-12-11,2025,33604,Nigeria: Non-International armed conflict (NIAC) - Borno - 2025,,,2025-01-01,2025-12-31,,,,,,IOM DTM - Nigeria,,"Bebel, Madagali, Adamawa, Nigeria; Pulka Bokko, Gwoza, Borno State, Nigeria","10.85507, 13.62234; 11.24445, 13.8075",County/City/town/Village/Woreda (ADM3); County/City/town/Village/Woreda (ADM3),Destination; Origin,Displacement without preventive evacuations reported,2026-02-19T17:46:22.475292Z,"Nigeria: 11 displacements, 11 December - 11 December. According to IOM DTM, 11 new internal displacements have been recorded in Nigeria on 11 December 2025 as a result of Non-International armed conflict (NIAC). This figure might be preliminary. IOM DTM - Nigeria - 13 February 2026",,Conflict
240312,Nigeria,NGA,10.33808745,12.53666785,"[10.33808745, 12.53666785]",Recommended figure,Conflict,total,57,2025-12-11,2025-12-11,2025-12-11,2025,33604,Nigeria: Non-International armed conflict (NIAC) - Borno - 2025,,,2025-01-01,2025-12-31,,,,,,IOM DTM - Nigeria,,"Kafa Mafi, Damboa, Borno State, Nigeria; Pariya, Fufore, Adamawa, Nigeria","11.2956449, 12.3729557; 9.38053, 12.70038",County/City/town/Village/Woreda (ADM3); County/City/town/Village/Woreda (ADM3),Origin; Destination,Displacement without preventive evacuations reported,2026-02-19T17:46:22.423783Z,"Nigeria: 57 displacements, 11 December - 11 December. According to IOM DTM, 57 new internal displacements have been recorded in Nigeria on 11 December 2025 as a result of Non-International armed conflict (NIAC). This figure might be preliminary. IOM DTM - Nigeria - 13 February 2026",,Conflict
240301,Nigeria,NGA,11.4499473,14.0506762,"[11.4499473, 14.0506762]",Recommended figure,Conflict,total,12,2025-12-10,2025-12-10,2025-12-10,2025,33604,Nigeria: Non-International armed conflict (NIAC) - Borno - 2025,,,2025-01-01,2025-12-31,,,,,,IOM DTM - Nigeria,,"Bama, Borno, Nigeria; Yabiri Kura/Yabiri Gana/Chongolo, Bama, Borno, Nigeria","11.51319, 14.02445; 11.3867046, 14.0769024",County/City/town/Village/Woreda (ADM3); County/City/town/Village/Woreda (ADM3),Destination; Origin,Displacement without preventive evacuations reported,2026-02-19T17:46:21.886784Z,"Nigeria: 12 displacements, 10 December - 10 December. According to IOM DTM, 12 new internal displacements have been recorded in Nigeria on 10 December 2025 as a result of Non-International armed conflict (NIAC). This figure might be preliminary. IOM DTM - Nigeria - 13 February 2026",,Conflict
240299,Nigeria,NGA,10.179794999999999,12.638359999999999,"[10.179794999999999, 12.638359999999999]",Recommended figure,Conflict,total,12,2025-12-10,2025-12-10,2025-12-10,2025,40118,Nigeria: Communal violence - Adamawa - 01/12/2025,COMMUNAL_VIOLENCE,Local Identifier,2025-12-01,2025-12-31,,,,,,IOM DTM - Nigeria,,"Bebel, Madagali, Adamawa, Nigeria; Waduku, Larmurde, Adamawa, Nigeria","10.85507, 13.62234; 9.50452, 11.65438",County/City/town/Village/Woreda (ADM3); County/City/town/Village/Woreda (ADM3),Destination; Origin,Displacement without preventive evacuations reported,2026-02-19T17:46:18.882622Z,"Nigeria: 12 displacements, 10 December - 10 December. According to IOM DTM, 12 new internal displacements have been recorded in Nigeria on 10 December 2025 as a result of Communal violence. This figure might be preliminary. IOM DTM - Nigeria - 13 February 2026",,Conflict
240311,Nigeria,NGA,11.5904102,11.695294950000001,"[11.5904102, 11.695294950000001]",Recommended figure,Conflict,total,379,2025-12-10,2025-12-10,2025-12-10,2025,33607,Nigeria: Non-International armed conflict (NIAC) - Yobe - 2025,,,2025-01-01,2025-12-31,,,,,,IOM DTM - Nigeria,,"Dogon Kuka/Gishiwari/Gununu, Fune, Yobe, Nigeria; Gujba, Gujba, Yobe State, Nigeria","11.6812304, 11.4566299; 11.49959, 11.93396",County/City/town/Village/Woreda (ADM3); County/City/town/Village/Woreda (ADM3),Destination; Origin,Displacement without preventive evacuations reported,2026-02-19T17:46:22.371850Z,"Nigeria: 379 displacements, 10 December - 10 December. According to IOM DTM, 379 new internal displacements have been recorded in Nigeria on 10 December 2025 as a result of Non-International armed conflict (NIAC). This figure might be preliminary. IOM DTM - Nigeria - 13 February 2026",,Conflict
240310,Nigeria,NGA,9.495003749999999,11.8366618,"[9.495003749999999, 11.8366618]",Recommended figure,Conflict,total,26,2025-12-10,2025-12-10,2025-12-10,2025,40118,Nigeria: Communal violence - Adamawa - 01/12/2025,COMMUNAL_VIOLENCE,Local Identifier,2025-12-01,2025-12-31,,,,,,IOM DTM - Nigeria,,"Imburu, Numan, Adamawa State, Nigeria; Waduku, Larmurde, Adamawa, Nigeria","9.4854875, 12.0189436; 9.50452, 11.65438",County/City/town/Village/Woreda (ADM3); County/City/town/Village/Woreda (ADM3),Destination; Origin,Displacement without preventive evacuations reported,2026-02-19T17:46:22.324366Z,"Nigeria: 26 displacements, 10 December - 10 December. According to IOM DTM, 26 new internal displacements have been recorded in Nigeria on 10 December 2025 as a result of Communal violence. This figure might be preliminary. IOM DTM - Nigeria - 13 February 2026",,Conflict
240308,Nigeria,NGA,10.627535649999999,12.20913865,"[10.627535649999999, 12.20913865]",Recommended figure,Conflict,total,20,2025-12-10,2025-12-10,2025-12-10,2025,33604,Nigeria: Non-International armed conflict (NIAC) - Borno - 2025,,,2025-01-01,2025-12-31,,,,,,IOM DTM - Nigeria,,"Dzar/ Vinadum/ Birni/ Dlandi, Biu Emirate, Borno, Nigeria; Mandara Girau, Biu Emirate, Borno, Nigeria","10.5453937, 12.0489791; 10.7096776, 12.3692982",County/City/town/Village/Woreda (ADM3); County/City/town/Village/Woreda (ADM3),Destination; Origin,Displacement without preventive evacuations reported,2026-02-19T17:46:22.227049Z,"Nigeria: 20 displacements, 10 December - 10 December. According to IOM DTM, 20 new internal displacements have been recorded in Nigeria on 10 December 2025 as a result of Non-International armed conflict (NIAC). This figure might be preliminary. IOM DTM - Nigeria - 13 February 2026",,Conflict
240315,Nigeria,NGA,11.597044799999999,11.7734466,"[11.597044799999999, 11.7734466]",Recommended figure,Conflict,total,34,2025-12-10,2025-12-10,2025-12-10,2025,33607,Nigeria: Non-International armed conflict (NIAC) - Yobe - 2025,,,2025-01-01,2025-12-31,,,,,,IOM DTM - Nigeria,,"Gujba, Gujba, Yobe State, Nigeria; Ngelzarma, Fune/Ngelzarma/Milbiyar/Lawan Kalam, Fune, Yobe, Nigeria","11.49959, 11.93396; 11.6944996, 11.6129332",County/City/town/Village/Woreda (ADM3); County/City/town/Village/Woreda (ADM3),Origin; Destination,Displacement without preventive evacuations reported,2026-02-19T17:46:22.574731Z,"Nigeria: 34 displacements, 10 December - 10 December. According to IOM DTM, 34 new internal displacements have been recorded in Nigeria on 10 December 2025 as a result of Non-International armed conflict (NIAC). This figure might be preliminary. IOM DTM - Nigeria - 13 February 2026",,Conflict
240314,Nigeria,NGA,11.052015950000001,13.8323429,"[11.052015950000001, 13.8323429]",Recommended figure,Conflict,total,39,2025-12-10,2025-12-10,2025-12-10,2025,33604,Nigeria: Non-International armed conflict (NIAC) - Borno - 2025,,,2025-01-01,2025-12-31,,,,,,IOM DTM - Nigeria,,"Gude, Mubi South, Adamawa, Nigeria; Jarawa/Sangaya, Kala/Balge, Borno, Nigeria","10.19862, 13.30877; 11.9054119, 14.3559158",County/City/town/Village/Woreda (ADM3); County/City/town/Village/Woreda (ADM3),Destination; Origin,Displacement without preventive evacuations reported,2026-02-19T17:46:22.526340Z,"Nigeria: 39 displacements, 10 December - 10 December. According to IOM DTM, 39 new internal displacements have been recorded in Nigeria on 10 December 2025 as a result of Non-International armed conflict (NIAC). This figure might be preliminary. IOM DTM - Nigeria - 13 February 2026",,Conflict
240303,Nigeria,NGA,9.6070459,11.761144550000001,"[9.6070459, 11.761144550000001]",Recommended figure,Conflict,total,38,2025-12-10,2025-12-10,2025-12-10,2025,33602,Nigeria: Non-International armed conflict (NIAC) - Adamawa - 2025,,,2025-01-01,2025-12-31,,,,,,IOM DTM - Nigeria,,"Dumna, Guyuk, Adamawa State, Nigeria; Waduku, Larmurde, Adamawa, Nigeria","9.7095718, 11.8679091; 9.50452, 11.65438",County/City/town/Village/Woreda (ADM3); County/City/town/Village/Woreda (ADM3),Destination; Origin,Displacement without preventive evacuations reported,2026-02-19T17:46:21.992821Z,"Nigeria: 38 displacements, 10 December - 10 December. According to IOM DTM, 38 new internal displacements have been recorded in Nigeria on 10 December 2025 as a result of Non-International armed conflict (NIAC). This figure might be preliminary. IOM DTM - Nigeria - 13 February 2026",,Conflict
240302,Nigeria,NGA,9.64186435,11.8144787,"[9.64186435, 11.8144787]",Recommended figure,Conflict,total,58,2025-12-09,2025-12-09,2025-12-09,2025,33602,Nigeria: Non-International armed conflict (NIAC) - Adamawa - 2025,,,2025-01-01,2025-12-31,,,,,,IOM DTM - Nigeria,,"Dumna, Guyuk, Adamawa State, Nigeria; Rigange primary heath center, Lafia, Larmurde, Adamawa State, Nigeria","9.7095718, 11.8679091; 9.5741569, 11.7610483",County/City/town/Village/Woreda (ADM3); County/City/town/Village/Woreda (ADM3),Destination; Origin,Displacement without preventive evacuations reported,2026-02-19T17:46:21.940947Z,"Nigeria: 58 displacements, 09 December - 09 December. According to IOM DTM, 58 new internal displacements have been recorded in Nigeria on 09 December 2025 as a result of Non-International armed conflict (NIAC). This figure might be preliminary. IOM DTM - Nigeria - 13 February 2026",,Conflict
240319,Nigeria,NGA,9.48549825,11.66651225,"[9.48549825, 11.66651225]",Recommended figure,Conflict,total,4844,2025-12-09,2025-12-09,2025-12-09,2025,40118,Nigeria: Communal violence - Adamawa - 01/12/2025,COMMUNAL_VIOLENCE,Local Identifier,2025-12-01,2025-12-31,,,,,,IOM DTM - Nigeria,,"Gamadio, Numan, Adamawa State, Nigeria; Waduku, Larmurde, Adamawa, Nigeria","9.4664765, 11.6786445; 9.50452, 11.65438",County/City/town/Village/Woreda (ADM3); County/City/town/Village/Woreda (ADM3),Destination; Origin,Displacement without preventive evacuations reported,2026-02-19T17:46:22.767113Z,"Nigeria: 4,844 displacements, 09 December - 09 December. According to IOM DTM, 4844 new internal displacements have been recorded in Nigeria on 09 December 2025 as a result of Communal violence. This figure might be preliminary. IOM DTM - Nigeria - 13 February 2026",,Conflict
240300,Nigeria,NGA,9.896322092193879,12.3106563897296,"[9.896322092193879, 12.3106563897296]",Recommended figure,Conflict,total,54,2025-12-09,2025-12-09,2025-12-09,2025,40118,Nigeria: Communal violence - Adamawa - 01/12/2025,COMMUNAL_VIOLENCE,Local Identifier,2025-12-01,2025-12-31,,,,,,IOM DTM - Nigeria,,"Hong, Hong, Adamawa, Nigeria; Lamurde, Adamawa","10.2300928, 12.9262851; 9.562551384387758, 11.6950276794592",County/City/town/Village/Woreda (ADM3); County/City/town/Village/Woreda (ADM3),Destination; Origin,Displacement without preventive evacuations reported,2026-02-19T17:46:18.925005Z,"Nigeria: 54 displacements, 09 December - 09 December. According to IOM DTM, 54 new internal displacements have been recorded in Nigeria on 09 December 2025 as a result of Communal violence. This figure might be preliminary. IOM DTM - Nigeria - 13 February 2026",,Conflict
238736,Nigeria,NGA,12.58011275,10.219381649999999,"[12.58011275, 10.219381649999999]",Recommended figure,Conflict,total,763,2025-12-09,2025-12-09,2025-12-09,2025,40119,Nigeria: Communal violence - Jigawa - 01/12/2025,COMMUNAL_VIOLENCE,Local Identifier,2025-12-01,2025-12-31,,,,,,IOM DTM - Nigeria,,"Fandum, Kiri Kasama, Jigawa State, Nigeria; Kiri Kasamma, Kiri Kasama, Jigawa State, Nigeria","12.4670255, 10.1836633; 12.6932, 10.2551",County/City/town/Village/Woreda (ADM3); County/City/town/Village/Woreda (ADM3),Origin; Destination,Displacement without preventive evacuations reported,2026-02-19T10:03:32.131009Z,"Nigeria: 763 displacements, 09 December - 09 December. According to IOM DTM, 763 new internal displacements have been recorded in Nigeria between 09 December 2025 and 09 December 2025 as a result of Communal violence. This figure might be preliminary. IOM DTM - Nigeria - 03 December 2025",,Conflict
240320,Nigeria,NGA,9.43366,12.09975,"[9.43366, 12.09975]",Recommended figure,Conflict,total,85,2025-12-09,2025-12-09,2025-12-09,2025,33602,Nigeria: Non-International armed conflict (NIAC) - Adamawa - 2025,,,2025-01-01,2025-12-31,,,,,,IOM DTM - Nigeria,,"Girei, Girei, Adamawa, Nigeria; Waduku, Larmurde, Adamawa, Nigeria","9.3628, 12.54512; 9.50452, 11.65438",County/City/town/Village/Woreda (ADM3); County/City/town/Village/Woreda (ADM3),Destination; Origin,Displacement without preventive evacuations reported,2026-02-19T17:46:22.809968Z,"Nigeria: 85 displacements, 09 December - 09 December. According to IOM DTM, 85 new internal displacements have been recorded in Nigeria on 09 December 2025 as a result of Non-International armed conflict (NIAC). This figure might be preliminary. IOM DTM - Nigeria - 13 February 2026",,Conflict
238975,Nigeria,NGA,9.28677605,11.133434699999999,"[9.28677605, 11.133434699999999]",Recommended figure,Conflict,total,540,2025-12-09,2025-12-09,2025-12-09,2025,40117,Nigeria: Communal violence - Taraba - 01/12/2025,COMMUNAL_VIOLENCE,Local Identifier,2025-12-01,2025-12-31,,,,,,IOM DTM - Nigeria,,"Karim ""A"", Karim Lamido, Taraba, Nigeria; Kwanchi, Karim Lamido, Taraba, Nigeria","9.269162399999999, 11.1730615; 9.304389700000002, 11.0938079",County/City/town/Village/Woreda (ADM3); County/City/town/Village/Woreda (ADM3),Origin; Destination,Displacement without preventive evacuations reported,2026-02-19T10:38:13.978946Z,"Nigeria: 540 displacements, 09 December - 09 December. According to IOM DTM, 540 new internal displacements have been recorded in Nigeria between 09 December 2025 and 07 December 2025 as a result of Communal violence. This figure might be preliminary. IOM DTM - Nigeria - 03 December 2025",,Conflict
240317,Nigeria,NGA,9.38135,12.031305,"[9.38135, 12.031305]",Recommended figure,Conflict,total,181,2025-12-09,2025-12-09,2025-12-09,2025,40118,Nigeria: Communal violence - Adamawa - 01/12/2025,COMMUNAL_VIOLENCE,Local Identifier,2025-12-01,2025-12-31,,,,,,IOM DTM - Nigeria,,"Waduku, Larmurde, Adamawa, Nigeria; Yola South, Adamawa, Nigeria","9.50452, 11.65438; 9.25818, 12.40823",County/City/town/Village/Woreda (ADM3); County/City/town/Village/Woreda (ADM3),Origin; Destination,Displacement without preventive evacuations reported,2026-02-19T17:46:22.677798Z,"Nigeria: 181 displacements, 09 December - 09 December. According to IOM DTM, 181 new internal displacements have been recorded in Nigeria on 09 December 2025 as a result of Communal violence. This figure might be preliminary. IOM DTM - Nigeria - 13 February 2026",,Conflict
238496,Nigeria,NGA,11.581284499999999,10.102339,"[11.581284499999999, 10.102339]",Recommended figure,Conflict,total,2144,2025-12-09,2025-12-09,2025-12-09,2025,40119,Nigeria: Communal violence - Jigawa - 01/12/2025,COMMUNAL_VIOLENCE,Local Identifier,2025-12-01,2025-12-31,,,,,,IOM DTM - Nigeria,,"Kafin Madaki, Kafin Madaki A, Ganjuwa, Bauchi State, Nigeria; Musari, Guri, Jigawa State, Nigeria","10.688369, 9.761478; 12.4742, 10.4432",County/City/town/Village/Woreda (ADM3); County/City/town/Village/Woreda (ADM3),Destination; Origin,Displacement without preventive evacuations reported,2026-02-19T09:47:06.599577Z,"Nigeria: 2,144 displacements, 09 December - 09 December. According to IOM DTM, 2144 new internal displacements have been recorded in Nigeria between 09 December 2025 and 09 December 2025 as a result of Communal violence. This figure might be preliminary. IOM DTM - Nigeria - 03 December 2025",,Conflict
239064,Nigeria,NGA,9.5872385,11.568496499999998,"[9.5872385, 11.568496499999998]",Recommended figure,Conflict,total,34,2025-12-12,2025-12-08,2025-12-12,2025,40118,Nigeria: Communal violence - Adamawa - 01/12/2025,COMMUNAL_VIOLENCE,Local Identifier,2025-12-01,2025-12-31,,,,,,IOM DTM - Nigeria,,"Dadiya, Balanga, Gombe State, Nigeria; Larmurde, Adamawa, Nigeria","9.616667, 11.433333; 9.55781, 11.70366",County/City/town/Village/Woreda (ADM3); County/City/town/Village/Woreda (ADM3),Destination; Origin,Displacement without preventive evacuations reported,2026-02-19T10:48:32.647904Z,"Nigeria: 34 displacements, 08 December - 12 December. According to IOM DTM, 34 new internal displacements have been recorded in Nigeria between 08 December 2025 and 12 December 2025 as a result of Communal violence. This figure might be preliminary. IOM DTM - Nigeria - 03 December 2025",,Conflict
240306,Nigeria,NGA,9.5741569,11.7610483,"[9.5741569, 11.7610483]",Triangulation,Conflict,total,192,2025-12-08,2025-12-08,2025-12-08,2025,40118,Nigeria: Communal violence - Adamawa - 01/12/2025,COMMUNAL_VIOLENCE,Local Identifier,2025-12-01,2025-12-31,,,,,,IOM DTM - Nigeria,,"Rigange primary heath center, Lafia, Larmurde, Adamawa State, Nigeria","9.5741569, 11.7610483",County/City/town/Village/Woreda (ADM3),Origin and destination,Displacement without preventive evacuations reported,2026-02-19T17:46:22.141915Z,"Nigeria: 192 displacements, 08 December - 08 December. According to IOM DTM, 192 new internal displacements have been recorded in Nigeria on 08 December 2025 as a result of Communal violence. This figure might be preliminary. IOM DTM - Nigeria - 13 February 2026",,Conflict
240305,Nigeria,NGA,9.55587785,11.72371385,"[9.55587785, 11.72371385]",Recommended figure,Conflict,total,168,2025-12-08,2025-12-08,2025-12-08,2025,40118,Nigeria: Communal violence - Adamawa - 01/12/2025,COMMUNAL_VIOLENCE,Local Identifier,2025-12-01,2025-12-31,,,,,,IOM DTM - Nigeria,,"Lamurde, Larmurde, Adamawa State, Nigeria; Waduku, Larmurde, Adamawa, Nigeria","9.6072357, 11.7930477; 9.50452, 11.65438",County/City/town/Village/Woreda (ADM3); County/City/town/Village/Woreda (ADM3),Destination; Origin,Displacement without preventive evacuations reported,2026-02-19T17:46:22.100726Z,"Nigeria: 168 displacements, 08 December - 08 December. According to IOM DTM, 168 new internal displacements have been recorded in Nigeria on 08 December 2025 as a result of Communal violence. This figure might be preliminary. IOM DTM - Nigeria - 13 February 2026",,Conflict
240304,Nigeria,NGA,9.55587785,11.72371385,"[9.55587785, 11.72371385]",Recommended figure,Conflict,total,108,2025-12-08,2025-12-08,2025-12-08,2025,33602,Nigeria: Non-International armed conflict (NIAC) - Adamawa - 2025,,,2025-01-01,2025-12-31,,,,,,IOM DTM - Nigeria,,"Lamurde, Larmurde, Adamawa State, Nigeria; Waduku, Larmurde, Adamawa, Nigeria","9.6072357, 11.7930477; 9.50452, 11.65438",County/City/town/Village/Woreda (ADM3); County/City/town/Village/Woreda (ADM3),Destination; Origin,Displacement without preventive evacuations reported,2026-02-19T17:46:22.047364Z,"Nigeria: 108 displacements, 08 December - 08 December. According to IOM DTM, 108 new internal displacements have been recorded in Nigeria on 08 December 2025 as a result of Non-International armed conflict (NIAC). This figure might be preliminary. IOM DTM - Nigeria - 13 February 2026",,Conflict
240307,Nigeria,NGA,9.50452,11.65438,"[9.50452, 11.65438]",Recommended figure,Conflict,total,552,2025-12-08,2025-12-08,2025-12-08,2025,40118,Nigeria: Communal violence - Adamawa - 01/12/2025,COMMUNAL_VIOLENCE,Local Identifier,2025-12-01,2025-12-31,,,,,,IOM DTM - Nigeria,,"Waduku, Larmurde, Adamawa, Nigeria","9.50452, 11.65438",County/City/town/Village/Woreda (ADM3),Origin and destination,Displacement without preventive evacuations reported,2026-02-19T17:46:22.183990Z,"Nigeria: 552 displacements, 08 December - 08 December. According to IOM DTM, 552 new internal displacements have been recorded in Nigeria on 08 December 2025 as a result of Communal violence. This figure might be preliminary. IOM DTM - Nigeria - 13 February 2026",,Conflict
240298,Nigeria,NGA,9.363135,12.152065,"[9.363135, 12.152065]",Triangulation,Conflict,total,36,2025-12-08,2025-12-08,2025-12-08,2025,40118,Nigeria: Communal violence - Adamawa - 01/12/2025,COMMUNAL_VIOLENCE,Local Identifier,2025-12-01,2025-12-31,,,,,,IOM DTM - Nigeria,,"Fufore, Fufore, Adamawa, Nigeria; Waduku, Larmurde, Adamawa, Nigeria","9.22175, 12.64975; 9.50452, 11.65438",County/City/town/Village/Woreda (ADM3); County/City/town/Village/Woreda (ADM3),Destination; Origin,Displacement without preventive evacuations reported,2026-02-19T17:46:18.839158Z,"Nigeria: 36 displacements, 08 December - 08 December. According to IOM DTM, 36 new internal displacements have been recorded in Nigeria on 08 December 2025 as a result of Communal violence. This figure might be preliminary. IOM DTM - Nigeria - 13 February 2026",,Conflict
240296,Nigeria,NGA,10.6747805,12.10484215,"[10.6747805, 12.10484215]",Recommended figure,Conflict,total,8,2025-12-08,2025-12-08,2025-12-08,2025,33604,Nigeria: Non-International armed conflict (NIAC) - Borno - 2025,,,2025-01-01,2025-12-31,,,,,,IOM DTM - Nigeria,,"Gur, Biu, Borno State, Nigeria; Guwal, Kwaya Kusar, Borno State, Nigeria","10.81046, 12.28434; 10.539101, 11.9253443",County/City/town/Village/Woreda (ADM3); County/City/town/Village/Woreda (ADM3),Origin; Destination,Displacement without preventive evacuations reported,2026-02-19T17:46:18.737669Z,"Nigeria: 8 displacements, 08 December - 08 December. According to IOM DTM, 8 new internal displacements have been recorded in Nigeria on 08 December 2025 as a result of Non-International armed conflict (NIAC). This figure might be preliminary. IOM DTM - Nigeria - 13 February 2026",,Conflict
240295,Nigeria,NGA,9.9449342,12.438711099999999,"[9.9449342, 12.438711099999999]",Recommended figure,Conflict,total,48,2025-12-08,2025-12-08,2025-12-08,2025,33602,Nigeria: Non-International armed conflict (NIAC) - Adamawa - 2025,,,2025-01-01,2025-12-31,,,,,,IOM DTM - Nigeria,,"Kwarhi, Hong, Adamawa, Nigeria; Rigange primary heath center, Lafia, Larmurde, Adamawa State, Nigeria","10.3157115, 13.1163739; 9.5741569, 11.7610483",County/City/town/Village/Woreda (ADM3); County/City/town/Village/Woreda (ADM3),Destination; Origin,Displacement without preventive evacuations reported,2026-02-19T17:46:18.688457Z,"Nigeria: 48 displacements, 08 December - 08 December. According to IOM DTM, 48 new internal displacements have been recorded in Nigeria on 08 December 2025 as a result of Non-International armed conflict (NIAC). This figure might be preliminary. IOM DTM - Nigeria - 13 February 2026",,Conflict
240294,Nigeria,NGA,10.16127465,12.69543075,"[10.16127465, 12.69543075]",Recommended figure,Conflict,total,13,2025-12-08,2025-12-08,2025-12-08,2025,40118,Nigeria: Communal violence - Adamawa - 01/12/2025,COMMUNAL_VIOLENCE,Local Identifier,2025-12-01,2025-12-31,,,,,,IOM DTM - Nigeria,,"Gulak, Madagali, Adamawa State, Nigeria; Opalo, Larmurde, Adamawa State, Nigeria","10.8058823, 13.4575285; 9.516667, 11.933333",County/City/town/Village/Woreda (ADM3); County/City/town/Village/Woreda (ADM3),Destination; Origin,Displacement without preventive evacuations reported,2026-02-19T17:46:18.645954Z,"Nigeria: 13 displacements, 08 December - 08 December. According to IOM DTM, 13 new internal displacements have been recorded in Nigeria on 08 December 2025 as a result of Communal violence. This figure might be preliminary. IOM DTM - Nigeria - 13 February 2026",,Conflict
240293,Nigeria,NGA,10.7657845,13.18581725,"[10.7657845, 13.18581725]",Recommended figure,Conflict,total,48,2025-12-08,2025-12-08,2025-12-08,2025,33604,Nigeria: Non-International armed conflict (NIAC) - Borno - 2025,,,2025-01-01,2025-12-31,,,,,,IOM DTM - Nigeria,,"Kautikari, Chibok, Borno State, Nigeria; Minkisi/ Wuro Ngiki, Michika, Adamawa, Nigeria","10.82, 12.9898; 10.711569, 13.3818345",County/City/town/Village/Woreda (ADM3); County/City/town/Village/Woreda (ADM3),Origin; Destination,Displacement without preventive evacuations reported,2026-02-19T17:46:18.597515Z,"Nigeria: 48 displacements, 08 December - 08 December. According to IOM DTM, 48 new internal displacements have been recorded in Nigeria on 08 December 2025 as a result of Non-International armed conflict (NIAC). This figure might be preliminary. IOM DTM - Nigeria - 13 February 2026",,Conflict
240292,Nigeria,NGA,11.0523188,12.62026605,"[11.0523188, 12.62026605]",Recommended figure,Conflict,total,12,2025-12-08,2025-12-08,2025-12-08,2025,33604,Nigeria: Non-International armed conflict (NIAC) - Borno - 2025,,,2025-01-01,2025-12-31,,,,,,IOM DTM - Nigeria,,"Azur/Multe/Forfor, Damboa, Borno, Nigeria; Damboa, Damboa, Borno, Nigeria","10.9485533, 12.4839212; 11.1560843, 12.7566109",County/City/town/Village/Woreda (ADM3); County/City/town/Village/Woreda (ADM3),Origin; Destination,Displacement without preventive evacuations reported,2026-02-19T17:46:18.539714Z,"Nigeria: 12 displacements, 08 December - 08 December. According to IOM DTM, 12 new internal displacements have been recorded in Nigeria on 08 December 2025 as a result of Non-International armed conflict (NIAC). This figure might be preliminary. IOM DTM - Nigeria - 13 February 2026",,Conflict
240289,Nigeria,NGA,11.4499473,14.0506762,"[11.4499473, 14.0506762]",Recommended figure,Conflict,total,31,2025-12-08,2025-12-08,2025-12-08,2025,33604,Nigeria: Non-International armed conflict (NIAC) - Borno - 2025,,,2025-01-01,2025-12-31,,,,,,IOM DTM - Nigeria,,"Bama, Borno, Nigeria; Yabiri Kura/Yabiri Gana/Chongolo, Bama, Borno, Nigeria","11.51319, 14.02445; 11.3867046, 14.0769024",County/City/town/Village/Woreda (ADM3); County/City/town/Village/Woreda (ADM3),Destination; Origin,Displacement without preventive evacuations reported,2026-02-19T17:46:18.369082Z,"Nigeria: 31 displacements, 08 December - 08 December. According to IOM DTM, 31 new internal displacements have been recorded in Nigeria on 08 December 2025 as a result of Non-International armed conflict (NIAC). This figure might be preliminary. IOM DTM - Nigeria - 13 February 2026",,Conflict
240309,Nigeria,NGA,9.52515935,11.906736200000001,"[9.52515935, 11.906736200000001]",Triangulation,Conflict,total,72,2025-12-08,2025-12-08,2025-12-08,2025,40118,Nigeria: Communal violence - Adamawa - 01/12/2025,COMMUNAL_VIOLENCE,Local Identifier,2025-12-01,2025-12-31,,,,,,IOM DTM - Nigeria,,"Lamurde, Larmurde, Adamawa State, Nigeria; Sabon Pegi, Numan, Adamawa, Nigeria","9.6072357, 11.7930477; 9.443083, 12.0204247",County/City/town/Village/Woreda (ADM3); County/City/town/Village/Woreda (ADM3),Origin; Destination,Displacement without preventive evacuations reported,2026-02-19T17:46:22.278883Z,"Nigeria: 72 displacements, 08 December - 08 December. According to IOM DTM, 72 new internal displacements have been recorded in Nigeria on 08 December 2025 as a result of Communal violence. This figure might be preliminary. IOM DTM - Nigeria - 13 February 2026",,Conflict
238868,Nigeria,NGA,9.269162399999999,11.1730615,"[9.269162399999999, 11.1730615]",Recommended figure,Conflict,total,305,2025-12-08,2025-12-07,2025-12-08,2025,40117,Nigeria: Communal violence - Taraba - 01/12/2025,COMMUNAL_VIOLENCE,Local Identifier,2025-12-01,2025-12-31,,,,,,IOM DTM - Nigeria,,"Karim ""A"", Karim Lamido, Taraba, Nigeria","9.269162399999999, 11.1730615",County/City/town/Village/Woreda (ADM3),Origin and destination,Displacement without preventive evacuations reported,2026-02-19T10:21:35.918917Z,"Nigeria: 305 displacements, 07 December - 08 December. According to IOM DTM, 305 new internal displacements have been recorded in Nigeria between 07 December 2025 and 08 December 2025 as a result of Communal violence. This figure might be preliminary. IOM DTM - Nigeria - 03 December 2025",,Conflict
240290,Nigeria,NGA,10.65297285,12.29529805,"[10.65297285, 12.29529805]",Recommended figure,Conflict,total,7,2025-12-07,2025-12-07,2025-12-07,2025,33604,Nigeria: Non-International armed conflict (NIAC) - Borno - 2025,,,2025-01-01,2025-12-31,,,,,,IOM DTM - Nigeria,,"Mandara Girau, Biu Emirate, Borno, Nigeria; Yawi, Biu, Borno State, Nigeria","10.7096776, 12.3692982; 10.5962681, 12.2212979",County/City/town/Village/Woreda (ADM3); County/City/town/Village/Woreda (ADM3),Origin; Destination,Displacement without preventive evacuations reported,2026-02-19T17:46:18.417528Z,"Nigeria: 7 displacements, 07 December - 07 December. According to IOM DTM, 7 new internal displacements have been recorded in Nigeria on 07 December 2025 as a result of Non-International armed conflict (NIAC). This figure might be preliminary. IOM DTM - Nigeria - 13 February 2026",,Conflict
238864,Nigeria,NGA,9.269162399999999,11.1730615,"[9.269162399999999, 11.1730615]",Recommended figure,Conflict,total,250,2025-12-07,2025-12-06,2025-12-07,2025,40117,Nigeria: Communal violence - Taraba - 01/12/2025,COMMUNAL_VIOLENCE,Local Identifier,2025-12-01,2025-12-31,,,,,,IOM DTM - Nigeria,,"Karim ""A"", Karim Lamido, Taraba, Nigeria","9.269162399999999, 11.1730615",County/City/town/Village/Woreda (ADM3),Origin and destination,Displacement without preventive evacuations reported,2026-02-19T10:21:35.730175Z,"Nigeria: 250 displacements, 06 December - 07 December. According to IOM DTM, 250 new internal displacements have been recorded in Nigeria between 06 December 2025 and 07 December 2025 as a result of Communal violence. This figure might be preliminary. IOM DTM - Nigeria - 03 December 2025",,Conflict
238865,Nigeria,NGA,9.3099466,11.2637155,"[9.3099466, 11.2637155]",Recommended figure,Conflict,total,238,2025-12-06,2025-12-06,2025-12-06,2025,40117,Nigeria: Communal violence - Taraba - 01/12/2025,COMMUNAL_VIOLENCE,Local Identifier,2025-12-01,2025-12-31,,,,,,IOM DTM - Nigeria,,"Karim ""B"", Karim Lamido, Taraba, Nigeria","9.3099466, 11.2637155",County/City/town/Village/Woreda (ADM3),Origin and destination,Displacement without preventive evacuations reported,2026-02-19T10:21:35.772589Z,"Nigeria: 238 displacements, 06 December - 06 December. According to IOM DTM, 238 new internal displacements have been recorded in Nigeria between 06 December 2025 and 06 December 2025 as a result of Communal violence. This figure might be preliminary. IOM DTM - Nigeria - 03 December 2025",,Conflict
240291,Nigeria,NGA,10.76641185,12.79213025,"[10.76641185, 12.79213025]",Recommended figure,Conflict,total,7,2025-12-05,2025-12-05,2025-12-05,2025,33604,Nigeria: Non-International armed conflict (NIAC) - Borno - 2025,,,2025-01-01,2025-12-31,,,,,,IOM DTM - Nigeria,,"Mbalala, Chibok, Borno State, Nigeria; Shikarkir, Chibok, Borno, Nigeria","10.7612105, 12.8362706; 10.7716132, 12.7479899",County/City/town/Village/Woreda (ADM3); County/City/town/Village/Woreda (ADM3),Destination; Origin,Displacement without preventive evacuations reported,2026-02-19T17:46:18.466244Z,"Nigeria: 7 displacements, 05 December - 05 December. According to IOM DTM, 7 new internal displacements have been recorded in Nigeria on 05 December 2025 as a result of Non-International armed conflict (NIAC). This figure might be preliminary. IOM DTM - Nigeria - 13 February 2026",,Conflict
240288,Nigeria,NGA,11.167641199999998,13.577739650000002,"[11.167641199999998, 13.577739650000002]",Recommended figure,Conflict,total,5,2025-12-05,2025-12-05,2025-12-05,2025,33604,Nigeria: Non-International armed conflict (NIAC) - Borno - 2025,,,2025-01-01,2025-12-31,,,,,,IOM DTM - Nigeria,,"Kawuri, Konduga, Borno State, Nigeria; Wula, Madagali, Adamawa, Nigeria","11.5735219, 13.5365715; 10.7617605, 13.6189078",County/City/town/Village/Woreda (ADM3); County/City/town/Village/Woreda (ADM3),Origin; Destination,Displacement without preventive evacuations reported,2026-02-19T17:46:18.305585Z,"Nigeria: 5 displacements, 05 December - 05 December. According to IOM DTM, 5 new internal displacements have been recorded in Nigeria on 05 December 2025 as a result of Non-International armed conflict (NIAC). This figure might be preliminary. IOM DTM - Nigeria - 13 February 2026",,Conflict
238859,Nigeria,NGA,9.2564399,11.27800195,"[9.2564399, 11.27800195]",Recommended figure,Conflict,total,116,2025-12-06,2025-12-04,2025-12-06,2025,40117,Nigeria: Communal violence - Taraba - 01/12/2025,COMMUNAL_VIOLENCE,Local Identifier,2025-12-01,2025-12-31,,,,,,IOM DTM - Nigeria,,"Karim ""B"", Karim Lamido, Taraba, Nigeria; Lau, Lau, Taraba, Nigeria","9.3099466, 11.2637155; 9.2029332, 11.2922884",County/City/town/Village/Woreda (ADM3); County/City/town/Village/Woreda (ADM3),Origin; Destination,Displacement without preventive evacuations reported,2026-02-19T10:21:32.888942Z,"Nigeria: 116 displacements, 04 December - 06 December. According to IOM DTM, 116 new internal displacements have been recorded in Nigeria between 04 December 2025 and 06 December 2025 as a result of Communal violence. This figure might be preliminary. IOM DTM - Nigeria - 03 December 2025",,Conflict
238862,Nigeria,NGA,9.21409345,11.10686905,"[9.21409345, 11.10686905]",Recommended figure,Conflict,total,580,2025-12-06,2025-12-04,2025-12-06,2025,40117,Nigeria: Communal violence - Taraba - 01/12/2025,COMMUNAL_VIOLENCE,Local Identifier,2025-12-01,2025-12-31,,,,,,IOM DTM - Nigeria,,"Didango, Karim Lamido, Taraba State, Nigeria; Karim ""A"", Karim Lamido, Taraba, Nigeria","9.1590245, 11.0406766; 9.269162399999999, 11.1730615",County/City/town/Village/Woreda (ADM3); County/City/town/Village/Woreda (ADM3),Destination; Origin,Displacement without preventive evacuations reported,2026-02-19T10:21:33.030011Z,"Nigeria: 580 displacements, 04 December - 06 December. According to IOM DTM, 580 new internal displacements have been recorded in Nigeria between 04 December 2025 and 06 December 2025 as a result of Communal violence. This figure might be preliminary. IOM DTM - Nigeria - 03 December 2025",,Conflict
240279,Nigeria,NGA,12.8930085,12.1205866,"[12.8930085, 12.1205866]",Recommended figure,Conflict,total,312,2025-12-04,2025-12-04,2025-12-04,2025,33607,Nigeria: Non-International armed conflict (NIAC) - Yobe - 2025,,,2025-01-01,2025-12-31,,,,,,IOM DTM - Nigeria,,"Dejina/Fukurti, Geidam, Yobe, Nigeria; Hausari, Geidam, Yobe, Nigeria","12.9033127, 12.3234816; 12.8827043, 11.9176916",County/City/town/Village/Woreda (ADM3); County/City/town/Village/Woreda (ADM3),Origin; Destination,Displacement without preventive evacuations reported,2026-02-19T17:46:17.883939Z,"Nigeria: 312 displacements, 04 December - 04 December. According to IOM DTM, 312 new internal displacements have been recorded in Nigeria on 04 December 2025 as a result of Non-International armed conflict (NIAC). This figure might be preliminary. IOM DTM - Nigeria - 13 February 2026",,Conflict
240277,Nigeria,NGA,10.656465050000001,13.150390699999999,"[10.656465050000001, 13.150390699999999]",Recommended figure,Conflict,total,35,2025-12-04,2025-12-04,2025-12-04,2025,33604,Nigeria: Non-International armed conflict (NIAC) - Borno - 2025,,,2025-01-01,2025-12-31,,,,,,IOM DTM - Nigeria,,"Husara / Tampul, Askira/Uba, Borno, Nigeria; Mussa, Askira-Uba, Borno State, Nigeria","10.5757866, 13.2086442; 10.7371435, 13.0921372",County/City/town/Village/Woreda (ADM3); County/City/town/Village/Woreda (ADM3),Destination; Origin,Displacement without preventive evacuations reported,2026-02-19T17:46:17.781552Z,"Nigeria: 35 displacements, 04 December - 04 December. According to IOM DTM, 35 new internal displacements have been recorded in Nigeria on 04 December 2025 as a result of Non-International armed conflict (NIAC). This figure might be preliminary. IOM DTM - Nigeria - 13 February 2026",,Conflict
240278,Nigeria,NGA,12.947973699999999,12.013874699999999,"[12.947973699999999, 12.013874699999999]",Recommended figure,Conflict,total,364,2025-12-04,2025-12-04,2025-12-04,2025,33607,Nigeria: Non-International armed conflict (NIAC) - Yobe - 2025,,,2025-01-01,2025-12-31,,,,,,IOM DTM - Nigeria,,"Asheikri, Geidam, Yobe, Nigeria; Bultuwa, Yunusari, Yobe, Nigeria","12.9312393, 11.9690458; 12.9647081, 12.0587036",County/City/town/Village/Woreda (ADM3); County/City/town/Village/Woreda (ADM3),Destination; Origin,Displacement without preventive evacuations reported,2026-02-19T17:46:17.832060Z,"Nigeria: 364 displacements, 04 December - 04 December. According to IOM DTM, 364 new internal displacements have been recorded in Nigeria on 04 December 2025 as a result of Non-International armed conflict (NIAC). This figure might be preliminary. IOM DTM - Nigeria - 13 February 2026",,Conflict
240297,Nigeria,NGA,12.500642899999999,12.855417849999998,"[12.500642899999999, 12.855417849999998]",Recommended figure,Conflict,total,38,2025-12-04,2025-12-04,2025-12-04,2025,33604,Nigeria: Non-International armed conflict (NIAC) - Borno - 2025,,,2025-01-01,2025-12-31,,,,,,IOM DTM - Nigeria,,"Gobio 1, Gubio, Borno, Nigeria; Kingowa, Gubio, Borno State, Nigeria","12.39794, 12.83119; 12.6033458, 12.8796457",County/City/town/Village/Woreda (ADM3); County/City/town/Village/Woreda (ADM3),Destination; Origin,Displacement without preventive evacuations reported,2026-02-19T17:46:18.787896Z,"Nigeria: 38 displacements, 04 December - 04 December. According to IOM DTM, 38 new internal displacements have been recorded in Nigeria on 04 December 2025 as a result of Non-International armed conflict (NIAC). This figure might be preliminary. IOM DTM - Nigeria - 13 February 2026",,Conflict
240267,Nigeria,NGA,10.2300928,12.9262851,"[10.2300928, 12.9262851]",Recommended figure,Conflict,total,24,2025-12-04,2025-12-04,2025-12-04,2025,33602,Nigeria: Non-International armed conflict (NIAC) - Adamawa - 2025,,,2025-01-01,2025-12-31,,,,,,IOM DTM - Nigeria,,"Hong, Hong, Adamawa, Nigeria","10.2300928, 12.9262851",County/City/town/Village/Woreda (ADM3),Origin and destination,Displacement without preventive evacuations reported,2026-02-19T17:13:55.136854Z,"Nigeria: 24 displacements, 04 December - 04 December. According to IOM DTM, 24 new internal displacements have been recorded in Nigeria on 04 December 2025 as a result of Non-International armed conflict (NIAC). This figure might be preliminary. IOM DTM - Nigeria - 13 February 2026",,Conflict
240274,Nigeria,NGA,12.80388035,12.1817622,"[12.80388035, 12.1817622]",Recommended figure,Conflict,total,184,2025-12-04,2025-12-04,2025-12-04,2025,33607,Nigeria: Non-International armed conflict (NIAC) - Yobe - 2025,,,2025-01-01,2025-12-31,,,,,,IOM DTM - Nigeria,,"Futchimiram, Geidam, Yobe, Nigeria; Kawuri, Geidam, Yobe, Nigeria","12.726629, 12.4115994; 12.8811317, 11.951925",County/City/town/Village/Woreda (ADM3); County/City/town/Village/Woreda (ADM3),Origin; Destination,Displacement without preventive evacuations reported,2026-02-19T17:13:55.468096Z,"Nigeria: 184 displacements, 04 December - 04 December. According to IOM DTM, 184 new internal displacements have been recorded in Nigeria on 04 December 2025 as a result of Non-International armed conflict (NIAC). This figure might be preliminary. IOM DTM - Nigeria - 13 February 2026",,Conflict
240263,Nigeria,NGA,11.51319,14.02445,"[11.51319, 14.02445]",Recommended figure,Conflict,total,17,2025-12-03,2025-12-03,2025-12-03,2025,33604,Nigeria: Non-International armed conflict (NIAC) - Borno - 2025,,,2025-01-01,2025-12-31,,,,,,IOM DTM - Nigeria,,"Bama, Borno, Nigeria","11.51319, 14.02445",County/City/town/Village/Woreda (ADM3),Origin and destination,Displacement without preventive evacuations reported,2026-02-19T17:13:54.927974Z,"Nigeria: 17 displacements, 03 December - 03 December. According to IOM DTM, 17 new internal displacements have been recorded in Nigeria on 03 December 2025 as a result of Non-International armed conflict (NIAC). This figure might be preliminary. IOM DTM - Nigeria - 13 February 2026",,Conflict
240269,Nigeria,NGA,11.251204399999999,11.90372945,"[11.251204399999999, 11.90372945]",Recommended figure,Conflict,total,15,2025-12-03,2025-12-03,2025-12-03,2025,33607,Nigeria: Non-International armed conflict (NIAC) - Yobe - 2025,,,2025-01-01,2025-12-31,,,,,,IOM DTM - Nigeria,,"Bara, Gulani, Yobe, Nigeria; Gujba, Gujba, Yobe State, Nigeria","11.0028188, 11.8734989; 11.49959, 11.93396",County/City/town/Village/Woreda (ADM3); County/City/town/Village/Woreda (ADM3),Destination; Origin,Displacement without preventive evacuations reported,2026-02-19T17:13:55.227615Z,"Nigeria: 15 displacements, 03 December - 03 December. According to IOM DTM, 15 new internal displacements have been recorded in Nigeria on 03 December 2025 as a result of Non-International armed conflict (NIAC). This figure might be preliminary. IOM DTM - Nigeria - 13 February 2026",,Conflict
240280,Nigeria,NGA,10.9653791,13.26923455,"[10.9653791, 13.26923455]",Recommended figure,Conflict,total,41,2025-12-03,2025-12-03,2025-12-03,2025,33604,Nigeria: Non-International armed conflict (NIAC) - Borno - 2025,,,2025-01-01,2025-12-31,,,,,,IOM DTM - Nigeria,,"Dalori / Wanori, Konduga, Borno, Nigeria; Mugulbu/ Yadafa, Mubi South, Adamawa, Nigeria","11.7523766, 13.2836641; 10.1783816, 13.254805",County/City/town/Village/Woreda (ADM3); County/City/town/Village/Woreda (ADM3),Origin; Destination,Displacement without preventive evacuations reported,2026-02-19T17:46:17.930887Z,"Nigeria: 41 displacements, 03 December - 03 December. According to IOM DTM, 41 new internal displacements have been recorded in Nigeria on 03 December 2025 as a result of Non-International armed conflict (NIAC). This figure might be preliminary. IOM DTM - Nigeria - 13 February 2026",,Conflict
240268,Nigeria,NGA,10.7712478,11.6546921,"[10.7712478, 11.6546921]",Recommended figure,Conflict,total,72,2025-12-03,2025-12-03,2025-12-03,2025,40232,Nigeria: Communal violence - Yobe - 01/12/2025,COMMUNAL_VIOLENCE,Local Identifier,2025-12-01,2025-12-31,,,,,,IOM DTM - Nigeria,,"Garin Tuwo, Gulani, Yobe, Nigeria","10.7712478, 11.6546921",County/City/town/Village/Woreda (ADM3),Origin and destination,Displacement without preventive evacuations reported,2026-02-19T17:13:55.184586Z,"Nigeria: 72 displacements, 03 December - 03 December. According to IOM DTM, 72 new internal displacements have been recorded in Nigeria on 03 December 2025 as a result of Communal violence. This figure might be preliminary. IOM DTM - Nigeria - 13 February 2026",,Conflict
238192,Nigeria,NGA,12.193788300000001,7.45272475,"[12.193788300000001, 7.45272475]",Recommended figure,Conflict,total,179,2025-12-03,2025-12-02,2025-12-03,2025,40134,Nigeria: Crime-related violence - Katsina - 01/12/2025,CRIME_RELATED,Local Identifier,2025-12-01,2025-12-31,,,,,,IOM DTM - Nigeria,,"Yantumaki B, Dan Musa, Katsina, Nigeria; Yan Tumaki, Yantumaki A, Dan Musa, Katsina State, Nigeria","12.1891166, 7.427319499999999; 12.19846, 7.47813",County/City/town/Village/Woreda (ADM3); County/City/town/Village/Woreda (ADM3),Origin; Destination,Displacement without preventive evacuations reported,2026-02-19T09:20:44.325090Z,"Nigeria: 179 displacements, 02 December - 03 December. According to IOM DTM, 179 new internal displacements have been recorded in Nigeria between 02 December 2025 and 03 December 2025 as a result of Crime-related violence. This figure might be preliminary. IOM DTM - Nigeria - 03 December 2025",,Conflict
240270,Nigeria,NGA,9.50452,11.65438,"[9.50452, 11.65438]",Recommended figure,Conflict,total,16,2025-12-02,2025-12-02,2025-12-02,2025,40118,Nigeria: Communal violence - Adamawa - 01/12/2025,COMMUNAL_VIOLENCE,Local Identifier,2025-12-01,2025-12-31,,,,,,IOM DTM - Nigeria,,"Waduku, Larmurde, Adamawa, Nigeria","9.50452, 11.65438",County/City/town/Village/Woreda (ADM3),Origin and destination,Displacement without preventive evacuations reported,2026-02-19T17:13:55.275201Z,"Nigeria: 16 displacements, 02 December - 02 December. According to IOM DTM, 16 new internal displacements have been recorded in Nigeria on 02 December 2025 as a result of Communal violence. This figure might be preliminary. IOM DTM - Nigeria - 13 February 2026",,Conflict
240271,Nigeria,NGA,9.5741569,11.7610483,"[9.5741569, 11.7610483]",Recommended figure,Conflict,total,21,2025-12-02,2025-12-02,2025-12-02,2025,40118,Nigeria: Communal violence - Adamawa - 01/12/2025,COMMUNAL_VIOLENCE,Local Identifier,2025-12-01,2025-12-31,,,,,,IOM DTM - Nigeria,,"Rigange primary heath center, Lafia, Larmurde, Adamawa State, Nigeria","9.5741569, 11.7610483",County/City/town/Village/Woreda (ADM3),Origin and destination,Displacement without preventive evacuations reported,2026-02-19T17:13:55.315621Z,"Nigeria: 21 displacements, 02 December - 02 December. According to IOM DTM, 21 new internal displacements have been recorded in Nigeria on 02 December 2025 as a result of Communal violence. This figure might be preliminary. IOM DTM - Nigeria - 13 February 2026",,Conflict
240273,Nigeria,NGA,10.073799999999999,13.018275,"[10.073799999999999, 13.018275]",Recommended figure,Conflict,total,62,2025-12-02,2025-12-02,2025-12-02,2025,33602,Nigeria: Non-International armed conflict (NIAC) - Adamawa - 2025,,,2025-01-01,2025-12-31,,,,,,IOM DTM - Nigeria,,"Madagali, Madagali, Adamawa, Nigeria; Yola South, Adamawa, Nigeria","10.88942, 13.62832; 9.25818, 12.40823",County/City/town/Village/Woreda (ADM3); County/City/town/Village/Woreda (ADM3),Origin; Destination,Displacement without preventive evacuations reported,2026-02-19T17:13:55.408079Z,"Nigeria: 62 displacements, 02 December - 02 December. According to IOM DTM, 62 new internal displacements have been recorded in Nigeria on 02 December 2025 as a result of Non-International armed conflict (NIAC). This figure might be preliminary. IOM DTM - Nigeria - 13 February 2026",,Conflict
240276,Nigeria,NGA,10.119627999999999,13.05180705,"[10.119627999999999, 13.05180705]",Recommended figure,Conflict,total,12,2025-12-02,2025-12-02,2025-12-02,2025,33602,Nigeria: Non-International armed conflict (NIAC) - Adamawa - 2025,,,2025-01-01,2025-12-31,,,,,,IOM DTM - Nigeria,,"K/Wuro Ngayandi, Madagali, Adamawa, Nigeria; Nassarawo, Fufore, Adamawa State, Nigeria","10.789256, 13.3702811; 9.45, 12.733333",County/City/town/Village/Woreda (ADM3); County/City/town/Village/Woreda (ADM3),Origin; Destination,Displacement without preventive evacuations reported,2026-02-19T17:46:17.727982Z,"Nigeria: 12 displacements, 02 December - 02 December. According to IOM DTM, 12 new internal displacements have been recorded in Nigeria on 02 December 2025 as a result of Non-International armed conflict (NIAC). This figure might be preliminary. IOM DTM - Nigeria - 13 February 2026",,Conflict
240283,Nigeria,NGA,10.535072150000001,13.33274535,"[10.535072150000001, 13.33274535]",Recommended figure,Conflict,total,9,2025-12-02,2025-12-02,2025-12-02,2025,33602,Nigeria: Non-International armed conflict (NIAC) - Adamawa - 2025,,,2025-01-01,2025-12-31,,,,,,IOM DTM - Nigeria,,"K/Wuro Ngayandi, Madagali, Adamawa, Nigeria; Lokuwa, Mubi North, Adamawa, Nigeria","10.789256, 13.3702811; 10.2808883, 13.2952096",County/City/town/Village/Woreda (ADM3); County/City/town/Village/Woreda (ADM3),Origin; Destination,Displacement without preventive evacuations reported,2026-02-19T17:46:18.060666Z,"Nigeria: 9 displacements, 02 December - 02 December. According to IOM DTM, 9 new internal displacements have been recorded in Nigeria on 02 December 2025 as a result of Non-International armed conflict (NIAC). This figure might be preliminary. IOM DTM - Nigeria - 13 February 2026",,Conflict
240266,Nigeria,NGA,10.4606914,13.210417549999999,"[10.4606914, 13.210417549999999]",Recommended figure,Conflict,total,96,2025-12-02,2025-12-02,2025-12-02,2025,33602,Nigeria: Non-International armed conflict (NIAC) - Adamawa - 2025,,,2025-01-01,2025-12-31,,,,,,IOM DTM - Nigeria,,"Hong, Hong, Adamawa, Nigeria; Palam, Madagali, Adamawa","10.2300928, 12.9262851; 10.69129, 13.49455",County/City/town/Village/Woreda (ADM3); County/City/town/Village/Woreda (ADM3),Destination; Origin,Displacement without preventive evacuations reported,2026-02-19T17:13:55.088822Z,"Nigeria: 96 displacements, 02 December - 02 December. According to IOM DTM, 96 new internal displacements have been recorded in Nigeria on 02 December 2025 as a result of Non-International armed conflict (NIAC). This figure might be preliminary. IOM DTM - Nigeria - 13 February 2026",,Conflict
240265,Nigeria,NGA,11.080310699999998,11.89967395,"[11.080310699999998, 11.89967395]",Recommended figure,Conflict,total,72,2025-12-02,2025-12-02,2025-12-02,2025,33607,Nigeria: Non-International armed conflict (NIAC) - Yobe - 2025,,,2025-01-01,2025-12-31,,,,,,IOM DTM - Nigeria,,"Bumsa, Gulani, Yobe, Nigeria; Bunigari/Lawanti, Gujba, Yobe, Nigeria","11.0157441, 11.7732129; 11.1448773, 12.026135",County/City/town/Village/Woreda (ADM3); County/City/town/Village/Woreda (ADM3),Destination; Origin,Displacement without preventive evacuations reported,2026-02-19T17:13:55.039467Z,"Nigeria: 72 displacements, 02 December - 02 December. According to IOM DTM, 72 new internal displacements have been recorded in Nigeria on 02 December 2025 as a result of Non-International armed conflict (NIAC). This figure might be preliminary. IOM DTM - Nigeria - 13 February 2026",,Conflict
240262,Nigeria,NGA,11.23843745,11.76032835,"[11.23843745, 11.76032835]",Recommended figure,Conflict,total,108,2025-12-02,2025-12-02,2025-12-02,2025,33607,Nigeria: Non-International armed conflict (NIAC) - Yobe - 2025,,,2025-01-01,2025-12-31,,,,,,IOM DTM - Nigeria,,"Gujba, Gujba, Yobe State, Nigeria; Njibulwa, Gulani, Yobe, Nigeria","11.49959, 11.93396; 10.9772849, 11.5866967",County/City/town/Village/Woreda (ADM3); County/City/town/Village/Woreda (ADM3),Origin; Destination,Displacement without preventive evacuations reported,2026-02-19T17:13:54.881290Z,"Nigeria: 108 displacements, 02 December - 02 December. According to IOM DTM, 108 new internal displacements have been recorded in Nigeria on 02 December 2025 as a result of Non-International armed conflict (NIAC). This figure might be preliminary. IOM DTM - Nigeria - 13 February 2026",,Conflict
240261,Nigeria,NGA,11.7842685,12.9748032,"[11.7842685, 12.9748032]",Recommended figure,Conflict,total,166,2025-12-02,2025-12-02,2025-12-02,2025,33604,Nigeria: Non-International armed conflict (NIAC) - Borno - 2025,,,2025-01-01,2025-12-31,,,,,,IOM DTM - Nigeria,,"Babangida, Tarmua, Yobe, Nigeria; Yabiri Kura/Yabiri Gana/Chongolo, Bama, Borno, Nigeria","12.1818324, 11.872704; 11.3867046, 14.0769024",County/City/town/Village/Woreda (ADM3); County/City/town/Village/Woreda (ADM3),Destination; Origin,Displacement without preventive evacuations reported,2026-02-19T17:13:54.831695Z,"Nigeria: 166 displacements, 02 December - 02 December. According to IOM DTM, 166 new internal displacements have been recorded in Nigeria on 02 December 2025 as a result of Non-International armed conflict (NIAC). This figure might be preliminary. IOM DTM - Nigeria - 13 February 2026",,Conflict
240260,Nigeria,NGA,12.2511862,11.990157,"[12.2511862, 11.990157]",Recommended figure,Conflict,total,646,2025-12-02,2025-12-02,2025-12-02,2025,33607,Nigeria: Non-International armed conflict (NIAC) - Yobe - 2025,,,2025-01-01,2025-12-31,,,,,,IOM DTM - Nigeria,,"Babangida, Tarmua, Yobe, Nigeria; Mafa, Tarmua, Yobe State, Nigeria","12.1818324, 11.872704; 12.32054, 12.10761",County/City/town/Village/Woreda (ADM3); County/City/town/Village/Woreda (ADM3),Destination; Origin,Displacement without preventive evacuations reported,2026-02-19T17:13:54.775025Z,"Nigeria: 646 displacements, 02 December - 02 December. According to IOM DTM, 646 new internal displacements have been recorded in Nigeria on 02 December 2025 as a result of Non-International armed conflict (NIAC). This figure might be preliminary. IOM DTM - Nigeria - 13 February 2026",,Conflict
240259,Nigeria,NGA,10.7965351,13.32985895,"[10.7965351, 13.32985895]",Recommended figure,Conflict,total,16,2025-12-02,2025-12-02,2025-12-02,2025,33604,Nigeria: Non-International armed conflict (NIAC) - Borno - 2025,,,2025-01-01,2025-12-31,,,,,,IOM DTM - Nigeria,,"Kopa / Multhafu, Borno, Nigeria; K/Wuro Ngayandi, Madagali, Adamawa, Nigeria","10.8038142, 13.2894368; 10.789256, 13.3702811",County/City/town/Village/Woreda (ADM3); County/City/town/Village/Woreda (ADM3),Origin; Destination,Displacement without preventive evacuations reported,2026-02-19T17:13:54.724318Z,"Nigeria: 16 displacements, 02 December - 02 December. According to IOM DTM, 16 new internal displacements have been recorded in Nigeria on 02 December 2025 as a result of Non-International armed conflict (NIAC). This figure might be preliminary. IOM DTM - Nigeria - 13 February 2026",,Conflict
240258,Nigeria,NGA,10.68870085,13.129275150000002,"[10.68870085, 13.129275150000002]",Recommended figure,Conflict,total,23,2025-12-02,2025-12-02,2025-12-02,2025,33604,Nigeria: Non-International armed conflict (NIAC) - Borno - 2025,,,2025-01-01,2025-12-31,,,,,,IOM DTM - Nigeria,,"Mbalala, Chibok, Borno State, Nigeria; Moda / Dlaka / Ghenjuwa, Michika, Adamawa, Nigeria","10.7612105, 12.8362706; 10.6161912, 13.4222797",County/City/town/Village/Woreda (ADM3); County/City/town/Village/Woreda (ADM3),Origin; Destination,Displacement without preventive evacuations reported,2026-02-19T17:13:54.673578Z,"Nigeria: 23 displacements, 02 December - 02 December. According to IOM DTM, 23 new internal displacements have been recorded in Nigeria on 02 December 2025 as a result of Non-International armed conflict (NIAC). This figure might be preliminary. IOM DTM - Nigeria - 13 February 2026",,Conflict
240255,Nigeria,NGA,10.81817475,13.2091244,"[10.81817475, 13.2091244]",Recommended figure,Conflict,total,7,2025-12-02,2025-12-02,2025-12-02,2025,33604,Nigeria: Non-International armed conflict (NIAC) - Borno - 2025,,,2025-01-01,2025-12-31,,,,,,IOM DTM - Nigeria,,"Chibok Garu, Chibok, Borno, Nigeria; Shelmi / Sukur/ Vapura, Madagali, Adamawa, Nigeria","10.8552335, 12.8629885; 10.781116, 13.5552603",County/City/town/Village/Woreda (ADM3); County/City/town/Village/Woreda (ADM3),Origin; Destination,Displacement without preventive evacuations reported,2026-02-19T17:13:54.519970Z,"Nigeria: 7 displacements, 02 December - 02 December. According to IOM DTM, 7 new internal displacements have been recorded in Nigeria on 02 December 2025 as a result of Non-International armed conflict (NIAC). This figure might be preliminary. IOM DTM - Nigeria - 13 February 2026",,Conflict
240254,Nigeria,NGA,11.51319,14.02445,"[11.51319, 14.02445]",Recommended figure,Conflict,total,36,2025-12-02,2025-12-02,2025-12-02,2025,33604,Nigeria: Non-International armed conflict (NIAC) - Borno - 2025,,,2025-01-01,2025-12-31,,,,,,IOM DTM - Nigeria,,"Bama, Borno, Nigeria","11.51319, 14.02445",County/City/town/Village/Woreda (ADM3),Origin and destination,Displacement without preventive evacuations reported,2026-02-19T17:13:54.467620Z,"Nigeria: 36 displacements, 02 December - 02 December. According to IOM DTM, 36 new internal displacements have been recorded in Nigeria on 02 December 2025 as a result of Non-International armed conflict (NIAC). This figure might be preliminary. IOM DTM - Nigeria - 13 February 2026",,Conflict
240275,Nigeria,NGA,10.81420465,8.48475115,"[10.81420465, 8.48475115]",Recommended figure,Conflict,total,21,2025-12-01,2025-12-01,2025-12-01,2025,40239,Nigeria: Non-International armed conflict (NIAC) - Kebbi - 2025,UNKNOWN_NIAC,Local Identifier,2025-01-01,2025-12-31,,,,,,IOM DTM - Nigeria,,"Kambaza, Gwandu, Kebbi State, Nigeria; Yola North, Adamawa, Nigeria","12.4546902, 4.5543688; 9.1737191, 12.4151335",County/City/town/Village/Woreda (ADM3); County/City/town/Village/Woreda (ADM3),Origin; Destination,Displacement without preventive evacuations reported,2026-02-19T17:13:55.538352Z,"Nigeria: 21 displacements, 01 December - 01 December. According to IOM DTM, 21 new internal displacements have been recorded in Nigeria on 01 December 2025 as a result of Non-International armed conflict (NIAC). This figure might be preliminary. IOM DTM - Nigeria - 13 February 2026",,Conflict
240272,Nigeria,NGA,10.16267435,12.04394695,"[10.16267435, 12.04394695]",Recommended figure,Conflict,total,52,2025-12-01,2025-12-01,2025-12-01,2025,33604,Nigeria: Non-International armed conflict (NIAC) - Borno - 2025,,,2025-01-01,2025-12-31,,,,,,IOM DTM - Nigeria,,"Guyuk, Adamawa State, Nigeria; Marama Kidang, Hawul, Borno State, Nigeria","9.909171, 11.9337812; 10.4161777, 12.1541127",County/City/town/Village/Woreda (ADM3); County/City/town/Village/Woreda (ADM3),Destination; Origin,Displacement without preventive evacuations reported,2026-02-19T17:13:55.358733Z,"Nigeria: 52 displacements, 01 December - 01 December. According to IOM DTM, 52 new internal displacements have been recorded in Nigeria on 01 December 2025 as a result of Non-International armed conflict (NIAC). This figure might be preliminary. IOM DTM - Nigeria - 13 February 2026",,Conflict
240253,Nigeria,NGA,10.669044450000001,13.0186809,"[10.669044450000001, 13.0186809]",Recommended figure,Conflict,total,19,2025-12-01,2025-12-01,2025-12-01,2025,33604,Nigeria: Non-International armed conflict (NIAC) - Borno - 2025,,,2025-01-01,2025-12-31,,,,,,IOM DTM - Nigeria,,"Pemi, Chibok, Borno State, Nigeria; Wamdeo Giwi, Askira-Uba, Borno State, Nigeria","10.78477, 12.94045; 10.5533189, 13.0969118",County/City/town/Village/Woreda (ADM3); County/City/town/Village/Woreda (ADM3),Origin; Destination,Displacement without preventive evacuations reported,2026-02-19T17:13:54.420103Z,"Nigeria: 19 displacements, 01 December - 01 December. According to IOM DTM, 19 new internal displacements have been recorded in Nigeria on 01 December 2025 as a result of Non-International armed conflict (NIAC). This figure might be preliminary. IOM DTM - Nigeria - 13 February 2026",,Conflict
240252,Nigeria,NGA,11.0523188,12.62026605,"[11.0523188, 12.62026605]",Recommended figure,Conflict,total,22,2025-12-01,2025-12-01,2025-12-01,2025,33604,Nigeria: Non-International armed conflict (NIAC) - Borno - 2025,,,2025-01-01,2025-12-31,,,,,,IOM DTM - Nigeria,,"Azur/Multe/Forfor, Damboa, Borno, Nigeria; Damboa, Damboa, Borno, Nigeria","10.9485533, 12.4839212; 11.1560843, 12.7566109",County/City/town/Village/Woreda (ADM3); County/City/town/Village/Woreda (ADM3),Origin; Destination,Displacement without preventive evacuations reported,2026-02-19T17:13:54.368190Z,"Nigeria: 22 displacements, 01 December - 01 December. According to IOM DTM, 22 new internal displacements have been recorded in Nigeria on 01 December 2025 as a result of Non-International armed conflict (NIAC). This figure might be preliminary. IOM DTM - Nigeria - 13 February 2026",,Conflict
240287,Nigeria,NGA,9.65099,12.97084,"[9.65099, 12.97084]",Recommended figure,Conflict,total,63,2025-12-01,2025-12-01,2025-12-01,2025,33602,Nigeria: Non-International armed conflict (NIAC) - Adamawa - 2025,,,2025-01-01,2025-12-31,,,,,,IOM DTM - Nigeria,,"Adamawa, Nigeria","9.65099, 12.97084",County/City/town/Village/Woreda (ADM3),Origin and destination,Displacement without preventive evacuations reported,2026-02-19T17:46:18.237458Z,"Nigeria: 63 displacements, 01 December - 01 December. According to IOM DTM, 63 new internal displacements have been recorded in Nigeria on 01 December 2025 as a result of Non-International armed conflict (NIAC). This figure might be preliminary. IOM DTM - Nigeria - 13 February 2026",,Conflict
240284,Nigeria,NGA,10.76266915,13.551354799999999,"[10.76266915, 13.551354799999999]",Recommended figure,Conflict,total,6,2025-12-01,2025-12-01,2025-12-01,2025,33604,Nigeria: Non-International armed conflict (NIAC) - Borno - 2025,,,2025-01-01,2025-12-31,,,,,,IOM DTM - Nigeria,,"Lokuwa, Mubi North, Adamawa, Nigeria; Pulka Bokko, Gwoza, Borno State, Nigeria","10.2808883, 13.2952096; 11.24445, 13.8075",County/City/town/Village/Woreda (ADM3); County/City/town/Village/Woreda (ADM3),Destination; Origin,Displacement without preventive evacuations reported,2026-02-19T17:46:18.106613Z,"Nigeria: 6 displacements, 01 December - 01 December. According to IOM DTM, 6 new internal displacements have been recorded in Nigeria on 01 December 2025 as a result of Non-International armed conflict (NIAC). This figure might be preliminary. IOM DTM - Nigeria - 13 February 2026",,Conflict
240264,Nigeria,NGA,10.017610000000001,11.96316,"[10.017610000000001, 11.96316]",Recommended figure,Conflict,total,32,2025-12-01,2025-12-01,2025-12-01,2025,33604,Nigeria: Non-International armed conflict (NIAC) - Borno - 2025,,,2025-01-01,2025-12-31,,,,,,IOM DTM - Nigeria,,"Burashika, Bargu, Shani, Borno State, Nigeria; Shelleng, Shelleng, Adamawa, Nigeria","10.13875, 11.9206; 9.89647, 12.00572",County/City/town/Village/Woreda (ADM3); County/City/town/Village/Woreda (ADM3),Origin; Destination,Displacement without preventive evacuations reported,2026-02-19T17:13:54.980241Z,"Nigeria: 32 displacements, 01 December - 01 December. According to IOM DTM, 32 new internal displacements have been recorded in Nigeria on 01 December 2025 as a result of Non-International armed conflict (NIAC). This figure might be preliminary. IOM DTM - Nigeria - 13 February 2026",,Conflict
240256,Nigeria,NGA,10.4976887,13.06376335,"[10.4976887, 13.06376335]",Recommended figure,Conflict,total,72,2025-12-01,2025-12-01,2025-12-01,2025,33604,Nigeria: Non-International armed conflict (NIAC) - Borno - 2025,,,2025-01-01,2025-12-31,,,,,,IOM DTM - Nigeria,,"Dille / Huyum, Askira/Uba, Borno, Nigeria; Hong, Hong, Adamawa, Nigeria","10.7636674, 13.1971067; 10.23171, 12.93042",County/City/town/Village/Woreda (ADM3); County/City/town/Village/Woreda (ADM3),Origin; Destination,Displacement without preventive evacuations reported,2026-02-19T17:13:54.571452Z,"Nigeria: 72 displacements, 01 December - 01 December. According to IOM DTM, 72 new internal displacements have been recorded in Nigeria on 01 December 2025 as a result of Non-International armed conflict (NIAC). This figure might be preliminary. IOM DTM - Nigeria - 13 February 2026",,Conflict
240285,Nigeria,NGA,12.96762505,12.124986400000001,"[12.96762505, 12.124986400000001]",Recommended figure,Conflict,total,180,2025-11-30,2025-11-30,2025-11-30,2025,33604,Nigeria: Non-International armed conflict (NIAC) - Borno - 2025,,,2025-01-01,2025-12-31,,,,,,IOM DTM - Nigeria,,"Baga, Kukawa, Borno State, Nigeria; Garbi/Bambori, Nguru, Yobe, Nigeria","13.096351, 13.821555; 12.8388991, 10.4284178",County/City/town/Village/Woreda (ADM3); County/City/town/Village/Woreda (ADM3),Origin; Destination,Displacement without preventive evacuations reported,2026-02-19T17:46:18.153299Z,"Nigeria: 180 displacements, 30 November - 30 November. According to IOM DTM, 180 new internal displacements have been recorded in Nigeria on 30 November 2025 as a result of Non-International armed conflict (NIAC). This figure might be preliminary. IOM DTM - Nigeria - 13 February 2026",,Conflict
240257,Nigeria,NGA,10.76641185,12.79213025,"[10.76641185, 12.79213025]",Recommended figure,Conflict,total,9,2025-11-30,2025-11-30,2025-11-30,2025,33604,Nigeria: Non-International armed conflict (NIAC) - Borno - 2025,,,2025-01-01,2025-12-31,,,,,,IOM DTM - Nigeria,,"Mbalala, Chibok, Borno State, Nigeria; Shikarkir, Chibok, Borno, Nigeria","10.7612105, 12.8362706; 10.7716132, 12.7479899",County/City/town/Village/Woreda (ADM3); County/City/town/Village/Woreda (ADM3),Destination; Origin,Displacement without preventive evacuations reported,2026-02-19T17:13:54.624108Z,"Nigeria: 9 displacements, 30 November - 30 November. According to IOM DTM, 9 new internal displacements have been recorded in Nigeria on 30 November 2025 as a result of Non-International armed conflict (NIAC). This figure might be preliminary. IOM DTM - Nigeria - 13 February 2026",,Conflict
240281,Nigeria,NGA,10.535072150000001,13.33274535,"[10.535072150000001, 13.33274535]",Recommended figure,Conflict,total,15,2025-11-30,2025-11-30,2025-11-30,2025,40249,Nigeria: Crime-related violence - Adamawa - 01/11/2025,CRIME_RELATED,Local Identifier,2025-11-01,2025-11-30,,,,,,IOM DTM - Nigeria,,"K/Wuro Ngayandi, Madagali, Adamawa, Nigeria; Lokuwa, Mubi North, Adamawa, Nigeria","10.789256, 13.3702811; 10.2808883, 13.2952096",County/City/town/Village/Woreda (ADM3); County/City/town/Village/Woreda (ADM3),Origin; Destination,Displacement without preventive evacuations reported,2026-02-19T17:46:17.977751Z,"Nigeria: 15 displacements, 30 November - 30 November. According to IOM DTM, 15 new internal displacements have been recorded in Nigeria on 30 November 2025 as a result of Crime-related violence. This figure might be preliminary. IOM DTM - Nigeria - 13 February 2026",,Conflict
240282,Nigeria,NGA,10.552723,13.31809055,"[10.552723, 13.31809055]",Recommended figure,Conflict,total,3,2025-11-30,2025-11-30,2025-11-30,2025,40249,Nigeria: Crime-related violence - Adamawa - 01/11/2025,CRIME_RELATED,Local Identifier,2025-11-01,2025-11-30,,,,,,IOM DTM - Nigeria,,"Digil, Mubi North, Adamawa, Nigeria; K/Wuro Ngayandi, Madagali, Adamawa, Nigeria","10.31619, 13.2659; 10.789256, 13.3702811",County/City/town/Village/Woreda (ADM3); County/City/town/Village/Woreda (ADM3),Destination; Origin,Displacement without preventive evacuations reported,2026-02-19T17:46:18.019706Z,"Nigeria: 3 displacements, 30 November - 30 November. According to IOM DTM, 3 new internal displacements have been recorded in Nigeria on 30 November 2025 as a result of Crime-related violence. This figure might be preliminary. IOM DTM - Nigeria - 13 February 2026",,Conflict
240286,Nigeria,NGA,12.40833305,8.9438652,"[12.40833305, 8.9438652]",Recommended figure,Conflict,total,36,2025-11-30,2025-11-30,2025-11-30,2025,40251,Nigeria: Crime-related violence - Katsina - 01/11/2025,CRIME_RELATED,Local Identifier,2025-11-01,2025-11-30,,,,,,IOM DTM - Nigeria,,"Kankara, Kankara, Katsina, Nigeria; Kanuri, Nguru, Yobe, Nigeria","11.9313228, 7.413801999999999; 12.8853433, 10.4739284",County/City/town/Village/Woreda (ADM3); County/City/town/Village/Woreda (ADM3),Origin; Destination,Displacement without preventive evacuations reported,2026-02-19T17:46:18.198872Z,"Nigeria: 36 displacements, 30 November - 30 November. According to IOM DTM, 36 new internal displacements have been recorded in Nigeria on 30 November 2025 as a result of Crime-related violence. This figure might be preliminary. IOM DTM - Nigeria - 13 February 2026",,Conflict
239457,Nigeria,NGA,7.307196199999999,10.1423172,"[7.307196199999999, 10.1423172]",Recommended figure,Conflict,total,240,2025-11-28,2025-11-28,2025-11-28,2025,40116,Nigeria: Communal violence - Taraba - 01/11/2025,COMMUNAL_VIOLENCE,Local Identifier,2025-11-01,2025-11-30,,,,,,IOM DTM - Nigeria,,"Manya, Takum, Taraba, Nigeria","7.307196199999999, 10.1423172",County/City/town/Village/Woreda (ADM3),Origin and destination,Displacement without preventive evacuations reported,2026-02-19T11:39:44.349082Z,"Nigeria: 240 displacements, 28 November - 28 November. According to IOM DTM, 240 new internal displacements have been recorded in Nigeria between 28 November 2025 and 28 November 2025 as a result of Communal violence. This figure might be preliminary. IOM DTM - Nigeria - 03 December 2025",,Conflict
239459,Nigeria,NGA,7.372688949999999,9.9321959,"[7.372688949999999, 9.9321959]",Recommended figure,Conflict,total,180,2025-11-28,2025-11-28,2025-11-28,2025,40116,Nigeria: Communal violence - Taraba - 01/11/2025,COMMUNAL_VIOLENCE,Local Identifier,2025-11-01,2025-11-30,,,,,,IOM DTM - Nigeria,,"Chanchanji, Takum, Taraba State, Nigeria; Rogo, Takum, Taraba, Nigeria","7.51344, 9.92906; 7.231937899999998, 9.9353318",County/City/town/Village/Woreda (ADM3); County/City/town/Village/Woreda (ADM3),Origin; Destination,Displacement without preventive evacuations reported,2026-02-19T11:39:44.607743Z,"Nigeria: 180 displacements, 28 November - 28 November. According to IOM DTM, 180 new internal displacements have been recorded in Nigeria between 28 November 2025 and 28 November 2025 as a result of Communal violence. This figure might be preliminary. IOM DTM - Nigeria - 03 December 2025",,Conflict
240251,Nigeria,NGA,12.500642899999999,12.855417849999998,"[12.500642899999999, 12.855417849999998]",Recommended figure,Conflict,total,25,2025-11-28,2025-11-28,2025-11-28,2025,33604,Nigeria: Non-International armed conflict (NIAC) - Borno - 2025,,,2025-01-01,2025-12-31,,,,,,IOM DTM - Nigeria,,"Gobio 1, Gubio, Borno, Nigeria; Kingowa, Gubio, Borno State, Nigeria","12.39794, 12.83119; 12.6033458, 12.8796457",County/City/town/Village/Woreda (ADM3); County/City/town/Village/Woreda (ADM3),Destination; Origin,Displacement without preventive evacuations reported,2026-02-19T17:13:54.310848Z,"Nigeria: 25 displacements, 28 November - 28 November. According to IOM DTM, 25 new internal displacements have been recorded in Nigeria on 28 November 2025 as a result of Non-International armed conflict (NIAC). This figure might be preliminary. IOM DTM - Nigeria - 13 February 2026",,Conflict
239461,Nigeria,NGA,7.51344,9.92906,"[7.51344, 9.92906]",Recommended figure,Conflict,total,956,2025-11-29,2025-11-27,2025-11-29,2025,40116,Nigeria: Communal violence - Taraba - 01/11/2025,COMMUNAL_VIOLENCE,Local Identifier,2025-11-01,2025-11-30,,,,,,IOM DTM - Nigeria,,"Chanchanji, Takum, Taraba State, Nigeria","7.51344, 9.92906",County/City/town/Village/Woreda (ADM3),Origin and destination,Displacement without preventive evacuations reported,2026-02-19T11:39:44.815277Z,"Nigeria: 956 displacements, 27 November - 29 November. According to IOM DTM, 956 new internal displacements have been recorded in Nigeria between 27 November 2025 and 29 November 2025 as a result of Communal violence. This figure might be preliminary. IOM DTM - Nigeria - 03 December 2025",,Conflict
238513,Nigeria,NGA,7.5669374,8.1884949,"[7.5669374, 8.1884949]",Recommended figure,Conflict,total,32,2025-11-28,2025-11-27,2025-11-28,2025,40025,Nigeria: Communal violence - Benue - 01/11/2025,COMMUNAL_VIOLENCE,Local Identifier,2025-11-01,2025-11-30,,,,,,IOM DTM - Nigeria,,"Ikyaghev, Gwer West, Benue, Nigeria","7.5669374, 8.1884949",County/City/town/Village/Woreda (ADM3),Origin and destination,Displacement without preventive evacuations reported,2026-02-19T09:47:07.358456Z,"Nigeria: 32 displacements, 27 November - 28 November. According to IOM DTM, 32 new internal displacements have been recorded in Nigeria between 27 November 2025 and 28 November 2025 as a result of Communal violence. This figure might be preliminary. IOM DTM - Nigeria - 03 December 2025",,Conflict
240249,Nigeria,NGA,10.627535649999999,12.20913865,"[10.627535649999999, 12.20913865]",Recommended figure,Conflict,total,11,2025-11-27,2025-11-27,2025-11-27,2025,33604,Nigeria: Non-International armed conflict (NIAC) - Borno - 2025,,,2025-01-01,2025-12-31,,,,,,IOM DTM - Nigeria,,"Dzar/ Vinadum/ Birni/ Dlandi, Biu Emirate, Borno, Nigeria; Mandara Girau, Biu Emirate, Borno, Nigeria","10.5453937, 12.0489791; 10.7096776, 12.3692982",County/City/town/Village/Woreda (ADM3); County/City/town/Village/Woreda (ADM3),Destination; Origin,Displacement without preventive evacuations reported,2026-02-19T17:13:51.130966Z,"Nigeria: 11 displacements, 27 November - 27 November. According to IOM DTM, 11 new internal displacements have been recorded in Nigeria on 27 November 2025 as a result of Non-International armed conflict (NIAC). This figure might be preliminary. IOM DTM - Nigeria - 13 February 2026",,Conflict
240244,Nigeria,NGA,10.2300928,12.9262851,"[10.2300928, 12.9262851]",Recommended figure,Conflict,total,54,2025-11-27,2025-11-27,2025-11-27,2025,33602,Nigeria: Non-International armed conflict (NIAC) - Adamawa - 2025,,,2025-01-01,2025-12-31,,,,,,IOM DTM - Nigeria,,"Hong, Hong, Adamawa, Nigeria","10.2300928, 12.9262851",County/City/town/Village/Woreda (ADM3),Origin and destination,Displacement without preventive evacuations reported,2026-02-19T17:13:50.792201Z,"Nigeria: 54 displacements, 27 November - 27 November. According to IOM DTM, 54 new internal displacements have been recorded in Nigeria on 27 November 2025 as a result of Non-International armed conflict (NIAC). This figure might be preliminary. IOM DTM - Nigeria - 13 February 2026",,Conflict
240243,Nigeria,NGA,11.4499473,14.0506762,"[11.4499473, 14.0506762]",Recommended figure,Conflict,total,10,2025-11-27,2025-11-27,2025-11-27,2025,33604,Nigeria: Non-International armed conflict (NIAC) - Borno - 2025,,,2025-01-01,2025-12-31,,,,,,IOM DTM - Nigeria,,"Bama, Borno, Nigeria; Yabiri Kura/Yabiri Gana/Chongolo, Bama, Borno, Nigeria","11.51319, 14.02445; 11.3867046, 14.0769024",County/City/town/Village/Woreda (ADM3); County/City/town/Village/Woreda (ADM3),Destination; Origin,Displacement without preventive evacuations reported,2026-02-19T17:13:50.728273Z,"Nigeria: 10 displacements, 27 November - 27 November. According to IOM DTM, 10 new internal displacements have been recorded in Nigeria on 27 November 2025 as a result of Non-International armed conflict (NIAC). This figure might be preliminary. IOM DTM - Nigeria - 13 February 2026",,Conflict
240250,Nigeria,NGA,10.656465050000001,13.150390699999999,"[10.656465050000001, 13.150390699999999]",Recommended figure,Conflict,total,20,2025-11-27,2025-11-27,2025-11-27,2025,33604,Nigeria: Non-International armed conflict (NIAC) - Borno - 2025,,,2025-01-01,2025-12-31,,,,,,IOM DTM - Nigeria,,"Husara / Tampul, Askira/Uba, Borno, Nigeria; Mussa, Askira-Uba, Borno State, Nigeria","10.5757866, 13.2086442; 10.7371435, 13.0921372",County/City/town/Village/Woreda (ADM3); County/City/town/Village/Woreda (ADM3),Destination; Origin,Displacement without preventive evacuations reported,2026-02-19T17:13:51.190097Z,"Nigeria: 20 displacements, 27 November - 27 November. According to IOM DTM, 20 new internal displacements have been recorded in Nigeria on 27 November 2025 as a result of Non-International armed conflict (NIAC). This figure might be preliminary. IOM DTM - Nigeria - 13 February 2026",,Conflict
238512,Nigeria,NGA,7.58654555,8.28701345,"[7.58654555, 8.28701345]",Recommended figure,Conflict,total,5,2025-11-27,2025-11-26,2025-11-27,2025,40025,Nigeria: Communal violence - Benue - 01/11/2025,COMMUNAL_VIOLENCE,Local Identifier,2025-11-01,2025-11-30,,,,,,IOM DTM - Nigeria,,"Ikyaghev, Gwer West, Benue, Nigeria; Merkyen, Gwer East, Benue, Nigeria","7.5669374, 8.1884949; 7.6061537, 8.385532",County/City/town/Village/Woreda (ADM3); County/City/town/Village/Woreda (ADM3),Destination; Origin,Displacement without preventive evacuations reported,2026-02-19T09:47:07.315411Z,"Nigeria: 5 displacements, 26 November - 27 November. According to IOM DTM, 5 new internal displacements have been recorded in Nigeria between 26 November 2025 and 27 November 2025 as a result of Communal violence. This figure might be preliminary. IOM DTM - Nigeria - 03 December 2025",,Conflict
240245,Nigeria,NGA,10.74514275,13.54413895,"[10.74514275, 13.54413895]",Recommended figure,Conflict,total,48,2025-11-26,2025-11-26,2025-11-26,2025,33604,Nigeria: Non-International armed conflict (NIAC) - Borno - 2025,,,2025-01-01,2025-12-31,,,,,,IOM DTM - Nigeria,,"Nassarawo, Mubi South, Adamawa, Nigeria; Pulka Bokko, Gwoza, Borno State, Nigeria","10.2458355, 13.2807779; 11.24445, 13.8075",County/City/town/Village/Woreda (ADM3); County/City/town/Village/Woreda (ADM3),Destination; Origin,Displacement without preventive evacuations reported,2026-02-19T17:13:50.857385Z,"Nigeria: 48 displacements, 26 November - 26 November. According to IOM DTM, 48 new internal displacements have been recorded in Nigeria on 26 November 2025 as a result of Non-International armed conflict (NIAC). This figure might be preliminary. IOM DTM - Nigeria - 13 February 2026",,Conflict
240242,Nigeria,NGA,9.44164545,12.1415213,"[9.44164545, 12.1415213]",Recommended figure,Conflict,total,10,2025-11-26,2025-11-26,2025-11-26,2025,33602,Nigeria: Non-International armed conflict (NIAC) - Adamawa - 2025,,,2025-01-01,2025-12-31,,,,,,IOM DTM - Nigeria,,"Dumna, Guyuk, Adamawa State, Nigeria; Yola North, Adamawa, Nigeria","9.7095718, 11.8679091; 9.1737191, 12.4151335",County/City/town/Village/Woreda (ADM3); County/City/town/Village/Woreda (ADM3),Origin; Destination,Displacement without preventive evacuations reported,2026-02-19T17:13:50.667195Z,"Nigeria: 10 displacements, 26 November - 26 November. According to IOM DTM, 10 new internal displacements have been recorded in Nigeria on 26 November 2025 as a result of Non-International armed conflict (NIAC). This figure might be preliminary. IOM DTM - Nigeria - 13 February 2026",,Conflict
240238,Nigeria,NGA,11.79350355,12.702389499999999,"[11.79350355, 12.702389499999999]",Recommended figure,Conflict,total,9,2025-11-26,2025-11-26,2025-11-26,2025,33604,Nigeria: Non-International armed conflict (NIAC) - Borno - 2025,,,2025-01-01,2025-12-31,,,,,,IOM DTM - Nigeria,,"Jewu / Lamboa, Konduga, Borno, Nigeria; Mainok, Kaga, Borno State, Nigeria","11.7374978, 12.7594847; 11.8495093, 12.6452943",County/City/town/Village/Woreda (ADM3); County/City/town/Village/Woreda (ADM3),Origin; Destination,Displacement without preventive evacuations reported,2026-02-19T17:13:50.424991Z,"Nigeria: 9 displacements, 26 November - 26 November. According to IOM DTM, 9 new internal displacements have been recorded in Nigeria on 26 November 2025 as a result of Non-International armed conflict (NIAC). This figure might be preliminary. IOM DTM - Nigeria - 13 February 2026",,Conflict
240248,Nigeria,NGA,10.75414425,13.54197435,"[10.75414425, 13.54197435]",Recommended figure,Conflict,total,7,2025-11-26,2025-11-26,2025-11-26,2025,33604,Nigeria: Non-International armed conflict (NIAC) - Borno - 2025,,,2025-01-01,2025-12-31,,,,,,IOM DTM - Nigeria,,"Kolere, Mubi, Mubi North, Adamawa, Nigeria; Pulka Bokko, Gwoza, Borno State, Nigeria","10.2638385, 13.2764487; 11.24445, 13.8075",County/City/town/Village/Woreda (ADM3); County/City/town/Village/Woreda (ADM3),Destination; Origin,Displacement without preventive evacuations reported,2026-02-19T17:13:51.062971Z,"Nigeria: 7 displacements, 26 November - 26 November. According to IOM DTM, 7 new internal displacements have been recorded in Nigeria on 26 November 2025 as a result of Non-International armed conflict (NIAC). This figure might be preliminary. IOM DTM - Nigeria - 13 February 2026",,Conflict
240241,Nigeria,NGA,10.007485496693578,12.94405691311921,"[10.007485496693578, 12.94405691311921]",Recommended figure,Disaster,total,13,2025-11-25,2025-11-25,2025-11-25,2025,40047,Nigeria: Flood - Adamawa - 01/11/2025,FLOOD,Local Identifier,2025-11-01,2025-11-30,Weather related,Hydrological,Flood,Flood,,IOM DTM - Nigeria,,"Duhu/ Shuwa, Madagali, Adamawa, Nigeria; Yola North, Adamawa","10.7641641, 13.4396172; 9.250806893387155, 12.44849662623842",County/City/town/Village/Woreda (ADM3); County/City/town/Village/Woreda (ADM3),Origin; Destination,Displacement without preventive evacuations reported,2026-02-19T17:13:50.613283Z,"Nigeria: 13 displacements, 25 November - 25 November. According to IOM DTM, 13 new internal displacements have been recorded in Nigeria on 25 November 2025 as a result of Flood. This figure might be preliminary. IOM DTM - Nigeria - 13 February 2026",,Flood
240240,Nigeria,NGA,9.6072357,11.7930477,"[9.6072357, 11.7930477]",Recommended figure,Conflict,total,17,2025-11-25,2025-11-25,2025-11-25,2025,40024,Nigeria: Communal violence - Adamawa - 01/11/2025,COMMUNAL_VIOLENCE,Local Identifier,2025-11-01,2025-11-30,,,,,,IOM DTM - Nigeria,,"Lamurde, Larmurde, Adamawa State, Nigeria","9.6072357, 11.7930477",County/City/town/Village/Woreda (ADM3),Origin and destination,Displacement without preventive evacuations reported,2026-02-19T17:13:50.550700Z,"Nigeria: 17 displacements, 25 November - 25 November. According to IOM DTM, 17 new internal displacements have been recorded in Nigeria on 25 November 2025 as a result of Communal violence. This figure might be preliminary. IOM DTM - Nigeria - 13 February 2026",,Conflict
240237,Nigeria,NGA,10.5264275,13.10425555,"[10.5264275, 13.10425555]",Recommended figure,Conflict,total,182,2025-11-25,2025-11-25,2025-11-25,2025,33604,Nigeria: Non-International armed conflict (NIAC) - Borno - 2025,,,2025-01-01,2025-12-31,,,,,,IOM DTM - Nigeria,,"Kwarhi, Hong, Adamawa, Nigeria; Mussa, Askira-Uba, Borno State, Nigeria","10.3157115, 13.1163739; 10.7371435, 13.0921372",County/City/town/Village/Woreda (ADM3); County/City/town/Village/Woreda (ADM3),Destination; Origin,Displacement without preventive evacuations reported,2026-02-19T17:13:50.361503Z,"Nigeria: 182 displacements, 25 November - 25 November. According to IOM DTM, 182 new internal displacements have been recorded in Nigeria on 25 November 2025 as a result of Non-International armed conflict (NIAC). This figure might be preliminary. IOM DTM - Nigeria - 13 February 2026",,Conflict
240236,Nigeria,NGA,11.14334525,10.4720289,"[11.14334525, 10.4720289]",Recommended figure,Conflict,total,8,2025-11-25,2025-11-25,2025-11-25,2025,34795,Nigeria: Non-International armed conflict (NIAC) - Katsina - 2025,,,2025-01-01,2025-12-31,,,,,,IOM DTM - Nigeria,,"Sabon Gari, Funtua, Katsina State, Nigeria; Wula, Madagali, Adamawa, Nigeria","11.52493, 7.32515; 10.7617605, 13.6189078",County/City/town/Village/Woreda (ADM3); County/City/town/Village/Woreda (ADM3),Origin; Destination,Displacement without preventive evacuations reported,2026-02-19T17:13:50.297419Z,"Nigeria: 8 displacements, 25 November - 25 November. According to IOM DTM, 8 new internal displacements have been recorded in Nigeria on 25 November 2025 as a result of Non-International armed conflict (NIAC). This figure might be preliminary. IOM DTM - Nigeria - 13 February 2026",,Conflict
240247,Nigeria,NGA,10.509015900000001,13.1936734,"[10.509015900000001, 13.1936734]",Recommended figure,Conflict,total,17,2025-11-25,2025-11-25,2025-11-25,2025,33604,Nigeria: Non-International armed conflict (NIAC) - Borno - 2025,,,2025-01-01,2025-12-31,,,,,,IOM DTM - Nigeria,,"Lokuwa, Mubi North, Adamawa, Nigeria; Mussa, Askira-Uba, Borno State, Nigeria","10.2808883, 13.2952096; 10.7371435, 13.0921372",County/City/town/Village/Woreda (ADM3); County/City/town/Village/Woreda (ADM3),Destination; Origin,Displacement without preventive evacuations reported,2026-02-19T17:13:50.995640Z,"Nigeria: 17 displacements, 25 November - 25 November. According to IOM DTM, 17 new internal displacements have been recorded in Nigeria on 25 November 2025 as a result of Non-International armed conflict (NIAC). This figure might be preliminary. IOM DTM - Nigeria - 13 February 2026",,Conflict
240232,Nigeria,NGA,10.645231200000001,13.0945245,"[10.645231200000001, 13.0945245]",Recommended figure,Conflict,total,29,2025-11-24,2025-11-24,2025-11-24,2025,33604,Nigeria: Non-International armed conflict (NIAC) - Borno - 2025,,,2025-01-01,2025-12-31,,,,,,IOM DTM - Nigeria,,"Mussa, Askira-Uba, Borno State, Nigeria; Wamdeo Giwi, Askira-Uba, Borno State, Nigeria","10.7371435, 13.0921372; 10.5533189, 13.0969118",County/City/town/Village/Woreda (ADM3); County/City/town/Village/Woreda (ADM3),Origin; Destination,Displacement without preventive evacuations reported,2026-02-19T17:13:50.017567Z,"Nigeria: 29 displacements, 24 November - 24 November. According to IOM DTM, 29 new internal displacements have been recorded in Nigeria on 24 November 2025 as a result of Non-International armed conflict (NIAC). This figure might be preliminary. IOM DTM - Nigeria - 13 February 2026",,Conflict
240230,Nigeria,NGA,11.012783,13.681380149999999,"[11.012783, 13.681380149999999]",Recommended figure,Conflict,total,9,2025-11-24,2025-11-24,2025-11-24,2025,33604,Nigeria: Non-International armed conflict (NIAC) - Borno - 2025,,,2025-01-01,2025-12-31,,,,,,IOM DTM - Nigeria,,"Pulka Bokko, Gwoza, Borno State, Nigeria; Shelmi / Sukur/ Vapura, Madagali, Adamawa, Nigeria","11.24445, 13.8075; 10.781116, 13.5552603",County/City/town/Village/Woreda (ADM3); County/City/town/Village/Woreda (ADM3),Origin; Destination,Displacement without preventive evacuations reported,2026-02-19T17:13:49.869221Z,"Nigeria: 9 displacements, 24 November - 24 November. According to IOM DTM, 9 new internal displacements have been recorded in Nigeria on 24 November 2025 as a result of Non-International armed conflict (NIAC). This figure might be preliminary. IOM DTM - Nigeria - 13 February 2026",,Conflict
240239,Nigeria,NGA,10.2466161,13.1215522,"[10.2466161, 13.1215522]",Recommended figure,Conflict,total,47,2025-11-24,2025-11-24,2025-11-24,2025,33604,Nigeria: Non-International armed conflict (NIAC) - Borno - 2025,,,2025-01-01,2025-12-31,,,,,,IOM DTM - Nigeria,,"Mussa, Askira-Uba, Borno State, Nigeria; Sorau 'B', Maiha, Adamawa, Nigeria","10.7371435, 13.0921372; 9.7560887, 13.1509672",County/City/town/Village/Woreda (ADM3); County/City/town/Village/Woreda (ADM3),Origin; Destination,Displacement without preventive evacuations reported,2026-02-19T17:13:50.487400Z,"Nigeria: 47 displacements, 24 November - 24 November. According to IOM DTM, 47 new internal displacements have been recorded in Nigeria on 24 November 2025 as a result of Non-International armed conflict (NIAC). This figure might be preliminary. IOM DTM - Nigeria - 13 February 2026",,Conflict
240235,Nigeria,NGA,12.427175649999999,12.69602035,"[12.427175649999999, 12.69602035]",Recommended figure,Conflict,total,9,2025-11-24,2025-11-24,2025-11-24,2025,33604,Nigeria: Non-International armed conflict (NIAC) - Borno - 2025,,,2025-01-01,2025-12-31,,,,,,IOM DTM - Nigeria,,"Ardimini, Gubio, Borno State, Nigeria; Gobio 1, Gubio, Borno, Nigeria","12.4564113, 12.5608507; 12.39794, 12.83119",County/City/town/Village/Woreda (ADM3); County/City/town/Village/Woreda (ADM3),Origin; Destination,Displacement without preventive evacuations reported,2026-02-19T17:13:50.216172Z,"Nigeria: 9 displacements, 24 November - 24 November. According to IOM DTM, 9 new internal displacements have been recorded in Nigeria on 24 November 2025 as a result of Non-International armed conflict (NIAC). This figure might be preliminary. IOM DTM - Nigeria - 13 February 2026",,Conflict
240229,Nigeria,NGA,11.50650965,13.7956401,"[11.50650965, 13.7956401]",Recommended figure,Conflict,total,20,2025-11-24,2025-11-24,2025-11-24,2025,33604,Nigeria: Non-International armed conflict (NIAC) - Borno - 2025,,,2025-01-01,2025-12-31,,,,,,IOM DTM - Nigeria,,"Bama, Borno, Nigeria; Mbuliya / Goniri / Siraja, Bama, Borno, Nigeria","11.51319, 14.02445; 11.4998293, 13.5668302",County/City/town/Village/Woreda (ADM3); County/City/town/Village/Woreda (ADM3),Destination; Origin,Displacement without preventive evacuations reported,2026-02-19T17:13:49.795156Z,"Nigeria: 20 displacements, 24 November - 24 November. According to IOM DTM, 20 new internal displacements have been recorded in Nigeria on 24 November 2025 as a result of Non-International armed conflict (NIAC). This figure might be preliminary. IOM DTM - Nigeria - 13 February 2026",,Conflict
240246,Nigeria,NGA,10.78032,13.5367,"[10.78032, 13.5367]",Recommended figure,Conflict,total,6,2025-11-24,2025-11-24,2025-11-24,2025,33604,Nigeria: Non-International armed conflict (NIAC) - Borno - 2025,,,2025-01-01,2025-12-31,,,,,,IOM DTM - Nigeria,,"Digil, Mubi North, Adamawa, Nigeria; Pulka Bokko, Gwoza, Borno State, Nigeria","10.31619, 13.2659; 11.24445, 13.8075",County/City/town/Village/Woreda (ADM3); County/City/town/Village/Woreda (ADM3),Destination; Origin,Displacement without preventive evacuations reported,2026-02-19T17:13:50.927251Z,"Nigeria: 6 displacements, 24 November - 24 November. According to IOM DTM, 6 new internal displacements have been recorded in Nigeria on 24 November 2025 as a result of Non-International armed conflict (NIAC). This figure might be preliminary. IOM DTM - Nigeria - 13 February 2026",,Conflict
240234,Nigeria,NGA,10.73483625,13.321755549999999,"[10.73483625, 13.321755549999999]",Recommended figure,Conflict,total,17,2025-11-24,2025-11-24,2025-11-24,2025,33604,Nigeria: Non-International armed conflict (NIAC) - Borno - 2025,,,2025-01-01,2025-12-31,,,,,,IOM DTM - Nigeria,,"K/Wuro Ngayandi, Madagali, Adamawa, Nigeria; Lassa, Askira-Uba, Borno State, Nigeria","10.789256, 13.3702811; 10.6804165, 13.27323",County/City/town/Village/Woreda (ADM3); County/City/town/Village/Woreda (ADM3),Destination; Origin,Displacement without preventive evacuations reported,2026-02-19T17:13:50.153294Z,"Nigeria: 17 displacements, 24 November - 24 November. According to IOM DTM, 17 new internal displacements have been recorded in Nigeria on 24 November 2025 as a result of Non-International armed conflict (NIAC). This figure might be preliminary. IOM DTM - Nigeria - 13 February 2026",,Conflict
240233,Nigeria,NGA,10.12423515,13.01103595,"[10.12423515, 13.01103595]",Recommended figure,Conflict,total,48,2025-11-23,2025-11-23,2025-11-23,2025,33604,Nigeria: Non-International armed conflict (NIAC) - Borno - 2025,,,2025-01-01,2025-12-31,,,,,,IOM DTM - Nigeria,,"Mayo Ine, Fufore, Adamawa, Nigeria; Ngoshe, Gwoza, Borno State, Nigeria","9.11509, 12.22809; 11.1333803, 13.7939819",County/City/town/Village/Woreda (ADM3); County/City/town/Village/Woreda (ADM3),Destination; Origin,Displacement without preventive evacuations reported,2026-02-19T17:13:50.088537Z,"Nigeria: 48 displacements, 23 November - 23 November. According to IOM DTM, 48 new internal displacements have been recorded in Nigeria on 23 November 2025 as a result of Non-International armed conflict (NIAC). This figure might be preliminary. IOM DTM - Nigeria - 13 February 2026",,Conflict
238377,Nigeria,NGA,12.0844789,5.2975802,"[12.0844789, 5.2975802]",Recommended figure,Conflict,total,352,2025-11-23,2025-11-22,2025-11-23,2025,40133,Nigeria: Crime-related violence - Zamfara - 01/11/2025,CRIME_RELATED,Local Identifier,2025-11-01,2025-11-30,,,,,,IOM DTM - Nigeria,,"Birnin Tudu, Gummi, Zamfara State, Nigeria","12.0844789, 5.2975802",County/City/town/Village/Woreda (ADM3),Origin and destination,Displacement without preventive evacuations reported,2026-02-19T09:33:28.053625Z,"Nigeria: 352 displacements, 22 November - 23 November. According to IOM DTM, 352 new internal displacements have been recorded in Nigeria between 22 November 2025 and 23 November 2025 as a result of Crime-related violence. This figure might be preliminary. IOM DTM - Nigeria - 03 December 2025",,Conflict
237824,Nigeria,NGA,9.6247615,10.828993,"[9.6247615, 10.828993]",Recommended figure,Conflict,total,377,2025-11-28,2025-11-21,2025-11-28,2025,40132,Nigeria: Crime-related violence - Bauchi - 01/11/2025,CRIME_RELATED,Local Identifier,2025-11-01,2025-11-30,,,,,,IOM DTM - Nigeria,,"Gwana, Alkaleri, Bauchi State, Nigeria","9.6247615, 10.828993",County/City/town/Village/Woreda (ADM3),Origin and destination,Displacement without preventive evacuations reported,2026-02-19T08:59:00.820502Z,"Nigeria: 377 displacements, 21 November - 28 November. According to IOM DTM, 377 new internal displacements have been recorded in Nigeria between 21 November 2025 and 28 November 2025 as a result of Crime-related violence. This figure might be preliminary. IOM DTM - Nigeria - 03 December 2025",,Conflict
240231,Nigeria,NGA,10.8802641,12.7939759,"[10.8802641, 12.7939759]",Recommended figure,Conflict,total,13,2025-11-21,2025-11-21,2025-11-21,2025,33604,Nigeria: Non-International armed conflict (NIAC) - Borno - 2025,,,2025-01-01,2025-12-31,,,,,,IOM DTM - Nigeria,,"Chibok Wuntaku, Chibok, Borno, Nigeria","10.8802641, 12.7939759",County/City/town/Village/Woreda (ADM3),Origin and destination,Displacement without preventive evacuations reported,2026-02-19T17:13:49.937789Z,"Nigeria: 13 displacements, 21 November - 21 November. According to IOM DTM, 13 new internal displacements have been recorded in Nigeria on 21 November 2025 as a result of Non-International armed conflict (NIAC). This figure might be preliminary. IOM DTM - Nigeria - 13 February 2026",,Conflict
240226,Nigeria,NGA,11.4499473,14.0506762,"[11.4499473, 14.0506762]",Recommended figure,Conflict,total,12,2025-11-21,2025-11-21,2025-11-21,2025,33604,Nigeria: Non-International armed conflict (NIAC) - Borno - 2025,,,2025-01-01,2025-12-31,,,,,,IOM DTM - Nigeria,,"Bama, Borno, Nigeria; Yabiri Kura/Yabiri Gana/Chongolo, Bama, Borno, Nigeria","11.51319, 14.02445; 11.3867046, 14.0769024",County/City/town/Village/Woreda (ADM3); County/City/town/Village/Woreda (ADM3),Destination; Origin,Displacement without preventive evacuations reported,2026-02-19T17:13:49.570003Z,"Nigeria: 12 displacements, 21 November - 21 November. According to IOM DTM, 12 new internal displacements have been recorded in Nigeria on 21 November 2025 as a result of Non-International armed conflict (NIAC). This figure might be preliminary. IOM DTM - Nigeria - 13 February 2026",,Conflict
240228,Nigeria,NGA,11.15100305,13.7971763,"[11.15100305, 13.7971763]",Recommended figure,Conflict,total,12,2025-11-21,2025-11-21,2025-11-21,2025,33604,Nigeria: Non-International armed conflict (NIAC) - Borno - 2025,,,2025-01-01,2025-12-31,,,,,,IOM DTM - Nigeria,,"Johode/Chikide/Kughum, Gwoza, Borno, Nigeria; Pulka Bokko, Gwoza, Borno State, Nigeria","11.0575561, 13.7868526; 11.24445, 13.8075",County/City/town/Village/Woreda (ADM3); County/City/town/Village/Woreda (ADM3),Origin; Destination,Displacement without preventive evacuations reported,2026-02-19T17:13:49.723622Z,"Nigeria: 12 displacements, 21 November - 21 November. According to IOM DTM, 12 new internal displacements have been recorded in Nigeria on 21 November 2025 as a result of Non-International armed conflict (NIAC). This figure might be preliminary. IOM DTM - Nigeria - 13 February 2026",,Conflict
237822,Nigeria,NGA,9.6247615,10.828993,"[9.6247615, 10.828993]",Recommended figure,Conflict,total,1232,2025-11-28,2025-11-20,2025-11-28,2025,40132,Nigeria: Crime-related violence - Bauchi - 01/11/2025,CRIME_RELATED,Local Identifier,2025-11-01,2025-11-30,,,,,,IOM DTM - Nigeria,,"Gwana, Alkaleri, Bauchi State, Nigeria","9.6247615, 10.828993",County/City/town/Village/Woreda (ADM3),Origin and destination,Displacement without preventive evacuations reported,2026-02-19T08:59:00.705814Z,"Nigeria: 1,232 displacements, 20 November - 28 November. According to IOM DTM, 1232 new internal displacements have been recorded in Nigeria between 20 November 2025 and 28 November 2025 as a result of Crime-related violence. This figure might be preliminary. IOM DTM - Nigeria - 03 December 2025",,Conflict
240222,Nigeria,NGA,10.85489615,13.20476425,"[10.85489615, 13.20476425]",Recommended figure,Conflict,total,9,2025-11-20,2025-11-20,2025-11-20,2025,33604,Nigeria: Non-International armed conflict (NIAC) - Borno - 2025,,,2025-01-01,2025-12-31,,,,,,IOM DTM - Nigeria,,"Gulak, Madagali, Adamawa State, Nigeria; Kuburmbula, Chibok, Borno State, Nigeria","10.8058823, 13.4575285; 10.90391, 12.952",County/City/town/Village/Woreda (ADM3); County/City/town/Village/Woreda (ADM3),Destination; Origin,Displacement without preventive evacuations reported,2026-02-19T16:44:08.656424Z,"Nigeria: 9 displacements, 20 November - 20 November. According to IOM DTM, 9 new internal displacements have been recorded in Nigeria on 20 November 2025 as a result of Non-International armed conflict (NIAC). This figure might be preliminary. IOM DTM - Nigeria - 13 February 2026",,Conflict
240223,Nigeria,NGA,10.6682356,13.19147985,"[10.6682356, 13.19147985]",Recommended figure,Conflict,total,32,2025-11-20,2025-11-20,2025-11-20,2025,33604,Nigeria: Non-International armed conflict (NIAC) - Borno - 2025,,,2025-01-01,2025-12-31,,,,,,IOM DTM - Nigeria,,"Gatamarwa, Chibok, Borno State, Nigeria; Moda / Dlaka / Ghenjuwa, Michika, Adamawa, Nigeria","10.72028, 12.96068; 10.6161912, 13.4222797",County/City/town/Village/Woreda (ADM3); County/City/town/Village/Woreda (ADM3),Origin; Destination,Displacement without preventive evacuations reported,2026-02-19T16:44:08.734021Z,"Nigeria: 32 displacements, 20 November - 20 November. According to IOM DTM, 32 new internal displacements have been recorded in Nigeria on 20 November 2025 as a result of Non-International armed conflict (NIAC). This figure might be preliminary. IOM DTM - Nigeria - 13 February 2026",,Conflict
237823,Nigeria,NGA,9.6247615,10.828993,"[9.6247615, 10.828993]",Recommended figure,Conflict,total,580,2025-11-28,2025-11-19,2025-11-28,2025,40132,Nigeria: Crime-related violence - Bauchi - 01/11/2025,CRIME_RELATED,Local Identifier,2025-11-01,2025-11-30,,,,,,IOM DTM - Nigeria,,"Gwana, Alkaleri, Bauchi State, Nigeria","9.6247615, 10.828993",County/City/town/Village/Woreda (ADM3),Origin and destination,Displacement without preventive evacuations reported,2026-02-19T08:59:00.762566Z,"Nigeria: 580 displacements, 19 November - 28 November. According to IOM DTM, 580 new internal displacements have been recorded in Nigeria between 19 November 2025 and 28 November 2025 as a result of Crime-related violence. This figure might be preliminary. IOM DTM - Nigeria - 03 December 2025",,Conflict
239456,Nigeria,NGA,7.231937899999998,9.9353318,"[7.231937899999998, 9.9353318]",Recommended figure,Conflict,total,180,2025-11-20,2025-11-19,2025-11-20,2025,40116,Nigeria: Communal violence - Taraba - 01/11/2025,COMMUNAL_VIOLENCE,Local Identifier,2025-11-01,2025-11-30,,,,,,IOM DTM - Nigeria,,"Rogo, Takum, Taraba, Nigeria","7.231937899999998, 9.9353318",County/City/town/Village/Woreda (ADM3),Origin and destination,Displacement without preventive evacuations reported,2026-02-19T11:39:44.198460Z,"Nigeria: 180 displacements, 19 November - 20 November. According to IOM DTM, 180 new internal displacements have been recorded in Nigeria between 19 November 2025 and 20 November 2025 as a result of Communal violence. This figure might be preliminary. IOM DTM - Nigeria - 03 December 2025",,Conflict
240220,Nigeria,NGA,10.59882915,12.23770435,"[10.59882915, 12.23770435]",Recommended figure,Conflict,total,5,2025-11-19,2025-11-19,2025-11-19,2025,33604,Nigeria: Non-International armed conflict (NIAC) - Borno - 2025,,,2025-01-01,2025-12-31,,,,,,IOM DTM - Nigeria,,"Kwaya-Bur/Tanga Rumta, Hawul, Borno, Nigeria; Mandara Girau, Biu Emirate, Borno, Nigeria","10.4879807, 12.1061105; 10.7096776, 12.3692982",County/City/town/Village/Woreda (ADM3); County/City/town/Village/Woreda (ADM3),Destination; Origin,Displacement without preventive evacuations reported,2026-02-19T16:44:08.528299Z,"Nigeria: 5 displacements, 19 November - 19 November. According to IOM DTM, 5 new internal displacements have been recorded in Nigeria on 19 November 2025 as a result of Non-International armed conflict (NIAC). This figure might be preliminary. IOM DTM - Nigeria - 13 February 2026",,Conflict
240227,Nigeria,NGA,10.66936415,13.4534093,"[10.66936415, 13.4534093]",Recommended figure,Conflict,total,42,2025-11-19,2025-11-19,2025-11-19,2025,33604,Nigeria: Non-International armed conflict (NIAC) - Borno - 2025,,,2025-01-01,2025-12-31,,,,,,IOM DTM - Nigeria,,"Gwoza Wakane / Bulabulin, Gwoza, Borno, Nigeria; Lamorde, Mubi South, Adamawa, Nigeria","11.1081683, 13.6478486; 10.23056, 13.25897",County/City/town/Village/Woreda (ADM3); County/City/town/Village/Woreda (ADM3),Origin; Destination,Displacement without preventive evacuations reported,2026-02-19T17:13:49.652558Z,"Nigeria: 42 displacements, 19 November - 19 November. According to IOM DTM, 42 new internal displacements have been recorded in Nigeria on 19 November 2025 as a result of Non-International armed conflict (NIAC). This figure might be preliminary. IOM DTM - Nigeria - 13 February 2026",,Conflict
240218,Nigeria,NGA,11.50650965,13.7956401,"[11.50650965, 13.7956401]",Recommended figure,Conflict,total,15,2025-11-19,2025-11-19,2025-11-19,2025,33604,Nigeria: Non-International armed conflict (NIAC) - Borno - 2025,,,2025-01-01,2025-12-31,,,,,,IOM DTM - Nigeria,,"Bama, Borno, Nigeria; Mbuliya / Goniri / Siraja, Bama, Borno, Nigeria","11.51319, 14.02445; 11.4998293, 13.5668302",County/City/town/Village/Woreda (ADM3); County/City/town/Village/Woreda (ADM3),Destination; Origin,Displacement without preventive evacuations reported,2026-02-19T16:44:08.402528Z,"Nigeria: 15 displacements, 19 November - 19 November. According to IOM DTM, 15 new internal displacements have been recorded in Nigeria on 19 November 2025 as a result of Non-International armed conflict (NIAC). This figure might be preliminary. IOM DTM - Nigeria - 13 February 2026",,Conflict
240216,Nigeria,NGA,10.73259325,13.10684,"[10.73259325, 13.10684]",Recommended figure,Conflict,total,46,2025-11-19,2025-11-19,2025-11-19,2025,33604,Nigeria: Non-International armed conflict (NIAC) - Borno - 2025,,,2025-01-01,2025-12-31,,,,,,IOM DTM - Nigeria,,"Lassa, Askira-Uba, Borno State, Nigeria; Pemi, Chibok, Borno State, Nigeria","10.6804165, 13.27323; 10.78477, 12.94045",County/City/town/Village/Woreda (ADM3); County/City/town/Village/Woreda (ADM3),Destination; Origin,Displacement without preventive evacuations reported,2026-02-19T16:44:08.246331Z,"Nigeria: 46 displacements, 19 November - 19 November. According to IOM DTM, 46 new internal displacements have been recorded in Nigeria on 19 November 2025 as a result of Non-International armed conflict (NIAC). This figure might be preliminary. IOM DTM - Nigeria - 13 February 2026",,Conflict
239453,Nigeria,NGA,7.307196199999999,10.1423172,"[7.307196199999999, 10.1423172]",Recommended figure,Conflict,total,240,2025-11-19,2025-11-19,2025-11-19,2025,40116,Nigeria: Communal violence - Taraba - 01/11/2025,COMMUNAL_VIOLENCE,Local Identifier,2025-11-01,2025-11-30,,,,,,IOM DTM - Nigeria,,"Manya, Takum, Taraba, Nigeria","7.307196199999999, 10.1423172",County/City/town/Village/Woreda (ADM3),Origin and destination,Displacement without preventive evacuations reported,2026-02-19T11:39:43.855139Z,"Nigeria: 240 displacements, 19 November - 19 November. According to IOM DTM, 240 new internal displacements have been recorded in Nigeria between 19 November 2025 and 19 November 2025 as a result of Communal violence. This figure might be preliminary. IOM DTM - Nigeria - 03 December 2025",,Conflict
239452,Nigeria,NGA,7.372688949999999,9.9321959,"[7.372688949999999, 9.9321959]",Recommended figure,Conflict,total,956,2025-11-20,2025-11-18,2025-11-20,2025,40116,Nigeria: Communal violence - Taraba - 01/11/2025,COMMUNAL_VIOLENCE,Local Identifier,2025-11-01,2025-11-30,,,,,,IOM DTM - Nigeria,,"Chanchanji, Takum, Taraba State, Nigeria; Rogo, Takum, Taraba, Nigeria","7.51344, 9.92906; 7.231937899999998, 9.9353318",County/City/town/Village/Woreda (ADM3); County/City/town/Village/Woreda (ADM3),Destination; Origin,Displacement without preventive evacuations reported,2026-02-19T11:39:43.755918Z,"Nigeria: 956 displacements, 18 November - 20 November. According to IOM DTM, 956 new internal displacements have been recorded in Nigeria between 18 November 2025 and 20 November 2025 as a result of Communal violence. This figure might be preliminary. IOM DTM - Nigeria - 03 December 2025",,Conflict
240217,Nigeria,NGA,10.9608795,11.892289550000001,"[10.9608795, 11.892289550000001]",Recommended figure,Conflict,total,28,2025-11-18,2025-11-18,2025-11-18,2025,33607,Nigeria: Non-International armed conflict (NIAC) - Yobe - 2025,,,2025-01-01,2025-12-31,,,,,,IOM DTM - Nigeria,,"Balbaya, Bayo, Borno State, Nigeria; Buniyadi North / South, Gujba, Yobe, Nigeria","10.622, 11.7356; 11.299759, 12.0489791",County/City/town/Village/Woreda (ADM3); County/City/town/Village/Woreda (ADM3),Destination; Origin,Displacement without preventive evacuations reported,2026-02-19T16:44:08.330268Z,"Nigeria: 28 displacements, 18 November - 18 November. According to IOM DTM, 28 new internal displacements have been recorded in Nigeria on 18 November 2025 as a result of Non-International armed conflict (NIAC). This figure might be preliminary. IOM DTM - Nigeria - 13 February 2026",,Conflict
240224,Nigeria,NGA,9.189436149999999,12.4323301,"[9.189436149999999, 12.4323301]",Recommended figure,Disaster,total,101,2025-11-18,2025-11-18,2025-11-18,2025,40047,Nigeria: Flood - Adamawa - 01/11/2025,FLOOD,Local Identifier,2025-11-01,2025-11-30,Weather related,Hydrological,Flood,Flood,,IOM DTM - Nigeria,,"Bole Yolde Pate, Yola North, Adamawa, Nigeria; Karena, Yola South, Adamawa, Nigeria","9.1287206, 12.4609873; 9.2501517, 12.4036729",County/City/town/Village/Woreda (ADM3); County/City/town/Village/Woreda (ADM3),Destination; Origin,Displacement without preventive evacuations reported,2026-02-19T16:44:08.813998Z,"Nigeria: 101 displacements, 18 November - 18 November. According to IOM DTM, 101 new internal displacements have been recorded in Nigeria on 18 November 2025 as a result of Flood. This figure might be preliminary. IOM DTM - Nigeria - 13 February 2026",,Flood
240219,Nigeria,NGA,9.590696300000001,11.777048,"[9.590696300000001, 11.777048]",Recommended figure,Conflict,total,25,2025-11-18,2025-11-18,2025-11-18,2025,40024,Nigeria: Communal violence - Adamawa - 01/11/2025,COMMUNAL_VIOLENCE,Local Identifier,2025-11-01,2025-11-30,,,,,,IOM DTM - Nigeria,,"Lamurde, Larmurde, Adamawa State, Nigeria; Rigange primary heath center, Lafia, Larmurde, Adamawa State, Nigeria","9.6072357, 11.7930477; 9.5741569, 11.7610483",County/City/town/Village/Woreda (ADM3); County/City/town/Village/Woreda (ADM3),Origin; Destination,Displacement without preventive evacuations reported,2026-02-19T16:44:08.470559Z,"Nigeria: 25 displacements, 18 November - 18 November. According to IOM DTM, 25 new internal displacements have been recorded in Nigeria on 18 November 2025 as a result of Communal violence. This figure might be preliminary. IOM DTM - Nigeria - 13 February 2026",,Conflict
240214,Nigeria,NGA,11.4499473,14.0506762,"[11.4499473, 14.0506762]",Recommended figure,Conflict,total,25,2025-11-18,2025-11-18,2025-11-18,2025,33604,Nigeria: Non-International armed conflict (NIAC) - Borno - 2025,,,2025-01-01,2025-12-31,,,,,,IOM DTM - Nigeria,,"Bama, Borno, Nigeria; Yabiri Kura/Yabiri Gana/Chongolo, Bama, Borno, Nigeria","11.51319, 14.02445; 11.3867046, 14.0769024",County/City/town/Village/Woreda (ADM3); County/City/town/Village/Woreda (ADM3),Destination; Origin,Displacement without preventive evacuations reported,2026-02-19T16:44:08.073661Z,"Nigeria: 25 displacements, 18 November - 18 November. According to IOM DTM, 25 new internal displacements have been recorded in Nigeria on 18 November 2025 as a result of Non-International armed conflict (NIAC). This figure might be preliminary. IOM DTM - Nigeria - 13 February 2026",,Conflict
240221,Nigeria,NGA,11.0267237,13.158197,"[11.0267237, 13.158197]",Recommended figure,Conflict,total,32,2025-11-18,2025-11-18,2025-11-18,2025,33604,Nigeria: Non-International armed conflict (NIAC) - Borno - 2025,,,2025-01-01,2025-12-31,,,,,,IOM DTM - Nigeria,,"Monguno, Monguno, Borno, Nigeria; Pariya, Fufore, Adamawa, Nigeria","12.6729174, 13.616014; 9.38053, 12.70038",County/City/town/Village/Woreda (ADM3); County/City/town/Village/Woreda (ADM3),Origin; Destination,Displacement without preventive evacuations reported,2026-02-19T16:44:08.590220Z,"Nigeria: 32 displacements, 18 November - 18 November. According to IOM DTM, 32 new internal displacements have been recorded in Nigeria on 18 November 2025 as a result of Non-International armed conflict (NIAC). This figure might be preliminary. IOM DTM - Nigeria - 13 February 2026",,Conflict
240211,Nigeria,NGA,11.3037233,13.453002049999998,"[11.3037233, 13.453002049999998]",Recommended figure,Conflict,total,19,2025-11-17,2025-11-17,2025-11-17,2025,33604,Nigeria: Non-International armed conflict (NIAC) - Borno - 2025,,,2025-01-01,2025-12-31,,,,,,IOM DTM - Nigeria,,"Bebel, Madagali, Adamawa, Nigeria; Dalori / Wanori, Konduga, Borno, Nigeria","10.85507, 13.62234; 11.7523766, 13.2836641",County/City/town/Village/Woreda (ADM3); County/City/town/Village/Woreda (ADM3),Destination; Origin,Displacement without preventive evacuations reported,2026-02-19T16:44:07.869372Z,"Nigeria: 19 displacements, 17 November - 17 November. According to IOM DTM, 19 new internal displacements have been recorded in Nigeria on 17 November 2025 as a result of Non-International armed conflict (NIAC). This figure might be preliminary. IOM DTM - Nigeria - 13 February 2026",,Conflict
240213,Nigeria,NGA,10.2088187,13.1309287,"[10.2088187, 13.1309287]",Recommended figure,Conflict,total,34,2025-11-17,2025-11-17,2025-11-17,2025,40024,Nigeria: Communal violence - Adamawa - 01/11/2025,COMMUNAL_VIOLENCE,Local Identifier,2025-11-01,2025-11-30,,,,,,IOM DTM - Nigeria,,"Madzi, Michika, Adamawa, Nigeria; Zumo, Song, Adamawa, Nigeria","10.6316804, 13.3183038; 9.785957, 12.9435536",County/City/town/Village/Woreda (ADM3); County/City/town/Village/Woreda (ADM3),Destination; Origin,Displacement without preventive evacuations reported,2026-02-19T16:44:08.011395Z,"Nigeria: 34 displacements, 17 November - 17 November. According to IOM DTM, 34 new internal displacements have been recorded in Nigeria on 17 November 2025 as a result of Communal violence. This figure might be preliminary. IOM DTM - Nigeria - 13 February 2026",,Conflict
240215,Nigeria,NGA,10.69947705,13.2010686,"[10.69947705, 13.2010686]",Recommended figure,Conflict,total,35,2025-11-17,2025-11-17,2025-11-17,2025,33602,Nigeria: Non-International armed conflict (NIAC) - Adamawa - 2025,,,2025-01-01,2025-12-31,,,,,,IOM DTM - Nigeria,,"Askira East, Askira-Uba, Borno State, Nigeria; Duhu/ Shuwa, Madagali, Adamawa, Nigeria","10.63479, 12.96252; 10.7641641, 13.4396172",County/City/town/Village/Woreda (ADM3); County/City/town/Village/Woreda (ADM3),Destination; Origin,Displacement without preventive evacuations reported,2026-02-19T16:44:08.154961Z,"Nigeria: 35 displacements, 17 November - 17 November. According to IOM DTM, 35 new internal displacements have been recorded in Nigeria on 17 November 2025 as a result of Non-International armed conflict (NIAC). This figure might be preliminary. IOM DTM - Nigeria - 13 February 2026",,Conflict
240225,Nigeria,NGA,8.538822549999999,10.219917,"[8.538822549999999, 10.219917]",Recommended figure,Conflict,total,19,2025-11-17,2025-11-17,2025-11-17,2025,39106,Nigeria: Non-International armed conflict (NIAC) - Benue - 2025,,,2025-01-01,2025-12-31,,,,,,IOM DTM - Nigeria,,"Egba, Agatu, Benue, Nigeria; Yola North, Adamawa, Nigeria","7.903925999999999, 8.024700500000002; 9.1737191, 12.4151335",County/City/town/Village/Woreda (ADM3); County/City/town/Village/Woreda (ADM3),Origin; Destination,Displacement without preventive evacuations reported,2026-02-19T16:44:08.872534Z,"Nigeria: 19 displacements, 17 November - 17 November. According to IOM DTM, 19 new internal displacements have been recorded in Nigeria on 17 November 2025 as a result of Non-International armed conflict (NIAC). This figure might be preliminary. IOM DTM - Nigeria - 13 February 2026",,Conflict
238916,Nigeria,NGA,6.912557,9.515511,"[6.912557, 9.515511]",Recommended figure,Conflict,total,23,2025-11-15,2025-11-15,2025-11-15,2025,40025,Nigeria: Communal violence - Benue - 01/11/2025,COMMUNAL_VIOLENCE,Local Identifier,2025-11-01,2025-11-30,,,,,,IOM DTM - Nigeria,,"Yaav, Kwande, Benue, Nigeria","6.912557, 9.515511",County/City/town/Village/Woreda (ADM3),Origin and destination,Displacement without preventive evacuations reported,2026-02-19T10:37:40.576873Z,"Nigeria: 23 displacements, 15 November - 15 November. According to IOM DTM, 23 new internal displacements have been recorded in Nigeria between 15 November 2025 and 15 November 2025 as a result of Communal violence. This figure might be preliminary. IOM DTM - Nigeria - 03 December 2025",,Conflict
240212,Nigeria,NGA,10.76641185,12.79213025,"[10.76641185, 12.79213025]",Recommended figure,Conflict,total,11,2025-11-15,2025-11-15,2025-11-15,2025,33604,Nigeria: Non-International armed conflict (NIAC) - Borno - 2025,,,2025-01-01,2025-12-31,,,,,,IOM DTM - Nigeria,,"Mbalala, Chibok, Borno State, Nigeria; Shikarkir, Chibok, Borno, Nigeria","10.7612105, 12.8362706; 10.7716132, 12.7479899",County/City/town/Village/Woreda (ADM3); County/City/town/Village/Woreda (ADM3),Destination; Origin,Displacement without preventive evacuations reported,2026-02-19T16:44:07.937651Z,"Nigeria: 11 displacements, 15 November - 15 November. According to IOM DTM, 11 new internal displacements have been recorded in Nigeria on 15 November 2025 as a result of Non-International armed conflict (NIAC). This figure might be preliminary. IOM DTM - Nigeria - 13 February 2026",,Conflict
240210,Nigeria,NGA,10.65297285,12.29529805,"[10.65297285, 12.29529805]",Recommended figure,Conflict,total,15,2025-11-15,2025-11-15,2025-11-15,2025,33604,Nigeria: Non-International armed conflict (NIAC) - Borno - 2025,,,2025-01-01,2025-12-31,,,,,,IOM DTM - Nigeria,,"Mandara Girau, Biu Emirate, Borno, Nigeria; Yawi, Biu, Borno State, Nigeria","10.7096776, 12.3692982; 10.5962681, 12.2212979",County/City/town/Village/Woreda (ADM3); County/City/town/Village/Woreda (ADM3),Origin; Destination,Displacement without preventive evacuations reported,2026-02-19T16:44:07.802335Z,"Nigeria: 15 displacements, 15 November - 15 November. According to IOM DTM, 15 new internal displacements have been recorded in Nigeria on 15 November 2025 as a result of Non-International armed conflict (NIAC). This figure might be preliminary. IOM DTM - Nigeria - 13 February 2026",,Conflict
240209,Nigeria,NGA,11.62365695,12.12594685,"[11.62365695, 12.12594685]",Recommended figure,Conflict,total,66,2025-11-13,2025-11-13,2025-11-13,2025,33607,Nigeria: Non-International armed conflict (NIAC) - Yobe - 2025,,,2025-01-01,2025-12-31,,,,,,IOM DTM - Nigeria,,"Damaturu Central, Damaturu, Yobe State, Nigeria; Goniri, Gujba, Yobe, Nigeria","11.75996, 11.93942; 11.4873539, 12.3124737",County/City/town/Village/Woreda (ADM3); County/City/town/Village/Woreda (ADM3),Destination; Origin,Displacement without preventive evacuations reported,2026-02-19T16:44:07.738786Z,"Nigeria: 66 displacements, 13 November - 13 November. According to IOM DTM, 66 new internal displacements have been recorded in Nigeria on 13 November 2025 as a result of Non-International armed conflict (NIAC). This figure might be preliminary. IOM DTM - Nigeria - 13 February 2026",,Conflict
240202,Nigeria,NGA,12.7971887,13.621502,"[12.7971887, 13.621502]",Recommended figure,Conflict,total,21,2025-11-12,2025-11-12,2025-11-12,2025,33604,Nigeria: Non-International armed conflict (NIAC) - Borno - 2025,,,2025-01-01,2025-12-31,,,,,,IOM DTM - Nigeria,,"Kukawa, Kukawa, Borno, Nigeria; Monguno, Monguno, Borno, Nigeria","12.92146, 13.62699; 12.6729174, 13.616014",County/City/town/Village/Woreda (ADM3); County/City/town/Village/Woreda (ADM3),Origin; Destination,Displacement without preventive evacuations reported,2026-02-19T16:44:07.275208Z,"Nigeria: 21 displacements, 12 November - 12 November. According to IOM DTM, 21 new internal displacements have been recorded in Nigeria on 12 November 2025 as a result of Non-International armed conflict (NIAC). This figure might be preliminary. IOM DTM - Nigeria - 13 February 2026",,Conflict
240208,Nigeria,NGA,10.66446275,13.48746895,"[10.66446275, 13.48746895]",Recommended figure,Conflict,total,36,2025-11-12,2025-11-12,2025-11-12,2025,33604,Nigeria: Non-International armed conflict (NIAC) - Borno - 2025,,,2025-01-01,2025-12-31,,,,,,IOM DTM - Nigeria,,"Gwoza, Hausari, Gwoza, Borno, Nigeria; Nassarawo, Mubi South, Adamawa, Nigeria","11.08309, 13.69416; 10.2458355, 13.2807779",County/City/town/Village/Woreda (ADM3); County/City/town/Village/Woreda (ADM3),Origin; Destination,Displacement without preventive evacuations reported,2026-02-19T16:44:07.675378Z,"Nigeria: 36 displacements, 12 November - 12 November. According to IOM DTM, 36 new internal displacements have been recorded in Nigeria on 12 November 2025 as a result of Non-International armed conflict (NIAC). This figure might be preliminary. IOM DTM - Nigeria - 13 February 2026",,Conflict
240206,Nigeria,NGA,10.64739205,12.68015795,"[10.64739205, 12.68015795]",Recommended figure,Conflict,total,27,2025-11-12,2025-11-12,2025-11-12,2025,33604,Nigeria: Non-International armed conflict (NIAC) - Borno - 2025,,,2025-01-01,2025-12-31,,,,,,IOM DTM - Nigeria,,"Chibok Wuntaku, Chibok, Borno, Nigeria; Garkida, Gombi, Adamawa, Nigeria","10.8802641, 12.7939759; 10.41452, 12.56634",County/City/town/Village/Woreda (ADM3); County/City/town/Village/Woreda (ADM3),Origin; Destination,Displacement without preventive evacuations reported,2026-02-19T16:44:07.541749Z,"Nigeria: 27 displacements, 12 November - 12 November. According to IOM DTM, 27 new internal displacements have been recorded in Nigeria on 12 November 2025 as a result of Non-International armed conflict (NIAC). This figure might be preliminary. IOM DTM - Nigeria - 13 February 2026",,Conflict
240205,Nigeria,NGA,10.672787249999999,8.19754575,"[10.672787249999999, 8.19754575]",Recommended figure,Conflict,total,5,2025-11-12,2025-11-12,2025-11-12,2025,40037,Nigeria: Crime-related violence - Kebbi - 01/11/2025,CRIME_RELATED,Local Identifier,2025-11-01,2025-11-30,,,,,,IOM DTM - Nigeria,,"Kamba-Kamba, Dandi, Kebbi State, Nigeria; Nassarawo, Fufore, Adamawa State, Nigeria","11.8955745, 3.6617585; 9.45, 12.733333",County/City/town/Village/Woreda (ADM3); County/City/town/Village/Woreda (ADM3),Origin; Destination,Displacement without preventive evacuations reported,2026-02-19T16:44:07.473845Z,"Nigeria: 5 displacements, 12 November - 12 November. According to IOM DTM, 5 new internal displacements have been recorded in Nigeria on 12 November 2025 as a result of Crime-related violence. This figure might be preliminary. IOM DTM - Nigeria - 13 February 2026",,Conflict
240201,Nigeria,NGA,11.6325154,13.8691206,"[11.6325154, 13.8691206]",Recommended figure,Conflict,total,9,2025-11-11,2025-11-11,2025-11-11,2025,33604,Nigeria: Non-International armed conflict (NIAC) - Borno - 2025,,,2025-01-01,2025-12-31,,,,,,IOM DTM - Nigeria,,"Shelmi / Sukur/ Vapura, Madagali, Adamawa, Nigeria; Wulgo, Ngala, Borno State, Nigeria","10.781116, 13.5552603; 12.4839148, 14.1829809",County/City/town/Village/Woreda (ADM3); County/City/town/Village/Woreda (ADM3),Destination; Origin,Displacement without preventive evacuations reported,2026-02-19T16:44:07.203827Z,"Nigeria: 9 displacements, 11 November - 11 November. According to IOM DTM, 9 new internal displacements have been recorded in Nigeria on 11 November 2025 as a result of Non-International armed conflict (NIAC). This figure might be preliminary. IOM DTM - Nigeria - 13 February 2026",,Conflict
240199,Nigeria,NGA,12.8240269,13.4530435,"[12.8240269, 13.4530435]",Recommended figure,Conflict,total,15,2025-11-11,2025-11-11,2025-11-11,2025,40036,Nigeria: Crime-related violence - Borno - 01/11/2025,CRIME_RELATED,Local Identifier,2025-11-01,2025-11-30,,,,,,IOM DTM - Nigeria,,"Gudumbali East, Guzamala, Borno State, Nigeria; Monguno, Monguno, Borno, Nigeria","12.9751364, 13.290073; 12.6729174, 13.616014",County/City/town/Village/Woreda (ADM3); County/City/town/Village/Woreda (ADM3),Origin; Destination,Displacement without preventive evacuations reported,2026-02-19T16:44:04.203490Z,"Nigeria: 15 displacements, 11 November - 11 November. According to IOM DTM, 15 new internal displacements have been recorded in Nigeria on 11 November 2025 as a result of Crime-related violence. This figure might be preliminary. IOM DTM - Nigeria - 13 February 2026",,Conflict
240198,Nigeria,NGA,11.4499473,14.0506762,"[11.4499473, 14.0506762]",Recommended figure,Conflict,total,7,2025-11-11,2025-11-11,2025-11-11,2025,33604,Nigeria: Non-International armed conflict (NIAC) - Borno - 2025,,,2025-01-01,2025-12-31,,,,,,IOM DTM - Nigeria,,"Bama, Borno, Nigeria; Yabiri Kura/Yabiri Gana/Chongolo, Bama, Borno, Nigeria","11.51319, 14.02445; 11.3867046, 14.0769024",County/City/town/Village/Woreda (ADM3); County/City/town/Village/Woreda (ADM3),Destination; Origin,Displacement without preventive evacuations reported,2026-02-19T16:44:04.156633Z,"Nigeria: 7 displacements, 11 November - 11 November. According to IOM DTM, 7 new internal displacements have been recorded in Nigeria on 11 November 2025 as a result of Non-International armed conflict (NIAC). This figure might be preliminary. IOM DTM - Nigeria - 13 February 2026",,Conflict
240207,Nigeria,NGA,10.16454165,12.5921506,"[10.16454165, 12.5921506]",Recommended figure,Conflict,total,13,2025-11-11,2025-11-11,2025-11-11,2025,33604,Nigeria: Non-International armed conflict (NIAC) - Borno - 2025,,,2025-01-01,2025-12-31,,,,,,IOM DTM - Nigeria,,"Azur/Multe/Forfor, Damboa, Borno, Nigeria; Pariya, Fufore, Adamawa, Nigeria","10.9485533, 12.4839212; 9.38053, 12.70038",County/City/town/Village/Woreda (ADM3); County/City/town/Village/Woreda (ADM3),Origin; Destination,Displacement without preventive evacuations reported,2026-02-19T16:44:07.615315Z,"Nigeria: 13 displacements, 11 November - 11 November. According to IOM DTM, 13 new internal displacements have been recorded in Nigeria on 11 November 2025 as a result of Non-International armed conflict (NIAC). This figure might be preliminary. IOM DTM - Nigeria - 13 February 2026",,Conflict
240200,Nigeria,NGA,10.825938650000001,12.7709829,"[10.825938650000001, 12.7709829]",Recommended figure,Conflict,total,10,2025-11-10,2025-11-10,2025-11-10,2025,33604,Nigeria: Non-International armed conflict (NIAC) - Borno - 2025,,,2025-01-01,2025-12-31,,,,,,IOM DTM - Nigeria,,"Chibok Wuntaku, Chibok, Borno, Nigeria; Shikarkir, Chibok, Borno, Nigeria","10.8802641, 12.7939759; 10.7716132, 12.7479899",County/City/town/Village/Woreda (ADM3); County/City/town/Village/Woreda (ADM3),Destination; Origin,Displacement without preventive evacuations reported,2026-02-19T16:44:04.245915Z,"Nigeria: 10 displacements, 10 November - 10 November. According to IOM DTM, 10 new internal displacements have been recorded in Nigeria on 10 November 2025 as a result of Non-International armed conflict (NIAC). This figure might be preliminary. IOM DTM - Nigeria - 13 February 2026",,Conflict
240203,Nigeria,NGA,10.496880099999998,13.0616959,"[10.496880099999998, 13.0616959]",Recommended figure,Conflict,total,132,2025-11-10,2025-11-10,2025-11-10,2025,33604,Nigeria: Non-International armed conflict (NIAC) - Borno - 2025,,,2025-01-01,2025-12-31,,,,,,IOM DTM - Nigeria,,"Dille / Huyum, Askira/Uba, Borno, Nigeria; Hong, Hong, Adamawa, Nigeria","10.7636674, 13.1971067; 10.2300928, 12.9262851",County/City/town/Village/Woreda (ADM3); County/City/town/Village/Woreda (ADM3),Origin; Destination,Displacement without preventive evacuations reported,2026-02-19T16:44:07.346951Z,"Nigeria: 132 displacements, 10 November - 10 November. According to IOM DTM, 132 new internal displacements have been recorded in Nigeria on 10 November 2025 as a result of Non-International armed conflict (NIAC). This figure might be preliminary. IOM DTM - Nigeria - 13 February 2026",,Conflict
240194,Nigeria,NGA,11.78436825,12.3742032,"[11.78436825, 12.3742032]",Recommended figure,Conflict,total,13,2025-11-10,2025-11-10,2025-11-10,2025,33604,Nigeria: Non-International armed conflict (NIAC) - Borno - 2025,,,2025-01-01,2025-12-31,,,,,,IOM DTM - Nigeria,,"Benisheikh, Kaga, Borno State, Nigeria; Ngamdu, Kaga, Borno State, Nigeria","11.809189, 12.491506; 11.7595475, 12.2569004",County/City/town/Village/Woreda (ADM3); County/City/town/Village/Woreda (ADM3),Destination; Origin,Displacement without preventive evacuations reported,2026-02-19T16:44:03.967382Z,"Nigeria: 13 displacements, 10 November - 10 November. According to IOM DTM, 13 new internal displacements have been recorded in Nigeria on 10 November 2025 as a result of Non-International armed conflict (NIAC). This figure might be preliminary. IOM DTM - Nigeria - 13 February 2026",,Conflict
240195,Nigeria,NGA,11.9835191,11.89997535,"[11.9835191, 11.89997535]",Recommended figure,Conflict,total,14,2025-11-10,2025-11-10,2025-11-10,2025,33607,Nigeria: Non-International armed conflict (NIAC) - Yobe - 2025,,,2025-01-01,2025-12-31,,,,,,IOM DTM - Nigeria,,"Gulak, Madagali, Adamawa State, Nigeria; Gumshi, Yusufari, Yobe, Nigeria","10.8058823, 13.4575285; 13.1611559, 10.3424222",County/City/town/Village/Woreda (ADM3); County/City/town/Village/Woreda (ADM3),Destination; Origin,Displacement without preventive evacuations reported,2026-02-19T16:44:04.015878Z,"Nigeria: 14 displacements, 10 November - 10 November. According to IOM DTM, 14 new internal displacements have been recorded in Nigeria on 10 November 2025 as a result of Non-International armed conflict (NIAC). This figure might be preliminary. IOM DTM - Nigeria - 13 February 2026",,Conflict
240196,Nigeria,NGA,11.4499473,14.0506762,"[11.4499473, 14.0506762]",Recommended figure,Conflict,total,25,2025-11-10,2025-11-10,2025-11-10,2025,33604,Nigeria: Non-International armed conflict (NIAC) - Borno - 2025,,,2025-01-01,2025-12-31,,,,,,IOM DTM - Nigeria,,"Bama, Borno, Nigeria; Yabiri Kura/Yabiri Gana/Chongolo, Bama, Borno, Nigeria","11.51319, 14.02445; 11.3867046, 14.0769024",County/City/town/Village/Woreda (ADM3); County/City/town/Village/Woreda (ADM3),Destination; Origin,Displacement without preventive evacuations reported,2026-02-19T16:44:04.062491Z,"Nigeria: 25 displacements, 10 November - 10 November. According to IOM DTM, 25 new internal displacements have been recorded in Nigeria on 10 November 2025 as a result of Non-International armed conflict (NIAC). This figure might be preliminary. IOM DTM - Nigeria - 13 February 2026",,Conflict
240197,Nigeria,NGA,9.4227065,11.96807735,"[9.4227065, 11.96807735]",Recommended figure,Disaster,total,16,2025-11-10,2025-11-10,2025-11-10,2025,40047,Nigeria: Flood - Adamawa - 01/11/2025,FLOOD,Local Identifier,2025-11-01,2025-11-30,Weather related,Hydrological,Flood,Flood,,IOM DTM - Nigeria,,"Dong, Demsa, Adamawa, Nigeria; Sabon Pegi, Numan, Adamawa, Nigeria","9.40233, 11.91573; 9.443083, 12.0204247",County/City/town/Village/Woreda (ADM3); County/City/town/Village/Woreda (ADM3),Origin; Destination,Displacement without preventive evacuations reported,2026-02-19T16:44:04.114162Z,"Nigeria: 16 displacements, 10 November - 10 November. According to IOM DTM, 16 new internal displacements have been recorded in Nigeria on 10 November 2025 as a result of Flood. This figure might be preliminary. IOM DTM - Nigeria - 13 February 2026",,Flood
240204,Nigeria,NGA,8.219414,10.89677125,"[8.219414, 10.89677125]",Recommended figure,Conflict,total,17,2025-11-10,2025-11-10,2025-11-10,2025,39106,Nigeria: Non-International armed conflict (NIAC) - Benue - 2025,,,2025-01-01,2025-12-31,,,,,,IOM DTM - Nigeria,,"Ikurav Tiev I, Katsina-Ala, Benue, Nigeria; Yola North, Adamawa, Nigeria","7.2651089, 9.378409000000001; 9.1737191, 12.4151335",County/City/town/Village/Woreda (ADM3); County/City/town/Village/Woreda (ADM3),Origin; Destination,Displacement without preventive evacuations reported,2026-02-19T16:44:07.411457Z,"Nigeria: 17 displacements, 10 November - 10 November. According to IOM DTM, 17 new internal displacements have been recorded in Nigeria on 10 November 2025 as a result of Non-International armed conflict (NIAC). This figure might be preliminary. IOM DTM - Nigeria - 13 February 2026",,Conflict
240186,Nigeria,NGA,9.8177603,12.398493649999999,"[9.8177603, 12.398493649999999]",Recommended figure,Conflict,total,51,2025-11-06,2025-11-06,2025-11-06,2025,33604,Nigeria: Non-International armed conflict (NIAC) - Borno - 2025,,,2025-01-01,2025-12-31,,,,,,IOM DTM - Nigeria,,"Bole Yolde Pate, Yola North, Adamawa, Nigeria; Shaffa, Hawul, Borno State, Nigeria","9.1287206, 12.4609873; 10.5068, 12.336",County/City/town/Village/Woreda (ADM3); County/City/town/Village/Woreda (ADM3),Destination; Origin,Displacement without preventive evacuations reported,2026-02-19T16:44:03.591153Z,"Nigeria: 51 displacements, 06 November - 06 November. According to IOM DTM, 51 new internal displacements have been recorded in Nigeria on 06 November 2025 as a result of Non-International armed conflict (NIAC). This figure might be preliminary. IOM DTM - Nigeria - 13 February 2026",,Conflict
240193,Nigeria,NGA,10.6896187,13.368393399999999,"[10.6896187, 13.368393399999999]",Recommended figure,Conflict,total,15,2025-11-06,2025-11-06,2025-11-06,2025,33604,Nigeria: Non-International armed conflict (NIAC) - Borno - 2025,,,2025-01-01,2025-12-31,,,,,,IOM DTM - Nigeria,,"Bita Izge, Gwoza, Borno State, Nigeria; Mujara, Mubi South, Adamawa, Nigeria","11.1617765, 13.3665057; 10.2174609, 13.3702811",County/City/town/Village/Woreda (ADM3); County/City/town/Village/Woreda (ADM3),Origin; Destination,Displacement without preventive evacuations reported,2026-02-19T16:44:03.920332Z,"Nigeria: 15 displacements, 06 November - 06 November. According to IOM DTM, 15 new internal displacements have been recorded in Nigeria on 06 November 2025 as a result of Non-International armed conflict (NIAC). This figure might be preliminary. IOM DTM - Nigeria - 13 February 2026",,Conflict
240187,Nigeria,NGA,7.2590463,8.024700500000002,"[7.2590463, 8.024700500000002]",Triangulation,Conflict,total,32,2025-11-05,2025-11-05,2025-11-05,2025,40025,Nigeria: Communal violence - Benue - 01/11/2025,COMMUNAL_VIOLENCE,Local Identifier,2025-11-01,2025-11-30,,,,,,IOM DTM - Nigeria,,"Oglewu Icho, Ohimini, Benue, Nigeria","7.2590463, 8.024700500000002",County/City/town/Village/Woreda (ADM3),Origin and destination,Displacement without preventive evacuations reported,2026-02-19T16:44:03.639180Z,"Nigeria: 32 displacements, 05 November - 05 November. According to IOM DTM, 32 new internal displacements have been recorded in Nigeria on 05 November 2025 as a result of Communal violence. This figure might be preliminary. IOM DTM - Nigeria - 13 February 2026",,Conflict
240189,Nigeria,NGA,10.991468300000001,13.27131705,"[10.991468300000001, 13.27131705]",Recommended figure,Conflict,total,38,2025-11-05,2025-11-05,2025-11-05,2025,33604,Nigeria: Non-International armed conflict (NIAC) - Borno - 2025,,,2025-01-01,2025-12-31,,,,,,IOM DTM - Nigeria,,"Dalori / Wanori, Konduga, Borno, Nigeria; Lamorde, Mubi South, Adamawa, Nigeria","11.7523766, 13.2836641; 10.23056, 13.25897",County/City/town/Village/Woreda (ADM3); County/City/town/Village/Woreda (ADM3),Origin; Destination,Displacement without preventive evacuations reported,2026-02-19T16:44:03.731883Z,"Nigeria: 38 displacements, 05 November - 05 November. According to IOM DTM, 38 new internal displacements have been recorded in Nigeria on 05 November 2025 as a result of Non-International armed conflict (NIAC). This figure might be preliminary. IOM DTM - Nigeria - 13 February 2026",,Conflict
240188,Nigeria,NGA,10.97551625,13.368393399999999,"[10.97551625, 13.368393399999999]",Recommended figure,Conflict,total,17,2025-11-05,2025-11-05,2025-11-05,2025,33604,Nigeria: Non-International armed conflict (NIAC) - Borno - 2025,,,2025-01-01,2025-12-31,,,,,,IOM DTM - Nigeria,,"Bita Izge, Gwoza, Borno State, Nigeria; K/Wuro Ngayandi, Madagali, Adamawa, Nigeria","11.1617765, 13.3665057; 10.789256, 13.3702811",County/City/town/Village/Woreda (ADM3); County/City/town/Village/Woreda (ADM3),Origin; Destination,Displacement without preventive evacuations reported,2026-02-19T16:44:03.682321Z,"Nigeria: 17 displacements, 05 November - 05 November. According to IOM DTM, 17 new internal displacements have been recorded in Nigeria on 05 November 2025 as a result of Non-International armed conflict (NIAC). This figure might be preliminary. IOM DTM - Nigeria - 13 February 2026",,Conflict
240184,Nigeria,NGA,11.51319,14.02445,"[11.51319, 14.02445]",Recommended figure,Conflict,total,9,2025-11-05,2025-11-05,2025-11-05,2025,33604,Nigeria: Non-International armed conflict (NIAC) - Borno - 2025,,,2025-01-01,2025-12-31,,,,,,IOM DTM - Nigeria,,"Bama, Borno, Nigeria","11.51319, 14.02445",County/City/town/Village/Woreda (ADM3),Origin and destination,Displacement without preventive evacuations reported,2026-02-19T16:44:03.496379Z,"Nigeria: 9 displacements, 05 November - 05 November. According to IOM DTM, 9 new internal displacements have been recorded in Nigeria on 05 November 2025 as a result of Non-International armed conflict (NIAC). This figure might be preliminary. IOM DTM - Nigeria - 13 February 2026",,Conflict
240183,Nigeria,NGA,12.01688425,13.942380750000002,"[12.01688425, 13.942380750000002]",Recommended figure,Conflict,total,5,2025-11-05,2025-11-05,2025-11-05,2025,33604,Nigeria: Non-International armed conflict (NIAC) - Borno - 2025,,,2025-01-01,2025-12-31,,,,,,IOM DTM - Nigeria,,"Dikwa, Dikwa, Borno State, Nigeria; Ufaye / Gujile, Dikwa, Borno, Nigeria","12.03609, 13.91815; 11.9976785, 13.9666115",County/City/town/Village/Woreda (ADM3); County/City/town/Village/Woreda (ADM3),Destination; Origin,Displacement without preventive evacuations reported,2026-02-19T16:44:03.451417Z,"Nigeria: 5 displacements, 05 November - 05 November. According to IOM DTM, 5 new internal displacements have been recorded in Nigeria on 05 November 2025 as a result of Non-International armed conflict (NIAC). This figure might be preliminary. IOM DTM - Nigeria - 13 February 2026",,Conflict
240179,Nigeria,NGA,9.289360299999998,12.59716015,"[9.289360299999998, 12.59716015]",Recommended figure,Disaster,total,79,2025-11-05,2025-11-05,2025-11-05,2025,40047,Nigeria: Flood - Adamawa - 01/11/2025,FLOOD,Local Identifier,2025-11-01,2025-11-30,Weather related,Hydrological,Flood,Flood,,IOM DTM - Nigeria,,"Bole Yolde Pate, Yola North, Adamawa, Nigeria; Nassarawo, Fufore, Adamawa State, Nigeria","9.1287206, 12.4609873; 9.45, 12.733333",County/City/town/Village/Woreda (ADM3); County/City/town/Village/Woreda (ADM3),Destination; Origin,Displacement without preventive evacuations reported,2026-02-19T16:44:03.274382Z,"Nigeria: 79 displacements, 05 November - 05 November. According to IOM DTM, 79 new internal displacements have been recorded in Nigeria on 05 November 2025 as a result of Flood. This figure might be preliminary. IOM DTM - Nigeria - 13 February 2026",,Flood
238912,Nigeria,NGA,10.13232915,5.056830399999999,"[10.13232915, 5.056830399999999]",Recommended figure,Conflict,total,3021,2025-11-05,2025-11-05,2025-11-05,2025,40131,Nigeria: Crime-related violence - Niger - 01/11/2025,CRIME_RELATED,Local Identifier,2025-11-01,2025-11-30,,,,,,IOM DTM - Nigeria,,"Arewa, Kontagora, Niger, Nigeria; Kontagora, Niger, Nigeria","10.4239367, 5.4699173; 9.840721600000002, 4.643743499999999",County/City/town/Village/Woreda (ADM3); County/City/town/Village/Woreda (ADM3),Destination; Origin,Displacement without preventive evacuations reported,2026-02-19T10:37:40.401962Z,"Nigeria: 3,021 displacements, 05 November - 05 November. According to IOM DTM, 3021 new internal displacements have been recorded in Nigeria between 05 November 2025 and 05 November 2025 as a result of Crime-related violence. This figure might be preliminary. IOM DTM - Nigeria - 03 December 2025",,Conflict
239304,Nigeria,NGA,7.2590463,8.024700500000002,"[7.2590463, 8.024700500000002]",Recommended figure,Conflict,total,32,2025-11-06,2025-11-04,2025-11-06,2025,40025,Nigeria: Communal violence - Benue - 01/11/2025,COMMUNAL_VIOLENCE,Local Identifier,2025-11-01,2025-11-30,,,,,,IOM DTM - Nigeria,,"Oglewu Icho, Ohimini, Benue, Nigeria","7.2590463, 8.024700500000002",County/City/town/Village/Woreda (ADM3),Origin and destination,Displacement without preventive evacuations reported,2026-02-19T11:22:51.164905Z,"Nigeria: 32 displacements, 04 November - 06 November. According to IOM DTM, 32 new internal displacements have been recorded in Nigeria between 04 November 2025 and 06 November 2025 as a result of Communal violence. This figure might be preliminary. IOM DTM - Nigeria - 03 December 2025",,Conflict
240182,Nigeria,NGA,9.590696300000001,11.777048,"[9.590696300000001, 11.777048]",Recommended figure,Conflict,total,17,2025-11-04,2025-11-04,2025-11-04,2025,40024,Nigeria: Communal violence - Adamawa - 01/11/2025,COMMUNAL_VIOLENCE,Local Identifier,2025-11-01,2025-11-30,,,,,,IOM DTM - Nigeria,,"Lamurde, Larmurde, Adamawa State, Nigeria; Rigange primary heath center, Lafia, Larmurde, Adamawa State, Nigeria","9.6072357, 11.7930477; 9.5741569, 11.7610483",County/City/town/Village/Woreda (ADM3); County/City/town/Village/Woreda (ADM3),Origin; Destination,Displacement without preventive evacuations reported,2026-02-19T16:44:03.410774Z,"Nigeria: 17 displacements, 04 November - 04 November. According to IOM DTM, 17 new internal displacements have been recorded in Nigeria on 04 November 2025 as a result of Communal violence. This figure might be preliminary. IOM DTM - Nigeria - 13 February 2026",,Conflict
240178,Nigeria,NGA,11.4499473,14.0506762,"[11.4499473, 14.0506762]",Recommended figure,Conflict,total,11,2025-11-04,2025-11-04,2025-11-04,2025,33604,Nigeria: Non-International armed conflict (NIAC) - Borno - 2025,,,2025-01-01,2025-12-31,,,,,,IOM DTM - Nigeria,,"Bama, Borno, Nigeria; Yabiri Kura/Yabiri Gana/Chongolo, Bama, Borno, Nigeria","11.51319, 14.02445; 11.3867046, 14.0769024",County/City/town/Village/Woreda (ADM3); County/City/town/Village/Woreda (ADM3),Destination; Origin,Displacement without preventive evacuations reported,2026-02-19T16:44:03.220562Z,"Nigeria: 11 displacements, 04 November - 04 November. According to IOM DTM, 11 new internal displacements have been recorded in Nigeria on 04 November 2025 as a result of Non-International armed conflict (NIAC). This figure might be preliminary. IOM DTM - Nigeria - 13 February 2026",,Conflict
240181,Nigeria,NGA,9.494726700000001,11.9811616,"[9.494726700000001, 11.9811616]",Recommended figure,Disaster,total,17,2025-11-04,2025-11-04,2025-11-04,2025,40047,Nigeria: Flood - Adamawa - 01/11/2025,FLOOD,Local Identifier,2025-11-01,2025-11-30,Weather related,Hydrological,Flood,Flood,,IOM DTM - Nigeria,,"Numan III, Numan, Adamawa, Nigeria; Opalo, Larmurde, Adamawa State, Nigeria","9.4727864, 12.0289902; 9.516667, 11.933333",County/City/town/Village/Woreda (ADM3); County/City/town/Village/Woreda (ADM3),Destination; Origin,Displacement without preventive evacuations reported,2026-02-19T16:44:03.369588Z,"Nigeria: 17 displacements, 04 November - 04 November. According to IOM DTM, 17 new internal displacements have been recorded in Nigeria on 04 November 2025 as a result of Flood. This figure might be preliminary. IOM DTM - Nigeria - 13 February 2026",,Flood
240192,Nigeria,NGA,9.3628,12.54512,"[9.3628, 12.54512]",Recommended figure,Conflict,total,72,2025-11-04,2025-11-04,2025-11-04,2025,33602,Nigeria: Non-International armed conflict (NIAC) - Adamawa - 2025,,,2025-01-01,2025-12-31,,,,,,IOM DTM - Nigeria,,"Girei, Girei, Adamawa, Nigeria","9.3628, 12.54512",County/City/town/Village/Woreda (ADM3),Origin and destination,Displacement without preventive evacuations reported,2026-02-19T16:44:03.873290Z,"Nigeria: 72 displacements, 04 November - 04 November. According to IOM DTM, 72 new internal displacements have been recorded in Nigeria on 04 November 2025 as a result of Non-International armed conflict (NIAC). This figure might be preliminary. IOM DTM - Nigeria - 13 February 2026",,Conflict
240191,Nigeria,NGA,10.6506149,13.32608805,"[10.6506149, 13.32608805]",Recommended figure,Conflict,total,45,2025-11-04,2025-11-04,2025-11-04,2025,33602,Nigeria: Non-International armed conflict (NIAC) - Adamawa - 2025,,,2025-01-01,2025-12-31,,,,,,IOM DTM - Nigeria,,"Lassa, Askira-Uba, Borno State, Nigeria; Michika I, Michika, Adamawa, Nigeria","10.6804165, 13.27323; 10.6208133, 13.3789461",County/City/town/Village/Woreda (ADM3); County/City/town/Village/Woreda (ADM3),Destination; Origin,Displacement without preventive evacuations reported,2026-02-19T16:44:03.827952Z,"Nigeria: 45 displacements, 04 November - 04 November. According to IOM DTM, 45 new internal displacements have been recorded in Nigeria on 04 November 2025 as a result of Non-International armed conflict (NIAC). This figure might be preliminary. IOM DTM - Nigeria - 13 February 2026",,Conflict
240190,Nigeria,NGA,10.06875265,12.9878039,"[10.06875265, 12.9878039]",Recommended figure,Conflict,total,33,2025-11-04,2025-11-04,2025-11-04,2025,33604,Nigeria: Non-International armed conflict (NIAC) - Borno - 2025,,,2025-01-01,2025-12-31,,,,,,IOM DTM - Nigeria,,"Kurana Bassa/Ngoshe-Sama'a, Gwoza, Borno, Nigeria; Mayo Ine, Fufore, Adamawa, Nigeria","11.0224153, 13.7475178; 9.11509, 12.22809",County/City/town/Village/Woreda (ADM3); County/City/town/Village/Woreda (ADM3),Origin; Destination,Displacement without preventive evacuations reported,2026-02-19T16:44:03.779583Z,"Nigeria: 33 displacements, 04 November - 04 November. According to IOM DTM, 33 new internal displacements have been recorded in Nigeria on 04 November 2025 as a result of Non-International armed conflict (NIAC). This figure might be preliminary. IOM DTM - Nigeria - 13 February 2026",,Conflict
240185,Nigeria,NGA,10.825938650000001,12.7709829,"[10.825938650000001, 12.7709829]",Recommended figure,Conflict,total,8,2025-11-03,2025-11-03,2025-11-03,2025,33604,Nigeria: Non-International armed conflict (NIAC) - Borno - 2025,,,2025-01-01,2025-12-31,,,,,,IOM DTM - Nigeria,,"Chibok Wuntaku, Chibok, Borno, Nigeria; Shikarkir, Chibok, Borno, Nigeria","10.8802641, 12.7939759; 10.7716132, 12.7479899",County/City/town/Village/Woreda (ADM3); County/City/town/Village/Woreda (ADM3),Destination; Origin,Displacement without preventive evacuations reported,2026-02-19T16:44:03.543883Z,"Nigeria: 8 displacements, 03 November - 03 November. According to IOM DTM, 8 new internal displacements have been recorded in Nigeria on 03 November 2025 as a result of Non-International armed conflict (NIAC). This figure might be preliminary. IOM DTM - Nigeria - 13 February 2026",,Conflict
240177,Nigeria,NGA,11.18605905,13.6612436,"[11.18605905, 13.6612436]",Recommended figure,Conflict,total,14,2025-11-03,2025-11-03,2025-11-03,2025,33604,Nigeria: Non-International armed conflict (NIAC) - Borno - 2025,,,2025-01-01,2025-12-31,,,,,,IOM DTM - Nigeria,,"Kumshe /Nduguno, Bama, Borno, Nigeria; Madagali, Madagali, Adamawa, Nigeria","11.4826981, 13.6941672; 10.88942, 13.62832",County/City/town/Village/Woreda (ADM3); County/City/town/Village/Woreda (ADM3),Origin; Destination,Displacement without preventive evacuations reported,2026-02-19T16:44:03.173561Z,"Nigeria: 14 displacements, 03 November - 03 November. According to IOM DTM, 14 new internal displacements have been recorded in Nigeria on 03 November 2025 as a result of Non-International armed conflict (NIAC). This figure might be preliminary. IOM DTM - Nigeria - 13 February 2026",,Conflict
240180,Nigeria,NGA,9.519256500000001,12.03274235,"[9.519256500000001, 12.03274235]",Recommended figure,Conflict,total,27,2025-11-03,2025-11-03,2025-11-03,2025,33602,Nigeria: Non-International armed conflict (NIAC) - Adamawa - 2025,,,2025-01-01,2025-12-31,,,,,,IOM DTM - Nigeria,,"Bare, Numan, Adamawa, Nigeria; Sabon Pegi, Numan, Adamawa, Nigeria","9.59543, 12.04506; 9.443083, 12.0204247",County/City/town/Village/Woreda (ADM3); County/City/town/Village/Woreda (ADM3),Origin; Destination,Displacement without preventive evacuations reported,2026-02-19T16:44:03.318285Z,"Nigeria: 27 displacements, 03 November - 03 November. According to IOM DTM, 27 new internal displacements have been recorded in Nigeria on 03 November 2025 as a result of Non-International armed conflict (NIAC). This figure might be preliminary. IOM DTM - Nigeria - 13 February 2026",,Conflict
240176,Nigeria,NGA,10.7716132,12.7479899,"[10.7716132, 12.7479899]",Recommended figure,Conflict,total,10,2025-11-01,2025-11-01,2025-11-01,2025,33604,Nigeria: Non-International armed conflict (NIAC) - Borno - 2025,,,2025-01-01,2025-12-31,,,,,,IOM DTM - Nigeria,,"Shikarkir, Chibok, Borno, Nigeria","10.7716132, 12.7479899",County/City/town/Village/Woreda (ADM3),Origin and destination,Displacement without preventive evacuations reported,2026-02-19T16:44:03.118832Z,"Nigeria: 10 displacements, 01 November - 01 November. According to IOM DTM, 10 new internal displacements have been recorded in Nigeria on 01 November 2025 as a result of Non-International armed conflict (NIAC). This figure might be preliminary. IOM DTM - Nigeria - 13 February 2026",,Conflict
240174,Nigeria,NGA,12.7197922,13.658007,"[12.7197922, 13.658007]",Recommended figure,Conflict,total,3,2025-10-31,2025-10-31,2025-10-31,2025,33604,Nigeria: Non-International armed conflict (NIAC) - Borno - 2025,,,2025-01-01,2025-12-31,,,,,,IOM DTM - Nigeria,,"Kekeno, Kukawa, Borno State, Nigeria; Monguno, Monguno, Borno, Nigeria","12.766667, 13.7; 12.6729174, 13.616014",County/City/town/Village/Woreda (ADM3); County/City/town/Village/Woreda (ADM3),Origin; Destination,Displacement without preventive evacuations reported,2026-02-19T16:14:23.048502Z,"Nigeria: 3 displacements, 31 October - 31 October. According to IOM DTM, 3 new internal displacements have been recorded in Nigeria on 31 October 2025 as a result of Non-International armed conflict (NIAC). This figure might be preliminary. IOM DTM - Nigeria - 13 February 2026",,Conflict
240173,Nigeria,NGA,10.0075553,13.045493650000001,"[10.0075553, 13.045493650000001]",Recommended figure,Conflict,total,69,2025-10-30,2025-10-30,2025-10-30,2025,33602,Nigeria: Non-International armed conflict (NIAC) - Adamawa - 2025,,,2025-01-01,2025-12-31,,,,,,IOM DTM - Nigeria,,"Bole Yolde Pate, Yola North, Adamawa, Nigeria; Madagali, Madagali, Adamawa, Nigeria","9.1287206, 12.4609873; 10.88639, 13.63",County/City/town/Village/Woreda (ADM3); County/City/town/Village/Woreda (ADM3),Destination; Origin,Displacement without preventive evacuations reported,2026-02-19T16:14:22.978812Z,"Nigeria: 69 displacements, 30 October - 30 October. According to IOM DTM, 69 new internal displacements have been recorded in Nigeria on 30 October 2025 as a result of Non-International armed conflict (NIAC). This figure might be preliminary. IOM DTM - Nigeria - 13 February 2026",,Conflict
240166,Nigeria,NGA,11.504356900000001,13.6914235,"[11.504356900000001, 13.6914235]",Recommended figure,Conflict,total,14,2025-10-29,2025-10-29,2025-10-29,2025,33604,Nigeria: Non-International armed conflict (NIAC) - Borno - 2025,,,2025-01-01,2025-12-31,,,,,,IOM DTM - Nigeria,,"Gajibo, Dikwa, Borno State, Nigeria; Hyambula, Madagali, Adamawa, Nigeria","12.110101, 13.989458; 10.8986128, 13.393389",County/City/town/Village/Woreda (ADM3); County/City/town/Village/Woreda (ADM3),Origin; Destination,Displacement without preventive evacuations reported,2026-02-19T16:14:22.556518Z,"Nigeria: 14 displacements, 29 October - 29 October. According to IOM DTM, 14 new internal displacements have been recorded in Nigeria on 29 October 2025 as a result of Non-International armed conflict (NIAC). This figure might be preliminary. IOM DTM - Nigeria - 13 February 2026",,Conflict
240171,Nigeria,NGA,9.38057,12.60253,"[9.38057, 12.60253]",Recommended figure,Conflict,total,48,2025-10-29,2025-10-29,2025-10-29,2025,33602,Nigeria: Non-International armed conflict (NIAC) - Adamawa - 2025,,,2025-01-01,2025-12-31,,,,,,IOM DTM - Nigeria,,"Wuro-Dole, Girei, Adamawa, Nigeria","9.38057, 12.60253",County/City/town/Village/Woreda (ADM3),Origin and destination,Displacement without preventive evacuations reported,2026-02-19T16:14:22.857771Z,"Nigeria: 48 displacements, 29 October - 29 October. According to IOM DTM, 48 new internal displacements have been recorded in Nigeria on 29 October 2025 as a result of Non-International armed conflict (NIAC). This figure might be preliminary. IOM DTM - Nigeria - 13 February 2026",,Conflict
240175,Nigeria,NGA,11.0244194,13.71232565,"[11.0244194, 13.71232565]",Recommended figure,Conflict,total,26,2025-10-29,2025-10-29,2025-10-29,2025,33604,Nigeria: Non-International armed conflict (NIAC) - Borno - 2025,,,2025-01-01,2025-12-31,,,,,,IOM DTM - Nigeria,,"Magarta / Sheffri, Dikwa, Borno, Nigeria; Mugulbu/ Yadafa, Mubi South, Adamawa, Nigeria","11.8704572, 14.1698463; 10.1783816, 13.254805",County/City/town/Village/Woreda (ADM3); County/City/town/Village/Woreda (ADM3),Origin; Destination,Displacement without preventive evacuations reported,2026-02-19T16:14:23.155952Z,"Nigeria: 26 displacements, 29 October - 29 October. According to IOM DTM, 26 new internal displacements have been recorded in Nigeria on 29 October 2025 as a result of Non-International armed conflict (NIAC). This figure might be preliminary. IOM DTM - Nigeria - 13 February 2026",,Conflict
240164,Nigeria,NGA,10.19891,12.99127,"[10.19891, 12.99127]",Recommended figure,Conflict,total,108,2025-10-29,2025-10-29,2025-10-29,2025,33602,Nigeria: Non-International armed conflict (NIAC) - Adamawa - 2025,,,2025-01-01,2025-12-31,,,,,,IOM DTM - Nigeria,,"Bangshika, Hong, Adamawa, Nigeria","10.19891, 12.99127",County/City/town/Village/Woreda (ADM3),Origin and destination,Displacement without preventive evacuations reported,2026-02-19T16:14:22.433139Z,"Nigeria: 108 displacements, 29 October - 29 October. According to IOM DTM, 108 new internal displacements have been recorded in Nigeria on 29 October 2025 as a result of Non-International armed conflict (NIAC). This figure might be preliminary. IOM DTM - Nigeria - 13 February 2026",,Conflict
240165,Nigeria,NGA,11.730827,13.968159199999999,"[11.730827, 13.968159199999999]",Recommended figure,Conflict,total,6,2025-10-29,2025-10-29,2025-10-29,2025,33604,Nigeria: Non-International armed conflict (NIAC) - Borno - 2025,,,2025-01-01,2025-12-31,,,,,,IOM DTM - Nigeria,,"Bama, Borno, Nigeria; Boboshe, Dikwa, Borno State, Nigeria","11.51319, 14.02445; 11.948464, 13.9118684",County/City/town/Village/Woreda (ADM3); County/City/town/Village/Woreda (ADM3),Destination; Origin,Displacement without preventive evacuations reported,2026-02-19T16:14:22.497260Z,"Nigeria: 6 displacements, 29 October - 29 October. According to IOM DTM, 6 new internal displacements have been recorded in Nigeria on 29 October 2025 as a result of Non-International armed conflict (NIAC). This figure might be preliminary. IOM DTM - Nigeria - 13 February 2026",,Conflict
240167,Nigeria,NGA,9.525465950000001,12.0306011,"[9.525465950000001, 12.0306011]",Recommended figure,Conflict,total,74,2025-10-29,2025-10-29,2025-10-29,2025,33602,Nigeria: Non-International armed conflict (NIAC) - Adamawa - 2025,,,2025-01-01,2025-12-31,,,,,,IOM DTM - Nigeria,,"Bare, Numan, Adamawa, Nigeria; Numan I, Numan, Adamawa, Nigeria","9.59543, 12.04506; 9.4555019, 12.0161422",County/City/town/Village/Woreda (ADM3); County/City/town/Village/Woreda (ADM3),Origin; Destination,Displacement without preventive evacuations reported,2026-02-19T16:14:22.617864Z,"Nigeria: 74 displacements, 29 October - 29 October. According to IOM DTM, 74 new internal displacements have been recorded in Nigeria on 29 October 2025 as a result of Non-International armed conflict (NIAC). This figure might be preliminary. IOM DTM - Nigeria - 13 February 2026",,Conflict
240168,Nigeria,NGA,12.500642899999999,12.855417849999998,"[12.500642899999999, 12.855417849999998]",Recommended figure,Conflict,total,39,2025-10-28,2025-10-28,2025-10-28,2025,33604,Nigeria: Non-International armed conflict (NIAC) - Borno - 2025,,,2025-01-01,2025-12-31,,,,,,IOM DTM - Nigeria,,"Gobio 1, Gubio, Borno, Nigeria; Kingowa, Gubio, Borno State, Nigeria","12.39794, 12.83119; 12.6033458, 12.8796457",County/City/town/Village/Woreda (ADM3); County/City/town/Village/Woreda (ADM3),Destination; Origin,Displacement without preventive evacuations reported,2026-02-19T16:14:22.675045Z,"Nigeria: 39 displacements, 28 October - 28 October. According to IOM DTM, 39 new internal displacements have been recorded in Nigeria on 28 October 2025 as a result of Non-International armed conflict (NIAC). This figure might be preliminary. IOM DTM - Nigeria - 13 February 2026",,Conflict
240161,Nigeria,NGA,10.4589326,13.25873645,"[10.4589326, 13.25873645]",Recommended figure,Conflict,total,69,2025-10-28,2025-10-28,2025-10-28,2025,33604,Nigeria: Non-International armed conflict (NIAC) - Borno - 2025,,,2025-01-01,2025-12-31,,,,,,IOM DTM - Nigeria,,"Bita Izge, Gwoza, Borno State, Nigeria; Sorau 'B', Maiha, Adamawa, Nigeria","11.1617765, 13.3665057; 9.7560887, 13.1509672",County/City/town/Village/Woreda (ADM3); County/City/town/Village/Woreda (ADM3),Origin; Destination,Displacement without preventive evacuations reported,2026-02-19T16:14:22.243290Z,"Nigeria: 69 displacements, 28 October - 28 October. According to IOM DTM, 69 new internal displacements have been recorded in Nigeria on 28 October 2025 as a result of Non-International armed conflict (NIAC). This figure might be preliminary. IOM DTM - Nigeria - 13 February 2026",,Conflict
240172,Nigeria,NGA,9.7523005,11.989420599999999,"[9.7523005, 11.989420599999999]",Recommended figure,Conflict,total,41,2025-10-28,2025-10-28,2025-10-28,2025,33602,Nigeria: Non-International armed conflict (NIAC) - Adamawa - 2025,,,2025-01-01,2025-12-31,,,,,,IOM DTM - Nigeria,,"Bare, Numan, Adamawa, Nigeria; Guyuk, Adamawa State, Nigeria","9.59543, 12.04506; 9.909171, 11.9337812",County/City/town/Village/Woreda (ADM3); County/City/town/Village/Woreda (ADM3),Origin; Destination,Displacement without preventive evacuations reported,2026-02-19T16:14:22.917770Z,"Nigeria: 41 displacements, 28 October - 28 October. According to IOM DTM, 41 new internal displacements have been recorded in Nigeria on 28 October 2025 as a result of Non-International armed conflict (NIAC). This figure might be preliminary. IOM DTM - Nigeria - 13 February 2026",,Conflict
240160,Nigeria,NGA,11.50650965,13.7956401,"[11.50650965, 13.7956401]",Recommended figure,Conflict,total,5,2025-10-28,2025-10-28,2025-10-28,2025,33604,Nigeria: Non-International armed conflict (NIAC) - Borno - 2025,,,2025-01-01,2025-12-31,,,,,,IOM DTM - Nigeria,,"Bama, Borno, Nigeria; Mbuliya / Goniri / Siraja, Bama, Borno, Nigeria","11.51319, 14.02445; 11.4998293, 13.5668302",County/City/town/Village/Woreda (ADM3); County/City/town/Village/Woreda (ADM3),Destination; Origin,Displacement without preventive evacuations reported,2026-02-19T16:14:22.182957Z,"Nigeria: 5 displacements, 28 October - 28 October. According to IOM DTM, 5 new internal displacements have been recorded in Nigeria on 28 October 2025 as a result of Non-International armed conflict (NIAC). This figure might be preliminary. IOM DTM - Nigeria - 13 February 2026",,Conflict
240158,Nigeria,NGA,11.39986725,13.38959805,"[11.39986725, 13.38959805]",Recommended figure,Conflict,total,11,2025-10-27,2025-10-27,2025-10-27,2025,33604,Nigeria: Non-International armed conflict (NIAC) - Borno - 2025,,,2025-01-01,2025-12-31,,,,,,IOM DTM - Nigeria,,"Gulak, Madagali, Adamawa State, Nigeria; Koshebe, Mafa, Borno State, Nigeria","10.8058823, 13.4575285; 11.9938522, 13.3216676",County/City/town/Village/Woreda (ADM3); County/City/town/Village/Woreda (ADM3),Destination; Origin,Displacement without preventive evacuations reported,2026-02-19T16:14:22.051308Z,"Nigeria: 11 displacements, 27 October - 27 October. According to IOM DTM, 11 new internal displacements have been recorded in Nigeria on 27 October 2025 as a result of Non-International armed conflict (NIAC). This figure might be preliminary. IOM DTM - Nigeria - 13 February 2026",,Conflict
240159,Nigeria,NGA,11.497944050000001,13.8593086,"[11.497944050000001, 13.8593086]",Recommended figure,Conflict,total,10,2025-10-27,2025-10-27,2025-10-27,2025,33604,Nigeria: Non-International armed conflict (NIAC) - Borno - 2025,,,2025-01-01,2025-12-31,,,,,,IOM DTM - Nigeria,,"Bama, Borno, Nigeria; Kumshe /Nduguno, Bama, Borno, Nigeria","11.51319, 14.02445; 11.4826981, 13.6941672",County/City/town/Village/Woreda (ADM3); County/City/town/Village/Woreda (ADM3),Destination; Origin,Displacement without preventive evacuations reported,2026-02-19T16:14:22.121636Z,"Nigeria: 10 displacements, 27 October - 27 October. According to IOM DTM, 10 new internal displacements have been recorded in Nigeria on 27 October 2025 as a result of Non-International armed conflict (NIAC). This figure might be preliminary. IOM DTM - Nigeria - 13 February 2026",,Conflict
240170,Nigeria,NGA,9.371685,12.573825,"[9.371685, 12.573825]",Recommended figure,Conflict,total,33,2025-10-27,2025-10-27,2025-10-27,2025,33602,Nigeria: Non-International armed conflict (NIAC) - Adamawa - 2025,,,2025-01-01,2025-12-31,,,,,,IOM DTM - Nigeria,,"Girei, Girei, Adamawa, Nigeria; Wuro-Dole, Girei, Adamawa, Nigeria","9.3628, 12.54512; 9.38057, 12.60253",County/City/town/Village/Woreda (ADM3); County/City/town/Village/Woreda (ADM3),Destination; Origin,Displacement without preventive evacuations reported,2026-02-19T16:14:22.800217Z,"Nigeria: 33 displacements, 27 October - 27 October. According to IOM DTM, 33 new internal displacements have been recorded in Nigeria on 27 October 2025 as a result of Non-International armed conflict (NIAC). This figure might be preliminary. IOM DTM - Nigeria - 13 February 2026",,Conflict
240169,Nigeria,NGA,10.271153250000001,13.03344285,"[10.271153250000001, 13.03344285]",Recommended figure,Conflict,total,27,2025-10-27,2025-10-27,2025-10-27,2025,33604,Nigeria: Non-International armed conflict (NIAC) - Borno - 2025,,,2025-01-01,2025-12-31,,,,,,IOM DTM - Nigeria,,"Bita Izge, Gwoza, Borno State, Nigeria; Pariya, Fufore, Adamawa, Nigeria","11.1617765, 13.3665057; 9.38053, 12.70038",County/City/town/Village/Woreda (ADM3); County/City/town/Village/Woreda (ADM3),Origin; Destination,Displacement without preventive evacuations reported,2026-02-19T16:14:22.733933Z,"Nigeria: 27 displacements, 27 October - 27 October. According to IOM DTM, 27 new internal displacements have been recorded in Nigeria on 27 October 2025 as a result of Non-International armed conflict (NIAC). This figure might be preliminary. IOM DTM - Nigeria - 13 February 2026",,Conflict
240162,Nigeria,NGA,11.32334945,13.66345115,"[11.32334945, 13.66345115]",Recommended figure,Conflict,total,84,2025-10-27,2025-10-27,2025-10-27,2025,33604,Nigeria: Non-International armed conflict (NIAC) - Borno - 2025,,,2025-01-01,2025-12-31,,,,,,IOM DTM - Nigeria,,"Kwarhi, Hong, Adamawa, Nigeria; Ngala Ward, Ngala, Borno, Nigeria","10.3157115, 13.1163739; 12.3309874, 14.2105284",County/City/town/Village/Woreda (ADM3); County/City/town/Village/Woreda (ADM3),Destination; Origin,Displacement without preventive evacuations reported,2026-02-19T16:14:22.306708Z,"Nigeria: 84 displacements, 27 October - 27 October. According to IOM DTM, 84 new internal displacements have been recorded in Nigeria on 27 October 2025 as a result of Non-International armed conflict (NIAC). This figure might be preliminary. IOM DTM - Nigeria - 13 February 2026",,Conflict
238494,Nigeria,NGA,11.9259526,5.124761149999999,"[11.9259526, 5.124761149999999]",Recommended figure,Conflict,total,31,2025-10-27,2025-10-26,2025-10-27,2025,40130,Nigeria: Crime-related violence - Zamfara - 01/10/2025,CRIME_RELATED,Local Identifier,2025-10-01,2025-10-31,,,,,,IOM DTM - Nigeria,,"Bardoki, Gummi, Zamfara State, Nigeria; Gummi, Zamfara, Nigeria","11.9182947, 5.1063155; 11.9336105, 5.1432068",County/City/town/Village/Woreda (ADM3); County/City/town/Village/Woreda (ADM3),Origin; Destination,Displacement without preventive evacuations reported,2026-02-19T09:47:06.508717Z,"Nigeria: 31 displacements, 26 October - 27 October. According to IOM DTM, 31 new internal displacements have been recorded in Nigeria between 26 October 2025 and 27 October 2025 as a result of Crime-related violence. This figure might be preliminary. IOM DTM - Nigeria - 03 December 2025",,Conflict
238493,Nigeria,NGA,12.0419442,5.2042411,"[12.0419442, 5.2042411]",Recommended figure,Conflict,total,55,2025-10-27,2025-10-26,2025-10-27,2025,40130,Nigeria: Crime-related violence - Zamfara - 01/10/2025,CRIME_RELATED,Local Identifier,2025-10-01,2025-10-31,,,,,,IOM DTM - Nigeria,,"Bardoki, Gummi, Zamfara State, Nigeria; Birnin Magaji, Gummi, Zamfara State, Nigeria","11.9182947, 5.1063155; 12.1655937, 5.3021667",County/City/town/Village/Woreda (ADM3); County/City/town/Village/Woreda (ADM3),Origin; Destination,Displacement without preventive evacuations reported,2026-02-19T09:47:06.460161Z,"Nigeria: 55 displacements, 26 October - 27 October. According to IOM DTM, 55 new internal displacements have been recorded in Nigeria between 26 October 2025 and 27 October 2025 as a result of Crime-related violence. This figure might be preliminary. IOM DTM - Nigeria - 03 December 2025",,Conflict
238495,Nigeria,NGA,11.983537009230405,5.111796923477524,"[11.983537009230405, 5.111796923477524]",Recommended figure,Conflict,total,34,2025-10-27,2025-10-26,2025-10-27,2025,40130,Nigeria: Crime-related violence - Zamfara - 01/10/2025,CRIME_RELATED,Local Identifier,2025-10-01,2025-10-31,,,,,,IOM DTM - Nigeria,,"Bardoki, Gummi, Zamfara State, Nigeria; Gummi, Zamfara","11.9182947, 5.1063155; 12.04877931846081, 5.117278346955048",County/City/town/Village/Woreda (ADM3); County/City/town/Village/Woreda (ADM3),Origin; Destination,Displacement without preventive evacuations reported,2026-02-19T09:47:06.554400Z,"Nigeria: 34 displacements, 26 October - 27 October. According to IOM DTM, 34 new internal displacements have been recorded in Nigeria between 26 October 2025 and 27 October 2025 as a result of Crime-related violence. This figure might be preliminary. IOM DTM - Nigeria - 03 December 2025",,Conflict
240163,Nigeria,NGA,10.5056044,13.2407727,"[10.5056044, 13.2407727]",Recommended figure,Conflict,total,132,2025-10-26,2025-10-26,2025-10-26,2025,33602,Nigeria: Non-International armed conflict (NIAC) - Adamawa - 2025,,,2025-01-01,2025-12-31,,,,,,IOM DTM - Nigeria,,"Hong, Hong, Adamawa, Nigeria; Shelmi / Sukur/ Vapura, Madagali, Adamawa, Nigeria","10.2300928, 12.9262851; 10.781116, 13.5552603",County/City/town/Village/Woreda (ADM3); County/City/town/Village/Woreda (ADM3),Destination; Origin,Displacement without preventive evacuations reported,2026-02-19T16:14:22.367225Z,"Nigeria: 132 displacements, 26 October - 26 October. According to IOM DTM, 132 new internal displacements have been recorded in Nigeria on 26 October 2025 as a result of Non-International armed conflict (NIAC). This figure might be preliminary. IOM DTM - Nigeria - 13 February 2026",,Conflict
204250,Nigeria,NGA,12.609010000000001,6.64961,"[12.609010000000001, 6.64961]",Triangulation,Conflict,total,211,2025-10-26,2025-10-25,2025-10-26,2025,36847,"Nigeria: Crime-related violence - Zamfara (Gummi, Kaura Namoda) - 25/10/2025",,,2025-10-25,2025-10-26,,,,,,IOM DTM - Nigeria,,"Magami, Gabake, Kaura Namoda, Zamfara, Nigeria; Sarkin Mafara-Sarkin Baura, Kaura Namoda, Zamfara, Nigeria","12.60893, 6.68876; 12.60909, 6.61046",County/City/town/Village/Woreda (ADM3); District/Zone/Department (ADM2),Origin; Destination,Displacement without preventive evacuations reported,2025-11-04T11:24:05.461154Z,"Nigeria: 211 displacements, 25 October - 26 October. A total of 211 people were displaced due to armed bandit attacks between 25 and 26 October in Magami (Gabake ward, Kaura Namoda LGA, Zamfara State) towards Tsohon Tasha(Sarkin Mafara-Sarkin Baura ward, Kaura Namoda LGA, Zamfara State), according to IOM DTM - Nigeria. IOM DTM - Nigeria - 31 October 2025",,Conflict
204257,Nigeria,NGA,12.321295,6.76358,"[12.321295, 6.76358]",Triangulation,Conflict,total,102,2025-10-26,2025-10-25,2025-10-26,2025,36847,"Nigeria: Crime-related violence - Zamfara (Gummi, Kaura Namoda) - 25/10/2025",,,2025-10-25,2025-10-26,,,,,,IOM DTM - Nigeria,,"Dan' Isa, Kaura Namoda, Zamfara, Nigeria; Dogon Kade, Dan' Isa, Kaura Namoda, Zamfara, Nigeria","12.33674, 6.76145; 12.30585, 6.76571",District/Zone/Department (ADM2); County/City/town/Village/Woreda (ADM3),Origin; Destination,Displacement without preventive evacuations reported,2025-11-04T11:50:31.579357Z,"Nigeria: 102 displacements, 25 October - 26 October. According to IOM DTM - Nigeria, a total of 102 were displaced in Asarara (Dan Isa ward, Kaura Namoda, Zamfara State) towards Dogon Kade (Dan Isa ward, Kaura Namoda LGA, Zamfara State), due to armed bandit attacks between 25 and 26 October. IOM DTM - Nigeria - 31 October 2025",,Conflict
204258,Nigeria,NGA,12.321295,6.76358,"[12.321295, 6.76358]",Triangulation,Conflict,total,42,2025-10-26,2025-10-25,2025-10-26,2025,36847,"Nigeria: Crime-related violence - Zamfara (Gummi, Kaura Namoda) - 25/10/2025",,,2025-10-25,2025-10-26,,,,,,IOM DTM - Nigeria,,"Dan' Isa, Kaura Namoda, Zamfara, Nigeria; Dogon Kade, Dan' Isa, Kaura Namoda, Zamfara, Nigeria","12.33674, 6.76145; 12.30585, 6.76571",District/Zone/Department (ADM2); County/City/town/Village/Woreda (ADM3),Origin; Destination,Displacement without preventive evacuations reported,2025-11-04T11:50:31.651112Z,"Nigeria: 42 displacements, 25 October - 26 October. According to IOM DTM - Nigeria, a total of 42 were displaced in Kauran Zomo Village (Dan Isa ward, Kaura Namoda, Zamfara State) towards Dogon Kade (Dan Isa ward, Kaura Namoda LGA, Zamfara State), due to armed bandit attacks between 25 and 26 October. IOM DTM - Nigeria - 31 October 2025",,Conflict
204267,Nigeria,NGA,12.096483333333333,5.171130000000001,"[12.096483333333333, 5.171130000000001]",Triangulation,Conflict,total,89,2025-10-26,2025-10-25,2025-10-26,2025,36847,"Nigeria: Crime-related violence - Zamfara (Gummi, Kaura Namoda) - 25/10/2025",,,2025-10-25,2025-10-26,,,,,,IOM DTM - Nigeria,,"Bardoki, Gummi, Zamfara, Nigeria; Birnin Magaji, Gummi, Zamfara, Nigeria; Rafi, Gummi, Zamfara, Nigeria","11.91829, 5.10632; 12.25044, 5.33825; 12.12072, 5.06882",District/Zone/Department (ADM2); District/Zone/Department (ADM2); District/Zone/Department (ADM2),Origin; Destination; Destination,Displacement without preventive evacuations reported,2025-11-04T12:14:59.139926Z,"Nigeria: 89 displacements, 25 October - 26 October. A total of 89 people were displaced due to armed bandit attacks between 25 and 26 October in Bardoki (Bardoki ward, Gummi LGA, Zamfara State) towards Magaji (Magaji ward) and Rafi (Shiyar Rafi ward), according to IOM DTM - Nigeria. IOM DTM - Nigeria - 31 October 2025",,Conflict
204272,Nigeria,NGA,11.981300000000001,5.107565,"[11.981300000000001, 5.107565]",Triangulation,Conflict,total,31,2025-10-26,2025-10-25,2025-10-26,2025,36847,"Nigeria: Crime-related violence - Zamfara (Gummi, Kaura Namoda) - 25/10/2025",,,2025-10-25,2025-10-26,,,,,,IOM DTM - Nigeria,,"Bardoki, Gummi, Zamfara, Nigeria; Gummi, Zamfara, Nigeria","11.91829, 5.10632; 12.04431, 5.10881",District/Zone/Department (ADM2); District/Zone/Department (ADM2),Origin; Destination,Displacement without preventive evacuations reported,2025-11-04T12:27:20.747930Z,"Nigeria: 31 displacements, 25 October - 26 October. A total of 31 people were displaced due to armed bandit attacks between 25 and 26 October Galko (Bardoki ward, Gummi LGA, Zamfara State) towards Galange (Gyalange ward, Gummi LGA Zamfara State), according to IOM DTM - Nigeria. IOM DTM - Nigeria - 31 October 2025",,Conflict
238906,Nigeria,NGA,12.3367401,6.7614526,"[12.3367401, 6.7614526]",Recommended figure,Conflict,total,144,2025-10-25,2025-10-25,2025-10-25,2025,40130,Nigeria: Crime-related violence - Zamfara - 01/10/2025,CRIME_RELATED,Local Identifier,2025-10-01,2025-10-31,,,,,,IOM DTM - Nigeria,,"Dan' Isa, Kaura Namoda, Zamfara State, Nigeria","12.3367401, 6.7614526",County/City/town/Village/Woreda (ADM3),Origin and destination,Displacement without preventive evacuations reported,2026-02-19T10:37:38.049673Z,"Nigeria: 144 displacements, 25 October - 25 October. According to IOM DTM, 144 new internal displacements have been recorded in Nigeria between 25 October 2025 and 25 October 2025 as a result of Crime-related violence. This figure might be preliminary. IOM DTM - Nigeria - 03 December 2025",,Conflict
240155,Nigeria,NGA,11.4997605,13.808889,"[11.4997605, 13.808889]",Recommended figure,Conflict,total,15,2025-10-25,2025-10-25,2025-10-25,2025,33604,Nigeria: Non-International armed conflict (NIAC) - Borno - 2025,,,2025-01-01,2025-12-31,,,,,,IOM DTM - Nigeria,,"Gajibo, Dikwa, Borno State, Nigeria; Madagali, Madagali, Adamawa, Nigeria","12.110101, 13.989458; 10.88942, 13.62832",County/City/town/Village/Woreda (ADM3); County/City/town/Village/Woreda (ADM3),Origin; Destination,Displacement without preventive evacuations reported,2026-02-19T16:14:21.873470Z,"Nigeria: 15 displacements, 25 October - 25 October. According to IOM DTM, 15 new internal displacements have been recorded in Nigeria on 25 October 2025 as a result of Non-International armed conflict (NIAC). This figure might be preliminary. IOM DTM - Nigeria - 13 February 2026",,Conflict
238905,Nigeria,NGA,12.60381125,6.645141049999999,"[12.60381125, 6.645141049999999]",Recommended figure,Conflict,total,211,2025-10-25,2025-10-25,2025-10-25,2025,40130,Nigeria: Crime-related violence - Zamfara - 01/10/2025,CRIME_RELATED,Local Identifier,2025-10-01,2025-10-31,,,,,,IOM DTM - Nigeria,,"Gabake, Kaura Namoda, Zamfara State, Nigeria; Kaura Namoda, Kaura Namoda, Zamfara, Nigeria","12.6124333, 6.7039352; 12.5951892, 6.5863469",County/City/town/Village/Woreda (ADM3); County/City/town/Village/Woreda (ADM3),Origin; Destination,Displacement without preventive evacuations reported,2026-02-19T10:37:37.997235Z,"Nigeria: 211 displacements, 25 October - 25 October. According to IOM DTM, 211 new internal displacements have been recorded in Nigeria between 25 October 2025 and 25 October 2025 as a result of Crime-related violence. This figure might be preliminary. IOM DTM - Nigeria - 03 December 2025",,Conflict
240154,Nigeria,NGA,10.64911105,13.57099465,"[10.64911105, 13.57099465]",Recommended figure,Conflict,total,24,2025-10-24,2025-10-24,2025-10-24,2025,33604,Nigeria: Non-International armed conflict (NIAC) - Borno - 2025,,,2025-01-01,2025-12-31,,,,,,IOM DTM - Nigeria,,"Gavva / Agapalwa, Gwoza, Borno, Nigeria; Gude, Mubi South, Adamawa, Nigeria","11.0996021, 13.8332193; 10.19862, 13.30877",County/City/town/Village/Woreda (ADM3); County/City/town/Village/Woreda (ADM3),Origin; Destination,Displacement without preventive evacuations reported,2026-02-19T16:14:21.813004Z,"Nigeria: 24 displacements, 24 October - 24 October. According to IOM DTM, 24 new internal displacements have been recorded in Nigeria on 24 October 2025 as a result of Non-International armed conflict (NIAC). This figure might be preliminary. IOM DTM - Nigeria - 13 February 2026",,Conflict
240157,Nigeria,NGA,8.04313715,10.93564425,"[8.04313715, 10.93564425]",Recommended figure,Conflict,total,16,2025-10-24,2025-10-24,2025-10-24,2025,40023,Nigeria: Communal violence - Benue - 01/10/2025,COMMUNAL_VIOLENCE,Local Identifier,2025-10-01,2025-10-31,,,,,,IOM DTM - Nigeria,,"Kwande, Benue, Nigeria; Yola North, Adamawa, Nigeria","6.9125552, 9.456155; 9.1737191, 12.4151335",County/City/town/Village/Woreda (ADM3); County/City/town/Village/Woreda (ADM3),Origin; Destination,Displacement without preventive evacuations reported,2026-02-19T16:14:21.995675Z,"Nigeria: 16 displacements, 24 October - 24 October. According to IOM DTM, 16 new internal displacements have been recorded in Nigeria on 24 October 2025 as a result of Communal violence. This figure might be preliminary. IOM DTM - Nigeria - 13 February 2026",,Conflict
240148,Nigeria,NGA,12.6729174,13.616014,"[12.6729174, 13.616014]",Recommended figure,Conflict,total,2,2025-10-23,2025-10-23,2025-10-23,2025,33604,Nigeria: Non-International armed conflict (NIAC) - Borno - 2025,,,2025-01-01,2025-12-31,,,,,,IOM DTM - Nigeria,,"Monguno, Monguno, Borno, Nigeria","12.6729174, 13.616014",County/City/town/Village/Woreda (ADM3),Origin and destination,Displacement without preventive evacuations reported,2026-02-19T16:14:18.253292Z,"Nigeria: 2 displacements, 23 October - 23 October. According to IOM DTM, 2 new internal displacements have been recorded in Nigeria on 23 October 2025 as a result of Non-International armed conflict (NIAC). This figure might be preliminary. IOM DTM - Nigeria - 13 February 2026",,Conflict
240150,Nigeria,NGA,10.17889105,13.12072465,"[10.17889105, 13.12072465]",Recommended figure,Conflict,total,72,2025-10-23,2025-10-23,2025-10-23,2025,33604,Nigeria: Non-International armed conflict (NIAC) - Borno - 2025,,,2025-01-01,2025-12-31,,,,,,IOM DTM - Nigeria,,"Gavva / Agapalwa, Gwoza, Borno, Nigeria; Yola South, Adamawa, Nigeria","11.0996021, 13.8332193; 9.25818, 12.40823",County/City/town/Village/Woreda (ADM3); County/City/town/Village/Woreda (ADM3),Origin; Destination,Displacement without preventive evacuations reported,2026-02-19T16:14:18.339875Z,"Nigeria: 72 displacements, 23 October - 23 October. According to IOM DTM, 72 new internal displacements have been recorded in Nigeria on 23 October 2025 as a result of Non-International armed conflict (NIAC). This figure might be preliminary. IOM DTM - Nigeria - 13 February 2026",,Conflict
240153,Nigeria,NGA,11.296714000000001,13.78047915,"[11.296714000000001, 13.78047915]",Recommended figure,Conflict,total,48,2025-10-23,2025-10-23,2025-10-23,2025,33604,Nigeria: Non-International armed conflict (NIAC) - Borno - 2025,,,2025-01-01,2025-12-31,,,,,,IOM DTM - Nigeria,,"Gamboru B, Ngala, Borno State, Nigeria; Mujara, Mubi South, Adamawa, Nigeria","12.3759671, 14.1906772; 10.2174609, 13.3702811",County/City/town/Village/Woreda (ADM3); County/City/town/Village/Woreda (ADM3),Origin; Destination,Displacement without preventive evacuations reported,2026-02-19T16:14:21.751082Z,"Nigeria: 48 displacements, 23 October - 23 October. According to IOM DTM, 48 new internal displacements have been recorded in Nigeria on 23 October 2025 as a result of Non-International armed conflict (NIAC). This figure might be preliminary. IOM DTM - Nigeria - 13 February 2026",,Conflict
240144,Nigeria,NGA,12.9107527,13.588752,"[12.9107527, 13.588752]",Recommended figure,Conflict,total,6,2025-10-22,2025-10-22,2025-10-22,2025,33604,Nigeria: Non-International armed conflict (NIAC) - Borno - 2025,,,2025-01-01,2025-12-31,,,,,,IOM DTM - Nigeria,,"Alagarno, Kukawa, Borno State, Nigeria; Monguno, Monguno, Borno, Nigeria","13.148588, 13.56149; 12.6729174, 13.616014",County/City/town/Village/Woreda (ADM3); County/City/town/Village/Woreda (ADM3),Origin; Destination,Displacement without preventive evacuations reported,2026-02-19T16:14:18.067726Z,"Nigeria: 6 displacements, 22 October - 22 October. According to IOM DTM, 6 new internal displacements have been recorded in Nigeria on 22 October 2025 as a result of Non-International armed conflict (NIAC). This figure might be preliminary. IOM DTM - Nigeria - 13 February 2026",,Conflict
240149,Nigeria,NGA,10.98248155,11.91193935,"[10.98248155, 11.91193935]",Recommended figure,Conflict,total,18,2025-10-22,2025-10-22,2025-10-22,2025,40035,Nigeria: Crime-related violence - Yobe - 01/10/2025,CRIME_RELATED,Local Identifier,2025-10-01,2025-10-31,,,,,,IOM DTM - Nigeria,,"Buniyadi North / South, Gujba, Yobe, Nigeria; Zara, Bayo, Borno State, Nigeria","11.299759, 12.0489791; 10.6652041, 11.7748996",County/City/town/Village/Woreda (ADM3); County/City/town/Village/Woreda (ADM3),Origin; Destination,Displacement without preventive evacuations reported,2026-02-19T16:14:18.300312Z,"Nigeria: 18 displacements, 22 October - 22 October. According to IOM DTM, 18 new internal displacements have been recorded in Nigeria on 22 October 2025 as a result of Crime-related violence. This figure might be preliminary. IOM DTM - Nigeria - 13 February 2026",,Conflict
240146,Nigeria,NGA,10.74241095,13.3067574,"[10.74241095, 13.3067574]",Recommended figure,Conflict,total,26,2025-10-22,2025-10-22,2025-10-22,2025,33604,Nigeria: Non-International armed conflict (NIAC) - Borno - 2025,,,2025-01-01,2025-12-31,,,,,,IOM DTM - Nigeria,,"Kopa / Multhafu, Borno, Nigeria; Tumbara / Ngabili, Michika, Adamawa, Nigeria","10.8038142, 13.2894368; 10.6810077, 13.324078",County/City/town/Village/Woreda (ADM3); County/City/town/Village/Woreda (ADM3),Origin; Destination,Displacement without preventive evacuations reported,2026-02-19T16:14:18.161137Z,"Nigeria: 26 displacements, 22 October - 22 October. According to IOM DTM, 26 new internal displacements have been recorded in Nigeria on 22 October 2025 as a result of Non-International armed conflict (NIAC). This figure might be preliminary. IOM DTM - Nigeria - 13 February 2026",,Conflict
240151,Nigeria,NGA,9.65099,12.97084,"[9.65099, 12.97084]",Recommended figure,Conflict,total,78,2025-10-21,2025-10-21,2025-10-21,2025,33602,Nigeria: Non-International armed conflict (NIAC) - Adamawa - 2025,,,2025-01-01,2025-12-31,,,,,,IOM DTM - Nigeria,,"Adamawa, Nigeria","9.65099, 12.97084",County/City/town/Village/Woreda (ADM3),Origin and destination,Displacement without preventive evacuations reported,2026-02-19T16:14:21.621294Z,"Nigeria: 78 displacements, 21 October - 21 October. According to IOM DTM, 78 new internal displacements have been recorded in Nigeria on 21 October 2025 as a result of Non-International armed conflict (NIAC). This figure might be preliminary. IOM DTM - Nigeria - 13 February 2026",,Conflict
240152,Nigeria,NGA,9.2486465,12.03918235,"[9.2486465, 12.03918235]",Recommended figure,Disaster,total,32,2025-10-21,2025-10-21,2025-10-21,2025,40045,Nigeria: Flood - Adamawa - 01/10/2025,FLOOD,Local Identifier,2025-10-01,2025-10-31,Weather related,Hydrological,Flood,Flood,,IOM DTM - Nigeria,,"Mayo-Belwa, Mayo-Belwa, Adamawa, Nigeria; Sabon Pegi, Numan, Adamawa, Nigeria","9.05421, 12.05794; 9.443083, 12.0204247",County/City/town/Village/Woreda (ADM3); County/City/town/Village/Woreda (ADM3),Origin; Destination,Displacement without preventive evacuations reported,2026-02-19T16:14:21.697057Z,"Nigeria: 32 displacements, 21 October - 21 October. According to IOM DTM, 32 new internal displacements have been recorded in Nigeria on 21 October 2025 as a result of Flood. This figure might be preliminary. IOM DTM - Nigeria - 13 February 2026",,Flood
240143,Nigeria,NGA,11.4499473,14.0506762,"[11.4499473, 14.0506762]",Recommended figure,Conflict,total,11,2025-10-21,2025-10-21,2025-10-21,2025,33604,Nigeria: Non-International armed conflict (NIAC) - Borno - 2025,,,2025-01-01,2025-12-31,,,,,,IOM DTM - Nigeria,,"Bama, Borno, Nigeria; Yabiri Kura/Yabiri Gana/Chongolo, Bama, Borno, Nigeria","11.51319, 14.02445; 11.3867046, 14.0769024",County/City/town/Village/Woreda (ADM3); County/City/town/Village/Woreda (ADM3),Destination; Origin,Displacement without preventive evacuations reported,2026-02-19T16:14:18.021269Z,"Nigeria: 11 displacements, 21 October - 21 October. According to IOM DTM, 11 new internal displacements have been recorded in Nigeria on 21 October 2025 as a result of Non-International armed conflict (NIAC). This figure might be preliminary. IOM DTM - Nigeria - 13 February 2026",,Conflict
240147,Nigeria,NGA,9.671938149999999,11.83081365,"[9.671938149999999, 11.83081365]",Recommended figure,Conflict,total,26,2025-10-21,2025-10-21,2025-10-21,2025,33602,Nigeria: Non-International armed conflict (NIAC) - Adamawa - 2025,,,2025-01-01,2025-12-31,,,,,,IOM DTM - Nigeria,,"Chikila, Guyuk, Adamawa, Nigeria; Rigange primary heath center, Lafia, Larmurde, Adamawa State, Nigeria","9.7697194, 11.900579; 9.5741569, 11.7610483",County/City/town/Village/Woreda (ADM3); County/City/town/Village/Woreda (ADM3),Destination; Origin,Displacement without preventive evacuations reported,2026-02-19T16:14:18.207127Z,"Nigeria: 26 displacements, 21 October - 21 October. According to IOM DTM, 26 new internal displacements have been recorded in Nigeria on 21 October 2025 as a result of Non-International armed conflict (NIAC). This figure might be preliminary. IOM DTM - Nigeria - 13 February 2026",,Conflict
240145,Nigeria,NGA,12.410795400000001,12.9047656,"[12.410795400000001, 12.9047656]",Recommended figure,Conflict,total,17,2025-10-20,2025-10-20,2025-10-20,2025,33604,Nigeria: Non-International armed conflict (NIAC) - Borno - 2025,,,2025-01-01,2025-12-31,,,,,,IOM DTM - Nigeria,,"Gadai, Nganzai, Borno State, Nigeria; Gobio 1, Gubio, Borno, Nigeria","12.4236508, 12.9783412; 12.39794, 12.83119",County/City/town/Village/Woreda (ADM3); County/City/town/Village/Woreda (ADM3),Origin; Destination,Displacement without preventive evacuations reported,2026-02-19T16:14:18.113879Z,"Nigeria: 17 displacements, 20 October - 20 October. According to IOM DTM, 17 new internal displacements have been recorded in Nigeria on 20 October 2025 as a result of Non-International armed conflict (NIAC). This figure might be preliminary. IOM DTM - Nigeria - 13 February 2026",,Conflict
240141,Nigeria,NGA,11.30730875,12.9396202,"[11.30730875, 12.9396202]",Recommended figure,Conflict,total,17,2025-10-20,2025-10-20,2025-10-20,2025,33604,Nigeria: Non-International armed conflict (NIAC) - Borno - 2025,,,2025-01-01,2025-12-31,,,,,,IOM DTM - Nigeria,,"Bebel, Madagali, Adamawa, Nigeria; Ngamdu, Kaga, Borno State, Nigeria","10.85507, 13.62234; 11.7595475, 12.2569004",County/City/town/Village/Woreda (ADM3); County/City/town/Village/Woreda (ADM3),Destination; Origin,Displacement without preventive evacuations reported,2026-02-19T16:14:17.922626Z,"Nigeria: 17 displacements, 20 October - 20 October. According to IOM DTM, 17 new internal displacements have been recorded in Nigeria on 20 October 2025 as a result of Non-International armed conflict (NIAC). This figure might be preliminary. IOM DTM - Nigeria - 13 February 2026",,Conflict
240140,Nigeria,NGA,11.79350355,12.702389499999999,"[11.79350355, 12.702389499999999]",Recommended figure,Conflict,total,8,2025-10-20,2025-10-20,2025-10-20,2025,33604,Nigeria: Non-International armed conflict (NIAC) - Borno - 2025,,,2025-01-01,2025-12-31,,,,,,IOM DTM - Nigeria,,"Jewu / Lamboa, Konduga, Borno, Nigeria; Mainok, Kaga, Borno State, Nigeria","11.7374978, 12.7594847; 11.8495093, 12.6452943",County/City/town/Village/Woreda (ADM3); County/City/town/Village/Woreda (ADM3),Origin; Destination,Displacement without preventive evacuations reported,2026-02-19T16:14:17.870820Z,"Nigeria: 8 displacements, 20 October - 20 October. According to IOM DTM, 8 new internal displacements have been recorded in Nigeria on 20 October 2025 as a result of Non-International armed conflict (NIAC). This figure might be preliminary. IOM DTM - Nigeria - 13 February 2026",,Conflict
240142,Nigeria,NGA,10.65681435,12.273432499999998,"[10.65681435, 12.273432499999998]",Recommended figure,Conflict,total,16,2025-10-20,2025-10-20,2025-10-20,2025,33604,Nigeria: Non-International armed conflict (NIAC) - Borno - 2025,,,2025-01-01,2025-12-31,,,,,,IOM DTM - Nigeria,,"Kenken, Biu Emirate, Borno, Nigeria; Mandara Girau, Biu Emirate, Borno, Nigeria","10.6039511, 12.1775668; 10.7096776, 12.3692982",County/City/town/Village/Woreda (ADM3); County/City/town/Village/Woreda (ADM3),Destination; Origin,Displacement without preventive evacuations reported,2026-02-19T16:14:17.971026Z,"Nigeria: 16 displacements, 20 October - 20 October. According to IOM DTM, 16 new internal displacements have been recorded in Nigeria on 20 October 2025 as a result of Non-International armed conflict (NIAC). This figure might be preliminary. IOM DTM - Nigeria - 13 February 2026",,Conflict
238059,Nigeria,NGA,12.18274,5.49469,"[12.18274, 5.49469]",Recommended figure,Conflict,total,85,2025-10-20,2025-10-19,2025-10-20,2025,40130,Nigeria: Crime-related violence - Zamfara - 01/10/2025,CRIME_RELATED,Local Identifier,2025-10-01,2025-10-31,,,,,,IOM DTM - Nigeria,,"Bukkuyum, Bukkuyum, Zamfara State, Nigeria","12.18274, 5.49469",County/City/town/Village/Woreda (ADM3),Origin and destination,Displacement without preventive evacuations reported,2026-02-19T09:09:38.532019Z,"Nigeria: 85 displacements, 19 October - 20 October. According to IOM DTM, 85 new internal displacements have been recorded in Nigeria between 19 October 2025 and 20 October 2025 as a result of Crime-related violence. This figure might be preliminary. IOM DTM - Nigeria - 03 December 2025",,Conflict
204239,Nigeria,NGA,12.18417,5.49832,"[12.18417, 5.49832]",Triangulation,Conflict,total,85,2025-10-20,2025-10-16,2025-10-20,2025,36845,"Nigeria: Crime-related violence - Zamfara (Bukkuyum LGA/Bukkuyum ward, Kaura Namoda LGA/Dan Galadima ward) - 16/10/2025",,,2025-10-16,2025-10-20,,,,,,IOM DTM - Nigeria,,"Bukkuyum, Bukkuyum, Zamfara, Nigeria; Bukkuyum, Bukkuyum, Zamfara, Nigeria","12.18417, 5.49832; 12.18417, 5.49832",District/Zone/Department (ADM2); District/Zone/Department (ADM2),Origin; Destination,Displacement without preventive evacuations reported,2025-11-04T10:25:04.177875Z,"Nigeria: 85 displacements, 16 October - 20 October. A total of 85 people were displaced due to armed bandit attacks between 16 and 20 October in Buzuzu Rayau (Bukkuyum ward, Bukkuyum LGA, Zamfara State) towards Shiyar Gulbi Masallacin Idi(Bukkuyum ward, Bukkuyum LGA, Zamfara State) according to IOM DTM - Nigeria. IOM DTM - Nigeria - 27 October 2025",,Conflict
204240,Nigeria,NGA,12.58099,6.6094,"[12.58099, 6.6094]",Triangulation,Conflict,total,31,2025-10-20,2025-10-16,2025-10-20,2025,36845,"Nigeria: Crime-related violence - Zamfara (Bukkuyum LGA/Bukkuyum ward, Kaura Namoda LGA/Dan Galadima ward) - 16/10/2025",,,2025-10-16,2025-10-20,,,,,,IOM DTM - Nigeria,,"Galadima Dan Galadima, Kaura Namoda, Zamfara, Nigeria; Sarkin Mafara-Sarkin Baura, Kaura Namoda, Zamfara, Nigeria","12.55289, 6.60834; 12.60909, 6.61046",District/Zone/Department (ADM2); District/Zone/Department (ADM2),Origin; Destination,Displacement without preventive evacuations reported,2025-11-04T10:45:40.102193Z,"Nigeria: 31 displacements, 16 October - 20 October. According to IOM DTM - Nigeria, a total of 31 people were displaced in Galadima (Dan Galadima ward, Kaura Namoda LGA, Zamfar State) toward Sarkin Mafara (Sarkin Mafara-Sarkin Baura ward, Kaura Namoda LGA, Zamfara State due to armed bandit attacks between 16 and 20 October. IOM DTM - Nigeria - 27 October 2025",,Conflict
240137,Nigeria,NGA,11.27033175,12.90608035,"[11.27033175, 12.90608035]",Recommended figure,Conflict,total,17,2025-10-16,2025-10-16,2025-10-16,2025,33604,Nigeria: Non-International armed conflict (NIAC) - Borno - 2025,,,2025-01-01,2025-12-31,,,,,,IOM DTM - Nigeria,,"Ngamdu, Kaga, Borno State, Nigeria; Shelmi / Sukur/ Vapura, Madagali, Adamawa, Nigeria","11.7595475, 12.2569004; 10.781116, 13.5552603",County/City/town/Village/Woreda (ADM3); County/City/town/Village/Woreda (ADM3),Origin; Destination,Displacement without preventive evacuations reported,2026-02-19T16:14:17.721611Z,"Nigeria: 17 displacements, 16 October - 16 October. According to IOM DTM, 17 new internal displacements have been recorded in Nigeria on 16 October 2025 as a result of Non-International armed conflict (NIAC). This figure might be preliminary. IOM DTM - Nigeria - 13 February 2026",,Conflict
240134,Nigeria,NGA,10.25430065,13.045408,"[10.25430065, 13.045408]",Recommended figure,Conflict,total,51,2025-10-16,2025-10-16,2025-10-16,2025,33604,Nigeria: Non-International armed conflict (NIAC) - Borno - 2025,,,2025-01-01,2025-12-31,,,,,,IOM DTM - Nigeria,,"Dure / Wala / Warabe, Gwoza, Borno, Nigeria; Yola South, Adamawa, Nigeria","11.2504213, 13.682586; 9.25818, 12.40823",County/City/town/Village/Woreda (ADM3); County/City/town/Village/Woreda (ADM3),Origin; Destination,Displacement without preventive evacuations reported,2026-02-19T16:14:17.579007Z,"Nigeria: 51 displacements, 16 October - 16 October. According to IOM DTM, 51 new internal displacements have been recorded in Nigeria on 16 October 2025 as a result of Non-International armed conflict (NIAC). This figure might be preliminary. IOM DTM - Nigeria - 13 February 2026",,Conflict
240136,Nigeria,NGA,11.4499473,14.0506762,"[11.4499473, 14.0506762]",Recommended figure,Conflict,total,9,2025-10-16,2025-10-16,2025-10-16,2025,33604,Nigeria: Non-International armed conflict (NIAC) - Borno - 2025,,,2025-01-01,2025-12-31,,,,,,IOM DTM - Nigeria,,"Bama, Borno, Nigeria; Yabiri Kura/Yabiri Gana/Chongolo, Bama, Borno, Nigeria","11.51319, 14.02445; 11.3867046, 14.0769024",County/City/town/Village/Woreda (ADM3); County/City/town/Village/Woreda (ADM3),Destination; Origin,Displacement without preventive evacuations reported,2026-02-19T16:14:17.668840Z,"Nigeria: 9 displacements, 16 October - 16 October. According to IOM DTM, 9 new internal displacements have been recorded in Nigeria on 16 October 2025 as a result of Non-International armed conflict (NIAC). This figure might be preliminary. IOM DTM - Nigeria - 13 February 2026",,Conflict
238904,Nigeria,NGA,12.57404035,6.59734365,"[12.57404035, 6.59734365]",Recommended figure,Conflict,total,31,2025-10-16,2025-10-16,2025-10-16,2025,40130,Nigeria: Crime-related violence - Zamfara - 01/10/2025,CRIME_RELATED,Local Identifier,2025-10-01,2025-10-31,,,,,,IOM DTM - Nigeria,,"Galadima Dan Galadima, Kaura Namoda, Zamfara State, Nigeria; Kaura Namoda, Kaura Namoda, Zamfara, Nigeria","12.5528915, 6.6083404; 12.5951892, 6.5863469",County/City/town/Village/Woreda (ADM3); County/City/town/Village/Woreda (ADM3),Origin; Destination,Displacement without preventive evacuations reported,2026-02-19T10:37:37.939543Z,"Nigeria: 31 displacements, 16 October - 16 October. According to IOM DTM, 31 new internal displacements have been recorded in Nigeria between 16 October 2025 and 16 October 2025 as a result of Crime-related violence. This figure might be preliminary. IOM DTM - Nigeria - 03 December 2025",,Conflict
240139,Nigeria,NGA,9.963405000000002,12.537285,"[9.963405000000002, 12.537285]",Recommended figure,Conflict,total,17,2025-10-15,2025-10-15,2025-10-15,2025,33602,Nigeria: Non-International armed conflict (NIAC) - Adamawa - 2025,,,2025-01-01,2025-12-31,,,,,,IOM DTM - Nigeria,,"Ga’anda, Gombi, Adamawa, Nigeria; Song, Adamawa, Nigeria","10.14783, 12.43245; 9.77898, 12.64212",County/City/town/Village/Woreda (ADM3); County/City/town/Village/Woreda (ADM3),Origin; Destination,Displacement without preventive evacuations reported,2026-02-19T16:14:17.816829Z,"Nigeria: 17 displacements, 15 October - 15 October. According to IOM DTM, 17 new internal displacements have been recorded in Nigeria on 15 October 2025 as a result of Non-International armed conflict (NIAC). This figure might be preliminary. IOM DTM - Nigeria - 13 February 2026",,Conflict
240138,Nigeria,NGA,10.737505,13.533235,"[10.737505, 13.533235]",Recommended figure,Conflict,total,69,2025-10-15,2025-10-15,2025-10-15,2025,33604,Nigeria: Non-International armed conflict (NIAC) - Borno - 2025,,,2025-01-01,2025-12-31,,,,,,IOM DTM - Nigeria,,"Lamorde, Mubi South, Adamawa, Nigeria; Pulka Bokko, Gwoza, Borno State, Nigeria","10.23056, 13.25897; 11.24445, 13.8075",County/City/town/Village/Woreda (ADM3); County/City/town/Village/Woreda (ADM3),Destination; Origin,Displacement without preventive evacuations reported,2026-02-19T16:14:17.767035Z,"Nigeria: 69 displacements, 15 October - 15 October. According to IOM DTM, 69 new internal displacements have been recorded in Nigeria on 15 October 2025 as a result of Non-International armed conflict (NIAC). This figure might be preliminary. IOM DTM - Nigeria - 13 February 2026",,Conflict
240135,Nigeria,NGA,9.565983450000001,11.732354149999999,"[9.565983450000001, 11.732354149999999]",Recommended figure,Conflict,total,28,2025-10-15,2025-10-15,2025-10-15,2025,40022,Nigeria: Communal violence - Adamawa - 01/10/2025,COMMUNAL_VIOLENCE,Local Identifier,2025-10-01,2025-10-31,,,,,,IOM DTM - Nigeria,,"Larmurde, Adamawa, Nigeria; Rigange primary heath center, Lafia, Larmurde, Adamawa State, Nigeria","9.55781, 11.70366; 9.5741569, 11.7610483",County/City/town/Village/Woreda (ADM3); County/City/town/Village/Woreda (ADM3),Origin; Destination,Displacement without preventive evacuations reported,2026-02-19T16:14:17.625689Z,"Nigeria: 28 displacements, 15 October - 15 October. According to IOM DTM, 28 new internal displacements have been recorded in Nigeria on 15 October 2025 as a result of Communal violence. This figure might be preliminary. IOM DTM - Nigeria - 13 February 2026",,Conflict
240133,Nigeria,NGA,10.4242138,12.1449491,"[10.4242138, 12.1449491]",Recommended figure,Conflict,total,11,2025-10-15,2025-10-15,2025-10-15,2025,33604,Nigeria: Non-International armed conflict (NIAC) - Borno - 2025,,,2025-01-01,2025-12-31,,,,,,IOM DTM - Nigeria,,"Burashika, Bargu, Shani, Borno State, Nigeria; Mandara Girau, Biu Emirate, Borno, Nigeria","10.13875, 11.9206; 10.7096776, 12.3692982",County/City/town/Village/Woreda (ADM3); County/City/town/Village/Woreda (ADM3),Destination; Origin,Displacement without preventive evacuations reported,2026-02-19T16:14:17.531053Z,"Nigeria: 11 displacements, 15 October - 15 October. According to IOM DTM, 11 new internal displacements have been recorded in Nigeria on 15 October 2025 as a result of Non-International armed conflict (NIAC). This figure might be preliminary. IOM DTM - Nigeria - 13 February 2026",,Conflict
240130,Nigeria,NGA,10.30153645,13.3053343,"[10.30153645, 13.3053343]",Recommended figure,Conflict,total,38,2025-10-15,2025-10-15,2025-10-15,2025,33602,Nigeria: Non-International armed conflict (NIAC) - Adamawa - 2025,,,2025-01-01,2025-12-31,,,,,,IOM DTM - Nigeria,,"Maiha Gari, Maiha, Adamawa, Nigeria; michika, michika, adamawa","9.982259599999999, 13.2317225; 10.6208133, 13.3789461",County/City/town/Village/Woreda (ADM3); County/City/town/Village/Woreda (ADM3),Origin; Destination,Displacement without preventive evacuations reported,2026-02-19T16:14:17.389682Z,"Nigeria: 38 displacements, 15 October - 15 October. According to IOM DTM, 38 new internal displacements have been recorded in Nigeria on 15 October 2025 as a result of Non-International armed conflict (NIAC). This figure might be preliminary. IOM DTM - Nigeria - 13 February 2026",,Conflict
240128,Nigeria,NGA,11.78436825,12.3742032,"[11.78436825, 12.3742032]",Recommended figure,Conflict,total,13,2025-10-15,2025-10-15,2025-10-15,2025,33604,Nigeria: Non-International armed conflict (NIAC) - Borno - 2025,,,2025-01-01,2025-12-31,,,,,,IOM DTM - Nigeria,,"Benisheikh, Kaga, Borno State, Nigeria; Ngamdu, Kaga, Borno State, Nigeria","11.809189, 12.491506; 11.7595475, 12.2569004",County/City/town/Village/Woreda (ADM3); County/City/town/Village/Woreda (ADM3),Destination; Origin,Displacement without preventive evacuations reported,2026-02-19T16:14:17.290726Z,"Nigeria: 13 displacements, 15 October - 15 October. According to IOM DTM, 13 new internal displacements have been recorded in Nigeria on 15 October 2025 as a result of Non-International armed conflict (NIAC). This figure might be preliminary. IOM DTM - Nigeria - 13 February 2026",,Conflict
240131,Nigeria,NGA,9.50107725,11.976138299999999,"[9.50107725, 11.976138299999999]",Recommended figure,Disaster,total,27,2025-10-14,2025-10-14,2025-10-14,2025,40045,Nigeria: Flood - Adamawa - 01/10/2025,FLOOD,Local Identifier,2025-10-01,2025-10-31,Weather related,Hydrological,Flood,Flood,,IOM DTM - Nigeria,,"Imburu, Numan, Adamawa State, Nigeria; Opalo, Larmurde, Adamawa State, Nigeria","9.4854875, 12.0189436; 9.516667, 11.933333",County/City/town/Village/Woreda (ADM3); County/City/town/Village/Woreda (ADM3),Destination; Origin,Displacement without preventive evacuations reported,2026-02-19T16:14:17.440902Z,"Nigeria: 27 displacements, 14 October - 14 October. According to IOM DTM, 27 new internal displacements have been recorded in Nigeria on 14 October 2025 as a result of Flood. This figure might be preliminary. IOM DTM - Nigeria - 13 February 2026",,Flood
240124,Nigeria,NGA,12.66812875,13.446250899999999,"[12.66812875, 13.446250899999999]",Recommended figure,Conflict,total,8,2025-10-13,2025-10-13,2025-10-13,2025,33604,Nigeria: Non-International armed conflict (NIAC) - Borno - 2025,,,2025-01-01,2025-12-31,,,,,,IOM DTM - Nigeria,,"Guzamala West, Guzamala, Borno State, Nigeria; Monguno, Monguno, Borno, Nigeria","12.6633401, 13.2764878; 12.6729174, 13.616014",County/City/town/Village/Woreda (ADM3); County/City/town/Village/Woreda (ADM3),Origin; Destination,Displacement without preventive evacuations reported,2026-02-19T15:48:08.926137Z,"Nigeria: 8 displacements, 13 October - 13 October. According to IOM DTM, 8 new internal displacements have been recorded in Nigeria on 13 October 2025 as a result of Non-International armed conflict (NIAC). This figure might be preliminary. IOM DTM - Nigeria - 13 February 2026",,Conflict
240125,Nigeria,NGA,11.4499473,14.0506762,"[11.4499473, 14.0506762]",Recommended figure,Conflict,total,13,2025-10-13,2025-10-13,2025-10-13,2025,33604,Nigeria: Non-International armed conflict (NIAC) - Borno - 2025,,,2025-01-01,2025-12-31,,,,,,IOM DTM - Nigeria,,"Bama, Borno, Nigeria; Yabiri Kura/Yabiri Gana/Chongolo, Bama, Borno, Nigeria","11.51319, 14.02445; 11.3867046, 14.0769024",County/City/town/Village/Woreda (ADM3); County/City/town/Village/Woreda (ADM3),Destination; Origin,Displacement without preventive evacuations reported,2026-02-19T15:48:08.979893Z,"Nigeria: 13 displacements, 13 October - 13 October. According to IOM DTM, 13 new internal displacements have been recorded in Nigeria on 13 October 2025 as a result of Non-International armed conflict (NIAC). This figure might be preliminary. IOM DTM - Nigeria - 13 February 2026",,Conflict
240132,Nigeria,NGA,9.44106160266885,12.48200307590751,"[9.44106160266885, 12.48200307590751]",Recommended figure,Conflict,total,79,2025-10-13,2025-10-13,2025-10-13,2025,33602,Nigeria: Non-International armed conflict (NIAC) - Adamawa - 2025,,,2025-01-01,2025-12-31,,,,,,IOM DTM - Nigeria,,"Girei, Adamawa","9.44106160266885, 12.48200307590751",County/City/town/Village/Woreda (ADM3),Origin and destination,Displacement without preventive evacuations reported,2026-02-19T16:14:17.482374Z,"Nigeria: 79 displacements, 13 October - 13 October. According to IOM DTM, 79 new internal displacements have been recorded in Nigeria on 13 October 2025 as a result of Non-International armed conflict (NIAC). This figure might be preliminary. IOM DTM - Nigeria - 13 February 2026",,Conflict
240127,Nigeria,NGA,11.0652918,13.6976832,"[11.0652918, 13.6976832]",Recommended figure,Conflict,total,6,2025-10-13,2025-10-13,2025-10-13,2025,33604,Nigeria: Non-International armed conflict (NIAC) - Borno - 2025,,,2025-01-01,2025-12-31,,,,,,IOM DTM - Nigeria,,"Gwoza Wakane / Bulabulin, Gwoza, Borno, Nigeria; Kurana Bassa/Ngoshe-Sama'a, Gwoza, Borno, Nigeria","11.1081683, 13.6478486; 11.0224153, 13.7475178",County/City/town/Village/Woreda (ADM3); County/City/town/Village/Woreda (ADM3),Destination; Origin,Displacement without preventive evacuations reported,2026-02-19T16:14:17.244381Z,"Nigeria: 6 displacements, 13 October - 13 October. According to IOM DTM, 6 new internal displacements have been recorded in Nigeria on 13 October 2025 as a result of Non-International armed conflict (NIAC). This figure might be preliminary. IOM DTM - Nigeria - 13 February 2026",,Conflict
240126,Nigeria,NGA,10.67093635,12.2526945,"[10.67093635, 12.2526945]",Recommended figure,Conflict,total,18,2025-10-13,2025-10-13,2025-10-13,2025,33604,Nigeria: Non-International armed conflict (NIAC) - Borno - 2025,,,2025-01-01,2025-12-31,,,,,,IOM DTM - Nigeria,,"Dugja, Biu, Borno State, Nigeria; Mandara Girau, Biu Emirate, Borno, Nigeria","10.6321951, 12.1360908; 10.7096776, 12.3692982",County/City/town/Village/Woreda (ADM3); County/City/town/Village/Woreda (ADM3),Destination; Origin,Displacement without preventive evacuations reported,2026-02-19T16:14:17.191702Z,"Nigeria: 18 displacements, 13 October - 13 October. According to IOM DTM, 18 new internal displacements have been recorded in Nigeria on 13 October 2025 as a result of Non-International armed conflict (NIAC). This figure might be preliminary. IOM DTM - Nigeria - 13 February 2026",,Conflict
238058,Nigeria,NGA,12.154534250000001,5.560181249999999,"[12.154534250000001, 5.560181249999999]",Recommended figure,Conflict,total,21,2025-10-14,2025-10-12,2025-10-14,2025,40130,Nigeria: Crime-related violence - Zamfara - 01/10/2025,CRIME_RELATED,Local Identifier,2025-10-01,2025-10-31,,,,,,IOM DTM - Nigeria,,"Bukkuyum, Bukkuyum, Bukkuyum, Zamfara, Nigeria; Yashi, Bukkuyum, Zamfara State, Nigeria","12.1365984, 5.4686068; 12.1724701, 5.6517557",County/City/town/Village/Woreda (ADM3); County/City/town/Village/Woreda (ADM3),Destination; Origin,Displacement without preventive evacuations reported,2026-02-19T09:09:38.458865Z,"Nigeria: 21 displacements, 12 October - 14 October. According to IOM DTM, 21 new internal displacements have been recorded in Nigeria between 12 October 2025 and 14 October 2025 as a result of Crime-related violence. This figure might be preliminary. IOM DTM - Nigeria - 03 December 2025",,Conflict
195243,Nigeria,NGA,12.13451,5.6269,"[12.13451, 5.6269]",Triangulation,Conflict,total,21,2025-10-12,2025-10-12,2025-10-12,2025,33625,Nigeria: Crime-related violence - Zamfara (Bukkuyum LGA/Yashi ward) - 12/10/2025,,,2025-10-12,2025-10-12,,,,,,IOM DTM - Nigeria,,"Masama, Bukkuyum, Zamfara, Nigeria; Yashi, Bukkuyum, Zamfara, Nigeria","12.09655, 5.60204; 12.17247, 5.65176",District/Zone/Department (ADM2); District/Zone/Department (ADM2),Destination; Origin,Displacement without preventive evacuations reported,2025-10-20T17:05:32.680936Z,"Nigeria: 21 displacements, 12 October - 12 October. According to IOM DTM - Nigeria, a total of 21 people were displaced in the community of Yashi (Yashi ward, Bukkuyum LGA, Zamfara State) towards the community of Masama (Masama ward, Bukkuyum LGA, Zamfara State) due to armed bandit attacks on 12 October. IOM DTM - Nigeria - 20 October 2025",,Conflict
240123,Nigeria,NGA,11.2618558,12.8482588,"[11.2618558, 12.8482588]",Recommended figure,Conflict,total,14,2025-10-11,2025-10-11,2025-10-11,2025,33604,Nigeria: Non-International armed conflict (NIAC) - Borno - 2025,,,2025-01-01,2025-12-31,,,,,,IOM DTM - Nigeria,,"Duhu/ Shuwa, Madagali, Adamawa, Nigeria; Ngamdu, Kaga, Borno State, Nigeria","10.7641641, 13.4396172; 11.7595475, 12.2569004",County/City/town/Village/Woreda (ADM3); County/City/town/Village/Woreda (ADM3),Destination; Origin,Displacement without preventive evacuations reported,2026-02-19T15:48:08.866122Z,"Nigeria: 14 displacements, 11 October - 11 October. According to IOM DTM, 14 new internal displacements have been recorded in Nigeria on 11 October 2025 as a result of Non-International armed conflict (NIAC). This figure might be preliminary. IOM DTM - Nigeria - 13 February 2026",,Conflict
240120,Nigeria,NGA,12.8377203,13.30433395,"[12.8377203, 13.30433395]",Recommended figure,Conflict,total,5,2025-10-10,2025-10-10,2025-10-10,2025,33604,Nigeria: Non-International armed conflict (NIAC) - Borno - 2025,,,2025-01-01,2025-12-31,,,,,,IOM DTM - Nigeria,,"Gudumbali West, Guzamala, Borno State, Nigeria; Monguno, Monguno, Borno, Nigeria","13.0025232, 12.9926539; 12.6729174, 13.616014",County/City/town/Village/Woreda (ADM3); County/City/town/Village/Woreda (ADM3),Origin; Destination,Displacement without preventive evacuations reported,2026-02-19T15:43:41.285942Z,"Nigeria: 5 displacements, 10 October - 10 October. According to IOM DTM, 5 new internal displacements have been recorded in Nigeria on 10 October 2025 as a result of Non-International armed conflict (NIAC). This figure might be preliminary. IOM DTM - Nigeria - 13 February 2026",,Conflict
240129,Nigeria,NGA,11.6976871,12.29711785,"[11.6976871, 12.29711785]",Recommended figure,Conflict,total,27,2025-10-10,2025-10-10,2025-10-10,2025,33604,Nigeria: Non-International armed conflict (NIAC) - Borno - 2025,,,2025-01-01,2025-12-31,,,,,,IOM DTM - Nigeria,,"Ngamdu, Kaga, Borno State, Nigeria; Wassaram, Kaga, Borno State, Nigeria","11.7595475, 12.2569004; 11.6358267, 12.3373353",County/City/town/Village/Woreda (ADM3); County/City/town/Village/Woreda (ADM3),Destination; Origin,Displacement without preventive evacuations reported,2026-02-19T16:14:17.340620Z,"Nigeria: 27 displacements, 10 October - 10 October. According to IOM DTM, 27 new internal displacements have been recorded in Nigeria on 10 October 2025 as a result of Non-International armed conflict (NIAC). This figure might be preliminary. IOM DTM - Nigeria - 13 February 2026",,Conflict
240121,Nigeria,NGA,11.4499473,14.0506762,"[11.4499473, 14.0506762]",Recommended figure,Conflict,total,2,2025-10-10,2025-10-10,2025-10-10,2025,33604,Nigeria: Non-International armed conflict (NIAC) - Borno - 2025,,,2025-01-01,2025-12-31,,,,,,IOM DTM - Nigeria,,"Bama, Borno, Nigeria; Yabiri Kura/Yabiri Gana/Chongolo, Bama, Borno, Nigeria","11.51319, 14.02445; 11.3867046, 14.0769024",County/City/town/Village/Woreda (ADM3); County/City/town/Village/Woreda (ADM3),Destination; Origin,Displacement without preventive evacuations reported,2026-02-19T15:43:41.334683Z,"Nigeria: 2 displacements, 10 October - 10 October. According to IOM DTM, 2 new internal displacements have been recorded in Nigeria on 10 October 2025 as a result of Non-International armed conflict (NIAC). This figure might be preliminary. IOM DTM - Nigeria - 13 February 2026",,Conflict
240113,Nigeria,NGA,12.8377203,13.30433395,"[12.8377203, 13.30433395]",Recommended figure,Conflict,total,8,2025-10-09,2025-10-09,2025-10-09,2025,33604,Nigeria: Non-International armed conflict (NIAC) - Borno - 2025,,,2025-01-01,2025-12-31,,,,,,IOM DTM - Nigeria,,"Gudumbali West, Guzamala, Borno State, Nigeria; Monguno, Monguno, Borno, Nigeria","13.0025232, 12.9926539; 12.6729174, 13.616014",County/City/town/Village/Woreda (ADM3); County/City/town/Village/Woreda (ADM3),Origin; Destination,Displacement without preventive evacuations reported,2026-02-19T15:43:40.894229Z,"Nigeria: 8 displacements, 09 October - 09 October. According to IOM DTM, 8 new internal displacements have been recorded in Nigeria on 09 October 2025 as a result of Non-International armed conflict (NIAC). This figure might be preliminary. IOM DTM - Nigeria - 13 February 2026",,Conflict
240122,Nigeria,NGA,10.763235250000001,13.69116835,"[10.763235250000001, 13.69116835]",Recommended figure,Conflict,total,46,2025-10-09,2025-10-09,2025-10-09,2025,33604,Nigeria: Non-International armed conflict (NIAC) - Borno - 2025,,,2025-01-01,2025-12-31,,,,,,IOM DTM - Nigeria,,"Buduwa / Bula Chirabe, Bama, Borno, Nigeria; Lamorde, Mubi South, Adamawa, Nigeria","11.2959105, 14.1233667; 10.23056, 13.25897",County/City/town/Village/Woreda (ADM3); County/City/town/Village/Woreda (ADM3),Origin; Destination,Displacement without preventive evacuations reported,2026-02-19T15:43:41.382584Z,"Nigeria: 46 displacements, 09 October - 09 October. According to IOM DTM, 46 new internal displacements have been recorded in Nigeria on 09 October 2025 as a result of Non-International armed conflict (NIAC). This figure might be preliminary. IOM DTM - Nigeria - 13 February 2026",,Conflict
240119,Nigeria,NGA,10.73224755,13.45683205,"[10.73224755, 13.45683205]",Recommended figure,Conflict,total,21,2025-10-09,2025-10-09,2025-10-09,2025,33602,Nigeria: Non-International armed conflict (NIAC) - Adamawa - 2025,,,2025-01-01,2025-12-31,,,,,,IOM DTM - Nigeria,,"Bazza Margi, Michika, Adamawa, Nigeria; Madagali, Madagali, Adamawa, Nigeria","10.5781051, 13.2836641; 10.88639, 13.63",County/City/town/Village/Woreda (ADM3); County/City/town/Village/Woreda (ADM3),Destination; Origin,Displacement without preventive evacuations reported,2026-02-19T15:43:41.235592Z,"Nigeria: 21 displacements, 09 October - 09 October. According to IOM DTM, 21 new internal displacements have been recorded in Nigeria on 09 October 2025 as a result of Non-International armed conflict (NIAC). This figure might be preliminary. IOM DTM - Nigeria - 13 February 2026",,Conflict
240118,Nigeria,NGA,10.8573852,13.5062319,"[10.8573852, 13.5062319]",Recommended figure,Conflict,total,39,2025-10-09,2025-10-09,2025-10-09,2025,33604,Nigeria: Non-International armed conflict (NIAC) - Borno - 2025,,,2025-01-01,2025-12-31,,,,,,IOM DTM - Nigeria,,"Gwoza, Hausari, Gwoza, Borno, Nigeria; Madzi, Michika, Adamawa, Nigeria","11.08309, 13.69416; 10.6316804, 13.3183038",County/City/town/Village/Woreda (ADM3); County/City/town/Village/Woreda (ADM3),Origin; Destination,Displacement without preventive evacuations reported,2026-02-19T15:43:41.148118Z,"Nigeria: 39 displacements, 09 October - 09 October. According to IOM DTM, 39 new internal displacements have been recorded in Nigeria on 09 October 2025 as a result of Non-International armed conflict (NIAC). This figure might be preliminary. IOM DTM - Nigeria - 13 February 2026",,Conflict
240117,Nigeria,NGA,10.072285,13.019115,"[10.072285, 13.019115]",Recommended figure,Conflict,total,93,2025-10-09,2025-10-09,2025-10-09,2025,33602,Nigeria: Non-International armed conflict (NIAC) - Adamawa - 2025,,,2025-01-01,2025-12-31,,,,,,IOM DTM - Nigeria,,"Madagali, Madagali, Adamawa, Nigeria; Yola South, Adamawa, Nigeria","10.88639, 13.63; 9.25818, 12.40823",County/City/town/Village/Woreda (ADM3); County/City/town/Village/Woreda (ADM3),Origin; Destination,Displacement without preventive evacuations reported,2026-02-19T15:43:41.085340Z,"Nigeria: 93 displacements, 09 October - 09 October. According to IOM DTM, 93 new internal displacements have been recorded in Nigeria on 09 October 2025 as a result of Non-International armed conflict (NIAC). This figure might be preliminary. IOM DTM - Nigeria - 13 February 2026",,Conflict
240114,Nigeria,NGA,10.23181,13.19727,"[10.23181, 13.19727]",Recommended figure,Conflict,total,23,2025-10-09,2025-10-09,2025-10-09,2025,33604,Nigeria: Non-International armed conflict (NIAC) - Borno - 2025,,,2025-01-01,2025-12-31,,,,,,IOM DTM - Nigeria,,"Gwoza, Hausari, Gwoza, Borno, Nigeria; Pariya, Fufore, Adamawa, Nigeria","11.08309, 13.69416; 9.38053, 12.70038",County/City/town/Village/Woreda (ADM3); County/City/town/Village/Woreda (ADM3),Origin; Destination,Displacement without preventive evacuations reported,2026-02-19T15:43:40.942332Z,"Nigeria: 23 displacements, 09 October - 09 October. According to IOM DTM, 23 new internal displacements have been recorded in Nigeria on 09 October 2025 as a result of Non-International armed conflict (NIAC). This figure might be preliminary. IOM DTM - Nigeria - 13 February 2026",,Conflict
240116,Nigeria,NGA,11.1978235,13.154393500000001,"[11.1978235, 13.154393500000001]",Recommended figure,Conflict,total,12,2025-10-08,2025-10-08,2025-10-08,2025,33604,Nigeria: Non-International armed conflict (NIAC) - Borno - 2025,,,2025-01-01,2025-12-31,,,,,,IOM DTM - Nigeria,,"Kaguram, Monguno, Borno State, Nigeria; Song, Adamawa, Nigeria","12.616667, 13.666667; 9.77898, 12.64212",County/City/town/Village/Woreda (ADM3); County/City/town/Village/Woreda (ADM3),Origin; Destination,Displacement without preventive evacuations reported,2026-02-19T15:43:41.037529Z,"Nigeria: 12 displacements, 08 October - 08 October. According to IOM DTM, 12 new internal displacements have been recorded in Nigeria on 08 October 2025 as a result of Non-International armed conflict (NIAC). This figure might be preliminary. IOM DTM - Nigeria - 13 February 2026",,Conflict
240110,Nigeria,NGA,11.51319,14.02445,"[11.51319, 14.02445]",Recommended figure,Conflict,total,6,2025-10-08,2025-10-08,2025-10-08,2025,33604,Nigeria: Non-International armed conflict (NIAC) - Borno - 2025,,,2025-01-01,2025-12-31,,,,,,IOM DTM - Nigeria,,"Bama, Borno, Nigeria","11.51319, 14.02445",County/City/town/Village/Woreda (ADM3),Origin and destination,Displacement without preventive evacuations reported,2026-02-19T15:43:40.741149Z,"Nigeria: 6 displacements, 08 October - 08 October. According to IOM DTM, 6 new internal displacements have been recorded in Nigeria on 08 October 2025 as a result of Non-International armed conflict (NIAC). This figure might be preliminary. IOM DTM - Nigeria - 13 February 2026",,Conflict
240111,Nigeria,NGA,10.634378550000001,12.9611517,"[10.634378550000001, 12.9611517]",Recommended figure,Conflict,total,31,2025-10-08,2025-10-08,2025-10-08,2025,33604,Nigeria: Non-International armed conflict (NIAC) - Borno - 2025,,,2025-01-01,2025-12-31,,,,,,IOM DTM - Nigeria,,"michika, michika, adamawa; Ngulde, Askira-Uba, Borno State, Nigeria","10.6208133, 13.3789461; 10.6479438, 12.5433573",County/City/town/Village/Woreda (ADM3); County/City/town/Village/Woreda (ADM3),Destination; Origin,Displacement without preventive evacuations reported,2026-02-19T15:43:40.791903Z,"Nigeria: 31 displacements, 08 October - 08 October. According to IOM DTM, 31 new internal displacements have been recorded in Nigeria on 08 October 2025 as a result of Non-International armed conflict (NIAC). This figure might be preliminary. IOM DTM - Nigeria - 13 February 2026",,Conflict
240107,Nigeria,NGA,10.55905,13.28021,"[10.55905, 13.28021]",Recommended figure,Conflict,total,72,2025-10-07,2025-10-07,2025-10-07,2025,33602,Nigeria: Non-International armed conflict (NIAC) - Adamawa - 2025,,,2025-01-01,2025-12-31,,,,,,IOM DTM - Nigeria,,"Hong, Hong, Adamawa, Nigeria; Madagali, Madagali, Adamawa, Nigeria","10.23171, 12.93042; 10.88639, 13.63",County/City/town/Village/Woreda (ADM3); County/City/town/Village/Woreda (ADM3),Destination; Origin,Displacement without preventive evacuations reported,2026-02-19T15:43:40.596886Z,"Nigeria: 72 displacements, 07 October - 07 October. According to IOM DTM, 72 new internal displacements have been recorded in Nigeria on 07 October 2025 as a result of Non-International armed conflict (NIAC). This figure might be preliminary. IOM DTM - Nigeria - 13 February 2026",,Conflict
240101,Nigeria,NGA,10.0075553,13.045493650000001,"[10.0075553, 13.045493650000001]",Recommended figure,Conflict,total,135,2025-10-07,2025-10-07,2025-10-07,2025,33602,Nigeria: Non-International armed conflict (NIAC) - Adamawa - 2025,,,2025-01-01,2025-12-31,,,,,,IOM DTM - Nigeria,,"Bole Yolde Pate, Yola North, Adamawa, Nigeria; Madagali, Madagali, Adamawa, Nigeria","9.1287206, 12.4609873; 10.88639, 13.63",County/City/town/Village/Woreda (ADM3); County/City/town/Village/Woreda (ADM3),Destination; Origin,Displacement without preventive evacuations reported,2026-02-19T15:43:40.279301Z,"Nigeria: 135 displacements, 07 October - 07 October. According to IOM DTM, 135 new internal displacements have been recorded in Nigeria on 07 October 2025 as a result of Non-International armed conflict (NIAC). This figure might be preliminary. IOM DTM - Nigeria - 13 February 2026",,Conflict
240102,Nigeria,NGA,12.7417881,13.42860265,"[12.7417881, 13.42860265]",Recommended figure,Conflict,total,7,2025-10-07,2025-10-07,2025-10-07,2025,33604,Nigeria: Non-International armed conflict (NIAC) - Borno - 2025,,,2025-01-01,2025-12-31,,,,,,IOM DTM - Nigeria,,"Aduwa, Guzamala, Borno State, Nigeria; Monguno, Monguno, Borno, Nigeria","12.8106588, 13.2411913; 12.6729174, 13.616014",County/City/town/Village/Woreda (ADM3); County/City/town/Village/Woreda (ADM3),Origin; Destination,Displacement without preventive evacuations reported,2026-02-19T15:43:40.332651Z,"Nigeria: 7 displacements, 07 October - 07 October. According to IOM DTM, 7 new internal displacements have been recorded in Nigeria on 07 October 2025 as a result of Non-International armed conflict (NIAC). This figure might be preliminary. IOM DTM - Nigeria - 13 February 2026",,Conflict
240108,Nigeria,NGA,11.6102037,13.9194242,"[11.6102037, 13.9194242]",Recommended figure,Conflict,total,11,2025-10-07,2025-10-07,2025-10-07,2025,33604,Nigeria: Non-International armed conflict (NIAC) - Borno - 2025,,,2025-01-01,2025-12-31,,,,,,IOM DTM - Nigeria,,"Madagali, Madagali, Adamawa, Nigeria; Ngala Ward, Ngala, Borno, Nigeria","10.88942, 13.62832; 12.3309874, 14.2105284",County/City/town/Village/Woreda (ADM3); County/City/town/Village/Woreda (ADM3),Destination; Origin,Displacement without preventive evacuations reported,2026-02-19T15:43:40.645634Z,"Nigeria: 11 displacements, 07 October - 07 October. According to IOM DTM, 11 new internal displacements have been recorded in Nigeria on 07 October 2025 as a result of Non-International armed conflict (NIAC). This figure might be preliminary. IOM DTM - Nigeria - 13 February 2026",,Conflict
240109,Nigeria,NGA,9.49722595,12.097376100000002,"[9.49722595, 12.097376100000002]",Recommended figure,Disaster,total,16,2025-10-07,2025-10-07,2025-10-07,2025,40045,Nigeria: Flood - Adamawa - 01/10/2025,FLOOD,Local Identifier,2025-10-01,2025-10-31,Weather related,Hydrological,Flood,Flood,,IOM DTM - Nigeria,,"Borrong, Demsa, Adamawa, Nigeria; Numan I, Numan, Adamawa, Nigeria","9.53895, 12.17861; 9.4555019, 12.0161422",County/City/town/Village/Woreda (ADM3); County/City/town/Village/Woreda (ADM3),Origin; Destination,Displacement without preventive evacuations reported,2026-02-19T15:43:40.697522Z,"Nigeria: 16 displacements, 07 October - 07 October. According to IOM DTM, 16 new internal displacements have been recorded in Nigeria on 07 October 2025 as a result of Flood. This figure might be preliminary. IOM DTM - Nigeria - 13 February 2026",,Flood
240112,Nigeria,NGA,10.76641185,12.79213025,"[10.76641185, 12.79213025]",Recommended figure,Conflict,total,5,2025-10-07,2025-10-07,2025-10-07,2025,33604,Nigeria: Non-International armed conflict (NIAC) - Borno - 2025,,,2025-01-01,2025-12-31,,,,,,IOM DTM - Nigeria,,"Mbalala, Chibok, Borno State, Nigeria; Shikarkir, Chibok, Borno, Nigeria","10.7612105, 12.8362706; 10.7716132, 12.7479899",County/City/town/Village/Woreda (ADM3); County/City/town/Village/Woreda (ADM3),Origin; Destination,Displacement without preventive evacuations reported,2026-02-19T15:43:40.840458Z,"Nigeria: 5 displacements, 07 October - 07 October. According to IOM DTM, 5 new internal displacements have been recorded in Nigeria on 07 October 2025 as a result of Non-International armed conflict (NIAC). This figure might be preliminary. IOM DTM - Nigeria - 13 February 2026",,Conflict
240115,Nigeria,NGA,11.4414891,12.5763694,"[11.4414891, 12.5763694]",Recommended figure,Conflict,total,19,2025-10-07,2025-10-07,2025-10-07,2025,33604,Nigeria: Non-International armed conflict (NIAC) - Borno - 2025,,,2025-01-01,2025-12-31,,,,,,IOM DTM - Nigeria,,"Damasak, Mobbar, Borno State, Nigeria; Song, Adamawa, Nigeria","13.1039982, 12.5106188; 9.77898, 12.64212",County/City/town/Village/Woreda (ADM3); County/City/town/Village/Woreda (ADM3),Origin; Destination,Displacement without preventive evacuations reported,2026-02-19T15:43:40.989397Z,"Nigeria: 19 displacements, 07 October - 07 October. According to IOM DTM, 19 new internal displacements have been recorded in Nigeria on 07 October 2025 as a result of Non-International armed conflict (NIAC). This figure might be preliminary. IOM DTM - Nigeria - 13 February 2026",,Conflict
240106,Nigeria,NGA,10.95229775,11.7372067,"[10.95229775, 11.7372067]",Recommended figure,Conflict,total,18,2025-10-06,2025-10-06,2025-10-06,2025,40021,Nigeria: Communal violence - Yobe - 01/10/2025,COMMUNAL_VIOLENCE,Local Identifier,2025-10-01,2025-10-31,,,,,,IOM DTM - Nigeria,,"Bularafa, Gulani, Yobe, Nigeria; Garin Tuwo, Gulani, Yobe, Nigeria","11.1333477, 11.8197213; 10.7712478, 11.6546921",County/City/town/Village/Woreda (ADM3); County/City/town/Village/Woreda (ADM3),Destination; Origin,Displacement without preventive evacuations reported,2026-02-19T15:43:40.550351Z,"Nigeria: 18 displacements, 06 October - 06 October. According to IOM DTM, 18 new internal displacements have been recorded in Nigeria on 06 October 2025 as a result of Communal violence. This figure might be preliminary. IOM DTM - Nigeria - 13 February 2026",,Conflict
240105,Nigeria,NGA,10.315176099999999,12.90794185,"[10.315176099999999, 12.90794185]",Recommended figure,Conflict,total,48,2025-10-06,2025-10-06,2025-10-06,2025,33602,Nigeria: Non-International armed conflict (NIAC) - Adamawa - 2025,,,2025-01-01,2025-12-31,,,,,,IOM DTM - Nigeria,,"Garha, Hong, Adamawa State, Nigeria; Hong, Hong, Adamawa, Nigeria","10.4002594, 12.8895986; 10.2300928, 12.9262851",County/City/town/Village/Woreda (ADM3); County/City/town/Village/Woreda (ADM3),Origin; Destination,Displacement without preventive evacuations reported,2026-02-19T15:43:40.497837Z,"Nigeria: 48 displacements, 06 October - 06 October. According to IOM DTM, 48 new internal displacements have been recorded in Nigeria on 06 October 2025 as a result of Non-International armed conflict (NIAC). This figure might be preliminary. IOM DTM - Nigeria - 13 February 2026",,Conflict
240103,Nigeria,NGA,10.59014605,12.3567006,"[10.59014605, 12.3567006]",Recommended figure,Conflict,total,14,2025-10-06,2025-10-06,2025-10-06,2025,33604,Nigeria: Non-International armed conflict (NIAC) - Borno - 2025,,,2025-01-01,2025-12-31,,,,,,IOM DTM - Nigeria,,"Kwajaffa/Hang, Hawul, Borno, Nigeria; Zarawuyaku, Biu, Borno State, Nigeria","10.5063321, 12.4839212; 10.67396, 12.22948",County/City/town/Village/Woreda (ADM3); County/City/town/Village/Woreda (ADM3),Origin; Destination,Displacement without preventive evacuations reported,2026-02-19T15:43:40.382883Z,"Nigeria: 14 displacements, 06 October - 06 October. According to IOM DTM, 14 new internal displacements have been recorded in Nigeria on 06 October 2025 as a result of Non-International armed conflict (NIAC). This figure might be preliminary. IOM DTM - Nigeria - 13 February 2026",,Conflict
240098,Nigeria,NGA,11.4499473,14.0506762,"[11.4499473, 14.0506762]",Recommended figure,Conflict,total,20,2025-10-06,2025-10-06,2025-10-06,2025,33604,Nigeria: Non-International armed conflict (NIAC) - Borno - 2025,,,2025-01-01,2025-12-31,,,,,,IOM DTM - Nigeria,,"Bama, Borno, Nigeria; Yabiri Kura/Yabiri Gana/Chongolo, Bama, Borno, Nigeria","11.51319, 14.02445; 11.3867046, 14.0769024",County/City/town/Village/Woreda (ADM3); County/City/town/Village/Woreda (ADM3),Destination; Origin,Displacement without preventive evacuations reported,2026-02-19T15:43:37.380863Z,"Nigeria: 20 displacements, 06 October - 06 October. According to IOM DTM, 20 new internal displacements have been recorded in Nigeria on 06 October 2025 as a result of Non-International armed conflict (NIAC). This figure might be preliminary. IOM DTM - Nigeria - 13 February 2026",,Conflict
240097,Nigeria,NGA,11.208025450000001,13.260082650000001,"[11.208025450000001, 13.260082650000001]",Recommended figure,Conflict,total,33,2025-10-06,2025-10-06,2025-10-06,2025,33604,Nigeria: Non-International armed conflict (NIAC) - Borno - 2025,,,2025-01-01,2025-12-31,,,,,,IOM DTM - Nigeria,,"Kingarwa, Mairari, Guzamala, Borno, Nigeria; Sorau 'B', Maiha, Adamawa, Nigeria","12.6599622, 13.3691981; 9.7560887, 13.1509672",County/City/town/Village/Woreda (ADM3); County/City/town/Village/Woreda (ADM3),Origin; Destination,Displacement without preventive evacuations reported,2026-02-19T15:43:37.331220Z,"Nigeria: 33 displacements, 06 October - 06 October. According to IOM DTM, 33 new internal displacements have been recorded in Nigeria on 06 October 2025 as a result of Non-International armed conflict (NIAC). This figure might be preliminary. IOM DTM - Nigeria - 13 February 2026",,Conflict
240100,Nigeria,NGA,9.5072545,11.95242785,"[9.5072545, 11.95242785]",Recommended figure,Disaster,total,51,2025-10-06,2025-10-06,2025-10-06,2025,40045,Nigeria: Flood - Adamawa - 01/10/2025,FLOOD,Local Identifier,2025-10-01,2025-10-31,Weather related,Hydrological,Flood,Flood,,IOM DTM - Nigeria,,"gyawana maternity clinic, A345, Lafia, Larmurde, Adamawa State, Nigeria; Sabon Pegi, Numan, Adamawa, Nigeria","9.571426, 11.884431; 9.443083, 12.0204247",County/City/town/Village/Woreda (ADM3); County/City/town/Village/Woreda (ADM3),Origin; Destination,Displacement without preventive evacuations reported,2026-02-19T15:43:37.484886Z,"Nigeria: 51 displacements, 06 October - 06 October. According to IOM DTM, 51 new internal displacements have been recorded in Nigeria on 06 October 2025 as a result of Flood. This figure might be preliminary. IOM DTM - Nigeria - 13 February 2026",,Flood
240104,Nigeria,NGA,9.74166395,11.84741475,"[9.74166395, 11.84741475]",Recommended figure,Conflict,total,26,2025-10-06,2025-10-06,2025-10-06,2025,33602,Nigeria: Non-International armed conflict (NIAC) - Adamawa - 2025,,,2025-01-01,2025-12-31,,,,,,IOM DTM - Nigeria,,"Guyuk, Adamawa State, Nigeria; Rigange primary heath center, Lafia, Larmurde, Adamawa State, Nigeria","9.909171, 11.9337812; 9.5741569, 11.7610483",County/City/town/Village/Woreda (ADM3); County/City/town/Village/Woreda (ADM3),Destination; Origin,Displacement without preventive evacuations reported,2026-02-19T15:43:40.447735Z,"Nigeria: 26 displacements, 06 October - 06 October. According to IOM DTM, 26 new internal displacements have been recorded in Nigeria on 06 October 2025 as a result of Non-International armed conflict (NIAC). This figure might be preliminary. IOM DTM - Nigeria - 13 February 2026",,Conflict
240099,Nigeria,NGA,9.7169814,11.919769500000001,"[9.7169814, 11.919769500000001]",Recommended figure,Disaster,total,9,2025-10-06,2025-10-06,2025-10-06,2025,40046,Nigeria: Flood - Taraba - 01/10/2025,FLOOD,Local Identifier,2025-10-01,2025-10-31,Weather related,Hydrological,Flood,Flood,,IOM DTM - Nigeria,,"Gassol, Gassol, Taraba State, Nigeria; Hyambula, Madagali, Adamawa, Nigeria","8.53535, 10.44615; 10.8986128, 13.393389",County/City/town/Village/Woreda (ADM3); County/City/town/Village/Woreda (ADM3),Origin; Destination,Displacement without preventive evacuations reported,2026-02-19T15:43:37.435276Z,"Nigeria: 9 displacements, 06 October - 06 October. According to IOM DTM, 9 new internal displacements have been recorded in Nigeria on 06 October 2025 as a result of Flood. This figure might be preliminary. IOM DTM - Nigeria - 13 February 2026",,Flood
240096,Nigeria,NGA,10.65769125,13.2097421,"[10.65769125, 13.2097421]",Recommended figure,Conflict,total,27,2025-10-03,2025-10-03,2025-10-03,2025,33604,Nigeria: Non-International armed conflict (NIAC) - Borno - 2025,,,2025-01-01,2025-12-31,,,,,,IOM DTM - Nigeria,,"Jigalambu, Michika, Adamawa State, Nigeria; Mussa, Askira-Uba, Borno State, Nigeria","10.578239, 13.327347; 10.7371435, 13.0921372",County/City/town/Village/Woreda (ADM3); County/City/town/Village/Woreda (ADM3),Destination; Origin,Displacement without preventive evacuations reported,2026-02-19T15:43:37.280596Z,"Nigeria: 27 displacements, 03 October - 03 October. According to IOM DTM, 27 new internal displacements have been recorded in Nigeria on 03 October 2025 as a result of Non-International armed conflict (NIAC). This figure might be preliminary. IOM DTM - Nigeria - 13 February 2026",,Conflict
240095,Nigeria,NGA,10.24963,12.801400000000001,"[10.24963, 12.801400000000001]",Recommended figure,Conflict,total,32,2025-10-03,2025-10-03,2025-10-03,2025,33604,Nigeria: Non-International armed conflict (NIAC) - Borno - 2025,,,2025-01-01,2025-12-31,,,,,,IOM DTM - Nigeria,,"Gatamarwa, Chibok, Borno State, Nigeria; Song, Adamawa, Nigeria","10.72028, 12.96068; 9.77898, 12.64212",County/City/town/Village/Woreda (ADM3); County/City/town/Village/Woreda (ADM3),Origin; Destination,Displacement without preventive evacuations reported,2026-02-19T15:43:37.229207Z,"Nigeria: 32 displacements, 03 October - 03 October. According to IOM DTM, 32 new internal displacements have been recorded in Nigeria on 03 October 2025 as a result of Non-International armed conflict (NIAC). This figure might be preliminary. IOM DTM - Nigeria - 13 February 2026",,Conflict
240084,Nigeria,NGA,10.072285,13.019115,"[10.072285, 13.019115]",Recommended figure,Conflict,total,85,2025-10-02,2025-10-02,2025-10-02,2025,33602,Nigeria: Non-International armed conflict (NIAC) - Adamawa - 2025,,,2025-01-01,2025-12-31,,,,,,IOM DTM - Nigeria,,"Madagali, Madagali, Adamawa, Nigeria; Yola South, Adamawa, Nigeria","10.88639, 13.63; 9.25818, 12.40823",County/City/town/Village/Woreda (ADM3); County/City/town/Village/Woreda (ADM3),Origin; Destination,Displacement without preventive evacuations reported,2026-02-19T15:43:36.463992Z,"Nigeria: 85 displacements, 02 October - 02 October. According to IOM DTM, 85 new internal displacements have been recorded in Nigeria on 02 October 2025 as a result of Non-International armed conflict (NIAC). This figure might be preliminary. IOM DTM - Nigeria - 13 February 2026",,Conflict
240086,Nigeria,NGA,10.76319975,13.23120915,"[10.76319975, 13.23120915]",Recommended figure,Conflict,total,16,2025-10-02,2025-10-02,2025-10-02,2025,33604,Nigeria: Non-International armed conflict (NIAC) - Borno - 2025,,,2025-01-01,2025-12-31,,,,,,IOM DTM - Nigeria,,"K/Wuro Ngayandi, Madagali, Adamawa, Nigeria; Mussa, Askira-Uba, Borno State, Nigeria","10.789256, 13.3702811; 10.7371435, 13.0921372",County/City/town/Village/Woreda (ADM3); County/City/town/Village/Woreda (ADM3),Destination; Origin,Displacement without preventive evacuations reported,2026-02-19T15:43:36.568078Z,"Nigeria: 16 displacements, 02 October - 02 October. According to IOM DTM, 16 new internal displacements have been recorded in Nigeria on 02 October 2025 as a result of Non-International armed conflict (NIAC). This figure might be preliminary. IOM DTM - Nigeria - 13 February 2026",,Conflict
240087,Nigeria,NGA,11.51319,14.02445,"[11.51319, 14.02445]",Recommended figure,Conflict,total,11,2025-10-02,2025-10-02,2025-10-02,2025,33604,Nigeria: Non-International armed conflict (NIAC) - Borno - 2025,,,2025-01-01,2025-12-31,,,,,,IOM DTM - Nigeria,,"Bama, Borno, Nigeria","11.51319, 14.02445",County/City/town/Village/Woreda (ADM3),Origin and destination,Displacement without preventive evacuations reported,2026-02-19T15:43:36.617142Z,"Nigeria: 11 displacements, 02 October - 02 October. According to IOM DTM, 11 new internal displacements have been recorded in Nigeria on 02 October 2025 as a result of Non-International armed conflict (NIAC). This figure might be preliminary. IOM DTM - Nigeria - 13 February 2026",,Conflict
240094,Nigeria,NGA,10.55803685,13.38183505,"[10.55803685, 13.38183505]",Recommended figure,Conflict,total,26,2025-10-02,2025-10-02,2025-10-02,2025,33602,Nigeria: Non-International armed conflict (NIAC) - Adamawa - 2025,,,2025-01-01,2025-12-31,,,,,,IOM DTM - Nigeria,,"Hyambula, Madagali, Adamawa, Nigeria; Mujara, Mubi South, Adamawa, Nigeria","10.8986128, 13.393389; 10.2174609, 13.3702811",County/City/town/Village/Woreda (ADM3); County/City/town/Village/Woreda (ADM3),Origin; Destination,Displacement without preventive evacuations reported,2026-02-19T15:43:37.179237Z,"Nigeria: 26 displacements, 02 October - 02 October. According to IOM DTM, 26 new internal displacements have been recorded in Nigeria on 02 October 2025 as a result of Non-International armed conflict (NIAC). This figure might be preliminary. IOM DTM - Nigeria - 13 February 2026",,Conflict
240093,Nigeria,NGA,10.798979500000002,13.50591725,"[10.798979500000002, 13.50591725]",Recommended figure,Conflict,total,32,2025-10-02,2025-10-02,2025-10-02,2025,33602,Nigeria: Non-International armed conflict (NIAC) - Adamawa - 2025,,,2025-01-01,2025-12-31,,,,,,IOM DTM - Nigeria,,"Madagali, Madagali, Adamawa, Nigeria; Minkisi/ Wuro Ngiki, Michika, Adamawa, Nigeria","10.88639, 13.63; 10.711569, 13.3818345",County/City/town/Village/Woreda (ADM3); County/City/town/Village/Woreda (ADM3),Origin; Destination,Displacement without preventive evacuations reported,2026-02-19T15:43:37.127722Z,"Nigeria: 32 displacements, 02 October - 02 October. According to IOM DTM, 32 new internal displacements have been recorded in Nigeria on 02 October 2025 as a result of Non-International armed conflict (NIAC). This figure might be preliminary. IOM DTM - Nigeria - 13 February 2026",,Conflict
240077,Nigeria,NGA,10.2300928,12.9262851,"[10.2300928, 12.9262851]",Recommended figure,Conflict,total,108,2025-10-02,2025-10-02,2025-10-02,2025,33602,Nigeria: Non-International armed conflict (NIAC) - Adamawa - 2025,,,2025-01-01,2025-12-31,,,,,,IOM DTM - Nigeria,,"Hong, Hong, Adamawa, Nigeria","10.2300928, 12.9262851",County/City/town/Village/Woreda (ADM3),Origin and destination,Displacement without preventive evacuations reported,2026-02-19T15:43:36.124289Z,"Nigeria: 108 displacements, 02 October - 02 October. According to IOM DTM, 108 new internal displacements have been recorded in Nigeria on 02 October 2025 as a result of Non-International armed conflict (NIAC). This figure might be preliminary. IOM DTM - Nigeria - 13 February 2026",,Conflict
240074,Nigeria,NGA,10.798979500000002,13.50591725,"[10.798979500000002, 13.50591725]",Recommended figure,Conflict,total,16,2025-10-01,2025-10-01,2025-10-01,2025,33602,Nigeria: Non-International armed conflict (NIAC) - Adamawa - 2025,,,2025-01-01,2025-12-31,,,,,,IOM DTM - Nigeria,,"Madagali, Madagali, Adamawa, Nigeria; Minkisi/ Wuro Ngiki, Michika, Adamawa, Nigeria","10.88639, 13.63; 10.711569, 13.3818345",County/City/town/Village/Woreda (ADM3); County/City/town/Village/Woreda (ADM3),Origin; Destination,Displacement without preventive evacuations reported,2026-02-19T15:15:23.533828Z,"Nigeria: 16 displacements, 01 October - 01 October. According to IOM DTM, 16 new internal displacements have been recorded in Nigeria on 01 October 2025 as a result of Non-International armed conflict (NIAC). This figure might be preliminary. IOM DTM - Nigeria - 13 February 2026",,Conflict
240092,Nigeria,NGA,11.157455250000002,9.81977955,"[11.157455250000002, 9.81977955]",Recommended figure,Conflict,total,27,2025-10-01,2025-10-01,2025-10-01,2025,40034,Nigeria: Crime-related violence - Katsina - 01/10/2025,CRIME_RELATED,Local Identifier,2025-10-01,2025-10-31,,,,,,IOM DTM - Nigeria,,"Kurba Gayi, Kwaya Kusar, Borno State, Nigeria; Makaurachi, Malumfashi, Katsina State, Nigeria","10.448562, 11.8303723; 11.8663485, 7.8091868",County/City/town/Village/Woreda (ADM3); County/City/town/Village/Woreda (ADM3),Destination; Origin,Displacement without preventive evacuations reported,2026-02-19T15:43:37.082928Z,"Nigeria: 27 displacements, 01 October - 01 October. According to IOM DTM, 27 new internal displacements have been recorded in Nigeria on 01 October 2025 as a result of Crime-related violence. This figure might be preliminary. IOM DTM - Nigeria - 13 February 2026",,Conflict
240091,Nigeria,NGA,10.825938650000001,12.7709829,"[10.825938650000001, 12.7709829]",Recommended figure,Conflict,total,14,2025-10-01,2025-10-01,2025-10-01,2025,33604,Nigeria: Non-International armed conflict (NIAC) - Borno - 2025,,,2025-01-01,2025-12-31,,,,,,IOM DTM - Nigeria,,"Chibok Wuntaku, Chibok, Borno, Nigeria; Shikarkir, Chibok, Borno, Nigeria","10.8802641, 12.7939759; 10.7716132, 12.7479899",County/City/town/Village/Woreda (ADM3); County/City/town/Village/Woreda (ADM3),Destination; Origin,Displacement without preventive evacuations reported,2026-02-19T15:43:36.822415Z,"Nigeria: 14 displacements, 01 October - 01 October. According to IOM DTM, 14 new internal displacements have been recorded in Nigeria on 01 October 2025 as a result of Non-International armed conflict (NIAC). This figure might be preliminary. IOM DTM - Nigeria - 13 February 2026",,Conflict
240083,Nigeria,NGA,10.2768884,13.336838799999999,"[10.2768884, 13.336838799999999]",Recommended figure,Conflict,total,16,2025-10-01,2025-10-01,2025-10-01,2025,33604,Nigeria: Non-International armed conflict (NIAC) - Borno - 2025,,,2025-01-01,2025-12-31,,,,,,IOM DTM - Nigeria,,"Kirawa/Jimini, Gwoza, Borno, Nigeria; Ribadu, Fufore, Adamawa, Nigeria","11.2627619, 13.8911999; 9.2910149, 12.7824777",County/City/town/Village/Woreda (ADM3); County/City/town/Village/Woreda (ADM3),Origin; Destination,Displacement without preventive evacuations reported,2026-02-19T15:43:36.413687Z,"Nigeria: 16 displacements, 01 October - 01 October. According to IOM DTM, 16 new internal displacements have been recorded in Nigeria on 01 October 2025 as a result of Non-International armed conflict (NIAC). This figure might be preliminary. IOM DTM - Nigeria - 13 February 2026",,Conflict
240088,Nigeria,NGA,11.535231849999999,9.63192745,"[11.535231849999999, 9.63192745]",Recommended figure,Conflict,total,13,2025-10-01,2025-10-01,2025-10-01,2025,34795,Nigeria: Non-International armed conflict (NIAC) - Katsina - 2025,,,2025-01-01,2025-12-31,,,,,,IOM DTM - Nigeria,,"Dadin Kowa, Biu, Borno State, Nigeria; Danmusa  B, Dan Musa, Katsina State, Nigeria","10.7787437, 11.9395949; 12.29172, 7.32426",County/City/town/Village/Woreda (ADM3); County/City/town/Village/Woreda (ADM3),Destination; Origin,Displacement without preventive evacuations reported,2026-02-19T15:43:36.671283Z,"Nigeria: 13 displacements, 01 October - 01 October. According to IOM DTM, 13 new internal displacements have been recorded in Nigeria on 01 October 2025 as a result of Non-International armed conflict (NIAC). This figure might be preliminary. IOM DTM - Nigeria - 13 February 2026",,Conflict
240085,Nigeria,NGA,10.43524955,13.407785100000002,"[10.43524955, 13.407785100000002]",Recommended figure,Conflict,total,19,2025-10-01,2025-10-01,2025-10-01,2025,33602,Nigeria: Non-International armed conflict (NIAC) - Adamawa - 2025,,,2025-01-01,2025-12-31,,,,,,IOM DTM - Nigeria,,"Madagali, Madagali, Adamawa, Nigeria; Tambajam, Maiha, Adamawa, Nigeria","10.88639, 13.63; 9.9841091, 13.1855702",County/City/town/Village/Woreda (ADM3); County/City/town/Village/Woreda (ADM3),Origin; Destination,Displacement without preventive evacuations reported,2026-02-19T15:43:36.516007Z,"Nigeria: 19 displacements, 01 October - 01 October. According to IOM DTM, 19 new internal displacements have been recorded in Nigeria on 01 October 2025 as a result of Non-International armed conflict (NIAC). This figure might be preliminary. IOM DTM - Nigeria - 13 February 2026",,Conflict
240081,Nigeria,NGA,10.60129,13.44795,"[10.60129, 13.44795]",Recommended figure,Conflict,total,17,2025-09-30,2025-09-30,2025-09-30,2025,33602,Nigeria: Non-International armed conflict (NIAC) - Adamawa - 2025,,,2025-01-01,2025-12-31,,,,,,IOM DTM - Nigeria,,"Digil, Mubi North, Adamawa, Nigeria; Madagali, Madagali, Adamawa, Nigeria","10.31619, 13.2659; 10.88639, 13.63",County/City/town/Village/Woreda (ADM3); County/City/town/Village/Woreda (ADM3),Destination; Origin,Displacement without preventive evacuations reported,2026-02-19T15:43:36.317509Z,"Nigeria: 17 displacements, 30 September - 30 September. According to IOM DTM, 17 new internal displacements have been recorded in Nigeria on 30 September 2025 as a result of Non-International armed conflict (NIAC). This figure might be preliminary. IOM DTM - Nigeria - 13 February 2026",,Conflict
240068,Nigeria,NGA,10.404165899999999,13.126816049999999,"[10.404165899999999, 13.126816049999999]",Recommended figure,Disaster,total,21,2025-09-30,2025-09-30,2025-09-30,2025,40044,Nigeria: Flood - Adamawa - 01/09/2025,FLOOD,Local Identifier,2025-09-01,2025-09-30,Weather related,Hydrological,Flood,Flood,,IOM DTM - Nigeria,,"Hong, Hong, Adamawa, Nigeria; Jigalambu, Michika, Adamawa State, Nigeria","10.2300928, 12.9262851; 10.578239, 13.327347",County/City/town/Village/Woreda (ADM3); County/City/town/Village/Woreda (ADM3),Origin; Destination,Displacement without preventive evacuations reported,2026-02-19T15:15:23.218397Z,"Nigeria: 21 displacements, 30 September - 30 September. According to IOM DTM, 21 new internal displacements have been recorded in Nigeria on 30 September 2025 as a result of Flood. This figure might be preliminary. IOM DTM - Nigeria - 13 February 2026",,Flood
240069,Nigeria,NGA,11.24743565,13.745042999999999,"[11.24743565, 13.745042999999999]",Recommended figure,Conflict,total,2,2025-09-30,2025-09-30,2025-09-30,2025,33604,Nigeria: Non-International armed conflict (NIAC) - Borno - 2025,,,2025-01-01,2025-12-31,,,,,,IOM DTM - Nigeria,,"Dure / Wala / Warabe, Gwoza, Borno, Nigeria; Pulka Bokko, Gwoza, Borno State, Nigeria","11.2504213, 13.682586; 11.24445, 13.8075",County/City/town/Village/Woreda (ADM3); County/City/town/Village/Woreda (ADM3),Origin; Destination,Displacement without preventive evacuations reported,2026-02-19T15:15:23.276448Z,"Nigeria: 2 displacements, 30 September - 30 September. According to IOM DTM, 2 new internal displacements have been recorded in Nigeria on 30 September 2025 as a result of Non-International armed conflict (NIAC). This figure might be preliminary. IOM DTM - Nigeria - 13 February 2026",,Conflict
240070,Nigeria,NGA,10.148398449999998,13.29086625,"[10.148398449999998, 13.29086625]",Recommended figure,Conflict,total,105,2025-09-30,2025-09-30,2025-09-30,2025,33604,Nigeria: Non-International armed conflict (NIAC) - Borno - 2025,,,2025-01-01,2025-12-31,,,,,,IOM DTM - Nigeria,,"Beti, Fufore, Adamawa, Nigeria; Kirawa/Jimini, Gwoza, Borno, Nigeria","9.034035, 12.6905326; 11.2627619, 13.8911999",County/City/town/Village/Woreda (ADM3); County/City/town/Village/Woreda (ADM3),Destination; Origin,Displacement without preventive evacuations reported,2026-02-19T15:15:23.333992Z,"Nigeria: 105 displacements, 30 September - 30 September. According to IOM DTM, 105 new internal displacements have been recorded in Nigeria on 30 September 2025 as a result of Non-International armed conflict (NIAC). This figure might be preliminary. IOM DTM - Nigeria - 13 February 2026",,Conflict
240071,Nigeria,NGA,11.5081805,13.99262955,"[11.5081805, 13.99262955]",Recommended figure,Conflict,total,5,2025-09-30,2025-09-30,2025-09-30,2025,33604,Nigeria: Non-International armed conflict (NIAC) - Borno - 2025,,,2025-01-01,2025-12-31,,,,,,IOM DTM - Nigeria,,"Bama, Borno, Nigeria; Wulbari/Ndine/Chachile, Bama, Borno, Nigeria","11.51319, 14.02445; 11.503171, 13.9608091",County/City/town/Village/Woreda (ADM3); County/City/town/Village/Woreda (ADM3),Destination; Origin,Displacement without preventive evacuations reported,2026-02-19T15:15:23.384291Z,"Nigeria: 5 displacements, 30 September - 30 September. According to IOM DTM, 5 new internal displacements have been recorded in Nigeria on 30 September 2025 as a result of Non-International armed conflict (NIAC). This figure might be preliminary. IOM DTM - Nigeria - 13 February 2026",,Conflict
240073,Nigeria,NGA,10.983829400000001,13.4120171,"[10.983829400000001, 13.4120171]",Recommended figure,Conflict,total,12,2025-09-30,2025-09-30,2025-09-30,2025,33604,Nigeria: Non-International armed conflict (NIAC) - Borno - 2025,,,2025-01-01,2025-12-31,,,,,,IOM DTM - Nigeria,,"Bita Izge, Gwoza, Borno State, Nigeria; Gulak, Madagali, Adamawa State, Nigeria","11.1617765, 13.3665057; 10.8058823, 13.4575285",County/City/town/Village/Woreda (ADM3); County/City/town/Village/Woreda (ADM3),Origin; Destination,Displacement without preventive evacuations reported,2026-02-19T15:15:23.480665Z,"Nigeria: 12 displacements, 30 September - 30 September. According to IOM DTM, 12 new internal displacements have been recorded in Nigeria on 30 September 2025 as a result of Non-International armed conflict (NIAC). This figure might be preliminary. IOM DTM - Nigeria - 13 February 2026",,Conflict
240076,Nigeria,NGA,10.520915,13.178640000000001,"[10.520915, 13.178640000000001]",Recommended figure,Conflict,total,66,2025-09-30,2025-09-30,2025-09-30,2025,33602,Nigeria: Non-International armed conflict (NIAC) - Adamawa - 2025,,,2025-01-01,2025-12-31,,,,,,IOM DTM - Nigeria,,"Gombi, Gombi, Adamawa, Nigeria; Madagali, Madagali, Adamawa, Nigeria","10.15544, 12.72728; 10.88639, 13.63",County/City/town/Village/Woreda (ADM3); County/City/town/Village/Woreda (ADM3),Destination; Origin,Displacement without preventive evacuations reported,2026-02-19T15:43:36.067075Z,"Nigeria: 66 displacements, 30 September - 30 September. According to IOM DTM, 66 new internal displacements have been recorded in Nigeria on 30 September 2025 as a result of Non-International armed conflict (NIAC). This figure might be preliminary. IOM DTM - Nigeria - 13 February 2026",,Conflict
240078,Nigeria,NGA,9.48608445,11.974737600000001,"[9.48608445, 11.974737600000001]",Recommended figure,Disaster,total,21,2025-09-30,2025-09-30,2025-09-30,2025,40044,Nigeria: Flood - Adamawa - 01/09/2025,FLOOD,Local Identifier,2025-09-01,2025-09-30,Weather related,Hydrological,Flood,Flood,,IOM DTM - Nigeria,,"Numan I, Numan, Adamawa, Nigeria; Opalo, Larmurde, Adamawa State, Nigeria","9.4555019, 12.0161422; 9.516667, 11.933333",County/City/town/Village/Woreda (ADM3); County/City/town/Village/Woreda (ADM3),Destination; Origin,Displacement without preventive evacuations reported,2026-02-19T15:43:36.179126Z,"Nigeria: 21 displacements, 30 September - 30 September. According to IOM DTM, 21 new internal displacements have been recorded in Nigeria on 30 September 2025 as a result of Flood. This figure might be preliminary. IOM DTM - Nigeria - 13 February 2026",,Flood
240062,Nigeria,NGA,10.3680353,13.1746381,"[10.3680353, 13.1746381]",Recommended figure,Disaster,total,22,2025-09-29,2025-09-29,2025-09-29,2025,40044,Nigeria: Flood - Adamawa - 01/09/2025,FLOOD,Local Identifier,2025-09-01,2025-09-30,Weather related,Hydrological,Flood,Flood,,IOM DTM - Nigeria,,"Daksiri Center, A13, Dilpurtu, Hong, Adamawa State, Nigeria; Munkavicita, Michika, Adamawa, Nigeria","10.1418931, 12.9269965; 10.5941775, 13.4222797",County/City/town/Village/Woreda (ADM3); County/City/town/Village/Woreda (ADM3),Origin; Destination,Displacement without preventive evacuations reported,2026-02-19T15:15:22.892321Z,"Nigeria: 22 displacements, 29 September - 29 September. According to IOM DTM, 22 new internal displacements have been recorded in Nigeria on 29 September 2025 as a result of Flood. This figure might be preliminary. IOM DTM - Nigeria - 13 February 2026",,Flood
240079,Nigeria,NGA,9.590696300000001,11.777048,"[9.590696300000001, 11.777048]",Recommended figure,Conflict,total,31,2025-09-29,2025-09-29,2025-09-29,2025,40020,Nigeria: Communal violence - Adamawa - 01/09/2025,COMMUNAL_VIOLENCE,Local Identifier,2025-09-01,2025-09-30,,,,,,IOM DTM - Nigeria,,"Lamurde, Larmurde, Adamawa State, Nigeria; Rigange primary heath center, Lafia, Larmurde, Adamawa State, Nigeria","9.6072357, 11.7930477; 9.5741569, 11.7610483",County/City/town/Village/Woreda (ADM3); County/City/town/Village/Woreda (ADM3),Origin; Destination,Displacement without preventive evacuations reported,2026-02-19T15:43:36.223120Z,"Nigeria: 31 displacements, 29 September - 29 September. According to IOM DTM, 31 new internal displacements have been recorded in Nigeria on 29 September 2025 as a result of Communal violence. This figure might be preliminary. IOM DTM - Nigeria - 13 February 2026",,Conflict
240089,Nigeria,NGA,8.48048455,12.0157375,"[8.48048455, 12.0157375]",Recommended figure,Disaster,total,146,2025-09-29,2025-09-29,2025-09-29,2025,40044,Nigeria: Flood - Adamawa - 01/09/2025,FLOOD,Local Identifier,2025-09-01,2025-09-30,Weather related,Hydrological,Flood,Flood,,IOM DTM - Nigeria,,"Ganye I, Ganye, Adamawa, Nigeria; Timdore, Ganye, Adamawa, Nigeria","8.4262291, 12.051835; 8.53474, 11.97964",County/City/town/Village/Woreda (ADM3); County/City/town/Village/Woreda (ADM3),Destination; Origin,Displacement without preventive evacuations reported,2026-02-19T15:43:36.728321Z,"Nigeria: 146 displacements, 29 September - 29 September. According to IOM DTM, 146 new internal displacements have been recorded in Nigeria on 29 September 2025 as a result of Flood. This figure might be preliminary. IOM DTM - Nigeria - 13 February 2026",,Flood
240072,Nigeria,NGA,10.558475000000001,13.444485,"[10.558475000000001, 13.444485]",Recommended figure,Conflict,total,43,2025-09-29,2025-09-29,2025-09-29,2025,33602,Nigeria: Non-International armed conflict (NIAC) - Adamawa - 2025,,,2025-01-01,2025-12-31,,,,,,IOM DTM - Nigeria,,"Lamorde, Mubi South, Adamawa, Nigeria; Madagali, Madagali, Adamawa, Nigeria","10.23056, 13.25897; 10.88639, 13.63",County/City/town/Village/Woreda (ADM3); County/City/town/Village/Woreda (ADM3),Destination; Origin,Displacement without preventive evacuations reported,2026-02-19T15:15:23.432106Z,"Nigeria: 43 displacements, 29 September - 29 September. According to IOM DTM, 43 new internal displacements have been recorded in Nigeria on 29 September 2025 as a result of Non-International armed conflict (NIAC). This figure might be preliminary. IOM DTM - Nigeria - 13 February 2026",,Conflict
240067,Nigeria,NGA,10.60105075,13.373186950000001,"[10.60105075, 13.373186950000001]",Recommended figure,Conflict,total,144,2025-09-29,2025-09-29,2025-09-29,2025,33602,Nigeria: Non-International armed conflict (NIAC) - Adamawa - 2025,,,2025-01-01,2025-12-31,,,,,,IOM DTM - Nigeria,,"Kwarhi, Hong, Adamawa, Nigeria; Madagali, Madagali, Adamawa, Nigeria","10.3157115, 13.1163739; 10.88639, 13.63",County/City/town/Village/Woreda (ADM3); County/City/town/Village/Woreda (ADM3),Destination; Origin,Displacement without preventive evacuations reported,2026-02-19T15:15:23.163558Z,"Nigeria: 144 displacements, 29 September - 29 September. According to IOM DTM, 144 new internal displacements have been recorded in Nigeria on 29 September 2025 as a result of Non-International armed conflict (NIAC). This figure might be preliminary. IOM DTM - Nigeria - 13 February 2026",,Conflict
240066,Nigeria,NGA,10.9735303,13.3299,"[10.9735303, 13.3299]",Recommended figure,Conflict,total,7,2025-09-29,2025-09-29,2025-09-29,2025,33604,Nigeria: Non-International armed conflict (NIAC) - Borno - 2025,,,2025-01-01,2025-12-31,,,,,,IOM DTM - Nigeria,,"Duhu/ Shuwa, Madagali, Adamawa, Nigeria; Mulgwai / Kopchi, Damboa, Borno, Nigeria","10.7641641, 13.4396172; 11.1828965, 13.2201828",County/City/town/Village/Woreda (ADM3); County/City/town/Village/Woreda (ADM3),Destination; Origin,Displacement without preventive evacuations reported,2026-02-19T15:15:23.091400Z,"Nigeria: 7 displacements, 29 September - 29 September. According to IOM DTM, 7 new internal displacements have been recorded in Nigeria on 29 September 2025 as a result of Non-International armed conflict (NIAC). This figure might be preliminary. IOM DTM - Nigeria - 13 February 2026",,Conflict
240065,Nigeria,NGA,11.082862200000001,13.7173506,"[11.082862200000001, 13.7173506]",Recommended figure,Conflict,total,5,2025-09-29,2025-09-29,2025-09-29,2025,33604,Nigeria: Non-International armed conflict (NIAC) - Borno - 2025,,,2025-01-01,2025-12-31,,,,,,IOM DTM - Nigeria,,"Gwoza Wakane / Bulabulin, Gwoza, Borno, Nigeria; Johode/Chikide/Kughum, Gwoza, Borno, Nigeria","11.1081683, 13.6478486; 11.0575561, 13.7868526",County/City/town/Village/Woreda (ADM3); County/City/town/Village/Woreda (ADM3),Destination; Origin,Displacement without preventive evacuations reported,2026-02-19T15:15:23.021635Z,"Nigeria: 5 displacements, 29 September - 29 September. According to IOM DTM, 5 new internal displacements have been recorded in Nigeria on 29 September 2025 as a result of Non-International armed conflict (NIAC). This figure might be preliminary. IOM DTM - Nigeria - 13 February 2026",,Conflict
240064,Nigeria,NGA,11.51319,14.02445,"[11.51319, 14.02445]",Recommended figure,Conflict,total,9,2025-09-29,2025-09-29,2025-09-29,2025,33604,Nigeria: Non-International armed conflict (NIAC) - Borno - 2025,,,2025-01-01,2025-12-31,,,,,,IOM DTM - Nigeria,,"Bama, Borno, Nigeria","11.51319, 14.02445",County/City/town/Village/Woreda (ADM3),Origin and destination,Displacement without preventive evacuations reported,2026-02-19T15:15:22.972039Z,"Nigeria: 9 displacements, 29 September - 29 September. According to IOM DTM, 9 new internal displacements have been recorded in Nigeria on 29 September 2025 as a result of Non-International armed conflict (NIAC). This figure might be preliminary. IOM DTM - Nigeria - 13 February 2026",,Conflict
240075,Nigeria,NGA,9.65099,12.97084,"[9.65099, 12.97084]",Recommended figure,Conflict,total,40,2025-09-29,2025-09-29,2025-09-29,2025,33602,Nigeria: Non-International armed conflict (NIAC) - Adamawa - 2025,,,2025-01-01,2025-12-31,,,,,,IOM DTM - Nigeria,,"Adamawa, Nigeria","9.65099, 12.97084",County/City/town/Village/Woreda (ADM3),Origin and destination,Displacement without preventive evacuations reported,2026-02-19T15:15:23.581208Z,"Nigeria: 40 displacements, 29 September - 29 September. According to IOM DTM, 40 new internal displacements have been recorded in Nigeria on 29 September 2025 as a result of Non-International armed conflict (NIAC). This figure might be preliminary. IOM DTM - Nigeria - 13 February 2026",,Conflict
240063,Nigeria,NGA,10.357985450000001,13.00298625,"[10.357985450000001, 13.00298625]",Recommended figure,Conflict,total,192,2025-09-28,2025-09-28,2025-09-28,2025,40031,Nigeria: Crime-related violence - Adamawa - 01/09/2025,CRIME_RELATED,Local Identifier,2025-09-01,2025-09-30,,,,,,IOM DTM - Nigeria,,"Garha, Hong, Adamawa State, Nigeria; Kwarhi, Hong, Adamawa, Nigeria","10.4002594, 12.8895986; 10.3157115, 13.1163739",County/City/town/Village/Woreda (ADM3); County/City/town/Village/Woreda (ADM3),Origin; Destination,Displacement without preventive evacuations reported,2026-02-19T15:15:22.932987Z,"Nigeria: 192 displacements, 28 September - 28 September. According to IOM DTM, 192 new internal displacements have been recorded in Nigeria on 28 September 2025 as a result of Crime-related violence. This figure might be preliminary. IOM DTM - Nigeria - 13 February 2026",,Conflict
238345,Nigeria,NGA,12.0953141,8.8935902,"[12.0953141, 8.8935902]",Recommended figure,Conflict,total,176,2025-09-30,2025-09-27,2025-09-30,2025,40129,Nigeria: Crime-related violence - Kano - 01/09/2025,CRIME_RELATED,Local Identifier,2025-09-01,2025-09-30,,,,,,IOM DTM - Nigeria,,"Zakirai, Gabasawa, Kano State, Nigeria","12.0953141, 8.8935902",County/City/town/Village/Woreda (ADM3),Origin and destination,Displacement without preventive evacuations reported,2026-02-19T09:33:22.168322Z,"Nigeria: 176 displacements, 27 September - 30 September. According to IOM DTM, 176 new internal displacements have been recorded in Nigeria between 27 September 2025 and 30 September 2025 as a result of Crime-related violence. This figure might be preliminary. IOM DTM - Nigeria - 03 December 2025",,Conflict
240080,Nigeria,NGA,10.5609795,13.41355335,"[10.5609795, 13.41355335]",Recommended figure,Conflict,total,13,2025-09-27,2025-09-27,2025-09-27,2025,33602,Nigeria: Non-International armed conflict (NIAC) - Adamawa - 2025,,,2025-01-01,2025-12-31,,,,,,IOM DTM - Nigeria,,"Madagali, Madagali, Adamawa, Nigeria; Yelwa, Mubi North, Adamawa, Nigeria","10.88639, 13.63; 10.235569, 13.1971067",County/City/town/Village/Woreda (ADM3); County/City/town/Village/Woreda (ADM3),Origin; Destination,Displacement without preventive evacuations reported,2026-02-19T15:43:36.265386Z,"Nigeria: 13 displacements, 27 September - 27 September. According to IOM DTM, 13 new internal displacements have been recorded in Nigeria on 27 September 2025 as a result of Non-International armed conflict (NIAC). This figure might be preliminary. IOM DTM - Nigeria - 13 February 2026",,Conflict
240090,Nigeria,NGA,8.132640171883779,11.99921802301698,"[8.132640171883779, 11.99921802301698]",Recommended figure,Disaster,total,41,2025-09-27,2025-09-27,2025-09-27,2025,40044,Nigeria: Flood - Adamawa - 01/09/2025,FLOOD,Local Identifier,2025-09-01,2025-09-30,Weather related,Hydrological,Flood,Flood,,IOM DTM - Nigeria,,"Kiri, Teungo, Adamawa, Nigeria; Toungo, Teungo, Adamawa State, Nigeria","8.147770343767556, 11.95148374603396; 8.11751, 12.0469523",County/City/town/Village/Woreda (ADM3); County/City/town/Village/Woreda (ADM3),Origin; Destination,Displacement without preventive evacuations reported,2026-02-19T15:43:36.774585Z,"Nigeria: 41 displacements, 27 September - 27 September. According to IOM DTM, 41 new internal displacements have been recorded in Nigeria on 27 September 2025 as a result of Flood. This figure might be preliminary. IOM DTM - Nigeria - 13 February 2026",,Flood
194431,Nigeria,NGA,12.10456,7.40893,"[12.10456, 7.40893]",Triangulation,Conflict,total,176,2025-09-26,2025-09-26,2025-09-26,2025,33473,Nigeria:Crime-related violence - Zamfara (Anka LGA/Galadima ward/Anka community) - 26/09/2025,,,2025-09-26,2025-09-26,,,,,,IOM DTM - Nigeria,,"Anka, Dangaladima, Anka, Zamfara, Nigeria; Zakirai, Gabasawa, Kano, Nigeria","12.11381, 5.92427; 12.09531, 8.89359",County/City/town/Village/Woreda (ADM3); District/Zone/Department (ADM2),Origin; Origin,Displacement without preventive evacuations reported,2025-10-10T11:16:23.965713Z,"Nigeria: 176 displacements, 26 September - 26 September. According to IOM DTM - Nigeria, a total of 176 people were displaced in the community of Anka (Galadima ward, Anka LGA, Zamfara State) towards the community of Sabaru (Zakirai ward, Gabasawa LGA, Kano State) Nigeria due to armed bandit attacks on 26 September. IOM DTM - Nigeria - 07 October 2025",,Conflict
240057,Nigeria,NGA,11.02516615,13.63251425,"[11.02516615, 13.63251425]",Recommended figure,Conflict,total,7,2025-09-26,2025-09-26,2025-09-26,2025,33604,Nigeria: Non-International armed conflict (NIAC) - Borno - 2025,,,2025-01-01,2025-12-31,,,,,,IOM DTM - Nigeria,,"Gulak, Madagali, Adamawa State, Nigeria; Pulka Bokko, Gwoza, Borno State, Nigeria","10.8058823, 13.4575285; 11.24445, 13.8075",County/City/town/Village/Woreda (ADM3); County/City/town/Village/Woreda (ADM3),Destination; Origin,Displacement without preventive evacuations reported,2026-02-19T15:15:22.655531Z,"Nigeria: 7 displacements, 26 September - 26 September. According to IOM DTM, 7 new internal displacements have been recorded in Nigeria on 26 September 2025 as a result of Non-International armed conflict (NIAC). This figure might be preliminary. IOM DTM - Nigeria - 13 February 2026",,Conflict
240058,Nigeria,NGA,10.3813532,13.1529713,"[10.3813532, 13.1529713]",Recommended figure,Disaster,total,29,2025-09-26,2025-09-26,2025-09-26,2025,40044,Nigeria: Flood - Adamawa - 01/09/2025,FLOOD,Local Identifier,2025-09-01,2025-09-30,Weather related,Hydrological,Flood,Flood,,IOM DTM - Nigeria,,"Daksiri Center, A13, Dilpurtu, Hong, Adamawa State, Nigeria; michika, michika, adamawa","10.1418931, 12.9269965; 10.6208133, 13.3789461",County/City/town/Village/Woreda (ADM3); County/City/town/Village/Woreda (ADM3),Origin; Destination,Displacement without preventive evacuations reported,2026-02-19T15:15:22.705176Z,"Nigeria: 29 displacements, 26 September - 26 September. According to IOM DTM, 29 new internal displacements have been recorded in Nigeria on 26 September 2025 as a result of Flood. This figure might be preliminary. IOM DTM - Nigeria - 13 February 2026",,Flood
240061,Nigeria,NGA,11.50903115,12.01240365,"[11.50903115, 12.01240365]",Recommended figure,Conflict,total,48,2025-09-26,2025-09-26,2025-09-26,2025,33607,Nigeria: Non-International armed conflict (NIAC) - Yobe - 2025,,,2025-01-01,2025-12-31,,,,,,IOM DTM - Nigeria,,"Gujba, Gujba, Yobe State, Nigeria; Ngurbuwa, Gujba, Yobe, Nigeria","11.49959, 11.93396; 11.5184723, 12.0908473",County/City/town/Village/Woreda (ADM3); County/City/town/Village/Woreda (ADM3),Destination; Origin,Displacement without preventive evacuations reported,2026-02-19T15:15:22.840336Z,"Nigeria: 48 displacements, 26 September - 26 September. According to IOM DTM, 48 new internal displacements have been recorded in Nigeria on 26 September 2025 as a result of Non-International armed conflict (NIAC). This figure might be preliminary. IOM DTM - Nigeria - 13 February 2026",,Conflict
240059,Nigeria,NGA,9.658403750000002,11.8304784,"[9.658403750000002, 11.8304784]",Recommended figure,Conflict,total,17,2025-09-26,2025-09-26,2025-09-26,2025,33602,Nigeria: Non-International armed conflict (NIAC) - Adamawa - 2025,,,2025-01-01,2025-12-31,,,,,,IOM DTM - Nigeria,,"Dumna, Guyuk, Adamawa State, Nigeria; Lamurde, Larmurde, Adamawa State, Nigeria","9.7095718, 11.8679091; 9.6072357, 11.7930477",County/City/town/Village/Woreda (ADM3); County/City/town/Village/Woreda (ADM3),Destination; Origin,Displacement without preventive evacuations reported,2026-02-19T15:15:22.745769Z,"Nigeria: 17 displacements, 26 September - 26 September. According to IOM DTM, 17 new internal displacements have been recorded in Nigeria on 26 September 2025 as a result of Non-International armed conflict (NIAC). This figure might be preliminary. IOM DTM - Nigeria - 13 February 2026",,Conflict
240060,Nigeria,NGA,10.92653325,13.43052785,"[10.92653325, 13.43052785]",Recommended figure,Conflict,total,8,2025-09-26,2025-09-26,2025-09-26,2025,33604,Nigeria: Non-International armed conflict (NIAC) - Borno - 2025,,,2025-01-01,2025-12-31,,,,,,IOM DTM - Nigeria,,"Bita Izge, Gwoza, Borno State, Nigeria; Palam, Madagali, Adamawa","11.1617765, 13.3665057; 10.69129, 13.49455",County/City/town/Village/Woreda (ADM3); County/City/town/Village/Woreda (ADM3),Origin; Destination,Displacement without preventive evacuations reported,2026-02-19T15:15:22.792869Z,"Nigeria: 8 displacements, 26 September - 26 September. According to IOM DTM, 8 new internal displacements have been recorded in Nigeria on 26 September 2025 as a result of Non-International armed conflict (NIAC). This figure might be preliminary. IOM DTM - Nigeria - 13 February 2026",,Conflict
240056,Nigeria,NGA,9.9602125,13.1602663,"[9.9602125, 13.1602663]",Recommended figure,Conflict,total,40,2025-09-25,2025-09-25,2025-09-25,2025,33602,Nigeria: Non-International armed conflict (NIAC) - Adamawa - 2025,,,2025-01-01,2025-12-31,,,,,,IOM DTM - Nigeria,,"Beti, Fufore, Adamawa, Nigeria; Madagali, Madagali, Adamawa, Nigeria","9.034035, 12.6905326; 10.88639, 13.63",County/City/town/Village/Woreda (ADM3); County/City/town/Village/Woreda (ADM3),Destination; Origin,Displacement without preventive evacuations reported,2026-02-19T15:15:22.607606Z,"Nigeria: 40 displacements, 25 September - 25 September. According to IOM DTM, 40 new internal displacements have been recorded in Nigeria on 25 September 2025 as a result of Non-International armed conflict (NIAC). This figure might be preliminary. IOM DTM - Nigeria - 13 February 2026",,Conflict
240156,Nigeria,NGA,10.666190499999999,13.379546,"[10.666190499999999, 13.379546]",Recommended figure,Conflict,total,32,2025-09-25,2025-09-25,2025-09-25,2025,33604,Nigeria: Non-International armed conflict (NIAC) - Borno - 2025,,,2025-01-01,2025-12-31,,,,,,IOM DTM - Nigeria,,"Garta / Ghunchi, Michika, Adamawa, Nigeria; Lassa, Askira-Uba, Borno State, Nigeria","10.6519645, 13.485862; 10.6804165, 13.27323",County/City/town/Village/Woreda (ADM3); County/City/town/Village/Woreda (ADM3),Destination; Origin,Displacement without preventive evacuations reported,2026-02-19T16:14:21.933645Z,"Nigeria: 32 displacements, 25 September - 25 September. According to IOM DTM, 32 new internal displacements have been recorded in Nigeria on 25 September 2025 as a result of Non-International armed conflict (NIAC). This figure might be preliminary. IOM DTM - Nigeria - 13 February 2026",,Conflict
240051,Nigeria,NGA,10.669723000000001,13.4256945,"[10.669723000000001, 13.4256945]",Recommended figure,Conflict,total,39,2025-09-25,2025-09-25,2025-09-25,2025,33602,Nigeria: Non-International armed conflict (NIAC) - Adamawa - 2025,,,2025-01-01,2025-12-31,,,,,,IOM DTM - Nigeria,,"Madagali, Madagali, Adamawa, Nigeria; Uba, Askira-Uba, Borno State, Nigeria","10.88639, 13.63; 10.453056, 13.221389",County/City/town/Village/Woreda (ADM3); County/City/town/Village/Woreda (ADM3),Origin; Destination,Displacement without preventive evacuations reported,2026-02-19T15:15:22.362120Z,"Nigeria: 39 displacements, 25 September - 25 September. According to IOM DTM, 39 new internal displacements have been recorded in Nigeria on 25 September 2025 as a result of Non-International armed conflict (NIAC). This figure might be preliminary. IOM DTM - Nigeria - 13 February 2026",,Conflict
240048,Nigeria,NGA,10.837823,13.500140550000001,"[10.837823, 13.500140550000001]",Recommended figure,Conflict,total,28,2025-09-25,2025-09-25,2025-09-25,2025,33602,Nigeria: Non-International armed conflict (NIAC) - Adamawa - 2025,,,2025-01-01,2025-12-31,,,,,,IOM DTM - Nigeria,,"K/Wuro Ngayandi, Madagali, Adamawa, Nigeria; Madagali, Madagali, Adamawa, Nigeria","10.789256, 13.3702811; 10.88639, 13.63",County/City/town/Village/Woreda (ADM3); County/City/town/Village/Woreda (ADM3),Destination; Origin,Displacement without preventive evacuations reported,2026-02-19T15:15:18.826361Z,"Nigeria: 28 displacements, 25 September - 25 September. According to IOM DTM, 28 new internal displacements have been recorded in Nigeria on 25 September 2025 as a result of Non-International armed conflict (NIAC). This figure might be preliminary. IOM DTM - Nigeria - 13 February 2026",,Conflict
240039,Nigeria,NGA,10.580719,13.450338349999999,"[10.580719, 13.450338349999999]",Recommended figure,Conflict,total,8,2025-09-24,2025-09-24,2025-09-24,2025,33602,Nigeria: Non-International armed conflict (NIAC) - Adamawa - 2025,,,2025-01-01,2025-12-31,,,,,,IOM DTM - Nigeria,,"Madagali, Madagali, Adamawa, Nigeria; Sabon Layi, Mubi North, Adamawa, Nigeria","10.88639, 13.63; 10.275048, 13.2706767",County/City/town/Village/Woreda (ADM3); County/City/town/Village/Woreda (ADM3),Origin; Destination,Displacement without preventive evacuations reported,2026-02-19T15:15:18.201768Z,"Nigeria: 8 displacements, 24 September - 24 September. According to IOM DTM, 8 new internal displacements have been recorded in Nigeria on 24 September 2025 as a result of Non-International armed conflict (NIAC). This figure might be preliminary. IOM DTM - Nigeria - 13 February 2026",,Conflict
240038,Nigeria,NGA,10.57511425,13.45322435,"[10.57511425, 13.45322435]",Recommended figure,Conflict,total,15,2025-09-24,2025-09-24,2025-09-24,2025,33602,Nigeria: Non-International armed conflict (NIAC) - Adamawa - 2025,,,2025-01-01,2025-12-31,,,,,,IOM DTM - Nigeria,,"Kolere, Mubi, Mubi North, Adamawa, Nigeria; Madagali, Madagali, Adamawa, Nigeria","10.2638385, 13.2764487; 10.88639, 13.63",County/City/town/Village/Woreda (ADM3); County/City/town/Village/Woreda (ADM3),Destination; Origin,Displacement without preventive evacuations reported,2026-02-19T15:15:18.128830Z,"Nigeria: 15 displacements, 24 September - 24 September. According to IOM DTM, 15 new internal displacements have been recorded in Nigeria on 24 September 2025 as a result of Non-International armed conflict (NIAC). This figure might be preliminary. IOM DTM - Nigeria - 13 February 2026",,Conflict
240036,Nigeria,NGA,10.85195165,13.53655305,"[10.85195165, 13.53655305]",Recommended figure,Conflict,total,37,2025-09-24,2025-09-24,2025-09-24,2025,33604,Nigeria: Non-International armed conflict (NIAC) - Borno - 2025,,,2025-01-01,2025-12-31,,,,,,IOM DTM - Nigeria,,"Gwoza, Hausari, Gwoza, Borno, Nigeria; Michika I, Michika, Adamawa, Nigeria","11.08309, 13.69416; 10.6208133, 13.3789461",County/City/town/Village/Woreda (ADM3); County/City/town/Village/Woreda (ADM3),Origin; Destination,Displacement without preventive evacuations reported,2026-02-19T15:15:17.997730Z,"Nigeria: 37 displacements, 24 September - 24 September. According to IOM DTM, 37 new internal displacements have been recorded in Nigeria on 24 September 2025 as a result of Non-International armed conflict (NIAC). This figure might be preliminary. IOM DTM - Nigeria - 13 February 2026",,Conflict
240035,Nigeria,NGA,11.70861795,12.5748416,"[11.70861795, 12.5748416]",Recommended figure,Conflict,total,19,2025-09-24,2025-09-24,2025-09-24,2025,33604,Nigeria: Non-International armed conflict (NIAC) - Borno - 2025,,,2025-01-01,2025-12-31,,,,,,IOM DTM - Nigeria,,"Benisheikh, Kaga, Borno State, Nigeria; Borgozo, Kaga, Borno State, Nigeria","11.809189, 12.491506; 11.6080469, 12.6581772",County/City/town/Village/Woreda (ADM3); County/City/town/Village/Woreda (ADM3),Destination; Origin,Displacement without preventive evacuations reported,2026-02-19T15:15:17.938101Z,"Nigeria: 19 displacements, 24 September - 24 September. According to IOM DTM, 19 new internal displacements have been recorded in Nigeria on 24 September 2025 as a result of Non-International armed conflict (NIAC). This figure might be preliminary. IOM DTM - Nigeria - 13 February 2026",,Conflict
240053,Nigeria,NGA,10.542505,13.469385,"[10.542505, 13.469385]",Recommended figure,Conflict,total,61,2025-09-24,2025-09-24,2025-09-24,2025,33602,Nigeria: Non-International armed conflict (NIAC) - Adamawa - 2025,,,2025-01-01,2025-12-31,,,,,,IOM DTM - Nigeria,,"Gude, Mubi South, Adamawa, Nigeria; Madagali, Madagali, Adamawa, Nigeria","10.19862, 13.30877; 10.88639, 13.63",County/City/town/Village/Woreda (ADM3); County/City/town/Village/Woreda (ADM3),Destination; Origin,Displacement without preventive evacuations reported,2026-02-19T15:15:22.463474Z,"Nigeria: 61 displacements, 24 September - 24 September. According to IOM DTM, 61 new internal displacements have been recorded in Nigeria on 24 September 2025 as a result of Non-International armed conflict (NIAC). This figure might be preliminary. IOM DTM - Nigeria - 13 February 2026",,Conflict
240050,Nigeria,NGA,10.52243,13.177800000000001,"[10.52243, 13.177800000000001]",Recommended figure,Conflict,total,47,2025-09-24,2025-09-24,2025-09-24,2025,33602,Nigeria: Non-International armed conflict (NIAC) - Adamawa - 2025,,,2025-01-01,2025-12-31,,,,,,IOM DTM - Nigeria,,"Gombi, Gombi, Adamawa, Nigeria; Madagali, Madagali, Adamawa, Nigeria","10.15544, 12.72728; 10.88942, 13.62832",County/City/town/Village/Woreda (ADM3); County/City/town/Village/Woreda (ADM3),Destination; Origin,Displacement without preventive evacuations reported,2026-02-19T15:15:18.971156Z,"Nigeria: 47 displacements, 24 September - 24 September. According to IOM DTM, 47 new internal displacements have been recorded in Nigeria on 24 September 2025 as a result of Non-International armed conflict (NIAC). This figure might be preliminary. IOM DTM - Nigeria - 13 February 2026",,Conflict
240047,Nigeria,NGA,10.59675425,13.477039000000001,"[10.59675425, 13.477039000000001]",Recommended figure,Conflict,total,5,2025-09-24,2025-09-24,2025-09-24,2025,33602,Nigeria: Non-International armed conflict (NIAC) - Adamawa - 2025,,,2025-01-01,2025-12-31,,,,,,IOM DTM - Nigeria,,"Madagali, Madagali, Adamawa, Nigeria; Vimtim, Mubi North, Adamawa, Nigeria","10.88639, 13.63; 10.3071185, 13.324078",County/City/town/Village/Woreda (ADM3); County/City/town/Village/Woreda (ADM3),Origin; Destination,Displacement without preventive evacuations reported,2026-02-19T15:15:18.759228Z,"Nigeria: 5 displacements, 24 September - 24 September. According to IOM DTM, 5 new internal displacements have been recorded in Nigeria on 24 September 2025 as a result of Non-International armed conflict (NIAC). This figure might be preliminary. IOM DTM - Nigeria - 13 February 2026",,Conflict
240046,Nigeria,NGA,10.5609795,13.41355335,"[10.5609795, 13.41355335]",Recommended figure,Conflict,total,17,2025-09-24,2025-09-24,2025-09-24,2025,33602,Nigeria: Non-International armed conflict (NIAC) - Adamawa - 2025,,,2025-01-01,2025-12-31,,,,,,IOM DTM - Nigeria,,"Madagali, Madagali, Adamawa, Nigeria; Yelwa, Mubi North, Adamawa, Nigeria","10.88639, 13.63; 10.235569, 13.1971067",County/City/town/Village/Woreda (ADM3); County/City/town/Village/Woreda (ADM3),Origin; Destination,Displacement without preventive evacuations reported,2026-02-19T15:15:18.698572Z,"Nigeria: 17 displacements, 24 September - 24 September. According to IOM DTM, 17 new internal displacements have been recorded in Nigeria on 24 September 2025 as a result of Non-International armed conflict (NIAC). This figure might be preliminary. IOM DTM - Nigeria - 13 February 2026",,Conflict
240044,Nigeria,NGA,9.64186435,11.8144787,"[9.64186435, 11.8144787]",Recommended figure,Conflict,total,29,2025-09-24,2025-09-24,2025-09-24,2025,33602,Nigeria: Non-International armed conflict (NIAC) - Adamawa - 2025,,,2025-01-01,2025-12-31,,,,,,IOM DTM - Nigeria,,"Dumna, Guyuk, Adamawa State, Nigeria; Rigange primary heath center, Lafia, Larmurde, Adamawa State, Nigeria","9.7095718, 11.8679091; 9.5741569, 11.7610483",County/City/town/Village/Woreda (ADM3); County/City/town/Village/Woreda (ADM3),Destination; Origin,Displacement without preventive evacuations reported,2026-02-19T15:15:18.567285Z,"Nigeria: 29 displacements, 24 September - 24 September. According to IOM DTM, 29 new internal displacements have been recorded in Nigeria on 24 September 2025 as a result of Non-International armed conflict (NIAC). This figure might be preliminary. IOM DTM - Nigeria - 13 February 2026",,Conflict
240054,Nigeria,NGA,9.5058682,12.1038001,"[9.5058682, 12.1038001]",Recommended figure,Disaster,total,15,2025-09-24,2025-09-24,2025-09-24,2025,40044,Nigeria: Flood - Adamawa - 01/09/2025,FLOOD,Local Identifier,2025-09-01,2025-09-30,Weather related,Hydrological,Flood,Flood,,IOM DTM - Nigeria,,"Borrong, Demsa, Adamawa, Nigeria; Numan III, Numan, Adamawa, Nigeria","9.53895, 12.17861; 9.4727864, 12.0289902",County/City/town/Village/Woreda (ADM3); County/City/town/Village/Woreda (ADM3),Origin; Destination,Displacement without preventive evacuations reported,2026-02-19T15:15:22.518238Z,"Nigeria: 15 displacements, 24 September - 24 September. According to IOM DTM, 15 new internal displacements have been recorded in Nigeria on 24 September 2025 as a result of Flood. This figure might be preliminary. IOM DTM - Nigeria - 13 February 2026",,Flood
240042,Nigeria,NGA,10.00074,12.929045,"[10.00074, 12.929045]",Recommended figure,Conflict,total,10,2025-09-24,2025-09-24,2025-09-24,2025,33602,Nigeria: Non-International armed conflict (NIAC) - Adamawa - 2025,,,2025-01-01,2025-12-31,,,,,,IOM DTM - Nigeria,,"Madagali, Madagali, Adamawa, Nigeria; Mayo Ine, Fufore, Adamawa, Nigeria","10.88639, 13.63; 9.11509, 12.22809",County/City/town/Village/Woreda (ADM3); County/City/town/Village/Woreda (ADM3),Origin; Destination,Displacement without preventive evacuations reported,2026-02-19T15:15:18.407037Z,"Nigeria: 10 displacements, 24 September - 24 September. According to IOM DTM, 10 new internal displacements have been recorded in Nigeria on 24 September 2025 as a result of Non-International armed conflict (NIAC). This figure might be preliminary. IOM DTM - Nigeria - 13 February 2026",,Conflict
240041,Nigeria,NGA,10.87073,13.62617,"[10.87073, 13.62617]",Recommended figure,Conflict,total,21,2025-09-24,2025-09-24,2025-09-24,2025,33602,Nigeria: Non-International armed conflict (NIAC) - Adamawa - 2025,,,2025-01-01,2025-12-31,,,,,,IOM DTM - Nigeria,,"Bebel, Madagali, Adamawa, Nigeria; Madagali, Madagali, Adamawa, Nigeria","10.85507, 13.62234; 10.88639, 13.63",County/City/town/Village/Woreda (ADM3); County/City/town/Village/Woreda (ADM3),Destination; Origin,Displacement without preventive evacuations reported,2026-02-19T15:15:18.334464Z,"Nigeria: 21 displacements, 24 September - 24 September. According to IOM DTM, 21 new internal displacements have been recorded in Nigeria on 24 September 2025 as a result of Non-International armed conflict (NIAC). This figure might be preliminary. IOM DTM - Nigeria - 13 February 2026",,Conflict
240040,Nigeria,NGA,10.887905,13.62916,"[10.887905, 13.62916]",Recommended figure,Conflict,total,32,2025-09-24,2025-09-24,2025-09-24,2025,33602,Nigeria: Non-International armed conflict (NIAC) - Adamawa - 2025,,,2025-01-01,2025-12-31,,,,,,IOM DTM - Nigeria,,"Madagali, Madagali, Adamawa, Nigeria; Madagali, Madagali, Adamawa, Nigeria","10.88639, 13.63; 10.88942, 13.62832",County/City/town/Village/Woreda (ADM3); County/City/town/Village/Woreda (ADM3),Origin; Destination,Displacement without preventive evacuations reported,2026-02-19T15:15:18.265360Z,"Nigeria: 32 displacements, 24 September - 24 September. According to IOM DTM, 32 new internal displacements have been recorded in Nigeria on 24 September 2025 as a result of Non-International armed conflict (NIAC). This figure might be preliminary. IOM DTM - Nigeria - 13 February 2026",,Conflict
238215,Nigeria,NGA,12.09532,8.32186,"[12.09532, 8.32186]",Recommended figure,Disaster,total,88,2025-09-25,2025-09-23,2025-09-25,2025,40142,Nigeria: Mixed disasters - Kano - 01/09/2025,MIXED_DISASTERS,Local Identifier,2025-09-01,2025-09-30,Mixed disasters,Mixed disasters,Mixed disasters,Mixed disasters,,IOM DTM - Nigeria,,"Dawaki West, Dawakin Tofa, Kano State, Nigeria","12.09532, 8.32186",County/City/town/Village/Woreda (ADM3),Origin and destination,Displacement without preventive evacuations reported,2026-02-19T09:20:48.939594Z,"Nigeria: 88 displacements, 23 September - 25 September. According to IOM DTM, 88 new internal displacements have been recorded in Nigeria between 23 September 2025 and 25 September 2025 as a result of Mixed disasters. This figure might be preliminary. IOM DTM - Nigeria - 03 December 2025",,Mixed disasters
238060,Nigeria,NGA,12.28808675,6.7592102,"[12.28808675, 6.7592102]",Recommended figure,Conflict,total,142,2025-09-24,2025-09-23,2025-09-24,2025,40127,Nigeria: Crime-related violence - Zamfara - 01/09/2025,CRIME_RELATED,Local Identifier,2025-09-01,2025-09-30,,,,,,IOM DTM - Nigeria,,"Dan' Isa, Kaura Namoda, Zamfara State, Nigeria; Samawa, Bungudu, Zamfara State, Nigeria","12.3367401, 6.7614526; 12.2394334, 6.7569678",County/City/town/Village/Woreda (ADM3); County/City/town/Village/Woreda (ADM3),Destination; Origin,Displacement without preventive evacuations reported,2026-02-19T09:09:38.607255Z,"Nigeria: 142 displacements, 23 September - 24 September. According to IOM DTM, 142 new internal displacements have been recorded in Nigeria between 23 September 2025 and 24 September 2025 as a result of Crime-related violence. This figure might be preliminary. IOM DTM - Nigeria - 03 December 2025",,Conflict
193849,Nigeria,NGA,12.272639999999999,6.761340000000001,"[12.272639999999999, 6.761340000000001]",Triangulation,Conflict,total,142,2025-09-23,2025-09-23,2025-09-23,2025,33340,Nigeria: Crime-related violence - Zamfara (Bungudu LGA/Samawa ward/Samawa Babba) - 23/09/2025,,,2025-09-23,2025-09-23,,,,,,IOM DTM - Nigeria,,"Dogon Kade, Dan' Isa, Kaura Namoda, Zamfara, Nigeria; Samawa, Bungudu, Zamfara, Nigeria","12.30585, 6.76571; 12.23943, 6.75697",County/City/town/Village/Woreda (ADM3); District/Zone/Department (ADM2),Destination; Origin,Displacement without preventive evacuations reported,2025-10-03T11:51:25.740803Z,"Nigeria: 142 displacements, 23 September - 23 September. According to IOM DTM - Nigeria, a total of 142 people were displaced in Samawa Babba (Samawa ward, Bungudu LGA, Zamfara State) towards Dogon Kade Primary School (Dan Isa ward, Kaura Namoda LGA, Zamfara State) due to armed bandit attacks on 23 September. IOM DTM - Nigeria - 26 September 2025",,Conflict
193848,Nigeria,NGA,11.951084999999999,7.3307649999999995,"[11.951084999999999, 7.3307649999999995]",Triangulation,Conflict,total,246,2025-09-23,2025-09-23,2025-09-23,2025,33339,Nigeria: Crime-related violence - Katsina (Kankara LGA/Zango/Zabaro ward/Zango) - 23/09/2025,,,2025-09-23,2025-09-23,,,,,,IOM DTM - Nigeria,,"Kankara, Kankara, Kankara, Katsina, Nigeria; Zango, Kankara, Katsina, Nigeria","11.93015, 7.41267; 11.97202, 7.24886",County/City/town/Village/Woreda (ADM3); District/Zone/Department (ADM2),Destination; Origin,Displacement without preventive evacuations reported,2025-10-03T10:16:10.029883Z,"Nigeria: 246 displacements, 23 September - 23 September. According to IOM DTM - Nigeria, a total of 246 people were displaced in Zango (Zango/Zabaro ward, Kankara LGA, Katsina State) towards Kankara ( Kankara A&B ward, Kankara LGA, Katsina State) due to armed bandits attack on 23 September. IOM DTM - Nigeria - 02 October 2025",,Conflict
240026,Nigeria,NGA,10.34077325,13.0917467,"[10.34077325, 13.0917467]",Recommended figure,Conflict,total,30,2025-09-23,2025-09-23,2025-09-23,2025,33604,Nigeria: Non-International armed conflict (NIAC) - Borno - 2025,,,2025-01-01,2025-12-31,,,,,,IOM DTM - Nigeria,,"Sabsabwa / Soye/ Bulongu, Bama, Borno, Nigeria; Yola South, Adamawa, Nigeria","11.4233665, 13.7752634; 9.25818, 12.40823",County/City/town/Village/Woreda (ADM3); County/City/town/Village/Woreda (ADM3),Origin; Destination,Displacement without preventive evacuations reported,2026-02-19T15:15:17.359982Z,"Nigeria: 30 displacements, 23 September - 23 September. According to IOM DTM, 30 new internal displacements have been recorded in Nigeria on 23 September 2025 as a result of Non-International armed conflict (NIAC). This figure might be preliminary. IOM DTM - Nigeria - 13 February 2026",,Conflict
240052,Nigeria,NGA,9.5440465,11.908881999999998,"[9.5440465, 11.908881999999998]",Recommended figure,Disaster,total,138,2025-09-23,2025-09-23,2025-09-23,2025,40044,Nigeria: Flood - Adamawa - 01/09/2025,FLOOD,Local Identifier,2025-09-01,2025-09-30,Weather related,Hydrological,Flood,Flood,,IOM DTM - Nigeria,,"gyawana maternity clinic, A345, Lafia, Larmurde, Adamawa State, Nigeria; Opalo, Larmurde, Adamawa State, Nigeria","9.571426, 11.884431; 9.516667, 11.933333",County/City/town/Village/Woreda (ADM3); County/City/town/Village/Woreda (ADM3),Origin; Destination,Displacement without preventive evacuations reported,2026-02-19T15:15:22.420691Z,"Nigeria: 138 displacements, 23 September - 23 September. According to IOM DTM, 138 new internal displacements have been recorded in Nigeria on 23 September 2025 as a result of Flood. This figure might be preliminary. IOM DTM - Nigeria - 13 February 2026",,Flood
240049,Nigeria,NGA,10.76641185,12.79213025,"[10.76641185, 12.79213025]",Recommended figure,Conflict,total,7,2025-09-23,2025-09-23,2025-09-23,2025,33604,Nigeria: Non-International armed conflict (NIAC) - Borno - 2025,,,2025-01-01,2025-12-31,,,,,,IOM DTM - Nigeria,,"Mbalala, Chibok, Borno State, Nigeria; Shikarkir, Chibok, Borno, Nigeria","10.7612105, 12.8362706; 10.7716132, 12.7479899",County/City/town/Village/Woreda (ADM3); County/City/town/Village/Woreda (ADM3),Destination; Origin,Displacement without preventive evacuations reported,2026-02-19T15:15:18.901353Z,"Nigeria: 7 displacements, 23 September - 23 September. According to IOM DTM, 7 new internal displacements have been recorded in Nigeria on 23 September 2025 as a result of Non-International armed conflict (NIAC). This figure might be preliminary. IOM DTM - Nigeria - 13 February 2026",,Conflict
240032,Nigeria,NGA,10.92035905,13.01439895,"[10.92035905, 13.01439895]",Recommended figure,Conflict,total,7,2025-09-23,2025-09-23,2025-09-23,2025,33604,Nigeria: Non-International armed conflict (NIAC) - Borno - 2025,,,2025-01-01,2025-12-31,,,,,,IOM DTM - Nigeria,,"Pulka Bokko, Gwoza, Borno State, Nigeria; Yawi, Biu, Borno State, Nigeria","11.24445, 13.8075; 10.5962681, 12.2212979",County/City/town/Village/Woreda (ADM3); County/City/town/Village/Woreda (ADM3),Origin; Destination,Displacement without preventive evacuations reported,2026-02-19T15:15:17.752528Z,"Nigeria: 7 displacements, 23 September - 23 September. According to IOM DTM, 7 new internal displacements have been recorded in Nigeria on 23 September 2025 as a result of Non-International armed conflict (NIAC). This figure might be preliminary. IOM DTM - Nigeria - 13 February 2026",,Conflict
240031,Nigeria,NGA,10.315176099999999,12.90794185,"[10.315176099999999, 12.90794185]",Recommended figure,Conflict,total,144,2025-09-23,2025-09-23,2025-09-23,2025,33602,Nigeria: Non-International armed conflict (NIAC) - Adamawa - 2025,,,2025-01-01,2025-12-31,,,,,,IOM DTM - Nigeria,,"Garha, Hong, Adamawa State, Nigeria; Hong, Hong, Adamawa, Nigeria","10.4002594, 12.8895986; 10.2300928, 12.9262851",County/City/town/Village/Woreda (ADM3); County/City/town/Village/Woreda (ADM3),Origin; Destination,Displacement without preventive evacuations reported,2026-02-19T15:15:17.689428Z,"Nigeria: 144 displacements, 23 September - 23 September. According to IOM DTM, 144 new internal displacements have been recorded in Nigeria on 23 September 2025 as a result of Non-International armed conflict (NIAC). This figure might be preliminary. IOM DTM - Nigeria - 13 February 2026",,Conflict
238851,Nigeria,NGA,11.96614195,7.328756249999999,"[11.96614195, 7.328756249999999]",Recommended figure,Conflict,total,246,2025-09-23,2025-09-23,2025-09-23,2025,40128,Nigeria: Crime-related violence - Katsina - 01/09/2025,CRIME_RELATED,Local Identifier,2025-09-01,2025-09-30,,,,,,IOM DTM - Nigeria,,"Kankara, Kankara, Katsina, Nigeria; Zango, Kankara, Katsina, Nigeria","11.9313228, 7.413801999999999; 12.0009611, 7.243710499999999",County/City/town/Village/Woreda (ADM3); County/City/town/Village/Woreda (ADM3),Destination; Origin,Displacement without preventive evacuations reported,2026-02-19T10:21:32.477314Z,"Nigeria: 246 displacements, 23 September - 23 September. According to IOM DTM, 246 new internal displacements have been recorded in Nigeria between 23 September 2025 and 23 September 2025 as a result of Crime-related violence. This figure might be preliminary. IOM DTM - Nigeria - 03 December 2025",,Conflict
240029,Nigeria,NGA,11.082862200000001,13.7173506,"[11.082862200000001, 13.7173506]",Recommended figure,Conflict,total,3,2025-09-23,2025-09-23,2025-09-23,2025,33604,Nigeria: Non-International armed conflict (NIAC) - Borno - 2025,,,2025-01-01,2025-12-31,,,,,,IOM DTM - Nigeria,,"Gwoza Wakane / Bulabulin, Gwoza, Borno, Nigeria; Johode/Chikide/Kughum, Gwoza, Borno, Nigeria","11.1081683, 13.6478486; 11.0575561, 13.7868526",County/City/town/Village/Woreda (ADM3); County/City/town/Village/Woreda (ADM3),Destination; Origin,Displacement without preventive evacuations reported,2026-02-19T15:15:17.562829Z,"Nigeria: 3 displacements, 23 September - 23 September. According to IOM DTM, 3 new internal displacements have been recorded in Nigeria on 23 September 2025 as a result of Non-International armed conflict (NIAC). This figure might be preliminary. IOM DTM - Nigeria - 13 February 2026",,Conflict
240028,Nigeria,NGA,12.8240269,13.4530435,"[12.8240269, 13.4530435]",Recommended figure,Conflict,total,5,2025-09-23,2025-09-23,2025-09-23,2025,33604,Nigeria: Non-International armed conflict (NIAC) - Borno - 2025,,,2025-01-01,2025-12-31,,,,,,IOM DTM - Nigeria,,"Gudumbali East, Guzamala, Borno State, Nigeria; Monguno, Monguno, Borno, Nigeria","12.9751364, 13.290073; 12.6729174, 13.616014",County/City/town/Village/Woreda (ADM3); County/City/town/Village/Woreda (ADM3),Origin; Destination,Displacement without preventive evacuations reported,2026-02-19T15:15:17.492665Z,"Nigeria: 5 displacements, 23 September - 23 September. According to IOM DTM, 5 new internal displacements have been recorded in Nigeria on 23 September 2025 as a result of Non-International armed conflict (NIAC). This figure might be preliminary. IOM DTM - Nigeria - 13 February 2026",,Conflict
240055,Nigeria,NGA,10.168195,13.1816665,"[10.168195, 13.1816665]",Recommended figure,Conflict,total,13,2025-09-23,2025-09-23,2025-09-23,2025,33602,Nigeria: Non-International armed conflict (NIAC) - Adamawa - 2025,,,2025-01-01,2025-12-31,,,,,,IOM DTM - Nigeria,,"Madagali, Madagali, Adamawa, Nigeria; Nassarawo, Fufore, Adamawa State, Nigeria","10.88639, 13.63; 9.45, 12.733333",County/City/town/Village/Woreda (ADM3); County/City/town/Village/Woreda (ADM3),Origin; Destination,Displacement without preventive evacuations reported,2026-02-19T15:15:22.558902Z,"Nigeria: 13 displacements, 23 September - 23 September. According to IOM DTM, 13 new internal displacements have been recorded in Nigeria on 23 September 2025 as a result of Non-International armed conflict (NIAC). This figure might be preliminary. IOM DTM - Nigeria - 13 February 2026",,Conflict
240030,Nigeria,NGA,10.98248155,11.91193935,"[10.98248155, 11.91193935]",Recommended figure,Conflict,total,28,2025-09-22,2025-09-22,2025-09-22,2025,33607,Nigeria: Non-International armed conflict (NIAC) - Yobe - 2025,,,2025-01-01,2025-12-31,,,,,,IOM DTM - Nigeria,,"Buniyadi North / South, Gujba, Yobe, Nigeria; Zara, Bayo, Borno State, Nigeria","11.299759, 12.0489791; 10.6652041, 11.7748996",County/City/town/Village/Woreda (ADM3); County/City/town/Village/Woreda (ADM3),Origin; Destination,Displacement without preventive evacuations reported,2026-02-19T15:15:17.625826Z,"Nigeria: 28 displacements, 22 September - 22 September. According to IOM DTM, 28 new internal displacements have been recorded in Nigeria on 22 September 2025 as a result of Non-International armed conflict (NIAC). This figure might be preliminary. IOM DTM - Nigeria - 13 February 2026",,Conflict
240043,Nigeria,NGA,9.658403750000002,11.8304784,"[9.658403750000002, 11.8304784]",Recommended figure,Conflict,total,26,2025-09-22,2025-09-22,2025-09-22,2025,40020,Nigeria: Communal violence - Adamawa - 01/09/2025,COMMUNAL_VIOLENCE,Local Identifier,2025-09-01,2025-09-30,,,,,,IOM DTM - Nigeria,,"Dumna, Guyuk, Adamawa State, Nigeria; Lamurde, Larmurde, Adamawa State, Nigeria","9.7095718, 11.8679091; 9.6072357, 11.7930477",County/City/town/Village/Woreda (ADM3); County/City/town/Village/Woreda (ADM3),Destination; Origin,Displacement without preventive evacuations reported,2026-02-19T15:15:18.498108Z,"Nigeria: 26 displacements, 22 September - 22 September. According to IOM DTM, 26 new internal displacements have been recorded in Nigeria on 22 September 2025 as a result of Communal violence. This figure might be preliminary. IOM DTM - Nigeria - 13 February 2026",,Conflict
240037,Nigeria,NGA,10.684411950000001,13.2052205,"[10.684411950000001, 13.2052205]",Recommended figure,Conflict,total,29,2025-09-22,2025-09-22,2025-09-22,2025,33604,Nigeria: Non-International armed conflict (NIAC) - Borno - 2025,,,2025-01-01,2025-12-31,,,,,,IOM DTM - Nigeria,,"Madzi, Michika, Adamawa, Nigeria; Mussa, Askira-Uba, Borno State, Nigeria","10.6316804, 13.3183038; 10.7371435, 13.0921372",County/City/town/Village/Woreda (ADM3); County/City/town/Village/Woreda (ADM3),Destination; Origin,Displacement without preventive evacuations reported,2026-02-19T15:15:18.064108Z,"Nigeria: 29 displacements, 22 September - 22 September. According to IOM DTM, 29 new internal displacements have been recorded in Nigeria on 22 September 2025 as a result of Non-International armed conflict (NIAC). This figure might be preliminary. IOM DTM - Nigeria - 13 February 2026",,Conflict
240023,Nigeria,NGA,12.6664398,13.49260605,"[12.6664398, 13.49260605]",Recommended figure,Conflict,total,6,2025-09-22,2025-09-22,2025-09-22,2025,33604,Nigeria: Non-International armed conflict (NIAC) - Borno - 2025,,,2025-01-01,2025-12-31,,,,,,IOM DTM - Nigeria,,"Kingarwa, Mairari, Guzamala, Borno, Nigeria; Monguno, Monguno, Borno, Nigeria","12.6599622, 13.3691981; 12.6729174, 13.616014",County/City/town/Village/Woreda (ADM3); County/City/town/Village/Woreda (ADM3),Origin; Destination,Displacement without preventive evacuations reported,2026-02-19T14:50:25.034979Z,"Nigeria: 6 displacements, 22 September - 22 September. According to IOM DTM, 6 new internal displacements have been recorded in Nigeria on 22 September 2025 as a result of Non-International armed conflict (NIAC). This figure might be preliminary. IOM DTM - Nigeria - 13 February 2026",,Conflict
240022,Nigeria,NGA,11.5642388,13.98102605,"[11.5642388, 13.98102605]",Recommended figure,Conflict,total,35,2025-09-22,2025-09-22,2025-09-22,2025,33604,Nigeria: Non-International armed conflict (NIAC) - Borno - 2025,,,2025-01-01,2025-12-31,,,,,,IOM DTM - Nigeria,,"Bama, Borno, Nigeria; Gulumba / Jukkuri / Batra, Bama, Borno, Nigeria","11.51319, 14.02445; 11.6152876, 13.9376021",County/City/town/Village/Woreda (ADM3); County/City/town/Village/Woreda (ADM3),Destination; Origin,Displacement without preventive evacuations reported,2026-02-19T14:50:24.923916Z,"Nigeria: 35 displacements, 22 September - 22 September. According to IOM DTM, 35 new internal displacements have been recorded in Nigeria on 22 September 2025 as a result of Non-International armed conflict (NIAC). This figure might be preliminary. IOM DTM - Nigeria - 13 February 2026",,Conflict
240045,Nigeria,NGA,10.00074,12.929045,"[10.00074, 12.929045]",Recommended figure,Conflict,total,20,2025-09-21,2025-09-21,2025-09-21,2025,33602,Nigeria: Non-International armed conflict (NIAC) - Adamawa - 2025,,,2025-01-01,2025-12-31,,,,,,IOM DTM - Nigeria,,"Madagali, Madagali, Adamawa, Nigeria; Mayo Ine, Fufore, Adamawa, Nigeria","10.88639, 13.63; 9.11509, 12.22809",County/City/town/Village/Woreda (ADM3); County/City/town/Village/Woreda (ADM3),Origin; Destination,Displacement without preventive evacuations reported,2026-02-19T15:15:18.635152Z,"Nigeria: 20 displacements, 21 September - 21 September. According to IOM DTM, 20 new internal displacements have been recorded in Nigeria on 21 September 2025 as a result of Non-International armed conflict (NIAC). This figure might be preliminary. IOM DTM - Nigeria - 13 February 2026",,Conflict
240025,Nigeria,NGA,10.7436888,12.1943491,"[10.7436888, 12.1943491]",Recommended figure,Conflict,total,14,2025-09-21,2025-09-21,2025-09-21,2025,33604,Nigeria: Non-International armed conflict (NIAC) - Borno - 2025,,,2025-01-01,2025-12-31,,,,,,IOM DTM - Nigeria,,"Garubula Sabo, Biu, Borno State, Nigeria; Mandara Girau, Biu Emirate, Borno, Nigeria","10.7777, 12.0194; 10.7096776, 12.3692982",County/City/town/Village/Woreda (ADM3); County/City/town/Village/Woreda (ADM3),Destination; Origin,Displacement without preventive evacuations reported,2026-02-19T14:50:25.266318Z,"Nigeria: 14 displacements, 21 September - 21 September. According to IOM DTM, 14 new internal displacements have been recorded in Nigeria on 21 September 2025 as a result of Non-International armed conflict (NIAC). This figure might be preliminary. IOM DTM - Nigeria - 13 February 2026",,Conflict
240024,Nigeria,NGA,10.76641185,12.79213025,"[10.76641185, 12.79213025]",Recommended figure,Conflict,total,13,2025-09-20,2025-09-20,2025-09-20,2025,33604,Nigeria: Non-International armed conflict (NIAC) - Borno - 2025,,,2025-01-01,2025-12-31,,,,,,IOM DTM - Nigeria,,"Mbalala, Chibok, Borno State, Nigeria; Shikarkir, Chibok, Borno, Nigeria","10.7612105, 12.8362706; 10.7716132, 12.7479899",County/City/town/Village/Woreda (ADM3); County/City/town/Village/Woreda (ADM3),Destination; Origin,Displacement without preventive evacuations reported,2026-02-19T14:50:25.166914Z,"Nigeria: 13 displacements, 20 September - 20 September. According to IOM DTM, 13 new internal displacements have been recorded in Nigeria on 20 September 2025 as a result of Non-International armed conflict (NIAC). This figure might be preliminary. IOM DTM - Nigeria - 13 February 2026",,Conflict
240027,Nigeria,NGA,12.64922,12.824945,"[12.64922, 12.824945]",Recommended figure,Conflict,total,37,2025-09-20,2025-09-20,2025-09-20,2025,40033,Nigeria: Crime-related violence - Borno - 01/09/2025,CRIME_RELATED,Local Identifier,2025-09-01,2025-09-30,,,,,,IOM DTM - Nigeria,,"Gazabure, Gubio, Borno State, Nigeria; Gobio 1, Gubio, Borno, Nigeria","12.9005, 12.8187; 12.39794, 12.83119",County/City/town/Village/Woreda (ADM3); County/City/town/Village/Woreda (ADM3),Origin; Destination,Displacement without preventive evacuations reported,2026-02-19T15:15:17.432919Z,"Nigeria: 37 displacements, 20 September - 20 September. According to IOM DTM, 37 new internal displacements have been recorded in Nigeria on 20 September 2025 as a result of Crime-related violence. This figure might be preliminary. IOM DTM - Nigeria - 13 February 2026",,Conflict
240020,Nigeria,NGA,10.2300928,12.9262851,"[10.2300928, 12.9262851]",Recommended figure,Disaster,total,54,2025-09-18,2025-09-18,2025-09-18,2025,40044,Nigeria: Flood - Adamawa - 01/09/2025,FLOOD,Local Identifier,2025-09-01,2025-09-30,Weather related,Hydrological,Flood,Flood,,IOM DTM - Nigeria,,"Hong, Hong, Adamawa, Nigeria","10.2300928, 12.9262851",County/City/town/Village/Woreda (ADM3),Origin and destination,Displacement without preventive evacuations reported,2026-02-19T14:50:24.688342Z,"Nigeria: 54 displacements, 18 September - 18 September. According to IOM DTM, 54 new internal displacements have been recorded in Nigeria on 18 September 2025 as a result of Flood. This figure might be preliminary. IOM DTM - Nigeria - 13 February 2026",,Flood
240019,Nigeria,NGA,10.6349168,11.751329949999999,"[10.6349168, 11.751329949999999]",Recommended figure,Conflict,total,19,2025-09-17,2025-09-17,2025-09-17,2025,40032,Nigeria: Crime-related violence - Yobe - 01/09/2025,CRIME_RELATED,Local Identifier,2025-09-01,2025-09-30,,,,,,IOM DTM - Nigeria,,"Bara, Gulani, Yobe, Nigeria; Jara-Gol, Bayo, Borno State, Nigeria","11.0028188, 11.8734989; 10.2670148, 11.629161",County/City/town/Village/Woreda (ADM3); County/City/town/Village/Woreda (ADM3),Origin; Destination,Displacement without preventive evacuations reported,2026-02-19T14:50:24.543423Z,"Nigeria: 19 displacements, 17 September - 17 September. According to IOM DTM, 19 new internal displacements have been recorded in Nigeria on 17 September 2025 as a result of Crime-related violence. This figure might be preliminary. IOM DTM - Nigeria - 13 February 2026",,Conflict
240017,Nigeria,NGA,11.18605905,13.6612436,"[11.18605905, 13.6612436]",Recommended figure,Conflict,total,7,2025-09-17,2025-09-17,2025-09-17,2025,33604,Nigeria: Non-International armed conflict (NIAC) - Borno - 2025,,,2025-01-01,2025-12-31,,,,,,IOM DTM - Nigeria,,"Kumshe /Nduguno, Bama, Borno, Nigeria; Madagali, Madagali, Adamawa, Nigeria","11.4826981, 13.6941672; 10.88942, 13.62832",County/City/town/Village/Woreda (ADM3); County/City/town/Village/Woreda (ADM3),Origin; Destination,Displacement without preventive evacuations reported,2026-02-19T14:50:24.352229Z,"Nigeria: 7 displacements, 17 September - 17 September. According to IOM DTM, 7 new internal displacements have been recorded in Nigeria on 17 September 2025 as a result of Non-International armed conflict (NIAC). This figure might be preliminary. IOM DTM - Nigeria - 13 February 2026",,Conflict
240018,Nigeria,NGA,10.670886249999999,13.240385400000001,"[10.670886249999999, 13.240385400000001]",Recommended figure,Conflict,total,39,2025-09-17,2025-09-17,2025-09-17,2025,33604,Nigeria: Non-International armed conflict (NIAC) - Borno - 2025,,,2025-01-01,2025-12-31,,,,,,IOM DTM - Nigeria,,"Bazza Margi, Michika, Adamawa, Nigeria; Dille / Huyum, Askira/Uba, Borno, Nigeria","10.5781051, 13.2836641; 10.7636674, 13.1971067",County/City/town/Village/Woreda (ADM3); County/City/town/Village/Woreda (ADM3),Destination; Origin,Displacement without preventive evacuations reported,2026-02-19T14:50:24.435524Z,"Nigeria: 39 displacements, 17 September - 17 September. According to IOM DTM, 39 new internal displacements have been recorded in Nigeria on 17 September 2025 as a result of Non-International armed conflict (NIAC). This figure might be preliminary. IOM DTM - Nigeria - 13 February 2026",,Conflict
240033,Nigeria,NGA,8.1298004,8.616068199999999,"[8.1298004, 8.616068199999999]",Recommended figure,Conflict,total,32,2025-09-16,2025-09-16,2025-09-16,2025,34793,Nigeria: Non-International armed conflict (NIAC) - Nasarawa - 2025,,,2025-01-01,2025-12-31,,,,,,IOM DTM - Nigeria,,"Giza Galadima, Keana, Nasarawa, Nigeria; Mbawa, Guma, Benue, Nigeria","8.2052953, 8.6270628; 8.0543055, 8.605073599999999",County/City/town/Village/Woreda (ADM3); County/City/town/Village/Woreda (ADM3),Origin; Destination,Displacement without preventive evacuations reported,2026-02-19T15:15:17.816148Z,"Nigeria: 32 displacements, 16 September - 16 September. According to IOM DTM, 32 new internal displacements have been recorded in Nigeria on 16 September 2025 as a result of Non-International armed conflict (NIAC). This figure might be preliminary. IOM DTM - Nigeria - 13 February 2026",,Conflict
240015,Nigeria,NGA,11.168842999999999,13.48809435,"[11.168842999999999, 13.48809435]",Recommended figure,Conflict,total,5,2025-09-16,2025-09-16,2025-09-16,2025,33604,Nigeria: Non-International armed conflict (NIAC) - Borno - 2025,,,2025-01-01,2025-12-31,,,,,,IOM DTM - Nigeria,,"Duhu/ Shuwa, Madagali, Adamawa, Nigeria; Kawuri, Konduga, Borno State, Nigeria","10.7641641, 13.4396172; 11.5735219, 13.5365715",County/City/town/Village/Woreda (ADM3); County/City/town/Village/Woreda (ADM3),Destination; Origin,Displacement without preventive evacuations reported,2026-02-19T14:50:24.171232Z,"Nigeria: 5 displacements, 16 September - 16 September. According to IOM DTM, 5 new internal displacements have been recorded in Nigeria on 16 September 2025 as a result of Non-International armed conflict (NIAC). This figure might be preliminary. IOM DTM - Nigeria - 13 February 2026",,Conflict
193587,Nigeria,NGA,7.892995,8.712175,"[7.892995, 8.712175]",Triangulation,Disaster,total,35,2025-09-16,2025-09-15,2025-09-16,2025,33319,Nigeria: Flood - Benue (Guma/Nyiev/Tse Ako) - 15/09/2025,,,2025-09-15,2025-09-16,Weather related,Hydrological,Flood,Flood,,IOM DTM - Nigeria,,"Daudu, Guma, Benue, Nigeria; Guma, Benue, Nigeria","7.9177, 8.5957; 7.86829, 8.82865",County/City/town/Village/Woreda (ADM3); District/Zone/Department (ADM2),Destination; Origin,Displacement without preventive evacuations reported,2025-09-29T16:09:57.692331Z,"Nigeria: 35 displacements, 15 September - 16 September. According to IOM DTM - Nigeria, a total of 35 people were displaced from Tse Ako (Nyiev wrad, Guma LGA, Benue State) to Daudu (Mbawa ward, Guma MGA, Benue State) due to flood between 15 et 16 September 2025. IOM DTM - Nigeria - 25 September 2025",,Flood
238376,Nigeria,NGA,8.02899895,8.52271545,"[8.02899895, 8.52271545]",Recommended figure,Conflict,total,35,2025-09-15,2025-09-15,2025-09-15,2025,40115,Nigeria: Communal violence - Benue - 01/09/2025,COMMUNAL_VIOLENCE,Local Identifier,2025-09-01,2025-09-30,,,,,,IOM DTM - Nigeria,,"Mbawa, Guma, Benue, Nigeria; Nyiev, Guma, Benue, Nigeria","8.0543055, 8.605073599999999; 8.0036924, 8.440357299999999",County/City/town/Village/Woreda (ADM3); County/City/town/Village/Woreda (ADM3),Destination; Origin,Displacement without preventive evacuations reported,2026-02-19T09:33:28.002679Z,"Nigeria: 35 displacements, 15 September - 15 September. According to IOM DTM, 35 new internal displacements have been recorded in Nigeria between 15 September 2025 and 15 September 2025 as a result of Communal violence. This figure might be preliminary. IOM DTM - Nigeria - 03 December 2025",,Conflict
240014,Nigeria,NGA,10.17027875,12.8206418,"[10.17027875, 12.8206418]",Recommended figure,Disaster,total,7,2025-09-15,2025-09-15,2025-09-15,2025,40044,Nigeria: Flood - Adamawa - 01/09/2025,FLOOD,Local Identifier,2025-09-01,2025-09-30,Weather related,Hydrological,Flood,Flood,,IOM DTM - Nigeria,,"Bebel, Madagali, Adamawa, Nigeria; Imburu, Numan, Adamawa State, Nigeria","10.85507, 13.62234; 9.4854875, 12.0189436",County/City/town/Village/Woreda (ADM3); County/City/town/Village/Woreda (ADM3),Destination; Origin,Displacement without preventive evacuations reported,2026-02-19T14:50:24.098043Z,"Nigeria: 7 displacements, 15 September - 15 September. According to IOM DTM, 7 new internal displacements have been recorded in Nigeria on 15 September 2025 as a result of Flood. This figure might be preliminary. IOM DTM - Nigeria - 13 February 2026",,Flood
240013,Nigeria,NGA,11.51319,14.02445,"[11.51319, 14.02445]",Recommended figure,Conflict,total,19,2025-09-15,2025-09-15,2025-09-15,2025,33604,Nigeria: Non-International armed conflict (NIAC) - Borno - 2025,,,2025-01-01,2025-12-31,,,,,,IOM DTM - Nigeria,,"Bama, Borno, Nigeria","11.51319, 14.02445",County/City/town/Village/Woreda (ADM3),Origin and destination,Displacement without preventive evacuations reported,2026-02-19T14:50:23.998894Z,"Nigeria: 19 displacements, 15 September - 15 September. According to IOM DTM, 19 new internal displacements have been recorded in Nigeria on 15 September 2025 as a result of Non-International armed conflict (NIAC). This figure might be preliminary. IOM DTM - Nigeria - 13 February 2026",,Conflict
240021,Nigeria,NGA,12.50205355,12.88960105,"[12.50205355, 12.88960105]",Recommended figure,Conflict,total,21,2025-09-15,2025-09-15,2025-09-15,2025,33604,Nigeria: Non-International armed conflict (NIAC) - Borno - 2025,,,2025-01-01,2025-12-31,,,,,,IOM DTM - Nigeria,,"Felo, Gubio, Borno State, Nigeria; Gobio 1, Gubio, Borno, Nigeria","12.6061671, 12.9480121; 12.39794, 12.83119",County/City/town/Village/Woreda (ADM3); County/City/town/Village/Woreda (ADM3),Origin; Destination,Displacement without preventive evacuations reported,2026-02-19T14:50:24.821235Z,"Nigeria: 21 displacements, 15 September - 15 September. According to IOM DTM, 21 new internal displacements have been recorded in Nigeria on 15 September 2025 as a result of Non-International armed conflict (NIAC). This figure might be preliminary. IOM DTM - Nigeria - 13 February 2026",,Conflict
238057,Nigeria,NGA,12.18274,5.49469,"[12.18274, 5.49469]",Recommended figure,Conflict,total,38,2025-09-15,2025-09-14,2025-09-15,2025,40127,Nigeria: Crime-related violence - Zamfara - 01/09/2025,CRIME_RELATED,Local Identifier,2025-09-01,2025-09-30,,,,,,IOM DTM - Nigeria,,"Bukkuyum, Bukkuyum, Zamfara State, Nigeria","12.18274, 5.49469",County/City/town/Village/Woreda (ADM3),Origin and destination,Displacement without preventive evacuations reported,2026-02-19T09:09:38.364398Z,"Nigeria: 38 displacements, 14 September - 15 September. According to IOM DTM, 38 new internal displacements have been recorded in Nigeria between 14 September 2025 and 15 September 2025 as a result of Crime-related violence. This figure might be preliminary. IOM DTM - Nigeria - 03 December 2025",,Conflict
238056,Nigeria,NGA,12.206683300000002,5.461964350000001,"[12.206683300000002, 5.461964350000001]",Recommended figure,Conflict,total,97,2025-09-15,2025-09-14,2025-09-15,2025,40127,Nigeria: Crime-related violence - Zamfara - 01/09/2025,CRIME_RELATED,Local Identifier,2025-09-01,2025-09-30,,,,,,IOM DTM - Nigeria,,"Bukkuyum, Bukkuyum, Zamfara State, Nigeria; Zauma, Bukkuyum, Zamfara State, Nigeria","12.18274, 5.49469; 12.2306266, 5.4292387",County/City/town/Village/Woreda (ADM3); County/City/town/Village/Woreda (ADM3),Destination; Origin,Displacement without preventive evacuations reported,2026-02-19T09:09:38.277261Z,"Nigeria: 97 displacements, 14 September - 15 September. According to IOM DTM, 97 new internal displacements have been recorded in Nigeria between 14 September 2025 and 15 September 2025 as a result of Crime-related violence. This figure might be preliminary. IOM DTM - Nigeria - 03 December 2025",,Conflict
240034,Nigeria,NGA,8.02899895,8.52271545,"[8.02899895, 8.52271545]",Recommended figure,Conflict,total,52,2025-09-14,2025-09-14,2025-09-14,2025,39106,Nigeria: Non-International armed conflict (NIAC) - Benue - 2025,,,2025-01-01,2025-12-31,,,,,,IOM DTM - Nigeria,,"Mbawa, Guma, Benue, Nigeria; Nyiev, Guma, Benue, Nigeria","8.0543055, 8.605073599999999; 8.0036924, 8.440357299999999",County/City/town/Village/Woreda (ADM3); County/City/town/Village/Woreda (ADM3),Destination; Origin,Displacement without preventive evacuations reported,2026-02-19T15:15:17.877432Z,"Nigeria: 52 displacements, 14 September - 14 September. According to IOM DTM, 52 new internal displacements have been recorded in Nigeria on 14 September 2025 as a result of Non-International armed conflict (NIAC). This figure might be preliminary. IOM DTM - Nigeria - 13 February 2026",,Conflict
240016,Nigeria,NGA,7.631451199999999,8.1884949,"[7.631451199999999, 8.1884949]",Recommended figure,Conflict,total,32,2025-09-14,2025-09-14,2025-09-14,2025,40115,Nigeria: Communal violence - Benue - 01/09/2025,COMMUNAL_VIOLENCE,Local Identifier,2025-09-01,2025-09-30,,,,,,IOM DTM - Nigeria,,"Ikyaghev, Gwer West, Benue, Nigeria; Mbachohon, Gwer West, Benue, Nigeria","7.5669374, 8.1884949; 7.695964999999999, 8.1884949",County/City/town/Village/Woreda (ADM3); County/City/town/Village/Woreda (ADM3),Destination; Origin,Displacement without preventive evacuations reported,2026-02-19T14:50:24.265426Z,"Nigeria: 32 displacements, 14 September - 14 September. According to IOM DTM, 32 new internal displacements have been recorded in Nigeria on 14 September 2025 as a result of Communal violence. This figure might be preliminary. IOM DTM - Nigeria - 13 February 2026",,Conflict
240008,Nigeria,NGA,11.179294800000001,13.6652173,"[11.179294800000001, 13.6652173]",Recommended figure,Conflict,total,3,2025-09-11,2025-09-11,2025-09-11,2025,33604,Nigeria: Non-International armed conflict (NIAC) - Borno - 2025,,,2025-01-01,2025-12-31,,,,,,IOM DTM - Nigeria,,"Dure / Wala / Warabe, Gwoza, Borno, Nigeria; Gwoza Wakane / Bulabulin, Gwoza, Borno, Nigeria","11.2504213, 13.682586; 11.1081683, 13.6478486",County/City/town/Village/Woreda (ADM3); County/City/town/Village/Woreda (ADM3),Origin; Destination,Displacement without preventive evacuations reported,2026-02-19T14:50:23.425138Z,"Nigeria: 3 displacements, 11 September - 11 September. According to IOM DTM, 3 new internal displacements have been recorded in Nigeria on 11 September 2025 as a result of Non-International armed conflict (NIAC). This figure might be preliminary. IOM DTM - Nigeria - 13 February 2026",,Conflict
240007,Nigeria,NGA,11.1349724,13.50717715,"[11.1349724, 13.50717715]",Recommended figure,Conflict,total,2,2025-09-11,2025-09-11,2025-09-11,2025,33604,Nigeria: Non-International armed conflict (NIAC) - Borno - 2025,,,2025-01-01,2025-12-31,,,,,,IOM DTM - Nigeria,,"Bita Izge, Gwoza, Borno State, Nigeria; Gwoza Wakane / Bulabulin, Gwoza, Borno, Nigeria","11.1617765, 13.3665057; 11.1081683, 13.6478486",County/City/town/Village/Woreda (ADM3); County/City/town/Village/Woreda (ADM3),Origin; Destination,Displacement without preventive evacuations reported,2026-02-19T14:50:23.312244Z,"Nigeria: 2 displacements, 11 September - 11 September. According to IOM DTM, 2 new internal displacements have been recorded in Nigeria on 11 September 2025 as a result of Non-International armed conflict (NIAC). This figure might be preliminary. IOM DTM - Nigeria - 13 February 2026",,Conflict
240002,Nigeria,NGA,10.1248258,12.7292804,"[10.1248258, 12.7292804]",Recommended figure,Disaster,total,19,2025-09-11,2025-09-11,2025-09-11,2025,40044,Nigeria: Flood - Adamawa - 01/09/2025,FLOOD,Local Identifier,2025-09-01,2025-09-30,Weather related,Hydrological,Flood,Flood,,IOM DTM - Nigeria,,"Duhu/ Shuwa, Madagali, Adamawa, Nigeria; Imburu, Numan, Adamawa State, Nigeria","10.7641641, 13.4396172; 9.4854875, 12.0189436",County/City/town/Village/Woreda (ADM3); County/City/town/Village/Woreda (ADM3),Destination; Origin,Displacement without preventive evacuations reported,2026-02-19T14:50:22.725212Z,"Nigeria: 19 displacements, 11 September - 11 September. According to IOM DTM, 19 new internal displacements have been recorded in Nigeria on 11 September 2025 as a result of Flood. This figure might be preliminary. IOM DTM - Nigeria - 13 February 2026",,Flood
239997,Nigeria,NGA,11.15100305,13.7971763,"[11.15100305, 13.7971763]",Recommended figure,Conflict,total,5,2025-09-10,2025-09-10,2025-09-10,2025,33604,Nigeria: Non-International armed conflict (NIAC) - Borno - 2025,,,2025-01-01,2025-12-31,,,,,,IOM DTM - Nigeria,,"Johode/Chikide/Kughum, Gwoza, Borno, Nigeria; Pulka Bokko, Gwoza, Borno State, Nigeria","11.0575561, 13.7868526; 11.24445, 13.8075",County/City/town/Village/Woreda (ADM3); County/City/town/Village/Woreda (ADM3),Origin; Destination,Displacement without preventive evacuations reported,2026-02-19T14:50:19.267280Z,"Nigeria: 5 displacements, 10 September - 10 September. According to IOM DTM, 5 new internal displacements have been recorded in Nigeria on 10 September 2025 as a result of Non-International armed conflict (NIAC). This figure might be preliminary. IOM DTM - Nigeria - 13 February 2026",,Conflict
239999,Nigeria,NGA,11.4499473,14.0506762,"[11.4499473, 14.0506762]",Recommended figure,Conflict,total,9,2025-09-10,2025-09-10,2025-09-10,2025,33604,Nigeria: Non-International armed conflict (NIAC) - Borno - 2025,,,2025-01-01,2025-12-31,,,,,,IOM DTM - Nigeria,,"Bama, Borno, Nigeria; Yabiri Kura/Yabiri Gana/Chongolo, Bama, Borno, Nigeria","11.51319, 14.02445; 11.3867046, 14.0769024",County/City/town/Village/Woreda (ADM3); County/City/town/Village/Woreda (ADM3),Destination; Origin,Displacement without preventive evacuations reported,2026-02-19T14:50:19.403621Z,"Nigeria: 9 displacements, 10 September - 10 September. According to IOM DTM, 9 new internal displacements have been recorded in Nigeria on 10 September 2025 as a result of Non-International armed conflict (NIAC). This figure might be preliminary. IOM DTM - Nigeria - 13 February 2026",,Conflict
240001,Nigeria,NGA,11.082862200000001,13.7173506,"[11.082862200000001, 13.7173506]",Recommended figure,Conflict,total,2,2025-09-10,2025-09-10,2025-09-10,2025,33604,Nigeria: Non-International armed conflict (NIAC) - Borno - 2025,,,2025-01-01,2025-12-31,,,,,,IOM DTM - Nigeria,,"Gwoza Wakane / Bulabulin, Gwoza, Borno, Nigeria; Johode/Chikide/Kughum, Gwoza, Borno, Nigeria","11.1081683, 13.6478486; 11.0575561, 13.7868526",County/City/town/Village/Woreda (ADM3); County/City/town/Village/Woreda (ADM3),Destination; Origin,Displacement without preventive evacuations reported,2026-02-19T14:50:22.603714Z,"Nigeria: 2 displacements, 10 September - 10 September. According to IOM DTM, 2 new internal displacements have been recorded in Nigeria on 10 September 2025 as a result of Non-International armed conflict (NIAC). This figure might be preliminary. IOM DTM - Nigeria - 13 February 2026",,Conflict
240004,Nigeria,NGA,9.927121750000001,11.763404000000001,"[9.927121750000001, 11.763404000000001]",Recommended figure,Conflict,total,54,2025-09-10,2025-09-10,2025-09-10,2025,33605,Nigeria: Non-International armed conflict (NIAC) - Gombe - 2025,,,2025-01-01,2025-12-31,,,,,,IOM DTM - Nigeria,,"Gelengu / Balanga, Balanga, Gombe, Nigeria; Guyuk, Adamawa State, Nigeria","9.9450725, 11.5930268; 9.909171, 11.9337812",County/City/town/Village/Woreda (ADM3); County/City/town/Village/Woreda (ADM3),Origin; Destination,Displacement without preventive evacuations reported,2026-02-19T14:50:22.969529Z,"Nigeria: 54 displacements, 10 September - 10 September. According to IOM DTM, 54 new internal displacements have been recorded in Nigeria on 10 September 2025 as a result of Non-International armed conflict (NIAC). This figure might be preliminary. IOM DTM - Nigeria - 13 February 2026",,Conflict
240011,Nigeria,NGA,11.2739111,13.71925315,"[11.2739111, 13.71925315]",Recommended figure,Conflict,total,39,2025-09-10,2025-09-10,2025-09-10,2025,33604,Nigeria: Non-International armed conflict (NIAC) - Borno - 2025,,,2025-01-01,2025-12-31,,,,,,IOM DTM - Nigeria,,"Gamboru C, Ngala, Borno State, Nigeria; Gude, Mubi South, Adamawa, Nigeria","12.3492022, 14.1297363; 10.19862, 13.30877",County/City/town/Village/Woreda (ADM3); County/City/town/Village/Woreda (ADM3),Origin; Destination,Displacement without preventive evacuations reported,2026-02-19T14:50:23.817134Z,"Nigeria: 39 displacements, 10 September - 10 September. According to IOM DTM, 39 new internal displacements have been recorded in Nigeria on 10 September 2025 as a result of Non-International armed conflict (NIAC). This figure might be preliminary. IOM DTM - Nigeria - 13 February 2026",,Conflict
239998,Nigeria,NGA,11.17202605,13.82035965,"[11.17202605, 13.82035965]",Recommended figure,Conflict,total,5,2025-09-10,2025-09-10,2025-09-10,2025,33604,Nigeria: Non-International armed conflict (NIAC) - Borno - 2025,,,2025-01-01,2025-12-31,,,,,,IOM DTM - Nigeria,,"Gavva / Agapalwa, Gwoza, Borno, Nigeria; Pulka Bokko, Gwoza, Borno State, Nigeria","11.0996021, 13.8332193; 11.24445, 13.8075",County/City/town/Village/Woreda (ADM3); County/City/town/Village/Woreda (ADM3),Origin; Destination,Displacement without preventive evacuations reported,2026-02-19T14:50:19.318020Z,"Nigeria: 5 displacements, 10 September - 10 September. According to IOM DTM, 5 new internal displacements have been recorded in Nigeria on 10 September 2025 as a result of Non-International armed conflict (NIAC). This figure might be preliminary. IOM DTM - Nigeria - 13 February 2026",,Conflict
240003,Nigeria,NGA,10.2995847,12.9404343,"[10.2995847, 12.9404343]",Recommended figure,Conflict,total,216,2025-09-09,2025-09-09,2025-09-09,2025,33602,Nigeria: Non-International armed conflict (NIAC) - Adamawa - 2025,,,2025-01-01,2025-12-31,,,,,,IOM DTM - Nigeria,,"Bangshika, Hong, Adamawa, Nigeria; Garha, Hong, Adamawa State, Nigeria","10.19891, 12.99127; 10.4002594, 12.8895986",County/City/town/Village/Woreda (ADM3); County/City/town/Village/Woreda (ADM3),Destination; Origin,Displacement without preventive evacuations reported,2026-02-19T14:50:22.863088Z,"Nigeria: 216 displacements, 09 September - 09 September. According to IOM DTM, 216 new internal displacements have been recorded in Nigeria on 09 September 2025 as a result of Non-International armed conflict (NIAC). This figure might be preliminary. IOM DTM - Nigeria - 13 February 2026",,Conflict
240012,Nigeria,NGA,10.825938650000001,12.7709829,"[10.825938650000001, 12.7709829]",Recommended figure,Conflict,total,9,2025-09-09,2025-09-09,2025-09-09,2025,33604,Nigeria: Non-International armed conflict (NIAC) - Borno - 2025,,,2025-01-01,2025-12-31,,,,,,IOM DTM - Nigeria,,"Chibok Wuntaku, Chibok, Borno, Nigeria; Shikarkir, Chibok, Borno, Nigeria","10.8802641, 12.7939759; 10.7716132, 12.7479899",County/City/town/Village/Woreda (ADM3); County/City/town/Village/Woreda (ADM3),Destination; Origin,Displacement without preventive evacuations reported,2026-02-19T14:50:23.908510Z,"Nigeria: 9 displacements, 09 September - 09 September. According to IOM DTM, 9 new internal displacements have been recorded in Nigeria on 09 September 2025 as a result of Non-International armed conflict (NIAC). This figure might be preliminary. IOM DTM - Nigeria - 13 February 2026",,Conflict
240010,Nigeria,NGA,11.0267237,13.158197,"[11.0267237, 13.158197]",Recommended figure,Conflict,total,15,2025-09-09,2025-09-09,2025-09-09,2025,33604,Nigeria: Non-International armed conflict (NIAC) - Borno - 2025,,,2025-01-01,2025-12-31,,,,,,IOM DTM - Nigeria,,"Monguno, Monguno, Borno, Nigeria; Pariya, Fufore, Adamawa, Nigeria","12.6729174, 13.616014; 9.38053, 12.70038",County/City/town/Village/Woreda (ADM3); County/City/town/Village/Woreda (ADM3),Origin; Destination,Displacement without preventive evacuations reported,2026-02-19T14:50:23.686315Z,"Nigeria: 15 displacements, 09 September - 09 September. According to IOM DTM, 15 new internal displacements have been recorded in Nigeria on 09 September 2025 as a result of Non-International armed conflict (NIAC). This figure might be preliminary. IOM DTM - Nigeria - 13 February 2026",,Conflict
240009,Nigeria,NGA,10.2778497,12.8084393,"[10.2778497, 12.8084393]",Recommended figure,Conflict,total,61,2025-09-09,2025-09-09,2025-09-09,2025,33602,Nigeria: Non-International armed conflict (NIAC) - Adamawa - 2025,,,2025-01-01,2025-12-31,,,,,,IOM DTM - Nigeria,,"Garha, Hong, Adamawa State, Nigeria; Gombi, Gombi, Adamawa, Nigeria","10.4002594, 12.8895986; 10.15544, 12.72728",County/City/town/Village/Woreda (ADM3); County/City/town/Village/Woreda (ADM3),Origin; Destination,Displacement without preventive evacuations reported,2026-02-19T14:50:23.556426Z,"Nigeria: 61 displacements, 09 September - 09 September. According to IOM DTM, 61 new internal displacements have been recorded in Nigeria on 09 September 2025 as a result of Non-International armed conflict (NIAC). This figure might be preliminary. IOM DTM - Nigeria - 13 February 2026",,Conflict
240006,Nigeria,NGA,9.343265299999999,12.08232365,"[9.343265299999999, 12.08232365]",Recommended figure,Disaster,total,33,2025-09-09,2025-09-09,2025-09-09,2025,40044,Nigeria: Flood - Adamawa - 01/09/2025,FLOOD,Local Identifier,2025-09-01,2025-09-30,Weather related,Hydrological,Flood,Flood,,IOM DTM - Nigeria,,"Bole Yolde Pate, Yola North, Adamawa, Nigeria; Larmurde, Adamawa, Nigeria","9.1287206, 12.4609873; 9.55781, 11.70366",County/City/town/Village/Woreda (ADM3); County/City/town/Village/Woreda (ADM3),Destination; Origin,Displacement without preventive evacuations reported,2026-02-19T14:50:23.185700Z,"Nigeria: 33 displacements, 09 September - 09 September. According to IOM DTM, 33 new internal displacements have been recorded in Nigeria on 09 September 2025 as a result of Flood. This figure might be preliminary. IOM DTM - Nigeria - 13 February 2026",,Flood
239996,Nigeria,NGA,10.1248258,12.7292804,"[10.1248258, 12.7292804]",Recommended figure,Disaster,total,11,2025-09-09,2025-09-09,2025-09-09,2025,40044,Nigeria: Flood - Adamawa - 01/09/2025,FLOOD,Local Identifier,2025-09-01,2025-09-30,Weather related,Hydrological,Flood,Flood,,IOM DTM - Nigeria,,"Duhu/ Shuwa, Madagali, Adamawa, Nigeria; Imburu, Numan, Adamawa State, Nigeria","10.7641641, 13.4396172; 9.4854875, 12.0189436",County/City/town/Village/Woreda (ADM3); County/City/town/Village/Woreda (ADM3),Destination; Origin,Displacement without preventive evacuations reported,2026-02-19T14:50:19.222383Z,"Nigeria: 11 displacements, 09 September - 09 September. According to IOM DTM, 11 new internal displacements have been recorded in Nigeria on 09 September 2025 as a result of Flood. This figure might be preliminary. IOM DTM - Nigeria - 13 February 2026",,Flood
240000,Nigeria,NGA,10.76641185,12.79213025,"[10.76641185, 12.79213025]",Recommended figure,Conflict,total,9,2025-09-08,2025-09-08,2025-09-08,2025,33604,Nigeria: Non-International armed conflict (NIAC) - Borno - 2025,,,2025-01-01,2025-12-31,,,,,,IOM DTM - Nigeria,,"Mbalala, Chibok, Borno State, Nigeria; Shikarkir, Chibok, Borno, Nigeria","10.7612105, 12.8362706; 10.7716132, 12.7479899",County/City/town/Village/Woreda (ADM3); County/City/town/Village/Woreda (ADM3),Destination; Origin,Displacement without preventive evacuations reported,2026-02-19T14:50:19.495224Z,"Nigeria: 9 displacements, 08 September - 08 September. According to IOM DTM, 9 new internal displacements have been recorded in Nigeria on 08 September 2025 as a result of Non-International armed conflict (NIAC). This figure might be preliminary. IOM DTM - Nigeria - 13 February 2026",,Conflict
240005,Nigeria,NGA,9.5440465,11.908881999999998,"[9.5440465, 11.908881999999998]",Recommended figure,Disaster,total,122,2025-09-08,2025-09-08,2025-09-08,2025,40044,Nigeria: Flood - Adamawa - 01/09/2025,FLOOD,Local Identifier,2025-09-01,2025-09-30,Weather related,Hydrological,Flood,Flood,,IOM DTM - Nigeria,,"gyawana maternity clinic, A345, Lafia, Larmurde, Adamawa State, Nigeria; Opalo, Larmurde, Adamawa State, Nigeria","9.571426, 11.884431; 9.516667, 11.933333",County/City/town/Village/Woreda (ADM3); County/City/town/Village/Woreda (ADM3),Destination; Origin,Displacement without preventive evacuations reported,2026-02-19T14:50:23.071319Z,"Nigeria: 122 displacements, 08 September - 08 September. According to IOM DTM, 122 new internal displacements have been recorded in Nigeria on 08 September 2025 as a result of Flood. This figure might be preliminary. IOM DTM - Nigeria - 13 February 2026",,Flood
239994,Nigeria,NGA,11.082862200000001,13.7173506,"[11.082862200000001, 13.7173506]",Recommended figure,Conflict,total,10,2025-09-08,2025-09-08,2025-09-08,2025,33604,Nigeria: Non-International armed conflict (NIAC) - Borno - 2025,,,2025-01-01,2025-12-31,,,,,,IOM DTM - Nigeria,,"Gwoza Wakane / Bulabulin, Gwoza, Borno, Nigeria; Johode/Chikide/Kughum, Gwoza, Borno, Nigeria","11.1081683, 13.6478486; 11.0575561, 13.7868526",County/City/town/Village/Woreda (ADM3); County/City/town/Village/Woreda (ADM3),Destination; Origin,Displacement without preventive evacuations reported,2026-02-19T14:50:19.123557Z,"Nigeria: 10 displacements, 08 September - 08 September. According to IOM DTM, 10 new internal displacements have been recorded in Nigeria on 08 September 2025 as a result of Non-International armed conflict (NIAC). This figure might be preliminary. IOM DTM - Nigeria - 13 February 2026",,Conflict
239993,Nigeria,NGA,11.51319,14.02445,"[11.51319, 14.02445]",Recommended figure,Conflict,total,12,2025-09-08,2025-09-08,2025-09-08,2025,33604,Nigeria: Non-International armed conflict (NIAC) - Borno - 2025,,,2025-01-01,2025-12-31,,,,,,IOM DTM - Nigeria,,"Bama, Borno, Nigeria","11.51319, 14.02445",County/City/town/Village/Woreda (ADM3),Origin and destination,Displacement without preventive evacuations reported,2026-02-19T14:50:19.077721Z,"Nigeria: 12 displacements, 08 September - 08 September. According to IOM DTM, 12 new internal displacements have been recorded in Nigeria on 08 September 2025 as a result of Non-International armed conflict (NIAC). This figure might be preliminary. IOM DTM - Nigeria - 13 February 2026",,Conflict
239992,Nigeria,NGA,10.1346505,12.637306500000001,"[10.1346505, 12.637306500000001]",Recommended figure,Conflict,total,24,2025-09-05,2025-09-05,2025-09-05,2025,33602,Nigeria: Non-International armed conflict (NIAC) - Adamawa - 2025,,,2025-01-01,2025-12-31,,,,,,IOM DTM - Nigeria,,"Guyaku, Gombi, Adamawa State, Nigeria; Sigire Fulbe, Song, Adamawa State, Nigeria","10.335968, 12.657946; 9.933333, 12.616667",County/City/town/Village/Woreda (ADM3); County/City/town/Village/Woreda (ADM3),Origin; Destination,Displacement without preventive evacuations reported,2026-02-19T14:50:19.032785Z,"Nigeria: 24 displacements, 05 September - 05 September. According to IOM DTM, 24 new internal displacements have been recorded in Nigeria on 05 September 2025 as a result of Non-International armed conflict (NIAC). This figure might be preliminary. IOM DTM - Nigeria - 13 February 2026",,Conflict
239995,Nigeria,NGA,10.76641185,12.79213025,"[10.76641185, 12.79213025]",Recommended figure,Conflict,total,17,2025-09-05,2025-09-05,2025-09-05,2025,33604,Nigeria: Non-International armed conflict (NIAC) - Borno - 2025,,,2025-01-01,2025-12-31,,,,,,IOM DTM - Nigeria,,"Mbalala, Chibok, Borno State, Nigeria; Shikarkir, Chibok, Borno, Nigeria","10.7612105, 12.8362706; 10.7716132, 12.7479899",County/City/town/Village/Woreda (ADM3); County/City/town/Village/Woreda (ADM3),Destination; Origin,Displacement without preventive evacuations reported,2026-02-19T14:50:19.173057Z,"Nigeria: 17 displacements, 05 September - 05 September. According to IOM DTM, 17 new internal displacements have been recorded in Nigeria on 05 September 2025 as a result of Non-International armed conflict (NIAC). This figure might be preliminary. IOM DTM - Nigeria - 13 February 2026",,Conflict
239989,Nigeria,NGA,9.493520449999998,12.1517559,"[9.493520449999998, 12.1517559]",Recommended figure,Disaster,total,12,2025-09-04,2025-09-04,2025-09-04,2025,40044,Nigeria: Flood - Adamawa - 01/09/2025,FLOOD,Local Identifier,2025-09-01,2025-09-30,Weather related,Hydrological,Flood,Flood,,IOM DTM - Nigeria,,"Demsa, Demsa, Demsa, Adamawa, Nigeria; Dilli, Demsa, Adamawa, Nigeria","9.455540899999999, 12.1525518; 9.5315, 12.15096",County/City/town/Village/Woreda (ADM3); County/City/town/Village/Woreda (ADM3),Destination; Origin,Displacement without preventive evacuations reported,2026-02-19T14:50:18.904166Z,"Nigeria: 12 displacements, 04 September - 04 September. According to IOM DTM, 12 new internal displacements have been recorded in Nigeria on 04 September 2025 as a result of Flood. This figure might be preliminary. IOM DTM - Nigeria - 13 February 2026",,Flood
239448,Nigeria,NGA,13.06467085,6.45967645,"[13.06467085, 6.45967645]",Recommended figure,Conflict,total,44,2025-09-04,2025-09-03,2025-09-04,2025,40127,Nigeria: Crime-related violence - Zamfara - 01/09/2025,CRIME_RELATED,Local Identifier,2025-09-01,2025-09-30,,,,,,IOM DTM - Nigeria,,"Galadi, Shinkafi, Zamfara State, Nigeria; Shinkafi North, Shinkafi, Zamfara State, Nigeria","13.053698, 6.425252; 13.0756437, 6.4941009",County/City/town/Village/Woreda (ADM3); County/City/town/Village/Woreda (ADM3),Origin; Destination,Displacement without preventive evacuations reported,2026-02-19T11:39:43.288999Z,"Nigeria: 44 displacements, 03 September - 04 September. According to IOM DTM, 44 new internal displacements have been recorded in Nigeria between 03 September 2025 and 04 September 2025 as a result of Crime-related violence. This figure might be preliminary. IOM DTM - Nigeria - 03 December 2025",,Conflict
239991,Nigeria,NGA,9.77898,12.64212,"[9.77898, 12.64212]",Recommended figure,Disaster,total,14,2025-09-03,2025-09-03,2025-09-03,2025,40044,Nigeria: Flood - Adamawa - 01/09/2025,FLOOD,Local Identifier,2025-09-01,2025-09-30,Weather related,Hydrological,Flood,Flood,,IOM DTM - Nigeria,,"Song, Adamawa, Nigeria","9.77898, 12.64212",County/City/town/Village/Woreda (ADM3),Origin and destination,Displacement without preventive evacuations reported,2026-02-19T14:50:18.990531Z,"Nigeria: 14 displacements, 03 September - 03 September. According to IOM DTM, 14 new internal displacements have been recorded in Nigeria on 03 September 2025 as a result of Flood. This figure might be preliminary. IOM DTM - Nigeria - 13 February 2026",,Flood
239984,Nigeria,NGA,10.0136667,12.92718815,"[10.0136667, 12.92718815]",Recommended figure,Disaster,total,8,2025-09-03,2025-09-03,2025-09-03,2025,40044,Nigeria: Flood - Adamawa - 01/09/2025,FLOOD,Local Identifier,2025-09-01,2025-09-30,Weather related,Hydrological,Flood,Flood,,IOM DTM - Nigeria,,"Bole Yolde Pate, Yola North, Adamawa, Nigeria; Hyambula, Madagali, Adamawa, Nigeria","9.1287206, 12.4609873; 10.8986128, 13.393389",County/City/town/Village/Woreda (ADM3); County/City/town/Village/Woreda (ADM3),Origin; Destination,Displacement without preventive evacuations reported,2026-02-19T14:50:18.674708Z,"Nigeria: 8 displacements, 03 September - 03 September. According to IOM DTM, 8 new internal displacements have been recorded in Nigeria on 03 September 2025 as a result of Flood. This figure might be preliminary. IOM DTM - Nigeria - 13 February 2026",,Flood
239988,Nigeria,NGA,9.4354601,12.0832543,"[9.4354601, 12.0832543]",Recommended figure,Disaster,total,18,2025-09-03,2025-09-03,2025-09-03,2025,40044,Nigeria: Flood - Adamawa - 01/09/2025,FLOOD,Local Identifier,2025-09-01,2025-09-30,Weather related,Hydrological,Flood,Flood,,IOM DTM - Nigeria,,"Dwam, Demsa, Adamawa, Nigeria","9.4354601, 12.0832543",County/City/town/Village/Woreda (ADM3),Origin and destination,Displacement without preventive evacuations reported,2026-02-19T14:50:18.857116Z,"Nigeria: 18 displacements, 03 September - 03 September. According to IOM DTM, 18 new internal displacements have been recorded in Nigeria on 03 September 2025 as a result of Flood. This figure might be preliminary. IOM DTM - Nigeria - 13 February 2026",,Flood
192725,Nigeria,NGA,13.075275000000001,6.393955,"[13.075275000000001, 6.393955]",Triangulation,Conflict,total,44,2025-09-03,2025-09-03,2025-09-03,2025,33219,Nigeria: Crime-related violence -  Zamfara ( Shinkaf/ Galadi) - 03/09/2025,,,2025-09-03,2025-09-03,,,,,,IOM DTM - Nigeria,,"Galadi, Shinkafi, Zamfara, Nigeria; Shinkafi, Shinkafi North, Shinkafi, Zamfara, Nigeria","13.07521, 6.27745; 13.07534, 6.51046",District/Zone/Department (ADM2); County/City/town/Village/Woreda (ADM3),Origin; Destination,Displacement without preventive evacuations reported,2025-09-17T01:19:18.617010Z,"Nigeria: 44 displacements, 03 September - 03 September. A total of 44 people were displaced due to crime-related violence on 3 September from Galadi (Shinkafi LGA, Zamfara State) towards the community of Ajiyawa (Shinkafi North ward, Shinkafi LGA, Zamfara state), according to IOM DTM - Nigeria. IOM DTM - Nigeria - 08 September 2025",,Conflict
239981,Nigeria,NGA,10.868781550000001,13.28757495,"[10.868781550000001, 13.28757495]",Recommended figure,Conflict,total,3,2025-09-02,2025-09-02,2025-09-02,2025,33604,Nigeria: Non-International armed conflict (NIAC) - Borno - 2025,,,2025-01-01,2025-12-31,,,,,,IOM DTM - Nigeria,,"Bita Izge, Gwoza, Borno State, Nigeria; Husara / Tampul, Askira/Uba, Borno, Nigeria","11.1617765, 13.3665057; 10.5757866, 13.2086442",County/City/town/Village/Woreda (ADM3); County/City/town/Village/Woreda (ADM3),Origin; Destination,Displacement without preventive evacuations reported,2026-02-19T14:50:18.520964Z,"Nigeria: 3 displacements, 02 September - 02 September. According to IOM DTM, 3 new internal displacements have been recorded in Nigeria on 02 September 2025 as a result of Non-International armed conflict (NIAC). This figure might be preliminary. IOM DTM - Nigeria - 13 February 2026",,Conflict
239990,Nigeria,NGA,9.8093714,11.90084515,"[9.8093714, 11.90084515]",Recommended figure,Disaster,total,21,2025-09-02,2025-09-02,2025-09-02,2025,40044,Nigeria: Flood - Adamawa - 01/09/2025,FLOOD,Local Identifier,2025-09-01,2025-09-30,Weather related,Hydrological,Flood,Flood,,IOM DTM - Nigeria,,"Dumna, Guyuk, Adamawa State, Nigeria; Guyuk, Adamawa State, Nigeria","9.7095718, 11.8679091; 9.909171, 11.9337812",County/City/town/Village/Woreda (ADM3); County/City/town/Village/Woreda (ADM3),Origin; Destination,Displacement without preventive evacuations reported,2026-02-19T14:50:18.947994Z,"Nigeria: 21 displacements, 02 September - 02 September. According to IOM DTM, 21 new internal displacements have been recorded in Nigeria on 02 September 2025 as a result of Flood. This figure might be preliminary. IOM DTM - Nigeria - 13 February 2026",,Flood
239987,Nigeria,NGA,9.53895,12.17861,"[9.53895, 12.17861]",Recommended figure,Disaster,total,23,2025-09-02,2025-09-02,2025-09-02,2025,40044,Nigeria: Flood - Adamawa - 01/09/2025,FLOOD,Local Identifier,2025-09-01,2025-09-30,Weather related,Hydrological,Flood,Flood,,IOM DTM - Nigeria,,"Borrong, Demsa, Adamawa, Nigeria","9.53895, 12.17861",County/City/town/Village/Woreda (ADM3),Origin and destination,Displacement without preventive evacuations reported,2026-02-19T14:50:18.813023Z,"Nigeria: 23 displacements, 02 September - 02 September. According to IOM DTM, 23 new internal displacements have been recorded in Nigeria on 02 September 2025 as a result of Flood. This figure might be preliminary. IOM DTM - Nigeria - 13 February 2026",,Flood
239983,Nigeria,NGA,10.2309014,12.92835255,"[10.2309014, 12.92835255]",Recommended figure,Disaster,total,132,2025-09-02,2025-09-02,2025-09-02,2025,40044,Nigeria: Flood - Adamawa - 01/09/2025,FLOOD,Local Identifier,2025-09-01,2025-09-30,Weather related,Hydrological,Flood,Flood,,IOM DTM - Nigeria,,"Hong, Hong, Adamawa, Nigeria; Hong, Hong, Adamawa, Nigeria","10.2300928, 12.9262851; 10.23171, 12.93042",County/City/town/Village/Woreda (ADM3); County/City/town/Village/Woreda (ADM3),Origin; Destination,Displacement without preventive evacuations reported,2026-02-19T14:50:18.624554Z,"Nigeria: 132 displacements, 02 September - 02 September. According to IOM DTM, 132 new internal displacements have been recorded in Nigeria on 02 September 2025 as a result of Flood. This figure might be preliminary. IOM DTM - Nigeria - 13 February 2026",,Flood
239982,Nigeria,NGA,11.082862200000001,13.7173506,"[11.082862200000001, 13.7173506]",Recommended figure,Conflict,total,5,2025-09-02,2025-09-02,2025-09-02,2025,33604,Nigeria: Non-International armed conflict (NIAC) - Borno - 2025,,,2025-01-01,2025-12-31,,,,,,IOM DTM - Nigeria,,"Gwoza Wakane / Bulabulin, Gwoza, Borno, Nigeria; Johode/Chikide/Kughum, Gwoza, Borno, Nigeria","11.1081683, 13.6478486; 11.0575561, 13.7868526",County/City/town/Village/Woreda (ADM3); County/City/town/Village/Woreda (ADM3),Destination; Origin,Displacement without preventive evacuations reported,2026-02-19T14:50:18.575908Z,"Nigeria: 5 displacements, 02 September - 02 September. According to IOM DTM, 5 new internal displacements have been recorded in Nigeria on 02 September 2025 as a result of Non-International armed conflict (NIAC). This figure might be preliminary. IOM DTM - Nigeria - 13 February 2026",,Conflict
239979,Nigeria,NGA,11.09498145,13.69417525,"[11.09498145, 13.69417525]",Recommended figure,Conflict,total,1,2025-09-01,2025-09-01,2025-09-01,2025,33604,Nigeria: Non-International armed conflict (NIAC) - Borno - 2025,,,2025-01-01,2025-12-31,,,,,,IOM DTM - Nigeria,,"Guduf Nagadiyo, Gwoza, Borno, Nigeria; Gwoza Wakane / Bulabulin, Gwoza, Borno, Nigeria","11.0817946, 13.7405019; 11.1081683, 13.6478486",County/City/town/Village/Woreda (ADM3); County/City/town/Village/Woreda (ADM3),Origin; Destination,Displacement without preventive evacuations reported,2026-02-19T14:50:18.400694Z,". According to IOM DTM, one new internal displacement has been recorded in Nigeria on 01 September 2025 as a result of Non-International armed conflict (NIAC). This figure might be preliminary. IOM DTM - Nigeria - 13 February 2026",,Conflict
240082,Nigeria,NGA,9.537973000000001,11.7694055,"[9.537973000000001, 11.7694055]",Recommended figure,Conflict,total,47,2025-09-01,2025-09-01,2025-09-01,2025,40020,Nigeria: Communal violence - Adamawa - 01/09/2025,COMMUNAL_VIOLENCE,Local Identifier,2025-09-01,2025-09-30,,,,,,IOM DTM - Nigeria,,"gyawana maternity clinic, A345, Lafia, Larmurde, Adamawa State, Nigeria; Waduku, Larmurde, Adamawa, Nigeria","9.571426, 11.884431; 9.50452, 11.65438",County/City/town/Village/Woreda (ADM3); County/City/town/Village/Woreda (ADM3),Origin; Destination,Displacement without preventive evacuations reported,2026-02-19T15:43:36.367651Z,"Nigeria: 47 displacements, 01 September - 01 September. According to IOM DTM, 47 new internal displacements have been recorded in Nigeria on 01 September 2025 as a result of Communal violence. This figure might be preliminary. IOM DTM - Nigeria - 13 February 2026",,Conflict
239978,Nigeria,NGA,11.09562915,13.6710043,"[11.09562915, 13.6710043]",Recommended figure,Conflict,total,3,2025-09-01,2025-09-01,2025-09-01,2025,33604,Nigeria: Non-International armed conflict (NIAC) - Borno - 2025,,,2025-01-01,2025-12-31,,,,,,IOM DTM - Nigeria,,"Gwoza, Hausari, Gwoza, Borno, Nigeria; Gwoza Wakane / Bulabulin, Gwoza, Borno, Nigeria","11.08309, 13.69416; 11.1081683, 13.6478486",County/City/town/Village/Woreda (ADM3); County/City/town/Village/Woreda (ADM3),Origin; Destination,Displacement without preventive evacuations reported,2026-02-19T14:50:18.355466Z,"Nigeria: 3 displacements, 01 September - 01 September. According to IOM DTM, 3 new internal displacements have been recorded in Nigeria on 01 September 2025 as a result of Non-International armed conflict (NIAC). This figure might be preliminary. IOM DTM - Nigeria - 13 February 2026",,Conflict
239966,Nigeria,NGA,11.51319,14.02445,"[11.51319, 14.02445]",Recommended figure,Conflict,total,19,2025-09-01,2025-09-01,2025-09-01,2025,33604,Nigeria: Non-International armed conflict (NIAC) - Borno - 2025,,,2025-01-01,2025-12-31,,,,,,IOM DTM - Nigeria,,"Bama, Borno, Nigeria","11.51319, 14.02445",County/City/town/Village/Woreda (ADM3),Origin and destination,Displacement without preventive evacuations reported,2026-02-19T14:26:24.871928Z,"Nigeria: 19 displacements, 01 September - 01 September. According to IOM DTM, 19 new internal displacements have been recorded in Nigeria on 01 September 2025 as a result of Non-International armed conflict (NIAC). This figure might be preliminary. IOM DTM - Nigeria - 13 February 2026",,Conflict
239986,Nigeria,NGA,9.5187312,12.165223600000001,"[9.5187312, 12.165223600000001]",Recommended figure,Disaster,total,25,2025-09-01,2025-09-01,2025-09-01,2025,40044,Nigeria: Flood - Adamawa - 01/09/2025,FLOOD,Local Identifier,2025-09-01,2025-09-30,Weather related,Hydrological,Flood,Flood,,IOM DTM - Nigeria,,"Borrong, Demsa, Adamawa, Nigeria; Mbula Kuli, Demsa, Adamawa, Nigeria","9.53895, 12.17861; 9.4985124, 12.1518372",County/City/town/Village/Woreda (ADM3); County/City/town/Village/Woreda (ADM3),Origin; Destination,Displacement without preventive evacuations reported,2026-02-19T14:50:18.769901Z,"Nigeria: 25 displacements, 01 September - 01 September. According to IOM DTM, 25 new internal displacements have been recorded in Nigeria on 01 September 2025 as a result of Flood. This figure might be preliminary. IOM DTM - Nigeria - 13 February 2026",,Flood
239967,Nigeria,NGA,10.59509975,13.1567631,"[10.59509975, 13.1567631]",Recommended figure,Conflict,total,76,2025-09-01,2025-09-01,2025-09-01,2025,33604,Nigeria: Non-International armed conflict (NIAC) - Borno - 2025,,,2025-01-01,2025-12-31,,,,,,IOM DTM - Nigeria,,"Mussa, Askira-Uba, Borno State, Nigeria; Uba, Askira-Uba, Borno State, Nigeria","10.7371435, 13.0921372; 10.453056, 13.221389",County/City/town/Village/Woreda (ADM3); County/City/town/Village/Woreda (ADM3),Origin; Destination,Displacement without preventive evacuations reported,2026-02-19T14:26:24.921087Z,"Nigeria: 76 displacements, 01 September - 01 September. According to IOM DTM, 76 new internal displacements have been recorded in Nigeria on 01 September 2025 as a result of Non-International armed conflict (NIAC). This figure might be preliminary. IOM DTM - Nigeria - 13 February 2026",,Conflict
239968,Nigeria,NGA,10.676667349999999,13.25720845,"[10.676667349999999, 13.25720845]",Recommended figure,Conflict,total,27,2025-09-01,2025-09-01,2025-09-01,2025,33604,Nigeria: Non-International armed conflict (NIAC) - Borno - 2025,,,2025-01-01,2025-12-31,,,,,,IOM DTM - Nigeria,,"Moda / Dlaka / Ghenjuwa, Michika, Adamawa, Nigeria; Mussa, Askira-Uba, Borno State, Nigeria","10.6161912, 13.4222797; 10.7371435, 13.0921372",County/City/town/Village/Woreda (ADM3); County/City/town/Village/Woreda (ADM3),Destination; Origin,Displacement without preventive evacuations reported,2026-02-19T14:26:24.971878Z,"Nigeria: 27 displacements, 01 September - 01 September. According to IOM DTM, 27 new internal displacements have been recorded in Nigeria on 01 September 2025 as a result of Non-International armed conflict (NIAC). This figure might be preliminary. IOM DTM - Nigeria - 13 February 2026",,Conflict
239977,Nigeria,NGA,10.785023200000001,13.448572850000001,"[10.785023200000001, 13.448572850000001]",Recommended figure,Conflict,total,5,2025-09-01,2025-09-01,2025-09-01,2025,40031,Nigeria: Crime-related violence - Adamawa - 01/09/2025,CRIME_RELATED,Local Identifier,2025-09-01,2025-09-30,,,,,,IOM DTM - Nigeria,,"Duhu/ Shuwa, Madagali, Adamawa, Nigeria; Gulak, Madagali, Adamawa State, Nigeria","10.7641641, 13.4396172; 10.8058823, 13.4575285",County/City/town/Village/Woreda (ADM3); County/City/town/Village/Woreda (ADM3),Destination; Origin,Displacement without preventive evacuations reported,2026-02-19T14:50:18.315574Z,"Nigeria: 5 displacements, 01 September - 01 September. According to IOM DTM, 5 new internal displacements have been recorded in Nigeria on 01 September 2025 as a result of Crime-related violence. This figure might be preliminary. IOM DTM - Nigeria - 13 February 2026",,Conflict
239976,Nigeria,NGA,11.082862200000001,13.7173506,"[11.082862200000001, 13.7173506]",Recommended figure,Conflict,total,6,2025-09-01,2025-09-01,2025-09-01,2025,33604,Nigeria: Non-International armed conflict (NIAC) - Borno - 2025,,,2025-01-01,2025-12-31,,,,,,IOM DTM - Nigeria,,"Gwoza Wakane / Bulabulin, Gwoza, Borno, Nigeria; Johode/Chikide/Kughum, Gwoza, Borno, Nigeria","11.1081683, 13.6478486; 11.0575561, 13.7868526",County/City/town/Village/Woreda (ADM3); County/City/town/Village/Woreda (ADM3),Destination; Origin,Displacement without preventive evacuations reported,2026-02-19T14:50:18.263323Z,"Nigeria: 6 displacements, 01 September - 01 September. According to IOM DTM, 6 new internal displacements have been recorded in Nigeria on 01 September 2025 as a result of Non-International armed conflict (NIAC). This figure might be preliminary. IOM DTM - Nigeria - 13 February 2026",,Conflict
239985,Nigeria,NGA,9.49724545,12.1655809,"[9.49724545, 12.1655809]",Recommended figure,Disaster,total,35,2025-08-31,2025-08-31,2025-08-31,2025,40042,Nigeria: Flood - Adamawa - 01/08/2025,FLOOD,Local Identifier,2025-08-01,2025-08-31,Weather related,Hydrological,Flood,Flood,,IOM DTM - Nigeria,,"Borrong, Demsa, Adamawa, Nigeria; Demsa, Demsa, Demsa, Adamawa, Nigeria","9.53895, 12.17861; 9.455540899999999, 12.1525518",County/City/town/Village/Woreda (ADM3); County/City/town/Village/Woreda (ADM3),Origin; Destination,Displacement without preventive evacuations reported,2026-02-19T14:50:18.724030Z,"Nigeria: 35 displacements, 31 August - 31 August. According to IOM DTM, 35 new internal displacements have been recorded in Nigeria on 31 August 2025 as a result of Flood. This figure might be preliminary. IOM DTM - Nigeria - 13 February 2026",,Flood
239980,Nigeria,NGA,12.50205355,12.88960105,"[12.50205355, 12.88960105]",Recommended figure,Conflict,total,31,2025-08-31,2025-08-31,2025-08-31,2025,33604,Nigeria: Non-International armed conflict (NIAC) - Borno - 2025,,,2025-01-01,2025-12-31,,,,,,IOM DTM - Nigeria,,"Felo, Gubio, Borno State, Nigeria; Gobio 1, Gubio, Borno, Nigeria","12.6061671, 12.9480121; 12.39794, 12.83119",County/City/town/Village/Woreda (ADM3); County/City/town/Village/Woreda (ADM3),Origin; Destination,Displacement without preventive evacuations reported,2026-02-19T14:50:18.445212Z,"Nigeria: 31 displacements, 31 August - 31 August. According to IOM DTM, 31 new internal displacements have been recorded in Nigeria on 31 August 2025 as a result of Non-International armed conflict (NIAC). This figure might be preliminary. IOM DTM - Nigeria - 13 February 2026",,Conflict
239800,Nigeria,NGA,9.1287206,12.4609873,"[9.1287206, 12.4609873]",Recommended figure,Disaster,total,455,2025-08-31,2025-08-31,2025-08-31,2025,40042,Nigeria: Flood - Adamawa - 01/08/2025,FLOOD,Local Identifier,2025-08-01,2025-08-31,Weather related,Hydrological,Flood,Flood,,IOM DTM - Nigeria,,"Bole Yolde Pate, Yola North, Adamawa, Nigeria","9.1287206, 12.4609873",County/City/town/Village/Woreda (ADM3),Origin and destination,Displacement without preventive evacuations reported,2026-02-19T13:41:17.342254Z,"Nigeria: 455 displacements, 31 August - 31 August. According to IOM DTM, 455 new internal displacements have been recorded in Nigeria on 31 August 2025 as a result of Flood. This figure might be preliminary. IOM DTM - Nigeria - 13 February 2026",,Flood
239965,Nigeria,NGA,10.59882915,12.23770435,"[10.59882915, 12.23770435]",Recommended figure,Conflict,total,18,2025-08-29,2025-08-29,2025-08-29,2025,33604,Nigeria: Non-International armed conflict (NIAC) - Borno - 2025,,,2025-01-01,2025-12-31,,,,,,IOM DTM - Nigeria,,"Kwaya-Bur/Tanga Rumta, Hawul, Borno, Nigeria; Mandara Girau, Biu Emirate, Borno, Nigeria","10.4879807, 12.1061105; 10.7096776, 12.3692982",County/City/town/Village/Woreda (ADM3); County/City/town/Village/Woreda (ADM3),Destination; Origin,Displacement without preventive evacuations reported,2026-02-19T14:26:24.824980Z,"Nigeria: 18 displacements, 29 August - 29 August. According to IOM DTM, 18 new internal displacements have been recorded in Nigeria on 29 August 2025 as a result of Non-International armed conflict (NIAC). This figure might be preliminary. IOM DTM - Nigeria - 13 February 2026",,Conflict
239962,Nigeria,NGA,11.50650965,13.7956401,"[11.50650965, 13.7956401]",Recommended figure,Conflict,total,27,2025-08-28,2025-08-28,2025-08-28,2025,33604,Nigeria: Non-International armed conflict (NIAC) - Borno - 2025,,,2025-01-01,2025-12-31,,,,,,IOM DTM - Nigeria,,"Bama, Borno, Nigeria; Mbuliya / Goniri / Siraja, Bama, Borno, Nigeria","11.51319, 14.02445; 11.4998293, 13.5668302",County/City/town/Village/Woreda (ADM3); County/City/town/Village/Woreda (ADM3),Destination; Origin,Displacement without preventive evacuations reported,2026-02-19T14:26:24.673401Z,"Nigeria: 27 displacements, 28 August - 28 August. According to IOM DTM, 27 new internal displacements have been recorded in Nigeria on 28 August 2025 as a result of Non-International armed conflict (NIAC). This figure might be preliminary. IOM DTM - Nigeria - 13 February 2026",,Conflict
238375,Nigeria,NGA,8.02899895,8.52271545,"[8.02899895, 8.52271545]",Recommended figure,Conflict,total,15,2025-08-28,2025-08-28,2025-08-28,2025,40018,Nigeria: Communal violence - Benue - 01/08/2025,COMMUNAL_VIOLENCE,Local Identifier,2025-08-01,2025-08-31,,,,,,IOM DTM - Nigeria,,"Mbawa, Guma, Benue, Nigeria; Nyiev, Guma, Benue, Nigeria","8.0543055, 8.605073599999999; 8.0036924, 8.440357299999999",County/City/town/Village/Woreda (ADM3); County/City/town/Village/Woreda (ADM3),Destination; Origin,Displacement without preventive evacuations reported,2026-02-19T09:33:27.951304Z,"Nigeria: 15 displacements, 28 August - 28 August. According to IOM DTM, 15 new internal displacements have been recorded in Nigeria between 28 August 2025 and 28 August 2025 as a result of Communal violence. This figure might be preliminary. IOM DTM - Nigeria - 03 December 2025",,Conflict
239963,Nigeria,NGA,10.444955,13.40166,"[10.444955, 13.40166]",Recommended figure,Conflict,total,27,2025-08-28,2025-08-28,2025-08-28,2025,33602,Nigeria: Non-International armed conflict (NIAC) - Adamawa - 2025,,,2025-01-01,2025-12-31,,,,,,IOM DTM - Nigeria,,"Gude, Mubi South, Adamawa, Nigeria; Palam, Madagali, Adamawa","10.19862, 13.30877; 10.69129, 13.49455",County/City/town/Village/Woreda (ADM3); County/City/town/Village/Woreda (ADM3),Destination; Origin,Displacement without preventive evacuations reported,2026-02-19T14:26:24.723715Z,"Nigeria: 27 displacements, 28 August - 28 August. According to IOM DTM, 27 new internal displacements have been recorded in Nigeria on 28 August 2025 as a result of Non-International armed conflict (NIAC). This figure might be preliminary. IOM DTM - Nigeria - 13 February 2026",,Conflict
191555,Nigeria,NGA,7.892995,8.712175,"[7.892995, 8.712175]",Triangulation,Conflict,total,15,2025-08-28,2025-08-23,2025-08-28,2025,32878,Nigeria: Communal violence - Guma (Mbawa/Daudu)  - 23/08/2025,,,2025-08-23,2025-08-28,,,,,,IOM DTM - Nigeria,,"Daudu, Guma, Benue, Nigeria; Guma, Benue, Nigeria","7.9177, 8.5957; 7.86829, 8.82865",County/City/town/Village/Woreda (ADM3); District/Zone/Department (ADM2),Origin; Destination,Displacement without preventive evacuations reported,2025-09-08T12:17:21.898628Z,"Nigeria: 15 displacements, 23 August - 28 August. According to IOM DTM - Nigeria, a total of 15 people were displaced in Daudu (Mbawa ward, Guma LGA, Benue state) towards Tse (Nyiev ward, Guma LGA, Benue state) due to communal violence on 23 August. IOM DTM - Nigeria - 05 September 2025",,Conflict
195262,Nigeria,NGA,8.23275,6.55949,"[8.23275, 6.55949]",Triangulation,Disaster,total,576,2025-09-27,2025-04-01,2025-09-27,2025,33638,Nigeria: Flood - Kogi (Lokoja/Oworo ward)- 26/09/2025,,,2025-04-01,2025-09-26,Weather related,Hydrological,Flood,Flood,,IOM DTM - Nigeria; Local Authorities; State Emergency Management Agency (SEMA),,"Lokoja, Kogi, Nigeria","8.23275, 6.55949",District/Zone/Department (ADM2),Origin,Displacement without preventive evacuations reported,2025-10-21T11:19:39.598744Z,"Nigeria: 576 displacements, 01 April - 27 September. According to a joint assessment led by the IOM DTM, 576 people have been displaced in the community of Oworo (Lokoja LGA, Kogi state) due to flash flooding as of 27 September. IOM DTM - Nigeria - 08 October 2025",,Flood
218668,Nigeria,NGA,4.81974,5.94867,"[4.81974, 5.94867]",Recommended figure,Disaster,total,268,2025-11-21,2025-01-01,2025-11-21,2025,37684,Nigeria: Flood - Bayelsa - 2025,,,2025-01-01,2025-11-21,Weather related,Hydrological,Flood,Flood,,National Emergency Management Agency (NEMA),,"Bayelsa, Nigeria","4.81974, 5.94867",State/Region/Province (ADM1),Origin and destination,Displacement without preventive evacuations reported,2025-12-24T15:14:20.960372Z,"Nigeria: 268 displacements, 01 January - 21 November. According to the National Emergency Management Agency of Nigeria, 268 people have been displaced due to flooding in Bayelsa State in 2025. National Emergency Management Agency (NEMA) - 21 November 2025",,Flood
218666,Nigeria,NGA,6.26117,6.93737,"[6.26117, 6.93737]",Recommended figure,Disaster,total,1050,2025-11-21,2025-01-01,2025-11-21,2025,37682,Nigeria: Flood - Anambra - 2025,,,2025-01-01,2025-11-21,Weather related,Hydrological,Flood,Flood,,National Emergency Management Agency (NEMA),,"Anambra, Nigeria","6.26117, 6.93737",State/Region/Province (ADM1),Origin and destination,Displacement without preventive evacuations reported,2025-12-24T14:56:09.499089Z,"Nigeria: 1,050 displacements, 01 January - 21 November. According to the National Emergency Management Agency of Nigeria, 1050 people have been displaced due to flooding in Anambra State in 2025. National Emergency Management Agency (NEMA) - 21 November 2025",,Flood
218661,Nigeria,NGA,5.43182,7.48834,"[5.43182, 7.48834]",Recommended figure,Disaster,total,4896,2025-11-21,2025-01-01,2025-11-21,2025,37679,Nigeria: Flood - Abia - 2025,,,2025-01-01,2025-11-21,Weather related,Hydrological,Flood,Flood,,National Emergency Management Agency (NEMA),,"Abia, Nigeria","5.43182, 7.48834",State/Region/Province (ADM1),Origin and destination,Displacement without preventive evacuations reported,2025-12-24T11:48:48.688665Z,"Nigeria: 4,896 displacements, 01 January - 21 November. According to the National Emergency Management Agency of Nigeria, 4896 people have been displaced due to flooding in Abia State in 2025. National Emergency Management Agency (NEMA) - 21 November 2025",,Flood
218698,Nigeria,NGA,5.02334,6.83572,"[5.02334, 6.83572]",Recommended figure,Disaster,total,10321,2025-11-21,2025-01-01,2025-11-21,2025,36726,Nigeria: Flood -  Rivers - 2025,,,2025-01-01,2025-11-21,Weather related,Hydrological,Flood,Flood,,National Emergency Management Agency (NEMA),,"Rivers, Nigeria","5.02334, 6.83572",State/Region/Province (ADM1),Origin and destination,Displacement without preventive evacuations reported,2025-12-26T13:15:25.360409Z,"Nigeria: 10,321 displacements, 01 January - 21 November. According to the National Emergency Management Agency of Nigeria, 10321 people have been displaced due to flooding in Rivers State in 2025. National Emergency Management Agency (NEMA) - 21 November 2025",,Flood
218696,Nigeria,NGA,6.81919,4.8632,"[6.81919, 4.8632]",Recommended figure,Disaster,total,363,2025-11-21,2025-01-01,2025-11-21,2025,37702,Nigeria: Flood - Ondo - 2025,,,2025-01-01,2025-11-21,Weather related,Hydrological,Flood,Flood,,National Emergency Management Agency (NEMA),,"Ondo, Nigeria","6.81919, 4.8632",State/Region/Province (ADM1),Origin and destination,Displacement without preventive evacuations reported,2025-12-26T13:09:44.738445Z,"Nigeria: 363 displacements, 01 January - 21 November. According to the National Emergency Management Agency of Nigeria, 363 people have been displaced due to flooding in Ondo State in 2025. National Emergency Management Agency (NEMA) - 21 November 2025",,Flood
218692,Nigeria,NGA,6.53071,3.70884,"[6.53071, 3.70884]",Recommended figure,Disaster,total,3680,2025-11-21,2025-01-01,2025-11-21,2025,36722,Nigeria: Flood - Lagos - 2025,,,2025-01-01,2025-11-21,Weather related,Hydrological,Flood,Flood,,National Emergency Management Agency (NEMA),,"Lagos, Nigeria","6.53071, 3.70884",State/Region/Province (ADM1),Origin and destination,Displacement without preventive evacuations reported,2025-12-26T12:52:45.077864Z,"Nigeria: 3,680 displacements, 01 January - 21 November. According to the National Emergency Management Agency of Nigeria, 3680 people have been displaced due to flooding in Lagos State in 2025. National Emergency Management Agency (NEMA) - 21 November 2025",,Flood
218690,Nigeria,NGA,11.67281,4.00236,"[11.67281, 4.00236]",Recommended figure,Disaster,total,5718,2025-11-21,2025-01-01,2025-11-21,2025,37697,Nigeria: Flood - Kebbi - 2025,,,2025-01-01,2025-11-21,Weather related,Hydrological,Flood,Flood,,National Emergency Management Agency (NEMA),,"Kebbi, Nigeria","11.67281, 4.00236",State/Region/Province (ADM1),Origin and destination,Displacement without preventive evacuations reported,2025-12-26T12:46:03.891518Z,"Nigeria: 5,718 displacements, 01 January - 21 November. According to the National Emergency Management Agency of Nigeria, 5718 people have been displaced due to flooding in Kebbi State in 2025. National Emergency Management Agency (NEMA) - 21 November 2025",,Flood
218684,Nigeria,NGA,5.56573,7.03321,"[5.56573, 7.03321]",Recommended figure,Disaster,total,17454,2025-11-21,2025-01-01,2025-11-21,2025,36725,Nigeria: Flood - Imo - 2025,,,2025-01-01,2025-11-21,Weather related,Hydrological,Flood,Flood,,National Emergency Management Agency (NEMA),,"Imo, Nigeria","5.56573, 7.03321",State/Region/Province (ADM1),Origin and destination,Displacement without preventive evacuations reported,2025-12-26T12:01:03.343605Z,"Nigeria: 17,454 displacements, 01 January - 21 November. According to the National Emergency Management Agency of Nigeria, 17454 people have been displaced due to flooding in Imo State in 2025. National Emergency Management Agency (NEMA) - 21 November 2025",,Flood
218681,Nigeria,NGA,6.66545,5.87368,"[6.66545, 5.87368]",Recommended figure,Disaster,total,7681,2025-11-21,2025-01-01,2025-11-21,2025,37690,Nigeria: Flood - Edo - 2025,,,2025-01-01,2025-11-21,Weather related,Hydrological,Flood,Flood,,National Emergency Management Agency (NEMA),,"Edo, Nigeria","6.66545, 5.87368",State/Region/Province (ADM1),Origin and destination,Displacement without preventive evacuations reported,2025-12-26T11:51:07.556345Z,"Nigeria: 7,681 displacements, 01 January - 21 November. According to the National Emergency Management Agency of Nigeria, 7681 people have been displaced due to flooding in Edo State in 2025. National Emergency Management Agency (NEMA) - 21 November 2025",,Flood
218664,Nigeria,NGA,5.00995,7.8047,"[5.00995, 7.8047]",Recommended figure,Disaster,total,51058,2025-11-21,2025-01-01,2025-11-21,2025,36724,Nigeria: Flood -  Akwa Ibom - 2025,,,2025-01-01,2025-11-21,Weather related,Hydrological,Flood,Flood,,National Emergency Management Agency (NEMA),,"Akwa Ibom, Nigeria","5.00995, 7.8047",State/Region/Province (ADM1),Origin and destination,Displacement without preventive evacuations reported,2025-12-24T14:08:44.207304Z,"Nigeria: 51,058 displacements, 01 January - 21 November. According to the National Emergency Management Agency of Nigeria, 51058 people have been displaced due to flooding in Akwa Ibom State in 2025. National Emergency Management Agency (NEMA) - 21 November 2025",,Flood
218673,Nigeria,NGA,5.75656,5.49569,"[5.75656, 5.49569]",Recommended figure,Disaster,total,9853,2025-11-21,2025-01-01,2025-11-21,2025,36727,Nigeria: Flood -  Delta - 2025,,,2025-01-01,2025-11-21,Weather related,Hydrological,Flood,Flood,,National Emergency Management Agency (NEMA),,"Delta, Nigeria","5.75656, 5.49569",State/Region/Province (ADM1),Origin and destination,Displacement without preventive evacuations reported,2025-12-24T16:47:17.306474Z,"Nigeria: 9,853 displacements, 01 January - 21 November. According to the National Emergency Management Agency of Nigeria, 9853 people have been displaced due to flooding in Delta State in 2025. National Emergency Management Agency (NEMA) - 21 November 2025",,Flood
218671,Nigeria,NGA,5.78553,8.41892,"[5.78553, 8.41892]",Recommended figure,Disaster,total,5518,2025-11-21,2025-01-01,2025-11-21,2025,37687,Nigeria: Flood - Cross River - 2025,,,2025-01-01,2025-11-21,Weather related,Hydrological,Flood,Flood,,National Emergency Management Agency (NEMA),,"Cross River, Nigeria","5.78553, 8.41892",State/Region/Province (ADM1),Origin and destination,Displacement without preventive evacuations reported,2025-12-24T16:26:38.722725Z,"Nigeria: 5,518 displacements, 01 January - 21 November. According to the National Emergency Management Agency of Nigeria, 5518 people have been displaced due to flooding in Cross River State in 2025. National Emergency Management Agency (NEMA) - 21 November 2025",,Flood
