id,country,iso3,latitude,longitude,centroid,role,displacement_type,qualifier,figure,displacement_date,displacement_start_date,displacement_end_date,year,event_id,event_name,event_codes,event_code_types,event_start_date,event_end_date,category,subcategory,type,subtype,old_id,sources,source_url,locations_name,locations_coordinates,locations_accuracy,locations_type,displacement_occurred,created_at,description,link,combined_type
235149,Malaysia,MYS,5.35828,115.756432,"[5.35828, 115.756432]",Triangulation,Disaster,total,226,2026-02-12,2026-02-12,2026-02-12,2026,40145,"Malaysia: Flood - Sabah (Sipitang, Beaufort) - 11/02/2026",,,2026-02-11,2026-02-12,Weather related,Hydrological,Flood,Flood,,National Disaster Management Agency (NADMA),,"Beaufort, Sabah","5.35828, 115.756432",County/City/town/Village/Woreda (ADM3),Origin,Displacement without preventive evacuations reported,2026-02-13T16:11:12.494773Z,"Malaysia: 226 displacements (in relief camp), 12 February - 12 February. According to national/regional disaster authorities, a total of 226 people were in relief camp in Beaufort, Sabah due to flood on 12 February National Disaster Management Agency (NADMA) - 12 February 2026",,Flood
235146,Malaysia,MYS,5.07615,115.549728,"[5.07615, 115.549728]",Triangulation,Disaster,total,91,2026-02-11,2026-02-11,2026-02-11,2026,40145,"Malaysia: Flood - Sabah (Sipitang, Beaufort) - 11/02/2026",,,2026-02-11,2026-02-12,Weather related,Hydrological,Flood,Flood,,National Disaster Management Agency (NADMA),,"Sipitang, Sabah","5.07615, 115.549728",County/City/town/Village/Woreda (ADM3),Origin,Displacement without preventive evacuations reported,2026-02-13T16:08:02.681754Z,"Malaysia: 91 displacements (in relief camp), 11 February - 11 February. According to national/regional disaster authorities, a total of 91 people were in relief camp in Sipitang, Sabah due to flood on 11 February National Disaster Management Agency (NADMA) - 11 February 2026",,Flood
224291,Malaysia,MYS,1.5196077657027587,110.93646764865849,"[1.5196077657027587, 110.93646764865849]",Recommended figure,Disaster,total,34,2026-01-26,2026-01-26,2026-01-26,2026,39174,Malaysia: Flood - Sarawak (Sebuyau) - 26/01/2026,,,2026-01-26,2026-01-26,Weather related,Hydrological,Flood,Flood,,National Disaster Management Agency (NADMA),,"Sebuyau, Sarawak, Malaysia","1.5196077657027587, 110.93646764865849",District/Zone/Department (ADM2),Origin,Displacement without preventive evacuations reported,2026-01-26T16:25:19.540695Z,"Malaysia: 34 displacements (in relief camp), 26 January - 26 January. A total of 34 people were in relief camp due to flood on 26 January in Sebuyau, Sarawak, Malaysia, according to national/regional disaster authorities. National Disaster Management Agency (NADMA) - 26 January 2026",,Flood
219766,Malaysia,MYS,1.16927,110.568977,"[1.16927, 110.568977]",Recommended figure,Disaster,total,28,2026-01-12,2026-01-12,2026-01-12,2026,37954,Malaysia: Landslide - Sarawak (Serian) - 12/01/2026,,,2026-01-12,2026-01-12,Weather related,Hydrological,Mass Movement,Landslide/Wet mass movement,,National Disaster Management Agency (NADMA),,"Serian, Sarawak, Malaysia","1.16927, 110.568977",County/City/town/Village/Woreda (ADM3),Origin,Displacement without preventive evacuations reported,2026-01-13T15:58:41.009785Z,"Malaysia: 28 displacements (in relief camp), 12 January - 12 January. Landslide/wet mass movement resulted in a total of 28 people being in relief camp in Serian, Sarawak, Malaysia on 12 January, according to national/regional disaster authorities. National Disaster Management Agency (NADMA) - 12 January 2026",,Mass Movement
219597,Malaysia,MYS,2.52417,112.325981,"[2.52417, 112.325981]",Recommended figure,Disaster,total,238,2026-01-11,2026-01-11,2026-01-11,2026,37846,Malaysia: Flood - Sarawak (11 Districts) - 01/01/2026,,,2025-12-01,2026-01-14,Weather related,Hydrological,Flood,Flood,,National Disaster Management Agency (NADMA),,"Selangau, Sarawak, Malaysia","2.52417, 112.325981",County/City/town/Village/Woreda (ADM3),Origin,Displacement without preventive evacuations reported,2026-01-12T10:38:45.584176Z,"Malaysia: 238 displacements (in relief camp), 11 January - 11 January. Flood resulted in a total of 238 people being in relief camp in Selangau, Sarawak, Malaysia on 11 January, according to national/regional disaster authorities. National Disaster Management Agency (NADMA) - 11 January 2026",,Flood
219595,Malaysia,MYS,1.3615,110.40435,"[1.3615, 110.40435]",Recommended figure,Disaster,total,517,2026-01-11,2026-01-11,2026-01-11,2026,37846,Malaysia: Flood - Sarawak (11 Districts) - 01/01/2026,,,2025-12-01,2026-01-14,Weather related,Hydrological,Flood,Flood,,National Disaster Management Agency (NADMA),,"Siburan, Sarawak, Malaysia","1.3615, 110.40435",County/City/town/Village/Woreda (ADM3),Origin,Displacement without preventive evacuations reported,2026-01-12T10:38:45.430010Z,"Malaysia: 517 displacements (in relief camp), 11 January - 11 January. A total of 517 people were in relief camp due to flood on 11 January in Siburan, Sarawak, Malaysia, according to national/regional disaster authorities. National Disaster Management Agency (NADMA) - 11 January 2026",,Flood
219596,Malaysia,MYS,3.1175,113.26487,"[3.1175, 113.26487]",Triangulation,Disaster,total,271,2026-01-11,2026-01-11,2026-01-11,2026,37846,Malaysia: Flood - Sarawak (11 Districts) - 01/01/2026,,,2025-12-01,2026-01-14,Weather related,Hydrological,Flood,Flood,,National Disaster Management Agency (NADMA),,"Sebauh, Sarawak, Malaysia","3.1175, 113.26487",County/City/town/Village/Woreda (ADM3),Origin,Displacement without preventive evacuations reported,2026-01-12T10:38:45.518504Z,"Malaysia: 271 displacements (in relief camp), 11 January - 11 January. A total of 271 people were in relief camp due to flood on 11 January in Sebauh, Sarawak, Malaysia, according to national/regional disaster authorities. National Disaster Management Agency (NADMA) - 11 January 2026",,Flood
219582,Malaysia,MYS,2.893,112.09127,"[2.893, 112.09127]",Recommended figure,Disaster,total,198,2026-01-10,2026-01-10,2026-01-10,2026,37846,Malaysia: Flood - Sarawak (11 Districts) - 01/01/2026,,,2025-12-01,2026-01-14,Weather related,Hydrological,Flood,Flood,,National Disaster Management Agency (NADMA),,"Mukah Division, Sarawak, Malaysia","2.893, 112.09127",Point,Origin,Displacement without preventive evacuations reported,2026-01-12T10:23:24.663684Z,"Malaysia: 198 displacements (in relief camp), 10 January - 10 January. Flood resulted in a total of 198 people being in relief camp in Mukah Division, Sarawak, Malaysia on 10 January, according to national/regional disaster authorities. National Disaster Management Agency (NADMA) - 10 January 2026",,Flood
219583,Malaysia,MYS,3.17998,113.499878,"[3.17998, 113.499878]",Triangulation,Disaster,total,120,2026-01-10,2026-01-10,2026-01-10,2026,37846,Malaysia: Flood - Sarawak (11 Districts) - 01/01/2026,,,2025-12-01,2026-01-14,Weather related,Hydrological,Flood,Flood,,National Disaster Management Agency (NADMA),,"Bintulu Division, Sarawak, Malaysia","3.17998, 113.499878",Point,Origin,Displacement without preventive evacuations reported,2026-01-12T10:23:24.723634Z,"Malaysia: 120 displacements (in relief camp), 10 January - 10 January. According to national/regional disaster authorities, a total of 120 people were in relief camp in Bintulu Division, Sarawak, Malaysia due to flood on 10 January National Disaster Management Agency (NADMA) - 10 January 2026",,Flood
219599,Malaysia,MYS,4.49997,117.99987,"[4.49997, 117.99987]",Recommended figure,Disaster,total,95,2026-01-09,2026-01-09,2026-01-09,2026,37861,Malaysia: Flood - Sabah (5 Districts) - 03/01/2026,,,2026-01-03,2026-01-09,Weather related,Hydrological,Flood,Flood,,National Disaster Management Agency (NADMA),,"Tawau Division, Sabah","4.49997, 117.99987",Point,Origin,Displacement without preventive evacuations reported,2026-01-12T10:42:09.021520Z,"Malaysia: 95 displacements (in relief camp), 09 January - 09 January. According to national/regional disaster authorities, a total of 95 people were in relief camp in Tawau Division, Sabah due to flood on 9 January National Disaster Management Agency (NADMA) - 09 January 2026",,Flood
219571,Malaysia,MYS,1.16662,110.566521,"[1.16662, 110.566521]",Triangulation,Disaster,total,726,2026-01-09,2026-01-09,2026-01-09,2026,37846,Malaysia: Flood - Sarawak (11 Districts) - 01/01/2026,,,2025-12-01,2026-01-14,Weather related,Hydrological,Flood,Flood,,National Disaster Management Agency (NADMA),,"Serian Division, Sarawak, Malaysia","1.16662, 110.566521",Point,Origin,Displacement without preventive evacuations reported,2026-01-12T10:09:36.172829Z,"Malaysia: 726 displacements (in relief camp), 09 January - 09 January. According to national/regional disaster authorities, a total of 726 people were in relief camp in Serian Division, Sarawak, Malaysia due to flood on 9 January National Disaster Management Agency (NADMA) - 09 January 2026",,Flood
219572,Malaysia,MYS,2.29071,111.826263,"[2.29071, 111.826263]",Triangulation,Disaster,total,7,2026-01-09,2026-01-09,2026-01-09,2026,37846,Malaysia: Flood - Sarawak (11 Districts) - 01/01/2026,,,2025-12-01,2026-01-14,Weather related,Hydrological,Flood,Flood,,National Disaster Management Agency (NADMA),,"Sibu Division, Sarawak, Malaysia","2.29071, 111.826263",Point,Origin,Displacement without preventive evacuations reported,2026-01-12T10:09:36.253017Z,"Malaysia: 7 displacements (in relief camp), 09 January - 09 January. Flood resulted in a total of 7 people being in relief camp in Sibu Division, Sarawak, Malaysia on 9 January, according to national/regional disaster authorities. National Disaster Management Agency (NADMA) - 09 January 2026",,Flood
219240,Malaysia,MYS,5.12048,115.944901,"[5.12048, 115.944901]",Recommended figure,Disaster,total,563,2026-01-06,2026-01-06,2026-01-06,2026,37861,Malaysia: Flood - Sabah (5 Districts) - 03/01/2026,,,2026-01-03,2026-01-09,Weather related,Hydrological,Flood,Flood,,National Disaster Management Agency (NADMA),,"Tenom, Sabah","5.12048, 115.944901",County/City/town/Village/Woreda (ADM3),Origin,Displacement without preventive evacuations reported,2026-01-06T15:18:28.751487Z,"Malaysia: 563 displacements (in relief camp), 06 January - 06 January. A total of 563 people were in relief camp due to flood on 6 January in Tenom, Sabah, according to national/regional disaster authorities. National Disaster Management Agency (NADMA) - 06 January 2026",,Flood
219233,Malaysia,MYS,6.34976,116.429291,"[6.34976, 116.429291]",Triangulation,Disaster,total,76,2026-01-05,2026-01-05,2026-01-05,2026,37861,Malaysia: Flood - Sabah (5 Districts) - 03/01/2026,,,2026-01-03,2026-01-09,Weather related,Hydrological,Flood,Flood,,National Disaster Management Agency (NADMA),,"Kota Belud, Sabah","6.34976, 116.429291",County/City/town/Village/Woreda (ADM3),Origin,Displacement without preventive evacuations reported,2026-01-06T15:06:38.807158Z,"Malaysia: 76 displacements (in relief camp), 05 January - 05 January. Flood resulted in a total of 76 people being in relief camp in Kota Belud, Sabah on 5 January, according to national/regional disaster authorities. National Disaster Management Agency (NADMA) - 05 January 2026",,Flood
219227,Malaysia,MYS,4.00001,113.999878,"[4.00001, 113.999878]",Triangulation,Disaster,total,47,2026-01-04,2026-01-04,2026-01-04,2026,37846,Malaysia: Flood - Sarawak (11 Districts) - 01/01/2026,,,2025-12-01,2026-01-14,Weather related,Hydrological,Flood,Flood,,National Disaster Management Agency (NADMA),,"Miri Division, Sarawak, Malaysia","4.00001, 113.999878",Point,Origin,Displacement without preventive evacuations reported,2026-01-06T15:00:59.535124Z,"Malaysia: 47 displacements (in relief camp), 04 January - 04 January. Flood resulted in a total of 47 people being in relief camp in Miri Division, Sarawak, Malaysia on 4 January, according to national/regional disaster authorities. National Disaster Management Agency (NADMA) - 04 January 2026",,Flood
219226,Malaysia,MYS,5.97801,116.072899,"[5.97801, 116.072899]",Triangulation,Disaster,total,182,2026-01-04,2026-01-04,2026-01-04,2026,37861,Malaysia: Flood - Sabah (5 Districts) - 03/01/2026,,,2026-01-03,2026-01-09,Weather related,Hydrological,Flood,Flood,,National Disaster Management Agency (NADMA),,"Kota Kinabalu, Sabah","5.97801, 116.072899",County/City/town/Village/Woreda (ADM3),Origin,Displacement without preventive evacuations reported,2026-01-06T15:00:23.545394Z,"Malaysia: 182 displacements (in relief camp), 04 January - 04 January. A total of 182 people were in relief camp due to flood on 4 January in Kota Kinabalu, Sabah, according to national/regional disaster authorities. National Disaster Management Agency (NADMA) - 04 January 2026",,Flood
219598,Malaysia,MYS,5.35828,115.756432,"[5.35828, 115.756432]",Triangulation,Disaster,total,298,2026-01-03,2026-01-03,2026-01-03,2026,37861,Malaysia: Flood - Sabah (5 Districts) - 03/01/2026,,,2026-01-03,2026-01-09,Weather related,Hydrological,Flood,Flood,,National Disaster Management Agency (NADMA),,"Beaufort, Sabah","5.35828, 115.756432",County/City/town/Village/Woreda (ADM3),Origin,Displacement without preventive evacuations reported,2026-01-12T10:41:37.765997Z,"Malaysia: 298 displacements (in relief camp), 03 January - 03 January. Flood resulted in a total of 298 people being in relief camp in Beaufort, Sabah on 3 January, according to national/regional disaster authorities. National Disaster Management Agency (NADMA) - 03 January 2026",,Flood
219405,Malaysia,MYS,2.69238,101.75016,"[2.69238, 101.75016]",Recommended figure,Disaster,total,24,2026-01-03,2026-01-03,2026-01-03,2026,37862,Malaysia: Flood - Selangor (Sepang) - 03/01/2026,,,2026-01-03,2026-01-03,Weather related,Hydrological,Flood,Flood,,National Disaster Management Agency (NADMA),,"Sepang, Selangor, Malaysia","2.69238, 101.75016",County/City/town/Village/Woreda (ADM3),Origin,Displacement without preventive evacuations reported,2026-01-07T13:16:49.566680Z,"Malaysia: 24 displacements (in relief camp), 03 January - 03 January. Flood resulted in a total of 24 people being in relief camp in Sepang, Selangor, Malaysia on 3 January, according to national/regional disaster authorities. National Disaster Management Agency (NADMA) - 03 January 2026",,Flood
219189,Malaysia,MYS,3.79126,101.853493,"[3.79126, 101.853493]",Recommended figure,Disaster,total,83,2026-01-02,2026-01-02,2026-01-02,2026,37854,Malaysia: Flood - Pahang (Raub) - 02/01/2026,,,2026-01-02,2026-01-02,Weather related,Hydrological,Flood,Flood,,UNHCR Myanmar,,"Raub, Pahang, Malaysia","3.79126, 101.853493",County/City/town/Village/Woreda (ADM3),Origin,Displacement without preventive evacuations reported,2026-01-06T14:36:50.618767Z,"Malaysia: 83 displacements (in relief camp), 02 January - 02 January. A total of 83 people were in relief camp due to flood on 2 January in Raub, Pahang, Malaysia, according to UNHCR Myanmar. National Disaster Management Agency (NADMA) - 02 January 2026",,Flood
219188,Malaysia,MYS,4.85968,115.408249,"[4.85968, 115.408249]",Recommended figure,Disaster,total,166,2026-01-02,2026-01-02,2026-01-02,2026,37846,Malaysia: Flood - Sarawak (11 Districts) - 01/01/2026,,,2025-12-01,2026-01-14,Weather related,Hydrological,Flood,Flood,,UNHCR Myanmar,,"Lawas, Sarawak, Malaysia","4.85968, 115.408249",County/City/town/Village/Woreda (ADM3),Origin,Displacement without preventive evacuations reported,2026-01-06T14:36:50.483195Z,"Malaysia: 166 displacements (in relief camp), 02 January - 02 January. A total of 166 people were in relief camp due to flood on 2 January in Lawas, Sarawak, Malaysia, according to UNHCR Myanmar. National Disaster Management Agency (NADMA) - 02 January 2026",,Flood
219171,Malaysia,MYS,1.46762,110.482277,"[1.46762, 110.482277]",Triangulation,Disaster,total,21,2026-01-01,2026-01-01,2026-01-01,2026,37846,Malaysia: Flood - Sarawak (11 Districts) - 01/01/2026,,,2025-12-01,2026-01-14,Weather related,Hydrological,Flood,Flood,,National Disaster Management Agency (NADMA),,"Samarahan Division, Sarawak, Malaysia","1.46762, 110.482277",Point,Origin,Displacement without preventive evacuations reported,2026-01-06T14:10:44.512697Z,"Malaysia: 21 displacements (in relief camp), 01 January - 01 January. A total of 21 people were in relief camp due to flood on 1 January in Samarahan Division, Sarawak, Malaysia, according to national/regional disaster authorities. National Disaster Management Agency (NADMA) - 01 January 2026",,Flood
219397,Malaysia,MYS,1.57293,110.125992,"[1.57293, 110.125992]",Recommended figure,Disaster,total,413,2025-12-31,2025-12-31,2025-12-31,2025,40348,Malaysia: Flood - Sarawak (11 Districts) - 31/12/2025,,,2025-12-31,2025-12-31,Weather related,Hydrological,Flood,Flood,,National Disaster Management Agency (NADMA),,"Kuching Division, Sarawak, Malaysia","1.57293, 110.125992",District/Zone/Department (ADM2),Origin,Displacement without preventive evacuations reported,2026-01-07T12:54:44.364821Z,"Malaysia: 413 displacements (in relief camp), 31 December - 31 December. A total of 413 people were in relief camp due to flood on 31 December in Kuching Division, Sarawak, Malaysia, according to national/regional disaster authorities. National Disaster Management Agency (NADMA) - 31 December 2025",,Flood
219120,Malaysia,MYS,2.50049,102.815651,"[2.50049, 102.815651]",Recommended figure,Disaster,total,172,2025-12-29,2025-12-29,2025-12-29,2025,37833,Malaysia: Flood - Johor (Segamat) - 29/12/2025,,,2025-12-29,2025-12-29,Weather related,Hydrological,Flood,Flood,,National Disaster Management Agency (NADMA),,"Segamat District, Johor, Malaysia","2.50049, 102.815651",County/City/town/Village/Woreda (ADM3),Origin,Displacement without preventive evacuations reported,2026-01-06T13:05:22.756412Z,"Malaysia: 172 displacements (in relief camp), 29 December - 29 December. According to national/regional disaster authorities, a total of 172 people were in relief camp in Segamat District, Johor, Malaysia due to flood on 29 December National Disaster Management Agency (NADMA) - 29 December 2025",,Flood
219121,Malaysia,MYS,2.80493,103.439194,"[2.80493, 103.439194]",Triangulation,Disaster,total,80,2025-12-29,2025-12-29,2025-12-29,2025,37834,Malaysia: Flood - Pahang (Rompin) - 29/12/2025,,,2025-12-29,2025-12-29,Weather related,Hydrological,Flood,Flood,,National Disaster Management Agency (NADMA),,"Rompin, Pahang, Malaysia","2.80493, 103.439194",County/City/town/Village/Woreda (ADM3),Origin,Displacement without preventive evacuations reported,2026-01-06T13:05:22.822900Z,"Malaysia: 80 displacements (in relief camp), 29 December - 29 December. Flood resulted in a total of 80 people being in relief camp in Rompin, Pahang, Malaysia on 29 December, according to national/regional disaster authorities. National Disaster Management Agency (NADMA) - 29 December 2025",,Flood
219122,Malaysia,MYS,2.29407,102.420418,"[2.29407, 102.420418]",Triangulation,Disaster,total,34,2025-12-29,2025-12-29,2025-12-29,2025,37835,Malaysia: Flood - Melaka (Jasin) - 29/12/2025,,,2025-12-29,2025-12-29,Weather related,Hydrological,Flood,Flood,,National Disaster Management Agency (NADMA),,"Jasin District, Malacca, Malaysia","2.29407, 102.420418",District/Zone/Department (ADM2),Origin,Displacement without preventive evacuations reported,2026-01-06T13:05:22.883784Z,"Malaysia: 34 displacements (in relief camp), 29 December - 29 December. Flood resulted in a total of 34 people being in relief camp in Jasin District, Malacca, Malaysia on 29 December, according to national/regional disaster authorities. National Disaster Management Agency (NADMA) - 29 December 2025",,Flood
219067,Malaysia,MYS,5.32246,103.043259,"[5.32246, 103.043259]",Triangulation,Disaster,total,29,2025-12-26,2025-12-26,2025-12-26,2025,37808,"Malaysia: Flood - Terengganu (Kuala Terengganu, Kuala Nerus) - 26/12/2025",,,2025-12-26,2025-12-26,Weather related,Hydrological,Flood,Flood,,National Disaster Management Agency (NADMA),,"Sungai Nerus, Terengganu, Malaysia","5.32246, 103.043259",Point,Origin,Displacement without preventive evacuations reported,2026-01-06T10:52:42.363561Z,"Malaysia: 29 displacements (in relief camp), 26 December - 26 December. Flood resulted in a total of 29 people being in relief camp in Sungai Nerus, Terengganu, Malaysia on 26 December, according to national/regional disaster authorities. National Disaster Management Agency (NADMA) - 26 December 2025",,Flood
219066,Malaysia,MYS,5.3297,103.138313,"[5.3297, 103.138313]",Recommended figure,Disaster,total,61,2025-12-26,2025-12-26,2025-12-26,2025,37808,"Malaysia: Flood - Terengganu (Kuala Terengganu, Kuala Nerus) - 26/12/2025",,,2025-12-26,2025-12-26,Weather related,Hydrological,Flood,Flood,,National Disaster Management Agency (NADMA),,"Kuala Terengganu, Terengganu, Malaysia","5.3297, 103.138313",County/City/town/Village/Woreda (ADM3),Origin,Displacement without preventive evacuations reported,2026-01-06T10:52:42.299793Z,"Malaysia: 61 displacements (in relief camp), 26 December - 26 December. According to national/regional disaster authorities, a total of 61 people were in relief camp in Kuala Terengganu, Terengganu, Malaysia due to flood on 26 December National Disaster Management Agency (NADMA) - 26 December 2025",,Flood
218996,Malaysia,MYS,3.44833,102.417572,"[3.44833, 102.417572]",Triangulation,Disaster,total,48,2025-12-19,2025-12-19,2025-12-19,2025,37651,Malaysia: Flood - Pahang (8 Districts) - 16/12/2025,,,2025-12-16,2025-12-17,Weather related,Hydrological,Flood,Flood,,National Disaster Management Agency (NADMA),,"Temerloh, Pahang, Malaysia","3.44833, 102.417572",County/City/town/Village/Woreda (ADM3),Origin,Displacement without preventive evacuations reported,2026-01-06T09:05:25.059297Z,"Malaysia: 48 displacements (in relief camp), 19 December - 19 December. A total of 48 people were in relief camp due to flood on 19 December in Temerloh, Pahang, Malaysia, according to national/regional disaster authorities. National Disaster Management Agency (NADMA) - 19 December 2025",,Flood
218999,Malaysia,MYS,5.42913,102.178299,"[5.42913, 102.178299]",Recommended figure,Disaster,total,77,2025-12-19,2025-12-19,2025-12-19,2025,37791,"Malaysia: Flood - Kelantan (Gua Musang, Kuala Krai) - 18/12/2025",,,2025-12-18,2025-12-18,Weather related,Hydrological,Flood,Flood,,National Disaster Management Agency (NADMA),,"Kuala Krai, Kelantan, Malaysia","5.42913, 102.178299",District/Zone/Department (ADM2),Origin,Displacement without preventive evacuations reported,2026-01-06T09:05:25.279370Z,"Malaysia: 77 displacements (in relief camp), 19 December - 19 December. According to national/regional disaster authorities, a total of 77 people were in relief camp in Kuala Krai, Kelantan, Malaysia due to flood on 19 December National Disaster Management Agency (NADMA) - 19 December 2025",,Flood
218998,Malaysia,MYS,4.18699,102.054428,"[4.18699, 102.054428]",Recommended figure,Disaster,total,5,2025-12-19,2025-12-19,2025-12-19,2025,37651,Malaysia: Flood - Pahang (8 Districts) - 16/12/2025,,,2025-12-16,2025-12-17,Weather related,Hydrological,Flood,Flood,,National Disaster Management Agency (NADMA),,"Kuala Lipis, Pahang, Malaysia","4.18699, 102.054428",County/City/town/Village/Woreda (ADM3),Origin,Displacement without preventive evacuations reported,2026-01-06T09:05:25.207691Z,"Malaysia: 5 displacements (in relief camp), 19 December - 19 December. A total of 5 people were in relief camp due to flood on 19 December in Kuala Lipis, Pahang, Malaysia, according to national/regional disaster authorities. National Disaster Management Agency (NADMA) - 19 December 2025",,Flood
218997,Malaysia,MYS,3.26429,102.447403,"[3.26429, 102.447403]",Triangulation,Disaster,total,13,2025-12-19,2025-12-19,2025-12-19,2025,37651,Malaysia: Flood - Pahang (8 Districts) - 16/12/2025,,,2025-12-16,2025-12-17,Weather related,Hydrological,Flood,Flood,,National Disaster Management Agency (NADMA),,"Bera Town, Pahang, Malaysia","3.26429, 102.447403",County/City/town/Village/Woreda (ADM3),Origin,Displacement without preventive evacuations reported,2026-01-06T09:05:25.139066Z,"Malaysia: 13 displacements (in relief camp), 19 December - 19 December. According to national/regional disaster authorities, a total of 13 people were in relief camp in Bera Town, Pahang, Malaysia due to flood on 19 December National Disaster Management Agency (NADMA) - 19 December 2025",,Flood
218963,Malaysia,MYS,5.00311,101.974648,"[5.00311, 101.974648]",Recommended figure,Disaster,total,148,2025-12-18,2025-12-18,2025-12-18,2025,37791,"Malaysia: Flood - Kelantan (Gua Musang, Kuala Krai) - 18/12/2025",,,2025-12-18,2025-12-18,Weather related,Hydrological,Flood,Flood,,National Disaster Management Agency (NADMA),,"Gua Musang, Kelantan, Malaysia","5.00311, 101.974648",District/Zone/Department (ADM2),Origin,Displacement without preventive evacuations reported,2026-01-05T16:48:21.775851Z,"Malaysia: 148 displacements (in relief camp), 18 December - 18 December. Flood resulted in a total of 148 people being in relief camp in Gua Musang, Kelantan, Malaysia on 18 December, according to national/regional disaster authorities. National Disaster Management Agency (NADMA) - 18 December 2025",,Flood
218962,Malaysia,MYS,3.93666,102.371964,"[3.93666, 102.371964]",Triangulation,Disaster,total,11,2025-12-18,2025-12-18,2025-12-18,2025,37651,Malaysia: Flood - Pahang (8 Districts) - 16/12/2025,,,2025-12-16,2025-12-17,Weather related,Hydrological,Flood,Flood,,National Disaster Management Agency (NADMA),,"Jerantut, Pahang, Malaysia","3.93666, 102.371964",County/City/town/Village/Woreda (ADM3),Origin,Displacement without preventive evacuations reported,2026-01-05T16:47:09.898704Z,"Malaysia: 11 displacements (in relief camp), 18 December - 18 December. According to national/regional disaster authorities, a total of 11 people were in relief camp in Jerantut, Pahang, Malaysia due to flood on 18 December National Disaster Management Agency (NADMA) - 18 December 2025",,Flood
218961,Malaysia,MYS,4.21825,103.176918,"[4.21825, 103.176918]",Recommended figure,Disaster,total,14,2025-12-18,2025-12-18,2025-12-18,2025,37790,Malaysia: Landslide - Terengganu (Kemaman) - 18/12/2025,,,2025-12-18,2025-12-18,Weather related,Hydrological,Mass Movement,Landslide/Wet mass movement,,National Disaster Management Agency (NADMA),,"Kemaman District, Terengganu, Malaysia","4.21825, 103.176918",District/Zone/Department (ADM2),Origin,Displacement without preventive evacuations reported,2026-01-05T16:47:09.826245Z,"Malaysia: 14 displacements (in relief camp), 18 December - 18 December. A total of 14 people were in relief camp due to landslide/wet mass movement on 18 December in Kemaman District, Terengganu, Malaysia, according to national/regional disaster authorities. National Disaster Management Agency (NADMA) - 18 December 2025",,Mass Movement
218222,Malaysia,MYS,2.80493,103.439194,"[2.80493, 103.439194]",Triangulation,Disaster,total,331,2025-12-17,2025-12-17,2025-12-17,2025,37651,Malaysia: Flood - Pahang (8 Districts) - 16/12/2025,,,2025-12-16,2025-12-17,Weather related,Hydrological,Flood,Flood,,National Disaster Management Agency (NADMA),,"Rompin, Pahang, Malaysia","2.80493, 103.439194",County/City/town/Village/Woreda (ADM3),Origin,Displacement without preventive evacuations reported,2025-12-17T14:58:58.809182Z,"Malaysia: 331 displacements (in relief camp), 17 December - 17 December. According to national/regional disaster authorities, a total of 331 people were in relief camp in Rompin, Pahang, Malaysia due to flood on 17 December National Disaster Management Agency (NADMA) - 17 December 2025",,Flood
218221,Malaysia,MYS,3.49007,103.3937,"[3.49007, 103.3937]",Triangulation,Disaster,total,384,2025-12-17,2025-12-17,2025-12-17,2025,37651,Malaysia: Flood - Pahang (8 Districts) - 16/12/2025,,,2025-12-16,2025-12-17,Weather related,Hydrological,Flood,Flood,,National Disaster Management Agency (NADMA),,"Pekan, Pahang, Malaysia","3.49007, 103.3937",County/City/town/Village/Woreda (ADM3),Origin,Displacement without preventive evacuations reported,2025-12-17T14:58:58.746045Z,"Malaysia: 384 displacements (in relief camp), 17 December - 17 December. According to national/regional disaster authorities, a total of 384 people were in relief camp in Pekan, Pahang, Malaysia due to flood on 17 December National Disaster Management Agency (NADMA) - 17 December 2025",,Flood
219391,Malaysia,MYS,2.43077,103.83532,"[2.43077, 103.83532]",Triangulation,Disaster,total,317,2025-12-17,2025-12-17,2025-12-17,2025,37654,Malaysia: Flood - Johor (Mersing) - 17/12/2025,,,2025-12-17,2025-12-17,Weather related,Hydrological,Flood,Flood,,National Disaster Management Agency (NADMA),,"Mersing, Johor, Malaysia","2.43077, 103.83532",County/City/town/Village/Woreda (ADM3),Origin,Displacement without preventive evacuations reported,2026-01-07T12:00:37.954214Z,"Malaysia: 317 displacements (in relief camp), 17 December - 17 December. Flood resulted in a total of 317 people being in relief camp in Mersing, Johor, Malaysia on 17 December, according to national/regional disaster authorities. National Disaster Management Agency (NADMA) - 17 December 2025",,Flood
218224,Malaysia,MYS,4.76968,103.416878,"[4.76968, 103.416878]",Triangulation,Disaster,total,107,2025-12-17,2025-12-17,2025-12-17,2025,37650,"Malaysia: Flood - Terengganu (Hulu Terengganu, Kemaman, Dungun) - 14/12/2025",,,2025-12-14,2025-12-17,Weather related,Hydrological,Flood,Flood,,National Disaster Management Agency (NADMA),,"Dungun, Terengganu, Malaysia","4.76968, 103.416878",County/City/town/Village/Woreda (ADM3),Origin,Displacement without preventive evacuations reported,2025-12-17T14:58:58.927629Z,"Malaysia: 107 displacements (in relief camp), 17 December - 17 December. According to national/regional disaster authorities, a total of 107 people were in relief camp in Dungun, Terengganu, Malaysia due to flood on 17 December National Disaster Management Agency (NADMA) - 17 December 2025",,Flood
218197,Malaysia,MYS,3.81967,103.329224,"[3.81967, 103.329224]",Triangulation,Disaster,total,920,2025-12-16,2025-12-16,2025-12-16,2025,37651,Malaysia: Flood - Pahang (8 Districts) - 16/12/2025,,,2025-12-16,2025-12-17,Weather related,Hydrological,Flood,Flood,,National Disaster Management Agency (NADMA),,"Kuantan, Pahang, Malaysia","3.81967, 103.329224",County/City/town/Village/Woreda (ADM3),Origin,Displacement without preventive evacuations reported,2025-12-16T16:55:45.698693Z,"Malaysia: 920 displacements (in relief camp), 16 December - 16 December. Flood resulted in a total of 920 people being in relief camp in Kuantan, Pahang, Malaysia on 16 December, according to national/regional disaster authorities. National Disaster Management Agency (NADMA) - 16 December 2025",,Flood
218198,Malaysia,MYS,3.58226,102.774742,"[3.58226, 102.774742]",Triangulation,Disaster,total,69,2025-12-16,2025-12-16,2025-12-16,2025,37651,Malaysia: Flood - Pahang (8 Districts) - 16/12/2025,,,2025-12-16,2025-12-17,Weather related,Hydrological,Flood,Flood,,National Disaster Management Agency (NADMA),,"Maran, Pahang, Malaysia","3.58226, 102.774742",County/City/town/Village/Woreda (ADM3),Origin,Displacement without preventive evacuations reported,2025-12-16T16:55:45.761641Z,"Malaysia: 69 displacements (in relief camp), 16 December - 16 December. According to national/regional disaster authorities, a total of 69 people were in relief camp in Maran, Pahang, Malaysia due to flood on 16 December National Disaster Management Agency (NADMA) - 16 December 2025",,Flood
218186,Malaysia,MYS,4.21825,103.176918,"[4.21825, 103.176918]",Triangulation,Disaster,total,95,2025-12-15,2025-12-15,2025-12-15,2025,37650,"Malaysia: Flood - Terengganu (Hulu Terengganu, Kemaman, Dungun) - 14/12/2025",,,2025-12-14,2025-12-17,Weather related,Hydrological,Flood,Flood,,National Disaster Management Agency (NADMA),,"Kemaman District, Terengganu, Malaysia","4.21825, 103.176918",District/Zone/Department (ADM2),Origin,Displacement without preventive evacuations reported,2025-12-16T16:45:21.101254Z,"Malaysia: 95 displacements (in relief camp), 15 December - 15 December. Flood resulted in a total of 95 people being in relief camp in Kemaman District, Terengganu, Malaysia on 15 December, according to national/regional disaster authorities. National Disaster Management Agency (NADMA) - 15 December 2025",,Flood
218187,Malaysia,MYS,5.00068,102.803589,"[5.00068, 102.803589]",Triangulation,Disaster,total,53,2025-12-14,2025-12-14,2025-12-14,2025,37650,"Malaysia: Flood - Terengganu (Hulu Terengganu, Kemaman, Dungun) - 14/12/2025",,,2025-12-14,2025-12-17,Weather related,Hydrological,Flood,Flood,,National Disaster Management Agency (NADMA),,"Hulu Terennganu, Terengganu, Malaysia","5.00068, 102.803589",District/Zone/Department (ADM2),Origin,Displacement without preventive evacuations reported,2025-12-16T16:45:45.391971Z,"Malaysia: 53 displacements (in relief camp), 14 December - 14 December. A total of 53 people were in relief camp due to flood on 14 December in Hulu Terennganu, Terengganu, Malaysia, according to national/regional disaster authorities. National Disaster Management Agency (NADMA) - 14 December 2025",,Flood
215612,Malaysia,MYS,4.00001,113.999878,"[4.00001, 113.999878]",Recommended figure,Disaster,total,4,2025-12-10,2025-12-10,2025-12-10,2025,37416,Malaysia: Landslide - Sarawak (Miri) - 10/12/2025,,,2025-12-10,2025-12-10,Weather related,Hydrological,Mass Movement,Landslide/Wet mass movement,,National Disaster Management Agency (NADMA),,"Miri Division, Sarawak, Malaysia","4.00001, 113.999878",District/Zone/Department (ADM2),Origin,Displacement without preventive evacuations reported,2025-12-10T13:37:09.538832Z,"Malaysia: 4 displacements (in relief camp), 10 December - 10 December. A total of 4 people were in relief camp due to landslide/wet mass movement on 10 December in Miri, Sarawak, Malaysia, according to national/regional disaster authorities. National Disaster Management Agency (NADMA) - 10 December 2025",,Mass Movement
215594,Malaysia,MYS,3.17998,113.499878,"[3.17998, 113.499878]",Recommended figure,Disaster,total,56,2025-12-09,2025-12-09,2025-12-09,2025,37414,"Malaysia: Flood - Sarawak (Miri, Bintulu) - 09/12/2025",,,2025-12-09,2025-12-09,Weather related,Hydrological,Flood,Flood,,National Disaster Management Agency (NADMA),,"Bintulu Division, Sarawak, Malaysia","3.17998, 113.499878",Point,Origin,Displacement without preventive evacuations reported,2025-12-10T12:43:29.009588Z,"Malaysia: 56 displacements (in relief camp), 09 December - 09 December. A total of 56 people were in relief camp due to flood on 9 December in Bintulu Division, Sarawak, Malaysia, according to national/regional disaster authorities. National Disaster Management Agency (NADMA) - 09 December 2025",,Flood
215593,Malaysia,MYS,4.00001,113.999878,"[4.00001, 113.999878]",Triangulation,Disaster,total,74,2025-12-09,2025-12-09,2025-12-09,2025,37414,"Malaysia: Flood - Sarawak (Miri, Bintulu) - 09/12/2025",,,2025-12-09,2025-12-09,Weather related,Hydrological,Flood,Flood,,National Disaster Management Agency (NADMA),,"Miri Division, Sarawak, Malaysia","4.00001, 113.999878",District/Zone/Department (ADM2),Origin,Displacement without preventive evacuations reported,2025-12-10T12:43:28.932388Z,"Malaysia: 74 displacements (in relief camp), 09 December - 09 December. Flood resulted in a total of 74 people being in relief camp in Miri, Sarawak, Malaysia on 9 December, according to national/regional disaster authorities. National Disaster Management Agency (NADMA) - 09 December 2025",,Flood
214894,Malaysia,MYS,3.23304,101.714569,"[3.23304, 101.714569]",Triangulation,Disaster,total,47,2025-12-04,2025-12-04,2025-12-04,2025,37203,Malaysia: Landslide - Selangor (Gombak) - 04/12/2025,,,2025-12-04,2025-12-04,Weather related,Hydrological,Mass Movement,Landslide/Wet mass movement,,National Disaster Management Agency (NADMA),,"Gombak, Selangor, Malaysia","3.23304, 101.714569",County/City/town/Village/Woreda (ADM3),Origin,Displacement without preventive evacuations reported,2025-12-05T09:22:08.677518Z,"Malaysia: 47 displacements (in relief camp), 04 December - 04 December. Landslide/wet mass movement resulted in a total of 47 people being in relief camp in Gombak, Selangor, Malaysia on 4 December, according to national/regional disaster authorities. National Disaster Management Agency (NADMA) - 04 December 2025",,Mass Movement
214591,Malaysia,MYS,3.26429,102.447403,"[3.26429, 102.447403]",Recommended figure,Disaster,total,126,2025-12-01,2025-12-01,2025-12-01,2025,37054,Malaysia: Flood - Pahang (7 Districts) - 25/11/2025,,,2025-11-25,2025-11-25,Weather related,Hydrological,Flood,Flood,,National Disaster Management Agency (NADMA),,"Bera Town, Pahang, Malaysia","3.26429, 102.447403",County/City/town/Village/Woreda (ADM3),Origin,Displacement without preventive evacuations reported,2025-12-02T11:00:44.687241Z,"Malaysia: 126 displacements (in relief camp), 01 December - 01 December. According to national/regional disaster authorities, a total of 126 people were in relief camp in Bera Town, Pahang, Malaysia due to flood on 1 December National Disaster Management Agency (NADMA) - 01 December 2025",,Flood
214588,Malaysia,MYS,3.44833,102.417572,"[3.44833, 102.417572]",Recommended figure,Disaster,total,180,2025-11-30,2025-11-30,2025-11-30,2025,37054,Malaysia: Flood - Pahang (7 Districts) - 25/11/2025,,,2025-11-25,2025-11-25,Weather related,Hydrological,Flood,Flood,,National Disaster Management Agency (NADMA),,"Temerloh, Pahang, Malaysia","3.44833, 102.417572",County/City/town/Village/Woreda (ADM3),Origin,Displacement without preventive evacuations reported,2025-12-02T10:57:01.009648Z,"Malaysia: 180 displacements (in relief camp), 30 November - 30 November. According to national/regional disaster authorities, a total of 180 people were in relief camp in Temerloh, Pahang, Malaysia due to flood on 30 November National Disaster Management Agency (NADMA) - 30 November 2025",,Flood
214589,Malaysia,MYS,5.00311,101.974648,"[5.00311, 101.974648]",Triangulation,Disaster,total,45,2025-11-29,2025-11-29,2025-11-29,2025,37127,Malaysia: Landslide - Kelantan (Gua Musang) - 29/11/2025,,,2025-11-29,2025-11-29,Weather related,Hydrological,Mass Movement,Landslide/Wet mass movement,,National Disaster Management Agency (NADMA),,"Gua Musang, Kelantan, Malaysia","5.00311, 101.974648",District/Zone/Department (ADM2),Origin,Displacement without preventive evacuations reported,2025-12-02T10:59:51.060202Z,"Malaysia: 45 displacements (in relief camp), 29 November - 29 November. According to national/regional disaster authorities, a total of 45 people were in relief camp in Gua Musang, Kelantan, Malaysia due to landslide/wet mass movement on 29 November National Disaster Management Agency (NADMA) - 29 November 2025",,Mass Movement
214590,Malaysia,MYS,4.47817,101.377602,"[4.47817, 101.377602]",Triangulation,Disaster,total,17,2025-11-29,2025-11-29,2025-11-29,2025,37134,Malaysia: Landslide - Pahang (Cameron Highlands) - 29/11/2025,,,2025-11-29,2025-11-29,Weather related,Hydrological,Mass Movement,Landslide/Wet mass movement,,National Disaster Management Agency (NADMA),,"Cameron Highlands, Pahang, Malaysia","4.47817, 101.377602",County/City/town/Village/Woreda (ADM3),Origin,Displacement without preventive evacuations reported,2025-12-02T10:59:51.138229Z,"Malaysia: 17 displacements (in relief camp), 29 November - 29 November. A total of 17 people were in relief camp due to landslide/wet mass movement on 29 November in Cameron Highlands, Pahang, Malaysia, according to national/regional disaster authorities. National Disaster Management Agency (NADMA) - 29 November 2025",,Mass Movement
214603,Malaysia,MYS,3.93666,102.371964,"[3.93666, 102.371964]",Triangulation,Disaster,total,14,2025-11-29,2025-11-29,2025-11-29,2025,37054,Malaysia: Flood - Pahang (7 Districts) - 25/11/2025,,,2025-11-25,2025-11-25,Weather related,Hydrological,Flood,Flood,,National Disaster Management Agency (NADMA),,"Jerantut, Pahang, Malaysia","3.93666, 102.371964",County/City/town/Village/Woreda (ADM3),Origin,Displacement without preventive evacuations reported,2025-12-02T12:49:11.248016Z,"Malaysia: 14 displacements (in relief camp), 29 November - 29 November. Flood resulted in a total of 14 people being in relief camp in Jerantut, Pahang, Malaysia on 29 November, according to national/regional disaster authorities. National Disaster Management Agency (NADMA) - 29 November 2025",,Flood
214583,Malaysia,MYS,2.80309,102.355461,"[2.80309, 102.355461]",Recommended figure,Disaster,total,8,2025-11-28,2025-11-28,2025-11-28,2025,37059,Malaysia: Flood - Negeri Sembilan (5 Districts) - 28/11/2025,,,2025-11-28,2025-11-28,Weather related,Hydrological,Flood,Flood,,National Disaster Management Agency (NADMA),,"Jempol District, Negeri Sembilan, Malaysia","2.80309, 102.355461",County/City/town/Village/Woreda (ADM3),Origin,Displacement without preventive evacuations reported,2025-12-02T10:52:23.137424Z,"Malaysia: 8 displacements (in relief camp), 28 November - 28 November. According to national/regional disaster authorities, a total of 8 people were in relief camp in Jempol District, Negeri Sembilan, Malaysia due to flood on 28 November National Disaster Management Agency (NADMA) - 28 November 2025",,Flood
214577,Malaysia,MYS,3.81967,103.329224,"[3.81967, 103.329224]",Recommended figure,Disaster,total,557,2025-11-28,2025-11-28,2025-11-28,2025,37054,Malaysia: Flood - Pahang (7 Districts) - 25/11/2025,,,2025-11-25,2025-11-25,Weather related,Hydrological,Flood,Flood,,National Disaster Management Agency (NADMA),,"Kuantan, Pahang, Malaysia","3.81967, 103.329224",County/City/town/Village/Woreda (ADM3),Origin,Displacement without preventive evacuations reported,2025-12-02T10:43:33.161820Z,"Malaysia: 557 displacements (in relief camp), 28 November - 28 November. According to national/regional disaster authorities, a total of 557 people were in relief camp in Kuantan, Pahang, Malaysia due to flood on 28 November National Disaster Management Agency (NADMA) - 28 November 2025",,Flood
214578,Malaysia,MYS,3.58226,102.774742,"[3.58226, 102.774742]",Recommended figure,Disaster,total,374,2025-11-28,2025-11-28,2025-11-28,2025,37054,Malaysia: Flood - Pahang (7 Districts) - 25/11/2025,,,2025-11-25,2025-11-25,Weather related,Hydrological,Flood,Flood,,National Disaster Management Agency (NADMA),,"Maran, Pahang, Malaysia","3.58226, 102.774742",County/City/town/Village/Woreda (ADM3),Origin,Displacement without preventive evacuations reported,2025-12-02T10:43:33.230297Z,"Malaysia: 374 displacements (in relief camp), 28 November - 28 November. A total of 374 people were in relief camp due to flood on 28 November in Maran, Pahang, Malaysia, according to national/regional disaster authorities. National Disaster Management Agency (NADMA) - 28 November 2025",,Flood
214579,Malaysia,MYS,2.52289,101.79451,"[2.52289, 101.79451]",Triangulation,Disaster,total,197,2025-11-28,2025-11-28,2025-11-28,2025,37059,Malaysia: Flood - Negeri Sembilan (5 Districts) - 28/11/2025,,,2025-11-28,2025-11-28,Weather related,Hydrological,Flood,Flood,,National Disaster Management Agency (NADMA),,"Port Dickson, Negeri Sembilan, Malaysia","2.52289, 101.79451",County/City/town/Village/Woreda (ADM3),Origin,Displacement without preventive evacuations reported,2025-12-02T10:52:22.754132Z,"Malaysia: 197 displacements (in relief camp), 28 November - 28 November. Flood resulted in a total of 197 people being in relief camp in Port Dickson, Negeri Sembilan, Malaysia on 28 November, according to national/regional disaster authorities. National Disaster Management Agency (NADMA) - 28 November 2025",,Flood
214580,Malaysia,MYS,2.7419,102.249939,"[2.7419, 102.249939]",Recommended figure,Disaster,total,67,2025-11-28,2025-11-28,2025-11-28,2025,37059,Malaysia: Flood - Negeri Sembilan (5 Districts) - 28/11/2025,,,2025-11-28,2025-11-28,Weather related,Hydrological,Flood,Flood,,National Disaster Management Agency (NADMA),,"Kuala Pilah, Negeri Sembilan, Malaysia","2.7419, 102.249939",County/City/town/Village/Woreda (ADM3),Origin,Displacement without preventive evacuations reported,2025-12-02T10:52:22.858442Z,"Malaysia: 67 displacements (in relief camp), 28 November - 28 November. Flood resulted in a total of 67 people being in relief camp in Kuala Pilah, Negeri Sembilan, Malaysia on 28 November, according to national/regional disaster authorities. National Disaster Management Agency (NADMA) - 28 November 2025",,Flood
214602,Malaysia,MYS,2.81936,101.526062,"[2.81936, 101.526062]",Triangulation,Disaster,total,32,2025-11-28,2025-11-28,2025-11-28,2025,37052,Malaysia: Flood - Selangor (8 Districts) - 24/11/2025,,,2025-11-24,2025-11-24,Weather related,Hydrological,Flood,Flood,,National Disaster Management Agency (NADMA),,"Teluk Datok, Selangor, Malaysia","2.81936, 101.526062",County/City/town/Village/Woreda (ADM3),Origin,Displacement without preventive evacuations reported,2025-12-02T12:45:12.657371Z,"Malaysia: 32 displacements (in relief camp), 28 November - 28 November. Flood resulted in a total of 32 people being in relief camp in Kuala Langat, Selangor, Malaysia on 28 November, according to national/regional disaster authorities. National Disaster Management Agency (NADMA) - 28 November 2025",,Flood
214581,Malaysia,MYS,2.59234,102.095322,"[2.59234, 102.095322]",Recommended figure,Disaster,total,35,2025-11-28,2025-11-28,2025-11-28,2025,37059,Malaysia: Flood - Negeri Sembilan (5 Districts) - 28/11/2025,,,2025-11-28,2025-11-28,Weather related,Hydrological,Flood,Flood,,National Disaster Management Agency (NADMA),,"Rembau, Negeri Sembilan, Malaysia","2.59234, 102.095322",Point,Origin,Displacement without preventive evacuations reported,2025-12-02T10:52:22.946761Z,"Malaysia: 35 displacements (in relief camp), 28 November - 28 November. According to national/regional disaster authorities, a total of 35 people were in relief camp in Rembau, Negeri Sembilan, Malaysia due to flood on 28 November National Disaster Management Agency (NADMA) - 28 November 2025",,Flood
214582,Malaysia,MYS,2.71898,101.940407,"[2.71898, 101.940407]",Recommended figure,Disaster,total,19,2025-11-28,2025-11-28,2025-11-28,2025,37059,Malaysia: Flood - Negeri Sembilan (5 Districts) - 28/11/2025,,,2025-11-28,2025-11-28,Weather related,Hydrological,Flood,Flood,,National Disaster Management Agency (NADMA),,"Seremban, Negeri Sembilan, Malaysia","2.71898, 101.940407",Point,Origin,Displacement without preventive evacuations reported,2025-12-02T10:52:23.042694Z,"Malaysia: 19 displacements (in relief camp), 28 November - 28 November. Flood resulted in a total of 19 people being in relief camp in Seremban, Negeri Sembilan, Malaysia on 28 November, according to national/regional disaster authorities. National Disaster Management Agency (NADMA) - 28 November 2025",,Flood
214584,Malaysia,MYS,2.38358,102.159409,"[2.38358, 102.159409]",Recommended figure,Disaster,total,146,2025-11-28,2025-11-28,2025-11-28,2025,37060,Malaysia: Flood - Melaka (Alor Gajah) - 28/11/2025,,,2025-11-28,2025-11-28,Weather related,Hydrological,Flood,Flood,,National Disaster Management Agency (NADMA),,"Alor Gajah, Malacca, Malaysia","2.38358, 102.159409",District/Zone/Department (ADM2),Origin,Displacement without preventive evacuations reported,2025-12-02T10:52:23.259029Z,"Malaysia: 146 displacements (in relief camp), 28 November - 28 November. A total of 146 people were in relief camp due to flood on 28 November in Alor Gajah, Malacca, Malaysia, according to national/regional disaster authorities. National Disaster Management Agency (NADMA) - 28 November 2025",,Flood
214576,Malaysia,MYS,4.21825,103.176918,"[4.21825, 103.176918]",Triangulation,Disaster,total,594,2025-11-27,2025-11-27,2025-11-27,2025,37046,Malaysia: Flood - Terengganu (8 Districts) - 22/11/2025,,,2025-11-22,2025-11-22,Weather related,Hydrological,Flood,Flood,,National Disaster Management Agency (NADMA),,"Kemaman District, Terengganu, Malaysia","4.21825, 103.176918",District/Zone/Department (ADM2),Origin,Displacement without preventive evacuations reported,2025-12-02T10:40:13.031940Z,"Malaysia: 594 displacements (in relief camp), 27 November - 27 November. A total of 594 people were in relief camp due to flood on 27 November in Kemaman District, Terengganu, Malaysia, according to national/regional disaster authorities. National Disaster Management Agency (NADMA) - 27 November 2025",,Flood
214567,Malaysia,MYS,6.09945,100.371971,"[6.09945, 100.371971]",Triangulation,Disaster,total,1562,2025-11-26,2025-11-26,2025-11-26,2025,37047,Malaysia: Flood - Kedah (4 Districts) - 23/11/2025,,,2025-11-23,2025-11-23,Weather related,Hydrological,Flood,Flood,,National Disaster Management Agency (NADMA),,"Kota Setar, Kedah, Malaysia","6.09945, 100.371971",District/Zone/Department (ADM2),Origin,Displacement without preventive evacuations reported,2025-12-02T10:28:11.535520Z,"Malaysia: 1,562 displacements (in relief camp), 26 November - 26 November. A total of 1562 people were in relief camp due to flood on 26 November in Kota Setar, Kedah, Malaysia, according to national/regional disaster authorities. National Disaster Management Agency (NADMA) - 26 November 2025",,Flood
214569,Malaysia,MYS,5.54451,102.745422,"[5.54451, 102.745422]",Triangulation,Disaster,total,936,2025-11-26,2025-11-26,2025-11-26,2025,37046,Malaysia: Flood - Terengganu (8 Districts) - 22/11/2025,,,2025-11-22,2025-11-22,Weather related,Hydrological,Flood,Flood,,National Disaster Management Agency (NADMA),,"Sungai Setiu, Terengganu, Malaysia","5.54451, 102.745422",Point,Origin,Displacement without preventive evacuations reported,2025-12-02T10:32:23.360854Z,"Malaysia: 936 displacements (in relief camp), 26 November - 26 November. A total of 936 people were in relief camp due to flood on 26 November in Setiu, Terengganu, Malaysia, according to national/regional disaster authorities. National Disaster Management Agency (NADMA) - 26 November 2025",,Flood
214571,Malaysia,MYS,5.3297,103.138313,"[5.3297, 103.138313]",Triangulation,Disaster,total,174,2025-11-26,2025-11-26,2025-11-26,2025,37046,Malaysia: Flood - Terengganu (8 Districts) - 22/11/2025,,,2025-11-22,2025-11-22,Weather related,Hydrological,Flood,Flood,,National Disaster Management Agency (NADMA),,"Kuala Terengganu, Terengganu, Malaysia","5.3297, 103.138313",County/City/town/Village/Woreda (ADM3),Origin,Displacement without preventive evacuations reported,2025-12-02T10:32:23.507669Z,"Malaysia: 174 displacements (in relief camp), 26 November - 26 November. According to national/regional disaster authorities, a total of 174 people were in relief camp in Kuala Terengganu, Terengganu, Malaysia due to flood on 26 November National Disaster Management Agency (NADMA) - 26 November 2025",,Flood
214572,Malaysia,MYS,5.00068,102.803589,"[5.00068, 102.803589]",Triangulation,Disaster,total,131,2025-11-26,2025-11-26,2025-11-26,2025,37046,Malaysia: Flood - Terengganu (8 Districts) - 22/11/2025,,,2025-11-22,2025-11-22,Weather related,Hydrological,Flood,Flood,,National Disaster Management Agency (NADMA),,"Hulu Terennganu, Terengganu, Malaysia","5.00068, 102.803589",District/Zone/Department (ADM2),Origin,Displacement without preventive evacuations reported,2025-12-02T10:32:23.579049Z,"Malaysia: 131 displacements (in relief camp), 26 November - 26 November. According to national/regional disaster authorities, a total of 131 people were in relief camp in Hulu Terengganu, Terengganu, Malaysia due to flood on 26 November National Disaster Management Agency (NADMA) - 26 November 2025",,Flood
214573,Malaysia,MYS,4.76968,103.416878,"[4.76968, 103.416878]",Triangulation,Disaster,total,79,2025-11-26,2025-11-26,2025-11-26,2025,37046,Malaysia: Flood - Terengganu (8 Districts) - 22/11/2025,,,2025-11-22,2025-11-22,Weather related,Hydrological,Flood,Flood,,National Disaster Management Agency (NADMA),,"Dungun, Terengganu, Malaysia","4.76968, 103.416878",County/City/town/Village/Woreda (ADM3),Origin,Displacement without preventive evacuations reported,2025-12-02T10:32:23.653302Z,"Malaysia: 79 displacements (in relief camp), 26 November - 26 November. According to national/regional disaster authorities, a total of 79 people were in relief camp in Dungun, Terengganu, Malaysia due to flood on 26 November National Disaster Management Agency (NADMA) - 26 November 2025",,Flood
214565,Malaysia,MYS,5.00311,101.974648,"[5.00311, 101.974648]",Recommended figure,Disaster,total,114,2025-11-26,2025-11-26,2025-11-26,2025,37045,Malaysia: Flood - Kelantan (9 Districts) - 22/11/2025,,,2025-11-22,2025-11-22,Weather related,Hydrological,Flood,Flood,,National Disaster Management Agency (NADMA),,"Gua Musang, Kelantan, Malaysia","5.00311, 101.974648",District/Zone/Department (ADM2),Origin,Displacement without preventive evacuations reported,2025-12-02T10:28:11.378696Z,"Malaysia: 114 displacements (in relief camp), 26 November - 26 November. According to national/regional disaster authorities, a total of 114 people were in relief camp in Gua Musang, Kelantan, Malaysia due to flood on 26 November National Disaster Management Agency (NADMA) - 26 November 2025",,Flood
214564,Malaysia,MYS,5.42913,102.178299,"[5.42913, 102.178299]",Triangulation,Disaster,total,331,2025-11-26,2025-11-26,2025-11-26,2025,37045,Malaysia: Flood - Kelantan (9 Districts) - 22/11/2025,,,2025-11-22,2025-11-22,Weather related,Hydrological,Flood,Flood,,National Disaster Management Agency (NADMA),,"Kuala Krai, Kelantan, Malaysia","5.42913, 102.178299",District/Zone/Department (ADM2),Origin,Displacement without preventive evacuations reported,2025-12-02T10:28:11.299738Z,"Malaysia: 331 displacements (in relief camp), 26 November - 26 November. A total of 331 people were in relief camp due to flood on 26 November in Kuala Krai, Kelantan, Malaysia, according to national/regional disaster authorities. National Disaster Management Agency (NADMA) - 26 November 2025",,Flood
214592,Malaysia,MYS,5.77109,102.231628,"[5.77109, 102.231628]",Recommended figure,Disaster,total,759,2025-11-26,2025-11-26,2025-11-26,2025,37045,Malaysia: Flood - Kelantan (9 Districts) - 22/11/2025,,,2025-11-22,2025-11-22,Weather related,Hydrological,Flood,Flood,,National Disaster Management Agency (NADMA),,"Machang, Kelantan, Malaysia","5.77109, 102.231628",District/Zone/Department (ADM2),Origin,Displacement without preventive evacuations reported,2025-12-02T12:18:53.074394Z,"Malaysia: 759 displacements (in relief camp), 26 November - 26 November. Flood resulted in a total of 759 people being in relief camp in Machang, Kelantan, Malaysia on 26 November, according to national/regional disaster authorities. National Disaster Management Agency (NADMA) - 26 November 2025",,Flood
214593,Malaysia,MYS,6.01955,102.067963,"[6.01955, 102.067963]",Triangulation,Disaster,total,61,2025-11-26,2025-11-26,2025-11-26,2025,37045,Malaysia: Flood - Kelantan (9 Districts) - 22/11/2025,,,2025-11-22,2025-11-22,Weather related,Hydrological,Flood,Flood,,National Disaster Management Agency (NADMA),,"Pasir Mas, Kelantan, Malaysia","6.01955, 102.067963",District/Zone/Department (ADM2),Origin,Displacement without preventive evacuations reported,2025-12-02T12:18:53.168598Z,"Malaysia: 61 displacements (in relief camp), 26 November - 26 November. A total of 61 people were in relief camp due to flood on 26 November in Pasir Mas, Kelantan, Malaysia, according to national/regional disaster authorities. National Disaster Management Agency (NADMA) - 26 November 2025",,Flood
214563,Malaysia,MYS,5.72294,102.039452,"[5.72294, 102.039452]",Recommended figure,Disaster,total,373,2025-11-26,2025-11-26,2025-11-26,2025,37045,Malaysia: Flood - Kelantan (9 Districts) - 22/11/2025,,,2025-11-22,2025-11-22,Weather related,Hydrological,Flood,Flood,,National Disaster Management Agency (NADMA),,"Tanah Merah, Kelantan, Malaysia","5.72294, 102.039452",District/Zone/Department (ADM2),Origin,Displacement without preventive evacuations reported,2025-12-02T10:28:11.223518Z,"Malaysia: 373 displacements (in relief camp), 26 November - 26 November. According to national/regional disaster authorities, a total of 373 people were in relief camp in Tanah Merah, Kelantan, Malaysia due to flood on 26 November National Disaster Management Agency (NADMA) - 26 November 2025",,Flood
214566,Malaysia,MYS,4.77624,100.931671,"[4.77624, 100.931671]",Recommended figure,Disaster,total,64,2025-11-26,2025-11-26,2025-11-26,2025,37050,Malaysia: Flood - Perak (8 Districts) - 24/11/2025,,,2025-11-24,2025-11-24,Weather related,Hydrological,Flood,Flood,,National Disaster Management Agency (NADMA),,"Kuala Kangsar, Perak, Malaysia","4.77624, 100.931671",Point,Origin,Displacement without preventive evacuations reported,2025-12-02T10:28:11.454961Z,"Malaysia: 64 displacements (in relief camp), 26 November - 26 November. Flood resulted in a total of 64 people being in relief camp in Kuala Kangsar, Perak, Malaysia on 26 November, according to national/regional disaster authorities. National Disaster Management Agency (NADMA) - 26 November 2025",,Flood
214568,Malaysia,MYS,6.16531,100.524307,"[6.16531, 100.524307]",Recommended figure,Disaster,total,145,2025-11-26,2025-11-26,2025-11-26,2025,37047,Malaysia: Flood - Kedah (4 Districts) - 23/11/2025,,,2025-11-23,2025-11-23,Weather related,Hydrological,Flood,Flood,,National Disaster Management Agency (NADMA),,"Pokok Sena, Kedah, Malaysia","6.16531, 100.524307",District/Zone/Department (ADM2),Origin,Displacement without preventive evacuations reported,2025-12-02T10:28:11.609404Z,"Malaysia: 145 displacements (in relief camp), 26 November - 26 November. Flood resulted in a total of 145 people being in relief camp in Pokok Sena, Kedah, Malaysia on 26 November, according to national/regional disaster authorities. National Disaster Management Agency (NADMA) - 26 November 2025",,Flood
214558,Malaysia,MYS,3.6962,101.519951,"[3.6962, 101.519951]",Recommended figure,Disaster,total,167,2025-11-25,2025-11-25,2025-11-25,2025,37050,Malaysia: Flood - Perak (8 Districts) - 24/11/2025,,,2025-11-24,2025-11-24,Weather related,Hydrological,Flood,Flood,,National Disaster Management Agency (NADMA),,"Tanjung Malim, Perak, Malaysia","3.6962, 101.519951",County/City/town/Village/Woreda (ADM3),Origin,Displacement without preventive evacuations reported,2025-12-02T10:23:45.096626Z,"Malaysia: 167 displacements (in relief camp), 25 November - 25 November. Flood resulted in a total of 167 people being in relief camp in Muallim, Perak, Malaysia on 25 November, according to national/regional disaster authorities. National Disaster Management Agency (NADMA) - 25 November 2025",,Flood
214559,Malaysia,MYS,4.19909,101.259918,"[4.19909, 101.259918]",Recommended figure,Disaster,total,3,2025-11-25,2025-11-25,2025-11-25,2025,37050,Malaysia: Flood - Perak (8 Districts) - 24/11/2025,,,2025-11-24,2025-11-24,Weather related,Hydrological,Flood,Flood,,National Disaster Management Agency (NADMA),,"Tapah, Perak, Malaysia","4.19909, 101.259918",County/City/town/Village/Woreda (ADM3),Origin,Displacement without preventive evacuations reported,2025-12-02T10:23:45.164693Z,"Malaysia: 3 displacements (in relief camp), 25 November - 25 November. According to national/regional disaster authorities, a total of 3 people were in relief camp in Batang Padang, Perak, Malaysia due to flood on 25 November National Disaster Management Agency (NADMA) - 25 November 2025",,Flood
214560,Malaysia,MYS,2.69238,101.75016,"[2.69238, 101.75016]",Recommended figure,Disaster,total,19,2025-11-25,2025-11-25,2025-11-25,2025,37052,Malaysia: Flood - Selangor (8 Districts) - 24/11/2025,,,2025-11-24,2025-11-24,Weather related,Hydrological,Flood,Flood,,National Disaster Management Agency (NADMA),,"Sepang, Selangor, Malaysia","2.69238, 101.75016",County/City/town/Village/Woreda (ADM3),Origin,Displacement without preventive evacuations reported,2025-12-02T10:23:45.227271Z,"Malaysia: 19 displacements (in relief camp), 25 November - 25 November. According to national/regional disaster authorities, a total of 19 people were in relief camp in Sepang, Selangor, Malaysia due to flood on 25 November National Disaster Management Agency (NADMA) - 25 November 2025",,Flood
214561,Malaysia,MYS,3.52361,101.641479,"[3.52361, 101.641479]",Recommended figure,Disaster,total,16,2025-11-25,2025-11-25,2025-11-25,2025,37052,Malaysia: Flood - Selangor (8 Districts) - 24/11/2025,,,2025-11-24,2025-11-24,Weather related,Hydrological,Flood,Flood,,National Disaster Management Agency (NADMA),,"Hulu Selangor, Selangor, Malaysia","3.52361, 101.641479",County/City/town/Village/Woreda (ADM3),Origin,Displacement without preventive evacuations reported,2025-12-02T10:23:45.287007Z,"Malaysia: 16 displacements (in relief camp), 25 November - 25 November. A total of 16 people were in relief camp due to flood on 25 November in Hulu Selangor, Selangor, Malaysia, according to national/regional disaster authorities. National Disaster Management Agency (NADMA) - 25 November 2025",,Flood
214562,Malaysia,MYS,5.20655,103.204277,"[5.20655, 103.204277]",Triangulation,Disaster,total,24,2025-11-25,2025-11-25,2025-11-25,2025,37046,Malaysia: Flood - Terengganu (8 Districts) - 22/11/2025,,,2025-11-22,2025-11-22,Weather related,Hydrological,Flood,Flood,,National Disaster Management Agency (NADMA),,"Marang, Terengganu, Malaysia","5.20655, 103.204277",County/City/town/Village/Woreda (ADM3),Origin,Displacement without preventive evacuations reported,2025-12-02T10:23:45.347655Z,"Malaysia: 24 displacements (in relief camp), 25 November - 25 November. A total of 24 people were in relief camp due to flood on 25 November in Marang, Terengganu, Malaysia, according to national/regional disaster authorities. National Disaster Management Agency (NADMA) - 25 November 2025",,Flood
214586,Malaysia,MYS,3.79126,101.853493,"[3.79126, 101.853493]",Recommended figure,Disaster,total,23,2025-11-25,2025-11-25,2025-11-25,2025,37054,Malaysia: Flood - Pahang (7 Districts) - 25/11/2025,,,2025-11-25,2025-11-25,Weather related,Hydrological,Flood,Flood,,National Disaster Management Agency (NADMA),,"Raub, Pahang, Malaysia","3.79126, 101.853493",County/City/town/Village/Woreda (ADM3),Origin,Displacement without preventive evacuations reported,2025-12-02T10:55:16.199517Z,"Malaysia: 23 displacements (in relief camp), 25 November - 25 November. A total of 23 people were in relief camp due to flood on 25 November in Raub, Pahang, Malaysia, according to national/regional disaster authorities. National Disaster Management Agency (NADMA) - 25 November 2025",,Flood
214587,Malaysia,MYS,4.18699,102.054428,"[4.18699, 102.054428]",Triangulation,Disaster,total,19,2025-11-25,2025-11-25,2025-11-25,2025,37054,Malaysia: Flood - Pahang (7 Districts) - 25/11/2025,,,2025-11-25,2025-11-25,Weather related,Hydrological,Flood,Flood,,National Disaster Management Agency (NADMA),,"Kuala Lipis, Pahang, Malaysia","4.18699, 102.054428",County/City/town/Village/Woreda (ADM3),Origin,Displacement without preventive evacuations reported,2025-12-02T10:55:16.541696Z,"Malaysia: 19 displacements (in relief camp), 25 November - 25 November. Flood resulted in a total of 19 people being in relief camp in Kuala Lipis, Pahang, Malaysia on 25 November, according to national/regional disaster authorities. National Disaster Management Agency (NADMA) - 25 November 2025",,Flood
214598,Malaysia,MYS,3.989,100.788406,"[3.989, 100.788406]",Triangulation,Disaster,total,391,2025-11-25,2025-11-25,2025-11-25,2025,37050,Malaysia: Flood - Perak (8 Districts) - 24/11/2025,,,2025-11-24,2025-11-24,Weather related,Hydrological,Flood,Flood,,National Disaster Management Agency (NADMA),,"Bagan Datuk, Perak, Malaysia","3.989, 100.788406",County/City/town/Village/Woreda (ADM3),Origin,Displacement without preventive evacuations reported,2025-12-02T12:40:16.899261Z,"Malaysia: 391 displacements (in relief camp), 25 November - 25 November. Flood resulted in a total of 391 people being in relief camp in Bagan Datuk, Perak, Malaysia on 25 November, according to national/regional disaster authorities. National Disaster Management Agency (NADMA) - 25 November 2025",,Flood
214553,Malaysia,MYS,5.36486,100.450607,"[5.36486, 100.450607]",Recommended figure,Disaster,total,50,2025-11-24,2025-11-24,2025-11-24,2025,37049,"Malaysia: Flood - Pulau Pinang (Seberang Perai Tengah, Seberang Perai Utara) - 23/11/2025",,,2025-11-23,2025-11-23,Weather related,Hydrological,Flood,Flood,,National Disaster Management Agency (NADMA),,"Central Seberang Perai District, Province Wellesley, Penang, Malaysia","5.36486, 100.450607",District/Zone/Department (ADM2),Origin,Displacement without preventive evacuations reported,2025-12-02T10:12:52.918829Z,"Malaysia: 50 displacements (in relief camp), 24 November - 24 November. Flood resulted in a total of 50 people being in relief camp in Central Seberang Perai District, Penang, Malaysia on 24 November, according to national/regional disaster authorities. National Disaster Management Agency (NADMA) - 24 November 2025",,Flood
214551,Malaysia,MYS,6.3644,100.392647,"[6.3644, 100.392647]",Triangulation,Disaster,total,761,2025-11-24,2025-11-24,2025-11-24,2025,37047,Malaysia: Flood - Kedah (4 Districts) - 23/11/2025,,,2025-11-23,2025-11-23,Weather related,Hydrological,Flood,Flood,,National Disaster Management Agency (NADMA),,"Kubang Pasu, Kedah, Malaysia","6.3644, 100.392647",District/Zone/Department (ADM2),Origin,Displacement without preventive evacuations reported,2025-12-02T10:12:52.765113Z,"Malaysia: 761 displacements (in relief camp), 24 November - 24 November. A total of 761 people were in relief camp due to flood on 24 November in Kubang Pasu, Kedah, Malaysia, according to national/regional disaster authorities. National Disaster Management Agency (NADMA) - 24 November 2025",,Flood
214550,Malaysia,MYS,3.67744,100.986366,"[3.67744, 100.986366]",Triangulation,Disaster,total,75,2025-11-24,2025-11-24,2025-11-24,2025,37052,Malaysia: Flood - Selangor (8 Districts) - 24/11/2025,,,2025-11-24,2025-11-24,Weather related,Hydrological,Flood,Flood,,National Disaster Management Agency (NADMA),,"Sungai Besar, Selangor, Malaysia","3.67744, 100.986366",County/City/town/Village/Woreda (ADM3),Origin,Displacement without preventive evacuations reported,2025-12-02T10:12:52.698464Z,"Malaysia: 75 displacements (in relief camp), 24 November - 24 November. A total of 75 people were in relief camp due to flood on 24 November in Sabak Bernam, Selangor, Malaysia, according to national/regional disaster authorities. National Disaster Management Agency (NADMA) - 24 November 2025",,Flood
214549,Malaysia,MYS,2.9603,101.758759,"[2.9603, 101.758759]",Triangulation,Disaster,total,107,2025-11-24,2025-11-24,2025-11-24,2025,37052,Malaysia: Flood - Selangor (8 Districts) - 24/11/2025,,,2025-11-24,2025-11-24,Weather related,Hydrological,Flood,Flood,,National Disaster Management Agency (NADMA),,"Bandar Baru Bangi, Selangor, Malaysia","2.9603, 101.758759",County/City/town/Village/Woreda (ADM3),Origin,Displacement without preventive evacuations reported,2025-12-02T10:12:52.630542Z,"Malaysia: 107 displacements (in relief camp), 24 November - 24 November. A total of 107 people were in relief camp due to flood on 24 November in Hulu Langat, Selangor, Malaysia, according to national/regional disaster authorities. National Disaster Management Agency (NADMA) - 24 November 2025",,Flood
214543,Malaysia,MYS,4.36125,100.950867,"[4.36125, 100.950867]",Triangulation,Disaster,total,683,2025-11-24,2025-11-24,2025-11-24,2025,37050,Malaysia: Flood - Perak (8 Districts) - 24/11/2025,,,2025-11-24,2025-11-24,Weather related,Hydrological,Flood,Flood,,National Disaster Management Agency (NADMA),,"Seri Iskandar, Perak, Malaysia","4.36125, 100.950867",County/City/town/Village/Woreda (ADM3),Origin,Displacement without preventive evacuations reported,2025-12-02T10:12:52.195212Z,"Malaysia: 683 displacements (in relief camp), 24 November - 24 November. According to national/regional disaster authorities, a total of 683 people were in relief camp in Perak Tengah, Perak, Malaysia due to flood on 24 November National Disaster Management Agency (NADMA) - 24 November 2025",,Flood
214542,Malaysia,MYS,4.33476,100.63427,"[4.33476, 100.63427]",Triangulation,Disaster,total,1023,2025-11-24,2025-11-24,2025-11-24,2025,37050,Malaysia: Flood - Perak (8 Districts) - 24/11/2025,,,2025-11-24,2025-11-24,Weather related,Hydrological,Flood,Flood,,National Disaster Management Agency (NADMA),,"Manjung, Perak, Malaysia","4.33476, 100.63427",County/City/town/Village/Woreda (ADM3),Origin,Displacement without preventive evacuations reported,2025-12-02T10:12:52.121291Z,"Malaysia: 1,023 displacements (in relief camp), 24 November - 24 November. Flood resulted in a total of 1023 people being in relief camp in Manjung, Perak, Malaysia on 24 November, according to national/regional disaster authorities. National Disaster Management Agency (NADMA) - 24 November 2025",,Flood
214548,Malaysia,MYS,3.04312,101.449608,"[3.04312, 101.449608]",Triangulation,Disaster,total,227,2025-11-24,2025-11-24,2025-11-24,2025,37052,Malaysia: Flood - Selangor (8 Districts) - 24/11/2025,,,2025-11-24,2025-11-24,Weather related,Hydrological,Flood,Flood,,National Disaster Management Agency (NADMA),,"Klang, Selangor, Malaysia","3.04312, 101.449608",Point,Origin,Displacement without preventive evacuations reported,2025-12-02T10:12:52.557032Z,"Malaysia: 227 displacements (in relief camp), 24 November - 24 November. According to national/regional disaster authorities, a total of 227 people were in relief camp in Klang, Selangor, Malaysia due to flood on 24 November National Disaster Management Agency (NADMA) - 24 November 2025",,Flood
214547,Malaysia,MYS,3.10559,101.6427,"[3.10559, 101.6427]",Triangulation,Disaster,total,259,2025-11-24,2025-11-24,2025-11-24,2025,37052,Malaysia: Flood - Selangor (8 Districts) - 24/11/2025,,,2025-11-24,2025-11-24,Weather related,Hydrological,Flood,Flood,,National Disaster Management Agency (NADMA),,"Petaling Jaya, Selangor, Malaysia","3.10559, 101.6427",County/City/town/Village/Woreda (ADM3),Origin,Displacement without preventive evacuations reported,2025-12-02T10:12:52.463837Z,"Malaysia: 259 displacements (in relief camp), 24 November - 24 November. According to national/regional disaster authorities, a total of 259 people were in relief camp in Petaling, Selangor, Malaysia due to flood on 24 November National Disaster Management Agency (NADMA) - 24 November 2025",,Flood
214546,Malaysia,MYS,3.34069,101.249573,"[3.34069, 101.249573]",Triangulation,Disaster,total,500,2025-11-24,2025-11-24,2025-11-24,2025,37052,Malaysia: Flood - Selangor (8 Districts) - 24/11/2025,,,2025-11-24,2025-11-24,Weather related,Hydrological,Flood,Flood,,National Disaster Management Agency (NADMA),,"Kuala Selangor, Selangor, Malaysia","3.34069, 101.249573",County/City/town/Village/Woreda (ADM3),Origin,Displacement without preventive evacuations reported,2025-12-02T10:12:52.401686Z,"Malaysia: 500 displacements (in relief camp), 24 November - 24 November. Flood resulted in a total of 500 people being in relief camp in Kuala Selangor, Selangor, Malaysia on 24 November, according to national/regional disaster authorities. National Disaster Management Agency (NADMA) - 24 November 2025",,Flood
214545,Malaysia,MYS,4.84782,100.737091,"[4.84782, 100.737091]",Triangulation,Disaster,total,38,2025-11-24,2025-11-24,2025-11-24,2025,37050,Malaysia: Flood - Perak (8 Districts) - 24/11/2025,,,2025-11-24,2025-11-24,Weather related,Hydrological,Flood,Flood,,National Disaster Management Agency (NADMA),,"Larut , Matang dan Selama, Perak, Malaysia","4.84782, 100.737091",County/City/town/Village/Woreda (ADM3),Origin,Displacement without preventive evacuations reported,2025-12-02T10:12:52.334013Z,"Malaysia: 38 displacements (in relief camp), 24 November - 24 November. A total of 38 people were in relief camp due to flood on 24 November in Larut, Matang dan Selama, Perak, Malaysia, according to national/regional disaster authorities. National Disaster Management Agency (NADMA) - 24 November 2025",,Flood
214544,Malaysia,MYS,4.02318,101.026176,"[4.02318, 101.026176]",Triangulation,Disaster,total,132,2025-11-24,2025-11-24,2025-11-24,2025,37050,Malaysia: Flood - Perak (8 Districts) - 24/11/2025,,,2025-11-24,2025-11-24,Weather related,Hydrological,Flood,Flood,,National Disaster Management Agency (NADMA),,"Teluk Intan, Perak, Malaysia","4.02318, 101.026176",County/City/town/Village/Woreda (ADM3),Origin,Displacement without preventive evacuations reported,2025-12-02T10:12:52.262333Z,"Malaysia: 132 displacements (in relief camp), 24 November - 24 November. According to national/regional disaster authorities, a total of 132 people were in relief camp in Hilir Perak, Perak, Malaysia due to flood on 24 November National Disaster Management Agency (NADMA) - 24 November 2025",,Flood
214534,Malaysia,MYS,6.40329,100.134552,"[6.40329, 100.134552]",Triangulation,Disaster,total,307,2025-11-23,2025-11-23,2025-11-23,2025,37048,Malaysia: Flood - Perlis (Perlis) - 23/11/2025,,,2025-11-23,2025-11-23,Weather related,Hydrological,Flood,Flood,,National Disaster Management Agency (NADMA),,"Kuala Perlis, Perlis, Malaysia","6.40329, 100.134552",County/City/town/Village/Woreda (ADM3),Origin,Displacement without preventive evacuations reported,2025-12-02T09:34:28.729390Z,"Malaysia: 307 displacements (in relief camp), 23 November - 23 November. A total of 307 people were in relief camp due to flood on 23 November in Perlis, Malaysia, according to national/regional disaster authorities. National Disaster Management Agency (NADMA) - 23 November 2025",,Flood
214533,Malaysia,MYS,5.61024,102.506371,"[5.61024, 102.506371]",Recommended figure,Disaster,total,361,2025-11-23,2025-11-23,2025-11-23,2025,37046,Malaysia: Flood - Terengganu (8 Districts) - 22/11/2025,,,2025-11-22,2025-11-22,Weather related,Hydrological,Flood,Flood,,National Disaster Management Agency (NADMA),,"Besut, Terengganu, Malaysia","5.61024, 102.506371",District/Zone/Department (ADM2),Origin,Displacement without preventive evacuations reported,2025-12-02T09:34:28.671126Z,"Malaysia: 361 displacements (in relief camp), 23 November - 23 November. According to national/regional disaster authorities, a total of 361 people were in relief camp in Besut, Terengganu, Malaysia due to flood on 23 November National Disaster Management Agency (NADMA) - 23 November 2025",,Flood
214532,Malaysia,MYS,5.40288,100.640083,"[5.40288, 100.640083]",Recommended figure,Disaster,total,404,2025-11-23,2025-11-23,2025-11-23,2025,37047,Malaysia: Flood - Kedah (4 Districts) - 23/11/2025,,,2025-11-23,2025-11-23,Weather related,Hydrological,Flood,Flood,,National Disaster Management Agency (NADMA),,"Kulim, Kedah, Malaysia","5.40288, 100.640083",District/Zone/Department (ADM2),Origin,Displacement without preventive evacuations reported,2025-12-02T09:34:28.620615Z,"Malaysia: 404 displacements (in relief camp), 23 November - 23 November. According to national/regional disaster authorities, a total of 404 people were in relief camp in Kulim, Kedah, Malaysia due to flood on 23 November National Disaster Management Agency (NADMA) - 23 November 2025",,Flood
214535,Malaysia,MYS,5.48605,100.45285,"[5.48605, 100.45285]",Triangulation,Disaster,total,128,2025-11-23,2025-11-23,2025-11-23,2025,37049,"Malaysia: Flood - Pulau Pinang (Seberang Perai Tengah, Seberang Perai Utara) - 23/11/2025",,,2025-11-23,2025-11-23,Weather related,Hydrological,Flood,Flood,,National Disaster Management Agency (NADMA),,"North Seberang Perai District, Province Wellesley, Penang, Malaysia","5.48605, 100.45285",District/Zone/Department (ADM2),Origin,Displacement without preventive evacuations reported,2025-12-02T09:34:28.785796Z,"Malaysia: 128 displacements (in relief camp), 23 November - 23 November. A total of 128 people were in relief camp due to flood on 23 November in North Seberang Perai District, Province Wellesley, Penang, Malaysia, according to national/regional disaster authorities. National Disaster Management Agency (NADMA) - 23 November 2025",,Flood
214531,Malaysia,MYS,5.84139,102.404121,"[5.84139, 102.404121]",Triangulation,Disaster,total,117,2025-11-23,2025-11-23,2025-11-23,2025,37045,Malaysia: Flood - Kelantan (9 Districts) - 22/11/2025,,,2025-11-22,2025-11-22,Weather related,Hydrological,Flood,Flood,,National Disaster Management Agency (NADMA),,"Pasir Puteh, Kelantan, Malaysia","5.84139, 102.404121",District/Zone/Department (ADM2),Origin,Displacement without preventive evacuations reported,2025-12-02T09:34:28.554328Z,"Malaysia: 117 displacements (in relief camp), 23 November - 23 November. A total of 117 people were in relief camp due to flood on 23 November in Pasir Puteh, Kelantan, Malaysia, according to national/regional disaster authorities. National Disaster Management Agency (NADMA) - 23 November 2025",,Flood
214528,Malaysia,MYS,5.32246,103.043259,"[5.32246, 103.043259]",Recommended figure,Disaster,total,264,2025-11-22,2025-11-22,2025-11-22,2025,37046,Malaysia: Flood - Terengganu (8 Districts) - 22/11/2025,,,2025-11-22,2025-11-22,Weather related,Hydrological,Flood,Flood,,National Disaster Management Agency (NADMA),,"Sungai Nerus, Terengganu, Malaysia","5.32246, 103.043259",Point,Origin,Displacement without preventive evacuations reported,2025-12-02T09:28:17.146966Z,"Malaysia: 264 displacements (in relief camp), 22 November - 22 November. Flood resulted in a total of 264 people being in relief camp in Kuala Nerus, Terengganu, Malaysia on 22 November, according to national/regional disaster authorities. National Disaster Management Agency (NADMA) - 22 November 2025",,Flood
214527,Malaysia,MYS,6.05421,102.27404,"[6.05421, 102.27404]",Triangulation,Disaster,total,65,2025-11-22,2025-11-22,2025-11-22,2025,37045,Malaysia: Flood - Kelantan (9 Districts) - 22/11/2025,,,2025-11-22,2025-11-22,Weather related,Hydrological,Flood,Flood,,National Disaster Management Agency (NADMA),,"Kota Bharu, Kelantan, Malaysia","6.05421, 102.27404",District/Zone/Department (ADM2),Origin,Displacement without preventive evacuations reported,2025-12-02T09:28:17.087356Z,"Malaysia: 65 displacements (in relief camp), 22 November - 22 November. Flood resulted in a total of 65 people being in relief camp in Kota Bharu, Kelantan, Malaysia on 22 November, according to national/regional disaster authorities. National Disaster Management Agency (NADMA) - 22 November 2025",,Flood
214526,Malaysia,MYS,6.16795,102.165199,"[6.16795, 102.165199]",Triangulation,Disaster,total,198,2025-11-22,2025-11-22,2025-11-22,2025,37045,Malaysia: Flood - Kelantan (9 Districts) - 22/11/2025,,,2025-11-22,2025-11-22,Weather related,Hydrological,Flood,Flood,,National Disaster Management Agency (NADMA),,"Tumpat, Kelantan, Malaysia","6.16795, 102.165199",District/Zone/Department (ADM2),Origin,Displacement without preventive evacuations reported,2025-12-02T09:28:17.025538Z,"Malaysia: 198 displacements (in relief camp), 22 November - 22 November. A total of 198 people were in relief camp due to flood on 22 November in Tumpat, Kelantan, Malaysia, according to national/regional disaster authorities. National Disaster Management Agency (NADMA) - 22 November 2025",,Flood
214525,Malaysia,MYS,6.02646,102.372108,"[6.02646, 102.372108]",Triangulation,Disaster,total,328,2025-11-22,2025-11-22,2025-11-22,2025,37045,Malaysia: Flood - Kelantan (9 Districts) - 22/11/2025,,,2025-11-22,2025-11-22,Weather related,Hydrological,Flood,Flood,,National Disaster Management Agency (NADMA),,"Bachok, Kelantan, Malaysia","6.02646, 102.372108",District/Zone/Department (ADM2),Origin,Displacement without preventive evacuations reported,2025-12-02T09:28:16.961218Z,"Malaysia: 328 displacements (in relief camp), 22 November - 22 November. According to national/regional disaster authorities, a total of 328 people were in relief camp in Bachok, Kelantan, Malaysia due to flood on 22 November National Disaster Management Agency (NADMA) - 22 November 2025",,Flood
208183,Malaysia,MYS,4.21825,103.176918,"[4.21825, 103.176918]",Recommended figure,Disaster,total,39,2025-11-19,2025-11-19,2025-11-19,2025,36997,Malaysia: Storm - Terengganu (Kemaman) - 19/11/2025,,,2025-11-19,2025-11-19,Weather related,Meteorological,Storm,Storm,,National Disaster Management Agency (NADMA),,"Kemaman District, Terengganu, Malaysia","4.21825, 103.176918",District/Zone/Department (ADM2),Origin,Displacement without preventive evacuations reported,2025-11-19T14:56:38.267089Z,"Malaysia: 39 displacements (in relief camp), 19 November - 19 November. A total of 39 people were in relief camp due to storm on 19 November in Kemaman District, Terengganu, Malaysia, according to national/regional disaster authorities. National Disaster Management Agency (NADMA) - 19 November 2025",,Storm
207217,Malaysia,MYS,3.81967,103.329224,"[3.81967, 103.329224]",Recommended figure,Disaster,total,47,2025-11-08,2025-11-08,2025-11-08,2025,36890,Malaysia: Storm - Pahang (Kuantan) - 08/11/2025,,,2025-11-08,2025-11-08,Weather related,Meteorological,Storm,Storm,,National Disaster Management Agency (NADMA),,"Kuantan, Pahang, Malaysia","3.81967, 103.329224",County/City/town/Village/Woreda (ADM3),Origin,Displacement without preventive evacuations reported,2025-11-10T09:18:49.613156Z,"Malaysia: 47 displacements (in relief camp), 08 November - 08 November. Storm resulted in a total of 47 people being in relief camp in Kuantan, Pahang, Malaysia on 8 November, according to national/regional disaster authorities. National Disaster Management Agency (NADMA) - 08 November 2025",,Storm
206851,Malaysia,MYS,3.67744,100.986366,"[3.67744, 100.986366]",Recommended figure,Disaster,total,8,2025-11-07,2025-11-07,2025-11-07,2025,36886,"Malaysia: Flood - Selangor (Kuala Selangor, Sabak Bernam) - 07/11/2025",,,2025-11-07,2025-11-07,Weather related,Hydrological,Flood,Flood,,National Disaster Management Agency (NADMA),,"Sungai Besar, Selangor, Malaysia","3.67744, 100.986366",County/City/town/Village/Woreda (ADM3),Origin,Displacement without preventive evacuations reported,2025-11-07T12:16:13.080992Z,"Malaysia: 8 displacements (in relief camp), 07 November - 07 November. According to national/regional disaster authorities, a total of 8 people were in relief camp in Sabak Bernam, Selangor, Malaysia due to flood on 7 November National Disaster Management Agency (NADMA) - 07 November 2025",,Flood
206852,Malaysia,MYS,5.701,100.501518,"[5.701, 100.501518]",Recommended figure,Disaster,total,15,2025-11-07,2025-11-07,2025-11-07,2025,36887,Malaysia: Flood - Kedah (Kuala Muda) - 07/11/2025,,,2025-11-07,2025-11-07,Weather related,Hydrological,Flood,Flood,,National Disaster Management Agency (NADMA),,"Kuala Muda, Kedah, Malaysia","5.701, 100.501518",District/Zone/Department (ADM2),Origin,Displacement without preventive evacuations reported,2025-11-07T12:16:13.172496Z,"Malaysia: 15 displacements (in relief camp), 07 November - 07 November. According to national/regional disaster authorities, a total of 15 people were in relief camp in Kuala Muda, Kedah, Malaysia due to flood on 7 November National Disaster Management Agency (NADMA) - 07 November 2025",,Flood
206850,Malaysia,MYS,3.34069,101.249573,"[3.34069, 101.249573]",Recommended figure,Disaster,total,19,2025-11-07,2025-11-07,2025-11-07,2025,36886,"Malaysia: Flood - Selangor (Kuala Selangor, Sabak Bernam) - 07/11/2025",,,2025-11-07,2025-11-07,Weather related,Hydrological,Flood,Flood,,National Disaster Management Agency (NADMA),,"Kuala Selangor, Selangor, Malaysia","3.34069, 101.249573",County/City/town/Village/Woreda (ADM3),Origin,Displacement without preventive evacuations reported,2025-11-07T12:16:13.015827Z,"Malaysia: 19 displacements (in relief camp), 07 November - 07 November. According to national/regional disaster authorities, a total of 19 people were in relief camp in Kuala Selangor, Selangor, Malaysia due to flood on 7 November National Disaster Management Agency (NADMA) - 07 November 2025",,Flood
200191,Malaysia,MYS,6.09945,100.371971,"[6.09945, 100.371971]",Recommended figure,Disaster,total,228,2025-10-27,2025-10-27,2025-10-27,2025,33657,Malaysia: Flood - Kedah (8 Districts) - 23/10/2025,,,2025-10-23,2025-10-26,Weather related,Hydrological,Flood,Flood,,National Disaster Management Agency (NADMA),,"Kota Setar, Kedah, Malaysia","6.09945, 100.371971",District/Zone/Department (ADM2),Origin,Displacement without preventive evacuations reported,2025-10-30T09:59:00.933416Z,"Malaysia: 228 displacements (in relief camp), 27 October - 27 October. A total of 228 people were in relief camp due to flood on 27 October in Kota Setar, Kedah, Malaysia, according to national/regional disaster authorities. National Disaster Management Agency (NADMA) - 27 October 2025",,Flood
195982,Malaysia,MYS,5.98001,100.548378,"[5.98001, 100.548378]",Triangulation,Disaster,total,279,2025-10-26,2025-10-26,2025-10-26,2025,33657,Malaysia: Flood - Kedah (8 Districts) - 23/10/2025,,,2025-10-23,2025-10-26,Weather related,Hydrological,Flood,Flood,,National Disaster Management Agency (NADMA),,"Pendang, Kedah, Malaysia","5.98001, 100.548378",District/Zone/Department (ADM2),Origin,Displacement without preventive evacuations reported,2025-10-27T10:38:24.143713Z,"Malaysia: 279 displacements (in relief camp), 26 October - 26 October. According to national/regional disaster authorities, a total of 279 people were in relief camp in Pendang, Kedah, Malaysia due to flood on 26 October National Disaster Management Agency (NADMA) - 26 October 2025",,Flood
195983,Malaysia,MYS,6.3644,100.392647,"[6.3644, 100.392647]",Recommended figure,Disaster,total,23,2025-10-26,2025-10-26,2025-10-26,2025,33657,Malaysia: Flood - Kedah (8 Districts) - 23/10/2025,,,2025-10-23,2025-10-26,Weather related,Hydrological,Flood,Flood,,National Disaster Management Agency (NADMA),,"Kubang Pasu, Kedah, Malaysia","6.3644, 100.392647",District/Zone/Department (ADM2),Origin,Displacement without preventive evacuations reported,2025-10-27T10:38:24.199555Z,"Malaysia: 23 displacements (in relief camp), 26 October - 26 October. According to national/regional disaster authorities, a total of 23 people were in relief camp in Kubang Pasu, Kedah, Malaysia due to flood on 26 October National Disaster Management Agency (NADMA) - 26 October 2025",,Flood
195984,Malaysia,MYS,6.23397,100.685112,"[6.23397, 100.685112]",Recommended figure,Disaster,total,13,2025-10-26,2025-10-26,2025-10-26,2025,33657,Malaysia: Flood - Kedah (8 Districts) - 23/10/2025,,,2025-10-23,2025-10-26,Weather related,Hydrological,Flood,Flood,,National Disaster Management Agency (NADMA),,"Padang Terap, Kedah, Malaysia","6.23397, 100.685112",District/Zone/Department (ADM2),Origin,Displacement without preventive evacuations reported,2025-10-27T10:38:24.257318Z,"Malaysia: 13 displacements (in relief camp), 26 October - 26 October. A total of 13 people were in relief camp due to flood on 26 October in Padang Terap, Kedah, Malaysia, according to national/regional disaster authorities. National Disaster Management Agency (NADMA) - 26 October 2025",,Flood
195965,Malaysia,MYS,5.36486,100.450607,"[5.36486, 100.450607]",Recommended figure,Disaster,total,2369,2025-10-25,2025-10-25,2025-10-25,2025,34774,"Malaysia: Flood - Pulau Pinang (Seberang Perai Utara, Barat Daya, Seberang Perai Tengah) - 24/10/2025",,,2025-10-24,2025-10-25,Weather related,Hydrological,Flood,Flood,,National Disaster Management Agency (NADMA),,"Central Seberang Perai District, Province Wellesley, Penang, Malaysia","5.36486, 100.450607",District/Zone/Department (ADM2),Origin,Displacement without preventive evacuations reported,2025-10-27T10:09:48.672008Z,"Malaysia: 2,369 displacements (in relief camp), 25 October - 25 October. According to national/regional disaster authorities, a total of 2369 people were in relief camp in Central Seberang Perai District, Penang, Malaysia due to flood on 25 October National Disaster Management Agency (NADMA) - 25 October 2025",,Flood
195966,Malaysia,MYS,5.72189,100.933319,"[5.72189, 100.933319]",Recommended figure,Disaster,total,266,2025-10-25,2025-10-25,2025-10-25,2025,33657,Malaysia: Flood - Kedah (8 Districts) - 23/10/2025,,,2025-10-23,2025-10-26,Weather related,Hydrological,Flood,Flood,,National Disaster Management Agency (NADMA),,"Baling, Kedah, Malaysia","5.72189, 100.933319",District/Zone/Department (ADM2),Origin,Displacement without preventive evacuations reported,2025-10-27T10:09:48.729983Z,"Malaysia: 266 displacements (in relief camp), 25 October - 25 October. According to national/regional disaster authorities, a total of 266 people were in relief camp in Baling, Kedah, Malaysia due to flood on 25 October National Disaster Management Agency (NADMA) - 25 October 2025",,Flood
195967,Malaysia,MYS,6.16531,100.524307,"[6.16531, 100.524307]",Triangulation,Disaster,total,70,2025-10-25,2025-10-25,2025-10-25,2025,33657,Malaysia: Flood - Kedah (8 Districts) - 23/10/2025,,,2025-10-23,2025-10-26,Weather related,Hydrological,Flood,Flood,,National Disaster Management Agency (NADMA),,"Pokok Sena, Kedah, Malaysia","6.16531, 100.524307",District/Zone/Department (ADM2),Origin,Displacement without preventive evacuations reported,2025-10-27T10:09:48.794740Z,"Malaysia: 70 displacements (in relief camp), 25 October - 25 October. A total of 70 people were in relief camp due to flood on 25 October in Pokok Sena, Kedah, Malaysia, according to national/regional disaster authorities. National Disaster Management Agency (NADMA) - 25 October 2025",,Flood
195953,Malaysia,MYS,5.36766,100.222183,"[5.36766, 100.222183]",Triangulation,Disaster,total,23,2025-10-24,2025-10-24,2025-10-24,2025,34774,"Malaysia: Flood - Pulau Pinang (Seberang Perai Utara, Barat Daya, Seberang Perai Tengah) - 24/10/2025",,,2025-10-24,2025-10-25,Weather related,Hydrological,Flood,Flood,,National Disaster Management Agency (NADMA),,"Southwest Penang Island District, Penang, Malaysia","5.36766, 100.222183",District/Zone/Department (ADM2),Origin,Displacement without preventive evacuations reported,2025-10-27T09:45:27.518065Z,"Malaysia: 23 displacements (in relief camp), 24 October - 24 October. According to national/regional disaster authorities, a total of 23 people were in relief camp in Southwest Penang Island District, Penang, Malaysia due to flood on 24 October National Disaster Management Agency (NADMA) - 24 October 2025",,Flood
195952,Malaysia,MYS,5.48605,100.45285,"[5.48605, 100.45285]",Triangulation,Disaster,total,768,2025-10-24,2025-10-24,2025-10-24,2025,34774,"Malaysia: Flood - Pulau Pinang (Seberang Perai Utara, Barat Daya, Seberang Perai Tengah) - 24/10/2025",,,2025-10-24,2025-10-25,Weather related,Hydrological,Flood,Flood,,National Disaster Management Agency (NADMA),,"North Seberang Perai District, Province Wellesley, Penang, Malaysia","5.48605, 100.45285",District/Zone/Department (ADM2),Origin,Displacement without preventive evacuations reported,2025-10-27T09:45:27.475129Z,"Malaysia: 768 displacements (in relief camp), 24 October - 24 October. Flood resulted in a total of 768 people being in relief camp in North Seberang Perai District, Penang, Malaysia on 24 October, according to national/regional disaster authorities. National Disaster Management Agency (NADMA) - 24 October 2025",,Flood
195951,Malaysia,MYS,5.40288,100.640083,"[5.40288, 100.640083]",Triangulation,Disaster,total,957,2025-10-24,2025-10-24,2025-10-24,2025,33657,Malaysia: Flood - Kedah (8 Districts) - 23/10/2025,,,2025-10-23,2025-10-26,Weather related,Hydrological,Flood,Flood,,National Disaster Management Agency (NADMA),,"Kulim, Kedah, Malaysia","5.40288, 100.640083",District/Zone/Department (ADM2),Origin,Displacement without preventive evacuations reported,2025-10-27T09:45:27.421405Z,"Malaysia: 957 displacements (in relief camp), 24 October - 24 October. Flood resulted in a total of 957 people being in relief camp in Kulim, Kedah, Malaysia on 24 October, according to national/regional disaster authorities. National Disaster Management Agency (NADMA) - 24 October 2025",,Flood
195950,Malaysia,MYS,4.36125,100.950867,"[4.36125, 100.950867]",Triangulation,Disaster,total,52,2025-10-24,2025-10-24,2025-10-24,2025,34773,Malaysia: Flood - Perak (4 Districts) - 24/10/2025,,,2025-10-24,2025-10-24,Weather related,Hydrological,Flood,Flood,,National Disaster Management Agency (NADMA),,"Seri Iskandar, Perak, Malaysia","4.36125, 100.950867",County/City/town/Village/Woreda (ADM3),Origin,Displacement without preventive evacuations reported,2025-10-27T09:45:27.375752Z,"Malaysia: 52 displacements (in relief camp), 24 October - 24 October. According to national/regional disaster authorities, a total of 52 people were in relief camp in Perak Tengah, Perak, Malaysia due to flood on 24 October National Disaster Management Agency (NADMA) - 24 October 2025",,Flood
195949,Malaysia,MYS,5.03458,100.498459,"[5.03458, 100.498459]",Triangulation,Disaster,total,102,2025-10-24,2025-10-24,2025-10-24,2025,34773,Malaysia: Flood - Perak (4 Districts) - 24/10/2025,,,2025-10-24,2025-10-24,Weather related,Hydrological,Flood,Flood,,National Disaster Management Agency (NADMA),,"Kerian, Perak, Malaysia","5.03458, 100.498459",County/City/town/Village/Woreda (ADM3),Origin,Displacement without preventive evacuations reported,2025-10-27T09:45:27.331708Z,"Malaysia: 102 displacements (in relief camp), 24 October - 24 October. According to national/regional disaster authorities, a total of 102 people were in relief camp in Kerian, Perak, Malaysia due to flood on 24 October National Disaster Management Agency (NADMA) - 24 October 2025",,Flood
195948,Malaysia,MYS,4.33476,100.63427,"[4.33476, 100.63427]",Triangulation,Disaster,total,529,2025-10-24,2025-10-24,2025-10-24,2025,34773,Malaysia: Flood - Perak (4 Districts) - 24/10/2025,,,2025-10-24,2025-10-24,Weather related,Hydrological,Flood,Flood,,National Disaster Management Agency (NADMA),,"Manjung, Perak, Malaysia","4.33476, 100.63427",County/City/town/Village/Woreda (ADM3),Origin,Displacement without preventive evacuations reported,2025-10-27T09:45:27.288377Z,"Malaysia: 529 displacements (in relief camp), 24 October - 24 October. According to national/regional disaster authorities, a total of 529 people were in relief camp in Manjung, Perak, Malaysia due to flood on 24 October National Disaster Management Agency (NADMA) - 24 October 2025",,Flood
195947,Malaysia,MYS,4.84782,100.737091,"[4.84782, 100.737091]",Recommended figure,Disaster,total,1905,2025-10-24,2025-10-24,2025-10-24,2025,34773,Malaysia: Flood - Perak (4 Districts) - 24/10/2025,,,2025-10-24,2025-10-24,Weather related,Hydrological,Flood,Flood,,National Disaster Management Agency (NADMA),,"Larut , Matang dan Selama, Perak, Malaysia","4.84782, 100.737091",County/City/town/Village/Woreda (ADM3),Origin,Displacement without preventive evacuations reported,2025-10-27T09:45:27.234021Z,"Malaysia: 1,905 displacements (in relief camp), 24 October - 24 October. A total of 1905 people were in relief camp due to flood on 24 October in Larut , Matang dan Selama, Perak, Malaysia, according to national/regional disaster authorities. National Disaster Management Agency (NADMA) - 24 October 2025",,Flood
195416,Malaysia,MYS,5.701,100.501518,"[5.701, 100.501518]",Triangulation,Disaster,total,50,2025-10-23,2025-10-23,2025-10-23,2025,33657,Malaysia: Flood - Kedah (8 Districts) - 23/10/2025,,,2025-10-23,2025-10-26,Weather related,Hydrological,Flood,Flood,,National Disaster Management Agency (NADMA),,"Kuala Muda, Kedah, Malaysia","5.701, 100.501518",District/Zone/Department (ADM2),Origin,Displacement without preventive evacuations reported,2025-10-23T12:04:47.633220Z,"Malaysia: 50 displacements (in relief camp), 23 October - 23 October. According to national/regional disaster authorities, a total of 50 people were in relief camp in Kuala Muda, Kedah, Malaysia due to flood on 23 October National Disaster Management Agency (NADMA) - 23 October 2025",,Flood
195206,Malaysia,MYS,1.48751,103.387863,"[1.48751, 103.387863]",Recommended figure,Disaster,total,59,2025-10-20,2025-10-20,2025-10-20,2025,33613,Malaysia: Flood - Johor (Pontian) - 20/10/2025,,,2025-10-20,2025-10-20,Weather related,Hydrological,Flood,Flood,,National Disaster Management Agency (NADMA),,"Pontian Kechil, Johor, Malaysia","1.48751, 103.387863",County/City/town/Village/Woreda (ADM3),Origin,Displacement without preventive evacuations reported,2025-10-20T13:35:08.387323Z,"Malaysia: 59 displacements (in relief camp), 20 October - 20 October. According to national/regional disaster authorities, a total of 59 people were in relief camp in Pontian Kechil, Johor, Malaysia due to flood on 20 October National Disaster Management Agency (NADMA) - 20 October 2025",,Flood
195103,Malaysia,MYS,5.40288,100.640083,"[5.40288, 100.640083]",Recommended figure,Disaster,total,159,2025-10-18,2025-10-18,2025-10-18,2025,33584,Malaysia: Flood - Kedah (Kulim) - 18/10/2025,,,2025-10-18,2025-10-18,Weather related,Hydrological,Flood,Flood,,National Disaster Management Agency (NADMA),,"Kulim, Kedah, Malaysia","5.40288, 100.640083",District/Zone/Department (ADM2),Origin,Displacement without preventive evacuations reported,2025-10-20T08:22:32.162595Z,"Malaysia: 159 displacements (in relief camp), 18 October - 18 October. Flood resulted in a total of 159 people being in relief camp in Kulim, Kedah, Malaysia on 18 October, according to national/regional disaster authorities. National Disaster Management Agency (NADMA) - 18 October 2025",,Flood
195094,Malaysia,MYS,1.74078,111.337433,"[1.74078, 111.337433]",Triangulation,Disaster,total,43,2025-10-17,2025-10-17,2025-10-17,2025,33582,Malaysia: Flood - Sarawak (Saratok) - 17/10/2025,,,2025-10-17,2025-10-17,Weather related,Hydrological,Flood,Flood,,National Disaster Management Agency (NADMA),,"Saratok, Sarawak, Malaysia","1.74078, 111.337433",County/City/town/Village/Woreda (ADM3),Origin,Displacement without preventive evacuations reported,2025-10-20T07:50:36.825201Z,"Malaysia: 43 displacements (in relief camp), 17 October - 17 October. A total of 43 people were in relief camp due to flood on 17 October in Saratok, Sarawak, Malaysia, according to national/regional disaster authorities. National Disaster Management Agency (NADMA) - 17 October 2025",,Flood
195095,Malaysia,MYS,2.29407,102.420418,"[2.29407, 102.420418]",Triangulation,Disaster,total,40,2025-10-17,2025-10-17,2025-10-17,2025,33583,Malaysia: Flood - Melaka (Jasin) - 17/10/2025,,,2025-10-17,2025-10-17,Weather related,Hydrological,Flood,Flood,,National Disaster Management Agency (NADMA),,"Jasin District, Malacca, Malaysia","2.29407, 102.420418",District/Zone/Department (ADM2),Origin,Displacement without preventive evacuations reported,2025-10-20T07:50:36.883532Z,"Malaysia: 40 displacements (in relief camp), 17 October - 17 October. A total of 40 people were in relief camp due to flood on 17 October in Jasin District, Malacca, Malaysia, according to national/regional disaster authorities. National Disaster Management Agency (NADMA) - 17 October 2025",,Flood
195039,Malaysia,MYS,2.81936,101.526062,"[2.81936, 101.526062]",Recommended figure,Disaster,total,18,2025-10-16,2025-10-16,2025-10-16,2025,33570,"Malaysia: Storm - Selangor (Klang, Petaling, Kuala Langat) - 15/10/2025",,,2025-10-15,2025-10-16,Weather related,Meteorological,Storm,Storm,,National Disaster Management Agency (NADMA),,"Teluk Datok, Selangor, Malaysia","2.81936, 101.526062",County/City/town/Village/Woreda (ADM3),Origin,Displacement without preventive evacuations reported,2025-10-17T07:30:02.493663Z,"Malaysia: 18 displacements (in relief camp), 16 October - 16 October. According to national/regional disaster authorities, a total of 18 people were in relief camp in Kuala Langat, Selangor, Malaysia due to storm on 16 October National Disaster Management Agency (NADMA) - 16 October 2025",,Storm
194972,Malaysia,MYS,3.10559,101.6427,"[3.10559, 101.6427]",Recommended figure,Disaster,total,5,2025-10-15,2025-10-15,2025-10-15,2025,33570,"Malaysia: Storm - Selangor (Klang, Petaling, Kuala Langat) - 15/10/2025",,,2025-10-15,2025-10-16,Weather related,Meteorological,Storm,Storm,,National Disaster Management Agency (NADMA),,"Petaling Jaya, Selangor, Malaysia","3.10559, 101.6427",County/City/town/Village/Woreda (ADM3),Origin,Displacement without preventive evacuations reported,2025-10-16T08:23:41.209445Z,"Malaysia: 5 displacements (in relief camp), 15 October - 15 October. According to national/regional disaster authorities, a total of 5 people were in relief camp in Petaling, Selangor, Malaysia due to storm on 15 Octobe National Disaster Management Agency (NADMA) - 15 October 2025",,Storm
194971,Malaysia,MYS,3.04312,101.449608,"[3.04312, 101.449608]",Triangulation,Disaster,total,36,2025-10-15,2025-10-15,2025-10-15,2025,33570,"Malaysia: Storm - Selangor (Klang, Petaling, Kuala Langat) - 15/10/2025",,,2025-10-15,2025-10-16,Weather related,Meteorological,Storm,Storm,,National Disaster Management Agency (NADMA),,"Klang, Selangor, Malaysia","3.04312, 101.449608",District/Zone/Department (ADM2),Origin,Displacement without preventive evacuations reported,2025-10-16T08:23:41.145266Z,"Malaysia: 36 displacements (in relief camp), 15 October - 15 October. According to national/regional disaster authorities, a total of 36 people were in relief camp in Klang, Selangor, Malaysia due to storm on 15 October National Disaster Management Agency (NADMA) - 15 October 2025",,Storm
194827,Malaysia,MYS,4.18699,102.054428,"[4.18699, 102.054428]",Recommended figure,Disaster,total,109,2025-10-14,2025-10-14,2025-10-14,2025,33528,Malaysia: Flood - Pahang (Lipis) - 14/10/2025,,,2025-10-14,2025-10-14,Weather related,Hydrological,Flood,Flood,,National Disaster Management Agency (NADMA),,"Kuala Lipis, Pahang, Malaysia","4.18699, 102.054428",County/City/town/Village/Woreda (ADM3),Origin,Displacement without preventive evacuations reported,2025-10-14T12:54:57.783680Z,"Malaysia: 109 displacements (in relief camp), 14 October - 14 October. Flood resulted in a total of 109 people being in relief camp in Lipis, Pahang, Malaysia on 14 October, according to national/regional disaster authorities. National Disaster Management Agency (NADMA) - 14 October 2025",,Flood
193903,Malaysia,MYS,6.09945,100.371971,"[6.09945, 100.371971]",Triangulation,Disaster,total,76,2025-10-05,2025-10-05,2025-10-05,2025,33359,"Malaysia: Flood - Kedah (Pokok Sena, Kota Setar) - 04/10/2025",,,2025-10-04,2025-10-05,Weather related,Hydrological,Flood,Flood,,National Disaster Management Agency (NADMA),,"Kota Setar, Kedah, Malaysia","6.09945, 100.371971",District/Zone/Department (ADM2),Origin,Displacement without preventive evacuations reported,2025-10-06T12:26:39.824368Z,"Malaysia: 76 displacements (in relief camp), 05 October - 05 October. A total of 76 people were in relief camp due to flood on 5 October in Kota Setar, Kedah, Malaysia, according to national/regional disaster authorities. National Disaster Management Agency (NADMA) - 05 October 2025",,Flood
193893,Malaysia,MYS,6.16531,100.524307,"[6.16531, 100.524307]",Recommended figure,Disaster,total,200,2025-10-04,2025-10-04,2025-10-04,2025,33359,"Malaysia: Flood - Kedah (Pokok Sena, Kota Setar) - 04/10/2025",,,2025-10-04,2025-10-05,Weather related,Hydrological,Flood,Flood,,National Disaster Management Agency (NADMA),,"Pokok Sena, Kedah, Malaysia","6.16531, 100.524307",District/Zone/Department (ADM2),Origin,Displacement without preventive evacuations reported,2025-10-06T12:06:19.981841Z,"Malaysia: 200 displacements (in relief camp), 04 October - 04 October. Flood resulted in a total of 200 people being in relief camp in Pokok Sena, Kedah, Malaysia on 4 October, according to national/regional disaster authorities. National Disaster Management Agency (NADMA) - 04 October 2025",,Flood
193894,Malaysia,MYS,1.48751,103.387863,"[1.48751, 103.387863]",Recommended figure,Disaster,total,150,2025-10-04,2025-10-04,2025-10-04,2025,33360,Malaysia: Flood - Johor (Pontian) - 04/10/2025,,,2025-10-04,2025-10-04,Weather related,Hydrological,Flood,Flood,,National Disaster Management Agency (NADMA),,"Pontian Kechil, Johor, Malaysia","1.48751, 103.387863",County/City/town/Village/Woreda (ADM3),Origin,Displacement without preventive evacuations reported,2025-10-06T12:06:20.080699Z,"Malaysia: 150 displacements (in relief camp), 04 October - 04 October. A total of 150 people were in relief camp due to flood on 4 October in Pontian, Johor, Malaysia, according to national/regional disaster authorities. National Disaster Management Agency (NADMA) - 04 October 2025",,Flood
193896,Malaysia,MYS,3.10559,101.6427,"[3.10559, 101.6427]",Recommended figure,Disaster,total,19,2025-10-04,2025-10-04,2025-10-04,2025,33362,Malaysia: Storm - Selangor (Petaling) - 04/10/2025,,,2025-10-04,2025-10-04,Weather related,Meteorological,Storm,Storm,,National Disaster Management Agency (NADMA),,"Petaling Jaya, Selangor, Malaysia","3.10559, 101.6427",County/City/town/Village/Woreda (ADM3),Origin,Displacement without preventive evacuations reported,2025-10-06T12:06:20.281118Z,"Malaysia: 19 displacements (in relief camp), 04 October - 04 October. A total of 19 people were in relief camp due to storm on 4 October in Petaling, Selangor, Malaysia, according to national/regional disaster authorities. National Disaster Management Agency (NADMA) - 04 October 2025",,Storm
193895,Malaysia,MYS,3.13871,101.682098,"[3.13871, 101.682098]",Recommended figure,Disaster,total,24,2025-10-04,2025-10-04,2025-10-04,2025,33361,Malaysia: Storm - Kuala Lumpur (Kuala Lumpur) - 04/10/2025,,,2025-10-04,2025-10-04,Weather related,Meteorological,Storm,Storm,,National Disaster Management Agency (NADMA),,"Kuala Lumpur, Malaysia","3.13871, 101.682098",State/Region/Province (ADM1),Origin,Displacement without preventive evacuations reported,2025-10-06T12:06:20.189163Z,"Malaysia: 24 displacements (in relief camp), 04 October - 04 October. Storm resulted in a total of 24 people being in relief camp in Kuala Lumpur, Malaysia on 4 October, according to national/regional disaster authorities. National Disaster Management Agency (NADMA) - 04 October 2025",,Storm
193892,Malaysia,MYS,4.84782,100.737091,"[4.84782, 100.737091]",Recommended figure,Disaster,total,210,2025-10-04,2025-10-04,2025-10-04,2025,33358,"Malaysia: Flood - Perak (Larut, Matang dan Selama) - 04/10/2025",,,2025-10-04,2025-10-04,Weather related,Hydrological,Flood,Flood,,National Disaster Management Agency (NADMA),,"Larut , Matang dan Selama, Perak, Malaysia","4.84782, 100.737091",County/City/town/Village/Woreda (ADM3),Origin,Displacement without preventive evacuations reported,2025-10-06T12:06:19.912193Z,"Malaysia: 210 displacements (in relief camp), 04 October - 04 October. Flood resulted in a total of 210 people being in relief camp in Larut, Matang dan Selama, Perak, Malaysia on 4 October, according to national/regional disaster authorities. National Disaster Management Agency (NADMA) - 04 October 2025",,Flood
192754,Malaysia,MYS,5.93555,116.084633,"[5.93555, 116.084633]",Triangulation,Disaster,total,18,2025-09-17,2025-09-17,2025-09-17,2025,33216,"Malaysia: Landslide - Sabah (Papar, Penampang) - 16/09/2025",LS-2025-000165-MYS,Glide Number,2025-09-16,2025-09-16,Weather related,Hydrological,Mass Movement,Landslide/Wet mass movement,,National Disaster Management Agency (NADMA),,"Jalan Penampang, Sabah","5.93555, 116.084633",Point,Origin,Displacement without preventive evacuations reported,2025-09-17T13:37:08.328445Z,"Malaysia: 18 displacements (in relief camp), 17 September - 17 September. A total of 18 people were in relief camp due to landslide/wet mass movement on 17 September in Jalan Penampang, Sabah, according to national/regional disaster authorities. National Disaster Management Agency (NADMA) - 17 September 2025",,Mass Movement
192752,Malaysia,MYS,5.07615,115.549728,"[5.07615, 115.549728]",Triangulation,Disaster,total,81,2025-09-17,2025-09-17,2025-09-17,2025,32946,Malaysia: Flood - Sabah (6 Districts) - 09/09/2025,,,2025-09-09,2025-09-17,Weather related,Hydrological,Flood,Flood,,National Disaster Management Agency (NADMA),,"Sipitang, Sabah","5.07615, 115.549728",County/City/town/Village/Woreda (ADM3),Origin,Displacement without preventive evacuations reported,2025-09-17T13:37:08.194723Z,"Malaysia: 81 displacements (in relief camp), 17 September - 17 September. According to national/regional disaster authorities, a total of 81 people were in relief camp in Sipitang, Sabah due to flood on 17 September National Disaster Management Agency (NADMA) - 17 September 2025",,Flood
192753,Malaysia,MYS,4.17914,114.324348,"[4.17914, 114.324348]",Triangulation,Disaster,total,8,2025-09-17,2025-09-17,2025-09-17,2025,33215,"Malaysia: Flood - Sarawak (Miri, Marudi) - 16/09/2025",,,2025-09-16,2025-09-16,Weather related,Hydrological,Flood,Flood,,National Disaster Management Agency (NADMA),,"Marudi, Sarawak, Malaysia","4.17914, 114.324348",County/City/town/Village/Woreda (ADM3),Origin,Displacement without preventive evacuations reported,2025-09-17T13:37:08.267932Z,"Malaysia: 8 displacements (in relief camp), 17 September - 17 September. A total of 8 people were in relief camp due to flood on 17 September in Marudi, Sarawak, Malaysia, according to national/regional disaster authorities. National Disaster Management Agency (NADMA) - 17 September 2025",,Flood
192719,Malaysia,MYS,4.00001,113.999878,"[4.00001, 113.999878]",Recommended figure,Disaster,total,49,2025-09-16,2025-09-16,2025-09-16,2025,33215,"Malaysia: Flood - Sarawak (Miri, Marudi) - 16/09/2025",,,2025-09-16,2025-09-16,Weather related,Hydrological,Flood,Flood,,National Disaster Management Agency (NADMA),,"Miri Division, Sarawak, Malaysia","4.00001, 113.999878",District/Zone/Department (ADM2),Origin,Displacement without preventive evacuations reported,2025-09-16T15:48:17.928912Z,"Malaysia: 49 displacements (in relief camp), 16 September - 16 September. A total of 49 people were in relief camp due to flood on 16 September in Miri, Sarawak, Malaysia, according to national/regional disaster authorities. National Disaster Management Agency (NADMA) - 16 September 2025",,Flood
192720,Malaysia,MYS,5.7336,115.931702,"[5.7336, 115.931702]",Triangulation,Disaster,total,45,2025-09-16,2025-09-16,2025-09-16,2025,33216,"Malaysia: Landslide - Sabah (Papar, Penampang) - 16/09/2025",LS-2025-000165-MYS,Glide Number,2025-09-16,2025-09-16,Weather related,Hydrological,Mass Movement,Landslide/Wet mass movement,,National Disaster Management Agency (NADMA),,"Papar, Sabah","5.7336, 115.931702",County/City/town/Village/Woreda (ADM3),Origin,Displacement without preventive evacuations reported,2025-09-16T15:48:17.986088Z,"Malaysia: 45 displacements (in relief camp), 16 September - 16 September. Landslide/wet mass movement resulted in a total of 45 people being in relief camp in Papar, Sabah on 16 September, according to national/regional disaster authorities. National Disaster Management Agency (NADMA) - 16 September 2025",,Mass Movement
192703,Malaysia,MYS,3.6962,101.519951,"[3.6962, 101.519951]",Recommended figure,Disaster,total,249,2025-09-15,2025-09-15,2025-09-15,2025,33210,Malaysia: Flood - Perak (Muallim) - 15/09/2025,,,2025-09-15,2025-09-15,Weather related,Hydrological,Flood,Flood,,National Disaster Management Agency (NADMA),,"Tanjung Malim, Perak, Malaysia","3.6962, 101.519951",County/City/town/Village/Woreda (ADM3),Origin,Displacement without preventive evacuations reported,2025-09-16T15:26:50.778600Z,"Malaysia: 249 displacements (in relief camp), 15 September - 15 September. A total of 249 people were in relief camp due to flood on 15 September in Tanjung Malim, Perak, Malaysia, according to national/regional disaster authorities. National Disaster Management Agency (NADMA) - 15 September 2025",,Flood
192704,Malaysia,MYS,2.52289,101.79451,"[2.52289, 101.79451]",Recommended figure,Disaster,total,76,2025-09-15,2025-09-15,2025-09-15,2025,33211,Malaysia: Flood - Negeri Sembilan (Port Dickson) - 15/09/2025,,,2025-09-15,2025-09-15,Weather related,Hydrological,Flood,Flood,,National Disaster Management Agency (NADMA),,"Port Dickson, Negeri Sembilan, Malaysia","2.52289, 101.79451",County/City/town/Village/Woreda (ADM3),Origin,Displacement without preventive evacuations reported,2025-09-16T15:26:50.830712Z,"Malaysia: 76 displacements (in relief camp), 15 September - 15 September. Flood resulted in a total of 76 people being in relief camp in Port Dickson, Negeri Sembilan, Malaysia on 15 September, according to national/regional disaster authorities. National Disaster Management Agency (NADMA) - 15 September 2025",,Flood
192705,Malaysia,MYS,3.52361,101.641479,"[3.52361, 101.641479]",Recommended figure,Disaster,total,31,2025-09-15,2025-09-15,2025-09-15,2025,33212,"Malaysia: Flood - Selangor (Hulu Selangor, Hulu Langat) - 15/09/2025",,,2025-09-15,2025-09-15,Weather related,Hydrological,Flood,Flood,,National Disaster Management Agency (NADMA),,"Hulu Selangor, Selangor, Malaysia","3.52361, 101.641479",County/City/town/Village/Woreda (ADM3),Origin,Displacement without preventive evacuations reported,2025-09-16T15:26:50.881125Z,"Malaysia: 31 displacements (in relief camp), 15 September - 15 September. Flood resulted in a total of 31 people being in relief camp in Hulu Selangor, Selangor, Malaysia on 15 September, according to national/regional disaster authorities. National Disaster Management Agency (NADMA) - 15 September 2025",,Flood
192706,Malaysia,MYS,2.9603,101.758759,"[2.9603, 101.758759]",Recommended figure,Disaster,total,10,2025-09-15,2025-09-15,2025-09-15,2025,33212,"Malaysia: Flood - Selangor (Hulu Selangor, Hulu Langat) - 15/09/2025",,,2025-09-15,2025-09-15,Weather related,Hydrological,Flood,Flood,,National Disaster Management Agency (NADMA),,"Bandar Baru Bangi, Selangor, Malaysia","2.9603, 101.758759",County/City/town/Village/Woreda (ADM3),Origin,Displacement without preventive evacuations reported,2025-09-16T15:26:50.933117Z,"Malaysia: 10 displacements (in relief camp), 15 September - 15 September. Flood resulted in a total of 10 people being in relief camp in Hulu Langat, Selangor, Malaysia on 15 September, according to national/regional disaster authorities. National Disaster Management Agency (NADMA) - 15 September 2025",,Flood
192700,Malaysia,MYS,5.88333,116.050003,"[5.88333, 116.050003]",Triangulation,Disaster,total,393,2025-09-15,2025-09-15,2025-09-15,2025,32946,Malaysia: Flood - Sabah (6 Districts) - 09/09/2025,,,2025-09-09,2025-09-17,Weather related,Hydrological,Flood,Flood,,National Disaster Management Agency (NADMA),,"Putatan, Sabah","5.88333, 116.050003",County/City/town/Village/Woreda (ADM3),Origin,Displacement without preventive evacuations reported,2025-09-16T15:26:50.592068Z,"Malaysia: 393 displacements (in relief camp), 15 September - 15 September. Flood resulted in a total of 393 people being in relief camp in Putatan, Sabah on 15 September, according to national/regional disaster authorities. National Disaster Management Agency (NADMA) - 15 September 2025",,Flood
192701,Malaysia,MYS,5.47529,115.803467,"[5.47529, 115.803467]",Triangulation,Disaster,total,202,2025-09-15,2025-09-15,2025-09-15,2025,32946,Malaysia: Flood - Sabah (6 Districts) - 09/09/2025,,,2025-09-09,2025-09-17,Weather related,Hydrological,Flood,Flood,,National Disaster Management Agency (NADMA),,"Membakut, Sabah","5.47529, 115.803467",County/City/town/Village/Woreda (ADM3),Origin,Displacement without preventive evacuations reported,2025-09-16T15:26:50.660422Z,"Malaysia: 202 displacements (in relief camp), 15 September - 15 September. According to national/regional disaster authorities, a total of 202 people were in relief camp in Membakut, Sabah due to flood on 15 September National Disaster Management Agency (NADMA) - 15 September 2025",,Flood
192702,Malaysia,MYS,5.7336,115.931702,"[5.7336, 115.931702]",Triangulation,Disaster,total,78,2025-09-15,2025-09-15,2025-09-15,2025,32946,Malaysia: Flood - Sabah (6 Districts) - 09/09/2025,,,2025-09-09,2025-09-17,Weather related,Hydrological,Flood,Flood,,National Disaster Management Agency (NADMA),,"Papar, Sabah","5.7336, 115.931702",County/City/town/Village/Woreda (ADM3),Origin,Displacement without preventive evacuations reported,2025-09-16T15:26:50.718058Z,"Malaysia: 78 displacements (in relief camp), 15 September - 15 September. Flood resulted in a total of 78 people being in relief camp in Papar, Sabah on 15 September, according to national/regional disaster authorities. National Disaster Management Agency (NADMA) - 15 September 2025",,Flood
192022,Malaysia,MYS,5.93555,116.084633,"[5.93555, 116.084633]",Triangulation,Disaster,total,240,2025-09-12,2025-09-12,2025-09-12,2025,32946,Malaysia: Flood - Sabah (6 Districts) - 09/09/2025,,,2025-09-09,2025-09-17,Weather related,Hydrological,Flood,Flood,,National Disaster Management Agency (NADMA),,"Jalan Penampang, Sabah","5.93555, 116.084633",Point,Origin,Displacement without preventive evacuations reported,2025-09-12T15:13:11.845282Z,"Malaysia: 240 displacements (in relief camp), 12 September - 12 September. Flood resulted in a total of 240 people being in relief camp in Penampang, Sabah on 12 September, according to national/regional disaster authorities. National Disaster Management Agency (NADMA) - 12 September 2025",,Flood
191780,Malaysia,MYS,2.29071,111.826263,"[2.29071, 111.826263]",Recommended figure,Disaster,total,56,2025-09-09,2025-09-09,2025-09-09,2025,32947,Malaysia: Flood - Sarawak (Sibu) - 09/09/2025,,,2025-09-09,2025-09-09,Weather related,Hydrological,Flood,Flood,,National Disaster Management Agency (NADMA),,"Sibu Division, Sarawak, Malaysia","2.29071, 111.826263",Point,Origin,Displacement without preventive evacuations reported,2025-09-09T14:53:22.323490Z,"Malaysia: 56 displacements (in relief camp), 09 September - 09 September. A total of 56 people were in relief camp due to flood on 9 September in Sibu, Sarawak, Malaysia, according to national/regional disaster authorities. National Disaster Management Agency (NADMA) - 09 September 2025",,Flood
191779,Malaysia,MYS,5.35828,115.756432,"[5.35828, 115.756432]",Triangulation,Disaster,total,121,2025-09-09,2025-09-09,2025-09-09,2025,32946,Malaysia: Flood - Sabah (6 Districts) - 09/09/2025,,,2025-09-09,2025-09-17,Weather related,Hydrological,Flood,Flood,,National Disaster Management Agency (NADMA),,"Beaufort, Sabah","5.35828, 115.756432",County/City/town/Village/Woreda (ADM3),Origin,Displacement without preventive evacuations reported,2025-09-09T14:53:22.281315Z,"Malaysia: 121 displacements (in relief camp), 09 September - 09 September. A total of 121 people were in relief camp due to flood on 9 September in Beaufort, Sabah, according to national/regional disaster authorities. National Disaster Management Agency (NADMA) - 09 September 2025",,Flood
191538,Malaysia,MYS,2.9603,101.758759,"[2.9603, 101.758759]",Recommended figure,Disaster,total,15,2025-09-05,2025-09-05,2025-09-05,2025,32870,Malaysia: Flood - Selangor (Hulu Langat) - 05/09/2025,,,2025-09-05,2025-09-05,Weather related,Hydrological,Flood,Flood,,National Disaster Management Agency (NADMA),,"Bandar Baru Bangi, Selangor, Malaysia","2.9603, 101.758759",County/City/town/Village/Woreda (ADM3),Origin,Displacement without preventive evacuations reported,2025-09-08T08:12:02.412503Z,"Malaysia: 15 displacements (in relief camp), 05 September - 05 September. Flood resulted in a total of 15 people being in relief camp in Hulu Langat, Selangor, Malaysia on 5 September, according to national/regional disaster authorities. National Disaster Management Agency (NADMA) - 05 September 2025",,Flood
