id,country,iso3,latitude,longitude,centroid,role,displacement_type,qualifier,figure,displacement_date,displacement_start_date,displacement_end_date,year,event_id,event_name,event_codes,event_code_types,event_start_date,event_end_date,category,subcategory,type,subtype,old_id,sources,source_url,locations_name,locations_coordinates,locations_accuracy,locations_type,displacement_occurred,created_at,description,link,combined_type
226265,Yemen,YEM,15.775355000000001,47.03611,"[15.775355000000001, 47.03611]",Triangulation,Conflict,total,60,2025-12-31,2025-12-31,2025-12-31,2025,39293,Yemen: Non-International armed conflict (NIAC) - Hadramawt - 12/2025,,,2025-12-01,2025-12-31,,,,,,IOM DTM Yemen,,"Madinat Marib, Marib Governorate, Yemen; Seiyun District, Hadramaut Governorate, Yemen","15.41567, 45.303421; 16.13504, 48.768799",District/Zone/Department (ADM2); District/Zone/Department (ADM2),Destination; Origin,Displacement without preventive evacuations reported,2026-02-05T18:28:26.360936Z,"Yemen: 60 displacements, 31 December - 31 December. According to IOM DTM Yemen, a total of 10 households were displaced from Seiyun District, Hadramaut Governorate to Madinat Marib, Marib Governorate due to conflict reasons between 31 December 2025 and 31 December 2025. IOM DTM Yemen - 07 October 2025",,Conflict
226263,Yemen,YEM,16.524031,47.628664,"[16.524031, 47.628664]",Triangulation,Conflict,total,6,2025-12-31,2025-12-31,2025-12-31,2025,39293,Yemen: Non-International armed conflict (NIAC) - Hadramawt - 12/2025,,,2025-12-01,2025-12-31,,,,,,IOM DTM Yemen,,"Madinat Marib, Marib Governorate, Yemen; Thamud District, Hadramaut Governorate, Yemen","15.41567, 45.303421; 17.632392, 49.953907",District/Zone/Department (ADM2); District/Zone/Department (ADM2),Destination; Origin,Displacement without preventive evacuations reported,2026-02-05T18:28:26.127668Z,"Yemen: 6 displacements, 31 December - 31 December. According to IOM DTM Yemen, one household was displaced from Thamud District, Hadramaut Governorate to Madinat Marib, Marib Governorate due to conflict reasons between 31 December 2025 and 31 December 2025. IOM DTM Yemen - 07 October 2025",,Conflict
226266,Yemen,YEM,15.837505,48.68491,"[15.837505, 48.68491]",Triangulation,Conflict,total,6,2025-12-31,2025-12-31,2025-12-31,2025,39295,Yemen: Non-International armed conflict (NIAC) - Al Maharah - 12/2025,,,2025-12-01,2025-12-31,,,,,,IOM DTM Yemen,,"Al Ghaydah District, Al Mahrah Governorate, Yemen; Madinat Marib, Marib Governorate, Yemen","16.25934, 52.066399; 15.41567, 45.303421",District/Zone/Department (ADM2); District/Zone/Department (ADM2),Origin; Destination,Displacement without preventive evacuations reported,2026-02-05T18:28:26.483734Z,"Yemen: 6 displacements, 31 December - 31 December. According to IOM DTM Yemen, one household was displaced from Al Ghaydah District, Al Mahrah Governorate to Madinat Marib, Marib Governorate due to conflict reasons between 31 December 2025 and 31 December 2025. IOM DTM Yemen - 07 October 2025",,Conflict
226264,Yemen,YEM,15.728065,46.7833215,"[15.728065, 46.7833215]",Triangulation,Conflict,total,12,2025-12-31,2025-12-31,2025-12-31,2025,39293,Yemen: Non-International armed conflict (NIAC) - Hadramawt - 12/2025,,,2025-12-01,2025-12-31,,,,,,IOM DTM Yemen,,"Al Qatn District, Hadramaut Governorate, Yemen; Marib, Marib Governorate, Yemen","15.99825, 48.243622; 15.45788, 45.323021",District/Zone/Department (ADM2); District/Zone/Department (ADM2),Origin; Destination,Displacement without preventive evacuations reported,2026-02-05T18:28:26.246804Z,"Yemen: 12 displacements, 31 December - 31 December. According to IOM DTM Yemen, a total of 2 households were displaced from Al Qatn District, Hadramaut Governorate to Marib, Marib Governorate due to conflict reasons between 31 December 2025 and 31 December 2025. IOM DTM Yemen - 07 October 2025",,Conflict
226261,Yemen,YEM,15.70696,46.7735215,"[15.70696, 46.7735215]",Triangulation,Conflict,total,18,2025-12-30,2025-12-30,2025-12-30,2025,39293,Yemen: Non-International armed conflict (NIAC) - Hadramawt - 12/2025,,,2025-12-01,2025-12-31,,,,,,IOM DTM Yemen,,"Al Qatn District, Hadramaut Governorate, Yemen; Madinat Marib, Marib Governorate, Yemen","15.99825, 48.243622; 15.41567, 45.303421",District/Zone/Department (ADM2); District/Zone/Department (ADM2),Origin; Destination,Displacement without preventive evacuations reported,2026-02-05T18:28:25.849666Z,"Yemen: 18 displacements, 30 December - 30 December. According to IOM DTM Yemen, a total of 3 households were displaced from Al Qatn District, Hadramaut Governorate to Madinat Marib, Marib Governorate due to conflict reasons between 30 December 2025 and 30 December 2025. IOM DTM Yemen - 07 October 2025",,Conflict
226256,Yemen,YEM,14.52474,49.068508,"[14.52474, 49.068508]",Triangulation,Conflict,total,90,2025-12-30,2025-12-30,2025-12-30,2025,39293,Yemen: Non-International armed conflict (NIAC) - Hadramawt - 12/2025,,,2025-12-01,2025-12-31,,,,,,IOM DTM Yemen,,"Mukalla City District, Hadramaut Governorate, Yemen","14.52474, 49.068508",District/Zone/Department (ADM2),Origin and destination,Displacement without preventive evacuations reported,2026-02-05T18:28:25.443013Z,"Yemen: 90 displacements, 30 December - 30 December. According to IOM DTM Yemen, a total of 15 households were displaced from Mukalla City District, Hadramaut Governorate to Mukalla City District, Hadramaut Governorate due to conflict reasons between 30 December 2025 and 30 December 2025. IOM DTM Yemen - 07 October 2025",,Conflict
226257,Yemen,YEM,15.200395,44.41436,"[15.200395, 44.41436]",Triangulation,Conflict,total,6,2025-12-30,2025-12-30,2025-12-30,2025,39293,Yemen: Non-International armed conflict (NIAC) - Hadramawt - 12/2025,,,2025-12-01,2025-12-31,,,,,,IOM DTM Yemen,,"Madinat Marib, Marib Governorate, Yemen; Wadi al Ayn, Al Hudaydah Governorate, Yemen","15.41567, 45.303421; 14.98512, 43.525299",District/Zone/Department (ADM2); District/Zone/Department (ADM2),Destination; Origin,Displacement without preventive evacuations reported,2026-02-05T18:28:25.506495Z,"Yemen: 6 displacements, 30 December - 30 December. According to IOM DTM Yemen, one household was displaced from Wadi al Ayn, Al Hudaydah Governorate to Madinat Marib, Marib Governorate due to conflict reasons between 30 December 2025 and 30 December 2025. IOM DTM Yemen - 07 October 2025",,Conflict
226258,Yemen,YEM,15.775355000000001,47.03611,"[15.775355000000001, 47.03611]",Triangulation,Conflict,total,102,2025-12-30,2025-12-30,2025-12-30,2025,39293,Yemen: Non-International armed conflict (NIAC) - Hadramawt - 12/2025,,,2025-12-01,2025-12-31,,,,,,IOM DTM Yemen,,"Madinat Marib, Marib Governorate, Yemen; Seiyun District, Hadramaut Governorate, Yemen","15.41567, 45.303421; 16.13504, 48.768799",District/Zone/Department (ADM2); District/Zone/Department (ADM2),Destination; Origin,Displacement without preventive evacuations reported,2026-02-05T18:28:25.581775Z,"Yemen: 102 displacements, 30 December - 30 December. According to IOM DTM Yemen, a total of 17 households were displaced from Seiyun District, Hadramaut Governorate to Madinat Marib, Marib Governorate due to conflict reasons between 30 December 2025 and 30 December 2025. IOM DTM Yemen - 07 October 2025",,Conflict
226259,Yemen,YEM,15.7784605,47.172959,"[15.7784605, 47.172959]",Triangulation,Conflict,total,24,2025-12-30,2025-12-30,2025-12-30,2025,39293,Yemen: Non-International armed conflict (NIAC) - Hadramawt - 12/2025,,,2025-12-01,2025-12-31,,,,,,IOM DTM Yemen,,"Marib, Marib Governorate, Yemen; Tarim District, Hadramaut Governorate, Yemen","15.45788, 45.323021; 16.099041, 49.022897",District/Zone/Department (ADM2); District/Zone/Department (ADM2),Destination; Origin,Displacement without preventive evacuations reported,2026-02-05T18:28:25.670366Z,"Yemen: 24 displacements, 30 December - 30 December. According to IOM DTM Yemen, a total of 4 households were displaced from Tarim District, Hadramaut Governorate to Marib, Marib Governorate due to conflict reasons between 30 December 2025 and 30 December 2025. IOM DTM Yemen - 07 October 2025",,Conflict
226260,Yemen,YEM,15.79646,47.04591,"[15.79646, 47.04591]",Triangulation,Conflict,total,12,2025-12-30,2025-12-30,2025-12-30,2025,39293,Yemen: Non-International armed conflict (NIAC) - Hadramawt - 12/2025,,,2025-12-01,2025-12-31,,,,,,IOM DTM Yemen,,"Marib, Marib Governorate, Yemen; Seiyun District, Hadramaut Governorate, Yemen","15.45788, 45.323021; 16.13504, 48.768799",District/Zone/Department (ADM2); District/Zone/Department (ADM2),Destination; Origin,Displacement without preventive evacuations reported,2026-02-05T18:28:25.739871Z,"Yemen: 12 displacements, 30 December - 30 December. According to IOM DTM Yemen, a total of 2 households were displaced from Seiyun District, Hadramaut Governorate to Marib, Marib Governorate due to conflict reasons between 30 December 2025 and 30 December 2025. IOM DTM Yemen - 07 October 2025",,Conflict
226262,Yemen,YEM,15.961595500000001,44.795736500000004,"[15.961595500000001, 44.795736500000004]",Triangulation,Conflict,total,6,2025-12-30,2025-12-30,2025-12-30,2025,39303,Yemen: Non-International armed conflict (NIAC) - Al Jawf - 12/2025,,,2025-12-01,2025-12-31,,,,,,IOM DTM Yemen,,"Al Ghayl, Al Jawf Governorate, Yemen; Madinat Marib, Marib Governorate, Yemen","16.507521, 44.288052; 15.41567, 45.303421",District/Zone/Department (ADM2); District/Zone/Department (ADM2),Origin; Destination,Displacement without preventive evacuations reported,2026-02-05T18:28:25.962689Z,"Yemen: 6 displacements, 30 December - 30 December. According to IOM DTM Yemen, one household was displaced from Al Ghayl, Al Jawf Governorate to Madinat Marib, Marib Governorate due to conflict reasons between 30 December 2025 and 30 December 2025. IOM DTM Yemen - 07 October 2025",,Conflict
226251,Yemen,YEM,15.7784605,47.172959,"[15.7784605, 47.172959]",Triangulation,Conflict,total,6,2025-12-29,2025-12-29,2025-12-29,2025,39293,Yemen: Non-International armed conflict (NIAC) - Hadramawt - 12/2025,,,2025-12-01,2025-12-31,,,,,,IOM DTM Yemen,,"Marib, Marib Governorate, Yemen; Tarim District, Hadramaut Governorate, Yemen","15.45788, 45.323021; 16.099041, 49.022897",District/Zone/Department (ADM2); District/Zone/Department (ADM2),Destination; Origin,Displacement without preventive evacuations reported,2026-02-05T18:28:20.269801Z,"Yemen: 6 displacements, 29 December - 29 December. According to IOM DTM Yemen, one household was displaced from Tarim District, Hadramaut Governorate to Marib, Marib Governorate due to conflict reasons between 29 December 2025 and 29 December 2025. IOM DTM Yemen - 07 October 2025",,Conflict
226250,Yemen,YEM,15.728065,46.7833215,"[15.728065, 46.7833215]",Triangulation,Conflict,total,6,2025-12-29,2025-12-29,2025-12-29,2025,39293,Yemen: Non-International armed conflict (NIAC) - Hadramawt - 12/2025,,,2025-12-01,2025-12-31,,,,,,IOM DTM Yemen,,"Al Qatn District, Hadramaut Governorate, Yemen; Marib, Marib Governorate, Yemen","15.99825, 48.243622; 15.45788, 45.323021",District/Zone/Department (ADM2); District/Zone/Department (ADM2),Origin; Destination,Displacement without preventive evacuations reported,2026-02-05T18:28:20.220111Z,"Yemen: 6 displacements, 29 December - 29 December. According to IOM DTM Yemen, one household was displaced from Al Qatn District, Hadramaut Governorate to Marib, Marib Governorate due to conflict reasons between 29 December 2025 and 29 December 2025. IOM DTM Yemen - 07 October 2025",,Conflict
226249,Yemen,YEM,15.70696,46.7735215,"[15.70696, 46.7735215]",Triangulation,Conflict,total,12,2025-12-29,2025-12-29,2025-12-29,2025,39293,Yemen: Non-International armed conflict (NIAC) - Hadramawt - 12/2025,,,2025-12-01,2025-12-31,,,,,,IOM DTM Yemen,,"Al Qatn District, Hadramaut Governorate, Yemen; Madinat Marib, Marib Governorate, Yemen","15.99825, 48.243622; 15.41567, 45.303421",District/Zone/Department (ADM2); District/Zone/Department (ADM2),Origin; Destination,Displacement without preventive evacuations reported,2026-02-05T18:28:20.172038Z,"Yemen: 12 displacements, 29 December - 29 December. According to IOM DTM Yemen, a total of 2 households were displaced from Al Qatn District, Hadramaut Governorate to Madinat Marib, Marib Governorate due to conflict reasons between 29 December 2025 and 29 December 2025. IOM DTM Yemen - 07 October 2025",,Conflict
226248,Yemen,YEM,15.56008,46.147048999999996,"[15.56008, 46.147048999999996]",Triangulation,Conflict,total,12,2025-12-29,2025-12-29,2025-12-29,2025,39293,Yemen: Non-International armed conflict (NIAC) - Hadramawt - 12/2025,,,2025-12-01,2025-12-31,,,,,,IOM DTM Yemen,,"Seiyun District, Hadramaut Governorate, Yemen; Wadi al Ayn, Al Hudaydah Governorate, Yemen","16.13504, 48.768799; 14.98512, 43.525299",District/Zone/Department (ADM2); District/Zone/Department (ADM2),Origin; Destination,Displacement without preventive evacuations reported,2026-02-05T18:28:20.124318Z,"Yemen: 12 displacements, 29 December - 29 December. According to IOM DTM Yemen, a total of 2 households were displaced from Seiyun District, Hadramaut Governorate to Wadi al Ayn, Al Hudaydah Governorate due to conflict reasons between 29 December 2025 and 29 December 2025. IOM DTM Yemen - 07 October 2025",,Conflict
226254,Yemen,YEM,16.29864435,48.9176407,"[16.29864435, 48.9176407]",Triangulation,Conflict,total,6,2025-12-29,2025-12-29,2025-12-29,2025,39295,Yemen: Non-International armed conflict (NIAC) - Al Maharah - 12/2025,,,2025-12-01,2025-12-31,,,,,,IOM DTM Yemen,,"Madinat Marib, Marib Governorate, Yemen; Shahin, Al Mahrah Governorate, Yemen","15.41567, 45.303421; 17.1816187, 52.5318604",District/Zone/Department (ADM2); District/Zone/Department (ADM2),Destination; Origin,Displacement without preventive evacuations reported,2026-02-05T18:28:25.333220Z,"Yemen: 6 displacements, 29 December - 29 December. According to IOM DTM Yemen, one household was displaced from Shahin, Al Mahrah Governorate to Madinat Marib, Marib Governorate due to conflict reasons between 29 December 2025 and 29 December 2025. IOM DTM Yemen - 07 October 2025",,Conflict
226246,Yemen,YEM,15.775355000000001,47.03611,"[15.775355000000001, 47.03611]",Triangulation,Conflict,total,54,2025-12-29,2025-12-29,2025-12-29,2025,39293,Yemen: Non-International armed conflict (NIAC) - Hadramawt - 12/2025,,,2025-12-01,2025-12-31,,,,,,IOM DTM Yemen,,"Madinat Marib, Marib Governorate, Yemen; Seiyun District, Hadramaut Governorate, Yemen","15.41567, 45.303421; 16.13504, 48.768799",District/Zone/Department (ADM2); District/Zone/Department (ADM2),Destination; Origin,Displacement without preventive evacuations reported,2026-02-05T18:28:20.028143Z,"Yemen: 54 displacements, 29 December - 29 December. According to IOM DTM Yemen, a total of 9 households were displaced from Seiyun District, Hadramaut Governorate to Madinat Marib, Marib Governorate due to conflict reasons between 29 December 2025 and 29 December 2025. IOM DTM Yemen - 07 October 2025",,Conflict
226245,Yemen,YEM,15.200395,44.41436,"[15.200395, 44.41436]",Triangulation,Conflict,total,12,2025-12-29,2025-12-29,2025-12-29,2025,39293,Yemen: Non-International armed conflict (NIAC) - Hadramawt - 12/2025,,,2025-12-01,2025-12-31,,,,,,IOM DTM Yemen,,"Madinat Marib, Marib Governorate, Yemen; Wadi al Ayn, Al Hudaydah Governorate, Yemen","15.41567, 45.303421; 14.98512, 43.525299",District/Zone/Department (ADM2); District/Zone/Department (ADM2),Destination; Origin,Displacement without preventive evacuations reported,2026-02-05T18:28:19.980067Z,"Yemen: 12 displacements, 29 December - 29 December. According to IOM DTM Yemen, a total of 2 households were displaced from Wadi al Ayn, Al Hudaydah Governorate to Madinat Marib, Marib Governorate due to conflict reasons between 29 December 2025 and 29 December 2025. IOM DTM Yemen - 07 October 2025",,Conflict
226255,Yemen,YEM,15.7573555,47.163159,"[15.7573555, 47.163159]",Triangulation,Conflict,total,6,2025-12-29,2025-12-29,2025-12-29,2025,39293,Yemen: Non-International armed conflict (NIAC) - Hadramawt - 12/2025,,,2025-12-01,2025-12-31,,,,,,IOM DTM Yemen,,"Madinat Marib, Marib Governorate, Yemen; Tarim District, Hadramaut Governorate, Yemen","15.41567, 45.303421; 16.099041, 49.022897",District/Zone/Department (ADM2); District/Zone/Department (ADM2),Destination; Origin,Displacement without preventive evacuations reported,2026-02-05T18:28:25.391023Z,"Yemen: 6 displacements, 29 December - 29 December. According to IOM DTM Yemen, one household was displaced from Tarim District, Hadramaut Governorate to Madinat Marib, Marib Governorate due to conflict reasons between 29 December 2025 and 29 December 2025. IOM DTM Yemen - 07 October 2025",,Conflict
226244,Yemen,YEM,15.072435,47.1116605,"[15.072435, 47.1116605]",Triangulation,Conflict,total,12,2025-12-29,2025-12-29,2025-12-29,2025,39293,Yemen: Non-International armed conflict (NIAC) - Hadramawt - 12/2025,,,2025-12-01,2025-12-31,,,,,,IOM DTM Yemen,,"Al Mukalla, Muhafazat Hadramaout, Yemen; Madinat Marib, Marib Governorate, Yemen","14.7292, 48.9199; 15.41567, 45.303421",District/Zone/Department (ADM2); District/Zone/Department (ADM2),Origin; Destination,Displacement without preventive evacuations reported,2026-02-05T18:28:19.930176Z,"Yemen: 12 displacements, 29 December - 29 December. According to IOM DTM Yemen, a total of 2 households were displaced from Al Mukalla, Muhafazat Hadramaout to Madinat Marib, Marib Governorate due to conflict reasons between 29 December 2025 and 29 December 2025. IOM DTM Yemen - 07 October 2025",,Conflict
226247,Yemen,YEM,15.665845000000001,46.29043,"[15.665845000000001, 46.29043]",Triangulation,Conflict,total,24,2025-12-29,2025-12-29,2025-12-29,2025,39293,Yemen: Non-International armed conflict (NIAC) - Hadramawt - 12/2025,,,2025-12-01,2025-12-31,,,,,,IOM DTM Yemen,,"Al Abar District, Hadramaut Governorate, Yemen; Madinat Marib, Marib Governorate, Yemen","15.91602, 47.277439; 15.41567, 45.303421",District/Zone/Department (ADM2); District/Zone/Department (ADM2),Origin; Destination,Displacement without preventive evacuations reported,2026-02-05T18:28:20.077084Z,"Yemen: 24 displacements, 29 December - 29 December. According to IOM DTM Yemen, a total of 4 households were displaced from Al Abar District, Hadramaut Governorate to Madinat Marib, Marib Governorate due to conflict reasons between 29 December 2025 and 29 December 2025. IOM DTM Yemen - 07 October 2025",,Conflict
226253,Yemen,YEM,15.79646,47.04591,"[15.79646, 47.04591]",Triangulation,Conflict,total,12,2025-12-29,2025-12-29,2025-12-29,2025,39293,Yemen: Non-International armed conflict (NIAC) - Hadramawt - 12/2025,,,2025-12-01,2025-12-31,,,,,,IOM DTM Yemen,,"Marib, Marib Governorate, Yemen; Seiyun District, Hadramaut Governorate, Yemen","15.45788, 45.323021; 16.13504, 48.768799",District/Zone/Department (ADM2); District/Zone/Department (ADM2),Destination; Origin,Displacement without preventive evacuations reported,2026-02-05T18:28:25.275431Z,"Yemen: 12 displacements, 29 December - 29 December. According to IOM DTM Yemen, a total of 2 households were displaced from Seiyun District, Hadramaut Governorate to Marib, Marib Governorate due to conflict reasons between 29 December 2025 and 29 December 2025. IOM DTM Yemen - 07 October 2025",,Conflict
226252,Yemen,YEM,13.773485,44.5741005,"[13.773485, 44.5741005]",Triangulation,Conflict,total,6,2025-12-29,2025-12-29,2025-12-29,2025,39302,Yemen: Non-International armed conflict (NIAC) - Ad Dali - 12/2025,,,2025-12-01,2025-12-31,,,,,,IOM DTM Yemen,,"Ad Dala, Ad Dali' Governorate, Yemen; Al Husha, Ad Dali' Governorate, Yemen","13.79697, 44.6982; 13.75, 44.450001",District/Zone/Department (ADM2); District/Zone/Department (ADM2),Destination; Origin,Displacement without preventive evacuations reported,2026-02-05T18:28:25.219810Z,"Yemen: 6 displacements, 29 December - 29 December. According to IOM DTM Yemen, one household was displaced from Al Husha, Ad Dali' Governorate to Ad Dala, Ad Dali' Governorate due to conflict reasons between 29 December 2025 and 29 December 2025. IOM DTM Yemen - 07 October 2025",,Conflict
226241,Yemen,YEM,14.992809999999999,46.084199999999996,"[14.992809999999999, 46.084199999999996]",Triangulation,Conflict,total,6,2025-12-28,2025-12-28,2025-12-28,2025,39294,Yemen: Non-International armed conflict (NIAC) - Shabwah - 12/2025,,,2025-12-01,2025-12-31,,,,,,IOM DTM Yemen,,"Ataq, Shabwah Governorate, Yemen; Marib, Marib Governorate, Yemen","14.52774, 46.845379; 15.45788, 45.323021",District/Zone/Department (ADM2); District/Zone/Department (ADM2),Origin; Destination,Displacement without preventive evacuations reported,2026-02-05T18:28:19.767161Z,"Yemen: 6 displacements, 28 December - 28 December. According to IOM DTM Yemen, one household was displaced from Ataq, Shabwah Governorate to Marib, Marib Governorate due to conflict reasons between 28 December 2025 and 28 December 2025. IOM DTM Yemen - 07 October 2025",,Conflict
226242,Yemen,YEM,14.14344,45.157495499999996,"[14.14344, 45.157495499999996]",Triangulation,Conflict,total,6,2025-12-28,2025-12-28,2025-12-28,2025,39300,Yemen: Non-International armed conflict (NIAC) - Aden - 12/2025,,,2025-12-01,2025-12-31,,,,,,IOM DTM Yemen,,"Madinat Marib, Marib Governorate, Yemen; Sheik Othman District, Aden Governorate, Yemen","15.41567, 45.303421; 12.87121, 45.01157",District/Zone/Department (ADM2); District/Zone/Department (ADM2),Destination; Origin,Displacement without preventive evacuations reported,2026-02-05T18:28:19.815320Z,"Yemen: 6 displacements, 28 December - 28 December. According to IOM DTM Yemen, one household was displaced from Sheik Othman District, Aden Governorate to Madinat Marib, Marib Governorate due to conflict reasons between 28 December 2025 and 28 December 2025. IOM DTM Yemen - 07 October 2025",,Conflict
226240,Yemen,YEM,15.70696,46.7735215,"[15.70696, 46.7735215]",Triangulation,Conflict,total,24,2025-12-28,2025-12-28,2025-12-28,2025,39293,Yemen: Non-International armed conflict (NIAC) - Hadramawt - 12/2025,,,2025-12-01,2025-12-31,,,,,,IOM DTM Yemen,,"Al Qatn District, Hadramaut Governorate, Yemen; Madinat Marib, Marib Governorate, Yemen","15.99825, 48.243622; 15.41567, 45.303421",District/Zone/Department (ADM2); District/Zone/Department (ADM2),Origin; Destination,Displacement without preventive evacuations reported,2026-02-05T18:28:19.720870Z,"Yemen: 24 displacements, 28 December - 28 December. According to IOM DTM Yemen, a total of 4 households were displaced from Al Qatn District, Hadramaut Governorate to Madinat Marib, Marib Governorate due to conflict reasons between 28 December 2025 and 28 December 2025. IOM DTM Yemen - 07 October 2025",,Conflict
226243,Yemen,YEM,13.96899,43.367990500000005,"[13.96899, 43.367990500000005]",Triangulation,Conflict,total,12,2025-12-28,2025-12-28,2025-12-28,2025,39287,Yemen: Non-International armed conflict (NIAC) - Al Hodeidah - 12/2025,,,2025-12-01,2025-12-31,,,,,,IOM DTM Yemen,,"Al Jarrahi, Al Hudaydah Governorate, Yemen; Al Khawkhah, Al Hudaydah Governorate, Yemen","14.13242, 43.388599; 13.80556, 43.347382",District/Zone/Department (ADM2); District/Zone/Department (ADM2),Origin; Destination,Displacement without preventive evacuations reported,2026-02-05T18:28:19.862486Z,"Yemen: 12 displacements, 28 December - 28 December. According to IOM DTM Yemen, a total of 2 households were displaced from Al Jarrahi, Al Hudaydah Governorate to Al Khawkhah, Al Hudaydah Governorate due to conflict reasons between 28 December 2025 and 28 December 2025. IOM DTM Yemen - 07 October 2025",,Conflict
226239,Yemen,YEM,15.728065,46.7833215,"[15.728065, 46.7833215]",Triangulation,Conflict,total,18,2025-12-28,2025-12-28,2025-12-28,2025,39293,Yemen: Non-International armed conflict (NIAC) - Hadramawt - 12/2025,,,2025-12-01,2025-12-31,,,,,,IOM DTM Yemen,,"Al Qatn District, Hadramaut Governorate, Yemen; Marib, Marib Governorate, Yemen","15.99825, 48.243622; 15.45788, 45.323021",District/Zone/Department (ADM2); District/Zone/Department (ADM2),Origin; Destination,Displacement without preventive evacuations reported,2026-02-05T18:28:19.673359Z,"Yemen: 18 displacements, 28 December - 28 December. According to IOM DTM Yemen, a total of 3 households were displaced from Al Qatn District, Hadramaut Governorate to Marib, Marib Governorate due to conflict reasons between 28 December 2025 and 28 December 2025. IOM DTM Yemen - 07 October 2025",,Conflict
226238,Yemen,YEM,15.775355000000001,47.03611,"[15.775355000000001, 47.03611]",Triangulation,Conflict,total,24,2025-12-28,2025-12-28,2025-12-28,2025,39293,Yemen: Non-International armed conflict (NIAC) - Hadramawt - 12/2025,,,2025-12-01,2025-12-31,,,,,,IOM DTM Yemen,,"Madinat Marib, Marib Governorate, Yemen; Seiyun District, Hadramaut Governorate, Yemen","15.41567, 45.303421; 16.13504, 48.768799",District/Zone/Department (ADM2); District/Zone/Department (ADM2),Destination; Origin,Displacement without preventive evacuations reported,2026-02-05T18:28:19.625219Z,"Yemen: 24 displacements, 28 December - 28 December. According to IOM DTM Yemen, a total of 4 households were displaced from Seiyun District, Hadramaut Governorate to Madinat Marib, Marib Governorate due to conflict reasons between 28 December 2025 and 28 December 2025. IOM DTM Yemen - 07 October 2025",,Conflict
226237,Yemen,YEM,15.665845000000001,46.29043,"[15.665845000000001, 46.29043]",Triangulation,Conflict,total,24,2025-12-28,2025-12-28,2025-12-28,2025,39293,Yemen: Non-International armed conflict (NIAC) - Hadramawt - 12/2025,,,2025-12-01,2025-12-31,,,,,,IOM DTM Yemen,,"Al Abar District, Hadramaut Governorate, Yemen; Madinat Marib, Marib Governorate, Yemen","15.91602, 47.277439; 15.41567, 45.303421",District/Zone/Department (ADM2); District/Zone/Department (ADM2),Origin; Destination,Displacement without preventive evacuations reported,2026-02-05T18:28:19.577524Z,"Yemen: 24 displacements, 28 December - 28 December. According to IOM DTM Yemen, a total of 4 households were displaced from Al Abar District, Hadramaut Governorate to Madinat Marib, Marib Governorate due to conflict reasons between 28 December 2025 and 28 December 2025. IOM DTM Yemen - 07 October 2025",,Conflict
226236,Yemen,YEM,14.26051,45.3513205,"[14.26051, 45.3513205]",Triangulation,Conflict,total,6,2025-12-27,2025-12-27,2025-12-27,2025,39301,Yemen: Non-International armed conflict (NIAC) - Abyan - 12/2025,,,2025-12-01,2025-12-31,,,,,,IOM DTM Yemen,,"Madinat Marib, Marib Governorate, Yemen; Zinjibar District, Abyan Governorate, Yemen","15.41567, 45.303421; 13.10535, 45.39922",District/Zone/Department (ADM2); District/Zone/Department (ADM2),Destination; Origin,Displacement without preventive evacuations reported,2026-02-05T18:28:19.530206Z,"Yemen: 6 displacements, 27 December - 27 December. According to IOM DTM Yemen, one household was displaced from Zinjibar District, Abyan Governorate to Madinat Marib, Marib Governorate due to conflict reasons between 27 December 2025 and 27 December 2025. IOM DTM Yemen - 07 October 2025",,Conflict
226235,Yemen,YEM,15.79646,47.04591,"[15.79646, 47.04591]",Triangulation,Conflict,total,18,2025-12-27,2025-12-27,2025-12-27,2025,39293,Yemen: Non-International armed conflict (NIAC) - Hadramawt - 12/2025,,,2025-12-01,2025-12-31,,,,,,IOM DTM Yemen,,"Marib, Marib Governorate, Yemen; Seiyun District, Hadramaut Governorate, Yemen","15.45788, 45.323021; 16.13504, 48.768799",District/Zone/Department (ADM2); District/Zone/Department (ADM2),Destination; Origin,Displacement without preventive evacuations reported,2026-02-05T18:28:19.479553Z,"Yemen: 18 displacements, 27 December - 27 December. According to IOM DTM Yemen, a total of 3 households were displaced from Seiyun District, Hadramaut Governorate to Marib, Marib Governorate due to conflict reasons between 27 December 2025 and 27 December 2025. IOM DTM Yemen - 07 October 2025",,Conflict
226234,Yemen,YEM,14.09566,45.148031,"[14.09566, 45.148031]",Triangulation,Conflict,total,6,2025-12-27,2025-12-27,2025-12-27,2025,39300,Yemen: Non-International armed conflict (NIAC) - Aden - 12/2025,,,2025-12-01,2025-12-31,,,,,,IOM DTM Yemen,,"At Tawahi District, Aden Governorate, Yemen; Madinat Marib, Marib Governorate, Yemen","12.77565, 44.992641; 15.41567, 45.303421",District/Zone/Department (ADM2); District/Zone/Department (ADM2),Origin; Destination,Displacement without preventive evacuations reported,2026-02-05T18:28:19.431428Z,"Yemen: 6 displacements, 27 December - 27 December. According to IOM DTM Yemen, one household was displaced from At Tawahi District, Aden Governorate to Madinat Marib, Marib Governorate due to conflict reasons between 27 December 2025 and 27 December 2025. IOM DTM Yemen - 07 October 2025",,Conflict
226233,Yemen,YEM,15.665845000000001,46.29043,"[15.665845000000001, 46.29043]",Triangulation,Conflict,total,6,2025-12-27,2025-12-27,2025-12-27,2025,39293,Yemen: Non-International armed conflict (NIAC) - Hadramawt - 12/2025,,,2025-12-01,2025-12-31,,,,,,IOM DTM Yemen,,"Al Abar District, Hadramaut Governorate, Yemen; Madinat Marib, Marib Governorate, Yemen","15.91602, 47.277439; 15.41567, 45.303421",District/Zone/Department (ADM2); District/Zone/Department (ADM2),Origin; Destination,Displacement without preventive evacuations reported,2026-02-05T18:28:19.382197Z,"Yemen: 6 displacements, 27 December - 27 December. According to IOM DTM Yemen, one household was displaced from Al Abar District, Hadramaut Governorate to Madinat Marib, Marib Governorate due to conflict reasons between 27 December 2025 and 27 December 2025. IOM DTM Yemen - 07 October 2025",,Conflict
226232,Yemen,YEM,14.28436,43.2690755,"[14.28436, 43.2690755]",Triangulation,Conflict,total,6,2025-12-27,2025-12-27,2025-12-27,2025,39287,Yemen: Non-International armed conflict (NIAC) - Al Hodeidah - 12/2025,,,2025-12-01,2025-12-31,,,,,,IOM DTM Yemen,,"Al Durayhami, Al Hudaydah Governorate, Yemen; Hays, Al Hudaydah Governorate, Yemen","14.63702, 43.05505; 13.9317, 43.483101",District/Zone/Department (ADM2); District/Zone/Department (ADM2),Origin; Destination,Displacement without preventive evacuations reported,2026-02-05T18:28:19.332567Z,"Yemen: 6 displacements, 27 December - 27 December. According to IOM DTM Yemen, one household was displaced from Al Durayhami, Al Hudaydah Governorate to Hays, Al Hudaydah Governorate due to conflict reasons between 27 December 2025 and 27 December 2025. IOM DTM Yemen - 07 October 2025",,Conflict
226231,Yemen,YEM,13.79617,43.584526,"[13.79617, 43.584526]",Triangulation,Conflict,total,6,2025-12-27,2025-12-27,2025-12-27,2025,39292,Yemen: Non-International armed conflict (NIAC) - Taiz - 12/2025,,,2025-12-01,2025-12-31,,,,,,IOM DTM Yemen,,"Hays, Al Hudaydah Governorate, Yemen; Maqbanah, Ta'izz Governorate, Yemen","13.9317, 43.483101; 13.66064, 43.685951",District/Zone/Department (ADM2); District/Zone/Department (ADM2),Destination; Origin,Displacement without preventive evacuations reported,2026-02-05T18:28:19.283877Z,"Yemen: 6 displacements, 27 December - 27 December. According to IOM DTM Yemen, one household was displaced from Maqbanah, Ta'izz Governorate to Hays, Al Hudaydah Governorate due to conflict reasons between 27 December 2025 and 27 December 2025. IOM DTM Yemen - 07 October 2025",,Conflict
226230,Yemen,YEM,14.24465,43.357771,"[14.24465, 43.357771]",Triangulation,Conflict,total,18,2025-12-27,2025-12-27,2025-12-27,2025,39287,Yemen: Non-International armed conflict (NIAC) - Al Hodeidah - 12/2025,,,2025-12-01,2025-12-31,,,,,,IOM DTM Yemen,,"Al Khawkhah, Al Hudaydah Governorate, Yemen; Al Mansuriyah, Al Hudaydah Governorate, Yemen","13.80556, 43.347382; 14.68374, 43.36816",District/Zone/Department (ADM2); District/Zone/Department (ADM2),Destination; Origin,Displacement without preventive evacuations reported,2026-02-05T18:28:19.235396Z,"Yemen: 18 displacements, 27 December - 27 December. According to IOM DTM Yemen, a total of 3 households were displaced from Al Mansuriyah, Al Hudaydah Governorate to Al Khawkhah, Al Hudaydah Governorate due to conflict reasons between 27 December 2025 and 27 December 2025. IOM DTM Yemen - 07 October 2025",,Conflict
226229,Yemen,YEM,15.837505,48.68491,"[15.837505, 48.68491]",Triangulation,Conflict,total,6,2025-12-27,2025-12-27,2025-12-27,2025,39295,Yemen: Non-International armed conflict (NIAC) - Al Maharah - 12/2025,,,2025-12-01,2025-12-31,,,,,,IOM DTM Yemen,,"Al Ghaydah District, Al Mahrah Governorate, Yemen; Madinat Marib, Marib Governorate, Yemen","16.25934, 52.066399; 15.41567, 45.303421",District/Zone/Department (ADM2); District/Zone/Department (ADM2),Origin; Destination,Displacement without preventive evacuations reported,2026-02-05T18:28:19.185659Z,"Yemen: 6 displacements, 27 December - 27 December. According to IOM DTM Yemen, one household was displaced from Al Ghaydah District, Al Mahrah Governorate to Madinat Marib, Marib Governorate due to conflict reasons between 27 December 2025 and 27 December 2025. IOM DTM Yemen - 07 October 2025",,Conflict
226228,Yemen,YEM,15.7573555,47.163159,"[15.7573555, 47.163159]",Triangulation,Conflict,total,6,2025-12-27,2025-12-27,2025-12-27,2025,39293,Yemen: Non-International armed conflict (NIAC) - Hadramawt - 12/2025,,,2025-12-01,2025-12-31,,,,,,IOM DTM Yemen,,"Madinat Marib, Marib Governorate, Yemen; Tarim District, Hadramaut Governorate, Yemen","15.41567, 45.303421; 16.099041, 49.022897",District/Zone/Department (ADM2); District/Zone/Department (ADM2),Destination; Origin,Displacement without preventive evacuations reported,2026-02-05T18:28:19.134210Z,"Yemen: 6 displacements, 27 December - 27 December. According to IOM DTM Yemen, one household was displaced from Tarim District, Hadramaut Governorate to Madinat Marib, Marib Governorate due to conflict reasons between 27 December 2025 and 27 December 2025. IOM DTM Yemen - 07 October 2025",,Conflict
226214,Yemen,YEM,15.775355000000001,47.03611,"[15.775355000000001, 47.03611]",Triangulation,Conflict,total,60,2025-12-27,2025-12-27,2025-12-27,2025,39293,Yemen: Non-International armed conflict (NIAC) - Hadramawt - 12/2025,,,2025-12-01,2025-12-31,,,,,,IOM DTM Yemen,,"Madinat Marib, Marib Governorate, Yemen; Seiyun District, Hadramaut Governorate, Yemen","15.41567, 45.303421; 16.13504, 48.768799",District/Zone/Department (ADM2); District/Zone/Department (ADM2),Destination; Origin,Displacement without preventive evacuations reported,2026-02-05T13:10:07.672967Z,"Yemen: 60 displacements, 27 December - 27 December. According to IOM DTM Yemen, a total of 10 households were displaced from Seiyun District, Hadramaut Governorate to Madinat Marib, Marib Governorate due to conflict reasons between 27 December 2025 and 27 December 2025. IOM DTM Yemen - 07 October 2025",,Conflict
226219,Yemen,YEM,13.639725,43.617722,"[13.639725, 43.617722]",Triangulation,Conflict,total,6,2025-12-26,2025-12-26,2025-12-26,2025,39292,Yemen: Non-International armed conflict (NIAC) - Taiz - 12/2025,,,2025-12-01,2025-12-31,,,,,,IOM DTM Yemen,,"Al Khawkhah, Al Hudaydah Governorate, Yemen; Jabal Habashi, Ta'izz Governorate, Yemen","13.80556, 43.347382; 13.47389, 43.888062",District/Zone/Department (ADM2); District/Zone/Department (ADM2),Destination; Origin,Displacement without preventive evacuations reported,2026-02-05T13:10:07.923580Z,"Yemen: 6 displacements, 26 December - 26 December. According to IOM DTM Yemen, one household was displaced from Jabal Habashi, Ta'izz Governorate to Al Khawkhah, Al Hudaydah Governorate due to conflict reasons between 26 December 2025 and 26 December 2025. IOM DTM Yemen - 07 October 2025",,Conflict
226220,Yemen,YEM,13.750174999999999,43.678396500000005,"[13.750174999999999, 43.678396500000005]",Triangulation,Conflict,total,6,2025-12-26,2025-12-26,2025-12-26,2025,39292,Yemen: Non-International armed conflict (NIAC) - Taiz - 12/2025,,,2025-12-01,2025-12-31,,,,,,IOM DTM Yemen,,"Al Khawkhah, Al Hudaydah Governorate, Yemen; At Taizziyah, Ta'izz Governorate, Yemen","13.80556, 43.347382; 13.69479, 44.009411",District/Zone/Department (ADM2); District/Zone/Department (ADM2),Destination; Origin,Displacement without preventive evacuations reported,2026-02-05T13:10:07.972277Z,"Yemen: 6 displacements, 26 December - 26 December. According to IOM DTM Yemen, one household was displaced from At Taizziyah, Ta'izz Governorate to Al Khawkhah, Al Hudaydah Governorate due to conflict reasons between 26 December 2025 and 26 December 2025. IOM DTM Yemen - 07 October 2025",,Conflict
226221,Yemen,YEM,14.14647,43.3127655,"[14.14647, 43.3127655]",Triangulation,Conflict,total,6,2025-12-26,2025-12-26,2025-12-26,2025,39287,Yemen: Non-International armed conflict (NIAC) - Al Hodeidah - 12/2025,,,2025-12-01,2025-12-31,,,,,,IOM DTM Yemen,,"Al Khawkhah, Al Hudaydah Governorate, Yemen; Beit Al Faqih, Al Hudaydah Governorate, Yemen","13.80556, 43.347382; 14.48738, 43.278149",District/Zone/Department (ADM2); District/Zone/Department (ADM2),Destination; Origin,Displacement without preventive evacuations reported,2026-02-05T13:10:08.021945Z,"Yemen: 6 displacements, 26 December - 26 December. According to IOM DTM Yemen, one household was displaced from Beit Al Faqih, Al Hudaydah Governorate to Al Khawkhah, Al Hudaydah Governorate due to conflict reasons between 26 December 2025 and 26 December 2025. IOM DTM Yemen - 07 October 2025",,Conflict
226227,Yemen,YEM,15.79646,47.04591,"[15.79646, 47.04591]",Triangulation,Conflict,total,24,2025-12-26,2025-12-26,2025-12-26,2025,39293,Yemen: Non-International armed conflict (NIAC) - Hadramawt - 12/2025,,,2025-12-01,2025-12-31,,,,,,IOM DTM Yemen,,"Marib, Marib Governorate, Yemen; Seiyun District, Hadramaut Governorate, Yemen","15.45788, 45.323021; 16.13504, 48.768799",District/Zone/Department (ADM2); District/Zone/Department (ADM2),Destination; Origin,Displacement without preventive evacuations reported,2026-02-05T18:28:19.071208Z,"Yemen: 24 displacements, 26 December - 26 December. According to IOM DTM Yemen, a total of 4 households were displaced from Seiyun District, Hadramaut Governorate to Marib, Marib Governorate due to conflict reasons between 26 December 2025 and 26 December 2025. IOM DTM Yemen - 07 October 2025",,Conflict
226267,Yemen,YEM,14.806505,46.424715,"[14.806505, 46.424715]",Triangulation,Conflict,total,24,2025-12-26,2025-12-26,2025-12-26,2025,39293,Yemen: Non-International armed conflict (NIAC) - Hadramawt - 12/2025,,,2025-12-01,2025-12-31,,,,,,IOM DTM Yemen,,"Sabir al Mawadim, Ta'izz Governorate, Yemen; Seiyun District, Hadramaut Governorate, Yemen","13.47797, 44.080631; 16.13504, 48.768799",District/Zone/Department (ADM2); District/Zone/Department (ADM2),Destination; Origin,Displacement without preventive evacuations reported,2026-02-05T18:28:26.573133Z,"Yemen: 24 displacements, 26 December - 26 December. According to IOM DTM Yemen, a total of 4 households were displaced from Seiyun District, Hadramaut Governorate to Sabir al Mawadim, Ta'izz Governorate due to conflict reasons between 26 December 2025 and 26 December 2025. IOM DTM Yemen - 07 October 2025",,Conflict
226212,Yemen,YEM,13.166185,44.435970499999996,"[13.166185, 44.435970499999996]",Triangulation,Conflict,total,6,2025-12-25,2025-12-25,2025-12-25,2025,39300,Yemen: Non-International armed conflict (NIAC) - Aden - 12/2025,,,2025-12-01,2025-12-31,,,,,,IOM DTM Yemen,,"Al Mansura, Aden City, Aden Governorate, Yemen; Jabal Habashi, Ta'izz Governorate, Yemen","12.85848, 44.983879; 13.47389, 43.888062",District/Zone/Department (ADM2); District/Zone/Department (ADM2),Origin; Destination,Displacement without preventive evacuations reported,2026-02-05T13:10:07.562243Z,"Yemen: 6 displacements, 25 December - 25 December. According to IOM DTM Yemen, one household was displaced from Al Mansura, Aden City, Aden Governorate to Jabal Habashi, Ta'izz Governorate due to conflict reasons between 25 December 2025 and 25 December 2025. IOM DTM Yemen - 07 October 2025",,Conflict
226209,Yemen,YEM,15.775355000000001,47.03611,"[15.775355000000001, 47.03611]",Triangulation,Conflict,total,24,2025-12-25,2025-12-25,2025-12-25,2025,39293,Yemen: Non-International armed conflict (NIAC) - Hadramawt - 12/2025,,,2025-12-01,2025-12-31,,,,,,IOM DTM Yemen,,"Madinat Marib, Marib Governorate, Yemen; Seiyun District, Hadramaut Governorate, Yemen","15.41567, 45.303421; 16.13504, 48.768799",District/Zone/Department (ADM2); District/Zone/Department (ADM2),Destination; Origin,Displacement without preventive evacuations reported,2026-02-05T13:10:07.412804Z,"Yemen: 24 displacements, 25 December - 25 December. According to IOM DTM Yemen, a total of 4 households were displaced from Seiyun District, Hadramaut Governorate to Madinat Marib, Marib Governorate due to conflict reasons between 25 December 2025 and 25 December 2025. IOM DTM Yemen - 07 October 2025",,Conflict
226211,Yemen,YEM,13.172550000000001,44.449816,"[13.172550000000001, 44.449816]",Triangulation,Conflict,total,6,2025-12-25,2025-12-25,2025-12-25,2025,39300,Yemen: Non-International armed conflict (NIAC) - Aden - 12/2025,,,2025-12-01,2025-12-31,,,,,,IOM DTM Yemen,,"Jabal Habashi, Ta'izz Governorate, Yemen; Sheik Othman District, Aden Governorate, Yemen","13.47389, 43.888062; 12.87121, 45.01157",District/Zone/Department (ADM2); District/Zone/Department (ADM2),Destination; Origin,Displacement without preventive evacuations reported,2026-02-05T13:10:07.511064Z,"Yemen: 6 displacements, 25 December - 25 December. According to IOM DTM Yemen, one household was displaced from Sheik Othman District, Aden Governorate to Jabal Habashi, Ta'izz Governorate due to conflict reasons between 25 December 2025 and 25 December 2025. IOM DTM Yemen - 07 October 2025",,Conflict
226210,Yemen,YEM,15.70696,46.7735215,"[15.70696, 46.7735215]",Triangulation,Conflict,total,18,2025-12-25,2025-12-25,2025-12-25,2025,39293,Yemen: Non-International armed conflict (NIAC) - Hadramawt - 12/2025,,,2025-12-01,2025-12-31,,,,,,IOM DTM Yemen,,"Al Qatn District, Hadramaut Governorate, Yemen; Madinat Marib, Marib Governorate, Yemen","15.99825, 48.243622; 15.41567, 45.303421",District/Zone/Department (ADM2); District/Zone/Department (ADM2),Origin; Destination,Displacement without preventive evacuations reported,2026-02-05T13:10:07.461920Z,"Yemen: 18 displacements, 25 December - 25 December. According to IOM DTM Yemen, a total of 3 households were displaced from Al Qatn District, Hadramaut Governorate to Madinat Marib, Marib Governorate due to conflict reasons between 25 December 2025 and 25 December 2025. IOM DTM Yemen - 07 October 2025",,Conflict
226213,Yemen,YEM,15.665845000000001,46.29043,"[15.665845000000001, 46.29043]",Triangulation,Conflict,total,18,2025-12-25,2025-12-25,2025-12-25,2025,39293,Yemen: Non-International armed conflict (NIAC) - Hadramawt - 12/2025,,,2025-12-01,2025-12-31,,,,,,IOM DTM Yemen,,"Al Abar District, Hadramaut Governorate, Yemen; Madinat Marib, Marib Governorate, Yemen","15.91602, 47.277439; 15.41567, 45.303421",District/Zone/Department (ADM2); District/Zone/Department (ADM2),Origin; Destination,Displacement without preventive evacuations reported,2026-02-05T13:10:07.615248Z,"Yemen: 18 displacements, 25 December - 25 December. According to IOM DTM Yemen, a total of 3 households were displaced from Al Abar District, Hadramaut Governorate to Madinat Marib, Marib Governorate due to conflict reasons between 25 December 2025 and 25 December 2025. IOM DTM Yemen - 07 October 2025",,Conflict
226218,Yemen,YEM,14.03206,43.43585,"[14.03206, 43.43585]",Triangulation,Conflict,total,12,2025-12-24,2025-12-24,2025-12-24,2025,39287,Yemen: Non-International armed conflict (NIAC) - Al Hodeidah - 12/2025,,,2025-12-01,2025-12-31,,,,,,IOM DTM Yemen,,"Al Jarrahi, Al Hudaydah Governorate, Yemen; Hays, Al Hudaydah Governorate, Yemen","14.13242, 43.388599; 13.9317, 43.483101",District/Zone/Department (ADM2); District/Zone/Department (ADM2),Origin; Destination,Displacement without preventive evacuations reported,2026-02-05T13:10:07.875205Z,"Yemen: 12 displacements, 24 December - 24 December. According to IOM DTM Yemen, a total of 2 households were displaced from Al Jarrahi, Al Hudaydah Governorate to Hays, Al Hudaydah Governorate due to conflict reasons between 24 December 2025 and 24 December 2025. IOM DTM Yemen - 07 October 2025",,Conflict
226217,Yemen,YEM,14.1669,46.7803895,"[14.1669, 46.7803895]",Triangulation,Conflict,total,6,2025-12-24,2025-12-24,2025-12-24,2025,39293,Yemen: Non-International armed conflict (NIAC) - Hadramawt - 12/2025,,,2025-12-01,2025-12-31,,,,,,IOM DTM Yemen,,"Al Madahif, Ta'izz Governorate, Yemen; Shihr District, Hadramaut Governorate, Yemen","13.42683, 43.94326; 14.90697, 49.617519",District/Zone/Department (ADM2); District/Zone/Department (ADM2),Destination; Origin,Displacement without preventive evacuations reported,2026-02-05T13:10:07.824974Z,"Yemen: 6 displacements, 24 December - 24 December. According to IOM DTM Yemen, one household was displaced from Shihr District, Hadramaut Governorate to Al Madahif, Ta'izz Governorate due to conflict reasons between 24 December 2025 and 24 December 2025. IOM DTM Yemen - 07 October 2025",,Conflict
226207,Yemen,YEM,15.7573555,47.163159,"[15.7573555, 47.163159]",Triangulation,Conflict,total,6,2025-12-24,2025-12-24,2025-12-24,2025,39293,Yemen: Non-International armed conflict (NIAC) - Hadramawt - 12/2025,,,2025-12-01,2025-12-31,,,,,,IOM DTM Yemen,,"Madinat Marib, Marib Governorate, Yemen; Tarim District, Hadramaut Governorate, Yemen","15.41567, 45.303421; 16.099041, 49.022897",District/Zone/Department (ADM2); District/Zone/Department (ADM2),Destination; Origin,Displacement without preventive evacuations reported,2026-02-05T13:10:07.314384Z,"Yemen: 6 displacements, 24 December - 24 December. According to IOM DTM Yemen, one household was displaced from Tarim District, Hadramaut Governorate to Madinat Marib, Marib Governorate due to conflict reasons between 24 December 2025 and 24 December 2025. IOM DTM Yemen - 07 October 2025",,Conflict
226208,Yemen,YEM,15.775355000000001,47.03611,"[15.775355000000001, 47.03611]",Triangulation,Conflict,total,12,2025-12-24,2025-12-24,2025-12-24,2025,39293,Yemen: Non-International armed conflict (NIAC) - Hadramawt - 12/2025,,,2025-12-01,2025-12-31,,,,,,IOM DTM Yemen,,"Madinat Marib, Marib Governorate, Yemen; Seiyun District, Hadramaut Governorate, Yemen","15.41567, 45.303421; 16.13504, 48.768799",District/Zone/Department (ADM2); District/Zone/Department (ADM2),Destination; Origin,Displacement without preventive evacuations reported,2026-02-05T13:10:07.362309Z,"Yemen: 12 displacements, 24 December - 24 December. According to IOM DTM Yemen, a total of 2 households were displaced from Seiyun District, Hadramaut Governorate to Madinat Marib, Marib Governorate due to conflict reasons between 24 December 2025 and 24 December 2025. IOM DTM Yemen - 07 October 2025",,Conflict
226215,Yemen,YEM,13.977285,45.3943195,"[13.977285, 45.3943195]",Triangulation,Conflict,total,6,2025-12-23,2025-12-23,2025-12-23,2025,39294,Yemen: Non-International armed conflict (NIAC) - Shabwah - 12/2025,,,2025-12-01,2025-12-31,,,,,,IOM DTM Yemen,,"Al Madahif, Ta'izz Governorate, Yemen; Ataq, Shabwah Governorate, Yemen","13.42683, 43.94326; 14.52774, 46.845379",District/Zone/Department (ADM2); District/Zone/Department (ADM2),Destination; Origin,Displacement without preventive evacuations reported,2026-02-05T13:10:07.725953Z,"Yemen: 6 displacements, 23 December - 23 December. According to IOM DTM Yemen, one household was displaced from Ataq, Shabwah Governorate to Al Madahif, Ta'izz Governorate due to conflict reasons between 23 December 2025 and 23 December 2025. IOM DTM Yemen - 07 October 2025",,Conflict
226216,Yemen,YEM,13.730195,44.049169500000005,"[13.730195, 44.049169500000005]",Triangulation,Conflict,total,6,2025-12-23,2025-12-23,2025-12-23,2025,39289,Yemen: Non-International armed conflict (NIAC) - Ibb - 12/2025,,,2025-12-01,2025-12-31,,,,,,IOM DTM Yemen,,"Al Madahif, Ta'izz Governorate, Yemen; Ibb, Ibb Governorate, Yemen","13.42683, 43.94326; 14.03356, 44.155079",District/Zone/Department (ADM2); District/Zone/Department (ADM2),Destination; Origin,Displacement without preventive evacuations reported,2026-02-05T13:10:07.775026Z,"Yemen: 6 displacements, 23 December - 23 December. According to IOM DTM Yemen, one household was displaced from Ibb, Ibb Governorate to Al Madahif, Ta'izz Governorate due to conflict reasons between 23 December 2025 and 23 December 2025. IOM DTM Yemen - 07 October 2025",,Conflict
226203,Yemen,YEM,15.665845000000001,46.29043,"[15.665845000000001, 46.29043]",Triangulation,Conflict,total,18,2025-12-23,2025-12-23,2025-12-23,2025,39293,Yemen: Non-International armed conflict (NIAC) - Hadramawt - 12/2025,,,2025-12-01,2025-12-31,,,,,,IOM DTM Yemen,,"Al Abar District, Hadramaut Governorate, Yemen; Madinat Marib, Marib Governorate, Yemen","15.91602, 47.277439; 15.41567, 45.303421",District/Zone/Department (ADM2); District/Zone/Department (ADM2),Origin; Destination,Displacement without preventive evacuations reported,2026-02-05T13:10:07.118903Z,"Yemen: 18 displacements, 23 December - 23 December. According to IOM DTM Yemen, a total of 3 households were displaced from Al Abar District, Hadramaut Governorate to Madinat Marib, Marib Governorate due to conflict reasons between 23 December 2025 and 23 December 2025. IOM DTM Yemen - 07 October 2025",,Conflict
226205,Yemen,YEM,15.775355000000001,47.03611,"[15.775355000000001, 47.03611]",Triangulation,Conflict,total,12,2025-12-23,2025-12-23,2025-12-23,2025,39293,Yemen: Non-International armed conflict (NIAC) - Hadramawt - 12/2025,,,2025-12-01,2025-12-31,,,,,,IOM DTM Yemen,,"Madinat Marib, Marib Governorate, Yemen; Seiyun District, Hadramaut Governorate, Yemen","15.41567, 45.303421; 16.13504, 48.768799",District/Zone/Department (ADM2); District/Zone/Department (ADM2),Destination; Origin,Displacement without preventive evacuations reported,2026-02-05T13:10:07.215074Z,"Yemen: 12 displacements, 23 December - 23 December. According to IOM DTM Yemen, a total of 2 households were displaced from Seiyun District, Hadramaut Governorate to Madinat Marib, Marib Governorate due to conflict reasons between 23 December 2025 and 23 December 2025. IOM DTM Yemen - 07 October 2025",,Conflict
226204,Yemen,YEM,15.70696,46.7735215,"[15.70696, 46.7735215]",Triangulation,Conflict,total,24,2025-12-23,2025-12-23,2025-12-23,2025,39293,Yemen: Non-International armed conflict (NIAC) - Hadramawt - 12/2025,,,2025-12-01,2025-12-31,,,,,,IOM DTM Yemen,,"Al Qatn District, Hadramaut Governorate, Yemen; Madinat Marib, Marib Governorate, Yemen","15.99825, 48.243622; 15.41567, 45.303421",District/Zone/Department (ADM2); District/Zone/Department (ADM2),Origin; Destination,Displacement without preventive evacuations reported,2026-02-05T13:10:07.167588Z,"Yemen: 24 displacements, 23 December - 23 December. According to IOM DTM Yemen, a total of 4 households were displaced from Al Qatn District, Hadramaut Governorate to Madinat Marib, Marib Governorate due to conflict reasons between 23 December 2025 and 23 December 2025. IOM DTM Yemen - 07 October 2025",,Conflict
226206,Yemen,YEM,15.68695,46.30023,"[15.68695, 46.30023]",Triangulation,Conflict,total,6,2025-12-23,2025-12-23,2025-12-23,2025,39293,Yemen: Non-International armed conflict (NIAC) - Hadramawt - 12/2025,,,2025-12-01,2025-12-31,,,,,,IOM DTM Yemen,,"Al Abar District, Hadramaut Governorate, Yemen; Marib, Marib Governorate, Yemen","15.91602, 47.277439; 15.45788, 45.323021",District/Zone/Department (ADM2); District/Zone/Department (ADM2),Origin; Destination,Displacement without preventive evacuations reported,2026-02-05T13:10:07.266623Z,"Yemen: 6 displacements, 23 December - 23 December. According to IOM DTM Yemen, one household was displaced from Al Abar District, Hadramaut Governorate to Marib, Marib Governorate due to conflict reasons between 23 December 2025 and 23 December 2025. IOM DTM Yemen - 07 October 2025",,Conflict
226202,Yemen,YEM,15.775355000000001,47.03611,"[15.775355000000001, 47.03611]",Triangulation,Conflict,total,6,2025-12-22,2025-12-22,2025-12-22,2025,39293,Yemen: Non-International armed conflict (NIAC) - Hadramawt - 12/2025,,,2025-12-01,2025-12-31,,,,,,IOM DTM Yemen,,"Madinat Marib, Marib Governorate, Yemen; Seiyun District, Hadramaut Governorate, Yemen","15.41567, 45.303421; 16.13504, 48.768799",District/Zone/Department (ADM2); District/Zone/Department (ADM2),Destination; Origin,Displacement without preventive evacuations reported,2026-02-05T13:10:07.070411Z,"Yemen: 6 displacements, 22 December - 22 December. According to IOM DTM Yemen, one household was displaced from Seiyun District, Hadramaut Governorate to Madinat Marib, Marib Governorate due to conflict reasons between 22 December 2025 and 22 December 2025. IOM DTM Yemen - 07 October 2025",,Conflict
226201,Yemen,YEM,15.79646,47.04591,"[15.79646, 47.04591]",Triangulation,Conflict,total,6,2025-12-22,2025-12-22,2025-12-22,2025,39293,Yemen: Non-International armed conflict (NIAC) - Hadramawt - 12/2025,,,2025-12-01,2025-12-31,,,,,,IOM DTM Yemen,,"Marib, Marib Governorate, Yemen; Seiyun District, Hadramaut Governorate, Yemen","15.45788, 45.323021; 16.13504, 48.768799",District/Zone/Department (ADM2); District/Zone/Department (ADM2),Destination; Origin,Displacement without preventive evacuations reported,2026-02-05T13:10:07.018645Z,"Yemen: 6 displacements, 22 December - 22 December. According to IOM DTM Yemen, one household was displaced from Seiyun District, Hadramaut Governorate to Marib, Marib Governorate due to conflict reasons between 22 December 2025 and 22 December 2025. IOM DTM Yemen - 07 October 2025",,Conflict
226198,Yemen,YEM,15.555635500000001,47.005607499999996,"[15.555635500000001, 47.005607499999996]",Triangulation,Conflict,total,6,2025-12-22,2025-12-22,2025-12-22,2025,39293,Yemen: Non-International armed conflict (NIAC) - Hadramawt - 12/2025,,,2025-12-01,2025-12-31,,,,,,IOM DTM Yemen,,"Al Abar District, Hadramaut Governorate, Yemen; Jardan District, Shabwah Governorate, Yemen","15.91602, 47.277439; 15.195251, 46.733776",District/Zone/Department (ADM2); District/Zone/Department (ADM2),Origin; Destination,Displacement without preventive evacuations reported,2026-02-05T13:10:06.869494Z,"Yemen: 6 displacements, 22 December - 22 December. According to IOM DTM Yemen, one household was displaced from Al Abar District, Hadramaut Governorate to Jardan District, Shabwah Governorate due to conflict reasons between 22 December 2025 and 22 December 2025. IOM DTM Yemen - 07 October 2025",,Conflict
226197,Yemen,YEM,15.5967505,47.488699,"[15.5967505, 47.488699]",Triangulation,Conflict,total,12,2025-12-22,2025-12-22,2025-12-22,2025,39293,Yemen: Non-International armed conflict (NIAC) - Hadramawt - 12/2025,,,2025-12-01,2025-12-31,,,,,,IOM DTM Yemen,,"Al Qatn District, Hadramaut Governorate, Yemen; Jardan District, Shabwah Governorate, Yemen","15.99825, 48.243622; 15.195251, 46.733776",District/Zone/Department (ADM2); District/Zone/Department (ADM2),Origin; Destination,Displacement without preventive evacuations reported,2026-02-05T13:10:06.815455Z,"Yemen: 12 displacements, 22 December - 22 December. According to IOM DTM Yemen, a total of 2 households were displaced from Al Qatn District, Hadramaut Governorate to Jardan District, Shabwah Governorate due to conflict reasons between 22 December 2025 and 22 December 2025. IOM DTM Yemen - 07 October 2025",,Conflict
226196,Yemen,YEM,15.665145500000001,47.751287500000004,"[15.665145500000001, 47.751287500000004]",Triangulation,Conflict,total,6,2025-12-22,2025-12-22,2025-12-22,2025,39293,Yemen: Non-International armed conflict (NIAC) - Hadramawt - 12/2025,,,2025-12-01,2025-12-31,,,,,,IOM DTM Yemen,,"Jardan District, Shabwah Governorate, Yemen; Seiyun District, Hadramaut Governorate, Yemen","15.195251, 46.733776; 16.13504, 48.768799",District/Zone/Department (ADM2); District/Zone/Department (ADM2),Destination; Origin,Displacement without preventive evacuations reported,2026-02-05T13:10:03.935356Z,"Yemen: 6 displacements, 22 December - 22 December. According to IOM DTM Yemen, one household was displaced from Seiyun District, Hadramaut Governorate to Jardan District, Shabwah Governorate due to conflict reasons between 22 December 2025 and 22 December 2025. IOM DTM Yemen - 07 October 2025",,Conflict
226199,Yemen,YEM,15.957135000000001,47.7605305,"[15.957135000000001, 47.7605305]",Triangulation,Conflict,total,6,2025-12-22,2025-12-22,2025-12-22,2025,39293,Yemen: Non-International armed conflict (NIAC) - Hadramawt - 12/2025,,,2025-12-01,2025-12-31,,,,,,IOM DTM Yemen,,"Al Abar District, Hadramaut Governorate, Yemen; Al Qatn District, Hadramaut Governorate, Yemen","15.91602, 47.277439; 15.99825, 48.243622",District/Zone/Department (ADM2); District/Zone/Department (ADM2),Destination; Origin,Displacement without preventive evacuations reported,2026-02-05T13:10:06.918990Z,"Yemen: 6 displacements, 22 December - 22 December. According to IOM DTM Yemen, one household was displaced from Al Qatn District, Hadramaut Governorate to Al Abar District, Hadramaut Governorate due to conflict reasons between 22 December 2025 and 22 December 2025. IOM DTM Yemen - 07 October 2025",,Conflict
226200,Yemen,YEM,14.511755,47.593451,"[14.511755, 47.593451]",Triangulation,Conflict,total,12,2025-12-22,2025-12-22,2025-12-22,2025,39295,Yemen: Non-International armed conflict (NIAC) - Al Maharah - 12/2025,,,2025-12-01,2025-12-31,,,,,,IOM DTM Yemen,,"Jabal Habashi, Ta'izz Governorate, Yemen; Saihut District, Al Mahrah Governorate, Yemen","13.47389, 43.888062; 15.54962, 51.29884",District/Zone/Department (ADM2); District/Zone/Department (ADM2),Destination; Origin,Displacement without preventive evacuations reported,2026-02-05T13:10:06.967245Z,"Yemen: 12 displacements, 22 December - 22 December. According to IOM DTM Yemen, a total of 2 households were displaced from Saihut District, Al Mahrah Governorate to Jabal Habashi, Ta'izz Governorate due to conflict reasons between 22 December 2025 and 22 December 2025. IOM DTM Yemen - 07 October 2025",,Conflict
226189,Yemen,YEM,15.652731,46.9784315,"[15.652731, 46.9784315]",Triangulation,Conflict,total,12,2025-12-21,2025-12-21,2025-12-21,2025,39293,Yemen: Non-International armed conflict (NIAC) - Hadramawt - 12/2025,,,2025-12-01,2025-12-31,,,,,,IOM DTM Yemen,,"Madinat Marib, Marib Governorate, Yemen; Shibam District, Hadramaut Governorate, Yemen","15.41567, 45.303421; 15.889792, 48.653442",District/Zone/Department (ADM2); District/Zone/Department (ADM2),Destination; Origin,Displacement without preventive evacuations reported,2026-02-05T13:10:03.419077Z,"Yemen: 12 displacements, 21 December - 21 December. According to IOM DTM Yemen, a total of 2 households were displaced from Shibam District, Hadramaut Governorate to Madinat Marib, Marib Governorate due to conflict reasons between 21 December 2025 and 21 December 2025. IOM DTM Yemen - 07 October 2025",,Conflict
226186,Yemen,YEM,14.725085,45.791651,"[14.725085, 45.791651]",Triangulation,Conflict,total,24,2025-12-21,2025-12-21,2025-12-21,2025,39298,Yemen: Non-International armed conflict (NIAC) - Al Bayda - 12/2025,,,2025-12-01,2025-12-31,,,,,,IOM DTM Yemen,,"Bayhan, Shabwah Governorate, Yemen; Nati, Al Bayda' Governorate, Yemen","14.86684, 45.91663; 14.58333, 45.666672",District/Zone/Department (ADM2); District/Zone/Department (ADM2),Destination; Origin,Displacement without preventive evacuations reported,2026-02-05T13:10:03.244609Z,"Yemen: 24 displacements, 21 December - 21 December. According to IOM DTM Yemen, a total of 4 households were displaced from Nati, Al Bayda' Governorate to Bayhan, Shabwah Governorate due to conflict reasons between 21 December 2025 and 21 December 2025. IOM DTM Yemen - 07 October 2025",,Conflict
226188,Yemen,YEM,15.70696,46.7735215,"[15.70696, 46.7735215]",Triangulation,Conflict,total,24,2025-12-21,2025-12-21,2025-12-21,2025,39293,Yemen: Non-International armed conflict (NIAC) - Hadramawt - 12/2025,,,2025-12-01,2025-12-31,,,,,,IOM DTM Yemen,,"Al Qatn District, Hadramaut Governorate, Yemen; Madinat Marib, Marib Governorate, Yemen","15.99825, 48.243622; 15.41567, 45.303421",District/Zone/Department (ADM2); District/Zone/Department (ADM2),Origin; Destination,Displacement without preventive evacuations reported,2026-02-05T13:10:03.361867Z,"Yemen: 24 displacements, 21 December - 21 December. According to IOM DTM Yemen, a total of 4 households were displaced from Al Qatn District, Hadramaut Governorate to Madinat Marib, Marib Governorate due to conflict reasons between 21 December 2025 and 21 December 2025. IOM DTM Yemen - 07 October 2025",,Conflict
226193,Yemen,YEM,15.775355000000001,47.03611,"[15.775355000000001, 47.03611]",Triangulation,Conflict,total,6,2025-12-21,2025-12-21,2025-12-21,2025,39293,Yemen: Non-International armed conflict (NIAC) - Hadramawt - 12/2025,,,2025-12-01,2025-12-31,,,,,,IOM DTM Yemen,,"Madinat Marib, Marib Governorate, Yemen; Seiyun District, Hadramaut Governorate, Yemen","15.41567, 45.303421; 16.13504, 48.768799",District/Zone/Department (ADM2); District/Zone/Department (ADM2),Destination; Origin,Displacement without preventive evacuations reported,2026-02-05T13:10:03.686401Z,"Yemen: 6 displacements, 21 December - 21 December. According to IOM DTM Yemen, one household was displaced from Seiyun District, Hadramaut Governorate to Madinat Marib, Marib Governorate due to conflict reasons between 21 December 2025 and 21 December 2025. IOM DTM Yemen - 07 October 2025",,Conflict
226194,Yemen,YEM,13.79617,43.584526,"[13.79617, 43.584526]",Triangulation,Conflict,total,6,2025-12-21,2025-12-21,2025-12-21,2025,39292,Yemen: Non-International armed conflict (NIAC) - Taiz - 12/2025,,,2025-12-01,2025-12-31,,,,,,IOM DTM Yemen,,"Hays, Al Hudaydah Governorate, Yemen; Maqbanah, Ta'izz Governorate, Yemen","13.9317, 43.483101; 13.66064, 43.685951",District/Zone/Department (ADM2); District/Zone/Department (ADM2),Destination; Origin,Displacement without preventive evacuations reported,2026-02-05T13:10:03.743100Z,"Yemen: 6 displacements, 21 December - 21 December. According to IOM DTM Yemen, one household was displaced from Maqbanah, Ta'izz Governorate to Hays, Al Hudaydah Governorate due to conflict reasons between 21 December 2025 and 21 December 2025. IOM DTM Yemen - 07 October 2025",,Conflict
226195,Yemen,YEM,14.79835,46.394754500000005,"[14.79835, 46.394754500000005]",Triangulation,Conflict,total,12,2025-12-21,2025-12-21,2025-12-21,2025,39293,Yemen: Non-International armed conflict (NIAC) - Hadramawt - 12/2025,,,2025-12-01,2025-12-31,,,,,,IOM DTM Yemen,,"Al Misrakh, Ta'izz Governorate, Yemen; Seiyun District, Hadramaut Governorate, Yemen","13.46166, 44.02071; 16.13504, 48.768799",District/Zone/Department (ADM2); District/Zone/Department (ADM2),Destination; Origin,Displacement without preventive evacuations reported,2026-02-05T13:10:03.858634Z,"Yemen: 12 displacements, 21 December - 21 December. According to IOM DTM Yemen, a total of 2 households were displaced from Seiyun District, Hadramaut Governorate to Al Misrakh, Ta'izz Governorate due to conflict reasons between 21 December 2025 and 21 December 2025. IOM DTM Yemen - 07 October 2025",,Conflict
226192,Yemen,YEM,15.79646,47.04591,"[15.79646, 47.04591]",Triangulation,Conflict,total,6,2025-12-21,2025-12-21,2025-12-21,2025,39293,Yemen: Non-International armed conflict (NIAC) - Hadramawt - 12/2025,,,2025-12-01,2025-12-31,,,,,,IOM DTM Yemen,,"Marib, Marib Governorate, Yemen; Seiyun District, Hadramaut Governorate, Yemen","15.45788, 45.323021; 16.13504, 48.768799",District/Zone/Department (ADM2); District/Zone/Department (ADM2),Destination; Origin,Displacement without preventive evacuations reported,2026-02-05T13:10:03.603697Z,"Yemen: 6 displacements, 21 December - 21 December. According to IOM DTM Yemen, one household was displaced from Seiyun District, Hadramaut Governorate to Marib, Marib Governorate due to conflict reasons between 21 December 2025 and 21 December 2025. IOM DTM Yemen - 07 October 2025",,Conflict
226185,Yemen,YEM,14.758420000000001,44.924980500000004,"[14.758420000000001, 44.924980500000004]",Triangulation,Conflict,total,12,2025-12-21,2025-12-21,2025-12-21,2025,39288,Yemen: Non-International armed conflict (NIAC) - Dhamar - 12/2025,,,2025-12-01,2025-12-31,,,,,,IOM DTM Yemen,,"Bayhan, Shabwah Governorate, Yemen; Otma, Dhamar Governorate, Yemen","14.86684, 45.91663; 14.65, 43.933331",District/Zone/Department (ADM2); District/Zone/Department (ADM2),Destination; Origin,Displacement without preventive evacuations reported,2026-02-05T13:10:03.190440Z,"Yemen: 12 displacements, 21 December - 21 December. According to IOM DTM Yemen, a total of 2 households were displaced from Otma, Dhamar Governorate to Bayhan, Shabwah Governorate due to conflict reasons between 21 December 2025 and 21 December 2025. IOM DTM Yemen - 07 October 2025",,Conflict
226191,Yemen,YEM,15.68695,46.30023,"[15.68695, 46.30023]",Triangulation,Conflict,total,6,2025-12-21,2025-12-21,2025-12-21,2025,39293,Yemen: Non-International armed conflict (NIAC) - Hadramawt - 12/2025,,,2025-12-01,2025-12-31,,,,,,IOM DTM Yemen,,"Al Abar District, Hadramaut Governorate, Yemen; Marib, Marib Governorate, Yemen","15.91602, 47.277439; 15.45788, 45.323021",District/Zone/Department (ADM2); District/Zone/Department (ADM2),Origin; Destination,Displacement without preventive evacuations reported,2026-02-05T13:10:03.536508Z,"Yemen: 6 displacements, 21 December - 21 December. According to IOM DTM Yemen, one household was displaced from Al Abar District, Hadramaut Governorate to Marib, Marib Governorate due to conflict reasons between 21 December 2025 and 21 December 2025. IOM DTM Yemen - 07 October 2025",,Conflict
226190,Yemen,YEM,14.695175500000001,45.024479,"[14.695175500000001, 45.024479]",Triangulation,Conflict,total,6,2025-12-21,2025-12-21,2025-12-21,2025,39287,Yemen: Non-International armed conflict (NIAC) - Al Hodeidah - 12/2025,,,2025-12-01,2025-12-31,,,,,,IOM DTM Yemen,,"Jardan District, Shabwah Governorate, Yemen; Zabid, Al Hudaydah Governorate, Yemen","15.195251, 46.733776; 14.1951, 43.315182",District/Zone/Department (ADM2); District/Zone/Department (ADM2),Destination; Origin,Displacement without preventive evacuations reported,2026-02-05T13:10:03.475706Z,"Yemen: 6 displacements, 21 December - 21 December. According to IOM DTM Yemen, one household was displaced from Zabid, Al Hudaydah Governorate to Jardan District, Shabwah Governorate due to conflict reasons between 21 December 2025 and 21 December 2025. IOM DTM Yemen - 07 October 2025",,Conflict
226187,Yemen,YEM,15.665845000000001,46.29043,"[15.665845000000001, 46.29043]",Triangulation,Conflict,total,12,2025-12-21,2025-12-21,2025-12-21,2025,39293,Yemen: Non-International armed conflict (NIAC) - Hadramawt - 12/2025,,,2025-12-01,2025-12-31,,,,,,IOM DTM Yemen,,"Al Abar District, Hadramaut Governorate, Yemen; Madinat Marib, Marib Governorate, Yemen","15.91602, 47.277439; 15.41567, 45.303421",District/Zone/Department (ADM2); District/Zone/Department (ADM2),Origin; Destination,Displacement without preventive evacuations reported,2026-02-05T13:10:03.305315Z,"Yemen: 12 displacements, 21 December - 21 December. According to IOM DTM Yemen, a total of 2 households were displaced from Al Abar District, Hadramaut Governorate to Madinat Marib, Marib Governorate due to conflict reasons between 21 December 2025 and 21 December 2025. IOM DTM Yemen - 07 October 2025",,Conflict
226183,Yemen,YEM,15.200395,44.41436,"[15.200395, 44.41436]",Triangulation,Conflict,total,12,2025-12-20,2025-12-20,2025-12-20,2025,39293,Yemen: Non-International armed conflict (NIAC) - Hadramawt - 12/2025,,,2025-12-01,2025-12-31,,,,,,IOM DTM Yemen,,"Madinat Marib, Marib Governorate, Yemen; Wadi al Ayn, Al Hudaydah Governorate, Yemen","15.41567, 45.303421; 14.98512, 43.525299",District/Zone/Department (ADM2); District/Zone/Department (ADM2),Destination; Origin,Displacement without preventive evacuations reported,2026-02-05T13:10:03.081446Z,"Yemen: 12 displacements, 20 December - 20 December. According to IOM DTM Yemen, a total of 2 households were displaced from Wadi al Ayn, Al Hudaydah Governorate to Madinat Marib, Marib Governorate due to conflict reasons between 20 December 2025 and 20 December 2025. IOM DTM Yemen - 07 October 2025",,Conflict
226180,Yemen,YEM,15.775355000000001,47.03611,"[15.775355000000001, 47.03611]",Triangulation,Conflict,total,72,2025-12-20,2025-12-20,2025-12-20,2025,39293,Yemen: Non-International armed conflict (NIAC) - Hadramawt - 12/2025,,,2025-12-01,2025-12-31,,,,,,IOM DTM Yemen,,"Madinat Marib, Marib Governorate, Yemen; Seiyun District, Hadramaut Governorate, Yemen","15.41567, 45.303421; 16.13504, 48.768799",District/Zone/Department (ADM2); District/Zone/Department (ADM2),Destination; Origin,Displacement without preventive evacuations reported,2026-02-05T13:10:02.925749Z,"Yemen: 72 displacements, 20 December - 20 December. According to IOM DTM Yemen, a total of 12 households were displaced from Seiyun District, Hadramaut Governorate to Madinat Marib, Marib Governorate due to conflict reasons between 20 December 2025 and 20 December 2025. IOM DTM Yemen - 07 October 2025",,Conflict
226181,Yemen,YEM,15.728065,46.7833215,"[15.728065, 46.7833215]",Triangulation,Conflict,total,12,2025-12-20,2025-12-20,2025-12-20,2025,39293,Yemen: Non-International armed conflict (NIAC) - Hadramawt - 12/2025,,,2025-12-01,2025-12-31,,,,,,IOM DTM Yemen,,"Al Qatn District, Hadramaut Governorate, Yemen; Marib, Marib Governorate, Yemen","15.99825, 48.243622; 15.45788, 45.323021",District/Zone/Department (ADM2); District/Zone/Department (ADM2),Origin; Destination,Displacement without preventive evacuations reported,2026-02-05T13:10:02.977181Z,"Yemen: 12 displacements, 20 December - 20 December. According to IOM DTM Yemen, a total of 2 households were displaced from Al Qatn District, Hadramaut Governorate to Marib, Marib Governorate due to conflict reasons between 20 December 2025 and 20 December 2025. IOM DTM Yemen - 07 October 2025",,Conflict
226182,Yemen,YEM,15.70696,46.7735215,"[15.70696, 46.7735215]",Triangulation,Conflict,total,18,2025-12-20,2025-12-20,2025-12-20,2025,39293,Yemen: Non-International armed conflict (NIAC) - Hadramawt - 12/2025,,,2025-12-01,2025-12-31,,,,,,IOM DTM Yemen,,"Al Qatn District, Hadramaut Governorate, Yemen; Madinat Marib, Marib Governorate, Yemen","15.99825, 48.243622; 15.41567, 45.303421",District/Zone/Department (ADM2); District/Zone/Department (ADM2),Origin; Destination,Displacement without preventive evacuations reported,2026-02-05T13:10:03.031106Z,"Yemen: 18 displacements, 20 December - 20 December. According to IOM DTM Yemen, a total of 3 households were displaced from Al Qatn District, Hadramaut Governorate to Madinat Marib, Marib Governorate due to conflict reasons between 20 December 2025 and 20 December 2025. IOM DTM Yemen - 07 October 2025",,Conflict
226184,Yemen,YEM,15.79646,47.04591,"[15.79646, 47.04591]",Triangulation,Conflict,total,6,2025-12-20,2025-12-20,2025-12-20,2025,39293,Yemen: Non-International armed conflict (NIAC) - Hadramawt - 12/2025,,,2025-12-01,2025-12-31,,,,,,IOM DTM Yemen,,"Marib, Marib Governorate, Yemen; Seiyun District, Hadramaut Governorate, Yemen","15.45788, 45.323021; 16.13504, 48.768799",District/Zone/Department (ADM2); District/Zone/Department (ADM2),Destination; Origin,Displacement without preventive evacuations reported,2026-02-05T13:10:03.135926Z,"Yemen: 6 displacements, 20 December - 20 December. According to IOM DTM Yemen, one household was displaced from Seiyun District, Hadramaut Governorate to Marib, Marib Governorate due to conflict reasons between 20 December 2025 and 20 December 2025. IOM DTM Yemen - 07 October 2025",,Conflict
226179,Yemen,YEM,16.02553,48.023119,"[16.02553, 48.023119]",Triangulation,Conflict,total,6,2025-12-20,2025-12-20,2025-12-20,2025,39293,Yemen: Non-International armed conflict (NIAC) - Hadramawt - 12/2025,,,2025-12-01,2025-12-31,,,,,,IOM DTM Yemen,,"Al Abar District, Hadramaut Governorate, Yemen; Seiyun District, Hadramaut Governorate, Yemen","15.91602, 47.277439; 16.13504, 48.768799",District/Zone/Department (ADM2); District/Zone/Department (ADM2),Destination; Origin,Displacement without preventive evacuations reported,2026-02-05T13:10:02.854602Z,"Yemen: 6 displacements, 20 December - 20 December. According to IOM DTM Yemen, one household was displaced from Seiyun District, Hadramaut Governorate to Al Abar District, Hadramaut Governorate due to conflict reasons between 20 December 2025 and 20 December 2025. IOM DTM Yemen - 07 October 2025",,Conflict
226178,Yemen,YEM,15.56008,46.147048999999996,"[15.56008, 46.147048999999996]",Triangulation,Conflict,total,6,2025-12-19,2025-12-19,2025-12-19,2025,39293,Yemen: Non-International armed conflict (NIAC) - Hadramawt - 12/2025,,,2025-12-01,2025-12-31,,,,,,IOM DTM Yemen,,"Seiyun District, Hadramaut Governorate, Yemen; Wadi al Ayn, Al Hudaydah Governorate, Yemen","16.13504, 48.768799; 14.98512, 43.525299",District/Zone/Department (ADM2); District/Zone/Department (ADM2),Origin; Destination,Displacement without preventive evacuations reported,2026-02-05T13:10:02.795615Z,"Yemen: 6 displacements, 19 December - 19 December. According to IOM DTM Yemen, one household was displaced from Seiyun District, Hadramaut Governorate to Wadi al Ayn, Al Hudaydah Governorate due to conflict reasons between 19 December 2025 and 19 December 2025. IOM DTM Yemen - 07 October 2025",,Conflict
226175,Yemen,YEM,15.200395,44.41436,"[15.200395, 44.41436]",Triangulation,Conflict,total,24,2025-12-19,2025-12-19,2025-12-19,2025,39293,Yemen: Non-International armed conflict (NIAC) - Hadramawt - 12/2025,,,2025-12-01,2025-12-31,,,,,,IOM DTM Yemen,,"Madinat Marib, Marib Governorate, Yemen; Wadi al Ayn, Al Hudaydah Governorate, Yemen","15.41567, 45.303421; 14.98512, 43.525299",District/Zone/Department (ADM2); District/Zone/Department (ADM2),Destination; Origin,Displacement without preventive evacuations reported,2026-02-05T13:10:02.634140Z,"Yemen: 24 displacements, 19 December - 19 December. According to IOM DTM Yemen, a total of 4 households were displaced from Wadi al Ayn, Al Hudaydah Governorate to Madinat Marib, Marib Governorate due to conflict reasons between 19 December 2025 and 19 December 2025. IOM DTM Yemen - 07 October 2025",,Conflict
226174,Yemen,YEM,15.665845000000001,46.29043,"[15.665845000000001, 46.29043]",Triangulation,Conflict,total,18,2025-12-19,2025-12-19,2025-12-19,2025,39293,Yemen: Non-International armed conflict (NIAC) - Hadramawt - 12/2025,,,2025-12-01,2025-12-31,,,,,,IOM DTM Yemen,,"Al Abar District, Hadramaut Governorate, Yemen; Madinat Marib, Marib Governorate, Yemen","15.91602, 47.277439; 15.41567, 45.303421",District/Zone/Department (ADM2); District/Zone/Department (ADM2),Origin; Destination,Displacement without preventive evacuations reported,2026-02-05T13:10:02.584334Z,"Yemen: 18 displacements, 19 December - 19 December. According to IOM DTM Yemen, a total of 3 households were displaced from Al Abar District, Hadramaut Governorate to Madinat Marib, Marib Governorate due to conflict reasons between 19 December 2025 and 19 December 2025. IOM DTM Yemen - 07 October 2025",,Conflict
226176,Yemen,YEM,15.775355000000001,47.03611,"[15.775355000000001, 47.03611]",Triangulation,Conflict,total,54,2025-12-19,2025-12-19,2025-12-19,2025,39293,Yemen: Non-International armed conflict (NIAC) - Hadramawt - 12/2025,,,2025-12-01,2025-12-31,,,,,,IOM DTM Yemen,,"Madinat Marib, Marib Governorate, Yemen; Seiyun District, Hadramaut Governorate, Yemen","15.41567, 45.303421; 16.13504, 48.768799",District/Zone/Department (ADM2); District/Zone/Department (ADM2),Destination; Origin,Displacement without preventive evacuations reported,2026-02-05T13:10:02.686546Z,"Yemen: 54 displacements, 19 December - 19 December. According to IOM DTM Yemen, a total of 9 households were displaced from Seiyun District, Hadramaut Governorate to Madinat Marib, Marib Governorate due to conflict reasons between 19 December 2025 and 19 December 2025. IOM DTM Yemen - 07 October 2025",,Conflict
226172,Yemen,YEM,15.775355000000001,47.03611,"[15.775355000000001, 47.03611]",Triangulation,Conflict,total,24,2025-12-18,2025-12-18,2025-12-18,2025,39293,Yemen: Non-International armed conflict (NIAC) - Hadramawt - 12/2025,,,2025-12-01,2025-12-31,,,,,,IOM DTM Yemen,,"Madinat Marib, Marib Governorate, Yemen; Seiyun District, Hadramaut Governorate, Yemen","15.41567, 45.303421; 16.13504, 48.768799",District/Zone/Department (ADM2); District/Zone/Department (ADM2),Destination; Origin,Displacement without preventive evacuations reported,2026-02-05T13:10:02.466061Z,"Yemen: 24 displacements, 18 December - 18 December. According to IOM DTM Yemen, a total of 4 households were displaced from Seiyun District, Hadramaut Governorate to Madinat Marib, Marib Governorate due to conflict reasons between 18 December 2025 and 18 December 2025. IOM DTM Yemen - 07 October 2025",,Conflict
226177,Yemen,YEM,13.813465,43.7125665,"[13.813465, 43.7125665]",Triangulation,Conflict,total,6,2025-12-18,2025-12-18,2025-12-18,2025,39289,Yemen: Non-International armed conflict (NIAC) - Ibb - 12/2025,,,2025-12-01,2025-12-31,,,,,,IOM DTM Yemen,,"Al Khawkhah, Al Hudaydah Governorate, Yemen; Dhi as Sufal, Ibb Governorate, Yemen","13.80556, 43.347382; 13.82137, 44.077751",District/Zone/Department (ADM2); District/Zone/Department (ADM2),Destination; Origin,Displacement without preventive evacuations reported,2026-02-05T13:10:02.742071Z,"Yemen: 6 displacements, 18 December - 18 December. According to IOM DTM Yemen, one household was displaced from Dhi as Sufal, Ibb Governorate to Al Khawkhah, Al Hudaydah Governorate due to conflict reasons between 18 December 2025 and 18 December 2025. IOM DTM Yemen - 07 October 2025",,Conflict
226173,Yemen,YEM,15.70696,46.7735215,"[15.70696, 46.7735215]",Triangulation,Conflict,total,18,2025-12-18,2025-12-18,2025-12-18,2025,39293,Yemen: Non-International armed conflict (NIAC) - Hadramawt - 12/2025,,,2025-12-01,2025-12-31,,,,,,IOM DTM Yemen,,"Al Qatn District, Hadramaut Governorate, Yemen; Madinat Marib, Marib Governorate, Yemen","15.99825, 48.243622; 15.41567, 45.303421",District/Zone/Department (ADM2); District/Zone/Department (ADM2),Origin; Destination,Displacement without preventive evacuations reported,2026-02-05T13:10:02.528182Z,"Yemen: 18 displacements, 18 December - 18 December. According to IOM DTM Yemen, a total of 3 households were displaced from Al Qatn District, Hadramaut Governorate to Madinat Marib, Marib Governorate due to conflict reasons between 18 December 2025 and 18 December 2025. IOM DTM Yemen - 07 October 2025",,Conflict
226171,Yemen,YEM,15.775355000000001,47.03611,"[15.775355000000001, 47.03611]",Triangulation,Conflict,total,12,2025-12-17,2025-12-17,2025-12-17,2025,39293,Yemen: Non-International armed conflict (NIAC) - Hadramawt - 12/2025,,,2025-12-01,2025-12-31,,,,,,IOM DTM Yemen,,"Madinat Marib, Marib Governorate, Yemen; Seiyun District, Hadramaut Governorate, Yemen","15.41567, 45.303421; 16.13504, 48.768799",District/Zone/Department (ADM2); District/Zone/Department (ADM2),Destination; Origin,Displacement without preventive evacuations reported,2026-02-05T12:28:51.539301Z,"Yemen: 12 displacements, 17 December - 17 December. According to IOM DTM Yemen, a total of 2 households were displaced from Seiyun District, Hadramaut Governorate to Madinat Marib, Marib Governorate due to conflict reasons between 17 December 2025 and 17 December 2025. IOM DTM Yemen - 07 October 2025",,Conflict
226166,Yemen,YEM,15.665845000000001,46.29043,"[15.665845000000001, 46.29043]",Triangulation,Conflict,total,42,2025-12-17,2025-12-17,2025-12-17,2025,39293,Yemen: Non-International armed conflict (NIAC) - Hadramawt - 12/2025,,,2025-12-01,2025-12-31,,,,,,IOM DTM Yemen,,"Al Abar District, Hadramaut Governorate, Yemen; Madinat Marib, Marib Governorate, Yemen","15.91602, 47.277439; 15.41567, 45.303421",District/Zone/Department (ADM2); District/Zone/Department (ADM2),Origin; Destination,Displacement without preventive evacuations reported,2026-02-05T12:28:51.278353Z,"Yemen: 42 displacements, 17 December - 17 December. According to IOM DTM Yemen, a total of 7 households were displaced from Al Abar District, Hadramaut Governorate to Madinat Marib, Marib Governorate due to conflict reasons between 17 December 2025 and 17 December 2025. IOM DTM Yemen - 07 October 2025",,Conflict
226167,Yemen,YEM,15.652731,46.9784315,"[15.652731, 46.9784315]",Triangulation,Conflict,total,24,2025-12-17,2025-12-17,2025-12-17,2025,39293,Yemen: Non-International armed conflict (NIAC) - Hadramawt - 12/2025,,,2025-12-01,2025-12-31,,,,,,IOM DTM Yemen,,"Madinat Marib, Marib Governorate, Yemen; Shibam District, Hadramaut Governorate, Yemen","15.41567, 45.303421; 15.889792, 48.653442",District/Zone/Department (ADM2); District/Zone/Department (ADM2),Destination; Origin,Displacement without preventive evacuations reported,2026-02-05T12:28:51.327983Z,"Yemen: 24 displacements, 17 December - 17 December. According to IOM DTM Yemen, a total of 4 households were displaced from Shibam District, Hadramaut Governorate to Madinat Marib, Marib Governorate due to conflict reasons between 17 December 2025 and 17 December 2025. IOM DTM Yemen - 07 October 2025",,Conflict
226168,Yemen,YEM,15.79646,47.04591,"[15.79646, 47.04591]",Triangulation,Conflict,total,6,2025-12-17,2025-12-17,2025-12-17,2025,39293,Yemen: Non-International armed conflict (NIAC) - Hadramawt - 12/2025,,,2025-12-01,2025-12-31,,,,,,IOM DTM Yemen,,"Marib, Marib Governorate, Yemen; Seiyun District, Hadramaut Governorate, Yemen","15.45788, 45.323021; 16.13504, 48.768799",District/Zone/Department (ADM2); District/Zone/Department (ADM2),Destination; Origin,Displacement without preventive evacuations reported,2026-02-05T12:28:51.375555Z,"Yemen: 6 displacements, 17 December - 17 December. According to IOM DTM Yemen, one household was displaced from Seiyun District, Hadramaut Governorate to Marib, Marib Governorate due to conflict reasons between 17 December 2025 and 17 December 2025. IOM DTM Yemen - 07 October 2025",,Conflict
226169,Yemen,YEM,15.673836,46.9882315,"[15.673836, 46.9882315]",Triangulation,Conflict,total,12,2025-12-17,2025-12-17,2025-12-17,2025,39293,Yemen: Non-International armed conflict (NIAC) - Hadramawt - 12/2025,,,2025-12-01,2025-12-31,,,,,,IOM DTM Yemen,,"Marib, Marib Governorate, Yemen; Shibam District, Hadramaut Governorate, Yemen","15.45788, 45.323021; 15.889792, 48.653442",District/Zone/Department (ADM2); District/Zone/Department (ADM2),Destination; Origin,Displacement without preventive evacuations reported,2026-02-05T12:28:51.423771Z,"Yemen: 12 displacements, 17 December - 17 December. According to IOM DTM Yemen, a total of 2 households were displaced from Shibam District, Hadramaut Governorate to Marib, Marib Governorate due to conflict reasons between 17 December 2025 and 17 December 2025. IOM DTM Yemen - 07 October 2025",,Conflict
226170,Yemen,YEM,16.545136,47.638464,"[16.545136, 47.638464]",Triangulation,Conflict,total,6,2025-12-17,2025-12-17,2025-12-17,2025,39293,Yemen: Non-International armed conflict (NIAC) - Hadramawt - 12/2025,,,2025-12-01,2025-12-31,,,,,,IOM DTM Yemen,,"Marib, Marib Governorate, Yemen; Thamud District, Hadramaut Governorate, Yemen","15.45788, 45.323021; 17.632392, 49.953907",District/Zone/Department (ADM2); District/Zone/Department (ADM2),Destination; Origin,Displacement without preventive evacuations reported,2026-02-05T12:28:51.489010Z,"Yemen: 6 displacements, 17 December - 17 December. According to IOM DTM Yemen, one household was displaced from Thamud District, Hadramaut Governorate to Marib, Marib Governorate due to conflict reasons between 17 December 2025 and 17 December 2025. IOM DTM Yemen - 07 October 2025",,Conflict
226165,Yemen,YEM,14.66587,45.595526,"[14.66587, 45.595526]",Triangulation,Conflict,total,12,2025-12-17,2025-12-17,2025-12-17,2025,39298,Yemen: Non-International armed conflict (NIAC) - Al Bayda - 12/2025,,,2025-12-01,2025-12-31,,,,,,IOM DTM Yemen,,"Bayhan, Shabwah Governorate, Yemen; Radman al Awad, Al Bayda' Governorate, Yemen","14.86684, 45.91663; 14.4649, 45.274422",District/Zone/Department (ADM2); District/Zone/Department (ADM2),Destination; Origin,Displacement without preventive evacuations reported,2026-02-05T12:28:51.232008Z,"Yemen: 12 displacements, 17 December - 17 December. According to IOM DTM Yemen, a total of 2 households were displaced from Radman al Awad, Al Bayda' Governorate to Bayhan, Shabwah Governorate due to conflict reasons between 17 December 2025 and 17 December 2025. IOM DTM Yemen - 07 October 2025",,Conflict
226164,Yemen,YEM,14.725085,45.791651,"[14.725085, 45.791651]",Triangulation,Conflict,total,12,2025-12-17,2025-12-17,2025-12-17,2025,39298,Yemen: Non-International armed conflict (NIAC) - Al Bayda - 12/2025,,,2025-12-01,2025-12-31,,,,,,IOM DTM Yemen,,"Bayhan, Shabwah Governorate, Yemen; Nati, Al Bayda' Governorate, Yemen","14.86684, 45.91663; 14.58333, 45.666672",District/Zone/Department (ADM2); District/Zone/Department (ADM2),Destination; Origin,Displacement without preventive evacuations reported,2026-02-05T12:28:51.182538Z,"Yemen: 12 displacements, 17 December - 17 December. According to IOM DTM Yemen, a total of 2 households were displaced from Nati, Al Bayda' Governorate to Bayhan, Shabwah Governorate due to conflict reasons between 17 December 2025 and 17 December 2025. IOM DTM Yemen - 07 October 2025",,Conflict
226160,Yemen,YEM,14.4916,45.008405999999994,"[14.4916, 45.008405999999994]",Triangulation,Conflict,total,24,2025-12-16,2025-12-16,2025-12-16,2025,39289,Yemen: Non-International armed conflict (NIAC) - Ibb - 12/2025,,,2025-12-01,2025-12-31,,,,,,IOM DTM Yemen,,"Bayhan, Shabwah Governorate, Yemen; Jabal Hubaysh, Ibb Governorate, Yemen","14.86684, 45.91663; 14.11636, 44.100182",District/Zone/Department (ADM2); District/Zone/Department (ADM2),Destination; Origin,Displacement without preventive evacuations reported,2026-02-05T12:28:50.655172Z,"Yemen: 24 displacements, 16 December - 16 December. According to IOM DTM Yemen, a total of 4 households were displaced from Hubaysh, Ibb Governorate to Bayhan, Shabwah Governorate due to conflict reasons between 16 December 2025 and 16 December 2025. IOM DTM Yemen - 07 October 2025",,Conflict
226159,Yemen,YEM,14.53097,44.615905999999995,"[14.53097, 44.615905999999995]",Triangulation,Conflict,total,12,2025-12-16,2025-12-16,2025-12-16,2025,39287,Yemen: Non-International armed conflict (NIAC) - Al Hodeidah - 12/2025,,,2025-12-01,2025-12-31,,,,,,IOM DTM Yemen,,"Bayhan, Shabwah Governorate, Yemen; Zabid, Al Hudaydah Governorate, Yemen","14.86684, 45.91663; 14.1951, 43.315182",District/Zone/Department (ADM2); District/Zone/Department (ADM2),Destination; Origin,Displacement without preventive evacuations reported,2026-02-05T12:28:50.607323Z,"Yemen: 12 displacements, 16 December - 16 December. According to IOM DTM Yemen, a total of 2 households were displaced from Zabid, Al Hudaydah Governorate to Bayhan, Shabwah Governorate due to conflict reasons between 16 December 2025 and 16 December 2025. IOM DTM Yemen - 07 October 2025",,Conflict
226163,Yemen,YEM,15.79646,47.04591,"[15.79646, 47.04591]",Triangulation,Conflict,total,60,2025-12-16,2025-12-16,2025-12-16,2025,39293,Yemen: Non-International armed conflict (NIAC) - Hadramawt - 12/2025,,,2025-12-01,2025-12-31,,,,,,IOM DTM Yemen,,"Marib, Marib Governorate, Yemen; Seiyun District, Hadramaut Governorate, Yemen","15.45788, 45.323021; 16.13504, 48.768799",District/Zone/Department (ADM2); District/Zone/Department (ADM2),Destination; Origin,Displacement without preventive evacuations reported,2026-02-05T12:28:50.799315Z,"Yemen: 60 displacements, 16 December - 16 December. According to IOM DTM Yemen, a total of 10 households were displaced from Seiyun District, Hadramaut Governorate to Marib, Marib Governorate due to conflict reasons between 16 December 2025 and 16 December 2025. IOM DTM Yemen - 07 October 2025",,Conflict
226157,Yemen,YEM,15.652731,46.9784315,"[15.652731, 46.9784315]",Triangulation,Conflict,total,12,2025-12-16,2025-12-16,2025-12-16,2025,39293,Yemen: Non-International armed conflict (NIAC) - Hadramawt - 12/2025,,,2025-12-01,2025-12-31,,,,,,IOM DTM Yemen,,"Madinat Marib, Marib Governorate, Yemen; Shibam District, Hadramaut Governorate, Yemen","15.41567, 45.303421; 15.889792, 48.653442",District/Zone/Department (ADM2); District/Zone/Department (ADM2),Destination; Origin,Displacement without preventive evacuations reported,2026-02-05T12:28:50.510643Z,"Yemen: 12 displacements, 16 December - 16 December. According to IOM DTM Yemen, a total of 2 households were displaced from Shibam District, Hadramaut Governorate to Madinat Marib, Marib Governorate due to conflict reasons between 16 December 2025 and 16 December 2025. IOM DTM Yemen - 07 October 2025",,Conflict
226158,Yemen,YEM,15.775355000000001,47.03611,"[15.775355000000001, 47.03611]",Triangulation,Conflict,total,30,2025-12-16,2025-12-16,2025-12-16,2025,39293,Yemen: Non-International armed conflict (NIAC) - Hadramawt - 12/2025,,,2025-12-01,2025-12-31,,,,,,IOM DTM Yemen,,"Madinat Marib, Marib Governorate, Yemen; Seiyun District, Hadramaut Governorate, Yemen","15.41567, 45.303421; 16.13504, 48.768799",District/Zone/Department (ADM2); District/Zone/Department (ADM2),Destination; Origin,Displacement without preventive evacuations reported,2026-02-05T12:28:50.559035Z,"Yemen: 30 displacements, 16 December - 16 December. According to IOM DTM Yemen, a total of 5 households were displaced from Seiyun District, Hadramaut Governorate to Madinat Marib, Marib Governorate due to conflict reasons between 16 December 2025 and 16 December 2025. IOM DTM Yemen - 07 October 2025",,Conflict
226162,Yemen,YEM,15.200395,44.41436,"[15.200395, 44.41436]",Triangulation,Conflict,total,6,2025-12-16,2025-12-16,2025-12-16,2025,39293,Yemen: Non-International armed conflict (NIAC) - Hadramawt - 12/2025,,,2025-12-01,2025-12-31,,,,,,IOM DTM Yemen,,"Madinat Marib, Marib Governorate, Yemen; Wadi al Ayn, Al Hudaydah Governorate, Yemen","15.41567, 45.303421; 14.98512, 43.525299",District/Zone/Department (ADM2); District/Zone/Department (ADM2),Destination; Origin,Displacement without preventive evacuations reported,2026-02-05T12:28:50.752422Z,"Yemen: 6 displacements, 16 December - 16 December. According to IOM DTM Yemen, one household was displaced from Wadi al Ayn, Al Hudaydah Governorate to Madinat Marib, Marib Governorate due to conflict reasons between 16 December 2025 and 16 December 2025. IOM DTM Yemen - 07 October 2025",,Conflict
226161,Yemen,YEM,16.02553,48.023119,"[16.02553, 48.023119]",Triangulation,Conflict,total,6,2025-12-16,2025-12-16,2025-12-16,2025,39293,Yemen: Non-International armed conflict (NIAC) - Hadramawt - 12/2025,,,2025-12-01,2025-12-31,,,,,,IOM DTM Yemen,,"Al Abar District, Hadramaut Governorate, Yemen; Seiyun District, Hadramaut Governorate, Yemen","15.91602, 47.277439; 16.13504, 48.768799",District/Zone/Department (ADM2); District/Zone/Department (ADM2),Destination; Origin,Displacement without preventive evacuations reported,2026-02-05T12:28:50.703820Z,"Yemen: 6 displacements, 16 December - 16 December. According to IOM DTM Yemen, one household was displaced from Seiyun District, Hadramaut Governorate to Al Abar District, Hadramaut Governorate due to conflict reasons between 16 December 2025 and 16 December 2025. IOM DTM Yemen - 07 October 2025",,Conflict
226150,Yemen,YEM,15.70696,46.7735215,"[15.70696, 46.7735215]",Triangulation,Conflict,total,48,2025-12-15,2025-12-15,2025-12-15,2025,39293,Yemen: Non-International armed conflict (NIAC) - Hadramawt - 12/2025,,,2025-12-01,2025-12-31,,,,,,IOM DTM Yemen,,"Al Qatn District, Hadramaut Governorate, Yemen; Madinat Marib, Marib Governorate, Yemen","15.99825, 48.243622; 15.41567, 45.303421",District/Zone/Department (ADM2); District/Zone/Department (ADM2),Origin; Destination,Displacement without preventive evacuations reported,2026-02-05T12:28:50.171330Z,"Yemen: 48 displacements, 15 December - 15 December. According to IOM DTM Yemen, a total of 8 households were displaced from Al Qatn District, Hadramaut Governorate to Madinat Marib, Marib Governorate due to conflict reasons between 15 December 2025 and 15 December 2025. IOM DTM Yemen - 07 October 2025",,Conflict
226149,Yemen,YEM,14.03206,43.43585,"[14.03206, 43.43585]",Triangulation,Conflict,total,12,2025-12-15,2025-12-15,2025-12-15,2025,39287,Yemen: Non-International armed conflict (NIAC) - Al Hodeidah - 12/2025,,,2025-12-01,2025-12-31,,,,,,IOM DTM Yemen,,"Al Jarrahi, Al Hudaydah Governorate, Yemen; Hays, Al Hudaydah Governorate, Yemen","14.13242, 43.388599; 13.9317, 43.483101",District/Zone/Department (ADM2); District/Zone/Department (ADM2),Origin; Destination,Displacement without preventive evacuations reported,2026-02-05T12:28:50.120955Z,"Yemen: 12 displacements, 15 December - 15 December. According to IOM DTM Yemen, a total of 2 households were displaced from Al Jarrahi, Al Hudaydah Governorate to Hays, Al Hudaydah Governorate due to conflict reasons between 15 December 2025 and 15 December 2025. IOM DTM Yemen - 07 October 2025",,Conflict
226148,Yemen,YEM,14.276755,45.423818499999996,"[14.276755, 45.423818499999996]",Triangulation,Conflict,total,6,2025-12-15,2025-12-15,2025-12-15,2025,39289,Yemen: Non-International armed conflict (NIAC) - Ibb - 12/2025,,,2025-12-01,2025-12-31,,,,,,IOM DTM Yemen,,"Ataq, Shabwah Governorate, Yemen; Hazm al Udayn, Ibb Governorate, Yemen","14.52774, 46.845379; 14.02577, 44.002258",District/Zone/Department (ADM2); District/Zone/Department (ADM2),Destination; Origin,Displacement without preventive evacuations reported,2026-02-05T12:28:50.070244Z,"Yemen: 6 displacements, 15 December - 15 December. According to IOM DTM Yemen, one household was displaced from Hazm al Udayn, Ibb Governorate to Ataq, Shabwah Governorate due to conflict reasons between 15 December 2025 and 15 December 2025. IOM DTM Yemen - 07 October 2025",,Conflict
226147,Yemen,YEM,15.249929999999999,45.128229000000005,"[15.249929999999999, 45.128229000000005]",Triangulation,Conflict,total,24,2025-12-15,2025-12-15,2025-12-15,2025,39299,Yemen: Non-International armed conflict (NIAC) - Hajjah - 12/2025,,,2025-12-01,2025-12-31,,,,,,IOM DTM Yemen,,"Aflah al Yaman, Hajjah Governorate, Yemen; Ataq, Shabwah Governorate, Yemen","15.97212, 43.411079; 14.52774, 46.845379",District/Zone/Department (ADM2); District/Zone/Department (ADM2),Origin; Destination,Displacement without preventive evacuations reported,2026-02-05T12:28:50.015070Z,"Yemen: 24 displacements, 15 December - 15 December. According to IOM DTM Yemen, a total of 4 households were displaced from Aflah al Yaman, Hajjah Governorate to Ataq, Shabwah Governorate due to conflict reasons between 15 December 2025 and 15 December 2025. IOM DTM Yemen - 07 October 2025",,Conflict
226146,Yemen,YEM,14.118870000000001,44.9238605,"[14.118870000000001, 44.9238605]",Triangulation,Conflict,total,12,2025-12-15,2025-12-15,2025-12-15,2025,39292,Yemen: Non-International armed conflict (NIAC) - Taiz - 12/2025,,,2025-12-01,2025-12-31,,,,,,IOM DTM Yemen,,"Bayhan, Shabwah Governorate, Yemen; Salah, Ta'izz Governorate, Yemen","14.86684, 45.91663; 13.3709, 43.931091",District/Zone/Department (ADM2); District/Zone/Department (ADM2),Destination; Origin,Displacement without preventive evacuations reported,2026-02-05T12:28:45.487512Z,"Yemen: 12 displacements, 15 December - 15 December. According to IOM DTM Yemen, a total of 2 households were displaced from Salah, Ta'izz Governorate to Bayhan, Shabwah Governorate due to conflict reasons between 15 December 2025 and 15 December 2025. IOM DTM Yemen - 07 October 2025",,Conflict
226154,Yemen,YEM,15.200395,44.41436,"[15.200395, 44.41436]",Triangulation,Conflict,total,36,2025-12-15,2025-12-15,2025-12-15,2025,39293,Yemen: Non-International armed conflict (NIAC) - Hadramawt - 12/2025,,,2025-12-01,2025-12-31,,,,,,IOM DTM Yemen,,"Madinat Marib, Marib Governorate, Yemen; Wadi al Ayn, Al Hudaydah Governorate, Yemen","15.41567, 45.303421; 14.98512, 43.525299",District/Zone/Department (ADM2); District/Zone/Department (ADM2),Destination; Origin,Displacement without preventive evacuations reported,2026-02-05T12:28:50.367615Z,"Yemen: 36 displacements, 15 December - 15 December. According to IOM DTM Yemen, a total of 6 households were displaced from Wadi al Ayn, Al Hudaydah Governorate to Madinat Marib, Marib Governorate due to conflict reasons between 15 December 2025 and 15 December 2025. IOM DTM Yemen - 07 October 2025",,Conflict
226153,Yemen,YEM,15.775355000000001,47.03611,"[15.775355000000001, 47.03611]",Triangulation,Conflict,total,54,2025-12-15,2025-12-15,2025-12-15,2025,39293,Yemen: Non-International armed conflict (NIAC) - Hadramawt - 12/2025,,,2025-12-01,2025-12-31,,,,,,IOM DTM Yemen,,"Madinat Marib, Marib Governorate, Yemen; Seiyun District, Hadramaut Governorate, Yemen","15.41567, 45.303421; 16.13504, 48.768799",District/Zone/Department (ADM2); District/Zone/Department (ADM2),Destination; Origin,Displacement without preventive evacuations reported,2026-02-05T12:28:50.321367Z,"Yemen: 54 displacements, 15 December - 15 December. According to IOM DTM Yemen, a total of 9 households were displaced from Seiyun District, Hadramaut Governorate to Madinat Marib, Marib Governorate due to conflict reasons between 15 December 2025 and 15 December 2025. IOM DTM Yemen - 07 October 2025",,Conflict
226152,Yemen,YEM,16.658329350000002,50.6503297,"[16.658329350000002, 50.6503297]",Triangulation,Conflict,total,18,2025-12-15,2025-12-15,2025-12-15,2025,39293,Yemen: Non-International armed conflict (NIAC) - Hadramawt - 12/2025,,,2025-12-01,2025-12-31,,,,,,IOM DTM Yemen,,"Seiyun District, Hadramaut Governorate, Yemen; Shahin, Al Mahrah Governorate, Yemen","16.13504, 48.768799; 17.1816187, 52.5318604",District/Zone/Department (ADM2); District/Zone/Department (ADM2),Origin; Destination,Displacement without preventive evacuations reported,2026-02-05T12:28:50.271995Z,"Yemen: 18 displacements, 15 December - 15 December. According to IOM DTM Yemen, a total of 3 households were displaced from Seiyun District, Hadramaut Governorate to Shahin, Al Mahrah Governorate due to conflict reasons between 15 December 2025 and 15 December 2025. IOM DTM Yemen - 07 October 2025",,Conflict
226156,Yemen,YEM,15.68695,46.30023,"[15.68695, 46.30023]",Triangulation,Conflict,total,6,2025-12-15,2025-12-15,2025-12-15,2025,39293,Yemen: Non-International armed conflict (NIAC) - Hadramawt - 12/2025,,,2025-12-01,2025-12-31,,,,,,IOM DTM Yemen,,"Al Abar District, Hadramaut Governorate, Yemen; Marib, Marib Governorate, Yemen","15.91602, 47.277439; 15.45788, 45.323021",District/Zone/Department (ADM2); District/Zone/Department (ADM2),Origin; Destination,Displacement without preventive evacuations reported,2026-02-05T12:28:50.463090Z,"Yemen: 6 displacements, 15 December - 15 December. According to IOM DTM Yemen, one household was displaced from Al Abar District, Hadramaut Governorate to Marib, Marib Governorate due to conflict reasons between 15 December 2025 and 15 December 2025. IOM DTM Yemen - 07 October 2025",,Conflict
226151,Yemen,YEM,15.728065,46.7833215,"[15.728065, 46.7833215]",Triangulation,Conflict,total,12,2025-12-15,2025-12-15,2025-12-15,2025,39293,Yemen: Non-International armed conflict (NIAC) - Hadramawt - 12/2025,,,2025-12-01,2025-12-31,,,,,,IOM DTM Yemen,,"Al Qatn District, Hadramaut Governorate, Yemen; Marib, Marib Governorate, Yemen","15.99825, 48.243622; 15.45788, 45.323021",District/Zone/Department (ADM2); District/Zone/Department (ADM2),Origin; Destination,Displacement without preventive evacuations reported,2026-02-05T12:28:50.222625Z,"Yemen: 12 displacements, 15 December - 15 December. According to IOM DTM Yemen, a total of 2 households were displaced from Al Qatn District, Hadramaut Governorate to Marib, Marib Governorate due to conflict reasons between 15 December 2025 and 15 December 2025. IOM DTM Yemen - 07 October 2025",,Conflict
226155,Yemen,YEM,15.79646,47.04591,"[15.79646, 47.04591]",Triangulation,Conflict,total,18,2025-12-15,2025-12-15,2025-12-15,2025,39293,Yemen: Non-International armed conflict (NIAC) - Hadramawt - 12/2025,,,2025-12-01,2025-12-31,,,,,,IOM DTM Yemen,,"Marib, Marib Governorate, Yemen; Seiyun District, Hadramaut Governorate, Yemen","15.45788, 45.323021; 16.13504, 48.768799",District/Zone/Department (ADM2); District/Zone/Department (ADM2),Destination; Origin,Displacement without preventive evacuations reported,2026-02-05T12:28:50.415223Z,"Yemen: 18 displacements, 15 December - 15 December. According to IOM DTM Yemen, a total of 3 households were displaced from Seiyun District, Hadramaut Governorate to Marib, Marib Governorate due to conflict reasons between 15 December 2025 and 15 December 2025. IOM DTM Yemen - 07 October 2025",,Conflict
226145,Yemen,YEM,13.543735000000002,43.8146055,"[13.543735000000002, 43.8146055]",Triangulation,Conflict,total,6,2025-12-14,2025-12-14,2025-12-14,2025,39292,Yemen: Non-International armed conflict (NIAC) - Taiz - 12/2025,,,2025-12-01,2025-12-31,,,,,,IOM DTM Yemen,,"Al Madahif, Ta'izz Governorate, Yemen; Maqbanah, Ta'izz Governorate, Yemen","13.42683, 43.94326; 13.66064, 43.685951",District/Zone/Department (ADM2); District/Zone/Department (ADM2),Destination; Origin,Displacement without preventive evacuations reported,2026-02-05T12:28:45.425131Z,"Yemen: 6 displacements, 14 December - 14 December. According to IOM DTM Yemen, one household was displaced from Maqbanah, Ta'izz Governorate to Al Madahif, Ta'izz Governorate due to conflict reasons between 14 December 2025 and 14 December 2025. IOM DTM Yemen - 07 October 2025",,Conflict
226133,Yemen,YEM,14.695175500000001,45.024479,"[14.695175500000001, 45.024479]",Triangulation,Conflict,total,12,2025-12-14,2025-12-14,2025-12-14,2025,39287,Yemen: Non-International armed conflict (NIAC) - Al Hodeidah - 12/2025,,,2025-12-01,2025-12-31,,,,,,IOM DTM Yemen,,"Jardan District, Shabwah Governorate, Yemen; Zabid, Al Hudaydah Governorate, Yemen","15.195251, 46.733776; 14.1951, 43.315182",District/Zone/Department (ADM2); District/Zone/Department (ADM2),Destination; Origin,Displacement without preventive evacuations reported,2026-02-05T12:28:44.626432Z,"Yemen: 12 displacements, 14 December - 14 December. According to IOM DTM Yemen, a total of 2 households were displaced from Zabid, Al Hudaydah Governorate to Jardan District, Shabwah Governorate due to conflict reasons between 14 December 2025 and 14 December 2025. IOM DTM Yemen - 07 October 2025",,Conflict
226135,Yemen,YEM,15.775355000000001,47.03611,"[15.775355000000001, 47.03611]",Triangulation,Conflict,total,96,2025-12-14,2025-12-14,2025-12-14,2025,39293,Yemen: Non-International armed conflict (NIAC) - Hadramawt - 12/2025,,,2025-12-01,2025-12-31,,,,,,IOM DTM Yemen,,"Madinat Marib, Marib Governorate, Yemen; Seiyun District, Hadramaut Governorate, Yemen","15.41567, 45.303421; 16.13504, 48.768799",District/Zone/Department (ADM2); District/Zone/Department (ADM2),Destination; Origin,Displacement without preventive evacuations reported,2026-02-05T12:28:44.754147Z,"Yemen: 96 displacements, 14 December - 14 December. According to IOM DTM Yemen, a total of 16 households were displaced from Seiyun District, Hadramaut Governorate to Madinat Marib, Marib Governorate due to conflict reasons between 14 December 2025 and 14 December 2025. IOM DTM Yemen - 07 October 2025",,Conflict
226136,Yemen,YEM,15.652731,46.9784315,"[15.652731, 46.9784315]",Triangulation,Conflict,total,12,2025-12-14,2025-12-14,2025-12-14,2025,39293,Yemen: Non-International armed conflict (NIAC) - Hadramawt - 12/2025,,,2025-12-01,2025-12-31,,,,,,IOM DTM Yemen,,"Madinat Marib, Marib Governorate, Yemen; Shibam District, Hadramaut Governorate, Yemen","15.41567, 45.303421; 15.889792, 48.653442",District/Zone/Department (ADM2); District/Zone/Department (ADM2),Destination; Origin,Displacement without preventive evacuations reported,2026-02-05T12:28:44.816004Z,"Yemen: 12 displacements, 14 December - 14 December. According to IOM DTM Yemen, a total of 2 households were displaced from Shibam District, Hadramaut Governorate to Madinat Marib, Marib Governorate due to conflict reasons between 14 December 2025 and 14 December 2025. IOM DTM Yemen - 07 October 2025",,Conflict
226134,Yemen,YEM,16.02553,48.023119,"[16.02553, 48.023119]",Triangulation,Conflict,total,36,2025-12-14,2025-12-14,2025-12-14,2025,39293,Yemen: Non-International armed conflict (NIAC) - Hadramawt - 12/2025,,,2025-12-01,2025-12-31,,,,,,IOM DTM Yemen,,"Al Abar District, Hadramaut Governorate, Yemen; Seiyun District, Hadramaut Governorate, Yemen","15.91602, 47.277439; 16.13504, 48.768799",District/Zone/Department (ADM2); District/Zone/Department (ADM2),Destination; Origin,Displacement without preventive evacuations reported,2026-02-05T12:28:44.687726Z,"Yemen: 36 displacements, 14 December - 14 December. According to IOM DTM Yemen, a total of 6 households were displaced from Seiyun District, Hadramaut Governorate to Al Abar District, Hadramaut Governorate due to conflict reasons between 14 December 2025 and 14 December 2025. IOM DTM Yemen - 07 October 2025",,Conflict
226144,Yemen,YEM,15.68695,46.30023,"[15.68695, 46.30023]",Triangulation,Conflict,total,12,2025-12-14,2025-12-14,2025-12-14,2025,39293,Yemen: Non-International armed conflict (NIAC) - Hadramawt - 12/2025,,,2025-12-01,2025-12-31,,,,,,IOM DTM Yemen,,"Al Abar District, Hadramaut Governorate, Yemen; Marib, Marib Governorate, Yemen","15.91602, 47.277439; 15.45788, 45.323021",District/Zone/Department (ADM2); District/Zone/Department (ADM2),Origin; Destination,Displacement without preventive evacuations reported,2026-02-05T12:28:45.366833Z,"Yemen: 12 displacements, 14 December - 14 December. According to IOM DTM Yemen, a total of 2 households were displaced from Al Abar District, Hadramaut Governorate to Marib, Marib Governorate due to conflict reasons between 14 December 2025 and 14 December 2025. IOM DTM Yemen - 07 October 2025",,Conflict
226143,Yemen,YEM,15.79646,47.04591,"[15.79646, 47.04591]",Triangulation,Conflict,total,18,2025-12-14,2025-12-14,2025-12-14,2025,39293,Yemen: Non-International armed conflict (NIAC) - Hadramawt - 12/2025,,,2025-12-01,2025-12-31,,,,,,IOM DTM Yemen,,"Marib, Marib Governorate, Yemen; Seiyun District, Hadramaut Governorate, Yemen","15.45788, 45.323021; 16.13504, 48.768799",District/Zone/Department (ADM2); District/Zone/Department (ADM2),Destination; Origin,Displacement without preventive evacuations reported,2026-02-05T12:28:45.294566Z,"Yemen: 18 displacements, 14 December - 14 December. According to IOM DTM Yemen, a total of 3 households were displaced from Seiyun District, Hadramaut Governorate to Marib, Marib Governorate due to conflict reasons between 14 December 2025 and 14 December 2025. IOM DTM Yemen - 07 October 2025",,Conflict
226142,Yemen,YEM,15.26819010693104,47.633467532940145,"[15.26819010693104, 47.633467532940145]",Triangulation,Conflict,total,6,2025-12-14,2025-12-14,2025-12-14,2025,39293,Yemen: Non-International armed conflict (NIAC) - Hadramawt - 12/2025,,,2025-12-01,2025-12-31,,,,,,IOM DTM Yemen,,"Ad dis, Hadramawt; Marib, Marib Governorate, Yemen","15.07850021386208, 49.94391406588029; 15.45788, 45.323021",District/Zone/Department (ADM2); District/Zone/Department (ADM2),Origin; Destination,Displacement without preventive evacuations reported,2026-02-05T12:28:45.223082Z,"Yemen: 6 displacements, 14 December - 14 December. According to IOM DTM Yemen, one household was displaced from Ad dis to Marib, Marib Governorate due to conflict reasons between 14 December 2025 and 14 December 2025. IOM DTM Yemen - 07 October 2025",,Conflict
226141,Yemen,YEM,15.70696,46.7735215,"[15.70696, 46.7735215]",Triangulation,Conflict,total,60,2025-12-14,2025-12-14,2025-12-14,2025,39293,Yemen: Non-International armed conflict (NIAC) - Hadramawt - 12/2025,,,2025-12-01,2025-12-31,,,,,,IOM DTM Yemen,,"Al Qatn District, Hadramaut Governorate, Yemen; Madinat Marib, Marib Governorate, Yemen","15.99825, 48.243622; 15.41567, 45.303421",District/Zone/Department (ADM2); District/Zone/Department (ADM2),Origin; Destination,Displacement without preventive evacuations reported,2026-02-05T12:28:45.154440Z,"Yemen: 60 displacements, 14 December - 14 December. According to IOM DTM Yemen, a total of 10 households were displaced from Al Qatn District, Hadramaut Governorate to Madinat Marib, Marib Governorate due to conflict reasons between 14 December 2025 and 14 December 2025. IOM DTM Yemen - 07 October 2025",,Conflict
226140,Yemen,YEM,15.665845000000001,46.29043,"[15.665845000000001, 46.29043]",Triangulation,Conflict,total,48,2025-12-14,2025-12-14,2025-12-14,2025,39293,Yemen: Non-International armed conflict (NIAC) - Hadramawt - 12/2025,,,2025-12-01,2025-12-31,,,,,,IOM DTM Yemen,,"Al Abar District, Hadramaut Governorate, Yemen; Madinat Marib, Marib Governorate, Yemen","15.91602, 47.277439; 15.41567, 45.303421",District/Zone/Department (ADM2); District/Zone/Department (ADM2),Origin; Destination,Displacement without preventive evacuations reported,2026-02-05T12:28:45.084564Z,"Yemen: 48 displacements, 14 December - 14 December. According to IOM DTM Yemen, a total of 8 households were displaced from Al Abar District, Hadramaut Governorate to Madinat Marib, Marib Governorate due to conflict reasons between 14 December 2025 and 14 December 2025. IOM DTM Yemen - 07 October 2025",,Conflict
226139,Yemen,YEM,15.13212,45.691555,"[15.13212, 45.691555]",Triangulation,Conflict,total,6,2025-12-14,2025-12-14,2025-12-14,2025,39290,Yemen: Non-International armed conflict (NIAC) - Sanaa - 12/2025,,,2025-12-01,2025-12-31,,,,,,IOM DTM Yemen,,"Ataq, Shabwah Governorate, Yemen; Nihm District, Sana'a Governorate, Yemen","14.52774, 46.845379; 15.7365, 44.537731",District/Zone/Department (ADM2); District/Zone/Department (ADM2),Destination; Origin,Displacement without preventive evacuations reported,2026-02-05T12:28:44.996883Z,"Yemen: 6 displacements, 14 December - 14 December. According to IOM DTM Yemen, one household was displaced from Nihm District, Sana'a Governorate to Ataq, Shabwah Governorate due to conflict reasons between 14 December 2025 and 14 December 2025. IOM DTM Yemen - 07 October 2025",,Conflict
226138,Yemen,YEM,14.50756,45.061764,"[14.50756, 45.061764]",Triangulation,Conflict,total,12,2025-12-14,2025-12-14,2025-12-14,2025,39287,Yemen: Non-International armed conflict (NIAC) - Al Hodeidah - 12/2025,,,2025-12-01,2025-12-31,,,,,,IOM DTM Yemen,,"Ataq, Shabwah Governorate, Yemen; Beit Al Faqih, Al Hudaydah Governorate, Yemen","14.52774, 46.845379; 14.48738, 43.278149",District/Zone/Department (ADM2); District/Zone/Department (ADM2),Destination; Origin,Displacement without preventive evacuations reported,2026-02-05T12:28:44.936465Z,"Yemen: 12 displacements, 14 December - 14 December. According to IOM DTM Yemen, a total of 2 households were displaced from Beit Al Faqih, Al Hudaydah Governorate to Ataq, Shabwah Governorate due to conflict reasons between 14 December 2025 and 14 December 2025. IOM DTM Yemen - 07 October 2025",,Conflict
226137,Yemen,YEM,14.118870000000001,44.9238605,"[14.118870000000001, 44.9238605]",Triangulation,Conflict,total,24,2025-12-14,2025-12-14,2025-12-14,2025,39292,Yemen: Non-International armed conflict (NIAC) - Taiz - 12/2025,,,2025-12-01,2025-12-31,,,,,,IOM DTM Yemen,,"Bayhan, Shabwah Governorate, Yemen; Salah, Ta'izz Governorate, Yemen","14.86684, 45.91663; 13.3709, 43.931091",District/Zone/Department (ADM2); District/Zone/Department (ADM2),Destination; Origin,Displacement without preventive evacuations reported,2026-02-05T12:28:44.876419Z,"Yemen: 24 displacements, 14 December - 14 December. According to IOM DTM Yemen, a total of 4 households were displaced from Salah, Ta'izz Governorate to Bayhan, Shabwah Governorate due to conflict reasons between 14 December 2025 and 14 December 2025. IOM DTM Yemen - 07 October 2025",,Conflict
226113,Yemen,YEM,15.775355000000001,47.03611,"[15.775355000000001, 47.03611]",Triangulation,Conflict,total,96,2025-12-13,2025-12-13,2025-12-13,2025,39293,Yemen: Non-International armed conflict (NIAC) - Hadramawt - 12/2025,,,2025-12-01,2025-12-31,,,,,,IOM DTM Yemen,,"Madinat Marib, Marib Governorate, Yemen; Seiyun District, Hadramaut Governorate, Yemen","15.41567, 45.303421; 16.13504, 48.768799",District/Zone/Department (ADM2); District/Zone/Department (ADM2),Destination; Origin,Displacement without preventive evacuations reported,2026-02-05T11:50:07.632307Z,"Yemen: 96 displacements, 13 December - 13 December. According to IOM DTM Yemen, a total of 16 households were displaced from Seiyun District, Hadramaut Governorate to Madinat Marib, Marib Governorate due to conflict reasons between 13 December 2025 and 13 December 2025. IOM DTM Yemen - 07 October 2025",,Conflict
226114,Yemen,YEM,15.665845000000001,46.29043,"[15.665845000000001, 46.29043]",Triangulation,Conflict,total,42,2025-12-13,2025-12-13,2025-12-13,2025,39293,Yemen: Non-International armed conflict (NIAC) - Hadramawt - 12/2025,,,2025-12-01,2025-12-31,,,,,,IOM DTM Yemen,,"Al Abar District, Hadramaut Governorate, Yemen; Madinat Marib, Marib Governorate, Yemen","15.91602, 47.277439; 15.41567, 45.303421",District/Zone/Department (ADM2); District/Zone/Department (ADM2),Origin; Destination,Displacement without preventive evacuations reported,2026-02-05T11:50:07.684576Z,"Yemen: 42 displacements, 13 December - 13 December. According to IOM DTM Yemen, a total of 7 households were displaced from Al Abar District, Hadramaut Governorate to Madinat Marib, Marib Governorate due to conflict reasons between 13 December 2025 and 13 December 2025. IOM DTM Yemen - 07 October 2025",,Conflict
226115,Yemen,YEM,15.68695,46.30023,"[15.68695, 46.30023]",Triangulation,Conflict,total,18,2025-12-13,2025-12-13,2025-12-13,2025,39293,Yemen: Non-International armed conflict (NIAC) - Hadramawt - 12/2025,,,2025-12-01,2025-12-31,,,,,,IOM DTM Yemen,,"Al Abar District, Hadramaut Governorate, Yemen; Marib, Marib Governorate, Yemen","15.91602, 47.277439; 15.45788, 45.323021",District/Zone/Department (ADM2); District/Zone/Department (ADM2),Origin; Destination,Displacement without preventive evacuations reported,2026-02-05T11:50:07.737120Z,"Yemen: 18 displacements, 13 December - 13 December. According to IOM DTM Yemen, a total of 3 households were displaced from Al Abar District, Hadramaut Governorate to Marib, Marib Governorate due to conflict reasons between 13 December 2025 and 13 December 2025. IOM DTM Yemen - 07 October 2025",,Conflict
226126,Yemen,YEM,15.70696,46.7735215,"[15.70696, 46.7735215]",Triangulation,Conflict,total,42,2025-12-13,2025-12-13,2025-12-13,2025,39293,Yemen: Non-International armed conflict (NIAC) - Hadramawt - 12/2025,,,2025-12-01,2025-12-31,,,,,,IOM DTM Yemen,,"Al Qatn District, Hadramaut Governorate, Yemen; Madinat Marib, Marib Governorate, Yemen","15.99825, 48.243622; 15.41567, 45.303421",District/Zone/Department (ADM2); District/Zone/Department (ADM2),Origin; Destination,Displacement without preventive evacuations reported,2026-02-05T12:28:44.198829Z,"Yemen: 42 displacements, 13 December - 13 December. According to IOM DTM Yemen, a total of 7 households were displaced from Al Qatn District, Hadramaut Governorate to Madinat Marib, Marib Governorate due to conflict reasons between 13 December 2025 and 13 December 2025. IOM DTM Yemen - 07 October 2025",,Conflict
226127,Yemen,YEM,15.79646,47.04591,"[15.79646, 47.04591]",Triangulation,Conflict,total,6,2025-12-13,2025-12-13,2025-12-13,2025,39293,Yemen: Non-International armed conflict (NIAC) - Hadramawt - 12/2025,,,2025-12-01,2025-12-31,,,,,,IOM DTM Yemen,,"Marib, Marib Governorate, Yemen; Seiyun District, Hadramaut Governorate, Yemen","15.45788, 45.323021; 16.13504, 48.768799",District/Zone/Department (ADM2); District/Zone/Department (ADM2),Destination; Origin,Displacement without preventive evacuations reported,2026-02-05T12:28:44.258368Z,"Yemen: 6 displacements, 13 December - 13 December. According to IOM DTM Yemen, one household was displaced from Seiyun District, Hadramaut Governorate to Marib, Marib Governorate due to conflict reasons between 13 December 2025 and 13 December 2025. IOM DTM Yemen - 07 October 2025",,Conflict
226128,Yemen,YEM,13.79617,43.584526,"[13.79617, 43.584526]",Triangulation,Conflict,total,6,2025-12-13,2025-12-13,2025-12-13,2025,39292,Yemen: Non-International armed conflict (NIAC) - Taiz - 12/2025,,,2025-12-01,2025-12-31,,,,,,IOM DTM Yemen,,"Hays, Al Hudaydah Governorate, Yemen; Maqbanah, Ta'izz Governorate, Yemen","13.9317, 43.483101; 13.66064, 43.685951",District/Zone/Department (ADM2); District/Zone/Department (ADM2),Destination; Origin,Displacement without preventive evacuations reported,2026-02-05T12:28:44.321179Z,"Yemen: 6 displacements, 13 December - 13 December. According to IOM DTM Yemen, one household was displaced from Maqbanah, Ta'izz Governorate to Hays, Al Hudaydah Governorate due to conflict reasons between 13 December 2025 and 13 December 2025. IOM DTM Yemen - 07 October 2025",,Conflict
226129,Yemen,YEM,13.9317,43.483101,"[13.9317, 43.483101]",Triangulation,Conflict,total,12,2025-12-13,2025-12-13,2025-12-13,2025,39287,Yemen: Non-International armed conflict (NIAC) - Al Hodeidah - 12/2025,,,2025-12-01,2025-12-31,,,,,,IOM DTM Yemen,,"Hays, Al Hudaydah Governorate, Yemen","13.9317, 43.483101",District/Zone/Department (ADM2),Origin and destination,Displacement without preventive evacuations reported,2026-02-05T12:28:44.383020Z,"Yemen: 12 displacements, 13 December - 13 December. According to IOM DTM Yemen, a total of 2 households were displaced from Hays, Al Hudaydah Governorate to Hays, Al Hudaydah Governorate due to conflict reasons between 13 December 2025 and 13 December 2025. IOM DTM Yemen - 07 October 2025",,Conflict
226130,Yemen,YEM,15.24708510693104,47.623667532940146,"[15.24708510693104, 47.623667532940146]",Triangulation,Conflict,total,18,2025-12-13,2025-12-13,2025-12-13,2025,39293,Yemen: Non-International armed conflict (NIAC) - Hadramawt - 12/2025,,,2025-12-01,2025-12-31,,,,,,IOM DTM Yemen,,"Ad dis, Hadramawt; Madinat Marib, Marib Governorate, Yemen","15.07850021386208, 49.94391406588029; 15.41567, 45.303421",District/Zone/Department (ADM2); District/Zone/Department (ADM2),Origin; Destination,Displacement without preventive evacuations reported,2026-02-05T12:28:44.450127Z,"Yemen: 18 displacements, 13 December - 13 December. According to IOM DTM Yemen, a total of 3 households were displaced from Ad dis to Madinat Marib, Marib Governorate due to conflict reasons between 13 December 2025 and 13 December 2025. IOM DTM Yemen - 07 October 2025",,Conflict
226131,Yemen,YEM,13.99456,43.286877000000004,"[13.99456, 43.286877000000004]",Triangulation,Conflict,total,12,2025-12-13,2025-12-13,2025-12-13,2025,39287,Yemen: Non-International armed conflict (NIAC) - Al Hodeidah - 12/2025,,,2025-12-01,2025-12-31,,,,,,IOM DTM Yemen,,"Al Khawkhah, Al Hudaydah Governorate, Yemen; At Tahaytha, Al Hudaydah Governorate, Yemen","13.80556, 43.347382; 14.18356, 43.226372",District/Zone/Department (ADM2); District/Zone/Department (ADM2),Destination; Origin,Displacement without preventive evacuations reported,2026-02-05T12:28:44.508401Z,"Yemen: 12 displacements, 13 December - 13 December. According to IOM DTM Yemen, a total of 2 households were displaced from At Tahaytha, Al Hudaydah Governorate to Al Khawkhah, Al Hudaydah Governorate due to conflict reasons between 13 December 2025 and 13 December 2025. IOM DTM Yemen - 07 October 2025",,Conflict
226132,Yemen,YEM,14.103584999999999,46.5002655,"[14.103584999999999, 46.5002655]",Triangulation,Conflict,total,18,2025-12-13,2025-12-13,2025-12-13,2025,39293,Yemen: Non-International armed conflict (NIAC) - Hadramawt - 12/2025,,,2025-12-01,2025-12-31,,,,,,IOM DTM Yemen,,"Al Mukalla, Muhafazat Hadramaout, Yemen; Sabir al Mawadim, Ta'izz Governorate, Yemen","14.7292, 48.9199; 13.47797, 44.080631",District/Zone/Department (ADM2); District/Zone/Department (ADM2),Origin; Destination,Displacement without preventive evacuations reported,2026-02-05T12:28:44.568518Z,"Yemen: 18 displacements, 13 December - 13 December. According to IOM DTM Yemen, a total of 3 households were displaced from Al Mukalla, Muhafazat Hadramaout to Sabir al Mawadim, Ta'izz Governorate due to conflict reasons between 13 December 2025 and 13 December 2025. IOM DTM Yemen - 07 October 2025",,Conflict
226106,Yemen,YEM,15.775355000000001,47.03611,"[15.775355000000001, 47.03611]",Triangulation,Conflict,total,138,2025-12-12,2025-12-12,2025-12-12,2025,39293,Yemen: Non-International armed conflict (NIAC) - Hadramawt - 12/2025,,,2025-12-01,2025-12-31,,,,,,IOM DTM Yemen,,"Madinat Marib, Marib Governorate, Yemen; Seiyun District, Hadramaut Governorate, Yemen","15.41567, 45.303421; 16.13504, 48.768799",District/Zone/Department (ADM2); District/Zone/Department (ADM2),Destination; Origin,Displacement without preventive evacuations reported,2026-02-05T11:50:07.288480Z,"Yemen: 138 displacements, 12 December - 12 December. According to IOM DTM Yemen, a total of 23 households were displaced from Seiyun District, Hadramaut Governorate to Madinat Marib, Marib Governorate due to conflict reasons between 12 December 2025 and 12 December 2025. IOM DTM Yemen - 07 October 2025",,Conflict
226105,Yemen,YEM,15.665845000000001,46.29043,"[15.665845000000001, 46.29043]",Triangulation,Conflict,total,60,2025-12-12,2025-12-12,2025-12-12,2025,39293,Yemen: Non-International armed conflict (NIAC) - Hadramawt - 12/2025,,,2025-12-01,2025-12-31,,,,,,IOM DTM Yemen,,"Al Abar District, Hadramaut Governorate, Yemen; Madinat Marib, Marib Governorate, Yemen","15.91602, 47.277439; 15.41567, 45.303421",District/Zone/Department (ADM2); District/Zone/Department (ADM2),Origin; Destination,Displacement without preventive evacuations reported,2026-02-05T11:50:07.241295Z,"Yemen: 60 displacements, 12 December - 12 December. According to IOM DTM Yemen, a total of 10 households were displaced from Al Abar District, Hadramaut Governorate to Madinat Marib, Marib Governorate due to conflict reasons between 12 December 2025 and 12 December 2025. IOM DTM Yemen - 07 October 2025",,Conflict
226125,Yemen,YEM,15.728065,46.7833215,"[15.728065, 46.7833215]",Triangulation,Conflict,total,6,2025-12-12,2025-12-12,2025-12-12,2025,39293,Yemen: Non-International armed conflict (NIAC) - Hadramawt - 12/2025,,,2025-12-01,2025-12-31,,,,,,IOM DTM Yemen,,"Al Qatn District, Hadramaut Governorate, Yemen; Marib, Marib Governorate, Yemen","15.99825, 48.243622; 15.45788, 45.323021",District/Zone/Department (ADM2); District/Zone/Department (ADM2),Origin; Destination,Displacement without preventive evacuations reported,2026-02-05T12:28:44.141286Z,"Yemen: 6 displacements, 12 December - 12 December. According to IOM DTM Yemen, one household was displaced from Al Qatn District, Hadramaut Governorate to Marib, Marib Governorate due to conflict reasons between 12 December 2025 and 12 December 2025. IOM DTM Yemen - 07 October 2025",,Conflict
226112,Yemen,YEM,15.79646,47.04591,"[15.79646, 47.04591]",Triangulation,Conflict,total,12,2025-12-12,2025-12-12,2025-12-12,2025,39293,Yemen: Non-International armed conflict (NIAC) - Hadramawt - 12/2025,,,2025-12-01,2025-12-31,,,,,,IOM DTM Yemen,,"Marib, Marib Governorate, Yemen; Seiyun District, Hadramaut Governorate, Yemen","15.45788, 45.323021; 16.13504, 48.768799",District/Zone/Department (ADM2); District/Zone/Department (ADM2),Destination; Origin,Displacement without preventive evacuations reported,2026-02-05T11:50:07.583150Z,"Yemen: 12 displacements, 12 December - 12 December. According to IOM DTM Yemen, a total of 2 households were displaced from Seiyun District, Hadramaut Governorate to Marib, Marib Governorate due to conflict reasons between 12 December 2025 and 12 December 2025. IOM DTM Yemen - 07 October 2025",,Conflict
226111,Yemen,YEM,15.26819010693104,47.633467532940145,"[15.26819010693104, 47.633467532940145]",Triangulation,Conflict,total,24,2025-12-12,2025-12-12,2025-12-12,2025,39293,Yemen: Non-International armed conflict (NIAC) - Hadramawt - 12/2025,,,2025-12-01,2025-12-31,,,,,,IOM DTM Yemen,,"Ad dis, Hadramawt; Marib, Marib Governorate, Yemen","15.07850021386208, 49.94391406588029; 15.45788, 45.323021",District/Zone/Department (ADM2); District/Zone/Department (ADM2),Origin; Destination,Displacement without preventive evacuations reported,2026-02-05T11:50:07.534243Z,"Yemen: 24 displacements, 12 December - 12 December. According to IOM DTM Yemen, a total of 4 households were displaced from Ad dis to Marib, Marib Governorate due to conflict reasons between 12 December 2025 and 12 December 2025. IOM DTM Yemen - 07 October 2025",,Conflict
226110,Yemen,YEM,15.200395,44.41436,"[15.200395, 44.41436]",Triangulation,Conflict,total,24,2025-12-12,2025-12-12,2025-12-12,2025,39293,Yemen: Non-International armed conflict (NIAC) - Hadramawt - 12/2025,,,2025-12-01,2025-12-31,,,,,,IOM DTM Yemen,,"Madinat Marib, Marib Governorate, Yemen; Wadi al Ayn, Al Hudaydah Governorate, Yemen","15.41567, 45.303421; 14.98512, 43.525299",District/Zone/Department (ADM2); District/Zone/Department (ADM2),Destination; Origin,Displacement without preventive evacuations reported,2026-02-05T11:50:07.482906Z,"Yemen: 24 displacements, 12 December - 12 December. According to IOM DTM Yemen, a total of 4 households were displaced from Wadi al Ayn, Al Hudaydah Governorate to Madinat Marib, Marib Governorate due to conflict reasons between 12 December 2025 and 12 December 2025. IOM DTM Yemen - 07 October 2025",,Conflict
226109,Yemen,YEM,15.70696,46.7735215,"[15.70696, 46.7735215]",Triangulation,Conflict,total,18,2025-12-12,2025-12-12,2025-12-12,2025,39293,Yemen: Non-International armed conflict (NIAC) - Hadramawt - 12/2025,,,2025-12-01,2025-12-31,,,,,,IOM DTM Yemen,,"Al Qatn District, Hadramaut Governorate, Yemen; Madinat Marib, Marib Governorate, Yemen","15.99825, 48.243622; 15.41567, 45.303421",District/Zone/Department (ADM2); District/Zone/Department (ADM2),Origin; Destination,Displacement without preventive evacuations reported,2026-02-05T11:50:07.432304Z,"Yemen: 18 displacements, 12 December - 12 December. According to IOM DTM Yemen, a total of 3 households were displaced from Al Qatn District, Hadramaut Governorate to Madinat Marib, Marib Governorate due to conflict reasons between 12 December 2025 and 12 December 2025. IOM DTM Yemen - 07 October 2025",,Conflict
226124,Yemen,YEM,13.79617,43.584526,"[13.79617, 43.584526]",Triangulation,Conflict,total,24,2025-12-12,2025-12-12,2025-12-12,2025,39292,Yemen: Non-International armed conflict (NIAC) - Taiz - 12/2025,,,2025-12-01,2025-12-31,,,,,,IOM DTM Yemen,,"Hays, Al Hudaydah Governorate, Yemen; Maqbanah, Ta'izz Governorate, Yemen","13.9317, 43.483101; 13.66064, 43.685951",District/Zone/Department (ADM2); District/Zone/Department (ADM2),Destination; Origin,Displacement without preventive evacuations reported,2026-02-05T12:28:44.083143Z,"Yemen: 24 displacements, 12 December - 12 December. According to IOM DTM Yemen, a total of 4 households were displaced from Maqbanah, Ta'izz Governorate to Hays, Al Hudaydah Governorate due to conflict reasons between 12 December 2025 and 12 December 2025. IOM DTM Yemen - 07 October 2025",,Conflict
226108,Yemen,YEM,15.072435,47.1116605,"[15.072435, 47.1116605]",Triangulation,Conflict,total,30,2025-12-12,2025-12-12,2025-12-12,2025,39293,Yemen: Non-International armed conflict (NIAC) - Hadramawt - 12/2025,,,2025-12-01,2025-12-31,,,,,,IOM DTM Yemen,,"Al Mukalla, Muhafazat Hadramaout, Yemen; Madinat Marib, Marib Governorate, Yemen","14.7292, 48.9199; 15.41567, 45.303421",District/Zone/Department (ADM2); District/Zone/Department (ADM2),Origin; Destination,Displacement without preventive evacuations reported,2026-02-05T11:50:07.382797Z,"Yemen: 30 displacements, 12 December - 12 December. According to IOM DTM Yemen, a total of 5 households were displaced from Al Mukalla, Muhafazat Hadramaout to Madinat Marib, Marib Governorate due to conflict reasons between 12 December 2025 and 12 December 2025. IOM DTM Yemen - 07 October 2025",,Conflict
226107,Yemen,YEM,14.971705,46.0744,"[14.971705, 46.0744]",Triangulation,Conflict,total,12,2025-12-12,2025-12-12,2025-12-12,2025,39294,Yemen: Non-International armed conflict (NIAC) - Shabwah - 12/2025,,,2025-12-01,2025-12-31,,,,,,IOM DTM Yemen,,"Ataq, Shabwah Governorate, Yemen; Madinat Marib, Marib Governorate, Yemen","14.52774, 46.845379; 15.41567, 45.303421",District/Zone/Department (ADM2); District/Zone/Department (ADM2),Origin; Destination,Displacement without preventive evacuations reported,2026-02-05T11:50:07.334564Z,"Yemen: 12 displacements, 12 December - 12 December. According to IOM DTM Yemen, a total of 2 households were displaced from Ataq, Shabwah Governorate to Madinat Marib, Marib Governorate due to conflict reasons between 12 December 2025 and 12 December 2025. IOM DTM Yemen - 07 October 2025",,Conflict
226123,Yemen,YEM,14.718935000000002,48.0231895,"[14.718935000000002, 48.0231895]",Triangulation,Conflict,total,6,2025-12-11,2025-12-11,2025-12-11,2025,39295,Yemen: Non-International armed conflict (NIAC) - Al Maharah - 12/2025,,,2025-12-01,2025-12-31,,,,,,IOM DTM Yemen,,"Al Ghaydah District, Al Mahrah Governorate, Yemen; Ash Shamayatayn, Ta'izz Governorate, Yemen","16.25934, 52.066399; 13.17853, 43.97998",District/Zone/Department (ADM2); District/Zone/Department (ADM2),Origin; Destination,Displacement without preventive evacuations reported,2026-02-05T12:28:44.025083Z,"Yemen: 6 displacements, 11 December - 11 December. According to IOM DTM Yemen, one household was displaced from Al Ghaydah District, Al Mahrah Governorate to Ash Shamayatayn, Ta'izz Governorate due to conflict reasons between 11 December 2025 and 11 December 2025. IOM DTM Yemen - 07 October 2025",,Conflict
226122,Yemen,YEM,14.656785,46.3743895,"[14.656785, 46.3743895]",Triangulation,Conflict,total,6,2025-12-11,2025-12-11,2025-12-11,2025,39293,Yemen: Non-International armed conflict (NIAC) - Hadramawt - 12/2025,,,2025-12-01,2025-12-31,,,,,,IOM DTM Yemen,,"Ash Shamayatayn, Ta'izz Governorate, Yemen; Seiyun District, Hadramaut Governorate, Yemen","13.17853, 43.97998; 16.13504, 48.768799",District/Zone/Department (ADM2); District/Zone/Department (ADM2),Destination; Origin,Displacement without preventive evacuations reported,2026-02-05T12:28:43.958397Z,"Yemen: 6 displacements, 11 December - 11 December. According to IOM DTM Yemen, one household was displaced from Seiyun District, Hadramaut Governorate to Ash Shamayatayn, Ta'izz Governorate due to conflict reasons between 11 December 2025 and 11 December 2025. IOM DTM Yemen - 07 October 2025",,Conflict
226121,Yemen,YEM,14.79835,46.394754500000005,"[14.79835, 46.394754500000005]",Triangulation,Conflict,total,24,2025-12-11,2025-12-11,2025-12-11,2025,39293,Yemen: Non-International armed conflict (NIAC) - Hadramawt - 12/2025,,,2025-12-01,2025-12-31,,,,,,IOM DTM Yemen,,"Al Misrakh, Ta'izz Governorate, Yemen; Seiyun District, Hadramaut Governorate, Yemen","13.46166, 44.02071; 16.13504, 48.768799",District/Zone/Department (ADM2); District/Zone/Department (ADM2),Destination; Origin,Displacement without preventive evacuations reported,2026-02-05T11:50:10.481277Z,"Yemen: 24 displacements, 11 December - 11 December. According to IOM DTM Yemen, a total of 4 households were displaced from Seiyun District, Hadramaut Governorate to Al Misrakh, Ta'izz Governorate due to conflict reasons between 11 December 2025 and 11 December 2025. IOM DTM Yemen - 07 October 2025",,Conflict
226120,Yemen,YEM,14.3307,43.271952,"[14.3307, 43.271952]",Triangulation,Conflict,total,12,2025-12-11,2025-12-11,2025-12-11,2025,39287,Yemen: Non-International armed conflict (NIAC) - Al Hodeidah - 12/2025,,,2025-12-01,2025-12-31,,,,,,IOM DTM Yemen,,"Al Khawkhah, Al Hudaydah Governorate, Yemen; Al Marawiah, Al Hudaydah Governorate, Yemen","13.80556, 43.347382; 14.85584, 43.196522",District/Zone/Department (ADM2); District/Zone/Department (ADM2),Destination; Origin,Displacement without preventive evacuations reported,2026-02-05T11:50:10.433795Z,"Yemen: 12 displacements, 11 December - 11 December. According to IOM DTM Yemen, a total of 2 households were displaced from Al Marawiah, Al Hudaydah Governorate to Al Khawkhah, Al Hudaydah Governorate due to conflict reasons between 11 December 2025 and 11 December 2025. IOM DTM Yemen - 07 October 2025",,Conflict
226119,Yemen,YEM,14.40895,44.0679455,"[14.40895, 44.0679455]",Triangulation,Conflict,total,12,2025-12-11,2025-12-11,2025-12-11,2025,39291,Yemen: Non-International armed conflict (NIAC) - Sanaa City - 12/2025,,,2025-12-01,2025-12-31,,,,,,IOM DTM Yemen,,"Al Madahif, Ta'izz Governorate, Yemen; At Thaourah District, Amanat Al Asimah, Yemen","13.42683, 43.94326; 15.39107, 44.192631",District/Zone/Department (ADM2); District/Zone/Department (ADM2),Destination; Origin,Displacement without preventive evacuations reported,2026-02-05T11:50:10.383027Z,"Yemen: 12 displacements, 11 December - 11 December. According to IOM DTM Yemen, a total of 2 households were displaced from At Thaourah District, Amanat Al Asimah to Al Madahif, Ta'izz Governorate due to conflict reasons between 11 December 2025 and 11 December 2025. IOM DTM Yemen - 07 October 2025",,Conflict
226118,Yemen,YEM,14.806505,46.424715,"[14.806505, 46.424715]",Triangulation,Conflict,total,12,2025-12-11,2025-12-11,2025-12-11,2025,39293,Yemen: Non-International armed conflict (NIAC) - Hadramawt - 12/2025,,,2025-12-01,2025-12-31,,,,,,IOM DTM Yemen,,"Sabir al Mawadim, Ta'izz Governorate, Yemen; Seiyun District, Hadramaut Governorate, Yemen","13.47797, 44.080631; 16.13504, 48.768799",District/Zone/Department (ADM2); District/Zone/Department (ADM2),Destination; Origin,Displacement without preventive evacuations reported,2026-02-05T11:50:07.893104Z,"Yemen: 12 displacements, 11 December - 11 December. According to IOM DTM Yemen, a total of 2 households were displaced from Seiyun District, Hadramaut Governorate to Sabir al Mawadim, Ta'izz Governorate due to conflict reasons between 11 December 2025 and 11 December 2025. IOM DTM Yemen - 07 October 2025",,Conflict
226095,Yemen,YEM,14.27998,43.1726055,"[14.27998, 43.1726055]",Triangulation,Conflict,total,6,2025-12-11,2025-12-11,2025-12-11,2025,39287,Yemen: Non-International armed conflict (NIAC) - Al Hodeidah - 12/2025,,,2025-12-01,2025-12-31,,,,,,IOM DTM Yemen,,"Al Hawak, Al Hudaydah Governorate, Yemen; Al Khawkhah, Al Hudaydah Governorate, Yemen","14.7544, 42.997829; 13.80556, 43.347382",District/Zone/Department (ADM2); District/Zone/Department (ADM2),Origin; Destination,Displacement without preventive evacuations reported,2026-02-05T11:50:06.753303Z,"Yemen: 6 displacements, 11 December - 11 December. According to IOM DTM Yemen, one household was displaced from Al Hawak, Al Hudaydah Governorate to Al Khawkhah, Al Hudaydah Governorate due to conflict reasons between 11 December 2025 and 11 December 2025. IOM DTM Yemen - 07 October 2025",,Conflict
226094,Yemen,YEM,13.86863,43.4152415,"[13.86863, 43.4152415]",Triangulation,Conflict,total,6,2025-12-11,2025-12-11,2025-12-11,2025,39287,Yemen: Non-International armed conflict (NIAC) - Al Hodeidah - 12/2025,,,2025-12-01,2025-12-31,,,,,,IOM DTM Yemen,,"Al Khawkhah, Al Hudaydah Governorate, Yemen; Hays, Al Hudaydah Governorate, Yemen","13.80556, 43.347382; 13.9317, 43.483101",District/Zone/Department (ADM2); District/Zone/Department (ADM2),Destination; Origin,Displacement without preventive evacuations reported,2026-02-05T11:50:06.700639Z,"Yemen: 6 displacements, 11 December - 11 December. According to IOM DTM Yemen, one household was displaced from Hays, Al Hudaydah Governorate to Al Khawkhah, Al Hudaydah Governorate due to conflict reasons between 11 December 2025 and 11 December 2025. IOM DTM Yemen - 07 October 2025",,Conflict
226090,Yemen,YEM,16.02553,48.023119,"[16.02553, 48.023119]",Triangulation,Conflict,total,24,2025-12-11,2025-12-11,2025-12-11,2025,39293,Yemen: Non-International armed conflict (NIAC) - Hadramawt - 12/2025,,,2025-12-01,2025-12-31,,,,,,IOM DTM Yemen,,"Al Abar District, Hadramaut Governorate, Yemen; Seiyun District, Hadramaut Governorate, Yemen","15.91602, 47.277439; 16.13504, 48.768799",District/Zone/Department (ADM2); District/Zone/Department (ADM2),Destination; Origin,Displacement without preventive evacuations reported,2026-02-05T11:17:26.848988Z,"Yemen: 24 displacements, 11 December - 11 December. According to IOM DTM Yemen, a total of 4 households were displaced from Seiyun District, Hadramaut Governorate to Al Abar District, Hadramaut Governorate due to conflict reasons between 11 December 2025 and 11 December 2025. IOM DTM Yemen - 07 October 2025",,Conflict
226104,Yemen,YEM,15.79646,47.04591,"[15.79646, 47.04591]",Triangulation,Conflict,total,18,2025-12-11,2025-12-11,2025-12-11,2025,39293,Yemen: Non-International armed conflict (NIAC) - Hadramawt - 12/2025,,,2025-12-01,2025-12-31,,,,,,IOM DTM Yemen,,"Marib, Marib Governorate, Yemen; Seiyun District, Hadramaut Governorate, Yemen","15.45788, 45.323021; 16.13504, 48.768799",District/Zone/Department (ADM2); District/Zone/Department (ADM2),Destination; Origin,Displacement without preventive evacuations reported,2026-02-05T11:50:07.192076Z,"Yemen: 18 displacements, 11 December - 11 December. According to IOM DTM Yemen, a total of 3 households were displaced from Seiyun District, Hadramaut Governorate to Marib, Marib Governorate due to conflict reasons between 11 December 2025 and 11 December 2025. IOM DTM Yemen - 07 October 2025",,Conflict
226103,Yemen,YEM,15.68695,46.30023,"[15.68695, 46.30023]",Triangulation,Conflict,total,6,2025-12-11,2025-12-11,2025-12-11,2025,39293,Yemen: Non-International armed conflict (NIAC) - Hadramawt - 12/2025,,,2025-12-01,2025-12-31,,,,,,IOM DTM Yemen,,"Al Abar District, Hadramaut Governorate, Yemen; Marib, Marib Governorate, Yemen","15.91602, 47.277439; 15.45788, 45.323021",District/Zone/Department (ADM2); District/Zone/Department (ADM2),Origin; Destination,Displacement without preventive evacuations reported,2026-02-05T11:50:07.145298Z,"Yemen: 6 displacements, 11 December - 11 December. According to IOM DTM Yemen, one household was displaced from Al Abar District, Hadramaut Governorate to Marib, Marib Governorate due to conflict reasons between 11 December 2025 and 11 December 2025. IOM DTM Yemen - 07 October 2025",,Conflict
226102,Yemen,YEM,15.70696,46.7735215,"[15.70696, 46.7735215]",Triangulation,Conflict,total,42,2025-12-11,2025-12-11,2025-12-11,2025,39293,Yemen: Non-International armed conflict (NIAC) - Hadramawt - 12/2025,,,2025-12-01,2025-12-31,,,,,,IOM DTM Yemen,,"Al Qatn District, Hadramaut Governorate, Yemen; Madinat Marib, Marib Governorate, Yemen","15.99825, 48.243622; 15.41567, 45.303421",District/Zone/Department (ADM2); District/Zone/Department (ADM2),Origin; Destination,Displacement without preventive evacuations reported,2026-02-05T11:50:07.094414Z,"Yemen: 42 displacements, 11 December - 11 December. According to IOM DTM Yemen, a total of 7 households were displaced from Al Qatn District, Hadramaut Governorate to Madinat Marib, Marib Governorate due to conflict reasons between 11 December 2025 and 11 December 2025. IOM DTM Yemen - 07 October 2025",,Conflict
226101,Yemen,YEM,15.665845000000001,46.29043,"[15.665845000000001, 46.29043]",Triangulation,Conflict,total,36,2025-12-11,2025-12-11,2025-12-11,2025,39293,Yemen: Non-International armed conflict (NIAC) - Hadramawt - 12/2025,,,2025-12-01,2025-12-31,,,,,,IOM DTM Yemen,,"Al Abar District, Hadramaut Governorate, Yemen; Madinat Marib, Marib Governorate, Yemen","15.91602, 47.277439; 15.41567, 45.303421",District/Zone/Department (ADM2); District/Zone/Department (ADM2),Origin; Destination,Displacement without preventive evacuations reported,2026-02-05T11:50:07.040751Z,"Yemen: 36 displacements, 11 December - 11 December. According to IOM DTM Yemen, a total of 6 households were displaced from Al Abar District, Hadramaut Governorate to Madinat Marib, Marib Governorate due to conflict reasons between 11 December 2025 and 11 December 2025. IOM DTM Yemen - 07 October 2025",,Conflict
226100,Yemen,YEM,15.837505,48.68491,"[15.837505, 48.68491]",Triangulation,Conflict,total,6,2025-12-11,2025-12-11,2025-12-11,2025,39295,Yemen: Non-International armed conflict (NIAC) - Al Maharah - 12/2025,,,2025-12-01,2025-12-31,,,,,,IOM DTM Yemen,,"Al Ghaydah District, Al Mahrah Governorate, Yemen; Madinat Marib, Marib Governorate, Yemen","16.25934, 52.066399; 15.41567, 45.303421",District/Zone/Department (ADM2); District/Zone/Department (ADM2),Origin; Destination,Displacement without preventive evacuations reported,2026-02-05T11:50:06.991846Z,"Yemen: 6 displacements, 11 December - 11 December. According to IOM DTM Yemen, one household was displaced from Al Ghaydah District, Al Mahrah Governorate to Madinat Marib, Marib Governorate due to conflict reasons between 11 December 2025 and 11 December 2025. IOM DTM Yemen - 07 October 2025",,Conflict
226099,Yemen,YEM,14.971705,46.0744,"[14.971705, 46.0744]",Triangulation,Conflict,total,12,2025-12-11,2025-12-11,2025-12-11,2025,39294,Yemen: Non-International armed conflict (NIAC) - Shabwah - 12/2025,,,2025-12-01,2025-12-31,,,,,,IOM DTM Yemen,,"Ataq, Shabwah Governorate, Yemen; Madinat Marib, Marib Governorate, Yemen","14.52774, 46.845379; 15.41567, 45.303421",District/Zone/Department (ADM2); District/Zone/Department (ADM2),Origin; Destination,Displacement without preventive evacuations reported,2026-02-05T11:50:06.943908Z,"Yemen: 12 displacements, 11 December - 11 December. According to IOM DTM Yemen, a total of 2 households were displaced from Ataq, Shabwah Governorate to Madinat Marib, Marib Governorate due to conflict reasons between 11 December 2025 and 11 December 2025. IOM DTM Yemen - 07 October 2025",,Conflict
226098,Yemen,YEM,15.775355000000001,47.03611,"[15.775355000000001, 47.03611]",Triangulation,Conflict,total,24,2025-12-11,2025-12-11,2025-12-11,2025,39293,Yemen: Non-International armed conflict (NIAC) - Hadramawt - 12/2025,,,2025-12-01,2025-12-31,,,,,,IOM DTM Yemen,,"Madinat Marib, Marib Governorate, Yemen; Seiyun District, Hadramaut Governorate, Yemen","15.41567, 45.303421; 16.13504, 48.768799",District/Zone/Department (ADM2); District/Zone/Department (ADM2),Destination; Origin,Displacement without preventive evacuations reported,2026-02-05T11:50:06.896244Z,"Yemen: 24 displacements, 11 December - 11 December. According to IOM DTM Yemen, a total of 4 households were displaced from Seiyun District, Hadramaut Governorate to Madinat Marib, Marib Governorate due to conflict reasons between 11 December 2025 and 11 December 2025. IOM DTM Yemen - 07 October 2025",,Conflict
226097,Yemen,YEM,15.652731,46.9784315,"[15.652731, 46.9784315]",Triangulation,Conflict,total,18,2025-12-11,2025-12-11,2025-12-11,2025,39293,Yemen: Non-International armed conflict (NIAC) - Hadramawt - 12/2025,,,2025-12-01,2025-12-31,,,,,,IOM DTM Yemen,,"Madinat Marib, Marib Governorate, Yemen; Shibam District, Hadramaut Governorate, Yemen","15.41567, 45.303421; 15.889792, 48.653442",District/Zone/Department (ADM2); District/Zone/Department (ADM2),Destination; Origin,Displacement without preventive evacuations reported,2026-02-05T11:50:06.849685Z,"Yemen: 18 displacements, 11 December - 11 December. According to IOM DTM Yemen, a total of 3 households were displaced from Shibam District, Hadramaut Governorate to Madinat Marib, Marib Governorate due to conflict reasons between 11 December 2025 and 11 December 2025. IOM DTM Yemen - 07 October 2025",,Conflict
226096,Yemen,YEM,16.615085,48.1896605,"[16.615085, 48.1896605]",Triangulation,Conflict,total,18,2025-12-11,2025-12-11,2025-12-11,2025,39293,Yemen: Non-International armed conflict (NIAC) - Hadramawt - 12/2025,,,2025-12-01,2025-12-31,,,,,,IOM DTM Yemen,,"Madinat Marib, Marib Governorate, Yemen; Rumah, Muhafazat Hadramaout, Yemen","15.41567, 45.303421; 17.8145, 51.0759",District/Zone/Department (ADM2); District/Zone/Department (ADM2),Destination; Origin,Displacement without preventive evacuations reported,2026-02-05T11:50:06.802596Z,"Yemen: 18 displacements, 11 December - 11 December. According to IOM DTM Yemen, a total of 3 households were displaced from Rumah, Muhafazat Hadramaout to Madinat Marib, Marib Governorate due to conflict reasons between 11 December 2025 and 11 December 2025. IOM DTM Yemen - 07 October 2025",,Conflict
226087,Yemen,YEM,16.524031,47.628664,"[16.524031, 47.628664]",Triangulation,Conflict,total,24,2025-12-10,2025-12-10,2025-12-10,2025,39293,Yemen: Non-International armed conflict (NIAC) - Hadramawt - 12/2025,,,2025-12-01,2025-12-31,,,,,,IOM DTM Yemen,,"Madinat Marib, Marib Governorate, Yemen; Thamud District, Hadramaut Governorate, Yemen","15.41567, 45.303421; 17.632392, 49.953907",District/Zone/Department (ADM2); District/Zone/Department (ADM2),Destination; Origin,Displacement without preventive evacuations reported,2026-02-05T11:17:26.638969Z,"Yemen: 24 displacements, 10 December - 10 December. According to IOM DTM Yemen, a total of 4 households were displaced from Thamud District, Hadramaut Governorate to Madinat Marib, Marib Governorate due to conflict reasons between 10 December 2025 and 10 December 2025. IOM DTM Yemen - 07 October 2025",,Conflict
226089,Yemen,YEM,15.56008,46.147048999999996,"[15.56008, 46.147048999999996]",Triangulation,Conflict,total,12,2025-12-10,2025-12-10,2025-12-10,2025,39293,Yemen: Non-International armed conflict (NIAC) - Hadramawt - 12/2025,,,2025-12-01,2025-12-31,,,,,,IOM DTM Yemen,,"Seiyun District, Hadramaut Governorate, Yemen; Wadi al Ayn, Al Hudaydah Governorate, Yemen","16.13504, 48.768799; 14.98512, 43.525299",District/Zone/Department (ADM2); District/Zone/Department (ADM2),Origin; Destination,Displacement without preventive evacuations reported,2026-02-05T11:17:26.801810Z,"Yemen: 12 displacements, 10 December - 10 December. According to IOM DTM Yemen, a total of 2 households were displaced from Seiyun District, Hadramaut Governorate to Wadi al Ayn, Al Hudaydah Governorate due to conflict reasons between 10 December 2025 and 10 December 2025. IOM DTM Yemen - 07 October 2025",,Conflict
226088,Yemen,YEM,15.70696,46.7735215,"[15.70696, 46.7735215]",Triangulation,Conflict,total,48,2025-12-10,2025-12-10,2025-12-10,2025,39293,Yemen: Non-International armed conflict (NIAC) - Hadramawt - 12/2025,,,2025-12-01,2025-12-31,,,,,,IOM DTM Yemen,,"Al Qatn District, Hadramaut Governorate, Yemen; Madinat Marib, Marib Governorate, Yemen","15.99825, 48.243622; 15.41567, 45.303421",District/Zone/Department (ADM2); District/Zone/Department (ADM2),Origin; Destination,Displacement without preventive evacuations reported,2026-02-05T11:17:26.738456Z,"Yemen: 48 displacements, 10 December - 10 December. According to IOM DTM Yemen, a total of 8 households were displaced from Al Qatn District, Hadramaut Governorate to Madinat Marib, Marib Governorate due to conflict reasons between 10 December 2025 and 10 December 2025. IOM DTM Yemen - 07 October 2025",,Conflict
226086,Yemen,YEM,16.658329350000002,50.6503297,"[16.658329350000002, 50.6503297]",Triangulation,Conflict,total,12,2025-12-10,2025-12-10,2025-12-10,2025,39293,Yemen: Non-International armed conflict (NIAC) - Hadramawt - 12/2025,,,2025-12-01,2025-12-31,,,,,,IOM DTM Yemen,,"Seiyun District, Hadramaut Governorate, Yemen; Shahin, Al Mahrah Governorate, Yemen","16.13504, 48.768799; 17.1816187, 52.5318604",District/Zone/Department (ADM2); District/Zone/Department (ADM2),Origin; Destination,Displacement without preventive evacuations reported,2026-02-05T11:17:26.590516Z,"Yemen: 12 displacements, 10 December - 10 December. According to IOM DTM Yemen, a total of 2 households were displaced from Seiyun District, Hadramaut Governorate to Shahin, Al Mahrah Governorate due to conflict reasons between 10 December 2025 and 10 December 2025. IOM DTM Yemen - 07 October 2025",,Conflict
226085,Yemen,YEM,15.68695,46.30023,"[15.68695, 46.30023]",Triangulation,Conflict,total,24,2025-12-10,2025-12-10,2025-12-10,2025,39293,Yemen: Non-International armed conflict (NIAC) - Hadramawt - 12/2025,,,2025-12-01,2025-12-31,,,,,,IOM DTM Yemen,,"Al Abar District, Hadramaut Governorate, Yemen; Marib, Marib Governorate, Yemen","15.91602, 47.277439; 15.45788, 45.323021",District/Zone/Department (ADM2); District/Zone/Department (ADM2),Origin; Destination,Displacement without preventive evacuations reported,2026-02-05T11:17:26.538102Z,"Yemen: 24 displacements, 10 December - 10 December. According to IOM DTM Yemen, a total of 4 households were displaced from Al Abar District, Hadramaut Governorate to Marib, Marib Governorate due to conflict reasons between 10 December 2025 and 10 December 2025. IOM DTM Yemen - 07 October 2025",,Conflict
226084,Yemen,YEM,15.7573555,47.163159,"[15.7573555, 47.163159]",Triangulation,Conflict,total,18,2025-12-10,2025-12-10,2025-12-10,2025,39293,Yemen: Non-International armed conflict (NIAC) - Hadramawt - 12/2025,,,2025-12-01,2025-12-31,,,,,,IOM DTM Yemen,,"Madinat Marib, Marib Governorate, Yemen; Tarim District, Hadramaut Governorate, Yemen","15.41567, 45.303421; 16.099041, 49.022897",District/Zone/Department (ADM2); District/Zone/Department (ADM2),Destination; Origin,Displacement without preventive evacuations reported,2026-02-05T11:17:26.480840Z,"Yemen: 18 displacements, 10 December - 10 December. According to IOM DTM Yemen, a total of 3 households were displaced from Tarim District, Hadramaut Governorate to Madinat Marib, Marib Governorate due to conflict reasons between 10 December 2025 and 10 December 2025. IOM DTM Yemen - 07 October 2025",,Conflict
226083,Yemen,YEM,14.915855,45.072370500000005,"[14.915855, 45.072370500000005]",Triangulation,Conflict,total,6,2025-12-10,2025-12-10,2025-12-10,2025,39298,Yemen: Non-International armed conflict (NIAC) - Al Bayda - 12/2025,,,2025-12-01,2025-12-31,,,,,,IOM DTM Yemen,,"Madinat Marib, Marib Governorate, Yemen; Rada'a, Al Bayda' Governorate, Yemen","15.41567, 45.303421; 14.41604, 44.84132",District/Zone/Department (ADM2); District/Zone/Department (ADM2),Destination; Origin,Displacement without preventive evacuations reported,2026-02-05T11:17:26.426923Z,"Yemen: 6 displacements, 10 December - 10 December. According to IOM DTM Yemen, one household was displaced from Rada'a, Al Bayda' Governorate to Madinat Marib, Marib Governorate due to conflict reasons between 10 December 2025 and 10 December 2025. IOM DTM Yemen - 07 October 2025",,Conflict
226082,Yemen,YEM,15.665845000000001,46.29043,"[15.665845000000001, 46.29043]",Triangulation,Conflict,total,48,2025-12-10,2025-12-10,2025-12-10,2025,39293,Yemen: Non-International armed conflict (NIAC) - Hadramawt - 12/2025,,,2025-12-01,2025-12-31,,,,,,IOM DTM Yemen,,"Al Abar District, Hadramaut Governorate, Yemen; Madinat Marib, Marib Governorate, Yemen","15.91602, 47.277439; 15.41567, 45.303421",District/Zone/Department (ADM2); District/Zone/Department (ADM2),Origin; Destination,Displacement without preventive evacuations reported,2026-02-05T11:17:26.379496Z,"Yemen: 48 displacements, 10 December - 10 December. According to IOM DTM Yemen, a total of 8 households were displaced from Al Abar District, Hadramaut Governorate to Madinat Marib, Marib Governorate due to conflict reasons between 10 December 2025 and 10 December 2025. IOM DTM Yemen - 07 October 2025",,Conflict
226081,Yemen,YEM,15.728065,46.7833215,"[15.728065, 46.7833215]",Triangulation,Conflict,total,12,2025-12-10,2025-12-10,2025-12-10,2025,39293,Yemen: Non-International armed conflict (NIAC) - Hadramawt - 12/2025,,,2025-12-01,2025-12-31,,,,,,IOM DTM Yemen,,"Al Qatn District, Hadramaut Governorate, Yemen; Marib, Marib Governorate, Yemen","15.99825, 48.243622; 15.45788, 45.323021",District/Zone/Department (ADM2); District/Zone/Department (ADM2),Origin; Destination,Displacement without preventive evacuations reported,2026-02-05T11:17:26.329915Z,"Yemen: 12 displacements, 10 December - 10 December. According to IOM DTM Yemen, a total of 2 households were displaced from Al Qatn District, Hadramaut Governorate to Marib, Marib Governorate due to conflict reasons between 10 December 2025 and 10 December 2025. IOM DTM Yemen - 07 October 2025",,Conflict
226080,Yemen,YEM,15.79646,47.04591,"[15.79646, 47.04591]",Triangulation,Conflict,total,6,2025-12-10,2025-12-10,2025-12-10,2025,39293,Yemen: Non-International armed conflict (NIAC) - Hadramawt - 12/2025,,,2025-12-01,2025-12-31,,,,,,IOM DTM Yemen,,"Marib, Marib Governorate, Yemen; Seiyun District, Hadramaut Governorate, Yemen","15.45788, 45.323021; 16.13504, 48.768799",District/Zone/Department (ADM2); District/Zone/Department (ADM2),Destination; Origin,Displacement without preventive evacuations reported,2026-02-05T11:17:26.259813Z,"Yemen: 6 displacements, 10 December - 10 December. According to IOM DTM Yemen, one household was displaced from Seiyun District, Hadramaut Governorate to Marib, Marib Governorate due to conflict reasons between 10 December 2025 and 10 December 2025. IOM DTM Yemen - 07 October 2025",,Conflict
226079,Yemen,YEM,15.775355000000001,47.03611,"[15.775355000000001, 47.03611]",Triangulation,Conflict,total,72,2025-12-10,2025-12-10,2025-12-10,2025,39293,Yemen: Non-International armed conflict (NIAC) - Hadramawt - 12/2025,,,2025-12-01,2025-12-31,,,,,,IOM DTM Yemen,,"Madinat Marib, Marib Governorate, Yemen; Seiyun District, Hadramaut Governorate, Yemen","15.41567, 45.303421; 16.13504, 48.768799",District/Zone/Department (ADM2); District/Zone/Department (ADM2),Destination; Origin,Displacement without preventive evacuations reported,2026-02-05T11:17:26.207978Z,"Yemen: 72 displacements, 10 December - 10 December. According to IOM DTM Yemen, a total of 12 households were displaced from Seiyun District, Hadramaut Governorate to Madinat Marib, Marib Governorate due to conflict reasons between 10 December 2025 and 10 December 2025. IOM DTM Yemen - 07 October 2025",,Conflict
226078,Yemen,YEM,15.652731,46.9784315,"[15.652731, 46.9784315]",Triangulation,Conflict,total,18,2025-12-10,2025-12-10,2025-12-10,2025,39293,Yemen: Non-International armed conflict (NIAC) - Hadramawt - 12/2025,,,2025-12-01,2025-12-31,,,,,,IOM DTM Yemen,,"Madinat Marib, Marib Governorate, Yemen; Shibam District, Hadramaut Governorate, Yemen","15.41567, 45.303421; 15.889792, 48.653442",District/Zone/Department (ADM2); District/Zone/Department (ADM2),Destination; Origin,Displacement without preventive evacuations reported,2026-02-05T11:17:26.160010Z,"Yemen: 18 displacements, 10 December - 10 December. According to IOM DTM Yemen, a total of 3 households were displaced from Shibam District, Hadramaut Governorate to Madinat Marib, Marib Governorate due to conflict reasons between 10 December 2025 and 10 December 2025. IOM DTM Yemen - 07 October 2025",,Conflict
226074,Yemen,YEM,15.200395,44.41436,"[15.200395, 44.41436]",Triangulation,Conflict,total,12,2025-12-09,2025-12-09,2025-12-09,2025,39293,Yemen: Non-International armed conflict (NIAC) - Hadramawt - 12/2025,,,2025-12-01,2025-12-31,,,,,,IOM DTM Yemen,,"Madinat Marib, Marib Governorate, Yemen; Wadi al Ayn, Al Hudaydah Governorate, Yemen","15.41567, 45.303421; 14.98512, 43.525299",District/Zone/Department (ADM2); District/Zone/Department (ADM2),Destination; Origin,Displacement without preventive evacuations reported,2026-02-05T11:17:25.963526Z,"Yemen: 12 displacements, 09 December - 09 December. According to IOM DTM Yemen, a total of 2 households were displaced from Wadi al Ayn, Al Hudaydah Governorate to Madinat Marib, Marib Governorate due to conflict reasons between 09 December 2025 and 09 December 2025. IOM DTM Yemen - 07 October 2025",,Conflict
226055,Yemen,YEM,15.007835,44.5767095,"[15.007835, 44.5767095]",Triangulation,Conflict,total,6,2025-12-09,2025-12-09,2025-12-09,2025,39297,Yemen: Non-International armed conflict (NIAC) - Raymah - 12/2025,,,2025-12-01,2025-12-31,,,,,,IOM DTM Yemen,,"As Salafiyah, Raymah Governorate, Yemen; Madinat Marib, Marib Governorate, Yemen","14.6, 43.849998; 15.41567, 45.303421",District/Zone/Department (ADM2); District/Zone/Department (ADM2),Origin; Destination,Displacement without preventive evacuations reported,2026-02-05T10:37:49.848126Z,"Yemen: 6 displacements, 09 December - 09 December. According to IOM DTM Yemen, one household was displaced from As Salafiyah, Raymah Governorate to Madinat Marib, Marib Governorate due to conflict reasons between 09 December 2025 and 09 December 2025. IOM DTM Yemen - 07 October 2025",,Conflict
226054,Yemen,YEM,15.329889999999999,48.918653500000005,"[15.329889999999999, 48.918653500000005]",Triangulation,Conflict,total,6,2025-12-09,2025-12-09,2025-12-09,2025,39293,Yemen: Non-International armed conflict (NIAC) - Hadramawt - 12/2025,,,2025-12-01,2025-12-31,,,,,,IOM DTM Yemen,,"Mukalla City District, Hadramaut Governorate, Yemen; Seiyun District, Hadramaut Governorate, Yemen","14.52474, 49.068508; 16.13504, 48.768799",District/Zone/Department (ADM2); District/Zone/Department (ADM2),Destination; Origin,Displacement without preventive evacuations reported,2026-02-05T10:37:49.799405Z,"Yemen: 6 displacements, 09 December - 09 December. According to IOM DTM Yemen, one household was displaced from Seiyun District, Hadramaut Governorate to Mukalla City District, Hadramaut Governorate due to conflict reasons between 09 December 2025 and 09 December 2025. IOM DTM Yemen - 07 October 2025",,Conflict
226053,Yemen,YEM,16.658329350000002,50.6503297,"[16.658329350000002, 50.6503297]",Triangulation,Conflict,total,18,2025-12-09,2025-12-09,2025-12-09,2025,39293,Yemen: Non-International armed conflict (NIAC) - Hadramawt - 12/2025,,,2025-12-01,2025-12-31,,,,,,IOM DTM Yemen,,"Seiyun District, Hadramaut Governorate, Yemen; Shahin, Al Mahrah Governorate, Yemen","16.13504, 48.768799; 17.1816187, 52.5318604",District/Zone/Department (ADM2); District/Zone/Department (ADM2),Origin; Destination,Displacement without preventive evacuations reported,2026-02-05T10:37:49.751521Z,"Yemen: 18 displacements, 09 December - 09 December. According to IOM DTM Yemen, a total of 3 households were displaced from Seiyun District, Hadramaut Governorate to Shahin, Al Mahrah Governorate due to conflict reasons between 09 December 2025 and 09 December 2025. IOM DTM Yemen - 07 October 2025",,Conflict
226069,Yemen,YEM,15.68695,46.30023,"[15.68695, 46.30023]",Triangulation,Conflict,total,12,2025-12-09,2025-12-09,2025-12-09,2025,39293,Yemen: Non-International armed conflict (NIAC) - Hadramawt - 12/2025,,,2025-12-01,2025-12-31,,,,,,IOM DTM Yemen,,"Al Abar District, Hadramaut Governorate, Yemen; Marib, Marib Governorate, Yemen","15.91602, 47.277439; 15.45788, 45.323021",District/Zone/Department (ADM2); District/Zone/Department (ADM2),Origin; Destination,Displacement without preventive evacuations reported,2026-02-05T11:17:25.695950Z,"Yemen: 12 displacements, 09 December - 09 December. According to IOM DTM Yemen, a total of 2 households were displaced from Al Abar District, Hadramaut Governorate to Marib, Marib Governorate due to conflict reasons between 09 December 2025 and 09 December 2025. IOM DTM Yemen - 07 October 2025",,Conflict
226052,Yemen,YEM,14.993745,46.736149,"[14.993745, 46.736149]",Triangulation,Conflict,total,42,2025-12-09,2025-12-09,2025-12-09,2025,39293,Yemen: Non-International armed conflict (NIAC) - Hadramawt - 12/2025,,,2025-12-01,2025-12-31,,,,,,IOM DTM Yemen,,"Qa'atabah, Ad Dali' Governorate, Yemen; Seiyun District, Hadramaut Governorate, Yemen","13.85245, 44.703499; 16.13504, 48.768799",District/Zone/Department (ADM2); District/Zone/Department (ADM2),Destination; Origin,Displacement without preventive evacuations reported,2026-02-05T10:37:49.701998Z,"Yemen: 42 displacements, 09 December - 09 December. According to IOM DTM Yemen, a total of 7 households were displaced from Seiyun District, Hadramaut Governorate to Qa'atabah, Ad Dali' Governorate due to conflict reasons between 09 December 2025 and 09 December 2025. IOM DTM Yemen - 07 October 2025",,Conflict
226051,Yemen,YEM,15.79646,47.04591,"[15.79646, 47.04591]",Triangulation,Conflict,total,42,2025-12-09,2025-12-09,2025-12-09,2025,39293,Yemen: Non-International armed conflict (NIAC) - Hadramawt - 12/2025,,,2025-12-01,2025-12-31,,,,,,IOM DTM Yemen,,"Marib, Marib Governorate, Yemen; Seiyun District, Hadramaut Governorate, Yemen","15.45788, 45.323021; 16.13504, 48.768799",District/Zone/Department (ADM2); District/Zone/Department (ADM2),Destination; Origin,Displacement without preventive evacuations reported,2026-02-05T10:37:49.650705Z,"Yemen: 42 displacements, 09 December - 09 December. According to IOM DTM Yemen, a total of 7 households were displaced from Seiyun District, Hadramaut Governorate to Marib, Marib Governorate due to conflict reasons between 09 December 2025 and 09 December 2025. IOM DTM Yemen - 07 October 2025",,Conflict
226075,Yemen,YEM,13.936675000000001,44.010551500000005,"[13.936675000000001, 44.010551500000005]",Triangulation,Conflict,total,30,2025-12-09,2025-12-09,2025-12-09,2025,39287,Yemen: Non-International armed conflict (NIAC) - Al Hodeidah - 12/2025,,,2025-12-01,2025-12-31,,,,,,IOM DTM Yemen,,"Al Marawiah, Al Hudaydah Governorate, Yemen; Tuban, Lahij Governorate, Yemen","14.85584, 43.196522; 13.01751, 44.824581",District/Zone/Department (ADM2); District/Zone/Department (ADM2),Origin; Destination,Displacement without preventive evacuations reported,2026-02-05T11:17:26.012355Z,"Yemen: 30 displacements, 09 December - 09 December. According to IOM DTM Yemen, a total of 5 households were displaced from Al Marawiah, Al Hudaydah Governorate to Tuban, Lahij Governorate due to conflict reasons between 09 December 2025 and 09 December 2025. IOM DTM Yemen - 07 October 2025",,Conflict
226076,Yemen,YEM,14.41029,43.140710999999996,"[14.41029, 43.140710999999996]",Triangulation,Conflict,total,12,2025-12-09,2025-12-09,2025-12-09,2025,39287,Yemen: Non-International armed conflict (NIAC) - Al Hodeidah - 12/2025,,,2025-12-01,2025-12-31,,,,,,IOM DTM Yemen,,"Al Durayhami, Al Hudaydah Governorate, Yemen; At Tahaytha, Al Hudaydah Governorate, Yemen","14.63702, 43.05505; 14.18356, 43.226372",District/Zone/Department (ADM2); District/Zone/Department (ADM2),Origin; Destination,Displacement without preventive evacuations reported,2026-02-05T11:17:26.061692Z,"Yemen: 12 displacements, 09 December - 09 December. According to IOM DTM Yemen, a total of 2 households were displaced from Al Durayhami, Al Hudaydah Governorate to At Tahaytha, Al Hudaydah Governorate due to conflict reasons between 09 December 2025 and 09 December 2025. IOM DTM Yemen - 07 October 2025",,Conflict
226077,Yemen,YEM,14.868655,48.073515,"[14.868655, 48.073515]",Triangulation,Conflict,total,24,2025-12-09,2025-12-09,2025-12-09,2025,39295,Yemen: Non-International armed conflict (NIAC) - Al Maharah - 12/2025,,,2025-12-01,2025-12-31,,,,,,IOM DTM Yemen,,"Al Ghaydah District, Al Mahrah Governorate, Yemen; Sabir al Mawadim, Ta'izz Governorate, Yemen","16.25934, 52.066399; 13.47797, 44.080631",District/Zone/Department (ADM2); District/Zone/Department (ADM2),Origin; Destination,Displacement without preventive evacuations reported,2026-02-05T11:17:26.111787Z,"Yemen: 24 displacements, 09 December - 09 December. According to IOM DTM Yemen, a total of 4 households were displaced from Al Ghaydah District, Al Mahrah Governorate to Sabir al Mawadim, Ta'izz Governorate due to conflict reasons between 09 December 2025 and 09 December 2025. IOM DTM Yemen - 07 October 2025",,Conflict
226117,Yemen,YEM,15.646234999999999,47.5782655,"[15.646234999999999, 47.5782655]",Triangulation,Conflict,total,18,2025-12-09,2025-12-09,2025-12-09,2025,39293,Yemen: Non-International armed conflict (NIAC) - Hadramawt - 12/2025,,,2025-12-01,2025-12-31,,,,,,IOM DTM Yemen,,"Rumah, Muhafazat Hadramaout, Yemen; Sabir al Mawadim, Ta'izz Governorate, Yemen","17.8145, 51.0759; 13.47797, 44.080631",District/Zone/Department (ADM2); District/Zone/Department (ADM2),Origin; Destination,Displacement without preventive evacuations reported,2026-02-05T11:50:07.844142Z,"Yemen: 18 displacements, 09 December - 09 December. According to IOM DTM Yemen, a total of 3 households were displaced from Rumah, Muhafazat Hadramaout to Sabir al Mawadim, Ta'izz Governorate due to conflict reasons between 09 December 2025 and 09 December 2025. IOM DTM Yemen - 07 October 2025",,Conflict
226050,Yemen,YEM,16.524031,47.628664,"[16.524031, 47.628664]",Triangulation,Conflict,total,48,2025-12-09,2025-12-09,2025-12-09,2025,39293,Yemen: Non-International armed conflict (NIAC) - Hadramawt - 12/2025,,,2025-12-01,2025-12-31,,,,,,IOM DTM Yemen,,"Madinat Marib, Marib Governorate, Yemen; Thamud District, Hadramaut Governorate, Yemen","15.41567, 45.303421; 17.632392, 49.953907",District/Zone/Department (ADM2); District/Zone/Department (ADM2),Destination; Origin,Displacement without preventive evacuations reported,2026-02-05T10:37:49.600802Z,"Yemen: 48 displacements, 09 December - 09 December. According to IOM DTM Yemen, a total of 8 households were displaced from Thamud District, Hadramaut Governorate to Madinat Marib, Marib Governorate due to conflict reasons between 09 December 2025 and 09 December 2025. IOM DTM Yemen - 07 October 2025",,Conflict
226049,Yemen,YEM,15.665845000000001,46.29043,"[15.665845000000001, 46.29043]",Triangulation,Conflict,total,90,2025-12-09,2025-12-09,2025-12-09,2025,39293,Yemen: Non-International armed conflict (NIAC) - Hadramawt - 12/2025,,,2025-12-01,2025-12-31,,,,,,IOM DTM Yemen,,"Al Abar District, Hadramaut Governorate, Yemen; Madinat Marib, Marib Governorate, Yemen","15.91602, 47.277439; 15.41567, 45.303421",District/Zone/Department (ADM2); District/Zone/Department (ADM2),Origin; Destination,Displacement without preventive evacuations reported,2026-02-05T10:37:49.550010Z,"Yemen: 90 displacements, 09 December - 09 December. According to IOM DTM Yemen, a total of 15 households were displaced from Al Abar District, Hadramaut Governorate to Madinat Marib, Marib Governorate due to conflict reasons between 09 December 2025 and 09 December 2025. IOM DTM Yemen - 07 October 2025",,Conflict
226048,Yemen,YEM,15.775355000000001,47.03611,"[15.775355000000001, 47.03611]",Triangulation,Conflict,total,210,2025-12-09,2025-12-09,2025-12-09,2025,39293,Yemen: Non-International armed conflict (NIAC) - Hadramawt - 12/2025,,,2025-12-01,2025-12-31,,,,,,IOM DTM Yemen,,"Madinat Marib, Marib Governorate, Yemen; Seiyun District, Hadramaut Governorate, Yemen","15.41567, 45.303421; 16.13504, 48.768799",District/Zone/Department (ADM2); District/Zone/Department (ADM2),Destination; Origin,Displacement without preventive evacuations reported,2026-02-05T10:37:49.499221Z,"Yemen: 210 displacements, 09 December - 09 December. According to IOM DTM Yemen, a total of 35 households were displaced from Seiyun District, Hadramaut Governorate to Madinat Marib, Marib Governorate due to conflict reasons between 09 December 2025 and 09 December 2025. IOM DTM Yemen - 07 October 2025",,Conflict
226070,Yemen,YEM,16.545136,47.638464,"[16.545136, 47.638464]",Triangulation,Conflict,total,6,2025-12-09,2025-12-09,2025-12-09,2025,39293,Yemen: Non-International armed conflict (NIAC) - Hadramawt - 12/2025,,,2025-12-01,2025-12-31,,,,,,IOM DTM Yemen,,"Marib, Marib Governorate, Yemen; Thamud District, Hadramaut Governorate, Yemen","15.45788, 45.323021; 17.632392, 49.953907",District/Zone/Department (ADM2); District/Zone/Department (ADM2),Destination; Origin,Displacement without preventive evacuations reported,2026-02-05T11:17:25.758804Z,"Yemen: 6 displacements, 09 December - 09 December. According to IOM DTM Yemen, one household was displaced from Thamud District, Hadramaut Governorate to Marib, Marib Governorate due to conflict reasons between 09 December 2025 and 09 December 2025. IOM DTM Yemen - 07 October 2025",,Conflict
226047,Yemen,YEM,15.652731,46.9784315,"[15.652731, 46.9784315]",Triangulation,Conflict,total,30,2025-12-09,2025-12-09,2025-12-09,2025,39293,Yemen: Non-International armed conflict (NIAC) - Hadramawt - 12/2025,,,2025-12-01,2025-12-31,,,,,,IOM DTM Yemen,,"Madinat Marib, Marib Governorate, Yemen; Shibam District, Hadramaut Governorate, Yemen","15.41567, 45.303421; 15.889792, 48.653442",District/Zone/Department (ADM2); District/Zone/Department (ADM2),Destination; Origin,Displacement without preventive evacuations reported,2026-02-05T10:37:49.451069Z,"Yemen: 30 displacements, 09 December - 09 December. According to IOM DTM Yemen, a total of 5 households were displaced from Shibam District, Hadramaut Governorate to Madinat Marib, Marib Governorate due to conflict reasons between 09 December 2025 and 09 December 2025. IOM DTM Yemen - 07 October 2025",,Conflict
226071,Yemen,YEM,15.728065,46.7833215,"[15.728065, 46.7833215]",Triangulation,Conflict,total,6,2025-12-09,2025-12-09,2025-12-09,2025,39293,Yemen: Non-International armed conflict (NIAC) - Hadramawt - 12/2025,,,2025-12-01,2025-12-31,,,,,,IOM DTM Yemen,,"Al Qatn District, Hadramaut Governorate, Yemen; Marib, Marib Governorate, Yemen","15.99825, 48.243622; 15.45788, 45.323021",District/Zone/Department (ADM2); District/Zone/Department (ADM2),Origin; Destination,Displacement without preventive evacuations reported,2026-02-05T11:17:25.814321Z,"Yemen: 6 displacements, 09 December - 09 December. According to IOM DTM Yemen, one household was displaced from Al Qatn District, Hadramaut Governorate to Marib, Marib Governorate due to conflict reasons between 09 December 2025 and 09 December 2025. IOM DTM Yemen - 07 October 2025",,Conflict
226072,Yemen,YEM,15.5083685,47.1092495,"[15.5083685, 47.1092495]",Triangulation,Conflict,total,6,2025-12-09,2025-12-09,2025-12-09,2025,39293,Yemen: Non-International armed conflict (NIAC) - Hadramawt - 12/2025,,,2025-12-01,2025-12-31,,,,,,IOM DTM Yemen,,"Marib, Marib Governorate, Yemen; Sah District, Hadramaut Governorate, Yemen","15.45788, 45.323021; 15.558857, 48.895478",District/Zone/Department (ADM2); District/Zone/Department (ADM2),Destination; Origin,Displacement without preventive evacuations reported,2026-02-05T11:17:25.863622Z,"Yemen: 6 displacements, 09 December - 09 December. According to IOM DTM Yemen, one household was displaced from Sah District, Hadramaut Governorate to Marib, Marib Governorate due to conflict reasons between 09 December 2025 and 09 December 2025. IOM DTM Yemen - 07 October 2025",,Conflict
226073,Yemen,YEM,15.70696,46.7735215,"[15.70696, 46.7735215]",Triangulation,Conflict,total,30,2025-12-09,2025-12-09,2025-12-09,2025,39293,Yemen: Non-International armed conflict (NIAC) - Hadramawt - 12/2025,,,2025-12-01,2025-12-31,,,,,,IOM DTM Yemen,,"Al Qatn District, Hadramaut Governorate, Yemen; Madinat Marib, Marib Governorate, Yemen","15.99825, 48.243622; 15.41567, 45.303421",District/Zone/Department (ADM2); District/Zone/Department (ADM2),Origin; Destination,Displacement without preventive evacuations reported,2026-02-05T11:17:25.914426Z,"Yemen: 30 displacements, 09 December - 09 December. According to IOM DTM Yemen, a total of 5 households were displaced from Al Qatn District, Hadramaut Governorate to Madinat Marib, Marib Governorate due to conflict reasons between 09 December 2025 and 09 December 2025. IOM DTM Yemen - 07 October 2025",,Conflict
226046,Yemen,YEM,14.103584999999999,46.5002655,"[14.103584999999999, 46.5002655]",Triangulation,Conflict,total,102,2025-12-08,2025-12-08,2025-12-08,2025,39293,Yemen: Non-International armed conflict (NIAC) - Hadramawt - 12/2025,,,2025-12-01,2025-12-31,,,,,,IOM DTM Yemen,,"Al Mukalla, Muhafazat Hadramaout, Yemen; Sabir al Mawadim, Ta'izz Governorate, Yemen","14.7292, 48.9199; 13.47797, 44.080631",District/Zone/Department (ADM2); District/Zone/Department (ADM2),Origin; Destination,Displacement without preventive evacuations reported,2026-02-05T10:37:49.400816Z,"Yemen: 102 displacements, 08 December - 08 December. According to IOM DTM Yemen, a total of 17 households were displaced from Al Mukalla, Muhafazat Hadramaout to Sabir al Mawadim, Ta'izz Governorate due to conflict reasons between 08 December 2025 and 08 December 2025. IOM DTM Yemen - 07 October 2025",,Conflict
226045,Yemen,YEM,15.27246,45.2951165,"[15.27246, 45.2951165]",Triangulation,Conflict,total,6,2025-12-08,2025-12-08,2025-12-08,2025,39296,Yemen: Non-International armed conflict (NIAC) - Marib - 12/2025,,,2025-12-01,2025-12-31,,,,,,IOM DTM Yemen,,"Al Jubah, Marib Governorate, Yemen; Madinat Marib, Marib Governorate, Yemen","15.12925, 45.286812; 15.41567, 45.303421",District/Zone/Department (ADM2); District/Zone/Department (ADM2),Origin; Destination,Displacement without preventive evacuations reported,2026-02-05T10:37:49.350298Z,"Yemen: 6 displacements, 08 December - 08 December. According to IOM DTM Yemen, one household was displaced from Al Jubah, Marib Governorate to Madinat Marib, Marib Governorate due to conflict reasons between 08 December 2025 and 08 December 2025. IOM DTM Yemen - 07 October 2025",,Conflict
226044,Yemen,YEM,14.42425804138092,46.306296412306445,"[14.42425804138092, 46.306296412306445]",Triangulation,Conflict,total,30,2025-12-08,2025-12-08,2025-12-08,2025,39293,Yemen: Non-International armed conflict (NIAC) - Hadramawt - 12/2025,,,2025-12-01,2025-12-31,,,,,,IOM DTM Yemen,,"Ad Dulay'ah, Hadhramaut; Qa'atabah, Ad Dali' Governorate, Yemen","14.99606608276184, 47.90909382461289; 13.85245, 44.703499",District/Zone/Department (ADM2); District/Zone/Department (ADM2),Origin; Destination,Displacement without preventive evacuations reported,2026-02-05T10:37:49.297954Z,"Yemen: 30 displacements, 08 December - 08 December. According to IOM DTM Yemen, a total of 5 households were displaced from Ad Dulay'ah to Qa'atabah, Ad Dali' Governorate due to conflict reasons between 08 December 2025 and 08 December 2025. IOM DTM Yemen - 07 October 2025",,Conflict
226043,Yemen,YEM,14.37971,47.160509000000005,"[14.37971, 47.160509000000005]",Triangulation,Conflict,total,30,2025-12-08,2025-12-08,2025-12-08,2025,39293,Yemen: Non-International armed conflict (NIAC) - Hadramawt - 12/2025,,,2025-12-01,2025-12-31,,,,,,IOM DTM Yemen,,"Qa'atabah, Ad Dali' Governorate, Yemen; Shihr District, Hadramaut Governorate, Yemen","13.85245, 44.703499; 14.90697, 49.617519",District/Zone/Department (ADM2); District/Zone/Department (ADM2),Destination; Origin,Displacement without preventive evacuations reported,2026-02-05T10:37:49.248336Z,"Yemen: 30 displacements, 08 December - 08 December. According to IOM DTM Yemen, a total of 5 households were displaced from Shihr District, Hadramaut Governorate to Qa'atabah, Ad Dali' Governorate due to conflict reasons between 08 December 2025 and 08 December 2025. IOM DTM Yemen - 07 October 2025",,Conflict
226042,Yemen,YEM,15.70696,46.7735215,"[15.70696, 46.7735215]",Triangulation,Conflict,total,24,2025-12-08,2025-12-08,2025-12-08,2025,39293,Yemen: Non-International armed conflict (NIAC) - Hadramawt - 12/2025,,,2025-12-01,2025-12-31,,,,,,IOM DTM Yemen,,"Al Qatn District, Hadramaut Governorate, Yemen; Madinat Marib, Marib Governorate, Yemen","15.99825, 48.243622; 15.41567, 45.303421",District/Zone/Department (ADM2); District/Zone/Department (ADM2),Origin; Destination,Displacement without preventive evacuations reported,2026-02-05T10:37:49.195664Z,"Yemen: 24 displacements, 08 December - 08 December. According to IOM DTM Yemen, a total of 4 households were displaced from Al Qatn District, Hadramaut Governorate to Madinat Marib, Marib Governorate due to conflict reasons between 08 December 2025 and 08 December 2025. IOM DTM Yemen - 07 October 2025",,Conflict
226041,Yemen,YEM,15.665845000000001,46.29043,"[15.665845000000001, 46.29043]",Triangulation,Conflict,total,48,2025-12-08,2025-12-08,2025-12-08,2025,39293,Yemen: Non-International armed conflict (NIAC) - Hadramawt - 12/2025,,,2025-12-01,2025-12-31,,,,,,IOM DTM Yemen,,"Al Abar District, Hadramaut Governorate, Yemen; Madinat Marib, Marib Governorate, Yemen","15.91602, 47.277439; 15.41567, 45.303421",District/Zone/Department (ADM2); District/Zone/Department (ADM2),Origin; Destination,Displacement without preventive evacuations reported,2026-02-05T10:37:49.147468Z,"Yemen: 48 displacements, 08 December - 08 December. According to IOM DTM Yemen, a total of 8 households were displaced from Al Abar District, Hadramaut Governorate to Madinat Marib, Marib Governorate due to conflict reasons between 08 December 2025 and 08 December 2025. IOM DTM Yemen - 07 October 2025",,Conflict
226040,Yemen,YEM,15.79646,47.04591,"[15.79646, 47.04591]",Triangulation,Conflict,total,60,2025-12-08,2025-12-08,2025-12-08,2025,39293,Yemen: Non-International armed conflict (NIAC) - Hadramawt - 12/2025,,,2025-12-01,2025-12-31,,,,,,IOM DTM Yemen,,"Marib, Marib Governorate, Yemen; Seiyun District, Hadramaut Governorate, Yemen","15.45788, 45.323021; 16.13504, 48.768799",District/Zone/Department (ADM2); District/Zone/Department (ADM2),Destination; Origin,Displacement without preventive evacuations reported,2026-02-05T10:37:49.098910Z,"Yemen: 60 displacements, 08 December - 08 December. According to IOM DTM Yemen, a total of 10 households were displaced from Seiyun District, Hadramaut Governorate to Marib, Marib Governorate due to conflict reasons between 08 December 2025 and 08 December 2025. IOM DTM Yemen - 07 October 2025",,Conflict
226039,Yemen,YEM,15.728065,46.7833215,"[15.728065, 46.7833215]",Triangulation,Conflict,total,12,2025-12-08,2025-12-08,2025-12-08,2025,39293,Yemen: Non-International armed conflict (NIAC) - Hadramawt - 12/2025,,,2025-12-01,2025-12-31,,,,,,IOM DTM Yemen,,"Al Qatn District, Hadramaut Governorate, Yemen; Marib, Marib Governorate, Yemen","15.99825, 48.243622; 15.45788, 45.323021",District/Zone/Department (ADM2); District/Zone/Department (ADM2),Origin; Destination,Displacement without preventive evacuations reported,2026-02-05T10:37:49.048899Z,"Yemen: 12 displacements, 08 December - 08 December. According to IOM DTM Yemen, a total of 2 households were displaced from Al Qatn District, Hadramaut Governorate to Marib, Marib Governorate due to conflict reasons between 08 December 2025 and 08 December 2025. IOM DTM Yemen - 07 October 2025",,Conflict
226038,Yemen,YEM,15.68695,46.30023,"[15.68695, 46.30023]",Triangulation,Conflict,total,24,2025-12-08,2025-12-08,2025-12-08,2025,39293,Yemen: Non-International armed conflict (NIAC) - Hadramawt - 12/2025,,,2025-12-01,2025-12-31,,,,,,IOM DTM Yemen,,"Al Abar District, Hadramaut Governorate, Yemen; Marib, Marib Governorate, Yemen","15.91602, 47.277439; 15.45788, 45.323021",District/Zone/Department (ADM2); District/Zone/Department (ADM2),Origin; Destination,Displacement without preventive evacuations reported,2026-02-05T10:37:48.998907Z,"Yemen: 24 displacements, 08 December - 08 December. According to IOM DTM Yemen, a total of 4 households were displaced from Al Abar District, Hadramaut Governorate to Marib, Marib Governorate due to conflict reasons between 08 December 2025 and 08 December 2025. IOM DTM Yemen - 07 October 2025",,Conflict
226037,Yemen,YEM,15.652731,46.9784315,"[15.652731, 46.9784315]",Triangulation,Conflict,total,30,2025-12-08,2025-12-08,2025-12-08,2025,39293,Yemen: Non-International armed conflict (NIAC) - Hadramawt - 12/2025,,,2025-12-01,2025-12-31,,,,,,IOM DTM Yemen,,"Madinat Marib, Marib Governorate, Yemen; Shibam District, Hadramaut Governorate, Yemen","15.41567, 45.303421; 15.889792, 48.653442",District/Zone/Department (ADM2); District/Zone/Department (ADM2),Destination; Origin,Displacement without preventive evacuations reported,2026-02-05T10:37:48.948152Z,"Yemen: 30 displacements, 08 December - 08 December. According to IOM DTM Yemen, a total of 5 households were displaced from Shibam District, Hadramaut Governorate to Madinat Marib, Marib Governorate due to conflict reasons between 08 December 2025 and 08 December 2025. IOM DTM Yemen - 07 October 2025",,Conflict
226036,Yemen,YEM,15.775355000000001,47.03611,"[15.775355000000001, 47.03611]",Triangulation,Conflict,total,348,2025-12-08,2025-12-08,2025-12-08,2025,39293,Yemen: Non-International armed conflict (NIAC) - Hadramawt - 12/2025,,,2025-12-01,2025-12-31,,,,,,IOM DTM Yemen,,"Madinat Marib, Marib Governorate, Yemen; Seiyun District, Hadramaut Governorate, Yemen","15.41567, 45.303421; 16.13504, 48.768799",District/Zone/Department (ADM2); District/Zone/Department (ADM2),Destination; Origin,Displacement without preventive evacuations reported,2026-02-05T10:37:48.892222Z,"Yemen: 348 displacements, 08 December - 08 December. According to IOM DTM Yemen, a total of 58 households were displaced from Seiyun District, Hadramaut Governorate to Madinat Marib, Marib Governorate due to conflict reasons between 08 December 2025 and 08 December 2025. IOM DTM Yemen - 07 October 2025",,Conflict
226035,Yemen,YEM,16.524031,47.628664,"[16.524031, 47.628664]",Triangulation,Conflict,total,42,2025-12-08,2025-12-08,2025-12-08,2025,39293,Yemen: Non-International armed conflict (NIAC) - Hadramawt - 12/2025,,,2025-12-01,2025-12-31,,,,,,IOM DTM Yemen,,"Madinat Marib, Marib Governorate, Yemen; Thamud District, Hadramaut Governorate, Yemen","15.41567, 45.303421; 17.632392, 49.953907",District/Zone/Department (ADM2); District/Zone/Department (ADM2),Destination; Origin,Displacement without preventive evacuations reported,2026-02-05T10:37:48.825621Z,"Yemen: 42 displacements, 08 December - 08 December. According to IOM DTM Yemen, a total of 7 households were displaced from Thamud District, Hadramaut Governorate to Madinat Marib, Marib Governorate due to conflict reasons between 08 December 2025 and 08 December 2025. IOM DTM Yemen - 07 October 2025",,Conflict
226034,Yemen,YEM,15.377054000000001,47.814627,"[15.377054000000001, 47.814627]",Triangulation,Conflict,total,6,2025-12-08,2025-12-08,2025-12-08,2025,39293,Yemen: Non-International armed conflict (NIAC) - Hadramawt - 12/2025,,,2025-12-01,2025-12-31,,,,,,IOM DTM Yemen,,"Jardan District, Shabwah Governorate, Yemen; Sah District, Hadramaut Governorate, Yemen","15.195251, 46.733776; 15.558857, 48.895478",District/Zone/Department (ADM2); District/Zone/Department (ADM2),Destination; Origin,Displacement without preventive evacuations reported,2026-02-05T10:37:48.532802Z,"Yemen: 6 displacements, 08 December - 08 December. According to IOM DTM Yemen, one household was displaced from Sah District, Hadramaut Governorate to Jardan District, Shabwah Governorate due to conflict reasons between 08 December 2025 and 08 December 2025. IOM DTM Yemen - 07 October 2025",,Conflict
226116,Yemen,YEM,14.738109999999999,46.1621265,"[14.738109999999999, 46.1621265]",Triangulation,Conflict,total,18,2025-12-08,2025-12-08,2025-12-08,2025,39293,Yemen: Non-International armed conflict (NIAC) - Hadramawt - 12/2025,,,2025-12-01,2025-12-31,,,,,,IOM DTM Yemen,,"Al Qatn District, Hadramaut Governorate, Yemen; Sabir al Mawadim, Ta'izz Governorate, Yemen","15.99825, 48.243622; 13.47797, 44.080631",District/Zone/Department (ADM2); District/Zone/Department (ADM2),Origin; Destination,Displacement without preventive evacuations reported,2026-02-05T11:50:07.793469Z,"Yemen: 18 displacements, 08 December - 08 December. According to IOM DTM Yemen, a total of 3 households were displaced from Al Qatn District, Hadramaut Governorate to Sabir al Mawadim, Ta'izz Governorate due to conflict reasons between 08 December 2025 and 08 December 2025. IOM DTM Yemen - 07 October 2025",,Conflict
226021,Yemen,YEM,15.79646,47.04591,"[15.79646, 47.04591]",Triangulation,Conflict,total,6,2025-12-07,2025-12-07,2025-12-07,2025,39293,Yemen: Non-International armed conflict (NIAC) - Hadramawt - 12/2025,,,2025-12-01,2025-12-31,,,,,,IOM DTM Yemen,,"Marib, Marib Governorate, Yemen; Seiyun District, Hadramaut Governorate, Yemen","15.45788, 45.323021; 16.13504, 48.768799",District/Zone/Department (ADM2); District/Zone/Department (ADM2),Destination; Origin,Displacement without preventive evacuations reported,2026-02-05T10:37:44.509433Z,"Yemen: 6 displacements, 07 December - 07 December. According to IOM DTM Yemen, one household was displaced from Seiyun District, Hadramaut Governorate to Marib, Marib Governorate due to conflict reasons between 07 December 2025 and 07 December 2025. IOM DTM Yemen - 07 October 2025",,Conflict
226023,Yemen,YEM,15.652731,46.9784315,"[15.652731, 46.9784315]",Triangulation,Conflict,total,30,2025-12-07,2025-12-07,2025-12-07,2025,39293,Yemen: Non-International armed conflict (NIAC) - Hadramawt - 12/2025,,,2025-12-01,2025-12-31,,,,,,IOM DTM Yemen,,"Madinat Marib, Marib Governorate, Yemen; Shibam District, Hadramaut Governorate, Yemen","15.41567, 45.303421; 15.889792, 48.653442",District/Zone/Department (ADM2); District/Zone/Department (ADM2),Destination; Origin,Displacement without preventive evacuations reported,2026-02-05T10:37:44.610067Z,"Yemen: 30 displacements, 07 December - 07 December. According to IOM DTM Yemen, a total of 5 households were displaced from Shibam District, Hadramaut Governorate to Madinat Marib, Marib Governorate due to conflict reasons between 07 December 2025 and 07 December 2025. IOM DTM Yemen - 07 October 2025",,Conflict
226028,Yemen,YEM,16.545136,47.638464,"[16.545136, 47.638464]",Triangulation,Conflict,total,12,2025-12-07,2025-12-07,2025-12-07,2025,39293,Yemen: Non-International armed conflict (NIAC) - Hadramawt - 12/2025,,,2025-12-01,2025-12-31,,,,,,IOM DTM Yemen,,"Marib, Marib Governorate, Yemen; Thamud District, Hadramaut Governorate, Yemen","15.45788, 45.323021; 17.632392, 49.953907",District/Zone/Department (ADM2); District/Zone/Department (ADM2),Destination; Origin,Displacement without preventive evacuations reported,2026-02-05T10:37:44.883190Z,"Yemen: 12 displacements, 07 December - 07 December. According to IOM DTM Yemen, a total of 2 households were displaced from Thamud District, Hadramaut Governorate to Marib, Marib Governorate due to conflict reasons between 07 December 2025 and 07 December 2025. IOM DTM Yemen - 07 October 2025",,Conflict
226027,Yemen,YEM,15.487263500000001,47.0994495,"[15.487263500000001, 47.0994495]",Triangulation,Conflict,total,6,2025-12-07,2025-12-07,2025-12-07,2025,39293,Yemen: Non-International armed conflict (NIAC) - Hadramawt - 12/2025,,,2025-12-01,2025-12-31,,,,,,IOM DTM Yemen,,"Madinat Marib, Marib Governorate, Yemen; Sah District, Hadramaut Governorate, Yemen","15.41567, 45.303421; 15.558857, 48.895478",District/Zone/Department (ADM2); District/Zone/Department (ADM2),Destination; Origin,Displacement without preventive evacuations reported,2026-02-05T10:37:44.832360Z,"Yemen: 6 displacements, 07 December - 07 December. According to IOM DTM Yemen, one household was displaced from Sah District, Hadramaut Governorate to Madinat Marib, Marib Governorate due to conflict reasons between 07 December 2025 and 07 December 2025. IOM DTM Yemen - 07 October 2025",,Conflict
226026,Yemen,YEM,15.438735000000001,46.5381105,"[15.438735000000001, 46.5381105]",Triangulation,Conflict,total,6,2025-12-07,2025-12-07,2025-12-07,2025,39293,Yemen: Non-International armed conflict (NIAC) - Hadramawt - 12/2025,,,2025-12-01,2025-12-31,,,,,,IOM DTM Yemen,,"Madinat Marib, Marib Governorate, Yemen; Rakhyah, Muhafazat Hadramaout, Yemen","15.41567, 45.303421; 15.4618, 47.7728",District/Zone/Department (ADM2); District/Zone/Department (ADM2),Destination; Origin,Displacement without preventive evacuations reported,2026-02-05T10:37:44.779662Z,"Yemen: 6 displacements, 07 December - 07 December. According to IOM DTM Yemen, one household was displaced from Rakhyah, Muhafazat Hadramaout to Madinat Marib, Marib Governorate due to conflict reasons between 07 December 2025 and 07 December 2025. IOM DTM Yemen - 07 October 2025",,Conflict
226025,Yemen,YEM,14.695175500000001,45.024479,"[14.695175500000001, 45.024479]",Triangulation,Conflict,total,18,2025-12-07,2025-12-07,2025-12-07,2025,39287,Yemen: Non-International armed conflict (NIAC) - Al Hodeidah - 12/2025,,,2025-12-01,2025-12-31,,,,,,IOM DTM Yemen,,"Jardan District, Shabwah Governorate, Yemen; Zabid, Al Hudaydah Governorate, Yemen","15.195251, 46.733776; 14.1951, 43.315182",District/Zone/Department (ADM2); District/Zone/Department (ADM2),Destination; Origin,Displacement without preventive evacuations reported,2026-02-05T10:37:44.727009Z,"Yemen: 18 displacements, 07 December - 07 December. According to IOM DTM Yemen, a total of 3 households were displaced from Zabid, Al Hudaydah Governorate to Jardan District, Shabwah Governorate due to conflict reasons between 07 December 2025 and 07 December 2025. IOM DTM Yemen - 07 October 2025",,Conflict
226024,Yemen,YEM,15.70696,46.7735215,"[15.70696, 46.7735215]",Triangulation,Conflict,total,42,2025-12-07,2025-12-07,2025-12-07,2025,39293,Yemen: Non-International armed conflict (NIAC) - Hadramawt - 12/2025,,,2025-12-01,2025-12-31,,,,,,IOM DTM Yemen,,"Al Qatn District, Hadramaut Governorate, Yemen; Madinat Marib, Marib Governorate, Yemen","15.99825, 48.243622; 15.41567, 45.303421",District/Zone/Department (ADM2); District/Zone/Department (ADM2),Origin; Destination,Displacement without preventive evacuations reported,2026-02-05T10:37:44.675286Z,"Yemen: 42 displacements, 07 December - 07 December. According to IOM DTM Yemen, a total of 7 households were displaced from Al Qatn District, Hadramaut Governorate to Madinat Marib, Marib Governorate due to conflict reasons between 07 December 2025 and 07 December 2025. IOM DTM Yemen - 07 October 2025",,Conflict
226020,Yemen,YEM,15.665845000000001,46.29043,"[15.665845000000001, 46.29043]",Triangulation,Conflict,total,60,2025-12-07,2025-12-07,2025-12-07,2025,39293,Yemen: Non-International armed conflict (NIAC) - Hadramawt - 12/2025,,,2025-12-01,2025-12-31,,,,,,IOM DTM Yemen,,"Al Abar District, Hadramaut Governorate, Yemen; Madinat Marib, Marib Governorate, Yemen","15.91602, 47.277439; 15.41567, 45.303421",District/Zone/Department (ADM2); District/Zone/Department (ADM2),Origin; Destination,Displacement without preventive evacuations reported,2026-02-05T10:37:44.458084Z,"Yemen: 60 displacements, 07 December - 07 December. According to IOM DTM Yemen, a total of 10 households were displaced from Al Abar District, Hadramaut Governorate to Madinat Marib, Marib Governorate due to conflict reasons between 07 December 2025 and 07 December 2025. IOM DTM Yemen - 07 October 2025",,Conflict
226018,Yemen,YEM,15.775355000000001,47.03611,"[15.775355000000001, 47.03611]",Triangulation,Conflict,total,90,2025-12-07,2025-12-07,2025-12-07,2025,39293,Yemen: Non-International armed conflict (NIAC) - Hadramawt - 12/2025,,,2025-12-01,2025-12-31,,,,,,IOM DTM Yemen,,"Madinat Marib, Marib Governorate, Yemen; Seiyun District, Hadramaut Governorate, Yemen","15.41567, 45.303421; 16.13504, 48.768799",District/Zone/Department (ADM2); District/Zone/Department (ADM2),Destination; Origin,Displacement without preventive evacuations reported,2026-02-05T10:37:44.356921Z,"Yemen: 90 displacements, 07 December - 07 December. According to IOM DTM Yemen, a total of 15 households were displaced from Seiyun District, Hadramaut Governorate to Madinat Marib, Marib Governorate due to conflict reasons between 07 December 2025 and 07 December 2025. IOM DTM Yemen - 07 October 2025",,Conflict
226032,Yemen,YEM,15.68695,46.30023,"[15.68695, 46.30023]",Triangulation,Conflict,total,18,2025-12-07,2025-12-07,2025-12-07,2025,39293,Yemen: Non-International armed conflict (NIAC) - Hadramawt - 12/2025,,,2025-12-01,2025-12-31,,,,,,IOM DTM Yemen,,"Al Abar District, Hadramaut Governorate, Yemen; Marib, Marib Governorate, Yemen","15.91602, 47.277439; 15.45788, 45.323021",District/Zone/Department (ADM2); District/Zone/Department (ADM2),Origin; Destination,Displacement without preventive evacuations reported,2026-02-05T10:37:48.430974Z,"Yemen: 18 displacements, 07 December - 07 December. According to IOM DTM Yemen, a total of 3 households were displaced from Al Abar District, Hadramaut Governorate to Marib, Marib Governorate due to conflict reasons between 07 December 2025 and 07 December 2025. IOM DTM Yemen - 07 October 2025",,Conflict
226033,Yemen,YEM,14.656785,46.3743895,"[14.656785, 46.3743895]",Triangulation,Conflict,total,6,2025-12-07,2025-12-07,2025-12-07,2025,39293,Yemen: Non-International armed conflict (NIAC) - Hadramawt - 12/2025,,,2025-12-01,2025-12-31,,,,,,IOM DTM Yemen,,"Ash Shamayatayn, Ta'izz Governorate, Yemen; Seiyun District, Hadramaut Governorate, Yemen","13.17853, 43.97998; 16.13504, 48.768799",District/Zone/Department (ADM2); District/Zone/Department (ADM2),Destination; Origin,Displacement without preventive evacuations reported,2026-02-05T10:37:48.482052Z,"Yemen: 6 displacements, 07 December - 07 December. According to IOM DTM Yemen, one household was displaced from Seiyun District, Hadramaut Governorate to Ash Shamayatayn, Ta'izz Governorate due to conflict reasons between 07 December 2025 and 07 December 2025. IOM DTM Yemen - 07 October 2025",,Conflict
226031,Yemen,YEM,15.45984,46.5479105,"[15.45984, 46.5479105]",Triangulation,Conflict,total,6,2025-12-07,2025-12-07,2025-12-07,2025,39293,Yemen: Non-International armed conflict (NIAC) - Hadramawt - 12/2025,,,2025-12-01,2025-12-31,,,,,,IOM DTM Yemen,,"Marib, Marib Governorate, Yemen; Rakhyah, Muhafazat Hadramaout, Yemen","15.45788, 45.323021; 15.4618, 47.7728",District/Zone/Department (ADM2); District/Zone/Department (ADM2),Destination; Origin,Displacement without preventive evacuations reported,2026-02-05T10:37:48.373055Z,"Yemen: 6 displacements, 07 December - 07 December. According to IOM DTM Yemen, one household was displaced from Rakhyah, Muhafazat Hadramaout to Marib, Marib Governorate due to conflict reasons between 07 December 2025 and 07 December 2025. IOM DTM Yemen - 07 October 2025",,Conflict
226019,Yemen,YEM,15.728065,46.7833215,"[15.728065, 46.7833215]",Triangulation,Conflict,total,36,2025-12-07,2025-12-07,2025-12-07,2025,39293,Yemen: Non-International armed conflict (NIAC) - Hadramawt - 12/2025,,,2025-12-01,2025-12-31,,,,,,IOM DTM Yemen,,"Al Qatn District, Hadramaut Governorate, Yemen; Marib, Marib Governorate, Yemen","15.99825, 48.243622; 15.45788, 45.323021",District/Zone/Department (ADM2); District/Zone/Department (ADM2),Origin; Destination,Displacement without preventive evacuations reported,2026-02-05T10:37:44.407934Z,"Yemen: 36 displacements, 07 December - 07 December. According to IOM DTM Yemen, a total of 6 households were displaced from Al Qatn District, Hadramaut Governorate to Marib, Marib Governorate due to conflict reasons between 07 December 2025 and 07 December 2025. IOM DTM Yemen - 07 October 2025",,Conflict
226029,Yemen,YEM,16.63619,48.1994605,"[16.63619, 48.1994605]",Triangulation,Conflict,total,6,2025-12-07,2025-12-07,2025-12-07,2025,39293,Yemen: Non-International armed conflict (NIAC) - Hadramawt - 12/2025,,,2025-12-01,2025-12-31,,,,,,IOM DTM Yemen,,"Marib, Marib Governorate, Yemen; Rumah, Muhafazat Hadramaout, Yemen","15.45788, 45.323021; 17.8145, 51.0759",District/Zone/Department (ADM2); District/Zone/Department (ADM2),Destination; Origin,Displacement without preventive evacuations reported,2026-02-05T10:37:44.933499Z,"Yemen: 6 displacements, 07 December - 07 December. According to IOM DTM Yemen, one household was displaced from Rumah, Muhafazat Hadramaout to Marib, Marib Governorate due to conflict reasons between 07 December 2025 and 07 December 2025. IOM DTM Yemen - 07 October 2025",,Conflict
226022,Yemen,YEM,15.200395,44.41436,"[15.200395, 44.41436]",Triangulation,Conflict,total,48,2025-12-07,2025-12-07,2025-12-07,2025,39293,Yemen: Non-International armed conflict (NIAC) - Hadramawt - 12/2025,,,2025-12-01,2025-12-31,,,,,,IOM DTM Yemen,,"Madinat Marib, Marib Governorate, Yemen; Wadi al Ayn, Al Hudaydah Governorate, Yemen","15.41567, 45.303421; 14.98512, 43.525299",District/Zone/Department (ADM2); District/Zone/Department (ADM2),Destination; Origin,Displacement without preventive evacuations reported,2026-02-05T10:37:44.560576Z,"Yemen: 48 displacements, 07 December - 07 December. According to IOM DTM Yemen, a total of 8 households were displaced from Wadi al Ayn, Al Hudaydah Governorate to Madinat Marib, Marib Governorate due to conflict reasons between 07 December 2025 and 07 December 2025. IOM DTM Yemen - 07 October 2025",,Conflict
226030,Yemen,YEM,15.5083685,47.1092495,"[15.5083685, 47.1092495]",Triangulation,Conflict,total,12,2025-12-07,2025-12-07,2025-12-07,2025,39293,Yemen: Non-International armed conflict (NIAC) - Hadramawt - 12/2025,,,2025-12-01,2025-12-31,,,,,,IOM DTM Yemen,,"Marib, Marib Governorate, Yemen; Sah District, Hadramaut Governorate, Yemen","15.45788, 45.323021; 15.558857, 48.895478",District/Zone/Department (ADM2); District/Zone/Department (ADM2),Destination; Origin,Displacement without preventive evacuations reported,2026-02-05T10:37:44.982744Z,"Yemen: 12 displacements, 07 December - 07 December. According to IOM DTM Yemen, a total of 2 households were displaced from Sah District, Hadramaut Governorate to Marib, Marib Governorate due to conflict reasons between 07 December 2025 and 07 December 2025. IOM DTM Yemen - 07 October 2025",,Conflict
225981,Yemen,YEM,15.200395,44.41436,"[15.200395, 44.41436]",Triangulation,Conflict,total,24,2025-12-06,2025-12-06,2025-12-06,2025,39293,Yemen: Non-International armed conflict (NIAC) - Hadramawt - 12/2025,,,2025-12-01,2025-12-31,,,,,,IOM DTM Yemen,,"Madinat Marib, Marib Governorate, Yemen; Wadi al Ayn, Al Hudaydah Governorate, Yemen","15.41567, 45.303421; 14.98512, 43.525299",District/Zone/Department (ADM2); District/Zone/Department (ADM2),Destination; Origin,Displacement without preventive evacuations reported,2026-02-04T20:53:37.755478Z,"Yemen: 24 displacements, 06 December - 06 December. According to IOM DTM Yemen, a total of 4 households were displaced from Wadi al Ayn, Al Hudaydah Governorate to Madinat Marib, Marib Governorate due to conflict reasons between 06 December 2025 and 06 December 2025. IOM DTM Yemen - 07 October 2025",,Conflict
226016,Yemen,YEM,14.804465,46.328430499999996,"[14.804465, 46.328430499999996]",Triangulation,Conflict,total,12,2025-12-06,2025-12-06,2025-12-06,2025,39293,Yemen: Non-International armed conflict (NIAC) - Hadramawt - 12/2025,,,2025-12-01,2025-12-31,,,,,,IOM DTM Yemen,,"Jabal Habashi, Ta'izz Governorate, Yemen; Seiyun District, Hadramaut Governorate, Yemen","13.47389, 43.888062; 16.13504, 48.768799",District/Zone/Department (ADM2); District/Zone/Department (ADM2),Destination; Origin,Displacement without preventive evacuations reported,2026-02-05T10:37:44.254674Z,"Yemen: 12 displacements, 06 December - 06 December. According to IOM DTM Yemen, a total of 2 households were displaced from Seiyun District, Hadramaut Governorate to Jabal Habashi, Ta'izz Governorate due to conflict reasons between 06 December 2025 and 06 December 2025. IOM DTM Yemen - 07 October 2025",,Conflict
226011,Yemen,YEM,15.68695,46.30023,"[15.68695, 46.30023]",Triangulation,Conflict,total,6,2025-12-06,2025-12-06,2025-12-06,2025,39293,Yemen: Non-International armed conflict (NIAC) - Hadramawt - 12/2025,,,2025-12-01,2025-12-31,,,,,,IOM DTM Yemen,,"Al Abar District, Hadramaut Governorate, Yemen; Marib, Marib Governorate, Yemen","15.91602, 47.277439; 15.45788, 45.323021",District/Zone/Department (ADM2); District/Zone/Department (ADM2),Origin; Destination,Displacement without preventive evacuations reported,2026-02-05T10:37:43.992715Z,"Yemen: 6 displacements, 06 December - 06 December. According to IOM DTM Yemen, one household was displaced from Al Abar District, Hadramaut Governorate to Marib, Marib Governorate due to conflict reasons between 06 December 2025 and 06 December 2025. IOM DTM Yemen - 07 October 2025",,Conflict
226015,Yemen,YEM,15.221499999999999,44.42416,"[15.221499999999999, 44.42416]",Triangulation,Conflict,total,6,2025-12-06,2025-12-06,2025-12-06,2025,39293,Yemen: Non-International armed conflict (NIAC) - Hadramawt - 12/2025,,,2025-12-01,2025-12-31,,,,,,IOM DTM Yemen,,"Marib, Marib Governorate, Yemen; Wadi al Ayn, Al Hudaydah Governorate, Yemen","15.45788, 45.323021; 14.98512, 43.525299",District/Zone/Department (ADM2); District/Zone/Department (ADM2),Destination; Origin,Displacement without preventive evacuations reported,2026-02-05T10:37:44.201875Z,"Yemen: 6 displacements, 06 December - 06 December. According to IOM DTM Yemen, one household was displaced from Wadi al Ayn, Al Hudaydah Governorate to Marib, Marib Governorate due to conflict reasons between 06 December 2025 and 06 December 2025. IOM DTM Yemen - 07 October 2025",,Conflict
226014,Yemen,YEM,16.13504,48.768799,"[16.13504, 48.768799]",Triangulation,Conflict,total,60,2025-12-06,2025-12-06,2025-12-06,2025,39293,Yemen: Non-International armed conflict (NIAC) - Hadramawt - 12/2025,,,2025-12-01,2025-12-31,,,,,,IOM DTM Yemen,,"Seiyun District, Hadramaut Governorate, Yemen","16.13504, 48.768799",District/Zone/Department (ADM2),Origin and destination,Displacement without preventive evacuations reported,2026-02-05T10:37:44.154290Z,"Yemen: 60 displacements, 06 December - 06 December. According to IOM DTM Yemen, a total of 10 households were displaced from Seiyun District, Hadramaut Governorate to Seiyun District, Hadramaut Governorate due to conflict reasons between 06 December 2025 and 06 December 2025. IOM DTM Yemen - 07 October 2025",,Conflict
226013,Yemen,YEM,15.5967505,47.488699,"[15.5967505, 47.488699]",Triangulation,Conflict,total,12,2025-12-06,2025-12-06,2025-12-06,2025,39293,Yemen: Non-International armed conflict (NIAC) - Hadramawt - 12/2025,,,2025-12-01,2025-12-31,,,,,,IOM DTM Yemen,,"Al Qatn District, Hadramaut Governorate, Yemen; Jardan District, Shabwah Governorate, Yemen","15.99825, 48.243622; 15.195251, 46.733776",District/Zone/Department (ADM2); District/Zone/Department (ADM2),Origin; Destination,Displacement without preventive evacuations reported,2026-02-05T10:37:44.106146Z,"Yemen: 12 displacements, 06 December - 06 December. According to IOM DTM Yemen, a total of 2 households were displaced from Al Qatn District, Hadramaut Governorate to Jardan District, Shabwah Governorate due to conflict reasons between 06 December 2025 and 06 December 2025. IOM DTM Yemen - 07 October 2025",,Conflict
226017,Yemen,YEM,14.806505,46.424715,"[14.806505, 46.424715]",Triangulation,Conflict,total,24,2025-12-06,2025-12-06,2025-12-06,2025,39293,Yemen: Non-International armed conflict (NIAC) - Hadramawt - 12/2025,,,2025-12-01,2025-12-31,,,,,,IOM DTM Yemen,,"Sabir al Mawadim, Ta'izz Governorate, Yemen; Seiyun District, Hadramaut Governorate, Yemen","13.47797, 44.080631; 16.13504, 48.768799",District/Zone/Department (ADM2); District/Zone/Department (ADM2),Destination; Origin,Displacement without preventive evacuations reported,2026-02-05T10:37:44.307381Z,"Yemen: 24 displacements, 06 December - 06 December. According to IOM DTM Yemen, a total of 4 households were displaced from Seiyun District, Hadramaut Governorate to Sabir al Mawadim, Ta'izz Governorate due to conflict reasons between 06 December 2025 and 06 December 2025. IOM DTM Yemen - 07 October 2025",,Conflict
226012,Yemen,YEM,14.511755,47.593451,"[14.511755, 47.593451]",Triangulation,Conflict,total,18,2025-12-06,2025-12-06,2025-12-06,2025,39295,Yemen: Non-International armed conflict (NIAC) - Al Maharah - 12/2025,,,2025-12-01,2025-12-31,,,,,,IOM DTM Yemen,,"Jabal Habashi, Ta'izz Governorate, Yemen; Saihut District, Al Mahrah Governorate, Yemen","13.47389, 43.888062; 15.54962, 51.29884",District/Zone/Department (ADM2); District/Zone/Department (ADM2),Destination; Origin,Displacement without preventive evacuations reported,2026-02-05T10:37:44.052832Z,"Yemen: 18 displacements, 06 December - 06 December. According to IOM DTM Yemen, a total of 3 households were displaced from Saihut District, Al Mahrah Governorate to Jabal Habashi, Ta'izz Governorate due to conflict reasons between 06 December 2025 and 06 December 2025. IOM DTM Yemen - 07 October 2025",,Conflict
226010,Yemen,YEM,15.79646,47.04591,"[15.79646, 47.04591]",Triangulation,Conflict,total,18,2025-12-06,2025-12-06,2025-12-06,2025,39293,Yemen: Non-International armed conflict (NIAC) - Hadramawt - 12/2025,,,2025-12-01,2025-12-31,,,,,,IOM DTM Yemen,,"Marib, Marib Governorate, Yemen; Seiyun District, Hadramaut Governorate, Yemen","15.45788, 45.323021; 16.13504, 48.768799",District/Zone/Department (ADM2); District/Zone/Department (ADM2),Destination; Origin,Displacement without preventive evacuations reported,2026-02-05T10:37:43.907463Z,"Yemen: 18 displacements, 06 December - 06 December. According to IOM DTM Yemen, a total of 3 households were displaced from Seiyun District, Hadramaut Governorate to Marib, Marib Governorate due to conflict reasons between 06 December 2025 and 06 December 2025. IOM DTM Yemen - 07 October 2025",,Conflict
225977,Yemen,YEM,14.718935000000002,48.0231895,"[14.718935000000002, 48.0231895]",Triangulation,Conflict,total,6,2025-12-06,2025-12-06,2025-12-06,2025,39295,Yemen: Non-International armed conflict (NIAC) - Al Maharah - 12/2025,,,2025-12-01,2025-12-31,,,,,,IOM DTM Yemen,,"Al Ghaydah District, Al Mahrah Governorate, Yemen; Ash Shamayatayn, Ta'izz Governorate, Yemen","16.25934, 52.066399; 13.17853, 43.97998",District/Zone/Department (ADM2); District/Zone/Department (ADM2),Origin; Destination,Displacement without preventive evacuations reported,2026-02-04T20:53:36.913055Z,"Yemen: 6 displacements, 06 December - 06 December. According to IOM DTM Yemen, one household was displaced from Al Ghaydah District, Al Mahrah Governorate to Ash Shamayatayn, Ta'izz Governorate due to conflict reasons between 06 December 2025 and 06 December 2025. IOM DTM Yemen - 07 October 2025",,Conflict
225978,Yemen,YEM,15.775355000000001,47.03611,"[15.775355000000001, 47.03611]",Triangulation,Conflict,total,300,2025-12-06,2025-12-06,2025-12-06,2025,39293,Yemen: Non-International armed conflict (NIAC) - Hadramawt - 12/2025,,,2025-12-01,2025-12-31,,,,,,IOM DTM Yemen,,"Madinat Marib, Marib Governorate, Yemen; Seiyun District, Hadramaut Governorate, Yemen","15.41567, 45.303421; 16.13504, 48.768799",District/Zone/Department (ADM2); District/Zone/Department (ADM2),Destination; Origin,Displacement without preventive evacuations reported,2026-02-04T20:53:36.996837Z,"Yemen: 300 displacements, 06 December - 06 December. According to IOM DTM Yemen, a total of 50 households were displaced from Seiyun District, Hadramaut Governorate to Madinat Marib, Marib Governorate due to conflict reasons between 06 December 2025 and 06 December 2025. IOM DTM Yemen - 07 October 2025",,Conflict
225979,Yemen,YEM,15.70696,46.7735215,"[15.70696, 46.7735215]",Triangulation,Conflict,total,6,2025-12-06,2025-12-06,2025-12-06,2025,39293,Yemen: Non-International armed conflict (NIAC) - Hadramawt - 12/2025,,,2025-12-01,2025-12-31,,,,,,IOM DTM Yemen,,"Al Qatn District, Hadramaut Governorate, Yemen; Madinat Marib, Marib Governorate, Yemen","15.99825, 48.243622; 15.41567, 45.303421",District/Zone/Department (ADM2); District/Zone/Department (ADM2),Origin; Destination,Displacement without preventive evacuations reported,2026-02-04T20:53:37.088378Z,"Yemen: 6 displacements, 06 December - 06 December. According to IOM DTM Yemen, one household was displaced from Al Qatn District, Hadramaut Governorate to Madinat Marib, Marib Governorate due to conflict reasons between 06 December 2025 and 06 December 2025. IOM DTM Yemen - 07 October 2025",,Conflict
225980,Yemen,YEM,15.665845000000001,46.29043,"[15.665845000000001, 46.29043]",Triangulation,Conflict,total,24,2025-12-06,2025-12-06,2025-12-06,2025,39293,Yemen: Non-International armed conflict (NIAC) - Hadramawt - 12/2025,,,2025-12-01,2025-12-31,,,,,,IOM DTM Yemen,,"Al Abar District, Hadramaut Governorate, Yemen; Madinat Marib, Marib Governorate, Yemen","15.91602, 47.277439; 15.41567, 45.303421",District/Zone/Department (ADM2); District/Zone/Department (ADM2),Origin; Destination,Displacement without preventive evacuations reported,2026-02-04T20:53:37.164117Z,"Yemen: 24 displacements, 06 December - 06 December. According to IOM DTM Yemen, a total of 4 households were displaced from Al Abar District, Hadramaut Governorate to Madinat Marib, Marib Governorate due to conflict reasons between 06 December 2025 and 06 December 2025. IOM DTM Yemen - 07 October 2025",,Conflict
225970,Yemen,YEM,15.775355000000001,47.03611,"[15.775355000000001, 47.03611]",Triangulation,Conflict,total,252,2025-12-05,2025-12-05,2025-12-05,2025,39293,Yemen: Non-International armed conflict (NIAC) - Hadramawt - 12/2025,,,2025-12-01,2025-12-31,,,,,,IOM DTM Yemen,,"Madinat Marib, Marib Governorate, Yemen; Seiyun District, Hadramaut Governorate, Yemen","15.41567, 45.303421; 16.13504, 48.768799",District/Zone/Department (ADM2); District/Zone/Department (ADM2),Destination; Origin,Displacement without preventive evacuations reported,2026-02-04T20:53:36.420578Z,"Yemen: 252 displacements, 05 December - 05 December. According to IOM DTM Yemen, a total of 42 households were displaced from Seiyun District, Hadramaut Governorate to Madinat Marib, Marib Governorate due to conflict reasons between 05 December 2025 and 05 December 2025. IOM DTM Yemen - 07 October 2025",,Conflict
225971,Yemen,YEM,15.70696,46.7735215,"[15.70696, 46.7735215]",Triangulation,Conflict,total,66,2025-12-05,2025-12-05,2025-12-05,2025,39293,Yemen: Non-International armed conflict (NIAC) - Hadramawt - 12/2025,,,2025-12-01,2025-12-31,,,,,,IOM DTM Yemen,,"Al Qatn District, Hadramaut Governorate, Yemen; Madinat Marib, Marib Governorate, Yemen","15.99825, 48.243622; 15.41567, 45.303421",District/Zone/Department (ADM2); District/Zone/Department (ADM2),Origin; Destination,Displacement without preventive evacuations reported,2026-02-04T20:53:36.479677Z,"Yemen: 66 displacements, 05 December - 05 December. According to IOM DTM Yemen, a total of 11 households were displaced from Al Qatn District, Hadramaut Governorate to Madinat Marib, Marib Governorate due to conflict reasons between 05 December 2025 and 05 December 2025. IOM DTM Yemen - 07 October 2025",,Conflict
225972,Yemen,YEM,15.68695,46.30023,"[15.68695, 46.30023]",Triangulation,Conflict,total,36,2025-12-05,2025-12-05,2025-12-05,2025,39293,Yemen: Non-International armed conflict (NIAC) - Hadramawt - 12/2025,,,2025-12-01,2025-12-31,,,,,,IOM DTM Yemen,,"Al Abar District, Hadramaut Governorate, Yemen; Marib, Marib Governorate, Yemen","15.91602, 47.277439; 15.45788, 45.323021",District/Zone/Department (ADM2); District/Zone/Department (ADM2),Origin; Destination,Displacement without preventive evacuations reported,2026-02-04T20:53:36.556671Z,"Yemen: 36 displacements, 05 December - 05 December. According to IOM DTM Yemen, a total of 6 households were displaced from Al Abar District, Hadramaut Governorate to Marib, Marib Governorate due to conflict reasons between 05 December 2025 and 05 December 2025. IOM DTM Yemen - 07 October 2025",,Conflict
225973,Yemen,YEM,14.694955,45.5827505,"[14.694955, 45.5827505]",Triangulation,Conflict,total,12,2025-12-05,2025-12-05,2025-12-05,2025,39293,Yemen: Non-International armed conflict (NIAC) - Hadramawt - 12/2025,,,2025-12-01,2025-12-31,,,,,,IOM DTM Yemen,,"Al Abar District, Hadramaut Governorate, Yemen; Jabal Habashi, Ta'izz Governorate, Yemen","15.91602, 47.277439; 13.47389, 43.888062",District/Zone/Department (ADM2); District/Zone/Department (ADM2),Origin; Destination,Displacement without preventive evacuations reported,2026-02-04T20:53:36.626225Z,"Yemen: 12 displacements, 05 December - 05 December. According to IOM DTM Yemen, a total of 2 households were displaced from Al Abar District, Hadramaut Governorate to Jabal Habashi, Ta'izz Governorate due to conflict reasons between 05 December 2025 and 05 December 2025. IOM DTM Yemen - 07 October 2025",,Conflict
225974,Yemen,YEM,14.804465,46.328430499999996,"[14.804465, 46.328430499999996]",Triangulation,Conflict,total,48,2025-12-05,2025-12-05,2025-12-05,2025,39293,Yemen: Non-International armed conflict (NIAC) - Hadramawt - 12/2025,,,2025-12-01,2025-12-31,,,,,,IOM DTM Yemen,,"Jabal Habashi, Ta'izz Governorate, Yemen; Seiyun District, Hadramaut Governorate, Yemen","13.47389, 43.888062; 16.13504, 48.768799",District/Zone/Department (ADM2); District/Zone/Department (ADM2),Destination; Origin,Displacement without preventive evacuations reported,2026-02-04T20:53:36.703400Z,"Yemen: 48 displacements, 05 December - 05 December. According to IOM DTM Yemen, a total of 8 households were displaced from Seiyun District, Hadramaut Governorate to Jabal Habashi, Ta'izz Governorate due to conflict reasons between 05 December 2025 and 05 December 2025. IOM DTM Yemen - 07 October 2025",,Conflict
225975,Yemen,YEM,15.7573555,47.163159,"[15.7573555, 47.163159]",Triangulation,Conflict,total,24,2025-12-05,2025-12-05,2025-12-05,2025,39293,Yemen: Non-International armed conflict (NIAC) - Hadramawt - 12/2025,,,2025-12-01,2025-12-31,,,,,,IOM DTM Yemen,,"Madinat Marib, Marib Governorate, Yemen; Tarim District, Hadramaut Governorate, Yemen","15.41567, 45.303421; 16.099041, 49.022897",District/Zone/Department (ADM2); District/Zone/Department (ADM2),Destination; Origin,Displacement without preventive evacuations reported,2026-02-04T20:53:36.770581Z,"Yemen: 24 displacements, 05 December - 05 December. According to IOM DTM Yemen, a total of 4 households were displaced from Tarim District, Hadramaut Governorate to Madinat Marib, Marib Governorate due to conflict reasons between 05 December 2025 and 05 December 2025. IOM DTM Yemen - 07 October 2025",,Conflict
225976,Yemen,YEM,15.665845000000001,46.29043,"[15.665845000000001, 46.29043]",Triangulation,Conflict,total,114,2025-12-05,2025-12-05,2025-12-05,2025,39293,Yemen: Non-International armed conflict (NIAC) - Hadramawt - 12/2025,,,2025-12-01,2025-12-31,,,,,,IOM DTM Yemen,,"Al Abar District, Hadramaut Governorate, Yemen; Madinat Marib, Marib Governorate, Yemen","15.91602, 47.277439; 15.41567, 45.303421",District/Zone/Department (ADM2); District/Zone/Department (ADM2),Origin; Destination,Displacement without preventive evacuations reported,2026-02-04T20:53:36.840232Z,"Yemen: 114 displacements, 05 December - 05 December. According to IOM DTM Yemen, a total of 19 households were displaced from Al Abar District, Hadramaut Governorate to Madinat Marib, Marib Governorate due to conflict reasons between 05 December 2025 and 05 December 2025. IOM DTM Yemen - 07 October 2025",,Conflict
226006,Yemen,YEM,13.710275,43.687601,"[13.710275, 43.687601]",Triangulation,Conflict,total,12,2025-12-05,2025-12-05,2025-12-05,2025,39292,Yemen: Non-International armed conflict (NIAC) - Taiz - 12/2025,,,2025-12-01,2025-12-31,,,,,,IOM DTM Yemen,,"Al Maafiri, Ta'izz Governorate, Yemen; Maqbanah, Ta'izz Governorate, Yemen","13.75991, 43.689251; 13.66064, 43.685951",District/Zone/Department (ADM2); District/Zone/Department (ADM2),Destination; Origin,Displacement without preventive evacuations reported,2026-02-05T10:37:43.674222Z,"Yemen: 12 displacements, 05 December - 05 December. According to IOM DTM Yemen, a total of 2 households were displaced from Maqbanah, Ta'izz Governorate to Al Maafiri, Ta'izz Governorate due to conflict reasons between 05 December 2025 and 05 December 2025. IOM DTM Yemen - 07 October 2025",,Conflict
226007,Yemen,YEM,13.75991,43.689251,"[13.75991, 43.689251]",Triangulation,Conflict,total,6,2025-12-05,2025-12-05,2025-12-05,2025,39292,Yemen: Non-International armed conflict (NIAC) - Taiz - 12/2025,,,2025-12-01,2025-12-31,,,,,,IOM DTM Yemen,,"Al Maafiri, Ta'izz Governorate, Yemen","13.75991, 43.689251",District/Zone/Department (ADM2),Origin and destination,Displacement without preventive evacuations reported,2026-02-05T10:37:43.726384Z,"Yemen: 6 displacements, 05 December - 05 December. According to IOM DTM Yemen, one household was displaced from Al Maafiri, Ta'izz Governorate to Al Maafiri, Ta'izz Governorate due to conflict reasons between 05 December 2025 and 05 December 2025. IOM DTM Yemen - 07 October 2025",,Conflict
226008,Yemen,YEM,14.79835,46.394754500000005,"[14.79835, 46.394754500000005]",Triangulation,Conflict,total,30,2025-12-05,2025-12-05,2025-12-05,2025,39293,Yemen: Non-International armed conflict (NIAC) - Hadramawt - 12/2025,,,2025-12-01,2025-12-31,,,,,,IOM DTM Yemen,,"Al Misrakh, Ta'izz Governorate, Yemen; Seiyun District, Hadramaut Governorate, Yemen","13.46166, 44.02071; 16.13504, 48.768799",District/Zone/Department (ADM2); District/Zone/Department (ADM2),Destination; Origin,Displacement without preventive evacuations reported,2026-02-05T10:37:43.774138Z,"Yemen: 30 displacements, 05 December - 05 December. According to IOM DTM Yemen, a total of 5 households were displaced from Seiyun District, Hadramaut Governorate to Al Misrakh, Ta'izz Governorate due to conflict reasons between 05 December 2025 and 05 December 2025. IOM DTM Yemen - 07 October 2025",,Conflict
226009,Yemen,YEM,13.610785,43.854980499999996,"[13.610785, 43.854980499999996]",Triangulation,Conflict,total,12,2025-12-05,2025-12-05,2025-12-05,2025,39292,Yemen: Non-International armed conflict (NIAC) - Taiz - 12/2025,,,2025-12-01,2025-12-31,,,,,,IOM DTM Yemen,,"Al Maafiri, Ta'izz Governorate, Yemen; Al Misrakh, Ta'izz Governorate, Yemen","13.75991, 43.689251; 13.46166, 44.02071",District/Zone/Department (ADM2); District/Zone/Department (ADM2),Origin; Destination,Displacement without preventive evacuations reported,2026-02-05T10:37:43.822209Z,"Yemen: 12 displacements, 05 December - 05 December. According to IOM DTM Yemen, a total of 2 households were displaced from Al Maafiri, Ta'izz Governorate to Al Misrakh, Ta'izz Governorate due to conflict reasons between 05 December 2025 and 05 December 2025. IOM DTM Yemen - 07 October 2025",,Conflict
225963,Yemen,YEM,15.665845000000001,46.29043,"[15.665845000000001, 46.29043]",Triangulation,Conflict,total,30,2025-12-04,2025-12-04,2025-12-04,2025,39293,Yemen: Non-International armed conflict (NIAC) - Hadramawt - 12/2025,,,2025-12-01,2025-12-31,,,,,,IOM DTM Yemen,,"Al Abar District, Hadramaut Governorate, Yemen; Madinat Marib, Marib Governorate, Yemen","15.91602, 47.277439; 15.41567, 45.303421",District/Zone/Department (ADM2); District/Zone/Department (ADM2),Origin; Destination,Displacement without preventive evacuations reported,2026-02-04T20:53:32.310371Z,"Yemen: 30 displacements, 04 December - 04 December. According to IOM DTM Yemen, a total of 5 households were displaced from Al Abar District, Hadramaut Governorate to Madinat Marib, Marib Governorate due to conflict reasons between 04 December 2025 and 04 December 2025. IOM DTM Yemen - 07 October 2025",,Conflict
225991,Yemen,YEM,13.917065000000001,45.47295,"[13.917065000000001, 45.47295]",Triangulation,Conflict,total,6,2025-12-04,2025-12-04,2025-12-04,2025,39294,Yemen: Non-International armed conflict (NIAC) - Shabwah - 12/2025,,,2025-12-01,2025-12-31,,,,,,IOM DTM Yemen,,"Al Mawasit, Ta'izz Governorate, Yemen; Ataq, Shabwah Governorate, Yemen","13.30639, 44.100521; 14.52774, 46.845379",District/Zone/Department (ADM2); District/Zone/Department (ADM2),Destination; Origin,Displacement without preventive evacuations reported,2026-02-04T20:53:38.439983Z,"Yemen: 6 displacements, 04 December - 04 December. According to IOM DTM Yemen, one household was displaced from Ataq, Shabwah Governorate to Al Mawasit, Ta'izz Governorate due to conflict reasons between 04 December 2025 and 04 December 2025. IOM DTM Yemen - 07 October 2025",,Conflict
225990,Yemen,YEM,14.79835,46.394754500000005,"[14.79835, 46.394754500000005]",Triangulation,Conflict,total,24,2025-12-04,2025-12-04,2025-12-04,2025,39293,Yemen: Non-International armed conflict (NIAC) - Hadramawt - 12/2025,,,2025-12-01,2025-12-31,,,,,,IOM DTM Yemen,,"Al Misrakh, Ta'izz Governorate, Yemen; Seiyun District, Hadramaut Governorate, Yemen","13.46166, 44.02071; 16.13504, 48.768799",District/Zone/Department (ADM2); District/Zone/Department (ADM2),Destination; Origin,Displacement without preventive evacuations reported,2026-02-04T20:53:38.366713Z,"Yemen: 24 displacements, 04 December - 04 December. According to IOM DTM Yemen, a total of 4 households were displaced from Seiyun District, Hadramaut Governorate to Al Misrakh, Ta'izz Governorate due to conflict reasons between 04 December 2025 and 04 December 2025. IOM DTM Yemen - 07 October 2025",,Conflict
225964,Yemen,YEM,15.775355000000001,47.03611,"[15.775355000000001, 47.03611]",Triangulation,Conflict,total,138,2025-12-04,2025-12-04,2025-12-04,2025,39293,Yemen: Non-International armed conflict (NIAC) - Hadramawt - 12/2025,,,2025-12-01,2025-12-31,,,,,,IOM DTM Yemen,,"Madinat Marib, Marib Governorate, Yemen; Seiyun District, Hadramaut Governorate, Yemen","15.41567, 45.303421; 16.13504, 48.768799",District/Zone/Department (ADM2); District/Zone/Department (ADM2),Destination; Origin,Displacement without preventive evacuations reported,2026-02-04T20:53:32.366449Z,"Yemen: 138 displacements, 04 December - 04 December. According to IOM DTM Yemen, a total of 23 households were displaced from Seiyun District, Hadramaut Governorate to Madinat Marib, Marib Governorate due to conflict reasons between 04 December 2025 and 04 December 2025. IOM DTM Yemen - 07 October 2025",,Conflict
225965,Yemen,YEM,15.79646,47.04591,"[15.79646, 47.04591]",Triangulation,Conflict,total,72,2025-12-04,2025-12-04,2025-12-04,2025,39293,Yemen: Non-International armed conflict (NIAC) - Hadramawt - 12/2025,,,2025-12-01,2025-12-31,,,,,,IOM DTM Yemen,,"Marib, Marib Governorate, Yemen; Seiyun District, Hadramaut Governorate, Yemen","15.45788, 45.323021; 16.13504, 48.768799",District/Zone/Department (ADM2); District/Zone/Department (ADM2),Destination; Origin,Displacement without preventive evacuations reported,2026-02-04T20:53:32.455629Z,"Yemen: 72 displacements, 04 December - 04 December. According to IOM DTM Yemen, a total of 12 households were displaced from Seiyun District, Hadramaut Governorate to Marib, Marib Governorate due to conflict reasons between 04 December 2025 and 04 December 2025. IOM DTM Yemen - 07 October 2025",,Conflict
225966,Yemen,YEM,15.728065,46.7833215,"[15.728065, 46.7833215]",Triangulation,Conflict,total,12,2025-12-04,2025-12-04,2025-12-04,2025,39293,Yemen: Non-International armed conflict (NIAC) - Hadramawt - 12/2025,,,2025-12-01,2025-12-31,,,,,,IOM DTM Yemen,,"Al Qatn District, Hadramaut Governorate, Yemen; Marib, Marib Governorate, Yemen","15.99825, 48.243622; 15.45788, 45.323021",District/Zone/Department (ADM2); District/Zone/Department (ADM2),Origin; Destination,Displacement without preventive evacuations reported,2026-02-04T20:53:32.524458Z,"Yemen: 12 displacements, 04 December - 04 December. According to IOM DTM Yemen, a total of 2 households were displaced from Al Qatn District, Hadramaut Governorate to Marib, Marib Governorate due to conflict reasons between 04 December 2025 and 04 December 2025. IOM DTM Yemen - 07 October 2025",,Conflict
225967,Yemen,YEM,15.70696,46.7735215,"[15.70696, 46.7735215]",Triangulation,Conflict,total,24,2025-12-04,2025-12-04,2025-12-04,2025,39293,Yemen: Non-International armed conflict (NIAC) - Hadramawt - 12/2025,,,2025-12-01,2025-12-31,,,,,,IOM DTM Yemen,,"Al Qatn District, Hadramaut Governorate, Yemen; Madinat Marib, Marib Governorate, Yemen","15.99825, 48.243622; 15.41567, 45.303421",District/Zone/Department (ADM2); District/Zone/Department (ADM2),Origin; Destination,Displacement without preventive evacuations reported,2026-02-04T20:53:36.207065Z,"Yemen: 24 displacements, 04 December - 04 December. According to IOM DTM Yemen, a total of 4 households were displaced from Al Qatn District, Hadramaut Governorate to Madinat Marib, Marib Governorate due to conflict reasons between 04 December 2025 and 04 December 2025. IOM DTM Yemen - 07 October 2025",,Conflict
225968,Yemen,YEM,15.200395,44.41436,"[15.200395, 44.41436]",Triangulation,Conflict,total,30,2025-12-04,2025-12-04,2025-12-04,2025,39293,Yemen: Non-International armed conflict (NIAC) - Hadramawt - 12/2025,,,2025-12-01,2025-12-31,,,,,,IOM DTM Yemen,,"Madinat Marib, Marib Governorate, Yemen; Wadi al Ayn, Al Hudaydah Governorate, Yemen","15.41567, 45.303421; 14.98512, 43.525299",District/Zone/Department (ADM2); District/Zone/Department (ADM2),Destination; Origin,Displacement without preventive evacuations reported,2026-02-04T20:53:36.288329Z,"Yemen: 30 displacements, 04 December - 04 December. According to IOM DTM Yemen, a total of 5 households were displaced from Wadi al Ayn, Al Hudaydah Governorate to Madinat Marib, Marib Governorate due to conflict reasons between 04 December 2025 and 04 December 2025. IOM DTM Yemen - 07 October 2025",,Conflict
225969,Yemen,YEM,14.656785,46.3743895,"[14.656785, 46.3743895]",Triangulation,Conflict,total,6,2025-12-04,2025-12-04,2025-12-04,2025,39293,Yemen: Non-International armed conflict (NIAC) - Hadramawt - 12/2025,,,2025-12-01,2025-12-31,,,,,,IOM DTM Yemen,,"Ash Shamayatayn, Ta'izz Governorate, Yemen; Seiyun District, Hadramaut Governorate, Yemen","13.17853, 43.97998; 16.13504, 48.768799",District/Zone/Department (ADM2); District/Zone/Department (ADM2),Destination; Origin,Displacement without preventive evacuations reported,2026-02-04T20:53:36.357710Z,"Yemen: 6 displacements, 04 December - 04 December. According to IOM DTM Yemen, one household was displaced from Seiyun District, Hadramaut Governorate to Ash Shamayatayn, Ta'izz Governorate due to conflict reasons between 04 December 2025 and 04 December 2025. IOM DTM Yemen - 07 October 2025",,Conflict
225987,Yemen,YEM,14.22129,43.201216,"[14.22129, 43.201216]",Triangulation,Conflict,total,12,2025-12-03,2025-12-03,2025-12-03,2025,39287,Yemen: Non-International armed conflict (NIAC) - Al Hodeidah - 12/2025,,,2025-12-01,2025-12-31,,,,,,IOM DTM Yemen,,"Al Durayhami, Al Hudaydah Governorate, Yemen; Al Khawkhah, Al Hudaydah Governorate, Yemen","14.63702, 43.05505; 13.80556, 43.347382",District/Zone/Department (ADM2); District/Zone/Department (ADM2),Origin; Destination,Displacement without preventive evacuations reported,2026-02-04T20:53:38.146230Z,"Yemen: 12 displacements, 03 December - 03 December. According to IOM DTM Yemen, a total of 2 households were displaced from Al Durayhami, Al Hudaydah Governorate to Al Khawkhah, Al Hudaydah Governorate due to conflict reasons between 03 December 2025 and 03 December 2025. IOM DTM Yemen - 07 October 2025",,Conflict
225988,Yemen,YEM,13.543735000000002,43.8146055,"[13.543735000000002, 43.8146055]",Triangulation,Conflict,total,12,2025-12-03,2025-12-03,2025-12-03,2025,39292,Yemen: Non-International armed conflict (NIAC) - Taiz - 12/2025,,,2025-12-01,2025-12-31,,,,,,IOM DTM Yemen,,"Al Madahif, Ta'izz Governorate, Yemen; Maqbanah, Ta'izz Governorate, Yemen","13.42683, 43.94326; 13.66064, 43.685951",District/Zone/Department (ADM2); District/Zone/Department (ADM2),Destination; Origin,Displacement without preventive evacuations reported,2026-02-04T20:53:38.210240Z,"Yemen: 12 displacements, 03 December - 03 December. According to IOM DTM Yemen, a total of 2 households were displaced from Maqbanah, Ta'izz Governorate to Al Madahif, Ta'izz Governorate due to conflict reasons between 03 December 2025 and 03 December 2025. IOM DTM Yemen - 07 October 2025",,Conflict
225989,Yemen,YEM,13.546175000000002,43.869011,"[13.546175000000002, 43.869011]",Triangulation,Conflict,total,6,2025-12-03,2025-12-03,2025-12-03,2025,39292,Yemen: Non-International armed conflict (NIAC) - Taiz - 12/2025,,,2025-12-01,2025-12-31,,,,,,IOM DTM Yemen,,"Al Makhaf, Ta'izz Governorate, Yemen; Maqbanah, Ta'izz Governorate, Yemen","13.43171, 44.052071; 13.66064, 43.685951",District/Zone/Department (ADM2); District/Zone/Department (ADM2),Destination; Origin,Displacement without preventive evacuations reported,2026-02-04T20:53:38.295165Z,"Yemen: 6 displacements, 03 December - 03 December. According to IOM DTM Yemen, one household was displaced from Maqbanah, Ta'izz Governorate to Al Makhaf, Ta'izz Governorate due to conflict reasons between 03 December 2025 and 03 December 2025. IOM DTM Yemen - 07 October 2025",,Conflict
225962,Yemen,YEM,15.79646,47.04591,"[15.79646, 47.04591]",Triangulation,Conflict,total,6,2025-12-03,2025-12-03,2025-12-03,2025,39293,Yemen: Non-International armed conflict (NIAC) - Hadramawt - 12/2025,,,2025-12-01,2025-12-31,,,,,,IOM DTM Yemen,,"Marib, Marib Governorate, Yemen; Seiyun District, Hadramaut Governorate, Yemen","15.45788, 45.323021; 16.13504, 48.768799",District/Zone/Department (ADM2); District/Zone/Department (ADM2),Destination; Origin,Displacement without preventive evacuations reported,2026-02-04T20:53:32.239883Z,"Yemen: 6 displacements, 03 December - 03 December. According to IOM DTM Yemen, one household was displaced from Seiyun District, Hadramaut Governorate to Marib, Marib Governorate due to conflict reasons between 03 December 2025 and 03 December 2025. IOM DTM Yemen - 07 October 2025",,Conflict
225961,Yemen,YEM,15.7573555,47.163159,"[15.7573555, 47.163159]",Triangulation,Conflict,total,6,2025-12-03,2025-12-03,2025-12-03,2025,39293,Yemen: Non-International armed conflict (NIAC) - Hadramawt - 12/2025,,,2025-12-01,2025-12-31,,,,,,IOM DTM Yemen,,"Madinat Marib, Marib Governorate, Yemen; Tarim District, Hadramaut Governorate, Yemen","15.41567, 45.303421; 16.099041, 49.022897",District/Zone/Department (ADM2); District/Zone/Department (ADM2),Destination; Origin,Displacement without preventive evacuations reported,2026-02-04T20:53:32.179404Z,"Yemen: 6 displacements, 03 December - 03 December. According to IOM DTM Yemen, one household was displaced from Tarim District, Hadramaut Governorate to Madinat Marib, Marib Governorate due to conflict reasons between 03 December 2025 and 03 December 2025. IOM DTM Yemen - 07 October 2025",,Conflict
225960,Yemen,YEM,15.775355000000001,47.03611,"[15.775355000000001, 47.03611]",Triangulation,Conflict,total,78,2025-12-03,2025-12-03,2025-12-03,2025,39293,Yemen: Non-International armed conflict (NIAC) - Hadramawt - 12/2025,,,2025-12-01,2025-12-31,,,,,,IOM DTM Yemen,,"Madinat Marib, Marib Governorate, Yemen; Seiyun District, Hadramaut Governorate, Yemen","15.41567, 45.303421; 16.13504, 48.768799",District/Zone/Department (ADM2); District/Zone/Department (ADM2),Destination; Origin,Displacement without preventive evacuations reported,2026-02-04T20:53:32.114161Z,"Yemen: 78 displacements, 03 December - 03 December. According to IOM DTM Yemen, a total of 13 households were displaced from Seiyun District, Hadramaut Governorate to Madinat Marib, Marib Governorate due to conflict reasons between 03 December 2025 and 03 December 2025. IOM DTM Yemen - 07 October 2025",,Conflict
225959,Yemen,YEM,16.02553,48.023119,"[16.02553, 48.023119]",Triangulation,Conflict,total,12,2025-12-03,2025-12-03,2025-12-03,2025,39293,Yemen: Non-International armed conflict (NIAC) - Hadramawt - 12/2025,,,2025-12-01,2025-12-31,,,,,,IOM DTM Yemen,,"Al Abar District, Hadramaut Governorate, Yemen; Seiyun District, Hadramaut Governorate, Yemen","15.91602, 47.277439; 16.13504, 48.768799",District/Zone/Department (ADM2); District/Zone/Department (ADM2),Destination; Origin,Displacement without preventive evacuations reported,2026-02-04T20:53:32.039224Z,"Yemen: 12 displacements, 03 December - 03 December. According to IOM DTM Yemen, a total of 2 households were displaced from Seiyun District, Hadramaut Governorate to Al Abar District, Hadramaut Governorate due to conflict reasons between 03 December 2025 and 03 December 2025. IOM DTM Yemen - 07 October 2025",,Conflict
225958,Yemen,YEM,15.957135000000001,47.7605305,"[15.957135000000001, 47.7605305]",Triangulation,Conflict,total,18,2025-12-03,2025-12-03,2025-12-03,2025,39293,Yemen: Non-International armed conflict (NIAC) - Hadramawt - 12/2025,,,2025-12-01,2025-12-31,,,,,,IOM DTM Yemen,,"Al Abar District, Hadramaut Governorate, Yemen; Al Qatn District, Hadramaut Governorate, Yemen","15.91602, 47.277439; 15.99825, 48.243622",District/Zone/Department (ADM2); District/Zone/Department (ADM2),Destination; Origin,Displacement without preventive evacuations reported,2026-02-04T20:53:31.965848Z,"Yemen: 18 displacements, 03 December - 03 December. According to IOM DTM Yemen, a total of 3 households were displaced from Al Qatn District, Hadramaut Governorate to Al Abar District, Hadramaut Governorate due to conflict reasons between 03 December 2025 and 03 December 2025. IOM DTM Yemen - 07 October 2025",,Conflict
225957,Yemen,YEM,16.13504,48.768799,"[16.13504, 48.768799]",Triangulation,Conflict,total,240,2025-12-03,2025-12-03,2025-12-03,2025,39293,Yemen: Non-International armed conflict (NIAC) - Hadramawt - 12/2025,,,2025-12-01,2025-12-31,,,,,,IOM DTM Yemen,,"Seiyun District, Hadramaut Governorate, Yemen","16.13504, 48.768799",District/Zone/Department (ADM2),Origin and destination,Displacement without preventive evacuations reported,2026-02-04T20:53:31.900308Z,"Yemen: 240 displacements, 03 December - 03 December. According to IOM DTM Yemen, a total of 40 households were displaced from Seiyun District, Hadramaut Governorate to Seiyun District, Hadramaut Governorate due to conflict reasons between 03 December 2025 and 03 December 2025. IOM DTM Yemen - 07 October 2025",,Conflict
225956,Yemen,YEM,15.331389999999999,47.807089000000005,"[15.331389999999999, 47.807089000000005]",Triangulation,Conflict,total,6,2025-12-03,2025-12-03,2025-12-03,2025,39293,Yemen: Non-International armed conflict (NIAC) - Hadramawt - 12/2025,,,2025-12-01,2025-12-31,,,,,,IOM DTM Yemen,,"Ataq, Shabwah Governorate, Yemen; Seiyun District, Hadramaut Governorate, Yemen","14.52774, 46.845379; 16.13504, 48.768799",District/Zone/Department (ADM2); District/Zone/Department (ADM2),Destination; Origin,Displacement without preventive evacuations reported,2026-02-04T20:53:31.822441Z,"Yemen: 6 displacements, 03 December - 03 December. According to IOM DTM Yemen, one household was displaced from Seiyun District, Hadramaut Governorate to Ataq, Shabwah Governorate due to conflict reasons between 03 December 2025 and 03 December 2025. IOM DTM Yemen - 07 October 2025",,Conflict
225955,Yemen,YEM,15.3133905,47.934138000000004,"[15.3133905, 47.934138000000004]",Triangulation,Conflict,total,6,2025-12-03,2025-12-03,2025-12-03,2025,39293,Yemen: Non-International armed conflict (NIAC) - Hadramawt - 12/2025,,,2025-12-01,2025-12-31,,,,,,IOM DTM Yemen,,"Ataq, Shabwah Governorate, Yemen; Tarim District, Hadramaut Governorate, Yemen","14.52774, 46.845379; 16.099041, 49.022897",District/Zone/Department (ADM2); District/Zone/Department (ADM2),Destination; Origin,Displacement without preventive evacuations reported,2026-02-04T20:53:31.757062Z,"Yemen: 6 displacements, 03 December - 03 December. According to IOM DTM Yemen, one household was displaced from Tarim District, Hadramaut Governorate to Ataq, Shabwah Governorate due to conflict reasons between 03 December 2025 and 03 December 2025. IOM DTM Yemen - 07 October 2025",,Conflict
225950,Yemen,YEM,14.902280000000001,45.765915,"[14.902280000000001, 45.765915]",Triangulation,Conflict,total,18,2025-12-02,2025-12-02,2025-12-02,2025,39290,Yemen: Non-International armed conflict (NIAC) - Sanaa - 12/2025,,,2025-12-01,2025-12-31,,,,,,IOM DTM Yemen,,"Ataq, Shabwah Governorate, Yemen; Khawlan District, Sana'a Governorate, Yemen","14.52774, 46.845379; 15.27682, 44.686451",District/Zone/Department (ADM2); District/Zone/Department (ADM2),Destination; Origin,Displacement without preventive evacuations reported,2026-02-04T20:53:31.442358Z,"Yemen: 18 displacements, 02 December - 02 December. According to IOM DTM Yemen, a total of 3 households were displaced from Khawlan District, Sana'a Governorate to Ataq, Shabwah Governorate due to conflict reasons between 02 December 2025 and 02 December 2025. IOM DTM Yemen - 07 October 2025",,Conflict
225953,Yemen,YEM,13.9317,43.483101,"[13.9317, 43.483101]",Triangulation,Conflict,total,6,2025-12-02,2025-12-02,2025-12-02,2025,39287,Yemen: Non-International armed conflict (NIAC) - Al Hodeidah - 12/2025,,,2025-12-01,2025-12-31,,,,,,IOM DTM Yemen,,"Hays, Al Hudaydah Governorate, Yemen","13.9317, 43.483101",District/Zone/Department (ADM2),Origin and destination,Displacement without preventive evacuations reported,2026-02-04T20:53:31.624162Z,"Yemen: 6 displacements, 02 December - 02 December. According to IOM DTM Yemen, one household was displaced from Hays, Al Hudaydah Governorate to Hays, Al Hudaydah Governorate due to conflict reasons between 02 December 2025 and 02 December 2025. IOM DTM Yemen - 07 October 2025",,Conflict
225984,Yemen,YEM,13.959545,43.66511,"[13.959545, 43.66511]",Triangulation,Conflict,total,6,2025-12-02,2025-12-02,2025-12-02,2025,39287,Yemen: Non-International armed conflict (NIAC) - Al Hodeidah - 12/2025,,,2025-12-01,2025-12-31,,,,,,IOM DTM Yemen,,"Al Makhaf, Ta'izz Governorate, Yemen; Beit Al Faqih, Al Hudaydah Governorate, Yemen","13.43171, 44.052071; 14.48738, 43.278149",District/Zone/Department (ADM2); District/Zone/Department (ADM2),Destination; Origin,Displacement without preventive evacuations reported,2026-02-04T20:53:37.957255Z,"Yemen: 6 displacements, 02 December - 02 December. According to IOM DTM Yemen, one household was displaced from Beit Al Faqih, Al Hudaydah Governorate to Al Makhaf, Ta'izz Governorate due to conflict reasons between 02 December 2025 and 02 December 2025. IOM DTM Yemen - 07 October 2025",,Conflict
225952,Yemen,YEM,15.775355000000001,47.03611,"[15.775355000000001, 47.03611]",Triangulation,Conflict,total,30,2025-12-02,2025-12-02,2025-12-02,2025,39293,Yemen: Non-International armed conflict (NIAC) - Hadramawt - 12/2025,,,2025-12-01,2025-12-31,,,,,,IOM DTM Yemen,,"Madinat Marib, Marib Governorate, Yemen; Seiyun District, Hadramaut Governorate, Yemen","15.41567, 45.303421; 16.13504, 48.768799",District/Zone/Department (ADM2); District/Zone/Department (ADM2),Destination; Origin,Displacement without preventive evacuations reported,2026-02-04T20:53:31.570084Z,"Yemen: 30 displacements, 02 December - 02 December. According to IOM DTM Yemen, a total of 5 households were displaced from Seiyun District, Hadramaut Governorate to Madinat Marib, Marib Governorate due to conflict reasons between 02 December 2025 and 02 December 2025. IOM DTM Yemen - 07 October 2025",,Conflict
225985,Yemen,YEM,13.88653,44.3752615,"[13.88653, 44.3752615]",Triangulation,Conflict,total,12,2025-12-02,2025-12-02,2025-12-02,2025,39288,Yemen: Non-International armed conflict (NIAC) - Dhamar - 12/2025,,,2025-12-01,2025-12-31,,,,,,IOM DTM Yemen,,"Al Mawasit, Ta'izz Governorate, Yemen; Ans Sinyan, Dhamar Governorate, Yemen","13.30639, 44.100521; 14.46667, 44.650002",District/Zone/Department (ADM2); District/Zone/Department (ADM2),Destination; Origin,Displacement without preventive evacuations reported,2026-02-04T20:53:38.027674Z,"Yemen: 12 displacements, 02 December - 02 December. According to IOM DTM Yemen, a total of 2 households were displaced from Ans Sinyan, Dhamar Governorate to Al Mawasit, Ta'izz Governorate due to conflict reasons between 02 December 2025 and 02 December 2025. IOM DTM Yemen - 07 October 2025",,Conflict
225986,Yemen,YEM,14.34873,44.146575999999996,"[14.34873, 44.146575999999996]",Triangulation,Conflict,total,6,2025-12-02,2025-12-02,2025-12-02,2025,39291,Yemen: Non-International armed conflict (NIAC) - Sanaa City - 12/2025,,,2025-12-01,2025-12-31,,,,,,IOM DTM Yemen,,"Al Mawasit, Ta'izz Governorate, Yemen; At Thaourah District, Amanat Al Asimah, Yemen","13.30639, 44.100521; 15.39107, 44.192631",District/Zone/Department (ADM2); District/Zone/Department (ADM2),Destination; Origin,Displacement without preventive evacuations reported,2026-02-04T20:53:38.088170Z,"Yemen: 6 displacements, 02 December - 02 December. According to IOM DTM Yemen, one household was displaced from At Thaourah District, Amanat Al Asimah to Al Mawasit, Ta'izz Governorate due to conflict reasons between 02 December 2025 and 02 December 2025. IOM DTM Yemen - 07 October 2025",,Conflict
225954,Yemen,YEM,13.464475,43.5979405,"[13.464475, 43.5979405]",Triangulation,Conflict,total,6,2025-12-02,2025-12-02,2025-12-02,2025,39292,Yemen: Non-International armed conflict (NIAC) - Taiz - 12/2025,,,2025-12-01,2025-12-31,,,,,,IOM DTM Yemen,,"Maqbanah, Ta'izz Governorate, Yemen; Mowaza, Ta'izz Governorate, Yemen","13.66064, 43.685951; 13.26831, 43.50993",District/Zone/Department (ADM2); District/Zone/Department (ADM2),Origin; Destination,Displacement without preventive evacuations reported,2026-02-04T20:53:31.684543Z,"Yemen: 6 displacements, 02 December - 02 December. According to IOM DTM Yemen, one household was displaced from Maqbanah, Ta'izz Governorate to Mowaza, Ta'izz Governorate due to conflict reasons between 02 December 2025 and 02 December 2025. IOM DTM Yemen - 07 October 2025",,Conflict
225951,Yemen,YEM,14.719380000000001,44.520019500000004,"[14.719380000000001, 44.520019500000004]",Triangulation,Conflict,total,12,2025-12-02,2025-12-02,2025-12-02,2025,39287,Yemen: Non-International armed conflict (NIAC) - Al Hodeidah - 12/2025,,,2025-12-01,2025-12-31,,,,,,IOM DTM Yemen,,"Az Zuhrah, Al Hudaydah Governorate, Yemen; Marib, Marib Governorate, Yemen","13.98088, 43.717018; 15.45788, 45.323021",District/Zone/Department (ADM2); District/Zone/Department (ADM2),Origin; Destination,Displacement without preventive evacuations reported,2026-02-04T20:53:31.508276Z,"Yemen: 12 displacements, 02 December - 02 December. According to IOM DTM Yemen, a total of 2 households were displaced from Az Zuhrah, Al Hudaydah Governorate to Marib, Marib Governorate due to conflict reasons between 02 December 2025 and 02 December 2025. IOM DTM Yemen - 07 October 2025",,Conflict
225949,Yemen,YEM,14.34873,44.146575999999996,"[14.34873, 44.146575999999996]",Triangulation,Conflict,total,12,2025-12-01,2025-12-01,2025-12-01,2025,39291,Yemen: Non-International armed conflict (NIAC) - Sanaa City - 12/2025,,,2025-12-01,2025-12-31,,,,,,IOM DTM Yemen,,"Al Mawasit, Ta'izz Governorate, Yemen; At Thaourah District, Amanat Al Asimah, Yemen","13.30639, 44.100521; 15.39107, 44.192631",District/Zone/Department (ADM2); District/Zone/Department (ADM2),Destination; Origin,Displacement without preventive evacuations reported,2026-02-04T20:53:31.366208Z,"Yemen: 12 displacements, 01 December - 01 December. According to IOM DTM Yemen, a total of 2 households were displaced from At Thaourah District, Amanat Al Asimah to Al Mawasit, Ta'izz Governorate due to conflict reasons between 01 December 2025 and 01 December 2025. IOM DTM Yemen - 07 October 2025",,Conflict
225948,Yemen,YEM,14.397165000000001,44.082820999999996,"[14.397165000000001, 44.082820999999996]",Triangulation,Conflict,total,24,2025-12-01,2025-12-01,2025-12-01,2025,39290,Yemen: Non-International armed conflict (NIAC) - Sanaa - 12/2025,,,2025-12-01,2025-12-31,,,,,,IOM DTM Yemen,,"Al Mawasit, Ta'izz Governorate, Yemen; Hamdan District, Sana'a Governorate, Yemen","13.30639, 44.100521; 15.48794, 44.065121",District/Zone/Department (ADM2); District/Zone/Department (ADM2),Destination; Origin,Displacement without preventive evacuations reported,2026-02-04T20:53:31.305252Z,"Yemen: 24 displacements, 01 December - 01 December. According to IOM DTM Yemen, a total of 4 households were displaced from Hamdan District, Sana'a Governorate to Al Mawasit, Ta'izz Governorate due to conflict reasons between 01 December 2025 and 01 December 2025. IOM DTM Yemen - 07 October 2025",,Conflict
225947,Yemen,YEM,13.464475,43.5979405,"[13.464475, 43.5979405]",Triangulation,Conflict,total,60,2025-12-01,2025-12-01,2025-12-01,2025,39292,Yemen: Non-International armed conflict (NIAC) - Taiz - 12/2025,,,2025-12-01,2025-12-31,,,,,,IOM DTM Yemen,,"Maqbanah, Ta'izz Governorate, Yemen; Mowaza, Ta'izz Governorate, Yemen","13.66064, 43.685951; 13.26831, 43.50993",District/Zone/Department (ADM2); District/Zone/Department (ADM2),Origin; Destination,Displacement without preventive evacuations reported,2026-02-04T20:53:31.224930Z,"Yemen: 60 displacements, 01 December - 01 December. According to IOM DTM Yemen, a total of 10 households were displaced from Maqbanah, Ta'izz Governorate to Mowaza, Ta'izz Governorate due to conflict reasons between 01 December 2025 and 01 December 2025. IOM DTM Yemen - 07 October 2025",,Conflict
225946,Yemen,YEM,14.28065,45.500229000000004,"[14.28065, 45.500229000000004]",Triangulation,Conflict,total,6,2025-12-01,2025-12-01,2025-12-01,2025,39289,Yemen: Non-International armed conflict (NIAC) - Ibb - 12/2025,,,2025-12-01,2025-12-31,,,,,,IOM DTM Yemen,,"Ataq, Shabwah Governorate, Yemen; Ibb, Ibb Governorate, Yemen","14.52774, 46.845379; 14.03356, 44.155079",District/Zone/Department (ADM2); District/Zone/Department (ADM2),Destination; Origin,Displacement without preventive evacuations reported,2026-02-04T20:53:31.160244Z,"Yemen: 6 displacements, 01 December - 01 December. According to IOM DTM Yemen, one household was displaced from Ibb, Ibb Governorate to Ataq, Shabwah Governorate due to conflict reasons between 01 December 2025 and 01 December 2025. IOM DTM Yemen - 07 October 2025",,Conflict
225945,Yemen,YEM,14.094190000000001,45.265665,"[14.094190000000001, 45.265665]",Triangulation,Conflict,total,18,2025-12-01,2025-12-01,2025-12-01,2025,39292,Yemen: Non-International armed conflict (NIAC) - Taiz - 12/2025,,,2025-12-01,2025-12-31,,,,,,IOM DTM Yemen,,"Ataq, Shabwah Governorate, Yemen; Maqbanah, Ta'izz Governorate, Yemen","14.52774, 46.845379; 13.66064, 43.685951",District/Zone/Department (ADM2); District/Zone/Department (ADM2),Destination; Origin,Displacement without preventive evacuations reported,2026-02-04T20:53:31.078964Z,"Yemen: 18 displacements, 01 December - 01 December. According to IOM DTM Yemen, a total of 3 households were displaced from Maqbanah, Ta'izz Governorate to Ataq, Shabwah Governorate due to conflict reasons between 01 December 2025 and 01 December 2025. IOM DTM Yemen - 07 October 2025",,Conflict
225944,Yemen,YEM,13.730195,44.049169500000005,"[13.730195, 44.049169500000005]",Triangulation,Conflict,total,18,2025-12-01,2025-12-01,2025-12-01,2025,39289,Yemen: Non-International armed conflict (NIAC) - Ibb - 12/2025,,,2025-12-01,2025-12-31,,,,,,IOM DTM Yemen,,"Al Madahif, Ta'izz Governorate, Yemen; Ibb, Ibb Governorate, Yemen","13.42683, 43.94326; 14.03356, 44.155079",District/Zone/Department (ADM2); District/Zone/Department (ADM2),Destination; Origin,Displacement without preventive evacuations reported,2026-02-04T20:53:31.000998Z,"Yemen: 18 displacements, 01 December - 01 December. According to IOM DTM Yemen, a total of 3 households were displaced from Ibb, Ibb Governorate to Al Madahif, Ta'izz Governorate due to conflict reasons between 01 December 2025 and 01 December 2025. IOM DTM Yemen - 07 October 2025",,Conflict
225943,Yemen,YEM,15.134955000000001,44.703334999999996,"[15.134955000000001, 44.703334999999996]",Triangulation,Conflict,total,6,2025-12-01,2025-12-01,2025-12-01,2025,39288,Yemen: Non-International armed conflict (NIAC) - Dhamar - 12/2025,,,2025-12-01,2025-12-31,,,,,,IOM DTM Yemen,,"Dawran Anas, Dhamar Governorate, Yemen; Madinat Marib, Marib Governorate, Yemen","14.85424, 44.103249; 15.41567, 45.303421",District/Zone/Department (ADM2); District/Zone/Department (ADM2),Origin; Destination,Displacement without preventive evacuations reported,2026-02-04T20:53:30.941968Z,"Yemen: 6 displacements, 01 December - 01 December. According to IOM DTM Yemen, one household was displaced from Dawran Anas, Dhamar Governorate to Madinat Marib, Marib Governorate due to conflict reasons between 01 December 2025 and 01 December 2025. IOM DTM Yemen - 07 October 2025",,Conflict
225942,Yemen,YEM,14.818515000000001,44.9452555,"[14.818515000000001, 44.9452555]",Triangulation,Conflict,total,6,2025-12-01,2025-12-01,2025-12-01,2025,39289,Yemen: Non-International armed conflict (NIAC) - Ibb - 12/2025,,,2025-12-01,2025-12-31,,,,,,IOM DTM Yemen,,"Ar Radmah, Ibb Governorate, Yemen; Madinat Marib, Marib Governorate, Yemen","14.22136, 44.58709; 15.41567, 45.303421",District/Zone/Department (ADM2); District/Zone/Department (ADM2),Origin; Destination,Displacement without preventive evacuations reported,2026-02-04T20:53:30.865689Z,"Yemen: 6 displacements, 01 December - 01 December. According to IOM DTM Yemen, one household was displaced from Ar Radmah, Ibb Governorate to Madinat Marib, Marib Governorate due to conflict reasons between 01 December 2025 and 01 December 2025. IOM DTM Yemen - 07 October 2025",,Conflict
225940,Yemen,YEM,14.03206,43.43585,"[14.03206, 43.43585]",Triangulation,Conflict,total,18,2025-12-01,2025-12-01,2025-12-01,2025,39287,Yemen: Non-International armed conflict (NIAC) - Al Hodeidah - 12/2025,,,2025-12-01,2025-12-31,,,,,,IOM DTM Yemen,,"Al Jarrahi, Al Hudaydah Governorate, Yemen; Hays, Al Hudaydah Governorate, Yemen","14.13242, 43.388599; 13.9317, 43.483101",District/Zone/Department (ADM2); District/Zone/Department (ADM2),Origin; Destination,Displacement without preventive evacuations reported,2026-02-04T20:14:02.414351Z,"Yemen: 18 displacements, 01 December - 01 December. According to IOM DTM Yemen, a total of 3 households were displaced from Al Jarrahi, Al Hudaydah Governorate to Hays, Al Hudaydah Governorate due to conflict reasons between 01 December 2025 and 01 December 2025. IOM DTM Yemen - 07 October 2025",,Conflict
225939,Yemen,YEM,13.9317,43.483101,"[13.9317, 43.483101]",Triangulation,Conflict,total,12,2025-12-01,2025-12-01,2025-12-01,2025,39287,Yemen: Non-International armed conflict (NIAC) - Al Hodeidah - 12/2025,,,2025-12-01,2025-12-31,,,,,,IOM DTM Yemen,,"Hays, Al Hudaydah Governorate, Yemen","13.9317, 43.483101",District/Zone/Department (ADM2),Origin and destination,Displacement without preventive evacuations reported,2026-02-04T20:14:02.327030Z,"Yemen: 12 displacements, 01 December - 01 December. According to IOM DTM Yemen, a total of 2 households were displaced from Hays, Al Hudaydah Governorate to Hays, Al Hudaydah Governorate due to conflict reasons between 01 December 2025 and 01 December 2025. IOM DTM Yemen - 07 October 2025",,Conflict
225982,Yemen,YEM,14.034365000000001,43.5535605,"[14.034365000000001, 43.5535605]",Triangulation,Conflict,total,18,2025-12-01,2025-12-01,2025-12-01,2025,39287,Yemen: Non-International armed conflict (NIAC) - Al Hodeidah - 12/2025,,,2025-12-01,2025-12-31,,,,,,IOM DTM Yemen,,"Al Durayhami, Al Hudaydah Governorate, Yemen; Al Makhaf, Ta'izz Governorate, Yemen","14.63702, 43.05505; 13.43171, 44.052071",District/Zone/Department (ADM2); District/Zone/Department (ADM2),Origin; Destination,Displacement without preventive evacuations reported,2026-02-04T20:53:37.833618Z,"Yemen: 18 displacements, 01 December - 01 December. According to IOM DTM Yemen, a total of 3 households were displaced from Al Durayhami, Al Hudaydah Governorate to Al Makhaf, Ta'izz Governorate due to conflict reasons between 01 December 2025 and 01 December 2025. IOM DTM Yemen - 07 October 2025",,Conflict
225983,Yemen,YEM,13.42927,43.9976655,"[13.42927, 43.9976655]",Triangulation,Conflict,total,6,2025-12-01,2025-12-01,2025-12-01,2025,39292,Yemen: Non-International armed conflict (NIAC) - Taiz - 12/2025,,,2025-12-01,2025-12-31,,,,,,IOM DTM Yemen,,"Al Madahif, Ta'izz Governorate, Yemen; Al Makhaf, Ta'izz Governorate, Yemen","13.42683, 43.94326; 13.43171, 44.052071",District/Zone/Department (ADM2); District/Zone/Department (ADM2),Origin; Destination,Displacement without preventive evacuations reported,2026-02-04T20:53:37.899604Z,"Yemen: 6 displacements, 01 December - 01 December. According to IOM DTM Yemen, one household was displaced from Al Madahif, Ta'izz Governorate to Al Makhaf, Ta'izz Governorate due to conflict reasons between 01 December 2025 and 01 December 2025. IOM DTM Yemen - 07 October 2025",,Conflict
225935,Yemen,YEM,13.9317,43.483101,"[13.9317, 43.483101]",Triangulation,Conflict,total,18,2025-11-30,2025-11-30,2025-11-30,2025,39271,Yemen: Non-International armed conflict (NIAC) - Al Hodeidah - 11/2025,,,2025-11-01,2025-11-30,,,,,,IOM DTM Yemen,,"Hays, Al Hudaydah Governorate, Yemen","13.9317, 43.483101",District/Zone/Department (ADM2),Origin and destination,Displacement without preventive evacuations reported,2026-02-04T20:14:01.472003Z,"Yemen: 18 displacements, 30 November - 30 November. According to IOM DTM Yemen, a total of 3 households were displaced from Hays, Al Hudaydah Governorate to Hays, Al Hudaydah Governorate due to conflict reasons between 30 November 2025 and 30 November 2025. IOM DTM Yemen - 07 October 2025",,Conflict
225933,Yemen,YEM,14.05763,43.3547365,"[14.05763, 43.3547365]",Triangulation,Conflict,total,6,2025-11-30,2025-11-30,2025-11-30,2025,39271,Yemen: Non-International armed conflict (NIAC) - Al Hodeidah - 11/2025,,,2025-11-01,2025-11-30,,,,,,IOM DTM Yemen,,"At Tahaytha, Al Hudaydah Governorate, Yemen; Hays, Al Hudaydah Governorate, Yemen","14.18356, 43.226372; 13.9317, 43.483101",District/Zone/Department (ADM2); District/Zone/Department (ADM2),Origin; Destination,Displacement without preventive evacuations reported,2026-02-04T20:14:01.193448Z,"Yemen: 6 displacements, 30 November - 30 November. According to IOM DTM Yemen, one household was displaced from At Tahaytha, Al Hudaydah Governorate to Hays, Al Hudaydah Governorate due to conflict reasons between 30 November 2025 and 30 November 2025. IOM DTM Yemen - 07 October 2025",,Conflict
225934,Yemen,YEM,14.20954,43.380624999999995,"[14.20954, 43.380624999999995]",Triangulation,Conflict,total,6,2025-11-30,2025-11-30,2025-11-30,2025,39271,Yemen: Non-International armed conflict (NIAC) - Al Hodeidah - 11/2025,,,2025-11-01,2025-11-30,,,,,,IOM DTM Yemen,,"Beit Al Faqih, Al Hudaydah Governorate, Yemen; Hays, Al Hudaydah Governorate, Yemen","14.48738, 43.278149; 13.9317, 43.483101",District/Zone/Department (ADM2); District/Zone/Department (ADM2),Origin; Destination,Displacement without preventive evacuations reported,2026-02-04T20:14:01.301258Z,"Yemen: 6 displacements, 30 November - 30 November. According to IOM DTM Yemen, one household was displaced from Beit Al Faqih, Al Hudaydah Governorate to Hays, Al Hudaydah Governorate due to conflict reasons between 30 November 2025 and 30 November 2025. IOM DTM Yemen - 07 October 2025",,Conflict
225936,Yemen,YEM,15.599499999999999,45.168375,"[15.599499999999999, 45.168375]",Triangulation,Conflict,total,6,2025-11-30,2025-11-30,2025-11-30,2025,39273,Yemen: Non-International armed conflict (NIAC) - Marib - 11/2025,,,2025-11-01,2025-11-30,,,,,,IOM DTM Yemen,,"Madinat Marib, Marib Governorate, Yemen; Raghwan, Marib Governorate, Yemen","15.41567, 45.303421; 15.78333, 45.033329",District/Zone/Department (ADM2); District/Zone/Department (ADM2),Destination; Origin,Displacement without preventive evacuations reported,2026-02-04T20:14:01.592295Z,"Yemen: 6 displacements, 30 November - 30 November. According to IOM DTM Yemen, one household was displaced from Raghwan, Marib Governorate to Madinat Marib, Marib Governorate due to conflict reasons between 30 November 2025 and 30 November 2025. IOM DTM Yemen - 07 October 2025",,Conflict
225937,Yemen,YEM,14.03206,43.43585,"[14.03206, 43.43585]",Triangulation,Conflict,total,18,2025-11-30,2025-11-30,2025-11-30,2025,39271,Yemen: Non-International armed conflict (NIAC) - Al Hodeidah - 11/2025,,,2025-11-01,2025-11-30,,,,,,IOM DTM Yemen,,"Al Jarrahi, Al Hudaydah Governorate, Yemen; Hays, Al Hudaydah Governorate, Yemen","14.13242, 43.388599; 13.9317, 43.483101",District/Zone/Department (ADM2); District/Zone/Department (ADM2),Origin; Destination,Displacement without preventive evacuations reported,2026-02-04T20:14:02.204492Z,"Yemen: 18 displacements, 30 November - 30 November. According to IOM DTM Yemen, a total of 3 households were displaced from Al Jarrahi, Al Hudaydah Governorate to Hays, Al Hudaydah Governorate due to conflict reasons between 30 November 2025 and 30 November 2025. IOM DTM Yemen - 07 October 2025",,Conflict
225938,Yemen,YEM,13.66064,43.685951,"[13.66064, 43.685951]",Triangulation,Conflict,total,84,2025-11-30,2025-11-30,2025-11-30,2025,39275,Yemen: Non-International armed conflict (NIAC) - Taiz - 11/2025,,,2025-11-01,2025-11-30,,,,,,IOM DTM Yemen,,"Maqbanah, Ta'izz Governorate, Yemen","13.66064, 43.685951",District/Zone/Department (ADM2),Origin and destination,Displacement without preventive evacuations reported,2026-02-04T20:14:02.263988Z,"Yemen: 84 displacements, 30 November - 30 November. According to IOM DTM Yemen, a total of 14 households were displaced from Maqbanah, Ta'izz Governorate to Maqbanah, Ta'izz Governorate due to conflict reasons between 30 November 2025 and 30 November 2025. IOM DTM Yemen - 07 October 2025",,Conflict
225927,Yemen,YEM,14.712275,45.569845,"[14.712275, 45.569845]",Triangulation,Conflict,total,6,2025-11-29,2025-11-29,2025-11-29,2025,39283,Yemen: Non-International armed conflict (NIAC) - Al Bayda - 11/2025,,,2025-11-01,2025-11-30,,,,,,IOM DTM Yemen,,"Am Taffah, Al Bayda' Governorate, Yemen; Marib, Marib Governorate, Yemen","13.96667, 45.816669; 15.45788, 45.323021",District/Zone/Department (ADM2); District/Zone/Department (ADM2),Origin; Destination,Displacement without preventive evacuations reported,2026-02-04T20:14:00.473819Z,"Yemen: 6 displacements, 29 November - 29 November. According to IOM DTM Yemen, one household was displaced from Am Taffah, Al Bayda' Governorate to Marib, Marib Governorate due to conflict reasons between 29 November 2025 and 29 November 2025. IOM DTM Yemen - 07 October 2025",,Conflict
225930,Yemen,YEM,13.9317,43.483101,"[13.9317, 43.483101]",Triangulation,Conflict,total,12,2025-11-29,2025-11-29,2025-11-29,2025,39271,Yemen: Non-International armed conflict (NIAC) - Al Hodeidah - 11/2025,,,2025-11-01,2025-11-30,,,,,,IOM DTM Yemen,,"Hays, Al Hudaydah Governorate, Yemen","13.9317, 43.483101",District/Zone/Department (ADM2),Origin and destination,Displacement without preventive evacuations reported,2026-02-04T20:14:00.860876Z,"Yemen: 12 displacements, 29 November - 29 November. According to IOM DTM Yemen, a total of 2 households were displaced from Hays, Al Hudaydah Governorate to Hays, Al Hudaydah Governorate due to conflict reasons between 29 November 2025 and 29 November 2025. IOM DTM Yemen - 07 October 2025",,Conflict
225932,Yemen,YEM,13.66064,43.685951,"[13.66064, 43.685951]",Triangulation,Conflict,total,186,2025-11-29,2025-11-29,2025-11-29,2025,39275,Yemen: Non-International armed conflict (NIAC) - Taiz - 11/2025,,,2025-11-01,2025-11-30,,,,,,IOM DTM Yemen,,"Maqbanah, Ta'izz Governorate, Yemen","13.66064, 43.685951",District/Zone/Department (ADM2),Origin and destination,Displacement without preventive evacuations reported,2026-02-04T20:14:01.083370Z,"Yemen: 186 displacements, 29 November - 29 November. According to IOM DTM Yemen, a total of 31 households were displaced from Maqbanah, Ta'izz Governorate to Maqbanah, Ta'izz Governorate due to conflict reasons between 29 November 2025 and 29 November 2025. IOM DTM Yemen - 07 October 2025",,Conflict
225926,Yemen,YEM,14.78712,44.7116015,"[14.78712, 44.7116015]",Triangulation,Conflict,total,6,2025-11-29,2025-11-29,2025-11-29,2025,39272,Yemen: Non-International armed conflict (NIAC) - Ibb - 11/2025,,,2025-11-01,2025-11-30,,,,,,IOM DTM Yemen,,"Jabal Hubaysh, Ibb Governorate, Yemen; Marib, Marib Governorate, Yemen","14.11636, 44.100182; 15.45788, 45.323021",District/Zone/Department (ADM2); District/Zone/Department (ADM2),Origin; Destination,Displacement without preventive evacuations reported,2026-02-04T20:14:00.336148Z,"Yemen: 6 displacements, 29 November - 29 November. According to IOM DTM Yemen, one household was displaced from Hubaysh, Ibb Governorate to Marib, Marib Governorate due to conflict reasons between 29 November 2025 and 29 November 2025. IOM DTM Yemen - 07 October 2025",,Conflict
225931,Yemen,YEM,13.567265,43.787006500000004,"[13.567265, 43.787006500000004]",Triangulation,Conflict,total,90,2025-11-29,2025-11-29,2025-11-29,2025,39275,Yemen: Non-International armed conflict (NIAC) - Taiz - 11/2025,,,2025-11-01,2025-11-30,,,,,,IOM DTM Yemen,,"Jabal Habashi, Ta'izz Governorate, Yemen; Maqbanah, Ta'izz Governorate, Yemen","13.47389, 43.888062; 13.66064, 43.685951",District/Zone/Department (ADM2); District/Zone/Department (ADM2),Destination; Origin,Displacement without preventive evacuations reported,2026-02-04T20:14:00.991789Z,"Yemen: 90 displacements, 29 November - 29 November. According to IOM DTM Yemen, a total of 15 households were displaced from Maqbanah, Ta'izz Governorate to Jabal Habashi, Ta'izz Governorate due to conflict reasons between 29 November 2025 and 29 November 2025. IOM DTM Yemen - 07 October 2025",,Conflict
225928,Yemen,YEM,15.716439999999999,45.044845499999994,"[15.716439999999999, 45.044845499999994]",Triangulation,Conflict,total,6,2025-11-29,2025-11-29,2025-11-29,2025,39273,Yemen: Non-International armed conflict (NIAC) - Marib - 11/2025,,,2025-11-01,2025-11-30,,,,,,IOM DTM Yemen,,"Majzar, Marib Governorate, Yemen; Marib, Marib Governorate, Yemen","15.975, 44.76667; 15.45788, 45.323021",District/Zone/Department (ADM2); District/Zone/Department (ADM2),Origin; Destination,Displacement without preventive evacuations reported,2026-02-04T20:14:00.635948Z,"Yemen: 6 displacements, 29 November - 29 November. According to IOM DTM Yemen, one household was displaced from Majzar, Marib Governorate to Marib, Marib Governorate due to conflict reasons between 29 November 2025 and 29 November 2025. IOM DTM Yemen - 07 October 2025",,Conflict
225929,Yemen,YEM,14.954235,45.1028805,"[14.954235, 45.1028805]",Triangulation,Conflict,total,6,2025-11-29,2025-11-29,2025-11-29,2025,39283,Yemen: Non-International armed conflict (NIAC) - Al Bayda - 11/2025,,,2025-11-01,2025-11-30,,,,,,IOM DTM Yemen,,"Ar Rayshiyah, Al Bayda' Governorate, Yemen; Madinat Marib, Marib Governorate, Yemen","14.4928, 44.90234; 15.41567, 45.303421",District/Zone/Department (ADM2); District/Zone/Department (ADM2),Origin; Destination,Displacement without preventive evacuations reported,2026-02-04T20:14:00.748856Z,"Yemen: 6 displacements, 29 November - 29 November. According to IOM DTM Yemen, one household was displaced from Ar Rayshiyah, Al Bayda' Governorate to Madinat Marib, Marib Governorate due to conflict reasons between 29 November 2025 and 29 November 2025. IOM DTM Yemen - 07 October 2025",,Conflict
225925,Yemen,YEM,13.66064,43.685951,"[13.66064, 43.685951]",Triangulation,Conflict,total,78,2025-11-28,2025-11-28,2025-11-28,2025,39275,Yemen: Non-International armed conflict (NIAC) - Taiz - 11/2025,,,2025-11-01,2025-11-30,,,,,,IOM DTM Yemen,,"Maqbanah, Ta'izz Governorate, Yemen","13.66064, 43.685951",District/Zone/Department (ADM2),Origin and destination,Displacement without preventive evacuations reported,2026-02-04T20:14:00.257620Z,"Yemen: 78 displacements, 28 November - 28 November. According to IOM DTM Yemen, a total of 13 households were displaced from Maqbanah, Ta'izz Governorate to Maqbanah, Ta'izz Governorate due to conflict reasons between 28 November 2025 and 28 November 2025. IOM DTM Yemen - 07 October 2025",,Conflict
225922,Yemen,YEM,13.350010000000001,43.7810005,"[13.350010000000001, 43.7810005]",Triangulation,Conflict,total,12,2025-11-28,2025-11-28,2025-11-28,2025,39275,Yemen: Non-International armed conflict (NIAC) - Taiz - 11/2025,,,2025-11-01,2025-11-30,,,,,,IOM DTM Yemen,,"Al Makhaf, Ta'izz Governorate, Yemen; Mowaza, Ta'izz Governorate, Yemen","13.43171, 44.052071; 13.26831, 43.50993",District/Zone/Department (ADM2); District/Zone/Department (ADM2),Destination; Origin,Displacement without preventive evacuations reported,2026-02-04T20:14:00.088353Z,"Yemen: 12 displacements, 28 November - 28 November. According to IOM DTM Yemen, a total of 2 households were displaced from Mowaza, Ta'izz Governorate to Al Makhaf, Ta'izz Governorate due to conflict reasons between 28 November 2025 and 28 November 2025. IOM DTM Yemen - 07 October 2025",,Conflict
225924,Yemen,YEM,13.532845,43.970251000000005,"[13.532845, 43.970251000000005]",Triangulation,Conflict,total,66,2025-11-28,2025-11-28,2025-11-28,2025,39275,Yemen: Non-International armed conflict (NIAC) - Taiz - 11/2025,,,2025-11-01,2025-11-30,,,,,,IOM DTM Yemen,,"At Taizziyah, Ta'izz Governorate, Yemen; Salah, Ta'izz Governorate, Yemen","13.69479, 44.009411; 13.3709, 43.931091",District/Zone/Department (ADM2); District/Zone/Department (ADM2),Origin; Destination,Displacement without preventive evacuations reported,2026-02-04T20:14:00.205691Z,"Yemen: 66 displacements, 28 November - 28 November. According to IOM DTM Yemen, a total of 11 households were displaced from At Taizziyah, Ta'izz Governorate to Salah, Ta'izz Governorate due to conflict reasons between 28 November 2025 and 28 November 2025. IOM DTM Yemen - 07 October 2025",,Conflict
225918,Yemen,YEM,14.294809735527135,45.46377440837454,"[14.294809735527135, 45.46377440837454]",Triangulation,Conflict,total,6,2025-11-27,2025-11-27,2025-11-27,2025,39271,Yemen: Non-International armed conflict (NIAC) - Al Hodeidah - 11/2025,,,2025-11-01,2025-11-30,,,,,,IOM DTM Yemen,,"At Tahaytha, Al Hudaydah Governorate, Yemen; Mayfa'ah, Shabwah Governorate","14.18356, 43.226372; 14.40605947105427, 47.70117681674908",District/Zone/Department (ADM2); District/Zone/Department (ADM2),Origin; Destination,Displacement without preventive evacuations reported,2026-02-04T20:13:59.815012Z,"Yemen: 6 displacements, 27 November - 27 November. According to IOM DTM Yemen, one household was displaced from At Tahaytha, Al Hudaydah Governorate to Mayfa'ah due to conflict reasons between 27 November 2025 and 27 November 2025. IOM DTM Yemen - 07 October 2025",,Conflict
225921,Yemen,YEM,16.64316,45.78532,"[16.64316, 45.78532]",Triangulation,Conflict,total,6,2025-11-27,2025-11-27,2025-11-27,2025,39276,Yemen: Non-International armed conflict (NIAC) - Al Jawf - 11/2025,,,2025-11-01,2025-11-30,,,,,,IOM DTM Yemen,,"Khab wa Ash Shaaf, Al Jawf Governorate, Yemen","16.64316, 45.78532",District/Zone/Department (ADM2),Origin and destination,Displacement without preventive evacuations reported,2026-02-04T20:14:00.020909Z,"Yemen: 6 displacements, 27 November - 27 November. According to IOM DTM Yemen, one household was displaced from Khab wa Ash Shaaf, Al Jawf Governorate to Khab wa Ash Shaaf, Al Jawf Governorate due to conflict reasons between 27 November 2025 and 27 November 2025. IOM DTM Yemen - 07 October 2025",,Conflict
225920,Yemen,YEM,15.17438,45.090454,"[15.17438, 45.090454]",Triangulation,Conflict,total,12,2025-11-27,2025-11-27,2025-11-27,2025,39282,Yemen: Non-International armed conflict (NIAC) - Hajjah - 11/2025,,,2025-11-01,2025-11-30,,,,,,IOM DTM Yemen,,"Ataq, Shabwah Governorate, Yemen; Kuaydinah, Hajjah Governorate, Yemen","14.52774, 46.845379; 15.82102, 43.335529",District/Zone/Department (ADM2); District/Zone/Department (ADM2),Destination; Origin,Displacement without preventive evacuations reported,2026-02-04T20:13:59.956261Z,"Yemen: 12 displacements, 27 November - 27 November. According to IOM DTM Yemen, a total of 2 households were displaced from Kuaydinah, Hajjah Governorate to Ataq, Shabwah Governorate due to conflict reasons between 27 November 2025 and 27 November 2025. IOM DTM Yemen - 07 October 2025",,Conflict
225919,Yemen,YEM,13.938005,45.526285,"[13.938005, 45.526285]",Triangulation,Conflict,total,6,2025-11-27,2025-11-27,2025-11-27,2025,39275,Yemen: Non-International armed conflict (NIAC) - Taiz - 11/2025,,,2025-11-01,2025-11-30,,,,,,IOM DTM Yemen,,"As Silw, Ta'izz Governorate, Yemen; Ataq, Shabwah Governorate, Yemen","13.34827, 44.207191; 14.52774, 46.845379",District/Zone/Department (ADM2); District/Zone/Department (ADM2),Origin; Destination,Displacement without preventive evacuations reported,2026-02-04T20:13:59.892800Z,"Yemen: 6 displacements, 27 November - 27 November. According to IOM DTM Yemen, one household was displaced from As Silw, Ta'izz Governorate to Ataq, Shabwah Governorate due to conflict reasons between 27 November 2025 and 27 November 2025. IOM DTM Yemen - 07 October 2025",,Conflict
225915,Yemen,YEM,14.446719735527136,45.48966290837454,"[14.446719735527136, 45.48966290837454]",Triangulation,Conflict,total,12,2025-11-26,2025-11-26,2025-11-26,2025,39271,Yemen: Non-International armed conflict (NIAC) - Al Hodeidah - 11/2025,,,2025-11-01,2025-11-30,,,,,,IOM DTM Yemen,,"Beit Al Faqih, Al Hudaydah Governorate, Yemen; Mayfa'ah, Shabwah Governorate","14.48738, 43.278149; 14.40605947105427, 47.70117681674908",District/Zone/Department (ADM2); District/Zone/Department (ADM2),Origin; Destination,Displacement without preventive evacuations reported,2026-02-04T20:13:57.023810Z,"Yemen: 12 displacements, 26 November - 26 November. According to IOM DTM Yemen, a total of 2 households were displaced from Beit Al Faqih, Al Hudaydah Governorate to Mayfa'ah due to conflict reasons between 26 November 2025 and 26 November 2025. IOM DTM Yemen - 07 October 2025",,Conflict
225923,Yemen,YEM,14.915855,45.072370500000005,"[14.915855, 45.072370500000005]",Triangulation,Conflict,total,6,2025-11-26,2025-11-26,2025-11-26,2025,39283,Yemen: Non-International armed conflict (NIAC) - Al Bayda - 11/2025,,,2025-11-01,2025-11-30,,,,,,IOM DTM Yemen,,"Madinat Marib, Marib Governorate, Yemen; Rada'a, Al Bayda' Governorate, Yemen","15.41567, 45.303421; 14.41604, 44.84132",District/Zone/Department (ADM2); District/Zone/Department (ADM2),Destination; Origin,Displacement without preventive evacuations reported,2026-02-04T20:14:00.149617Z,"Yemen: 6 displacements, 26 November - 26 November. According to IOM DTM Yemen, one household was displaced from Rada'a, Al Bayda' Governorate to Madinat Marib, Marib Governorate due to conflict reasons between 26 November 2025 and 26 November 2025. IOM DTM Yemen - 07 October 2025",,Conflict
225916,Yemen,YEM,13.9317,43.483101,"[13.9317, 43.483101]",Triangulation,Conflict,total,36,2025-11-26,2025-11-26,2025-11-26,2025,39271,Yemen: Non-International armed conflict (NIAC) - Al Hodeidah - 11/2025,,,2025-11-01,2025-11-30,,,,,,IOM DTM Yemen,,"Hays, Al Hudaydah Governorate, Yemen","13.9317, 43.483101",District/Zone/Department (ADM2),Origin and destination,Displacement without preventive evacuations reported,2026-02-04T20:13:59.672042Z,"Yemen: 36 displacements, 26 November - 26 November. According to IOM DTM Yemen, a total of 6 households were displaced from Hays, Al Hudaydah Governorate to Hays, Al Hudaydah Governorate due to conflict reasons between 26 November 2025 and 26 November 2025. IOM DTM Yemen - 07 October 2025",,Conflict
225917,Yemen,YEM,14.28065,45.500229000000004,"[14.28065, 45.500229000000004]",Triangulation,Conflict,total,12,2025-11-26,2025-11-26,2025-11-26,2025,39272,Yemen: Non-International armed conflict (NIAC) - Ibb - 11/2025,,,2025-11-01,2025-11-30,,,,,,IOM DTM Yemen,,"Ataq, Shabwah Governorate, Yemen; Ibb, Ibb Governorate, Yemen","14.52774, 46.845379; 14.03356, 44.155079",District/Zone/Department (ADM2); District/Zone/Department (ADM2),Destination; Origin,Displacement without preventive evacuations reported,2026-02-04T20:13:59.739640Z,"Yemen: 12 displacements, 26 November - 26 November. According to IOM DTM Yemen, a total of 2 households were displaced from Ibb, Ibb Governorate to Ataq, Shabwah Governorate due to conflict reasons between 26 November 2025 and 26 November 2025. IOM DTM Yemen - 07 October 2025",,Conflict
225910,Yemen,YEM,14.32205,45.4727805,"[14.32205, 45.4727805]",Triangulation,Conflict,total,12,2025-11-25,2025-11-25,2025-11-25,2025,39272,Yemen: Non-International armed conflict (NIAC) - Ibb - 11/2025,,,2025-11-01,2025-11-30,,,,,,IOM DTM Yemen,,"Ataq, Shabwah Governorate, Yemen; Jabal Hubaysh, Ibb Governorate, Yemen","14.52774, 46.845379; 14.11636, 44.100182",District/Zone/Department (ADM2); District/Zone/Department (ADM2),Destination; Origin,Displacement without preventive evacuations reported,2026-02-04T20:13:56.438698Z,"Yemen: 12 displacements, 25 November - 25 November. According to IOM DTM Yemen, a total of 2 households were displaced from Hubaysh, Ibb Governorate to Ataq, Shabwah Governorate due to conflict reasons between 25 November 2025 and 25 November 2025. IOM DTM Yemen - 07 October 2025",,Conflict
225911,Yemen,YEM,14.24443,45.4057295,"[14.24443, 45.4057295]",Triangulation,Conflict,total,6,2025-11-25,2025-11-25,2025-11-25,2025,39272,Yemen: Non-International armed conflict (NIAC) - Ibb - 11/2025,,,2025-11-01,2025-11-30,,,,,,IOM DTM Yemen,,"Al Udein, Ibb Governorate, Yemen; Ataq, Shabwah Governorate, Yemen","13.96112, 43.96608; 14.52774, 46.845379",District/Zone/Department (ADM2); District/Zone/Department (ADM2),Origin; Destination,Displacement without preventive evacuations reported,2026-02-04T20:13:56.546306Z,"Yemen: 6 displacements, 25 November - 25 November. According to IOM DTM Yemen, one household was displaced from Al Udein, Ibb Governorate to Ataq, Shabwah Governorate due to conflict reasons between 25 November 2025 and 25 November 2025. IOM DTM Yemen - 07 October 2025",,Conflict
225912,Yemen,YEM,13.9317,43.483101,"[13.9317, 43.483101]",Triangulation,Conflict,total,6,2025-11-25,2025-11-25,2025-11-25,2025,39271,Yemen: Non-International armed conflict (NIAC) - Al Hodeidah - 11/2025,,,2025-11-01,2025-11-30,,,,,,IOM DTM Yemen,,"Hays, Al Hudaydah Governorate, Yemen","13.9317, 43.483101",District/Zone/Department (ADM2),Origin and destination,Displacement without preventive evacuations reported,2026-02-04T20:13:56.630930Z,"Yemen: 6 displacements, 25 November - 25 November. According to IOM DTM Yemen, one household was displaced from Hays, Al Hudaydah Governorate to Hays, Al Hudaydah Governorate due to conflict reasons between 25 November 2025 and 25 November 2025. IOM DTM Yemen - 07 October 2025",,Conflict
225913,Yemen,YEM,14.315964999999998,44.5264205,"[14.315964999999998, 44.5264205]",Triangulation,Conflict,total,6,2025-11-25,2025-11-25,2025-11-25,2025,39275,Yemen: Non-International armed conflict (NIAC) - Taiz - 11/2025,,,2025-11-01,2025-11-30,,,,,,IOM DTM Yemen,,"Al Waziiyah, Ta'izz Governorate, Yemen; Marib, Marib Governorate, Yemen","13.17405, 43.72982; 15.45788, 45.323021",District/Zone/Department (ADM2); District/Zone/Department (ADM2),Origin; Destination,Displacement without preventive evacuations reported,2026-02-04T20:13:56.718367Z,"Yemen: 6 displacements, 25 November - 25 November. According to IOM DTM Yemen, one household was displaced from Al Waziiyah, Ta'izz Governorate to Marib, Marib Governorate due to conflict reasons between 25 November 2025 and 25 November 2025. IOM DTM Yemen - 07 October 2025",,Conflict
225914,Yemen,YEM,14.915855,45.072370500000005,"[14.915855, 45.072370500000005]",Triangulation,Conflict,total,24,2025-11-25,2025-11-25,2025-11-25,2025,39283,Yemen: Non-International armed conflict (NIAC) - Al Bayda - 11/2025,,,2025-11-01,2025-11-30,,,,,,IOM DTM Yemen,,"Madinat Marib, Marib Governorate, Yemen; Rada'a, Al Bayda' Governorate, Yemen","15.41567, 45.303421; 14.41604, 44.84132",District/Zone/Department (ADM2); District/Zone/Department (ADM2),Destination; Origin,Displacement without preventive evacuations reported,2026-02-04T20:13:56.880237Z,"Yemen: 24 displacements, 25 November - 25 November. According to IOM DTM Yemen, a total of 4 households were displaced from Rada'a, Al Bayda' Governorate to Madinat Marib, Marib Governorate due to conflict reasons between 25 November 2025 and 25 November 2025. IOM DTM Yemen - 07 October 2025",,Conflict
225907,Yemen,YEM,14.11678,45.438187,"[14.11678, 45.438187]",Triangulation,Conflict,total,18,2025-11-23,2025-11-23,2025-11-23,2025,39271,Yemen: Non-International armed conflict (NIAC) - Al Hodeidah - 11/2025,,,2025-11-01,2025-11-30,,,,,,IOM DTM Yemen,,"At Tahaytha, Al Hudaydah Governorate, Yemen; Radum, Shabwah Governorate, Yemen","14.18356, 43.226372; 14.05, 47.650002",District/Zone/Department (ADM2); District/Zone/Department (ADM2),Origin; Destination,Displacement without preventive evacuations reported,2026-02-04T20:13:56.102960Z,"Yemen: 18 displacements, 23 November - 23 November. According to IOM DTM Yemen, a total of 3 households were displaced from At Tahaytha, Al Hudaydah Governorate to Radum, Shabwah Governorate due to conflict reasons between 23 November 2025 and 23 November 2025. IOM DTM Yemen - 07 October 2025",,Conflict
225908,Yemen,YEM,14.00556,45.808041,"[14.00556, 45.808041]",Triangulation,Conflict,total,12,2025-11-23,2025-11-23,2025-11-23,2025,39272,Yemen: Non-International armed conflict (NIAC) - Ibb - 11/2025,,,2025-11-01,2025-11-30,,,,,,IOM DTM Yemen,,"Al Udein, Ibb Governorate, Yemen; Radum, Shabwah Governorate, Yemen","13.96112, 43.96608; 14.05, 47.650002",District/Zone/Department (ADM2); District/Zone/Department (ADM2),Origin; Destination,Displacement without preventive evacuations reported,2026-02-04T20:13:56.200534Z,"Yemen: 12 displacements, 23 November - 23 November. According to IOM DTM Yemen, a total of 2 households were displaced from Al Udein, Ibb Governorate to Radum, Shabwah Governorate due to conflict reasons between 23 November 2025 and 23 November 2025. IOM DTM Yemen - 07 October 2025",,Conflict
225909,Yemen,YEM,15.04745,44.1890355,"[15.04745, 44.1890355]",Triangulation,Conflict,total,6,2025-11-23,2025-11-23,2025-11-23,2025,39271,Yemen: Non-International armed conflict (NIAC) - Al Hodeidah - 11/2025,,,2025-11-01,2025-11-30,,,,,,IOM DTM Yemen,,"Al Durayhami, Al Hudaydah Governorate, Yemen; Marib, Marib Governorate, Yemen","14.63702, 43.05505; 15.45788, 45.323021",District/Zone/Department (ADM2); District/Zone/Department (ADM2),Origin; Destination,Displacement without preventive evacuations reported,2026-02-04T20:13:56.305720Z,"Yemen: 6 displacements, 23 November - 23 November. According to IOM DTM Yemen, one household was displaced from Al Durayhami, Al Hudaydah Governorate to Marib, Marib Governorate due to conflict reasons between 23 November 2025 and 23 November 2025. IOM DTM Yemen - 07 October 2025",,Conflict
225905,Yemen,YEM,14.878475,44.8512365,"[14.878475, 44.8512365]",Triangulation,Conflict,total,6,2025-11-22,2025-11-22,2025-11-22,2025,39272,Yemen: Non-International armed conflict (NIAC) - Ibb - 11/2025,,,2025-11-01,2025-11-30,,,,,,IOM DTM Yemen,,"Marib, Marib Governorate, Yemen; Yarim, Ibb Governorate, Yemen","15.45788, 45.323021; 14.29907, 44.379452",District/Zone/Department (ADM2); District/Zone/Department (ADM2),Destination; Origin,Displacement without preventive evacuations reported,2026-02-04T20:13:55.920798Z,"Yemen: 6 displacements, 22 November - 22 November. According to IOM DTM Yemen, one household was displaced from Yarim, Ibb Governorate to Marib, Marib Governorate due to conflict reasons between 22 November 2025 and 22 November 2025. IOM DTM Yemen - 07 October 2025",,Conflict
225906,Yemen,YEM,14.29486,44.5166205,"[14.29486, 44.5166205]",Triangulation,Conflict,total,18,2025-11-22,2025-11-22,2025-11-22,2025,39275,Yemen: Non-International armed conflict (NIAC) - Taiz - 11/2025,,,2025-11-01,2025-11-30,,,,,,IOM DTM Yemen,,"Al Waziiyah, Ta'izz Governorate, Yemen; Madinat Marib, Marib Governorate, Yemen","13.17405, 43.72982; 15.41567, 45.303421",District/Zone/Department (ADM2); District/Zone/Department (ADM2),Origin; Destination,Displacement without preventive evacuations reported,2026-02-04T20:13:56.015413Z,"Yemen: 18 displacements, 22 November - 22 November. According to IOM DTM Yemen, a total of 3 households were displaced from Al Waziiyah, Ta'izz Governorate to Madinat Marib, Marib Governorate due to conflict reasons between 22 November 2025 and 22 November 2025. IOM DTM Yemen - 07 October 2025",,Conflict
225891,Yemen,YEM,14.05763,43.3547365,"[14.05763, 43.3547365]",Triangulation,Conflict,total,18,2025-11-22,2025-11-22,2025-11-22,2025,39271,Yemen: Non-International armed conflict (NIAC) - Al Hodeidah - 11/2025,,,2025-11-01,2025-11-30,,,,,,IOM DTM Yemen,,"At Tahaytha, Al Hudaydah Governorate, Yemen; Hays, Al Hudaydah Governorate, Yemen","14.18356, 43.226372; 13.9317, 43.483101",District/Zone/Department (ADM2); District/Zone/Department (ADM2),Origin; Destination,Displacement without preventive evacuations reported,2026-02-04T20:13:54.601311Z,"Yemen: 18 displacements, 22 November - 22 November. According to IOM DTM Yemen, a total of 3 households were displaced from At Tahaytha, Al Hudaydah Governorate to Hays, Al Hudaydah Governorate due to conflict reasons between 22 November 2025 and 22 November 2025. IOM DTM Yemen - 07 October 2025",,Conflict
225903,Yemen,YEM,13.79938,44.0857145,"[13.79938, 44.0857145]",Triangulation,Conflict,total,6,2025-11-21,2025-11-21,2025-11-21,2025,39272,Yemen: Non-International armed conflict (NIAC) - Ibb - 11/2025,,,2025-11-01,2025-11-30,,,,,,IOM DTM Yemen,,"Al Qahirah, Ta'izz Governorate, Yemen; Ibb, Ibb Governorate, Yemen","13.5652, 44.01635; 14.03356, 44.155079",District/Zone/Department (ADM2); District/Zone/Department (ADM2),Destination; Origin,Displacement without preventive evacuations reported,2026-02-04T20:13:55.752107Z,"Yemen: 6 displacements, 21 November - 21 November. According to IOM DTM Yemen, one household was displaced from Ibb, Ibb Governorate to Al Qahirah, Ta'izz Governorate due to conflict reasons between 21 November 2025 and 21 November 2025. IOM DTM Yemen - 07 October 2025",,Conflict
225904,Yemen,YEM,13.730195,44.049169500000005,"[13.730195, 44.049169500000005]",Triangulation,Conflict,total,18,2025-11-21,2025-11-21,2025-11-21,2025,39272,Yemen: Non-International armed conflict (NIAC) - Ibb - 11/2025,,,2025-11-01,2025-11-30,,,,,,IOM DTM Yemen,,"Al Madahif, Ta'izz Governorate, Yemen; Ibb, Ibb Governorate, Yemen","13.42683, 43.94326; 14.03356, 44.155079",District/Zone/Department (ADM2); District/Zone/Department (ADM2),Destination; Origin,Displacement without preventive evacuations reported,2026-02-04T20:13:55.825115Z,"Yemen: 18 displacements, 21 November - 21 November. According to IOM DTM Yemen, a total of 3 households were displaced from Ibb, Ibb Governorate to Al Madahif, Ta'izz Governorate due to conflict reasons between 21 November 2025 and 21 November 2025. IOM DTM Yemen - 07 October 2025",,Conflict
225901,Yemen,YEM,15.483425,44.7831745,"[15.483425, 44.7831745]",Triangulation,Conflict,total,6,2025-11-21,2025-11-21,2025-11-21,2025,39279,Yemen: Non-International armed conflict (NIAC) - Sanaa City - 11/2025,,,2025-11-01,2025-11-30,,,,,,IOM DTM Yemen,,"Bani AlHareth District, Amanat Al Asimah, Yemen; Marib, Marib Governorate, Yemen","15.50897, 44.243328; 15.45788, 45.323021",District/Zone/Department (ADM2); District/Zone/Department (ADM2),Origin; Destination,Displacement without preventive evacuations reported,2026-02-04T20:13:55.588766Z,"Yemen: 6 displacements, 21 November - 21 November. According to IOM DTM Yemen, one household was displaced from Bani AlHareth District, Amanat Al Asimah to Marib, Marib Governorate due to conflict reasons between 21 November 2025 and 21 November 2025. IOM DTM Yemen - 07 October 2025",,Conflict
225902,Yemen,YEM,13.96899,43.367990500000005,"[13.96899, 43.367990500000005]",Triangulation,Conflict,total,12,2025-11-21,2025-11-21,2025-11-21,2025,39271,Yemen: Non-International armed conflict (NIAC) - Al Hodeidah - 11/2025,,,2025-11-01,2025-11-30,,,,,,IOM DTM Yemen,,"Al Jarrahi, Al Hudaydah Governorate, Yemen; Al Khawkhah, Al Hudaydah Governorate, Yemen","14.13242, 43.388599; 13.80556, 43.347382",District/Zone/Department (ADM2); District/Zone/Department (ADM2),Origin; Destination,Displacement without preventive evacuations reported,2026-02-04T20:13:55.673778Z,"Yemen: 12 displacements, 21 November - 21 November. According to IOM DTM Yemen, a total of 2 households were displaced from Al Jarrahi, Al Hudaydah Governorate to Al Khawkhah, Al Hudaydah Governorate due to conflict reasons between 21 November 2025 and 21 November 2025. IOM DTM Yemen - 07 October 2025",,Conflict
225900,Yemen,YEM,15.27246,45.2951165,"[15.27246, 45.2951165]",Triangulation,Conflict,total,6,2025-11-20,2025-11-20,2025-11-20,2025,39273,Yemen: Non-International armed conflict (NIAC) - Marib - 11/2025,,,2025-11-01,2025-11-30,,,,,,IOM DTM Yemen,,"Al Jubah, Marib Governorate, Yemen; Madinat Marib, Marib Governorate, Yemen","15.12925, 45.286812; 15.41567, 45.303421",District/Zone/Department (ADM2); District/Zone/Department (ADM2),Origin; Destination,Displacement without preventive evacuations reported,2026-02-04T20:13:55.491447Z,"Yemen: 6 displacements, 20 November - 20 November. According to IOM DTM Yemen, one household was displaced from Al Jubah, Marib Governorate to Madinat Marib, Marib Governorate due to conflict reasons between 20 November 2025 and 20 November 2025. IOM DTM Yemen - 07 October 2025",,Conflict
225897,Yemen,YEM,13.7041,44.09486,"[13.7041, 44.09486]",Triangulation,Conflict,total,12,2025-11-20,2025-11-20,2025-11-20,2025,39272,Yemen: Non-International armed conflict (NIAC) - Ibb - 11/2025,,,2025-11-01,2025-11-30,,,,,,IOM DTM Yemen,,"Al Qahirah, Ta'izz Governorate, Yemen; As Sayyani, Ibb Governorate, Yemen","13.5652, 44.01635; 13.843, 44.17337",District/Zone/Department (ADM2); District/Zone/Department (ADM2),Destination; Origin,Displacement without preventive evacuations reported,2026-02-04T20:13:55.205546Z,"Yemen: 12 displacements, 20 November - 20 November. According to IOM DTM Yemen, a total of 2 households were displaced from As Sayyani, Ibb Governorate to Al Qahirah, Ta'izz Governorate due to conflict reasons between 20 November 2025 and 20 November 2025. IOM DTM Yemen - 07 October 2025",,Conflict
225898,Yemen,YEM,14.31665,43.128632,"[14.31665, 43.128632]",Triangulation,Conflict,total,12,2025-11-20,2025-11-20,2025-11-20,2025,39271,Yemen: Non-International armed conflict (NIAC) - Al Hodeidah - 11/2025,,,2025-11-01,2025-11-30,,,,,,IOM DTM Yemen,,"Al Khawkhah, Al Hudaydah Governorate, Yemen; Al Mina, Al Hudaydah Governorate, Yemen","13.80556, 43.347382; 14.82774, 42.909882",District/Zone/Department (ADM2); District/Zone/Department (ADM2),Destination; Origin,Displacement without preventive evacuations reported,2026-02-04T20:13:55.303063Z,"Yemen: 12 displacements, 20 November - 20 November. According to IOM DTM Yemen, a total of 2 households were displaced from Al Mina, Al Hudaydah Governorate to Al Khawkhah, Al Hudaydah Governorate due to conflict reasons between 20 November 2025 and 20 November 2025. IOM DTM Yemen - 07 October 2025",,Conflict
225899,Yemen,YEM,13.74234,44.068806,"[13.74234, 44.068806]",Triangulation,Conflict,total,12,2025-11-20,2025-11-20,2025-11-20,2025,39272,Yemen: Non-International armed conflict (NIAC) - Ibb - 11/2025,,,2025-11-01,2025-11-30,,,,,,IOM DTM Yemen,,"Al Qahirah, Ta'izz Governorate, Yemen; Jiblah, Ibb Governorate, Yemen","13.5652, 44.01635; 13.91948, 44.121262",District/Zone/Department (ADM2); District/Zone/Department (ADM2),Destination; Origin,Displacement without preventive evacuations reported,2026-02-04T20:13:55.414067Z,"Yemen: 12 displacements, 20 November - 20 November. According to IOM DTM Yemen, a total of 2 households were displaced from Jiblah, Ibb Governorate to Al Qahirah, Ta'izz Governorate due to conflict reasons between 20 November 2025 and 20 November 2025. IOM DTM Yemen - 07 October 2025",,Conflict
225896,Yemen,YEM,13.99456,43.286877000000004,"[13.99456, 43.286877000000004]",Triangulation,Conflict,total,6,2025-11-19,2025-11-19,2025-11-19,2025,39271,Yemen: Non-International armed conflict (NIAC) - Al Hodeidah - 11/2025,,,2025-11-01,2025-11-30,,,,,,IOM DTM Yemen,,"Al Khawkhah, Al Hudaydah Governorate, Yemen; At Tahaytha, Al Hudaydah Governorate, Yemen","13.80556, 43.347382; 14.18356, 43.226372",District/Zone/Department (ADM2); District/Zone/Department (ADM2),Destination; Origin,Displacement without preventive evacuations reported,2026-02-04T20:13:55.114991Z,"Yemen: 6 displacements, 19 November - 19 November. According to IOM DTM Yemen, one household was displaced from At Tahaytha, Al Hudaydah Governorate to Al Khawkhah, Al Hudaydah Governorate due to conflict reasons between 19 November 2025 and 19 November 2025. IOM DTM Yemen - 07 October 2025",,Conflict
225889,Yemen,YEM,13.85245,44.703499,"[13.85245, 44.703499]",Triangulation,Conflict,total,36,2025-11-19,2025-11-19,2025-11-19,2025,39270,Yemen: Non-International armed conflict (NIAC) - Ad Dali - 11/2025,,,2025-11-01,2025-11-30,,,,,,IOM DTM Yemen,,"Qa'atabah, Ad Dali' Governorate, Yemen","13.85245, 44.703499",District/Zone/Department (ADM2),Origin and destination,Displacement without preventive evacuations reported,2026-02-04T19:36:48.222941Z,"Yemen: 36 displacements, 19 November - 19 November. According to IOM DTM Yemen, a total of 6 households were displaced from Qa'atabah, Ad Dali' Governorate to Qa'atabah, Ad Dali' Governorate due to conflict reasons between 19 November 2025 and 19 November 2025. IOM DTM Yemen - 07 October 2025",,Conflict
225885,Yemen,YEM,14.67624,45.989195,"[14.67624, 45.989195]",Triangulation,Conflict,total,18,2025-11-18,2025-11-18,2025-11-18,2025,39271,Yemen: Non-International armed conflict (NIAC) - Al Hodeidah - 11/2025,,,2025-11-01,2025-11-30,,,,,,IOM DTM Yemen,,"Al Mina, Al Hudaydah Governorate, Yemen; Mukalla City District, Hadramaut Governorate, Yemen","14.82774, 42.909882; 14.52474, 49.068508",District/Zone/Department (ADM2); District/Zone/Department (ADM2),Origin; Destination,Displacement without preventive evacuations reported,2026-02-04T19:36:47.988534Z,"Yemen: 18 displacements, 18 November - 18 November. According to IOM DTM Yemen, a total of 3 households were displaced from Al Mina, Al Hudaydah Governorate to Mukalla City District, Hadramaut Governorate due to conflict reasons between 18 November 2025 and 18 November 2025. IOM DTM Yemen - 07 October 2025",,Conflict
225886,Yemen,YEM,14.915855,45.072370500000005,"[14.915855, 45.072370500000005]",Triangulation,Conflict,total,6,2025-11-18,2025-11-18,2025-11-18,2025,39283,Yemen: Non-International armed conflict (NIAC) - Al Bayda - 11/2025,,,2025-11-01,2025-11-30,,,,,,IOM DTM Yemen,,"Madinat Marib, Marib Governorate, Yemen; Rada'a, Al Bayda' Governorate, Yemen","15.41567, 45.303421; 14.41604, 44.84132",District/Zone/Department (ADM2); District/Zone/Department (ADM2),Destination; Origin,Displacement without preventive evacuations reported,2026-02-04T19:36:48.047481Z,"Yemen: 6 displacements, 18 November - 18 November. According to IOM DTM Yemen, one household was displaced from Rada'a, Al Bayda' Governorate to Madinat Marib, Marib Governorate due to conflict reasons between 18 November 2025 and 18 November 2025. IOM DTM Yemen - 07 October 2025",,Conflict
225887,Yemen,YEM,13.546175000000002,43.869011,"[13.546175000000002, 43.869011]",Triangulation,Conflict,total,18,2025-11-18,2025-11-18,2025-11-18,2025,39275,Yemen: Non-International armed conflict (NIAC) - Taiz - 11/2025,,,2025-11-01,2025-11-30,,,,,,IOM DTM Yemen,,"Al Makhaf, Ta'izz Governorate, Yemen; Maqbanah, Ta'izz Governorate, Yemen","13.43171, 44.052071; 13.66064, 43.685951",District/Zone/Department (ADM2); District/Zone/Department (ADM2),Destination; Origin,Displacement without preventive evacuations reported,2026-02-04T19:36:48.099923Z,"Yemen: 18 displacements, 18 November - 18 November. According to IOM DTM Yemen, a total of 3 households were displaced from Maqbanah, Ta'izz Governorate to Al Makhaf, Ta'izz Governorate due to conflict reasons between 18 November 2025 and 18 November 2025. IOM DTM Yemen - 07 October 2025",,Conflict
225888,Yemen,YEM,13.82471,44.700849500000004,"[13.82471, 44.700849500000004]",Triangulation,Conflict,total,30,2025-11-18,2025-11-18,2025-11-18,2025,39270,Yemen: Non-International armed conflict (NIAC) - Ad Dali - 11/2025,,,2025-11-01,2025-11-30,,,,,,IOM DTM Yemen,,"Ad Dala, Ad Dali' Governorate, Yemen; Qa'atabah, Ad Dali' Governorate, Yemen","13.79697, 44.6982; 13.85245, 44.703499",District/Zone/Department (ADM2); District/Zone/Department (ADM2),Destination; Origin,Displacement without preventive evacuations reported,2026-02-04T19:36:48.152259Z,"Yemen: 30 displacements, 18 November - 18 November. According to IOM DTM Yemen, a total of 5 households were displaced from Qa'atabah, Ad Dali' Governorate to Ad Dala, Ad Dali' Governorate due to conflict reasons between 18 November 2025 and 18 November 2025. IOM DTM Yemen - 07 October 2025",,Conflict
225892,Yemen,YEM,13.7041,44.09486,"[13.7041, 44.09486]",Triangulation,Conflict,total,24,2025-11-18,2025-11-18,2025-11-18,2025,39272,Yemen: Non-International armed conflict (NIAC) - Ibb - 11/2025,,,2025-11-01,2025-11-30,,,,,,IOM DTM Yemen,,"Al Qahirah, Ta'izz Governorate, Yemen; As Sayyani, Ibb Governorate, Yemen","13.5652, 44.01635; 13.843, 44.17337",District/Zone/Department (ADM2); District/Zone/Department (ADM2),Destination; Origin,Displacement without preventive evacuations reported,2026-02-04T20:13:54.705276Z,"Yemen: 24 displacements, 18 November - 18 November. According to IOM DTM Yemen, a total of 4 households were displaced from As Sayyani, Ibb Governorate to Al Qahirah, Ta'izz Governorate due to conflict reasons between 18 November 2025 and 18 November 2025. IOM DTM Yemen - 07 October 2025",,Conflict
225893,Yemen,YEM,13.29166,44.7399255,"[13.29166, 44.7399255]",Triangulation,Conflict,total,6,2025-11-18,2025-11-18,2025-11-18,2025,39275,Yemen: Non-International armed conflict (NIAC) - Taiz - 11/2025,,,2025-11-01,2025-11-30,,,,,,IOM DTM Yemen,,"Sabir al Mawadim, Ta'izz Governorate, Yemen; Zinjibar District, Abyan Governorate, Yemen","13.47797, 44.080631; 13.10535, 45.39922",District/Zone/Department (ADM2); District/Zone/Department (ADM2),Origin; Destination,Displacement without preventive evacuations reported,2026-02-04T20:13:54.848589Z,"Yemen: 6 displacements, 18 November - 18 November. According to IOM DTM Yemen, one household was displaced from Sabir al Mawadim, Ta'izz Governorate to Zinjibar District, Abyan Governorate due to conflict reasons between 18 November 2025 and 18 November 2025. IOM DTM Yemen - 07 October 2025",,Conflict
225894,Yemen,YEM,13.382995000000001,44.5425855,"[13.382995000000001, 44.5425855]",Triangulation,Conflict,total,6,2025-11-18,2025-11-18,2025-11-18,2025,39275,Yemen: Non-International armed conflict (NIAC) - Taiz - 11/2025,,,2025-11-01,2025-11-30,,,,,,IOM DTM Yemen,,"Maqbanah, Ta'izz Governorate, Yemen; Zinjibar District, Abyan Governorate, Yemen","13.66064, 43.685951; 13.10535, 45.39922",District/Zone/Department (ADM2); District/Zone/Department (ADM2),Origin; Destination,Displacement without preventive evacuations reported,2026-02-04T20:13:54.937569Z,"Yemen: 6 displacements, 18 November - 18 November. According to IOM DTM Yemen, one household was displaced from Maqbanah, Ta'izz Governorate to Zinjibar District, Abyan Governorate due to conflict reasons between 18 November 2025 and 18 November 2025. IOM DTM Yemen - 07 October 2025",,Conflict
225895,Yemen,YEM,13.43158,44.583200500000004,"[13.43158, 44.583200500000004]",Triangulation,Conflict,total,6,2025-11-18,2025-11-18,2025-11-18,2025,39275,Yemen: Non-International armed conflict (NIAC) - Taiz - 11/2025,,,2025-11-01,2025-11-30,,,,,,IOM DTM Yemen,,"Sharab ar Rawnah, Ta'izz Governorate, Yemen; Zinjibar District, Abyan Governorate, Yemen","13.75781, 43.767181; 13.10535, 45.39922",District/Zone/Department (ADM2); District/Zone/Department (ADM2),Origin; Destination,Displacement without preventive evacuations reported,2026-02-04T20:13:55.032677Z,"Yemen: 6 displacements, 18 November - 18 November. According to IOM DTM Yemen, one household was displaced from Sharab ar Rawnah, Ta'izz Governorate to Zinjibar District, Abyan Governorate due to conflict reasons between 18 November 2025 and 18 November 2025. IOM DTM Yemen - 07 October 2025",,Conflict
225884,Yemen,YEM,14.03206,43.43585,"[14.03206, 43.43585]",Triangulation,Conflict,total,6,2025-11-17,2025-11-17,2025-11-17,2025,39271,Yemen: Non-International armed conflict (NIAC) - Al Hodeidah - 11/2025,,,2025-11-01,2025-11-30,,,,,,IOM DTM Yemen,,"Al Jarrahi, Al Hudaydah Governorate, Yemen; Hays, Al Hudaydah Governorate, Yemen","14.13242, 43.388599; 13.9317, 43.483101",District/Zone/Department (ADM2); District/Zone/Department (ADM2),Origin; Destination,Displacement without preventive evacuations reported,2026-02-04T19:36:47.932891Z,"Yemen: 6 displacements, 17 November - 17 November. According to IOM DTM Yemen, one household was displaced from Al Jarrahi, Al Hudaydah Governorate to Hays, Al Hudaydah Governorate due to conflict reasons between 17 November 2025 and 17 November 2025. IOM DTM Yemen - 07 October 2025",,Conflict
225883,Yemen,YEM,13.546175000000002,43.869011,"[13.546175000000002, 43.869011]",Triangulation,Conflict,total,6,2025-11-17,2025-11-17,2025-11-17,2025,39275,Yemen: Non-International armed conflict (NIAC) - Taiz - 11/2025,,,2025-11-01,2025-11-30,,,,,,IOM DTM Yemen,,"Al Makhaf, Ta'izz Governorate, Yemen; Maqbanah, Ta'izz Governorate, Yemen","13.43171, 44.052071; 13.66064, 43.685951",District/Zone/Department (ADM2); District/Zone/Department (ADM2),Destination; Origin,Displacement without preventive evacuations reported,2026-02-04T19:36:47.879587Z,"Yemen: 6 displacements, 17 November - 17 November. According to IOM DTM Yemen, one household was displaced from Maqbanah, Ta'izz Governorate to Al Makhaf, Ta'izz Governorate due to conflict reasons between 17 November 2025 and 17 November 2025. IOM DTM Yemen - 07 October 2025",,Conflict
225882,Yemen,YEM,15.70197,44.628456,"[15.70197, 44.628456]",Triangulation,Conflict,total,6,2025-11-16,2025-11-16,2025-11-16,2025,39286,Yemen: Non-International armed conflict (NIAC) - Amran - 11/2025,,,2025-11-01,2025-11-30,,,,,,IOM DTM Yemen,,"Khamir, Amran Governorate, Yemen; Madinat Marib, Marib Governorate, Yemen","15.98827, 43.953491; 15.41567, 45.303421",District/Zone/Department (ADM2); District/Zone/Department (ADM2),Origin; Destination,Displacement without preventive evacuations reported,2026-02-04T19:36:47.825510Z,"Yemen: 6 displacements, 16 November - 16 November. According to IOM DTM Yemen, one household was displaced from Khamir, Amran Governorate to Madinat Marib, Marib Governorate due to conflict reasons between 16 November 2025 and 16 November 2025. IOM DTM Yemen - 07 October 2025",,Conflict
225881,Yemen,YEM,15.55565,44.2124805,"[15.55565, 44.2124805]",Triangulation,Conflict,total,6,2025-11-16,2025-11-16,2025-11-16,2025,39271,Yemen: Non-International armed conflict (NIAC) - Al Hodeidah - 11/2025,,,2025-11-01,2025-11-30,,,,,,IOM DTM Yemen,,"Bajilah, Al Hudaydah Governorate, Yemen; Marib, Marib Governorate, Yemen","15.65342, 43.10194; 15.45788, 45.323021",District/Zone/Department (ADM2); District/Zone/Department (ADM2),Origin; Destination,Displacement without preventive evacuations reported,2026-02-04T19:36:47.770970Z,"Yemen: 6 displacements, 16 November - 16 November. According to IOM DTM Yemen, one household was displaced from Bajilah, Al Hudaydah Governorate to Marib, Marib Governorate due to conflict reasons between 16 November 2025 and 16 November 2025. IOM DTM Yemen - 07 October 2025",,Conflict
225880,Yemen,YEM,15.15686,44.2597715,"[15.15686, 44.2597715]",Triangulation,Conflict,total,6,2025-11-16,2025-11-16,2025-11-16,2025,39271,Yemen: Non-International armed conflict (NIAC) - Al Hodeidah - 11/2025,,,2025-11-01,2025-11-30,,,,,,IOM DTM Yemen,,"Al Marawiah, Al Hudaydah Governorate, Yemen; Marib, Marib Governorate, Yemen","14.85584, 43.196522; 15.45788, 45.323021",District/Zone/Department (ADM2); District/Zone/Department (ADM2),Origin; Destination,Displacement without preventive evacuations reported,2026-02-04T19:36:47.714969Z,"Yemen: 6 displacements, 16 November - 16 November. According to IOM DTM Yemen, one household was displaced from Al Marawiah, Al Hudaydah Governorate to Marib, Marib Governorate due to conflict reasons between 16 November 2025 and 16 November 2025. IOM DTM Yemen - 07 October 2025",,Conflict
225877,Yemen,YEM,14.915855,45.072370500000005,"[14.915855, 45.072370500000005]",Triangulation,Conflict,total,6,2025-11-15,2025-11-15,2025-11-15,2025,39283,Yemen: Non-International armed conflict (NIAC) - Al Bayda - 11/2025,,,2025-11-01,2025-11-30,,,,,,IOM DTM Yemen,,"Madinat Marib, Marib Governorate, Yemen; Rada'a, Al Bayda' Governorate, Yemen","15.41567, 45.303421; 14.41604, 44.84132",District/Zone/Department (ADM2); District/Zone/Department (ADM2),Destination; Origin,Displacement without preventive evacuations reported,2026-02-04T19:36:47.552274Z,"Yemen: 6 displacements, 15 November - 15 November. According to IOM DTM Yemen, one household was displaced from Rada'a, Al Bayda' Governorate to Madinat Marib, Marib Governorate due to conflict reasons between 15 November 2025 and 15 November 2025. IOM DTM Yemen - 07 October 2025",,Conflict
225879,Yemen,YEM,13.584340000000001,43.948736499999995,"[13.584340000000001, 43.948736499999995]",Triangulation,Conflict,total,18,2025-11-15,2025-11-15,2025-11-15,2025,39275,Yemen: Non-International armed conflict (NIAC) - Taiz - 11/2025,,,2025-11-01,2025-11-30,,,,,,IOM DTM Yemen,,"At Taizziyah, Ta'izz Governorate, Yemen; Jabal Habashi, Ta'izz Governorate, Yemen","13.69479, 44.009411; 13.47389, 43.888062",District/Zone/Department (ADM2); District/Zone/Department (ADM2),Origin; Destination,Displacement without preventive evacuations reported,2026-02-04T19:36:47.661514Z,"Yemen: 18 displacements, 15 November - 15 November. According to IOM DTM Yemen, a total of 3 households were displaced from At Taizziyah, Ta'izz Governorate to Jabal Habashi, Ta'izz Governorate due to conflict reasons between 15 November 2025 and 15 November 2025. IOM DTM Yemen - 07 October 2025",,Conflict
225878,Yemen,YEM,14.629335000000001,44.738395499999996,"[14.629335000000001, 44.738395499999996]",Triangulation,Conflict,total,12,2025-11-15,2025-11-15,2025-11-15,2025,39272,Yemen: Non-International armed conflict (NIAC) - Ibb - 11/2025,,,2025-11-01,2025-11-30,,,,,,IOM DTM Yemen,,"As Sayyani, Ibb Governorate, Yemen; Madinat Marib, Marib Governorate, Yemen","13.843, 44.17337; 15.41567, 45.303421",District/Zone/Department (ADM2); District/Zone/Department (ADM2),Origin; Destination,Displacement without preventive evacuations reported,2026-02-04T19:36:47.607302Z,"Yemen: 12 displacements, 15 November - 15 November. According to IOM DTM Yemen, a total of 2 households were displaced from As Sayyani, Ibb Governorate to Madinat Marib, Marib Governorate due to conflict reasons between 15 November 2025 and 15 November 2025. IOM DTM Yemen - 07 October 2025",,Conflict
225876,Yemen,YEM,15.576084999999999,44.920576,"[15.576084999999999, 44.920576]",Triangulation,Conflict,total,6,2025-11-14,2025-11-14,2025-11-14,2025,39284,Yemen: Non-International armed conflict (NIAC) - Sanaa - 11/2025,,,2025-11-01,2025-11-30,,,,,,IOM DTM Yemen,,"Madinat Marib, Marib Governorate, Yemen; Nihm District, Sana'a Governorate, Yemen","15.41567, 45.303421; 15.7365, 44.537731",District/Zone/Department (ADM2); District/Zone/Department (ADM2),Destination; Origin,Displacement without preventive evacuations reported,2026-02-04T19:36:47.494416Z,"Yemen: 6 displacements, 14 November - 14 November. According to IOM DTM Yemen, one household was displaced from Nihm District, Sana'a Governorate to Madinat Marib, Marib Governorate due to conflict reasons between 14 November 2025 and 14 November 2025. IOM DTM Yemen - 07 October 2025",,Conflict
225869,Yemen,YEM,14.387885,44.797596,"[14.387885, 44.797596]",Triangulation,Conflict,total,12,2025-11-13,2025-11-13,2025-11-13,2025,39275,Yemen: Non-International armed conflict (NIAC) - Taiz - 11/2025,,,2025-11-01,2025-11-30,,,,,,IOM DTM Yemen,,"Hefan, Ta'izz Governorate, Yemen; Marib, Marib Governorate, Yemen","13.31789, 44.272171; 15.45788, 45.323021",District/Zone/Department (ADM2); District/Zone/Department (ADM2),Origin; Destination,Displacement without preventive evacuations reported,2026-02-04T19:36:47.109630Z,"Yemen: 12 displacements, 13 November - 13 November. According to IOM DTM Yemen, a total of 2 households were displaced from Hefan, Ta'izz Governorate to Marib, Marib Governorate due to conflict reasons between 13 November 2025 and 13 November 2025. IOM DTM Yemen - 07 October 2025",,Conflict
225870,Yemen,YEM,14.377805,44.0841805,"[14.377805, 44.0841805]",Triangulation,Conflict,total,6,2025-11-13,2025-11-13,2025-11-13,2025,39279,Yemen: Non-International armed conflict (NIAC) - Sanaa City - 11/2025,,,2025-11-01,2025-11-30,,,,,,IOM DTM Yemen,,"Al Madahif, Ta'izz Governorate, Yemen; Sana'a City, Yemen","13.42683, 43.94326; 15.32878, 44.225101",District/Zone/Department (ADM2); District/Zone/Department (ADM2),Destination; Origin,Displacement without preventive evacuations reported,2026-02-04T19:36:47.166868Z,"Yemen: 6 displacements, 13 November - 13 November. According to IOM DTM Yemen, one household was displaced from Sana'a City to Al Madahif, Ta'izz Governorate due to conflict reasons between 13 November 2025 and 13 November 2025. IOM DTM Yemen - 07 October 2025",,Conflict
225868,Yemen,YEM,14.915855,45.072370500000005,"[14.915855, 45.072370500000005]",Triangulation,Conflict,total,6,2025-11-13,2025-11-13,2025-11-13,2025,39283,Yemen: Non-International armed conflict (NIAC) - Al Bayda - 11/2025,,,2025-11-01,2025-11-30,,,,,,IOM DTM Yemen,,"Madinat Marib, Marib Governorate, Yemen; Rada'a, Al Bayda' Governorate, Yemen","15.41567, 45.303421; 14.41604, 44.84132",District/Zone/Department (ADM2); District/Zone/Department (ADM2),Destination; Origin,Displacement without preventive evacuations reported,2026-02-04T19:36:47.058477Z,"Yemen: 6 displacements, 13 November - 13 November. According to IOM DTM Yemen, one household was displaced from Rada'a, Al Bayda' Governorate to Madinat Marib, Marib Governorate due to conflict reasons between 13 November 2025 and 13 November 2025. IOM DTM Yemen - 07 October 2025",,Conflict
225875,Yemen,YEM,13.546175000000002,43.869011,"[13.546175000000002, 43.869011]",Triangulation,Conflict,total,18,2025-11-12,2025-11-12,2025-11-12,2025,39275,Yemen: Non-International armed conflict (NIAC) - Taiz - 11/2025,,,2025-11-01,2025-11-30,,,,,,IOM DTM Yemen,,"Al Makhaf, Ta'izz Governorate, Yemen; Maqbanah, Ta'izz Governorate, Yemen","13.43171, 44.052071; 13.66064, 43.685951",District/Zone/Department (ADM2); District/Zone/Department (ADM2),Destination; Origin,Displacement without preventive evacuations reported,2026-02-04T19:36:47.438854Z,"Yemen: 18 displacements, 12 November - 12 November. According to IOM DTM Yemen, a total of 3 households were displaced from Maqbanah, Ta'izz Governorate to Al Makhaf, Ta'izz Governorate due to conflict reasons between 12 November 2025 and 12 November 2025. IOM DTM Yemen - 07 October 2025",,Conflict
225874,Yemen,YEM,15.0495,45.260046,"[15.0495, 45.260046]",Triangulation,Conflict,total,6,2025-11-12,2025-11-12,2025-11-12,2025,39273,Yemen: Non-International armed conflict (NIAC) - Marib - 11/2025,,,2025-11-01,2025-11-30,,,,,,IOM DTM Yemen,,"Jabal Murad, Marib Governorate, Yemen; Madinat Marib, Marib Governorate, Yemen","14.68333, 45.216671; 15.41567, 45.303421",District/Zone/Department (ADM2); District/Zone/Department (ADM2),Origin; Destination,Displacement without preventive evacuations reported,2026-02-04T19:36:47.382252Z,"Yemen: 6 displacements, 12 November - 12 November. According to IOM DTM Yemen, one household was displaced from Jabal Murad, Marib Governorate to Madinat Marib, Marib Governorate due to conflict reasons between 12 November 2025 and 12 November 2025. IOM DTM Yemen - 07 October 2025",,Conflict
225867,Yemen,YEM,13.74234,44.068806,"[13.74234, 44.068806]",Triangulation,Conflict,total,6,2025-11-12,2025-11-12,2025-11-12,2025,39272,Yemen: Non-International armed conflict (NIAC) - Ibb - 11/2025,,,2025-11-01,2025-11-30,,,,,,IOM DTM Yemen,,"Al Qahirah, Ta'izz Governorate, Yemen; Jiblah, Ibb Governorate, Yemen","13.5652, 44.01635; 13.91948, 44.121262",District/Zone/Department (ADM2); District/Zone/Department (ADM2),Destination; Origin,Displacement without preventive evacuations reported,2026-02-04T19:36:47.002290Z,"Yemen: 6 displacements, 12 November - 12 November. According to IOM DTM Yemen, one household was displaced from Jiblah, Ibb Governorate to Al Qahirah, Ta'izz Governorate due to conflict reasons between 12 November 2025 and 12 November 2025. IOM DTM Yemen - 07 October 2025",,Conflict
225866,Yemen,YEM,13.79938,44.0857145,"[13.79938, 44.0857145]",Triangulation,Conflict,total,42,2025-11-12,2025-11-12,2025-11-12,2025,39272,Yemen: Non-International armed conflict (NIAC) - Ibb - 11/2025,,,2025-11-01,2025-11-30,,,,,,IOM DTM Yemen,,"Al Qahirah, Ta'izz Governorate, Yemen; Ibb, Ibb Governorate, Yemen","13.5652, 44.01635; 14.03356, 44.155079",District/Zone/Department (ADM2); District/Zone/Department (ADM2),Destination; Origin,Displacement without preventive evacuations reported,2026-02-04T19:36:46.947156Z,"Yemen: 42 displacements, 12 November - 12 November. According to IOM DTM Yemen, a total of 7 households were displaced from Ibb, Ibb Governorate to Al Qahirah, Ta'izz Governorate due to conflict reasons between 12 November 2025 and 12 November 2025. IOM DTM Yemen - 07 October 2025",,Conflict
225865,Yemen,YEM,14.5245,44.6017115,"[14.5245, 44.6017115]",Triangulation,Conflict,total,12,2025-11-12,2025-11-12,2025-11-12,2025,39275,Yemen: Non-International armed conflict (NIAC) - Taiz - 11/2025,,,2025-11-01,2025-11-30,,,,,,IOM DTM Yemen,,"As Salamah, Ta'izz Governorate, Yemen; Madinat Marib, Marib Governorate, Yemen","13.63333, 43.900002; 15.41567, 45.303421",District/Zone/Department (ADM2); District/Zone/Department (ADM2),Origin; Destination,Displacement without preventive evacuations reported,2026-02-04T19:36:46.883682Z,"Yemen: 12 displacements, 12 November - 12 November. According to IOM DTM Yemen, a total of 2 households were displaced from As Salamah, Ta'izz Governorate to Madinat Marib, Marib Governorate due to conflict reasons between 12 November 2025 and 12 November 2025. IOM DTM Yemen - 07 October 2025",,Conflict
225864,Yemen,YEM,13.745025,44.188715,"[13.745025, 44.188715]",Triangulation,Conflict,total,6,2025-11-11,2025-11-11,2025-11-11,2025,39272,Yemen: Non-International armed conflict (NIAC) - Ibb - 11/2025,,,2025-11-01,2025-11-30,,,,,,IOM DTM Yemen,,"Adh Dhira, Ibb Governorate, Yemen; Al Qahirah, Ta'izz Governorate, Yemen","13.92485, 44.36108; 13.5652, 44.01635",District/Zone/Department (ADM2); District/Zone/Department (ADM2),Origin; Destination,Displacement without preventive evacuations reported,2026-02-04T19:36:43.819768Z,"Yemen: 6 displacements, 11 November - 11 November. According to IOM DTM Yemen, one household was displaced from Adh Dhira, Ibb Governorate to Al Qahirah, Ta'izz Governorate due to conflict reasons between 11 November 2025 and 11 November 2025. IOM DTM Yemen - 07 October 2025",,Conflict
225860,Yemen,YEM,15.194165,45.345609499999995,"[15.194165, 45.345609499999995]",Triangulation,Conflict,total,6,2025-11-11,2025-11-11,2025-11-11,2025,39273,Yemen: Non-International armed conflict (NIAC) - Marib - 11/2025,,,2025-11-01,2025-11-30,,,,,,IOM DTM Yemen,,"Marib, Marib Governorate, Yemen; Qada Harib, Marib Governorate, Yemen","15.45788, 45.323021; 14.93045, 45.368198",District/Zone/Department (ADM2); District/Zone/Department (ADM2),Destination; Origin,Displacement without preventive evacuations reported,2026-02-04T19:36:43.572021Z,"Yemen: 6 displacements, 11 November - 11 November. According to IOM DTM Yemen, one household was displaced from Harib, Marib Governorate to Marib, Marib Governorate due to conflict reasons between 11 November 2025 and 11 November 2025. IOM DTM Yemen - 07 October 2025",,Conflict
225863,Yemen,YEM,13.79938,44.0857145,"[13.79938, 44.0857145]",Triangulation,Conflict,total,12,2025-11-11,2025-11-11,2025-11-11,2025,39272,Yemen: Non-International armed conflict (NIAC) - Ibb - 11/2025,,,2025-11-01,2025-11-30,,,,,,IOM DTM Yemen,,"Al Qahirah, Ta'izz Governorate, Yemen; Ibb, Ibb Governorate, Yemen","13.5652, 44.01635; 14.03356, 44.155079",District/Zone/Department (ADM2); District/Zone/Department (ADM2),Destination; Origin,Displacement without preventive evacuations reported,2026-02-04T19:36:43.762204Z,"Yemen: 12 displacements, 11 November - 11 November. According to IOM DTM Yemen, a total of 2 households were displaced from Ibb, Ibb Governorate to Al Qahirah, Ta'izz Governorate due to conflict reasons between 11 November 2025 and 11 November 2025. IOM DTM Yemen - 07 October 2025",,Conflict
225861,Yemen,YEM,13.799545,44.127634,"[13.799545, 44.127634]",Triangulation,Conflict,total,12,2025-11-11,2025-11-11,2025-11-11,2025,39271,Yemen: Non-International armed conflict (NIAC) - Al Hodeidah - 11/2025,,,2025-11-01,2025-11-30,,,,,,IOM DTM Yemen,,"Al Hauta, Lahij Governorate, Yemen; Al Jarrahi, Al Hudaydah Governorate, Yemen","13.46667, 44.866669; 14.13242, 43.388599",District/Zone/Department (ADM2); District/Zone/Department (ADM2),Destination; Origin,Displacement without preventive evacuations reported,2026-02-04T19:36:43.634015Z,"Yemen: 12 displacements, 11 November - 11 November. According to IOM DTM Yemen, a total of 2 households were displaced from Al Jarrahi, Al Hudaydah Governorate to Al Hauta, Lahij Governorate due to conflict reasons between 11 November 2025 and 11 November 2025. IOM DTM Yemen - 07 October 2025",,Conflict
225862,Yemen,YEM,13.45507,44.74107,"[13.45507, 44.74107]",Triangulation,Conflict,total,6,2025-11-11,2025-11-11,2025-11-11,2025,39285,Yemen: Non-International armed conflict (NIAC) - Lahj - 11/2025,,,2025-11-01,2025-11-30,,,,,,IOM DTM Yemen,,"Al Hauta, Lahij Governorate, Yemen; Al Musaymir, Lahij Governorate, Yemen","13.46667, 44.866669; 13.44347, 44.615471",District/Zone/Department (ADM2); District/Zone/Department (ADM2),Destination; Origin,Displacement without preventive evacuations reported,2026-02-04T19:36:43.700710Z,"Yemen: 6 displacements, 11 November - 11 November. According to IOM DTM Yemen, one household was displaced from Al Musaymir, Lahij Governorate to Al Hauta, Lahij Governorate due to conflict reasons between 11 November 2025 and 11 November 2025. IOM DTM Yemen - 07 October 2025",,Conflict
225858,Yemen,YEM,15.451805,44.684270999999995,"[15.451805, 44.684270999999995]",Triangulation,Conflict,total,6,2025-11-10,2025-11-10,2025-11-10,2025,39284,Yemen: Non-International armed conflict (NIAC) - Sanaa - 11/2025,,,2025-11-01,2025-11-30,,,,,,IOM DTM Yemen,,"Hamdan District, Sana'a Governorate, Yemen; Madinat Marib, Marib Governorate, Yemen","15.48794, 44.065121; 15.41567, 45.303421",District/Zone/Department (ADM2); District/Zone/Department (ADM2),Origin; Destination,Displacement without preventive evacuations reported,2026-02-04T19:36:43.132059Z,"Yemen: 6 displacements, 10 November - 10 November. According to IOM DTM Yemen, one household was displaced from Hamdan District, Sana'a Governorate to Madinat Marib, Marib Governorate due to conflict reasons between 10 November 2025 and 10 November 2025. IOM DTM Yemen - 07 October 2025",,Conflict
225873,Yemen,YEM,13.782065,43.720335,"[13.782065, 43.720335]",Triangulation,Conflict,total,18,2025-11-10,2025-11-10,2025-11-10,2025,39271,Yemen: Non-International armed conflict (NIAC) - Al Hodeidah - 11/2025,,,2025-11-01,2025-11-30,,,,,,IOM DTM Yemen,,"Al Jarrahi, Al Hudaydah Governorate, Yemen; Al Makhaf, Ta'izz Governorate, Yemen","14.13242, 43.388599; 13.43171, 44.052071",District/Zone/Department (ADM2); District/Zone/Department (ADM2),Origin; Destination,Displacement without preventive evacuations reported,2026-02-04T19:36:47.331481Z,"Yemen: 18 displacements, 10 November - 10 November. According to IOM DTM Yemen, a total of 3 households were displaced from Al Jarrahi, Al Hudaydah Governorate to Al Makhaf, Ta'izz Governorate due to conflict reasons between 10 November 2025 and 10 November 2025. IOM DTM Yemen - 07 October 2025",,Conflict
225859,Yemen,YEM,14.98504,45.0883005,"[14.98504, 45.0883005]",Triangulation,Conflict,total,6,2025-11-10,2025-11-10,2025-11-10,2025,39283,Yemen: Non-International armed conflict (NIAC) - Al Bayda - 11/2025,,,2025-11-01,2025-11-30,,,,,,IOM DTM Yemen,,"Al Qurayshiyah, Al Bayda' Governorate, Yemen; Marib, Marib Governorate, Yemen","14.5122, 44.85358; 15.45788, 45.323021",District/Zone/Department (ADM2); District/Zone/Department (ADM2),Origin; Destination,Displacement without preventive evacuations reported,2026-02-04T19:36:43.512528Z,"Yemen: 6 displacements, 10 November - 10 November. According to IOM DTM Yemen, one household was displaced from Al Qurayshiyah, Al Bayda' Governorate to Marib, Marib Governorate due to conflict reasons between 10 November 2025 and 10 November 2025. IOM DTM Yemen - 07 October 2025",,Conflict
225857,Yemen,YEM,15.55565,44.2124805,"[15.55565, 44.2124805]",Triangulation,Conflict,total,6,2025-11-10,2025-11-10,2025-11-10,2025,39271,Yemen: Non-International armed conflict (NIAC) - Al Hodeidah - 11/2025,,,2025-11-01,2025-11-30,,,,,,IOM DTM Yemen,,"Bajilah, Al Hudaydah Governorate, Yemen; Marib, Marib Governorate, Yemen","15.65342, 43.10194; 15.45788, 45.323021",District/Zone/Department (ADM2); District/Zone/Department (ADM2),Origin; Destination,Displacement without preventive evacuations reported,2026-02-04T19:36:43.075404Z,"Yemen: 6 displacements, 10 November - 10 November. According to IOM DTM Yemen, one household was displaced from Bajilah, Al Hudaydah Governorate to Marib, Marib Governorate due to conflict reasons between 10 November 2025 and 10 November 2025. IOM DTM Yemen - 07 October 2025",,Conflict
225855,Yemen,YEM,14.499305,44.82555,"[14.499305, 44.82555]",Triangulation,Conflict,total,6,2025-11-09,2025-11-09,2025-11-09,2025,39275,Yemen: Non-International armed conflict (NIAC) - Taiz - 11/2025,,,2025-11-01,2025-11-30,,,,,,IOM DTM Yemen,,"Madinat Marib, Marib Governorate, Yemen; Mavia, Ta'izz Governorate, Yemen","15.41567, 45.303421; 13.58294, 44.347679",District/Zone/Department (ADM2); District/Zone/Department (ADM2),Destination; Origin,Displacement without preventive evacuations reported,2026-02-04T19:36:42.955521Z,"Yemen: 6 displacements, 09 November - 09 November. According to IOM DTM Yemen, one household was displaced from Mavia, Ta'izz Governorate to Madinat Marib, Marib Governorate due to conflict reasons between 09 November 2025 and 09 November 2025. IOM DTM Yemen - 07 October 2025",,Conflict
225854,Yemen,YEM,14.951525,44.290785,"[14.951525, 44.290785]",Triangulation,Conflict,total,12,2025-11-09,2025-11-09,2025-11-09,2025,39271,Yemen: Non-International armed conflict (NIAC) - Al Hodeidah - 11/2025,,,2025-11-01,2025-11-30,,,,,,IOM DTM Yemen,,"Beit Al Faqih, Al Hudaydah Governorate, Yemen; Madinat Marib, Marib Governorate, Yemen","14.48738, 43.278149; 15.41567, 45.303421",District/Zone/Department (ADM2); District/Zone/Department (ADM2),Origin; Destination,Displacement without preventive evacuations reported,2026-02-04T19:36:42.894489Z,"Yemen: 12 displacements, 09 November - 09 November. According to IOM DTM Yemen, a total of 2 households were displaced from Beit Al Faqih, Al Hudaydah Governorate to Madinat Marib, Marib Governorate due to conflict reasons between 09 November 2025 and 09 November 2025. IOM DTM Yemen - 07 October 2025",,Conflict
225856,Yemen,YEM,13.79617,43.584526,"[13.79617, 43.584526]",Triangulation,Conflict,total,6,2025-11-09,2025-11-09,2025-11-09,2025,39275,Yemen: Non-International armed conflict (NIAC) - Taiz - 11/2025,,,2025-11-01,2025-11-30,,,,,,IOM DTM Yemen,,"Hays, Al Hudaydah Governorate, Yemen; Maqbanah, Ta'izz Governorate, Yemen","13.9317, 43.483101; 13.66064, 43.685951",District/Zone/Department (ADM2); District/Zone/Department (ADM2),Destination; Origin,Displacement without preventive evacuations reported,2026-02-04T19:36:43.019290Z,"Yemen: 6 displacements, 09 November - 09 November. According to IOM DTM Yemen, one household was displaced from Maqbanah, Ta'izz Governorate to Hays, Al Hudaydah Governorate due to conflict reasons between 09 November 2025 and 09 November 2025. IOM DTM Yemen - 07 October 2025",,Conflict
225853,Yemen,YEM,15.232445,45.3788605,"[15.232445, 45.3788605]",Triangulation,Conflict,total,12,2025-11-09,2025-11-09,2025-11-09,2025,39282,Yemen: Non-International armed conflict (NIAC) - Hajjah - 11/2025,,,2025-11-01,2025-11-30,,,,,,IOM DTM Yemen,,"Harad, Hajjah Governorate, Yemen; Radum, Shabwah Governorate, Yemen","16.41489, 43.107719; 14.05, 47.650002",District/Zone/Department (ADM2); District/Zone/Department (ADM2),Origin; Destination,Displacement without preventive evacuations reported,2026-02-04T19:36:42.833135Z,"Yemen: 12 displacements, 09 November - 09 November. According to IOM DTM Yemen, a total of 2 households were displaced from Harad, Hajjah Governorate to Radum, Shabwah Governorate due to conflict reasons between 09 November 2025 and 09 November 2025. IOM DTM Yemen - 07 October 2025",,Conflict
225852,Yemen,YEM,13.841665,45.775002,"[13.841665, 45.775002]",Triangulation,Conflict,total,6,2025-11-09,2025-11-09,2025-11-09,2025,39275,Yemen: Non-International armed conflict (NIAC) - Taiz - 11/2025,,,2025-11-01,2025-11-30,,,,,,IOM DTM Yemen,,"As Salamah, Ta'izz Governorate, Yemen; Radum, Shabwah Governorate, Yemen","13.63333, 43.900002; 14.05, 47.650002",District/Zone/Department (ADM2); District/Zone/Department (ADM2),Origin; Destination,Displacement without preventive evacuations reported,2026-02-04T19:36:42.771946Z,"Yemen: 6 displacements, 09 November - 09 November. According to IOM DTM Yemen, one household was displaced from As Salamah, Ta'izz Governorate to Radum, Shabwah Governorate due to conflict reasons between 09 November 2025 and 09 November 2025. IOM DTM Yemen - 07 October 2025",,Conflict
225849,Yemen,YEM,15.1125,44.935671,"[15.1125, 44.935671]",Triangulation,Conflict,total,6,2025-11-08,2025-11-08,2025-11-08,2025,39278,Yemen: Non-International armed conflict (NIAC) - Dhamar - 11/2025,,,2025-11-01,2025-11-30,,,,,,IOM DTM Yemen,,"Al Hada, Dhamar Governorate, Yemen; Madinat Marib, Marib Governorate, Yemen","14.80933, 44.567921; 15.41567, 45.303421",District/Zone/Department (ADM2); District/Zone/Department (ADM2),Origin; Destination,Displacement without preventive evacuations reported,2026-02-04T19:36:42.591122Z,"Yemen: 6 displacements, 08 November - 08 November. According to IOM DTM Yemen, one household was displaced from Al Hada, Dhamar Governorate to Madinat Marib, Marib Governorate due to conflict reasons between 08 November 2025 and 08 November 2025. IOM DTM Yemen - 07 October 2025",,Conflict
225851,Yemen,YEM,13.96899,43.367990500000005,"[13.96899, 43.367990500000005]",Triangulation,Conflict,total,12,2025-11-08,2025-11-08,2025-11-08,2025,39271,Yemen: Non-International armed conflict (NIAC) - Al Hodeidah - 11/2025,,,2025-11-01,2025-11-30,,,,,,IOM DTM Yemen,,"Al Jarrahi, Al Hudaydah Governorate, Yemen; Al Khawkhah, Al Hudaydah Governorate, Yemen","14.13242, 43.388599; 13.80556, 43.347382",District/Zone/Department (ADM2); District/Zone/Department (ADM2),Origin; Destination,Displacement without preventive evacuations reported,2026-02-04T19:36:42.712110Z,"Yemen: 12 displacements, 08 November - 08 November. According to IOM DTM Yemen, a total of 2 households were displaced from Al Jarrahi, Al Hudaydah Governorate to Al Khawkhah, Al Hudaydah Governorate due to conflict reasons between 08 November 2025 and 08 November 2025. IOM DTM Yemen - 07 October 2025",,Conflict
225850,Yemen,YEM,13.86863,43.4152415,"[13.86863, 43.4152415]",Triangulation,Conflict,total,6,2025-11-08,2025-11-08,2025-11-08,2025,39271,Yemen: Non-International armed conflict (NIAC) - Al Hodeidah - 11/2025,,,2025-11-01,2025-11-30,,,,,,IOM DTM Yemen,,"Al Khawkhah, Al Hudaydah Governorate, Yemen; Hays, Al Hudaydah Governorate, Yemen","13.80556, 43.347382; 13.9317, 43.483101",District/Zone/Department (ADM2); District/Zone/Department (ADM2),Destination; Origin,Displacement without preventive evacuations reported,2026-02-04T19:36:42.649359Z,"Yemen: 6 displacements, 08 November - 08 November. According to IOM DTM Yemen, one household was displaced from Hays, Al Hudaydah Governorate to Al Khawkhah, Al Hudaydah Governorate due to conflict reasons between 08 November 2025 and 08 November 2025. IOM DTM Yemen - 07 October 2025",,Conflict
225848,Yemen,YEM,13.79617,43.584526,"[13.79617, 43.584526]",Triangulation,Conflict,total,6,2025-11-08,2025-11-08,2025-11-08,2025,39275,Yemen: Non-International armed conflict (NIAC) - Taiz - 11/2025,,,2025-11-01,2025-11-30,,,,,,IOM DTM Yemen,,"Hays, Al Hudaydah Governorate, Yemen; Maqbanah, Ta'izz Governorate, Yemen","13.9317, 43.483101; 13.66064, 43.685951",District/Zone/Department (ADM2); District/Zone/Department (ADM2),Destination; Origin,Displacement without preventive evacuations reported,2026-02-04T19:36:42.523996Z,"Yemen: 6 displacements, 08 November - 08 November. According to IOM DTM Yemen, one household was displaced from Maqbanah, Ta'izz Governorate to Hays, Al Hudaydah Governorate due to conflict reasons between 08 November 2025 and 08 November 2025. IOM DTM Yemen - 07 October 2025",,Conflict
225847,Yemen,YEM,14.283805000000001,46.651735,"[14.283805000000001, 46.651735]",Triangulation,Conflict,total,6,2025-11-08,2025-11-08,2025-11-08,2025,39275,Yemen: Non-International armed conflict (NIAC) - Taiz - 11/2025,,,2025-11-01,2025-11-30,,,,,,IOM DTM Yemen,,"Maqbanah, Ta'izz Governorate, Yemen; Shihr District, Hadramaut Governorate, Yemen","13.66064, 43.685951; 14.90697, 49.617519",District/Zone/Department (ADM2); District/Zone/Department (ADM2),Origin; Destination,Displacement without preventive evacuations reported,2026-02-04T19:36:42.448084Z,"Yemen: 6 displacements, 08 November - 08 November. According to IOM DTM Yemen, one household was displaced from Maqbanah, Ta'izz Governorate to Shihr District, Hadramaut Governorate due to conflict reasons between 08 November 2025 and 08 November 2025. IOM DTM Yemen - 07 October 2025",,Conflict
225838,Yemen,YEM,14.42369,44.677746,"[14.42369, 44.677746]",Triangulation,Conflict,total,6,2025-11-07,2025-11-07,2025-11-07,2025,39275,Yemen: Non-International armed conflict (NIAC) - Taiz - 11/2025,,,2025-11-01,2025-11-30,,,,,,IOM DTM Yemen,,"Al Makhaf, Ta'izz Governorate, Yemen; Madinat Marib, Marib Governorate, Yemen","13.43171, 44.052071; 15.41567, 45.303421",District/Zone/Department (ADM2); District/Zone/Department (ADM2),Origin; Destination,Displacement without preventive evacuations reported,2026-02-04T18:57:40.672820Z,"Yemen: 6 displacements, 07 November - 07 November. According to IOM DTM Yemen, one household was displaced from Al Makhaf, Ta'izz Governorate to Madinat Marib, Marib Governorate due to conflict reasons between 07 November 2025 and 07 November 2025. IOM DTM Yemen - 07 October 2025",,Conflict
225837,Yemen,YEM,14.673684999999999,44.393260999999995,"[14.673684999999999, 44.393260999999995]",Triangulation,Conflict,total,6,2025-11-07,2025-11-07,2025-11-07,2025,39271,Yemen: Non-International armed conflict (NIAC) - Al Hodeidah - 11/2025,,,2025-11-01,2025-11-30,,,,,,IOM DTM Yemen,,"Hays, Al Hudaydah Governorate, Yemen; Madinat Marib, Marib Governorate, Yemen","13.9317, 43.483101; 15.41567, 45.303421",District/Zone/Department (ADM2); District/Zone/Department (ADM2),Origin; Destination,Displacement without preventive evacuations reported,2026-02-04T18:57:40.600099Z,"Yemen: 6 displacements, 07 November - 07 November. According to IOM DTM Yemen, one household was displaced from Hays, Al Hudaydah Governorate to Madinat Marib, Marib Governorate due to conflict reasons between 07 November 2025 and 07 November 2025. IOM DTM Yemen - 07 October 2025",,Conflict
225839,Yemen,YEM,14.69479,44.403060999999994,"[14.69479, 44.403060999999994]",Triangulation,Conflict,total,18,2025-11-07,2025-11-07,2025-11-07,2025,39271,Yemen: Non-International armed conflict (NIAC) - Al Hodeidah - 11/2025,,,2025-11-01,2025-11-30,,,,,,IOM DTM Yemen,,"Hays, Al Hudaydah Governorate, Yemen; Marib, Marib Governorate, Yemen","13.9317, 43.483101; 15.45788, 45.323021",District/Zone/Department (ADM2); District/Zone/Department (ADM2),Origin; Destination,Displacement without preventive evacuations reported,2026-02-04T18:57:40.796536Z,"Yemen: 18 displacements, 07 November - 07 November. According to IOM DTM Yemen, a total of 3 households were displaced from Hays, Al Hudaydah Governorate to Marib, Marib Governorate due to conflict reasons between 07 November 2025 and 07 November 2025. IOM DTM Yemen - 07 October 2025",,Conflict
225872,Yemen,YEM,13.47692,44.139385000000004,"[13.47692, 44.139385000000004]",Triangulation,Conflict,total,6,2025-11-07,2025-11-07,2025-11-07,2025,39275,Yemen: Non-International armed conflict (NIAC) - Taiz - 11/2025,,,2025-11-01,2025-11-30,,,,,,IOM DTM Yemen,,"Mavia, Ta'izz Governorate, Yemen; Salah, Ta'izz Governorate, Yemen","13.58294, 44.347679; 13.3709, 43.931091",District/Zone/Department (ADM2); District/Zone/Department (ADM2),Origin; Destination,Displacement without preventive evacuations reported,2026-02-04T19:36:47.277327Z,"Yemen: 6 displacements, 07 November - 07 November. According to IOM DTM Yemen, one household was displaced from Mavia, Ta'izz Governorate to Salah, Ta'izz Governorate due to conflict reasons between 07 November 2025 and 07 November 2025. IOM DTM Yemen - 07 October 2025",,Conflict
225871,Yemen,YEM,13.532845,43.970251000000005,"[13.532845, 43.970251000000005]",Triangulation,Conflict,total,6,2025-11-07,2025-11-07,2025-11-07,2025,39275,Yemen: Non-International armed conflict (NIAC) - Taiz - 11/2025,,,2025-11-01,2025-11-30,,,,,,IOM DTM Yemen,,"At Taizziyah, Ta'izz Governorate, Yemen; Salah, Ta'izz Governorate, Yemen","13.69479, 44.009411; 13.3709, 43.931091",District/Zone/Department (ADM2); District/Zone/Department (ADM2),Origin; Destination,Displacement without preventive evacuations reported,2026-02-04T19:36:47.224054Z,"Yemen: 6 displacements, 07 November - 07 November. According to IOM DTM Yemen, one household was displaced from At Taizziyah, Ta'izz Governorate to Salah, Ta'izz Governorate due to conflict reasons between 07 November 2025 and 07 November 2025. IOM DTM Yemen - 07 October 2025",,Conflict
225845,Yemen,YEM,13.47692,44.139385000000004,"[13.47692, 44.139385000000004]",Triangulation,Conflict,total,84,2025-11-06,2025-11-06,2025-11-06,2025,39275,Yemen: Non-International armed conflict (NIAC) - Taiz - 11/2025,,,2025-11-01,2025-11-30,,,,,,IOM DTM Yemen,,"Mavia, Ta'izz Governorate, Yemen; Salah, Ta'izz Governorate, Yemen","13.58294, 44.347679; 13.3709, 43.931091",District/Zone/Department (ADM2); District/Zone/Department (ADM2),Origin; Destination,Displacement without preventive evacuations reported,2026-02-04T19:36:42.313625Z,"Yemen: 84 displacements, 06 November - 06 November. According to IOM DTM Yemen, a total of 14 households were displaced from Mavia, Ta'izz Governorate to Salah, Ta'izz Governorate due to conflict reasons between 06 November 2025 and 06 November 2025. IOM DTM Yemen - 07 October 2025",,Conflict
225846,Yemen,YEM,13.532845,43.970251000000005,"[13.532845, 43.970251000000005]",Triangulation,Conflict,total,6,2025-11-06,2025-11-06,2025-11-06,2025,39275,Yemen: Non-International armed conflict (NIAC) - Taiz - 11/2025,,,2025-11-01,2025-11-30,,,,,,IOM DTM Yemen,,"At Taizziyah, Ta'izz Governorate, Yemen; Salah, Ta'izz Governorate, Yemen","13.69479, 44.009411; 13.3709, 43.931091",District/Zone/Department (ADM2); District/Zone/Department (ADM2),Origin; Destination,Displacement without preventive evacuations reported,2026-02-04T19:36:42.379231Z,"Yemen: 6 displacements, 06 November - 06 November. According to IOM DTM Yemen, one household was displaced from At Taizziyah, Ta'izz Governorate to Salah, Ta'izz Governorate due to conflict reasons between 06 November 2025 and 06 November 2025. IOM DTM Yemen - 07 October 2025",,Conflict
225836,Yemen,YEM,14.51154,44.6696855,"[14.51154, 44.6696855]",Triangulation,Conflict,total,6,2025-11-06,2025-11-06,2025-11-06,2025,39275,Yemen: Non-International armed conflict (NIAC) - Taiz - 11/2025,,,2025-11-01,2025-11-30,,,,,,IOM DTM Yemen,,"Al Qahirah, Ta'izz Governorate, Yemen; Marib, Marib Governorate, Yemen","13.5652, 44.01635; 15.45788, 45.323021",District/Zone/Department (ADM2); District/Zone/Department (ADM2),Origin; Destination,Displacement without preventive evacuations reported,2026-02-04T18:57:40.524623Z,"Yemen: 6 displacements, 06 November - 06 November. According to IOM DTM Yemen, one household was displaced from Al Qahirah, Ta'izz Governorate to Marib, Marib Governorate due to conflict reasons between 06 November 2025 and 06 November 2025. IOM DTM Yemen - 07 October 2025",,Conflict
225844,Yemen,YEM,13.86863,43.4152415,"[13.86863, 43.4152415]",Triangulation,Conflict,total,12,2025-11-05,2025-11-05,2025-11-05,2025,39271,Yemen: Non-International armed conflict (NIAC) - Al Hodeidah - 11/2025,,,2025-11-01,2025-11-30,,,,,,IOM DTM Yemen,,"Al Khawkhah, Al Hudaydah Governorate, Yemen; Hays, Al Hudaydah Governorate, Yemen","13.80556, 43.347382; 13.9317, 43.483101",District/Zone/Department (ADM2); District/Zone/Department (ADM2),Destination; Origin,Displacement without preventive evacuations reported,2026-02-04T19:36:42.245459Z,"Yemen: 12 displacements, 05 November - 05 November. According to IOM DTM Yemen, a total of 2 households were displaced from Hays, Al Hudaydah Governorate to Al Khawkhah, Al Hudaydah Governorate due to conflict reasons between 05 November 2025 and 05 November 2025. IOM DTM Yemen - 07 October 2025",,Conflict
225843,Yemen,YEM,13.99456,43.286877000000004,"[13.99456, 43.286877000000004]",Triangulation,Conflict,total,6,2025-11-05,2025-11-05,2025-11-05,2025,39271,Yemen: Non-International armed conflict (NIAC) - Al Hodeidah - 11/2025,,,2025-11-01,2025-11-30,,,,,,IOM DTM Yemen,,"Al Khawkhah, Al Hudaydah Governorate, Yemen; At Tahaytha, Al Hudaydah Governorate, Yemen","13.80556, 43.347382; 14.18356, 43.226372",District/Zone/Department (ADM2); District/Zone/Department (ADM2),Destination; Origin,Displacement without preventive evacuations reported,2026-02-04T19:36:42.182375Z,"Yemen: 6 displacements, 05 November - 05 November. According to IOM DTM Yemen, one household was displaced from At Tahaytha, Al Hudaydah Governorate to Al Khawkhah, Al Hudaydah Governorate due to conflict reasons between 05 November 2025 and 05 November 2025. IOM DTM Yemen - 07 October 2025",,Conflict
225842,Yemen,YEM,14.55523,44.656416,"[14.55523, 44.656416]",Triangulation,Conflict,total,6,2025-11-05,2025-11-05,2025-11-05,2025,39275,Yemen: Non-International armed conflict (NIAC) - Taiz - 11/2025,,,2025-11-01,2025-11-30,,,,,,IOM DTM Yemen,,"At Taizziyah, Ta'izz Governorate, Yemen; Madinat Marib, Marib Governorate, Yemen","13.69479, 44.009411; 15.41567, 45.303421",District/Zone/Department (ADM2); District/Zone/Department (ADM2),Origin; Destination,Displacement without preventive evacuations reported,2026-02-04T19:36:42.120692Z,"Yemen: 6 displacements, 05 November - 05 November. According to IOM DTM Yemen, one household was displaced from At Taizziyah, Ta'izz Governorate to Madinat Marib, Marib Governorate due to conflict reasons between 05 November 2025 and 05 November 2025. IOM DTM Yemen - 07 October 2025",,Conflict
225835,Yemen,YEM,15.134955000000001,44.703334999999996,"[15.134955000000001, 44.703334999999996]",Triangulation,Conflict,total,18,2025-11-05,2025-11-05,2025-11-05,2025,39278,Yemen: Non-International armed conflict (NIAC) - Dhamar - 11/2025,,,2025-11-01,2025-11-30,,,,,,IOM DTM Yemen,,"Dawran Anas, Dhamar Governorate, Yemen; Madinat Marib, Marib Governorate, Yemen","14.85424, 44.103249; 15.41567, 45.303421",District/Zone/Department (ADM2); District/Zone/Department (ADM2),Origin; Destination,Displacement without preventive evacuations reported,2026-02-04T18:57:40.457210Z,"Yemen: 18 displacements, 05 November - 05 November. According to IOM DTM Yemen, a total of 3 households were displaced from Dawran Anas, Dhamar Governorate to Madinat Marib, Marib Governorate due to conflict reasons between 05 November 2025 and 05 November 2025. IOM DTM Yemen - 07 October 2025",,Conflict
225834,Yemen,YEM,14.48976,45.929901,"[14.48976, 45.929901]",Triangulation,Conflict,total,210,2025-11-05,2025-11-05,2025-11-05,2025,39281,Yemen: Non-International armed conflict (NIAC) - Shabwah - 11/2025,,,2025-11-01,2025-11-30,,,,,,IOM DTM Yemen,,"Markhah al Ulya, Shabwah Governorate, Yemen","14.48976, 45.929901",District/Zone/Department (ADM2),Origin and destination,Displacement without preventive evacuations reported,2026-02-04T18:57:40.367626Z,"Yemen: 210 displacements, 05 November - 05 November. According to IOM DTM Yemen, a total of 35 households were displaced from Markhah al Ulya, Shabwah Governorate to Markhah al Ulya, Shabwah Governorate due to conflict reasons between 05 November 2025 and 05 November 2025. IOM DTM Yemen - 07 October 2025",,Conflict
225833,Yemen,YEM,15.1125,44.935671,"[15.1125, 44.935671]",Triangulation,Conflict,total,12,2025-11-04,2025-11-04,2025-11-04,2025,39278,Yemen: Non-International armed conflict (NIAC) - Dhamar - 11/2025,,,2025-11-01,2025-11-30,,,,,,IOM DTM Yemen,,"Al Hada, Dhamar Governorate, Yemen; Madinat Marib, Marib Governorate, Yemen","14.80933, 44.567921; 15.41567, 45.303421",District/Zone/Department (ADM2); District/Zone/Department (ADM2),Origin; Destination,Displacement without preventive evacuations reported,2026-02-04T18:57:40.299859Z,"Yemen: 12 displacements, 04 November - 04 November. According to IOM DTM Yemen, a total of 2 households were displaced from Al Hada, Dhamar Governorate to Madinat Marib, Marib Governorate due to conflict reasons between 04 November 2025 and 04 November 2025. IOM DTM Yemen - 07 October 2025",,Conflict
225832,Yemen,YEM,14.877835000000001,44.549061,"[14.877835000000001, 44.549061]",Triangulation,Conflict,total,12,2025-11-04,2025-11-04,2025-11-04,2025,39278,Yemen: Non-International armed conflict (NIAC) - Dhamar - 11/2025,,,2025-11-01,2025-11-30,,,,,,IOM DTM Yemen,,"Madinat Marib, Marib Governorate, Yemen; Wusab al Ali, Dhamar Governorate, Yemen","15.41567, 45.303421; 14.34, 43.794701",District/Zone/Department (ADM2); District/Zone/Department (ADM2),Destination; Origin,Displacement without preventive evacuations reported,2026-02-04T18:57:40.232862Z,"Yemen: 12 displacements, 04 November - 04 November. According to IOM DTM Yemen, a total of 2 households were displaced from Wusab al Ali, Dhamar Governorate to Madinat Marib, Marib Governorate due to conflict reasons between 04 November 2025 and 04 November 2025. IOM DTM Yemen - 07 October 2025",,Conflict
225841,Yemen,YEM,13.86863,43.4152415,"[13.86863, 43.4152415]",Triangulation,Conflict,total,6,2025-11-04,2025-11-04,2025-11-04,2025,39271,Yemen: Non-International armed conflict (NIAC) - Al Hodeidah - 11/2025,,,2025-11-01,2025-11-30,,,,,,IOM DTM Yemen,,"Al Khawkhah, Al Hudaydah Governorate, Yemen; Hays, Al Hudaydah Governorate, Yemen","13.80556, 43.347382; 13.9317, 43.483101",District/Zone/Department (ADM2); District/Zone/Department (ADM2),Destination; Origin,Displacement without preventive evacuations reported,2026-02-04T19:36:42.045753Z,"Yemen: 6 displacements, 04 November - 04 November. According to IOM DTM Yemen, one household was displaced from Hays, Al Hudaydah Governorate to Al Khawkhah, Al Hudaydah Governorate due to conflict reasons between 04 November 2025 and 04 November 2025. IOM DTM Yemen - 07 October 2025",,Conflict
225831,Yemen,YEM,14.979334999999999,44.85174,"[14.979334999999999, 44.85174]",Triangulation,Conflict,total,6,2025-11-04,2025-11-04,2025-11-04,2025,39278,Yemen: Non-International armed conflict (NIAC) - Dhamar - 11/2025,,,2025-11-01,2025-11-30,,,,,,IOM DTM Yemen,,"Dhamar, Dhamar Governorate, Yemen; Madinat Marib, Marib Governorate, Yemen","14.543, 44.400059; 15.41567, 45.303421",District/Zone/Department (ADM2); District/Zone/Department (ADM2),Origin; Destination,Displacement without preventive evacuations reported,2026-02-04T18:57:40.142614Z,"Yemen: 6 displacements, 04 November - 04 November. According to IOM DTM Yemen, one household was displaced from Dhamar, Dhamar Governorate to Madinat Marib, Marib Governorate due to conflict reasons between 04 November 2025 and 04 November 2025. IOM DTM Yemen - 07 October 2025",,Conflict
225840,Yemen,YEM,13.96899,43.367990500000005,"[13.96899, 43.367990500000005]",Triangulation,Conflict,total,12,2025-11-04,2025-11-04,2025-11-04,2025,39271,Yemen: Non-International armed conflict (NIAC) - Al Hodeidah - 11/2025,,,2025-11-01,2025-11-30,,,,,,IOM DTM Yemen,,"Al Jarrahi, Al Hudaydah Governorate, Yemen; Al Khawkhah, Al Hudaydah Governorate, Yemen","14.13242, 43.388599; 13.80556, 43.347382",District/Zone/Department (ADM2); District/Zone/Department (ADM2),Origin; Destination,Displacement without preventive evacuations reported,2026-02-04T19:36:41.960207Z,"Yemen: 12 displacements, 04 November - 04 November. According to IOM DTM Yemen, a total of 2 households were displaced from Al Jarrahi, Al Hudaydah Governorate to Al Khawkhah, Al Hudaydah Governorate due to conflict reasons between 04 November 2025 and 04 November 2025. IOM DTM Yemen - 07 October 2025",,Conflict
225822,Yemen,YEM,15.048079999999999,46.3674395,"[15.048079999999999, 46.3674395]",Triangulation,Conflict,total,6,2025-11-03,2025-11-03,2025-11-03,2025,39272,Yemen: Non-International armed conflict (NIAC) - Ibb - 11/2025,,,2025-11-01,2025-11-30,,,,,,IOM DTM Yemen,,"Al Udein, Ibb Governorate, Yemen; Seiyun District, Hadramaut Governorate, Yemen","13.96112, 43.96608; 16.13504, 48.768799",District/Zone/Department (ADM2); District/Zone/Department (ADM2),Origin; Destination,Displacement without preventive evacuations reported,2026-02-04T18:57:39.489184Z,"Yemen: 6 displacements, 03 November - 03 November. According to IOM DTM Yemen, one household was displaced from Al Udein, Ibb Governorate to Seiyun District, Hadramaut Governorate due to conflict reasons between 03 November 2025 and 03 November 2025. IOM DTM Yemen - 07 October 2025",,Conflict
225826,Yemen,YEM,14.741824999999999,44.6626395,"[14.741824999999999, 44.6626395]",Triangulation,Conflict,total,6,2025-11-03,2025-11-03,2025-11-03,2025,39272,Yemen: Non-International armed conflict (NIAC) - Ibb - 11/2025,,,2025-11-01,2025-11-30,,,,,,IOM DTM Yemen,,"Hazm al Udayn, Ibb Governorate, Yemen; Marib, Marib Governorate, Yemen","14.02577, 44.002258; 15.45788, 45.323021",District/Zone/Department (ADM2); District/Zone/Department (ADM2),Origin; Destination,Displacement without preventive evacuations reported,2026-02-04T18:57:39.784111Z,"Yemen: 6 displacements, 03 November - 03 November. According to IOM DTM Yemen, one household was displaced from Hazm al Udayn, Ibb Governorate to Marib, Marib Governorate due to conflict reasons between 03 November 2025 and 03 November 2025. IOM DTM Yemen - 07 October 2025",,Conflict
225823,Yemen,YEM,14.71707,46.0296895,"[14.71707, 46.0296895]",Triangulation,Conflict,total,6,2025-11-03,2025-11-03,2025-11-03,2025,39280,Yemen: Non-International armed conflict (NIAC) - Abyan - 11/2025,,,2025-11-01,2025-11-30,,,,,,IOM DTM Yemen,,"Al Mahfad District, Abyan Governorate, Yemen; Madinat Marib, Marib Governorate, Yemen","14.01847, 46.755958; 15.41567, 45.303421",District/Zone/Department (ADM2); District/Zone/Department (ADM2),Origin; Destination,Displacement without preventive evacuations reported,2026-02-04T18:57:39.563563Z,"Yemen: 6 displacements, 03 November - 03 November. According to IOM DTM Yemen, one household was displaced from Al Mahfad District, Abyan Governorate to Madinat Marib, Marib Governorate due to conflict reasons between 03 November 2025 and 03 November 2025. IOM DTM Yemen - 07 October 2025",,Conflict
225824,Yemen,YEM,15.961595500000001,44.795736500000004,"[15.961595500000001, 44.795736500000004]",Triangulation,Conflict,total,12,2025-11-03,2025-11-03,2025-11-03,2025,39276,Yemen: Non-International armed conflict (NIAC) - Al Jawf - 11/2025,,,2025-11-01,2025-11-30,,,,,,IOM DTM Yemen,,"Al Ghayl, Al Jawf Governorate, Yemen; Madinat Marib, Marib Governorate, Yemen","16.507521, 44.288052; 15.41567, 45.303421",District/Zone/Department (ADM2); District/Zone/Department (ADM2),Origin; Destination,Displacement without preventive evacuations reported,2026-02-04T18:57:39.626168Z,"Yemen: 12 displacements, 03 November - 03 November. According to IOM DTM Yemen, a total of 2 households were displaced from Al Ghayl, Al Jawf Governorate to Madinat Marib, Marib Governorate due to conflict reasons between 03 November 2025 and 03 November 2025. IOM DTM Yemen - 07 October 2025",,Conflict
225825,Yemen,YEM,14.979334999999999,44.85174,"[14.979334999999999, 44.85174]",Triangulation,Conflict,total,42,2025-11-03,2025-11-03,2025-11-03,2025,39278,Yemen: Non-International armed conflict (NIAC) - Dhamar - 11/2025,,,2025-11-01,2025-11-30,,,,,,IOM DTM Yemen,,"Dhamar, Dhamar Governorate, Yemen; Madinat Marib, Marib Governorate, Yemen","14.543, 44.400059; 15.41567, 45.303421",District/Zone/Department (ADM2); District/Zone/Department (ADM2),Origin; Destination,Displacement without preventive evacuations reported,2026-02-04T18:57:39.717866Z,"Yemen: 42 displacements, 03 November - 03 November. According to IOM DTM Yemen, a total of 7 households were displaced from Dhamar, Dhamar Governorate to Madinat Marib, Marib Governorate due to conflict reasons between 03 November 2025 and 03 November 2025. IOM DTM Yemen - 07 October 2025",,Conflict
225830,Yemen,YEM,13.730195,44.049169500000005,"[13.730195, 44.049169500000005]",Triangulation,Conflict,total,6,2025-11-03,2025-11-03,2025-11-03,2025,39272,Yemen: Non-International armed conflict (NIAC) - Ibb - 11/2025,,,2025-11-01,2025-11-30,,,,,,IOM DTM Yemen,,"Al Madahif, Ta'izz Governorate, Yemen; Ibb, Ibb Governorate, Yemen","13.42683, 43.94326; 14.03356, 44.155079",District/Zone/Department (ADM2); District/Zone/Department (ADM2),Destination; Origin,Displacement without preventive evacuations reported,2026-02-04T18:57:40.071348Z,"Yemen: 6 displacements, 03 November - 03 November. According to IOM DTM Yemen, one household was displaced from Ibb, Ibb Governorate to Al Madahif, Ta'izz Governorate due to conflict reasons between 03 November 2025 and 03 November 2025. IOM DTM Yemen - 07 October 2025",,Conflict
225828,Yemen,YEM,13.879045,44.332139999999995,"[13.879045, 44.332139999999995]",Triangulation,Conflict,total,6,2025-11-03,2025-11-03,2025-11-03,2025,39272,Yemen: Non-International armed conflict (NIAC) - Ibb - 11/2025,,,2025-11-01,2025-11-30,,,,,,IOM DTM Yemen,,"Ad Dala, Ad Dali' Governorate, Yemen; Al Udein, Ibb Governorate, Yemen","13.79697, 44.6982; 13.96112, 43.96608",District/Zone/Department (ADM2); District/Zone/Department (ADM2),Destination; Origin,Displacement without preventive evacuations reported,2026-02-04T18:57:39.935205Z,"Yemen: 6 displacements, 03 November - 03 November. According to IOM DTM Yemen, one household was displaced from Al Udein, Ibb Governorate to Ad Dala, Ad Dali' Governorate due to conflict reasons between 03 November 2025 and 03 November 2025. IOM DTM Yemen - 07 October 2025",,Conflict
225827,Yemen,YEM,13.82471,44.700849500000004,"[13.82471, 44.700849500000004]",Triangulation,Conflict,total,6,2025-11-03,2025-11-03,2025-11-03,2025,39270,Yemen: Non-International armed conflict (NIAC) - Ad Dali - 11/2025,,,2025-11-01,2025-11-30,,,,,,IOM DTM Yemen,,"Ad Dala, Ad Dali' Governorate, Yemen; Qa'atabah, Ad Dali' Governorate, Yemen","13.79697, 44.6982; 13.85245, 44.703499",District/Zone/Department (ADM2); District/Zone/Department (ADM2),Destination; Origin,Displacement without preventive evacuations reported,2026-02-04T18:57:39.860188Z,"Yemen: 6 displacements, 03 November - 03 November. According to IOM DTM Yemen, one household was displaced from Qa'atabah, Ad Dali' Governorate to Ad Dala, Ad Dali' Governorate due to conflict reasons between 03 November 2025 and 03 November 2025. IOM DTM Yemen - 07 October 2025",,Conflict
225829,Yemen,YEM,13.773485,44.5741005,"[13.773485, 44.5741005]",Triangulation,Conflict,total,6,2025-11-03,2025-11-03,2025-11-03,2025,39270,Yemen: Non-International armed conflict (NIAC) - Ad Dali - 11/2025,,,2025-11-01,2025-11-30,,,,,,IOM DTM Yemen,,"Ad Dala, Ad Dali' Governorate, Yemen; Al Husha, Ad Dali' Governorate, Yemen","13.79697, 44.6982; 13.75, 44.450001",District/Zone/Department (ADM2); District/Zone/Department (ADM2),Destination; Origin,Displacement without preventive evacuations reported,2026-02-04T18:57:39.997688Z,"Yemen: 6 displacements, 03 November - 03 November. According to IOM DTM Yemen, one household was displaced from Al Husha, Ad Dali' Governorate to Ad Dala, Ad Dali' Governorate due to conflict reasons between 03 November 2025 and 03 November 2025. IOM DTM Yemen - 07 October 2025",,Conflict
225817,Yemen,YEM,15.7517545,45.1309545,"[15.7517545, 45.1309545]",Triangulation,Conflict,total,6,2025-11-02,2025-11-02,2025-11-02,2025,39276,Yemen: Non-International armed conflict (NIAC) - Al Jawf - 11/2025,,,2025-11-01,2025-11-30,,,,,,IOM DTM Yemen,,"Al Hazm, Al Jawf Governorate, Yemen; Madinat Marib, Marib Governorate, Yemen","16.087839, 44.958488; 15.41567, 45.303421",District/Zone/Department (ADM2); District/Zone/Department (ADM2),Origin; Destination,Displacement without preventive evacuations reported,2026-02-04T18:57:39.013239Z,"Yemen: 6 displacements, 02 November - 02 November. According to IOM DTM Yemen, one household was displaced from Al Hazm, Al Jawf Governorate to Madinat Marib, Marib Governorate due to conflict reasons between 02 November 2025 and 02 November 2025. IOM DTM Yemen - 07 October 2025",,Conflict
225816,Yemen,YEM,15.384644999999999,44.751476499999995,"[15.384644999999999, 44.751476499999995]",Triangulation,Conflict,total,6,2025-11-02,2025-11-02,2025-11-02,2025,39279,Yemen: Non-International armed conflict (NIAC) - Sanaa City - 11/2025,,,2025-11-01,2025-11-30,,,,,,IOM DTM Yemen,,"At Tahrir District, Amanat Al Asimah, Yemen; Madinat Marib, Marib Governorate, Yemen","15.35362, 44.199532; 15.41567, 45.303421",District/Zone/Department (ADM2); District/Zone/Department (ADM2),Origin; Destination,Displacement without preventive evacuations reported,2026-02-04T18:57:38.907329Z,"Yemen: 6 displacements, 02 November - 02 November. According to IOM DTM Yemen, one household was displaced from At Tahrir District, Amanat Al Asimah to Madinat Marib, Marib Governorate due to conflict reasons between 02 November 2025 and 02 November 2025. IOM DTM Yemen - 07 October 2025",,Conflict
225818,Yemen,YEM,13.99456,43.286877000000004,"[13.99456, 43.286877000000004]",Triangulation,Conflict,total,6,2025-11-02,2025-11-02,2025-11-02,2025,39271,Yemen: Non-International armed conflict (NIAC) - Al Hodeidah - 11/2025,,,2025-11-01,2025-11-30,,,,,,IOM DTM Yemen,,"Al Khawkhah, Al Hudaydah Governorate, Yemen; At Tahaytha, Al Hudaydah Governorate, Yemen","13.80556, 43.347382; 14.18356, 43.226372",District/Zone/Department (ADM2); District/Zone/Department (ADM2),Destination; Origin,Displacement without preventive evacuations reported,2026-02-04T18:57:39.135913Z,"Yemen: 6 displacements, 02 November - 02 November. According to IOM DTM Yemen, one household was displaced from At Tahaytha, Al Hudaydah Governorate to Al Khawkhah, Al Hudaydah Governorate due to conflict reasons between 02 November 2025 and 02 November 2025. IOM DTM Yemen - 07 October 2025",,Conflict
225819,Yemen,YEM,13.36984,44.302493999999996,"[13.36984, 44.302493999999996]",Triangulation,Conflict,total,12,2025-11-02,2025-11-02,2025-11-02,2025,39275,Yemen: Non-International armed conflict (NIAC) - Taiz - 11/2025,,,2025-11-01,2025-11-30,,,,,,IOM DTM Yemen,,"Al Qabbaytah, Lahij Governorate, Yemen; Dimnat Khadir, Ta'izz Governorate, Yemen","13.28968, 44.354988; 13.45, 44.25",District/Zone/Department (ADM2); District/Zone/Department (ADM2),Destination; Origin,Displacement without preventive evacuations reported,2026-02-04T18:57:39.276175Z,"Yemen: 12 displacements, 02 November - 02 November. According to IOM DTM Yemen, a total of 2 households were displaced from Dimnat Khadir, Ta'izz Governorate to Al Qabbaytah, Lahij Governorate due to conflict reasons between 02 November 2025 and 02 November 2025. IOM DTM Yemen - 07 October 2025",,Conflict
225820,Yemen,YEM,14.99117,44.6517105,"[14.99117, 44.6517105]",Triangulation,Conflict,total,24,2025-11-02,2025-11-02,2025-11-02,2025,39278,Yemen: Non-International armed conflict (NIAC) - Dhamar - 11/2025,,,2025-11-01,2025-11-30,,,,,,IOM DTM Yemen,,"Anis, Dhamar Governorate, Yemen; Madinat Marib, Marib Governorate, Yemen","14.56667, 44; 15.41567, 45.303421",District/Zone/Department (ADM2); District/Zone/Department (ADM2),Origin; Destination,Displacement without preventive evacuations reported,2026-02-04T18:57:39.349643Z,"Yemen: 24 displacements, 02 November - 02 November. According to IOM DTM Yemen, a total of 4 households were displaced from Anis, Dhamar Governorate to Madinat Marib, Marib Governorate due to conflict reasons between 02 November 2025 and 02 November 2025. IOM DTM Yemen - 07 October 2025",,Conflict
225821,Yemen,YEM,13.730195,44.049169500000005,"[13.730195, 44.049169500000005]",Triangulation,Conflict,total,12,2025-11-02,2025-11-02,2025-11-02,2025,39272,Yemen: Non-International armed conflict (NIAC) - Ibb - 11/2025,,,2025-11-01,2025-11-30,,,,,,IOM DTM Yemen,,"Al Madahif, Ta'izz Governorate, Yemen; Ibb, Ibb Governorate, Yemen","13.42683, 43.94326; 14.03356, 44.155079",District/Zone/Department (ADM2); District/Zone/Department (ADM2),Destination; Origin,Displacement without preventive evacuations reported,2026-02-04T18:57:39.420996Z,"Yemen: 12 displacements, 02 November - 02 November. According to IOM DTM Yemen, a total of 2 households were displaced from Ibb, Ibb Governorate to Al Madahif, Ta'izz Governorate due to conflict reasons between 02 November 2025 and 02 November 2025. IOM DTM Yemen - 07 October 2025",,Conflict
225809,Yemen,YEM,13.7041,44.09486,"[13.7041, 44.09486]",Triangulation,Conflict,total,6,2025-11-01,2025-11-01,2025-11-01,2025,39272,Yemen: Non-International armed conflict (NIAC) - Ibb - 11/2025,,,2025-11-01,2025-11-30,,,,,,IOM DTM Yemen,,"Al Qahirah, Ta'izz Governorate, Yemen; As Sayyani, Ibb Governorate, Yemen","13.5652, 44.01635; 13.843, 44.17337",District/Zone/Department (ADM2); District/Zone/Department (ADM2),Destination; Origin,Displacement without preventive evacuations reported,2026-02-04T18:57:34.484606Z,"Yemen: 6 displacements, 01 November - 01 November. According to IOM DTM Yemen, one household was displaced from As Sayyani, Ibb Governorate to Al Qahirah, Ta'izz Governorate due to conflict reasons between 01 November 2025 and 01 November 2025. IOM DTM Yemen - 07 October 2025",,Conflict
225815,Yemen,YEM,13.730195,44.049169500000005,"[13.730195, 44.049169500000005]",Triangulation,Conflict,total,48,2025-11-01,2025-11-01,2025-11-01,2025,39272,Yemen: Non-International armed conflict (NIAC) - Ibb - 11/2025,,,2025-11-01,2025-11-30,,,,,,IOM DTM Yemen,,"Al Madahif, Ta'izz Governorate, Yemen; Ibb, Ibb Governorate, Yemen","13.42683, 43.94326; 14.03356, 44.155079",District/Zone/Department (ADM2); District/Zone/Department (ADM2),Destination; Origin,Displacement without preventive evacuations reported,2026-02-04T18:57:38.801415Z,"Yemen: 48 displacements, 01 November - 01 November. According to IOM DTM Yemen, a total of 8 households were displaced from Ibb, Ibb Governorate to Al Madahif, Ta'izz Governorate due to conflict reasons between 01 November 2025 and 01 November 2025. IOM DTM Yemen - 07 October 2025",,Conflict
225814,Yemen,YEM,13.616900000000001,43.7886565,"[13.616900000000001, 43.7886565]",Triangulation,Conflict,total,6,2025-11-01,2025-11-01,2025-11-01,2025,39275,Yemen: Non-International armed conflict (NIAC) - Taiz - 11/2025,,,2025-11-01,2025-11-30,,,,,,IOM DTM Yemen,,"Al Maafiri, Ta'izz Governorate, Yemen; Jabal Habashi, Ta'izz Governorate, Yemen","13.75991, 43.689251; 13.47389, 43.888062",District/Zone/Department (ADM2); District/Zone/Department (ADM2),Destination; Origin,Displacement without preventive evacuations reported,2026-02-04T18:57:34.777297Z,"Yemen: 6 displacements, 01 November - 01 November. According to IOM DTM Yemen, one household was displaced from Jabal Habashi, Ta'izz Governorate to Al Maafiri, Ta'izz Governorate due to conflict reasons between 01 November 2025 and 01 November 2025. IOM DTM Yemen - 07 October 2025",,Conflict
225813,Yemen,YEM,14.31665,43.128632,"[14.31665, 43.128632]",Triangulation,Conflict,total,12,2025-11-01,2025-11-01,2025-11-01,2025,39271,Yemen: Non-International armed conflict (NIAC) - Al Hodeidah - 11/2025,,,2025-11-01,2025-11-30,,,,,,IOM DTM Yemen,,"Al Khawkhah, Al Hudaydah Governorate, Yemen; Al Mina, Al Hudaydah Governorate, Yemen","13.80556, 43.347382; 14.82774, 42.909882",District/Zone/Department (ADM2); District/Zone/Department (ADM2),Destination; Origin,Displacement without preventive evacuations reported,2026-02-04T18:57:34.723852Z,"Yemen: 12 displacements, 01 November - 01 November. According to IOM DTM Yemen, a total of 2 households were displaced from Al Mina, Al Hudaydah Governorate to Al Khawkhah, Al Hudaydah Governorate due to conflict reasons between 01 November 2025 and 01 November 2025. IOM DTM Yemen - 07 October 2025",,Conflict
225812,Yemen,YEM,14.83962,44.9550555,"[14.83962, 44.9550555]",Triangulation,Conflict,total,12,2025-11-01,2025-11-01,2025-11-01,2025,39272,Yemen: Non-International armed conflict (NIAC) - Ibb - 11/2025,,,2025-11-01,2025-11-30,,,,,,IOM DTM Yemen,,"Ar Radmah, Ibb Governorate, Yemen; Marib, Marib Governorate, Yemen","14.22136, 44.58709; 15.45788, 45.323021",District/Zone/Department (ADM2); District/Zone/Department (ADM2),Origin; Destination,Displacement without preventive evacuations reported,2026-02-04T18:57:34.662297Z,"Yemen: 12 displacements, 01 November - 01 November. According to IOM DTM Yemen, a total of 2 households were displaced from Ar Radmah, Ibb Governorate to Marib, Marib Governorate due to conflict reasons between 01 November 2025 and 01 November 2025. IOM DTM Yemen - 07 October 2025",,Conflict
225811,Yemen,YEM,15.1557,45.1463015,"[15.1557, 45.1463015]",Triangulation,Conflict,total,6,2025-11-01,2025-11-01,2025-11-01,2025,39273,Yemen: Non-International armed conflict (NIAC) - Marib - 11/2025,,,2025-11-01,2025-11-30,,,,,,IOM DTM Yemen,,"Al Kawlah Rahabah, Marib Governorate, Yemen; Madinat Marib, Marib Governorate, Yemen","14.89573, 44.989182; 15.41567, 45.303421",District/Zone/Department (ADM2); District/Zone/Department (ADM2),Origin; Destination,Displacement without preventive evacuations reported,2026-02-04T18:57:34.603282Z,"Yemen: 6 displacements, 01 November - 01 November. According to IOM DTM Yemen, one household was displaced from Rahabah, Marib Governorate to Madinat Marib, Marib Governorate due to conflict reasons between 01 November 2025 and 01 November 2025. IOM DTM Yemen - 07 October 2025",,Conflict
225810,Yemen,YEM,14.703615,44.552885,"[14.703615, 44.552885]",Triangulation,Conflict,total,6,2025-11-01,2025-11-01,2025-11-01,2025,39272,Yemen: Non-International armed conflict (NIAC) - Ibb - 11/2025,,,2025-11-01,2025-11-30,,,,,,IOM DTM Yemen,,"Fara al Udayn, Ibb Governorate, Yemen; Marib, Marib Governorate, Yemen","13.94935, 43.782749; 15.45788, 45.323021",District/Zone/Department (ADM2); District/Zone/Department (ADM2),Origin; Destination,Displacement without preventive evacuations reported,2026-02-04T18:57:34.545062Z,"Yemen: 6 displacements, 01 November - 01 November. According to IOM DTM Yemen, one household was displaced from Fara al Udayn, Ibb Governorate to Marib, Marib Governorate due to conflict reasons between 01 November 2025 and 01 November 2025. IOM DTM Yemen - 07 October 2025",,Conflict
225808,Yemen,YEM,13.693285,44.0470505,"[13.693285, 44.0470505]",Triangulation,Conflict,total,24,2025-11-01,2025-11-01,2025-11-01,2025,39272,Yemen: Non-International armed conflict (NIAC) - Ibb - 11/2025,,,2025-11-01,2025-11-30,,,,,,IOM DTM Yemen,,"Al Qahirah, Ta'izz Governorate, Yemen; Dhi as Sufal, Ibb Governorate, Yemen","13.5652, 44.01635; 13.82137, 44.077751",District/Zone/Department (ADM2); District/Zone/Department (ADM2),Destination; Origin,Displacement without preventive evacuations reported,2026-02-04T18:57:34.414338Z,"Yemen: 24 displacements, 01 November - 01 November. According to IOM DTM Yemen, a total of 4 households were displaced from Dhi as Sufal, Ibb Governorate to Al Qahirah, Ta'izz Governorate due to conflict reasons between 01 November 2025 and 01 November 2025. IOM DTM Yemen - 07 October 2025",,Conflict
225807,Yemen,YEM,13.85245,44.703499,"[13.85245, 44.703499]",Triangulation,Conflict,total,12,2025-11-01,2025-11-01,2025-11-01,2025,39270,Yemen: Non-International armed conflict (NIAC) - Ad Dali - 11/2025,,,2025-11-01,2025-11-30,,,,,,IOM DTM Yemen,,"Qa'atabah, Ad Dali' Governorate, Yemen","13.85245, 44.703499",District/Zone/Department (ADM2),Origin and destination,Displacement without preventive evacuations reported,2026-02-04T18:57:34.338599Z,"Yemen: 12 displacements, 01 November - 01 November. According to IOM DTM Yemen, a total of 2 households were displaced from Qa'atabah, Ad Dali' Governorate to Qa'atabah, Ad Dali' Governorate due to conflict reasons between 01 November 2025 and 01 November 2025. IOM DTM Yemen - 07 October 2025",,Conflict
225802,Yemen,YEM,15.431455,45.160286,"[15.431455, 45.160286]",Triangulation,Conflict,total,6,2025-11-01,2025-11-01,2025-11-01,2025,39273,Yemen: Non-International armed conflict (NIAC) - Marib - 11/2025,,,2025-11-01,2025-11-30,,,,,,IOM DTM Yemen,,"Madinat Marib, Marib Governorate, Yemen; Sirwah, Marib Governorate, Yemen","15.41567, 45.303421; 15.44724, 45.017151",District/Zone/Department (ADM2); District/Zone/Department (ADM2),Destination; Origin,Displacement without preventive evacuations reported,2026-02-04T18:57:34.019982Z,"Yemen: 6 displacements, 01 November - 01 November. According to IOM DTM Yemen, one household was displaced from Sirwah, Marib Governorate to Madinat Marib, Marib Governorate due to conflict reasons between 01 November 2025 and 01 November 2025. IOM DTM Yemen - 07 October 2025",,Conflict
225777,Yemen,YEM,14.957835,44.435045,"[14.957835, 44.435045]",Triangulation,Conflict,total,6,2025-11-01,2025-11-01,2025-11-01,2025,39274,Yemen: Non-International armed conflict (NIAC) - Raymah - 11/2025,,,2025-11-01,2025-11-30,,,,,,IOM DTM Yemen,,"Al Jafariyah, Raymah Governorate, Yemen; Madinat Marib, Marib Governorate, Yemen","14.5, 43.566669; 15.41567, 45.303421",District/Zone/Department (ADM2); District/Zone/Department (ADM2),Origin; Destination,Displacement without preventive evacuations reported,2026-02-04T18:21:16.215569Z,"Yemen: 6 displacements, 01 November - 01 November. According to IOM DTM Yemen, one household was displaced from Al Jafariyah, Raymah Governorate to Madinat Marib, Marib Governorate due to conflict reasons between 01 November 2025 and 01 November 2025. IOM DTM Yemen - 07 October 2025",,Conflict
225801,Yemen,YEM,14.37224,43.2239115,"[14.37224, 43.2239115]",Triangulation,Conflict,total,6,2025-10-31,2025-10-31,2025-10-31,2025,33434,Yemen: Non-International armed conflict (NIAC) - Al Hodeidah - 10/2025,,,2025-10-01,2025-10-31,,,,,,IOM DTM Yemen,,"Al Hali, Al Hudaydah Governorate, Yemen; Hays, Al Hudaydah Governorate, Yemen","14.81278, 42.964722; 13.9317, 43.483101",District/Zone/Department (ADM2); District/Zone/Department (ADM2),Origin; Destination,Displacement without preventive evacuations reported,2026-02-04T18:57:33.940578Z,"Yemen: 6 displacements, 31 October - 31 October. According to IOM DTM Yemen, one household was displaced from Al Hali, Al Hudaydah Governorate to Hays, Al Hudaydah Governorate due to conflict reasons between 31 October 2025 and 31 October 2025. IOM DTM Yemen - 07 October 2025",,Conflict
225805,Yemen,YEM,13.85245,44.703499,"[13.85245, 44.703499]",Triangulation,Conflict,total,30,2025-10-31,2025-10-31,2025-10-31,2025,39267,Yemen: Non-International armed conflict (NIAC) - Ad Dali - 10/2025,,,2025-10-01,2025-10-31,,,,,,IOM DTM Yemen,,"Qa'atabah, Ad Dali' Governorate, Yemen","13.85245, 44.703499",District/Zone/Department (ADM2),Origin and destination,Displacement without preventive evacuations reported,2026-02-04T18:57:34.205948Z,"Yemen: 30 displacements, 31 October - 31 October. According to IOM DTM Yemen, a total of 5 households were displaced from Qa'atabah, Ad Dali' Governorate to Qa'atabah, Ad Dali' Governorate due to conflict reasons between 31 October 2025 and 31 October 2025. IOM DTM Yemen - 07 October 2025",,Conflict
225776,Yemen,YEM,14.688395,44.634750499999996,"[14.688395, 44.634750499999996]",Triangulation,Conflict,total,6,2025-10-31,2025-10-31,2025-10-31,2025,39259,Yemen: Non-International armed conflict (NIAC) - Ibb - 10/2025,,,2025-10-01,2025-10-31,,,,,,IOM DTM Yemen,,"Al Udein, Ibb Governorate, Yemen; Madinat Marib, Marib Governorate, Yemen","13.96112, 43.96608; 15.41567, 45.303421",District/Zone/Department (ADM2); District/Zone/Department (ADM2),Origin; Destination,Displacement without preventive evacuations reported,2026-02-04T18:21:16.113076Z,"Yemen: 6 displacements, 31 October - 31 October. According to IOM DTM Yemen, one household was displaced from Al Udein, Ibb Governorate to Madinat Marib, Marib Governorate due to conflict reasons between 31 October 2025 and 31 October 2025. IOM DTM Yemen - 07 October 2025",,Conflict
225800,Yemen,YEM,15.336275,44.196380500000004,"[15.336275, 44.196380500000004]",Triangulation,Conflict,total,18,2025-10-31,2025-10-31,2025-10-31,2025,33434,Yemen: Non-International armed conflict (NIAC) - Al Hodeidah - 10/2025,,,2025-10-01,2025-10-31,,,,,,IOM DTM Yemen,,"Ad Dahi, Al Hudaydah Governorate, Yemen; Marib, Marib Governorate, Yemen","15.21467, 43.06974; 15.45788, 45.323021",District/Zone/Department (ADM2); District/Zone/Department (ADM2),Origin; Destination,Displacement without preventive evacuations reported,2026-02-04T18:57:33.877158Z,"Yemen: 18 displacements, 31 October - 31 October. According to IOM DTM Yemen, a total of 3 households were displaced from Ad Dahi, Al Hudaydah Governorate to Marib, Marib Governorate due to conflict reasons between 31 October 2025 and 31 October 2025. IOM DTM Yemen - 07 October 2025",,Conflict
225806,Yemen,YEM,13.82471,44.700849500000004,"[13.82471, 44.700849500000004]",Triangulation,Conflict,total,30,2025-10-31,2025-10-31,2025-10-31,2025,39267,Yemen: Non-International armed conflict (NIAC) - Ad Dali - 10/2025,,,2025-10-01,2025-10-31,,,,,,IOM DTM Yemen,,"Ad Dala, Ad Dali' Governorate, Yemen; Qa'atabah, Ad Dali' Governorate, Yemen","13.79697, 44.6982; 13.85245, 44.703499",District/Zone/Department (ADM2); District/Zone/Department (ADM2),Destination; Origin,Displacement without preventive evacuations reported,2026-02-04T18:57:34.274359Z,"Yemen: 30 displacements, 31 October - 31 October. According to IOM DTM Yemen, a total of 5 households were displaced from Qa'atabah, Ad Dali' Governorate to Ad Dala, Ad Dali' Governorate due to conflict reasons between 31 October 2025 and 31 October 2025. IOM DTM Yemen - 07 October 2025",,Conflict
225799,Yemen,YEM,13.605515,44.492315000000005,"[13.605515, 44.492315000000005]",Triangulation,Conflict,total,6,2025-10-30,2025-10-30,2025-10-30,2025,33436,Yemen: Non-International armed conflict (NIAC) - Taiz - 10/2025,,,2025-10-01,2025-10-31,,,,,,IOM DTM Yemen,,"Al Azariq, Ad Dali' Governorate, Yemen; Mavia, Ta'izz Governorate, Yemen","13.62809, 44.636951; 13.58294, 44.347679",District/Zone/Department (ADM2); District/Zone/Department (ADM2),Destination; Origin,Displacement without preventive evacuations reported,2026-02-04T18:57:33.812734Z,"Yemen: 6 displacements, 30 October - 30 October. According to IOM DTM Yemen, one household was displaced from Mavia, Ta'izz Governorate to Azariq, Ad Dali' Governorate due to conflict reasons between 30 October 2025 and 30 October 2025. IOM DTM Yemen - 07 October 2025",,Conflict
225775,Yemen,YEM,14.67624,45.989195,"[14.67624, 45.989195]",Triangulation,Conflict,total,18,2025-10-30,2025-10-30,2025-10-30,2025,33434,Yemen: Non-International armed conflict (NIAC) - Al Hodeidah - 10/2025,,,2025-10-01,2025-10-31,,,,,,IOM DTM Yemen,,"Al Mina, Al Hudaydah Governorate, Yemen; Mukalla City District, Hadramaut Governorate, Yemen","14.82774, 42.909882; 14.52474, 49.068508",District/Zone/Department (ADM2); District/Zone/Department (ADM2),Origin; Destination,Displacement without preventive evacuations reported,2026-02-04T18:21:15.978237Z,"Yemen: 18 displacements, 30 October - 30 October. According to IOM DTM Yemen, a total of 3 households were displaced from Al Mina, Al Hudaydah Governorate to Mukalla City District, Hadramaut Governorate due to conflict reasons between 30 October 2025 and 30 October 2025. IOM DTM Yemen - 07 October 2025",,Conflict
225774,Yemen,YEM,15.7728595,45.1407545,"[15.7728595, 45.1407545]",Triangulation,Conflict,total,6,2025-10-29,2025-10-29,2025-10-29,2025,39263,Yemen: Non-International armed conflict (NIAC) - Al Jawf - 10/2025,,,2025-10-01,2025-10-31,,,,,,IOM DTM Yemen,,"Al Hazm, Al Jawf Governorate, Yemen; Marib, Marib Governorate, Yemen","16.087839, 44.958488; 15.45788, 45.323021",District/Zone/Department (ADM2); District/Zone/Department (ADM2),Origin; Destination,Displacement without preventive evacuations reported,2026-02-04T18:21:15.855325Z,"Yemen: 6 displacements, 29 October - 29 October. According to IOM DTM Yemen, one household was displaced from Al Hazm, Al Jawf Governorate to Marib, Marib Governorate due to conflict reasons between 29 October 2025 and 29 October 2025. IOM DTM Yemen - 07 October 2025",,Conflict
225773,Yemen,YEM,15.403369999999999,44.748025999999996,"[15.403369999999999, 44.748025999999996]",Triangulation,Conflict,total,6,2025-10-29,2025-10-29,2025-10-29,2025,39257,Yemen: Non-International armed conflict (NIAC) - Sanaa City - 10/2025,,,2025-10-01,2025-10-31,,,,,,IOM DTM Yemen,,"At Thaourah District, Amanat Al Asimah, Yemen; Madinat Marib, Marib Governorate, Yemen","15.39107, 44.192631; 15.41567, 45.303421",District/Zone/Department (ADM2); District/Zone/Department (ADM2),Origin; Destination,Displacement without preventive evacuations reported,2026-02-04T18:21:15.773930Z,"Yemen: 6 displacements, 29 October - 29 October. According to IOM DTM Yemen, one household was displaced from At Thaourah District, Amanat Al Asimah to Madinat Marib, Marib Governorate due to conflict reasons between 29 October 2025 and 29 October 2025. IOM DTM Yemen - 07 October 2025",,Conflict
225755,Yemen,YEM,13.82471,44.700849500000004,"[13.82471, 44.700849500000004]",Triangulation,Conflict,total,6,2025-10-29,2025-10-29,2025-10-29,2025,39267,Yemen: Non-International armed conflict (NIAC) - Ad Dali - 10/2025,,,2025-10-01,2025-10-31,,,,,,IOM DTM Yemen,,"Ad Dala, Ad Dali' Governorate, Yemen; Qa'atabah, Ad Dali' Governorate, Yemen","13.79697, 44.6982; 13.85245, 44.703499",District/Zone/Department (ADM2); District/Zone/Department (ADM2),Destination; Origin,Displacement without preventive evacuations reported,2026-02-04T18:21:13.866066Z,"Yemen: 6 displacements, 29 October - 29 October. According to IOM DTM Yemen, one household was displaced from Qa'atabah, Ad Dali' Governorate to Ad Dala, Ad Dali' Governorate due to conflict reasons between 29 October 2025 and 29 October 2025. IOM DTM Yemen - 07 October 2025",,Conflict
225798,Yemen,YEM,13.546175000000002,43.869011,"[13.546175000000002, 43.869011]",Triangulation,Conflict,total,6,2025-10-28,2025-10-28,2025-10-28,2025,33436,Yemen: Non-International armed conflict (NIAC) - Taiz - 10/2025,,,2025-10-01,2025-10-31,,,,,,IOM DTM Yemen,,"Al Makhaf, Ta'izz Governorate, Yemen; Maqbanah, Ta'izz Governorate, Yemen","13.43171, 44.052071; 13.66064, 43.685951",District/Zone/Department (ADM2); District/Zone/Department (ADM2),Destination; Origin,Displacement without preventive evacuations reported,2026-02-04T18:57:33.748684Z,"Yemen: 6 displacements, 28 October - 28 October. According to IOM DTM Yemen, one household was displaced from Maqbanah, Ta'izz Governorate to Al Makhaf, Ta'izz Governorate due to conflict reasons between 28 October 2025 and 28 October 2025. IOM DTM Yemen - 07 October 2025",,Conflict
225754,Yemen,YEM,15.49544,45.9826605,"[15.49544, 45.9826605]",Triangulation,Conflict,total,6,2025-10-28,2025-10-28,2025-10-28,2025,33434,Yemen: Non-International armed conflict (NIAC) - Al Hodeidah - 10/2025,,,2025-10-01,2025-10-31,,,,,,IOM DTM Yemen,,"Al Marawiah, Al Hudaydah Governorate, Yemen; Seiyun District, Hadramaut Governorate, Yemen","14.85584, 43.196522; 16.13504, 48.768799",District/Zone/Department (ADM2); District/Zone/Department (ADM2),Origin; Destination,Displacement without preventive evacuations reported,2026-02-04T18:21:09.911717Z,"Yemen: 6 displacements, 28 October - 28 October. According to IOM DTM Yemen, one household was displaced from Al Marawiah, Al Hudaydah Governorate to Seiyun District, Hadramaut Governorate due to conflict reasons between 28 October 2025 and 28 October 2025. IOM DTM Yemen - 07 October 2025",,Conflict
225804,Yemen,YEM,13.85245,44.703499,"[13.85245, 44.703499]",Triangulation,Conflict,total,18,2025-10-27,2025-10-27,2025-10-27,2025,39267,Yemen: Non-International armed conflict (NIAC) - Ad Dali - 10/2025,,,2025-10-01,2025-10-31,,,,,,IOM DTM Yemen,,"Qa'atabah, Ad Dali' Governorate, Yemen","13.85245, 44.703499",District/Zone/Department (ADM2),Origin and destination,Displacement without preventive evacuations reported,2026-02-04T18:57:34.143934Z,"Yemen: 18 displacements, 27 October - 27 October. According to IOM DTM Yemen, a total of 3 households were displaced from Qa'atabah, Ad Dali' Governorate to Qa'atabah, Ad Dali' Governorate due to conflict reasons between 27 October 2025 and 27 October 2025. IOM DTM Yemen - 07 October 2025",,Conflict
225772,Yemen,YEM,13.730195,44.049169500000005,"[13.730195, 44.049169500000005]",Triangulation,Conflict,total,12,2025-10-27,2025-10-27,2025-10-27,2025,39259,Yemen: Non-International armed conflict (NIAC) - Ibb - 10/2025,,,2025-10-01,2025-10-31,,,,,,IOM DTM Yemen,,"Al Madahif, Ta'izz Governorate, Yemen; Ibb, Ibb Governorate, Yemen","13.42683, 43.94326; 14.03356, 44.155079",District/Zone/Department (ADM2); District/Zone/Department (ADM2),Destination; Origin,Displacement without preventive evacuations reported,2026-02-04T18:21:15.680976Z,"Yemen: 12 displacements, 27 October - 27 October. According to IOM DTM Yemen, a total of 2 households were displaced from Ibb, Ibb Governorate to Al Madahif, Ta'izz Governorate due to conflict reasons between 27 October 2025 and 27 October 2025. IOM DTM Yemen - 07 October 2025",,Conflict
225753,Yemen,YEM,13.99456,43.286877000000004,"[13.99456, 43.286877000000004]",Triangulation,Conflict,total,12,2025-10-27,2025-10-27,2025-10-27,2025,33434,Yemen: Non-International armed conflict (NIAC) - Al Hodeidah - 10/2025,,,2025-10-01,2025-10-31,,,,,,IOM DTM Yemen,,"Al Khawkhah, Al Hudaydah Governorate, Yemen; At Tahaytha, Al Hudaydah Governorate, Yemen","13.80556, 43.347382; 14.18356, 43.226372",District/Zone/Department (ADM2); District/Zone/Department (ADM2),Destination; Origin,Displacement without preventive evacuations reported,2026-02-04T18:21:09.832357Z,"Yemen: 12 displacements, 27 October - 27 October. According to IOM DTM Yemen, a total of 2 households were displaced from At Tahaytha, Al Hudaydah Governorate to Al Khawkhah, Al Hudaydah Governorate due to conflict reasons between 27 October 2025 and 27 October 2025. IOM DTM Yemen - 07 October 2025",,Conflict
225797,Yemen,YEM,13.782065,43.720335,"[13.782065, 43.720335]",Triangulation,Conflict,total,6,2025-10-27,2025-10-27,2025-10-27,2025,33434,Yemen: Non-International armed conflict (NIAC) - Al Hodeidah - 10/2025,,,2025-10-01,2025-10-31,,,,,,IOM DTM Yemen,,"Al Jarrahi, Al Hudaydah Governorate, Yemen; Al Makhaf, Ta'izz Governorate, Yemen","14.13242, 43.388599; 13.43171, 44.052071",District/Zone/Department (ADM2); District/Zone/Department (ADM2),Origin; Destination,Displacement without preventive evacuations reported,2026-02-04T18:57:33.667118Z,"Yemen: 6 displacements, 27 October - 27 October. According to IOM DTM Yemen, one household was displaced from Al Jarrahi, Al Hudaydah Governorate to Al Makhaf, Ta'izz Governorate due to conflict reasons between 27 October 2025 and 27 October 2025. IOM DTM Yemen - 07 October 2025",,Conflict
225746,Yemen,YEM,15.375325,44.744704999999996,"[15.375325, 44.744704999999996]",Triangulation,Conflict,total,6,2025-10-26,2025-10-26,2025-10-26,2025,39257,Yemen: Non-International armed conflict (NIAC) - Sanaa City - 10/2025,,,2025-10-01,2025-10-31,,,,,,IOM DTM Yemen,,"Al Wahdah District, Amanat Al Asimah, Yemen; Madinat Marib, Marib Governorate, Yemen","15.33498, 44.185989; 15.41567, 45.303421",District/Zone/Department (ADM2); District/Zone/Department (ADM2),Origin; Destination,Displacement without preventive evacuations reported,2026-02-04T18:21:09.365583Z,"Yemen: 6 displacements, 26 October - 26 October. According to IOM DTM Yemen, one household was displaced from Al Wahdah District, Amanat Al Asimah to Madinat Marib, Marib Governorate due to conflict reasons between 26 October 2025 and 26 October 2025. IOM DTM Yemen - 07 October 2025",,Conflict
225803,Yemen,YEM,13.82471,44.700849500000004,"[13.82471, 44.700849500000004]",Triangulation,Conflict,total,54,2025-10-26,2025-10-26,2025-10-26,2025,39267,Yemen: Non-International armed conflict (NIAC) - Ad Dali - 10/2025,,,2025-10-01,2025-10-31,,,,,,IOM DTM Yemen,,"Ad Dala, Ad Dali' Governorate, Yemen; Qa'atabah, Ad Dali' Governorate, Yemen","13.79697, 44.6982; 13.85245, 44.703499",District/Zone/Department (ADM2); District/Zone/Department (ADM2),Destination; Origin,Displacement without preventive evacuations reported,2026-02-04T18:57:34.084802Z,"Yemen: 54 displacements, 26 October - 26 October. According to IOM DTM Yemen, a total of 9 households were displaced from Qa'atabah, Ad Dali' Governorate to Ad Dala, Ad Dali' Governorate due to conflict reasons between 26 October 2025 and 26 October 2025. IOM DTM Yemen - 07 October 2025",,Conflict
225796,Yemen,YEM,16.78156,45.151984999999996,"[16.78156, 45.151984999999996]",Triangulation,Conflict,total,24,2025-10-26,2025-10-26,2025-10-26,2025,39263,Yemen: Non-International armed conflict (NIAC) - Al Jawf - 10/2025,,,2025-10-01,2025-10-31,,,,,,IOM DTM Yemen,,"Bart al Anan, Al Jawf Governorate, Yemen; Khab wa Ash Shaaf, Al Jawf Governorate, Yemen","16.91996, 44.51865; 16.64316, 45.78532",District/Zone/Department (ADM2); District/Zone/Department (ADM2),Origin; Destination,Displacement without preventive evacuations reported,2026-02-04T18:57:33.594462Z,"Yemen: 24 displacements, 26 October - 26 October. According to IOM DTM Yemen, a total of 4 households were displaced from Bart al Anan, Al Jawf Governorate to Khab wa Ash Shaaf, Al Jawf Governorate due to conflict reasons between 26 October 2025 and 26 October 2025. IOM DTM Yemen - 07 October 2025",,Conflict
225771,Yemen,YEM,13.99456,43.286877000000004,"[13.99456, 43.286877000000004]",Triangulation,Conflict,total,12,2025-10-26,2025-10-26,2025-10-26,2025,33434,Yemen: Non-International armed conflict (NIAC) - Al Hodeidah - 10/2025,,,2025-10-01,2025-10-31,,,,,,IOM DTM Yemen,,"Al Khawkhah, Al Hudaydah Governorate, Yemen; At Tahaytha, Al Hudaydah Governorate, Yemen","13.80556, 43.347382; 14.18356, 43.226372",District/Zone/Department (ADM2); District/Zone/Department (ADM2),Destination; Origin,Displacement without preventive evacuations reported,2026-02-04T18:21:15.588649Z,"Yemen: 12 displacements, 26 October - 26 October. According to IOM DTM Yemen, a total of 2 households were displaced from At Tahaytha, Al Hudaydah Governorate to Al Khawkhah, Al Hudaydah Governorate due to conflict reasons between 26 October 2025 and 26 October 2025. IOM DTM Yemen - 07 October 2025",,Conflict
225770,Yemen,YEM,13.67584,44.15217,"[13.67584, 44.15217]",Triangulation,Conflict,total,18,2025-10-26,2025-10-26,2025-10-26,2025,39259,Yemen: Non-International armed conflict (NIAC) - Ibb - 10/2025,,,2025-10-01,2025-10-31,,,,,,IOM DTM Yemen,,"Adh Dhira, Ibb Governorate, Yemen; Al Madahif, Ta'izz Governorate, Yemen","13.92485, 44.36108; 13.42683, 43.94326",District/Zone/Department (ADM2); District/Zone/Department (ADM2),Origin; Destination,Displacement without preventive evacuations reported,2026-02-04T18:21:15.489805Z,"Yemen: 18 displacements, 26 October - 26 October. According to IOM DTM Yemen, a total of 3 households were displaced from Adh Dhira, Ibb Governorate to Al Madahif, Ta'izz Governorate due to conflict reasons between 26 October 2025 and 26 October 2025. IOM DTM Yemen - 07 October 2025",,Conflict
225769,Yemen,YEM,13.681830000000001,46.097919000000005,"[13.681830000000001, 46.097919000000005]",Triangulation,Conflict,total,6,2025-10-26,2025-10-26,2025-10-26,2025,39269,Yemen: Non-International armed conflict (NIAC) - Abyan - 10/2025,,,2025-10-01,2025-10-31,,,,,,IOM DTM Yemen,,"Al Mahfad District, Abyan Governorate, Yemen; Khanfar District, Abyan Governorate, Yemen","14.01847, 46.755958; 13.34519, 45.43988",District/Zone/Department (ADM2); District/Zone/Department (ADM2),Origin; Destination,Displacement without preventive evacuations reported,2026-02-04T18:21:15.394175Z,"Yemen: 6 displacements, 26 October - 26 October. According to IOM DTM Yemen, one household was displaced from Al Mahfad District, Abyan Governorate to Khanfar District, Abyan Governorate due to conflict reasons between 26 October 2025 and 26 October 2025. IOM DTM Yemen - 07 October 2025",,Conflict
225768,Yemen,YEM,13.502915000000002,44.5629155,"[13.502915000000002, 44.5629155]",Triangulation,Conflict,total,24,2025-10-26,2025-10-26,2025-10-26,2025,33436,Yemen: Non-International armed conflict (NIAC) - Taiz - 10/2025,,,2025-10-01,2025-10-31,,,,,,IOM DTM Yemen,,"Khanfar District, Abyan Governorate, Yemen; Maqbanah, Ta'izz Governorate, Yemen","13.34519, 45.43988; 13.66064, 43.685951",District/Zone/Department (ADM2); District/Zone/Department (ADM2),Destination; Origin,Displacement without preventive evacuations reported,2026-02-04T18:21:15.289351Z,"Yemen: 24 displacements, 26 October - 26 October. According to IOM DTM Yemen, a total of 4 households were displaced from Maqbanah, Ta'izz Governorate to Khanfar District, Abyan Governorate due to conflict reasons between 26 October 2025 and 26 October 2025. IOM DTM Yemen - 07 October 2025",,Conflict
225767,Yemen,YEM,14.086465,44.174881,"[14.086465, 44.174881]",Triangulation,Conflict,total,48,2025-10-26,2025-10-26,2025-10-26,2025,33434,Yemen: Non-International armed conflict (NIAC) - Al Hodeidah - 10/2025,,,2025-10-01,2025-10-31,,,,,,IOM DTM Yemen,,"Al Mina, Al Hudaydah Governorate, Yemen; Khanfar District, Abyan Governorate, Yemen","14.82774, 42.909882; 13.34519, 45.43988",District/Zone/Department (ADM2); District/Zone/Department (ADM2),Origin; Destination,Displacement without preventive evacuations reported,2026-02-04T18:21:15.179454Z,"Yemen: 48 displacements, 26 October - 26 October. According to IOM DTM Yemen, a total of 8 households were displaced from Al Mina, Al Hudaydah Governorate to Khanfar District, Abyan Governorate due to conflict reasons between 26 October 2025 and 26 October 2025. IOM DTM Yemen - 07 October 2025",,Conflict
225752,Yemen,YEM,14.71306,44.465626,"[14.71306, 44.465626]",Triangulation,Conflict,total,12,2025-10-26,2025-10-26,2025-10-26,2025,33434,Yemen: Non-International armed conflict (NIAC) - Al Hodeidah - 10/2025,,,2025-10-01,2025-10-31,,,,,,IOM DTM Yemen,,"Jabal Ras, Al Hudaydah Governorate, Yemen; Madinat Marib, Marib Governorate, Yemen","14.01045, 43.627831; 15.41567, 45.303421",District/Zone/Department (ADM2); District/Zone/Department (ADM2),Origin; Destination,Displacement without preventive evacuations reported,2026-02-04T18:21:09.762107Z,"Yemen: 12 displacements, 26 October - 26 October. According to IOM DTM Yemen, a total of 2 households were displaced from Jabal Ras, Al Hudaydah Governorate to Madinat Marib, Marib Governorate due to conflict reasons between 26 October 2025 and 26 October 2025. IOM DTM Yemen - 07 October 2025",,Conflict
225739,Yemen,YEM,15.599499999999999,45.168375,"[15.599499999999999, 45.168375]",Triangulation,Conflict,total,6,2025-10-25,2025-10-25,2025-10-25,2025,39262,Yemen: Non-International armed conflict (NIAC) - Marib - 10/2025,,,2025-10-01,2025-10-31,,,,,,IOM DTM Yemen,,"Madinat Marib, Marib Governorate, Yemen; Raghwan, Marib Governorate, Yemen","15.41567, 45.303421; 15.78333, 45.033329",District/Zone/Department (ADM2); District/Zone/Department (ADM2),Destination; Origin,Displacement without preventive evacuations reported,2026-02-04T18:21:08.924372Z,"Yemen: 6 displacements, 25 October - 25 October. According to IOM DTM Yemen, one household was displaced from Raghwan, Marib Governorate to Madinat Marib, Marib Governorate due to conflict reasons between 25 October 2025 and 25 October 2025. IOM DTM Yemen - 07 October 2025",,Conflict
225744,Yemen,YEM,14.283805000000001,46.651735,"[14.283805000000001, 46.651735]",Triangulation,Conflict,total,12,2025-10-25,2025-10-25,2025-10-25,2025,33436,Yemen: Non-International armed conflict (NIAC) - Taiz - 10/2025,,,2025-10-01,2025-10-31,,,,,,IOM DTM Yemen,,"Maqbanah, Ta'izz Governorate, Yemen; Shihr District, Hadramaut Governorate, Yemen","13.66064, 43.685951; 14.90697, 49.617519",District/Zone/Department (ADM2); District/Zone/Department (ADM2),Origin; Destination,Displacement without preventive evacuations reported,2026-02-04T18:21:09.246602Z,"Yemen: 12 displacements, 25 October - 25 October. According to IOM DTM Yemen, a total of 2 households were displaced from Maqbanah, Ta'izz Governorate to Shihr District, Hadramaut Governorate due to conflict reasons between 25 October 2025 and 25 October 2025. IOM DTM Yemen - 07 October 2025",,Conflict
225741,Yemen,YEM,15.336275,44.196380500000004,"[15.336275, 44.196380500000004]",Triangulation,Conflict,total,12,2025-10-25,2025-10-25,2025-10-25,2025,33434,Yemen: Non-International armed conflict (NIAC) - Al Hodeidah - 10/2025,,,2025-10-01,2025-10-31,,,,,,IOM DTM Yemen,,"Ad Dahi, Al Hudaydah Governorate, Yemen; Marib, Marib Governorate, Yemen","15.21467, 43.06974; 15.45788, 45.323021",District/Zone/Department (ADM2); District/Zone/Department (ADM2),Origin; Destination,Displacement without preventive evacuations reported,2026-02-04T18:21:09.067032Z,"Yemen: 12 displacements, 25 October - 25 October. According to IOM DTM Yemen, a total of 2 households were displaced from Ad Dahi, Al Hudaydah Governorate to Marib, Marib Governorate due to conflict reasons between 25 October 2025 and 25 October 2025. IOM DTM Yemen - 07 October 2025",,Conflict
225766,Yemen,YEM,13.21162,44.8356955,"[13.21162, 44.8356955]",Triangulation,Conflict,total,6,2025-10-25,2025-10-25,2025-10-25,2025,33436,Yemen: Non-International armed conflict (NIAC) - Taiz - 10/2025,,,2025-10-01,2025-10-31,,,,,,IOM DTM Yemen,,"Hefan, Ta'izz Governorate, Yemen; Zinjibar District, Abyan Governorate, Yemen","13.31789, 44.272171; 13.10535, 45.39922",District/Zone/Department (ADM2); District/Zone/Department (ADM2),Origin; Destination,Displacement without preventive evacuations reported,2026-02-04T18:21:15.116316Z,"Yemen: 6 displacements, 25 October - 25 October. According to IOM DTM Yemen, one household was displaced from Hefan, Ta'izz Governorate to Zinjibar District, Abyan Governorate due to conflict reasons between 25 October 2025 and 25 October 2025. IOM DTM Yemen - 07 October 2025",,Conflict
225765,Yemen,YEM,13.871185,44.227135000000004,"[13.871185, 44.227135000000004]",Triangulation,Conflict,total,6,2025-10-25,2025-10-25,2025-10-25,2025,33434,Yemen: Non-International armed conflict (NIAC) - Al Hodeidah - 10/2025,,,2025-10-01,2025-10-31,,,,,,IOM DTM Yemen,,"Al Durayhami, Al Hudaydah Governorate, Yemen; Zinjibar District, Abyan Governorate, Yemen","14.63702, 43.05505; 13.10535, 45.39922",District/Zone/Department (ADM2); District/Zone/Department (ADM2),Origin; Destination,Displacement without preventive evacuations reported,2026-02-04T18:21:14.976039Z,"Yemen: 6 displacements, 25 October - 25 October. According to IOM DTM Yemen, one household was displaced from Al Durayhami, Al Hudaydah Governorate to Zinjibar District, Abyan Governorate due to conflict reasons between 25 October 2025 and 25 October 2025. IOM DTM Yemen - 07 October 2025",,Conflict
225740,Yemen,YEM,14.741824999999999,44.6626395,"[14.741824999999999, 44.6626395]",Triangulation,Conflict,total,12,2025-10-25,2025-10-25,2025-10-25,2025,39259,Yemen: Non-International armed conflict (NIAC) - Ibb - 10/2025,,,2025-10-01,2025-10-31,,,,,,IOM DTM Yemen,,"Hazm al Udayn, Ibb Governorate, Yemen; Marib, Marib Governorate, Yemen","14.02577, 44.002258; 15.45788, 45.323021",District/Zone/Department (ADM2); District/Zone/Department (ADM2),Origin; Destination,Displacement without preventive evacuations reported,2026-02-04T18:21:08.983769Z,"Yemen: 12 displacements, 25 October - 25 October. According to IOM DTM Yemen, a total of 2 households were displaced from Hazm al Udayn, Ibb Governorate to Marib, Marib Governorate due to conflict reasons between 25 October 2025 and 25 October 2025. IOM DTM Yemen - 07 October 2025",,Conflict
225763,Yemen,YEM,13.929875,44.198524500000005,"[13.929875, 44.198524500000005]",Triangulation,Conflict,total,12,2025-10-25,2025-10-25,2025-10-25,2025,33434,Yemen: Non-International armed conflict (NIAC) - Al Hodeidah - 10/2025,,,2025-10-01,2025-10-31,,,,,,IOM DTM Yemen,,"Al Hawak, Al Hudaydah Governorate, Yemen; Zinjibar District, Abyan Governorate, Yemen","14.7544, 42.997829; 13.10535, 45.39922",District/Zone/Department (ADM2); District/Zone/Department (ADM2),Origin; Destination,Displacement without preventive evacuations reported,2026-02-04T18:21:14.753855Z,"Yemen: 12 displacements, 25 October - 25 October. According to IOM DTM Yemen, a total of 2 households were displaced from Al Hawak, Al Hudaydah Governorate to Zinjibar District, Abyan Governorate due to conflict reasons between 25 October 2025 and 25 October 2025. IOM DTM Yemen - 07 October 2025",,Conflict
225795,Yemen,YEM,15.786805000000001,45.576758999999996,"[15.786805000000001, 45.576758999999996]",Triangulation,Conflict,total,90,2025-10-25,2025-10-25,2025-10-25,2025,39262,Yemen: Non-International armed conflict (NIAC) - Marib - 10/2025,,,2025-10-01,2025-10-31,,,,,,IOM DTM Yemen,,"Khab wa Ash Shaaf, Al Jawf Governorate, Yemen; Qada Harib, Marib Governorate, Yemen","16.64316, 45.78532; 14.93045, 45.368198",District/Zone/Department (ADM2); District/Zone/Department (ADM2),Destination; Origin,Displacement without preventive evacuations reported,2026-02-04T18:57:33.539410Z,"Yemen: 90 displacements, 25 October - 25 October. According to IOM DTM Yemen, a total of 15 households were displaced from Harib, Marib Governorate to Khab wa Ash Shaaf, Al Jawf Governorate due to conflict reasons between 25 October 2025 and 25 October 2025. IOM DTM Yemen - 07 October 2025",,Conflict
225747,Yemen,YEM,13.56325,44.030741,"[13.56325, 44.030741]",Triangulation,Conflict,total,24,2025-10-25,2025-10-25,2025-10-25,2025,33436,Yemen: Non-International armed conflict (NIAC) - Taiz - 10/2025,,,2025-10-01,2025-10-31,,,,,,IOM DTM Yemen,,"Al Makhaf, Ta'izz Governorate, Yemen; At Taizziyah, Ta'izz Governorate, Yemen","13.43171, 44.052071; 13.69479, 44.009411",District/Zone/Department (ADM2); District/Zone/Department (ADM2),Destination; Origin,Displacement without preventive evacuations reported,2026-02-04T18:21:09.429305Z,"Yemen: 24 displacements, 25 October - 25 October. According to IOM DTM Yemen, a total of 4 households were displaced from At Taizziyah, Ta'izz Governorate to Al Makhaf, Ta'izz Governorate due to conflict reasons between 25 October 2025 and 25 October 2025. IOM DTM Yemen - 07 October 2025",,Conflict
225738,Yemen,YEM,15.87768,46.147838500000006,"[15.87768, 46.147838500000006]",Triangulation,Conflict,total,6,2025-10-25,2025-10-25,2025-10-25,2025,39258,Yemen: Non-International armed conflict (NIAC) - Hajjah - 10/2025,,,2025-10-01,2025-10-31,,,,,,IOM DTM Yemen,,"Ash Shaghadirah, Hajjah Governorate, Yemen; Seiyun District, Hadramaut Governorate, Yemen","15.62032, 43.526878; 16.13504, 48.768799",District/Zone/Department (ADM2); District/Zone/Department (ADM2),Origin; Destination,Displacement without preventive evacuations reported,2026-02-04T18:21:08.864575Z,"Yemen: 6 displacements, 25 October - 25 October. According to IOM DTM Yemen, one household was displaced from Ash Shaghadirah, Hajjah Governorate to Seiyun District, Hadramaut Governorate due to conflict reasons between 25 October 2025 and 25 October 2025. IOM DTM Yemen - 07 October 2025",,Conflict
225764,Yemen,YEM,14.17653,44.0578005,"[14.17653, 44.0578005]",Triangulation,Conflict,total,6,2025-10-25,2025-10-25,2025-10-25,2025,33434,Yemen: Non-International armed conflict (NIAC) - Al Hodeidah - 10/2025,,,2025-10-01,2025-10-31,,,,,,IOM DTM Yemen,,"As Salif, Al Hudaydah Governorate, Yemen; Zinjibar District, Abyan Governorate, Yemen","15.24771, 42.716381; 13.10535, 45.39922",District/Zone/Department (ADM2); District/Zone/Department (ADM2),Origin; Destination,Displacement without preventive evacuations reported,2026-02-04T18:21:14.867184Z,"Yemen: 6 displacements, 25 October - 25 October. According to IOM DTM Yemen, one household was displaced from As Salif, Al Hudaydah Governorate to Zinjibar District, Abyan Governorate due to conflict reasons between 25 October 2025 and 25 October 2025. IOM DTM Yemen - 07 October 2025",,Conflict
225750,Yemen,YEM,14.459769999999999,44.671865499999996,"[14.459769999999999, 44.671865499999996]",Triangulation,Conflict,total,6,2025-10-25,2025-10-25,2025-10-25,2025,33436,Yemen: Non-International armed conflict (NIAC) - Taiz - 10/2025,,,2025-10-01,2025-10-31,,,,,,IOM DTM Yemen,,"Al Misrakh, Ta'izz Governorate, Yemen; Marib, Marib Governorate, Yemen","13.46166, 44.02071; 15.45788, 45.323021",District/Zone/Department (ADM2); District/Zone/Department (ADM2),Origin; Destination,Displacement without preventive evacuations reported,2026-02-04T18:21:09.605939Z,"Yemen: 6 displacements, 25 October - 25 October. According to IOM DTM Yemen, one household was displaced from Al Misrakh, Ta'izz Governorate to Marib, Marib Governorate due to conflict reasons between 25 October 2025 and 25 October 2025. IOM DTM Yemen - 07 October 2025",,Conflict
225745,Yemen,YEM,15.16236,45.6198255,"[15.16236, 45.6198255]",Triangulation,Conflict,total,12,2025-10-25,2025-10-25,2025-10-25,2025,39268,Yemen: Non-International armed conflict (NIAC) - Shabwah - 10/2025,,,2025-10-01,2025-10-31,,,,,,IOM DTM Yemen,,"Bayhan, Shabwah Governorate, Yemen; Marib, Marib Governorate, Yemen","14.86684, 45.91663; 15.45788, 45.323021",District/Zone/Department (ADM2); District/Zone/Department (ADM2),Origin; Destination,Displacement without preventive evacuations reported,2026-02-04T18:21:09.308604Z,"Yemen: 12 displacements, 25 October - 25 October. According to IOM DTM Yemen, a total of 2 households were displaced from Bayhan, Shabwah Governorate to Marib, Marib Governorate due to conflict reasons between 25 October 2025 and 25 October 2025. IOM DTM Yemen - 07 October 2025",,Conflict
225794,Yemen,YEM,13.350010000000001,43.7810005,"[13.350010000000001, 43.7810005]",Triangulation,Conflict,total,12,2025-10-24,2025-10-24,2025-10-24,2025,33436,Yemen: Non-International armed conflict (NIAC) - Taiz - 10/2025,,,2025-10-01,2025-10-31,,,,,,IOM DTM Yemen,,"Al Makhaf, Ta'izz Governorate, Yemen; Mowaza, Ta'izz Governorate, Yemen","13.43171, 44.052071; 13.26831, 43.50993",District/Zone/Department (ADM2); District/Zone/Department (ADM2),Destination; Origin,Displacement without preventive evacuations reported,2026-02-04T18:57:33.476599Z,"Yemen: 12 displacements, 24 October - 24 October. According to IOM DTM Yemen, a total of 2 households were displaced from Mowaza, Ta'izz Governorate to Al Makhaf, Ta'izz Governorate due to conflict reasons between 24 October 2025 and 24 October 2025. IOM DTM Yemen - 07 October 2025",,Conflict
225736,Yemen,YEM,15.084299999999999,46.461939,"[15.084299999999999, 46.461939]",Triangulation,Conflict,total,6,2025-10-24,2025-10-24,2025-10-24,2025,39259,Yemen: Non-International armed conflict (NIAC) - Ibb - 10/2025,,,2025-10-01,2025-10-31,,,,,,IOM DTM Yemen,,"Ibb, Ibb Governorate, Yemen; Seiyun District, Hadramaut Governorate, Yemen","14.03356, 44.155079; 16.13504, 48.768799",District/Zone/Department (ADM2); District/Zone/Department (ADM2),Origin; Destination,Displacement without preventive evacuations reported,2026-02-04T18:21:08.396153Z,"Yemen: 6 displacements, 24 October - 24 October. According to IOM DTM Yemen, one household was displaced from Ibb, Ibb Governorate to Seiyun District, Hadramaut Governorate due to conflict reasons between 24 October 2025 and 24 October 2025. IOM DTM Yemen - 07 October 2025",,Conflict
225762,Yemen,YEM,13.464475,43.5979405,"[13.464475, 43.5979405]",Triangulation,Conflict,total,36,2025-10-24,2025-10-24,2025-10-24,2025,33436,Yemen: Non-International armed conflict (NIAC) - Taiz - 10/2025,,,2025-10-01,2025-10-31,,,,,,IOM DTM Yemen,,"Maqbanah, Ta'izz Governorate, Yemen; Mowaza, Ta'izz Governorate, Yemen","13.66064, 43.685951; 13.26831, 43.50993",District/Zone/Department (ADM2); District/Zone/Department (ADM2),Origin; Destination,Displacement without preventive evacuations reported,2026-02-04T18:21:14.644537Z,"Yemen: 36 displacements, 24 October - 24 October. According to IOM DTM Yemen, a total of 6 households were displaced from Maqbanah, Ta'izz Governorate to Mowaza, Ta'izz Governorate due to conflict reasons between 24 October 2025 and 24 October 2025. IOM DTM Yemen - 07 October 2025",,Conflict
225749,Yemen,YEM,13.85245,44.703499,"[13.85245, 44.703499]",Triangulation,Conflict,total,30,2025-10-24,2025-10-24,2025-10-24,2025,39267,Yemen: Non-International armed conflict (NIAC) - Ad Dali - 10/2025,,,2025-10-01,2025-10-31,,,,,,IOM DTM Yemen,,"Qa'atabah, Ad Dali' Governorate, Yemen","13.85245, 44.703499",District/Zone/Department (ADM2),Origin and destination,Displacement without preventive evacuations reported,2026-02-04T18:21:09.548236Z,"Yemen: 30 displacements, 24 October - 24 October. According to IOM DTM Yemen, a total of 5 households were displaced from Qa'atabah, Ad Dali' Governorate to Qa'atabah, Ad Dali' Governorate due to conflict reasons between 24 October 2025 and 24 October 2025. IOM DTM Yemen - 07 October 2025",,Conflict
225737,Yemen,YEM,15.52967,45.153625500000004,"[15.52967, 45.153625500000004]",Triangulation,Conflict,total,6,2025-10-24,2025-10-24,2025-10-24,2025,39262,Yemen: Non-International armed conflict (NIAC) - Marib - 10/2025,,,2025-10-01,2025-10-31,,,,,,IOM DTM Yemen,,"Madghal, Marib Governorate, Yemen; Madinat Marib, Marib Governorate, Yemen","15.64367, 45.00383; 15.41567, 45.303421",District/Zone/Department (ADM2); District/Zone/Department (ADM2),Origin; Destination,Displacement without preventive evacuations reported,2026-02-04T18:21:08.466753Z,"Yemen: 6 displacements, 24 October - 24 October. According to IOM DTM Yemen, one household was displaced from Madghal, Marib Governorate to Madinat Marib, Marib Governorate due to conflict reasons between 24 October 2025 and 24 October 2025. IOM DTM Yemen - 07 October 2025",,Conflict
225792,Yemen,YEM,16.3654995,45.371904,"[16.3654995, 45.371904]",Triangulation,Conflict,total,18,2025-10-24,2025-10-24,2025-10-24,2025,39263,Yemen: Non-International armed conflict (NIAC) - Al Jawf - 10/2025,,,2025-10-01,2025-10-31,,,,,,IOM DTM Yemen,,"Al Hazm, Al Jawf Governorate, Yemen; Khab wa Ash Shaaf, Al Jawf Governorate, Yemen","16.087839, 44.958488; 16.64316, 45.78532",District/Zone/Department (ADM2); District/Zone/Department (ADM2),Origin; Destination,Displacement without preventive evacuations reported,2026-02-04T18:57:33.335173Z,"Yemen: 18 displacements, 24 October - 24 October. According to IOM DTM Yemen, a total of 3 households were displaced from Al Hazm, Al Jawf Governorate to Khab wa Ash Shaaf, Al Jawf Governorate due to conflict reasons between 24 October 2025 and 24 October 2025. IOM DTM Yemen - 07 October 2025",,Conflict
225791,Yemen,YEM,14.380245,44.138586000000004,"[14.380245, 44.138586000000004]",Triangulation,Conflict,total,6,2025-10-24,2025-10-24,2025-10-24,2025,39257,Yemen: Non-International armed conflict (NIAC) - Sanaa City - 10/2025,,,2025-10-01,2025-10-31,,,,,,IOM DTM Yemen,,"Al Makhaf, Ta'izz Governorate, Yemen; Sana'a City, Yemen","13.43171, 44.052071; 15.32878, 44.225101",District/Zone/Department (ADM2); District/Zone/Department (ADM2),Destination; Origin,Displacement without preventive evacuations reported,2026-02-04T18:57:33.273223Z,"Yemen: 6 displacements, 24 October - 24 October. According to IOM DTM Yemen, one household was displaced from Sana'a City to Al Makhaf, Ta'izz Governorate due to conflict reasons between 24 October 2025 and 24 October 2025. IOM DTM Yemen - 07 October 2025",,Conflict
225790,Yemen,YEM,13.959545,43.66511,"[13.959545, 43.66511]",Triangulation,Conflict,total,12,2025-10-24,2025-10-24,2025-10-24,2025,33434,Yemen: Non-International armed conflict (NIAC) - Al Hodeidah - 10/2025,,,2025-10-01,2025-10-31,,,,,,IOM DTM Yemen,,"Al Makhaf, Ta'izz Governorate, Yemen; Beit Al Faqih, Al Hudaydah Governorate, Yemen","13.43171, 44.052071; 14.48738, 43.278149",District/Zone/Department (ADM2); District/Zone/Department (ADM2),Destination; Origin,Displacement without preventive evacuations reported,2026-02-04T18:57:33.205226Z,"Yemen: 12 displacements, 24 October - 24 October. According to IOM DTM Yemen, a total of 2 households were displaced from Beit Al Faqih, Al Hudaydah Governorate to Al Makhaf, Ta'izz Governorate due to conflict reasons between 24 October 2025 and 24 October 2025. IOM DTM Yemen - 07 October 2025",,Conflict
225779,Yemen,YEM,13.782065,43.720335,"[13.782065, 43.720335]",Triangulation,Conflict,total,12,2025-10-24,2025-10-24,2025-10-24,2025,33434,Yemen: Non-International armed conflict (NIAC) - Al Hodeidah - 10/2025,,,2025-10-01,2025-10-31,,,,,,IOM DTM Yemen,,"Al Jarrahi, Al Hudaydah Governorate, Yemen; Al Makhaf, Ta'izz Governorate, Yemen","14.13242, 43.388599; 13.43171, 44.052071",District/Zone/Department (ADM2); District/Zone/Department (ADM2),Origin; Destination,Displacement without preventive evacuations reported,2026-02-04T18:21:16.483582Z,"Yemen: 12 displacements, 24 October - 24 October. According to IOM DTM Yemen, a total of 2 households were displaced from Al Jarrahi, Al Hudaydah Governorate to Al Makhaf, Ta'izz Governorate due to conflict reasons between 24 October 2025 and 24 October 2025. IOM DTM Yemen - 07 October 2025",,Conflict
225778,Yemen,YEM,13.42927,43.9976655,"[13.42927, 43.9976655]",Triangulation,Conflict,total,12,2025-10-24,2025-10-24,2025-10-24,2025,33436,Yemen: Non-International armed conflict (NIAC) - Taiz - 10/2025,,,2025-10-01,2025-10-31,,,,,,IOM DTM Yemen,,"Al Madahif, Ta'izz Governorate, Yemen; Al Makhaf, Ta'izz Governorate, Yemen","13.42683, 43.94326; 13.43171, 44.052071",District/Zone/Department (ADM2); District/Zone/Department (ADM2),Origin; Destination,Displacement without preventive evacuations reported,2026-02-04T18:21:16.370244Z,"Yemen: 12 displacements, 24 October - 24 October. According to IOM DTM Yemen, a total of 2 households were displaced from Al Madahif, Ta'izz Governorate to Al Makhaf, Ta'izz Governorate due to conflict reasons between 24 October 2025 and 24 October 2025. IOM DTM Yemen - 07 October 2025",,Conflict
225793,Yemen,YEM,16.64316,45.78532,"[16.64316, 45.78532]",Triangulation,Conflict,total,36,2025-10-24,2025-10-24,2025-10-24,2025,39263,Yemen: Non-International armed conflict (NIAC) - Al Jawf - 10/2025,,,2025-10-01,2025-10-31,,,,,,IOM DTM Yemen,,"Khab wa Ash Shaaf, Al Jawf Governorate, Yemen","16.64316, 45.78532",District/Zone/Department (ADM2),Origin and destination,Displacement without preventive evacuations reported,2026-02-04T18:57:33.403558Z,"Yemen: 36 displacements, 24 October - 24 October. According to IOM DTM Yemen, a total of 6 households were displaced from Khab wa Ash Shaaf, Al Jawf Governorate to Khab wa Ash Shaaf, Al Jawf Governorate due to conflict reasons between 24 October 2025 and 24 October 2025. IOM DTM Yemen - 07 October 2025",,Conflict
225758,Yemen,YEM,13.43263,44.5442355,"[13.43263, 44.5442355]",Triangulation,Conflict,total,6,2025-10-23,2025-10-23,2025-10-23,2025,33436,Yemen: Non-International armed conflict (NIAC) - Taiz - 10/2025,,,2025-10-01,2025-10-31,,,,,,IOM DTM Yemen,,"Al Maafiri, Ta'izz Governorate, Yemen; Zinjibar District, Abyan Governorate, Yemen","13.75991, 43.689251; 13.10535, 45.39922",District/Zone/Department (ADM2); District/Zone/Department (ADM2),Origin; Destination,Displacement without preventive evacuations reported,2026-02-04T18:21:14.193207Z,"Yemen: 6 displacements, 23 October - 23 October. According to IOM DTM Yemen, one household was displaced from Al Maafiri, Ta'izz Governorate to Zinjibar District, Abyan Governorate due to conflict reasons between 23 October 2025 and 23 October 2025. IOM DTM Yemen - 07 October 2025",,Conflict
225734,Yemen,YEM,13.552875,43.6064605,"[13.552875, 43.6064605]",Triangulation,Conflict,total,6,2025-10-23,2025-10-23,2025-10-23,2025,33436,Yemen: Non-International armed conflict (NIAC) - Taiz - 10/2025,,,2025-10-01,2025-10-31,,,,,,IOM DTM Yemen,,"Al Waziiyah, Ta'izz Governorate, Yemen; Hays, Al Hudaydah Governorate, Yemen","13.17405, 43.72982; 13.9317, 43.483101",District/Zone/Department (ADM2); District/Zone/Department (ADM2),Origin; Destination,Displacement without preventive evacuations reported,2026-02-04T18:21:08.258029Z,"Yemen: 6 displacements, 23 October - 23 October. According to IOM DTM Yemen, one household was displaced from Al Waziiyah, Ta'izz Governorate to Hays, Al Hudaydah Governorate due to conflict reasons between 23 October 2025 and 23 October 2025. IOM DTM Yemen - 07 October 2025",,Conflict
225735,Yemen,YEM,13.9317,43.483101,"[13.9317, 43.483101]",Triangulation,Conflict,total,6,2025-10-23,2025-10-23,2025-10-23,2025,33434,Yemen: Non-International armed conflict (NIAC) - Al Hodeidah - 10/2025,,,2025-10-01,2025-10-31,,,,,,IOM DTM Yemen,,"Hays, Al Hudaydah Governorate, Yemen","13.9317, 43.483101",District/Zone/Department (ADM2),Origin and destination,Displacement without preventive evacuations reported,2026-02-04T18:21:08.326544Z,"Yemen: 6 displacements, 23 October - 23 October. According to IOM DTM Yemen, one household was displaced from Hays, Al Hudaydah Governorate to Hays, Al Hudaydah Governorate due to conflict reasons between 23 October 2025 and 23 October 2025. IOM DTM Yemen - 07 October 2025",,Conflict
225751,Yemen,YEM,13.605515,44.492315000000005,"[13.605515, 44.492315000000005]",Triangulation,Conflict,total,18,2025-10-23,2025-10-23,2025-10-23,2025,33436,Yemen: Non-International armed conflict (NIAC) - Taiz - 10/2025,,,2025-10-01,2025-10-31,,,,,,IOM DTM Yemen,,"Al Azariq, Ad Dali' Governorate, Yemen; Mavia, Ta'izz Governorate, Yemen","13.62809, 44.636951; 13.58294, 44.347679",District/Zone/Department (ADM2); District/Zone/Department (ADM2),Destination; Origin,Displacement without preventive evacuations reported,2026-02-04T18:21:09.673851Z,"Yemen: 18 displacements, 23 October - 23 October. According to IOM DTM Yemen, a total of 3 households were displaced from Mavia, Ta'izz Governorate to Azariq, Ad Dali' Governorate due to conflict reasons between 23 October 2025 and 23 October 2025. IOM DTM Yemen - 07 October 2025",,Conflict
225756,Yemen,YEM,13.28962,44.643641,"[13.28962, 44.643641]",Triangulation,Conflict,total,6,2025-10-23,2025-10-23,2025-10-23,2025,33436,Yemen: Non-International armed conflict (NIAC) - Taiz - 10/2025,,,2025-10-01,2025-10-31,,,,,,IOM DTM Yemen,,"Jabal Habashi, Ta'izz Governorate, Yemen; Zinjibar District, Abyan Governorate, Yemen","13.47389, 43.888062; 13.10535, 45.39922",District/Zone/Department (ADM2); District/Zone/Department (ADM2),Origin; Destination,Displacement without preventive evacuations reported,2026-02-04T18:21:13.975495Z,"Yemen: 6 displacements, 23 October - 23 October. According to IOM DTM Yemen, one household was displaced from Jabal Habashi, Ta'izz Governorate to Zinjibar District, Abyan Governorate due to conflict reasons between 23 October 2025 and 23 October 2025. IOM DTM Yemen - 07 October 2025",,Conflict
225757,Yemen,YEM,13.29166,44.7399255,"[13.29166, 44.7399255]",Triangulation,Conflict,total,6,2025-10-23,2025-10-23,2025-10-23,2025,33436,Yemen: Non-International armed conflict (NIAC) - Taiz - 10/2025,,,2025-10-01,2025-10-31,,,,,,IOM DTM Yemen,,"Sabir al Mawadim, Ta'izz Governorate, Yemen; Zinjibar District, Abyan Governorate, Yemen","13.47797, 44.080631; 13.10535, 45.39922",District/Zone/Department (ADM2); District/Zone/Department (ADM2),Origin; Destination,Displacement without preventive evacuations reported,2026-02-04T18:21:14.091038Z,"Yemen: 6 displacements, 23 October - 23 October. According to IOM DTM Yemen, one household was displaced from Sabir al Mawadim, Ta'izz Governorate to Zinjibar District, Abyan Governorate due to conflict reasons between 23 October 2025 and 23 October 2025. IOM DTM Yemen - 07 October 2025",,Conflict
225759,Yemen,YEM,13.21162,44.8356955,"[13.21162, 44.8356955]",Triangulation,Conflict,total,6,2025-10-23,2025-10-23,2025-10-23,2025,33436,Yemen: Non-International armed conflict (NIAC) - Taiz - 10/2025,,,2025-10-01,2025-10-31,,,,,,IOM DTM Yemen,,"Hefan, Ta'izz Governorate, Yemen; Zinjibar District, Abyan Governorate, Yemen","13.31789, 44.272171; 13.10535, 45.39922",District/Zone/Department (ADM2); District/Zone/Department (ADM2),Origin; Destination,Displacement without preventive evacuations reported,2026-02-04T18:21:14.309709Z,"Yemen: 6 displacements, 23 October - 23 October. According to IOM DTM Yemen, one household was displaced from Hefan, Ta'izz Governorate to Zinjibar District, Abyan Governorate due to conflict reasons between 23 October 2025 and 23 October 2025. IOM DTM Yemen - 07 October 2025",,Conflict
225760,Yemen,YEM,13.18683,44.454575,"[13.18683, 44.454575]",Triangulation,Conflict,total,6,2025-10-23,2025-10-23,2025-10-23,2025,33436,Yemen: Non-International armed conflict (NIAC) - Taiz - 10/2025,,,2025-10-01,2025-10-31,,,,,,IOM DTM Yemen,,"Mowaza, Ta'izz Governorate, Yemen; Zinjibar District, Abyan Governorate, Yemen","13.26831, 43.50993; 13.10535, 45.39922",District/Zone/Department (ADM2); District/Zone/Department (ADM2),Origin; Destination,Displacement without preventive evacuations reported,2026-02-04T18:21:14.429963Z,"Yemen: 6 displacements, 23 October - 23 October. According to IOM DTM Yemen, one household was displaced from Mowaza, Ta'izz Governorate to Zinjibar District, Abyan Governorate due to conflict reasons between 23 October 2025 and 23 October 2025. IOM DTM Yemen - 07 October 2025",,Conflict
225761,Yemen,YEM,13.464475,43.5979405,"[13.464475, 43.5979405]",Triangulation,Conflict,total,36,2025-10-23,2025-10-23,2025-10-23,2025,33436,Yemen: Non-International armed conflict (NIAC) - Taiz - 10/2025,,,2025-10-01,2025-10-31,,,,,,IOM DTM Yemen,,"Maqbanah, Ta'izz Governorate, Yemen; Mowaza, Ta'izz Governorate, Yemen","13.66064, 43.685951; 13.26831, 43.50993",District/Zone/Department (ADM2); District/Zone/Department (ADM2),Origin; Destination,Displacement without preventive evacuations reported,2026-02-04T18:21:14.542569Z,"Yemen: 36 displacements, 23 October - 23 October. According to IOM DTM Yemen, a total of 6 households were displaced from Maqbanah, Ta'izz Governorate to Mowaza, Ta'izz Governorate due to conflict reasons between 23 October 2025 and 23 October 2025. IOM DTM Yemen - 07 October 2025",,Conflict
225742,Yemen,YEM,14.22129,43.201216,"[14.22129, 43.201216]",Triangulation,Conflict,total,6,2025-10-22,2025-10-22,2025-10-22,2025,33434,Yemen: Non-International armed conflict (NIAC) - Al Hodeidah - 10/2025,,,2025-10-01,2025-10-31,,,,,,IOM DTM Yemen,,"Al Durayhami, Al Hudaydah Governorate, Yemen; Al Khawkhah, Al Hudaydah Governorate, Yemen","14.63702, 43.05505; 13.80556, 43.347382",District/Zone/Department (ADM2); District/Zone/Department (ADM2),Origin; Destination,Displacement without preventive evacuations reported,2026-02-04T18:21:09.129365Z,"Yemen: 6 displacements, 22 October - 22 October. According to IOM DTM Yemen, one household was displaced from Al Durayhami, Al Hudaydah Governorate to Al Khawkhah, Al Hudaydah Governorate due to conflict reasons between 22 October 2025 and 22 October 2025. IOM DTM Yemen - 07 October 2025",,Conflict
225733,Yemen,YEM,15.121705,44.1066515,"[15.121705, 44.1066515]",Triangulation,Conflict,total,6,2025-10-22,2025-10-22,2025-10-22,2025,33434,Yemen: Non-International armed conflict (NIAC) - Al Hodeidah - 10/2025,,,2025-10-01,2025-10-31,,,,,,IOM DTM Yemen,,"Al Mina, Al Hudaydah Governorate, Yemen; Madinat Marib, Marib Governorate, Yemen","14.82774, 42.909882; 15.41567, 45.303421",District/Zone/Department (ADM2); District/Zone/Department (ADM2),Origin; Destination,Displacement without preventive evacuations reported,2026-02-04T18:21:08.194738Z,"Yemen: 6 displacements, 22 October - 22 October. According to IOM DTM Yemen, one household was displaced from Al Mina, Al Hudaydah Governorate to Madinat Marib, Marib Governorate due to conflict reasons between 22 October 2025 and 22 October 2025. IOM DTM Yemen - 07 October 2025",,Conflict
225743,Yemen,YEM,14.9042555,43.2723105,"[14.9042555, 43.2723105]",Triangulation,Conflict,total,6,2025-10-22,2025-10-22,2025-10-22,2025,39258,Yemen: Non-International armed conflict (NIAC) - Hajjah - 10/2025,,,2025-10-01,2025-10-31,,,,,,IOM DTM Yemen,,"Abs, Hajjah Governorate, Yemen; Al Khawkhah, Al Hudaydah Governorate, Yemen","16.002951, 43.197239; 13.80556, 43.347382",District/Zone/Department (ADM2); District/Zone/Department (ADM2),Origin; Destination,Displacement without preventive evacuations reported,2026-02-04T18:21:09.186930Z,"Yemen: 6 displacements, 22 October - 22 October. According to IOM DTM Yemen, one household was displaced from Abs, Hajjah Governorate to Al Khawkhah, Al Hudaydah Governorate due to conflict reasons between 22 October 2025 and 22 October 2025. IOM DTM Yemen - 07 October 2025",,Conflict
225732,Yemen,YEM,14.03206,43.43585,"[14.03206, 43.43585]",Triangulation,Conflict,total,12,2025-10-21,2025-10-21,2025-10-21,2025,33434,Yemen: Non-International armed conflict (NIAC) - Al Hodeidah - 10/2025,,,2025-10-01,2025-10-31,,,,,,IOM DTM Yemen,,"Al Jarrahi, Al Hudaydah Governorate, Yemen; Hays, Al Hudaydah Governorate, Yemen","14.13242, 43.388599; 13.9317, 43.483101",District/Zone/Department (ADM2); District/Zone/Department (ADM2),Origin; Destination,Displacement without preventive evacuations reported,2026-02-04T18:21:08.113829Z,"Yemen: 12 displacements, 21 October - 21 October. According to IOM DTM Yemen, a total of 2 households were displaced from Al Jarrahi, Al Hudaydah Governorate to Hays, Al Hudaydah Governorate due to conflict reasons between 21 October 2025 and 21 October 2025. IOM DTM Yemen - 07 October 2025",,Conflict
225748,Yemen,YEM,14.30917,43.156052,"[14.30917, 43.156052]",Triangulation,Conflict,total,6,2025-10-21,2025-10-21,2025-10-21,2025,33434,Yemen: Non-International armed conflict (NIAC) - Al Hodeidah - 10/2025,,,2025-10-01,2025-10-31,,,,,,IOM DTM Yemen,,"Al Hali, Al Hudaydah Governorate, Yemen; Al Khawkhah, Al Hudaydah Governorate, Yemen","14.81278, 42.964722; 13.80556, 43.347382",District/Zone/Department (ADM2); District/Zone/Department (ADM2),Origin; Destination,Displacement without preventive evacuations reported,2026-02-04T18:21:09.488395Z,"Yemen: 6 displacements, 21 October - 21 October. According to IOM DTM Yemen, one household was displaced from Al Hali, Al Hudaydah Governorate to Al Khawkhah, Al Hudaydah Governorate due to conflict reasons between 21 October 2025 and 21 October 2025. IOM DTM Yemen - 07 October 2025",,Conflict
225709,Yemen,YEM,15.107835000000001,44.626711,"[15.107835000000001, 44.626711]",Triangulation,Conflict,total,6,2025-10-21,2025-10-21,2025-10-21,2025,33435,Yemen: Non-International armed conflict (NIAC) - Dhamar - 10/2025,,,2025-10-01,2025-10-31,,,,,,IOM DTM Yemen,,"Jabal ash Sharq, Dhamar Governorate, Yemen; Madinat Marib, Marib Governorate, Yemen","14.8, 43.950001; 15.41567, 45.303421",District/Zone/Department (ADM2); District/Zone/Department (ADM2),Origin; Destination,Displacement without preventive evacuations reported,2026-02-04T17:46:33.187330Z,"Yemen: 6 displacements, 21 October - 21 October. According to IOM DTM Yemen, one household was displaced from Jabal ash Sharq, Dhamar Governorate to Madinat Marib, Marib Governorate due to conflict reasons between 21 October 2025 and 21 October 2025. IOM DTM Yemen - 07 October 2025",,Conflict
225718,Yemen,YEM,15.403369999999999,44.748025999999996,"[15.403369999999999, 44.748025999999996]",Triangulation,Conflict,total,6,2025-10-21,2025-10-21,2025-10-21,2025,39257,Yemen: Non-International armed conflict (NIAC) - Sanaa City - 10/2025,,,2025-10-01,2025-10-31,,,,,,IOM DTM Yemen,,"At Thaourah District, Amanat Al Asimah, Yemen; Madinat Marib, Marib Governorate, Yemen","15.39107, 44.192631; 15.41567, 45.303421",District/Zone/Department (ADM2); District/Zone/Department (ADM2),Origin; Destination,Displacement without preventive evacuations reported,2026-02-04T17:46:34.129645Z,"Yemen: 6 displacements, 21 October - 21 October. According to IOM DTM Yemen, one household was displaced from At Thaourah District, Amanat Al Asimah to Madinat Marib, Marib Governorate due to conflict reasons between 21 October 2025 and 21 October 2025. IOM DTM Yemen - 07 October 2025",,Conflict
225731,Yemen,YEM,16.18892,44.920835499999995,"[16.18892, 44.920835499999995]",Triangulation,Conflict,total,12,2025-10-21,2025-10-21,2025-10-21,2025,39263,Yemen: Non-International armed conflict (NIAC) - Al Jawf - 10/2025,,,2025-10-01,2025-10-31,,,,,,IOM DTM Yemen,,"Bart al Anan, Al Jawf Governorate, Yemen; Marib, Marib Governorate, Yemen","16.91996, 44.51865; 15.45788, 45.323021",District/Zone/Department (ADM2); District/Zone/Department (ADM2),Origin; Destination,Displacement without preventive evacuations reported,2026-02-04T18:21:08.025940Z,"Yemen: 12 displacements, 21 October - 21 October. According to IOM DTM Yemen, a total of 2 households were displaced from Bart al Anan, Al Jawf Governorate to Marib, Marib Governorate due to conflict reasons between 21 October 2025 and 21 October 2025. IOM DTM Yemen - 07 October 2025",,Conflict
225715,Yemen,YEM,13.908366000000001,48.2967745,"[13.908366000000001, 48.2967745]",Triangulation,Conflict,total,6,2025-10-20,2025-10-20,2025-10-20,2025,33434,Yemen: Non-International armed conflict (NIAC) - Al Hodeidah - 10/2025,,,2025-10-01,2025-10-31,,,,,,IOM DTM Yemen,,"Hidaybu District, Socotra Governorate, Yemen; Kamaran District, Al Hudaydah Governorate, Yemen","12.492096, 54.008167; 15.324636, 42.585382",District/Zone/Department (ADM2); District/Zone/Department (ADM2),Destination; Origin,Displacement without preventive evacuations reported,2026-02-04T17:46:33.789771Z,"Yemen: 6 displacements, 20 October - 20 October. According to IOM DTM Yemen, one household was displaced from Kamaran District, Al Hudaydah Governorate to Hidaybu District, Socotra Governorate due to conflict reasons between 20 October 2025 and 20 October 2025. IOM DTM Yemen - 07 October 2025",,Conflict
225706,Yemen,YEM,15.936385,44.21537,"[15.936385, 44.21537]",Triangulation,Conflict,total,18,2025-10-20,2025-10-20,2025-10-20,2025,39258,Yemen: Non-International armed conflict (NIAC) - Hajjah - 10/2025,,,2025-10-01,2025-10-31,,,,,,IOM DTM Yemen,,"Harad, Hajjah Governorate, Yemen; Marib, Marib Governorate, Yemen","16.41489, 43.107719; 15.45788, 45.323021",District/Zone/Department (ADM2); District/Zone/Department (ADM2),Origin; Destination,Displacement without preventive evacuations reported,2026-02-04T17:46:32.896371Z,"Yemen: 18 displacements, 20 October - 20 October. According to IOM DTM Yemen, a total of 3 households were displaced from Harad, Hajjah Governorate to Marib, Marib Governorate due to conflict reasons between 20 October 2025 and 20 October 2025. IOM DTM Yemen - 07 October 2025",,Conflict
225730,Yemen,YEM,14.72072,44.6528395,"[14.72072, 44.6528395]",Triangulation,Conflict,total,12,2025-10-20,2025-10-20,2025-10-20,2025,39259,Yemen: Non-International armed conflict (NIAC) - Ibb - 10/2025,,,2025-10-01,2025-10-31,,,,,,IOM DTM Yemen,,"Hazm al Udayn, Ibb Governorate, Yemen; Madinat Marib, Marib Governorate, Yemen","14.02577, 44.002258; 15.41567, 45.303421",District/Zone/Department (ADM2); District/Zone/Department (ADM2),Origin; Destination,Displacement without preventive evacuations reported,2026-02-04T18:21:07.961508Z,"Yemen: 12 displacements, 20 October - 20 October. According to IOM DTM Yemen, a total of 2 households were displaced from Hazm al Udayn, Ibb Governorate to Madinat Marib, Marib Governorate due to conflict reasons between 20 October 2025 and 20 October 2025. IOM DTM Yemen - 07 October 2025",,Conflict
225716,Yemen,YEM,15.431455,45.160286,"[15.431455, 45.160286]",Triangulation,Conflict,total,6,2025-10-20,2025-10-20,2025-10-20,2025,39262,Yemen: Non-International armed conflict (NIAC) - Marib - 10/2025,,,2025-10-01,2025-10-31,,,,,,IOM DTM Yemen,,"Madinat Marib, Marib Governorate, Yemen; Sirwah, Marib Governorate, Yemen","15.41567, 45.303421; 15.44724, 45.017151",District/Zone/Department (ADM2); District/Zone/Department (ADM2),Destination; Origin,Displacement without preventive evacuations reported,2026-02-04T17:46:33.899399Z,"Yemen: 6 displacements, 20 October - 20 October. According to IOM DTM Yemen, one household was displaced from Sirwah, Marib Governorate to Madinat Marib, Marib Governorate due to conflict reasons between 20 October 2025 and 20 October 2025. IOM DTM Yemen - 07 October 2025",,Conflict
225717,Yemen,YEM,15.483425,44.7831745,"[15.483425, 44.7831745]",Triangulation,Conflict,total,6,2025-10-20,2025-10-20,2025-10-20,2025,39257,Yemen: Non-International armed conflict (NIAC) - Sanaa City - 10/2025,,,2025-10-01,2025-10-31,,,,,,IOM DTM Yemen,,"Bani AlHareth District, Amanat Al Asimah, Yemen; Marib, Marib Governorate, Yemen","15.50897, 44.243328; 15.45788, 45.323021",District/Zone/Department (ADM2); District/Zone/Department (ADM2),Origin; Destination,Displacement without preventive evacuations reported,2026-02-04T17:46:34.012008Z,"Yemen: 6 displacements, 20 October - 20 October. According to IOM DTM Yemen, one household was displaced from Bani AlHareth District, Amanat Al Asimah to Marib, Marib Governorate due to conflict reasons between 20 October 2025 and 20 October 2025. IOM DTM Yemen - 07 October 2025",,Conflict
225701,Yemen,YEM,14.951525,44.290785,"[14.951525, 44.290785]",Triangulation,Conflict,total,6,2025-10-19,2025-10-19,2025-10-19,2025,33434,Yemen: Non-International armed conflict (NIAC) - Al Hodeidah - 10/2025,,,2025-10-01,2025-10-31,,,,,,IOM DTM Yemen,,"Beit Al Faqih, Al Hudaydah Governorate, Yemen; Madinat Marib, Marib Governorate, Yemen","14.48738, 43.278149; 15.41567, 45.303421",District/Zone/Department (ADM2); District/Zone/Department (ADM2),Origin; Destination,Displacement without preventive evacuations reported,2026-02-04T17:46:32.433391Z,"Yemen: 6 displacements, 19 October - 19 October. According to IOM DTM Yemen, one household was displaced from Beit Al Faqih, Al Hudaydah Governorate to Madinat Marib, Marib Governorate due to conflict reasons between 19 October 2025 and 19 October 2025. IOM DTM Yemen - 07 October 2025",,Conflict
225708,Yemen,YEM,15.27246,45.2951165,"[15.27246, 45.2951165]",Triangulation,Conflict,total,6,2025-10-19,2025-10-19,2025-10-19,2025,39262,Yemen: Non-International armed conflict (NIAC) - Marib - 10/2025,,,2025-10-01,2025-10-31,,,,,,IOM DTM Yemen,,"Al Jubah, Marib Governorate, Yemen; Madinat Marib, Marib Governorate, Yemen","15.12925, 45.286812; 15.41567, 45.303421",District/Zone/Department (ADM2); District/Zone/Department (ADM2),Origin; Destination,Displacement without preventive evacuations reported,2026-02-04T17:46:33.086890Z,"Yemen: 6 displacements, 19 October - 19 October. According to IOM DTM Yemen, one household was displaced from Al Jubah, Marib Governorate to Madinat Marib, Marib Governorate due to conflict reasons between 19 October 2025 and 19 October 2025. IOM DTM Yemen - 07 October 2025",,Conflict
225699,Yemen,YEM,13.9317,43.483101,"[13.9317, 43.483101]",Triangulation,Conflict,total,36,2025-10-19,2025-10-19,2025-10-19,2025,33434,Yemen: Non-International armed conflict (NIAC) - Al Hodeidah - 10/2025,,,2025-10-01,2025-10-31,,,,,,IOM DTM Yemen,,"Hays, Al Hudaydah Governorate, Yemen","13.9317, 43.483101",District/Zone/Department (ADM2),Origin and destination,Displacement without preventive evacuations reported,2026-02-04T17:46:32.225548Z,"Yemen: 36 displacements, 19 October - 19 October. According to IOM DTM Yemen, a total of 6 households were displaced from Hays, Al Hudaydah Governorate to Hays, Al Hudaydah Governorate due to conflict reasons between 19 October 2025 and 19 October 2025. IOM DTM Yemen - 07 October 2025",,Conflict
225700,Yemen,YEM,15.228625000000001,44.6003305,"[15.228625000000001, 44.6003305]",Triangulation,Conflict,total,12,2025-10-19,2025-10-19,2025-10-19,2025,39261,Yemen: Non-International armed conflict (NIAC) - Sanaa - 10/2025,,,2025-10-01,2025-10-31,,,,,,IOM DTM Yemen,,"Al Haymah al Kharijiyah District, Sana'a Governorate, Yemen; Madinat Marib, Marib Governorate, Yemen","15.04158, 43.89724; 15.41567, 45.303421",District/Zone/Department (ADM2); District/Zone/Department (ADM2),Origin; Destination,Displacement without preventive evacuations reported,2026-02-04T17:46:32.333642Z,"Yemen: 12 displacements, 19 October - 19 October. According to IOM DTM Yemen, a total of 2 households were displaced from Al Haymah al Kharijiyah District, Sana'a Governorate to Madinat Marib, Marib Governorate due to conflict reasons between 19 October 2025 and 19 October 2025. IOM DTM Yemen - 07 October 2025",,Conflict
225702,Yemen,YEM,14.68868,44.7221415,"[14.68868, 44.7221415]",Triangulation,Conflict,total,6,2025-10-19,2025-10-19,2025-10-19,2025,39259,Yemen: Non-International armed conflict (NIAC) - Ibb - 10/2025,,,2025-10-01,2025-10-31,,,,,,IOM DTM Yemen,,"Jiblah, Ibb Governorate, Yemen; Marib, Marib Governorate, Yemen","13.91948, 44.121262; 15.45788, 45.323021",District/Zone/Department (ADM2); District/Zone/Department (ADM2),Origin; Destination,Displacement without preventive evacuations reported,2026-02-04T17:46:32.525383Z,"Yemen: 6 displacements, 19 October - 19 October. According to IOM DTM Yemen, one household was displaced from Jiblah, Ibb Governorate to Marib, Marib Governorate due to conflict reasons between 19 October 2025 and 19 October 2025. IOM DTM Yemen - 07 October 2025",,Conflict
225705,Yemen,YEM,15.59719,44.930375999999995,"[15.59719, 44.930375999999995]",Triangulation,Conflict,total,6,2025-10-18,2025-10-18,2025-10-18,2025,39261,Yemen: Non-International armed conflict (NIAC) - Sanaa - 10/2025,,,2025-10-01,2025-10-31,,,,,,IOM DTM Yemen,,"Marib, Marib Governorate, Yemen; Nihm District, Sana'a Governorate, Yemen","15.45788, 45.323021; 15.7365, 44.537731",District/Zone/Department (ADM2); District/Zone/Department (ADM2),Destination; Origin,Displacement without preventive evacuations reported,2026-02-04T17:46:32.809505Z,"Yemen: 6 displacements, 18 October - 18 October. According to IOM DTM Yemen, one household was displaced from Nihm District, Sana'a Governorate to Marib, Marib Governorate due to conflict reasons between 18 October 2025 and 18 October 2025. IOM DTM Yemen - 07 October 2025",,Conflict
225698,Yemen,YEM,14.379719999999999,43.1964915,"[14.379719999999999, 43.1964915]",Triangulation,Conflict,total,6,2025-10-18,2025-10-18,2025-10-18,2025,33434,Yemen: Non-International armed conflict (NIAC) - Al Hodeidah - 10/2025,,,2025-10-01,2025-10-31,,,,,,IOM DTM Yemen,,"Al Mina, Al Hudaydah Governorate, Yemen; Hays, Al Hudaydah Governorate, Yemen","14.82774, 42.909882; 13.9317, 43.483101",District/Zone/Department (ADM2); District/Zone/Department (ADM2),Origin; Destination,Displacement without preventive evacuations reported,2026-02-04T17:46:32.131223Z,"Yemen: 6 displacements, 18 October - 18 October. According to IOM DTM Yemen, one household was displaced from Al Mina, Al Hudaydah Governorate to Hays, Al Hudaydah Governorate due to conflict reasons between 18 October 2025 and 18 October 2025. IOM DTM Yemen - 07 October 2025",,Conflict
225697,Yemen,YEM,14.03206,43.43585,"[14.03206, 43.43585]",Triangulation,Conflict,total,12,2025-10-18,2025-10-18,2025-10-18,2025,33434,Yemen: Non-International armed conflict (NIAC) - Al Hodeidah - 10/2025,,,2025-10-01,2025-10-31,,,,,,IOM DTM Yemen,,"Al Jarrahi, Al Hudaydah Governorate, Yemen; Hays, Al Hudaydah Governorate, Yemen","14.13242, 43.388599; 13.9317, 43.483101",District/Zone/Department (ADM2); District/Zone/Department (ADM2),Origin; Destination,Displacement without preventive evacuations reported,2026-02-04T17:46:32.028418Z,"Yemen: 12 displacements, 18 October - 18 October. According to IOM DTM Yemen, a total of 2 households were displaced from Al Jarrahi, Al Hudaydah Governorate to Hays, Al Hudaydah Governorate due to conflict reasons between 18 October 2025 and 18 October 2025. IOM DTM Yemen - 07 October 2025",,Conflict
225707,Yemen,YEM,15.135755,44.2499715,"[15.135755, 44.2499715]",Triangulation,Conflict,total,6,2025-10-18,2025-10-18,2025-10-18,2025,33434,Yemen: Non-International armed conflict (NIAC) - Al Hodeidah - 10/2025,,,2025-10-01,2025-10-31,,,,,,IOM DTM Yemen,,"Al Marawiah, Al Hudaydah Governorate, Yemen; Madinat Marib, Marib Governorate, Yemen","14.85584, 43.196522; 15.41567, 45.303421",District/Zone/Department (ADM2); District/Zone/Department (ADM2),Origin; Destination,Displacement without preventive evacuations reported,2026-02-04T17:46:32.986785Z,"Yemen: 6 displacements, 18 October - 18 October. According to IOM DTM Yemen, one household was displaced from Al Marawiah, Al Hudaydah Governorate to Madinat Marib, Marib Governorate due to conflict reasons between 18 October 2025 and 18 October 2025. IOM DTM Yemen - 07 October 2025",,Conflict
225719,Yemen,YEM,13.424434999999999,44.005860999999996,"[13.424434999999999, 44.005860999999996]",Triangulation,Conflict,total,6,2025-10-18,2025-10-18,2025-10-18,2025,33436,Yemen: Non-International armed conflict (NIAC) - Taiz - 10/2025,,,2025-10-01,2025-10-31,,,,,,IOM DTM Yemen,,"Sabir al Mawadim, Ta'izz Governorate, Yemen; Salah, Ta'izz Governorate, Yemen","13.47797, 44.080631; 13.3709, 43.931091",District/Zone/Department (ADM2); District/Zone/Department (ADM2),Origin; Destination,Displacement without preventive evacuations reported,2026-02-04T17:46:34.250486Z,"Yemen: 6 displacements, 18 October - 18 October. According to IOM DTM Yemen, one household was displaced from Sabir al Mawadim, Ta'izz Governorate to Salah, Ta'izz Governorate due to conflict reasons between 18 October 2025 and 18 October 2025. IOM DTM Yemen - 07 October 2025",,Conflict
225693,Yemen,YEM,14.951525,44.290785,"[14.951525, 44.290785]",Triangulation,Conflict,total,12,2025-10-17,2025-10-17,2025-10-17,2025,33434,Yemen: Non-International armed conflict (NIAC) - Al Hodeidah - 10/2025,,,2025-10-01,2025-10-31,,,,,,IOM DTM Yemen,,"Beit Al Faqih, Al Hudaydah Governorate, Yemen; Madinat Marib, Marib Governorate, Yemen","14.48738, 43.278149; 15.41567, 45.303421",District/Zone/Department (ADM2); District/Zone/Department (ADM2),Origin; Destination,Displacement without preventive evacuations reported,2026-02-04T17:46:25.532978Z,"Yemen: 12 displacements, 17 October - 17 October. According to IOM DTM Yemen, a total of 2 households were displaced from Beit Al Faqih, Al Hudaydah Governorate to Madinat Marib, Marib Governorate due to conflict reasons between 17 October 2025 and 17 October 2025. IOM DTM Yemen - 07 October 2025",,Conflict
225714,Yemen,YEM,13.158674999999999,44.36833,"[13.158674999999999, 44.36833]",Triangulation,Conflict,total,6,2025-10-17,2025-10-17,2025-10-17,2025,33436,Yemen: Non-International armed conflict (NIAC) - Taiz - 10/2025,,,2025-10-01,2025-10-31,,,,,,IOM DTM Yemen,,"Hefan, Ta'izz Governorate, Yemen; Tur al Bahah, Lahij Governorate, Yemen","13.31789, 44.272171; 12.99946, 44.464489",District/Zone/Department (ADM2); District/Zone/Department (ADM2),Origin; Destination,Displacement without preventive evacuations reported,2026-02-04T17:46:33.690344Z,"Yemen: 6 displacements, 17 October - 17 October. According to IOM DTM Yemen, one household was displaced from Hefan, Ta'izz Governorate to Tur al Bahah, Lahij Governorate due to conflict reasons between 17 October 2025 and 17 October 2025. IOM DTM Yemen - 07 October 2025",,Conflict
225712,Yemen,YEM,13.99456,43.286877000000004,"[13.99456, 43.286877000000004]",Triangulation,Conflict,total,6,2025-10-16,2025-10-16,2025-10-16,2025,33434,Yemen: Non-International armed conflict (NIAC) - Al Hodeidah - 10/2025,,,2025-10-01,2025-10-31,,,,,,IOM DTM Yemen,,"Al Khawkhah, Al Hudaydah Governorate, Yemen; At Tahaytha, Al Hudaydah Governorate, Yemen","13.80556, 43.347382; 14.18356, 43.226372",District/Zone/Department (ADM2); District/Zone/Department (ADM2),Destination; Origin,Displacement without preventive evacuations reported,2026-02-04T17:46:33.490664Z,"Yemen: 6 displacements, 16 October - 16 October. According to IOM DTM Yemen, one household was displaced from At Tahaytha, Al Hudaydah Governorate to Al Khawkhah, Al Hudaydah Governorate due to conflict reasons between 16 October 2025 and 16 October 2025. IOM DTM Yemen - 07 October 2025",,Conflict
225711,Yemen,YEM,13.96899,43.367990500000005,"[13.96899, 43.367990500000005]",Triangulation,Conflict,total,12,2025-10-16,2025-10-16,2025-10-16,2025,33434,Yemen: Non-International armed conflict (NIAC) - Al Hodeidah - 10/2025,,,2025-10-01,2025-10-31,,,,,,IOM DTM Yemen,,"Al Jarrahi, Al Hudaydah Governorate, Yemen; Al Khawkhah, Al Hudaydah Governorate, Yemen","14.13242, 43.388599; 13.80556, 43.347382",District/Zone/Department (ADM2); District/Zone/Department (ADM2),Origin; Destination,Displacement without preventive evacuations reported,2026-02-04T17:46:33.399376Z,"Yemen: 12 displacements, 16 October - 16 October. According to IOM DTM Yemen, a total of 2 households were displaced from Al Jarrahi, Al Hudaydah Governorate to Al Khawkhah, Al Hudaydah Governorate due to conflict reasons between 16 October 2025 and 16 October 2025. IOM DTM Yemen - 07 October 2025",,Conflict
225692,Yemen,YEM,14.565975,44.442094499999996,"[14.565975, 44.442094499999996]",Triangulation,Conflict,total,6,2025-10-16,2025-10-16,2025-10-16,2025,39257,Yemen: Non-International armed conflict (NIAC) - Sanaa City - 10/2025,,,2025-10-01,2025-10-31,,,,,,IOM DTM Yemen,,"Ad Dala, Ad Dali' Governorate, Yemen; Al Wahdah District, Amanat Al Asimah, Yemen","13.79697, 44.6982; 15.33498, 44.185989",District/Zone/Department (ADM2); District/Zone/Department (ADM2),Destination; Origin,Displacement without preventive evacuations reported,2026-02-04T17:46:25.426866Z,"Yemen: 6 displacements, 16 October - 16 October. According to IOM DTM Yemen, one household was displaced from Al Wahdah District, Amanat Al Asimah to Ad Dala, Ad Dali' Governorate due to conflict reasons between 16 October 2025 and 16 October 2025. IOM DTM Yemen - 07 October 2025",,Conflict
225713,Yemen,YEM,13.223659999999999,44.825044500000004,"[13.223659999999999, 44.825044500000004]",Triangulation,Conflict,total,6,2025-10-16,2025-10-16,2025-10-16,2025,39265,Yemen: Non-International armed conflict (NIAC) - Lahj - 10/2025,,,2025-10-01,2025-10-31,,,,,,IOM DTM Yemen,,"Al Milah, Lahij Governorate, Yemen; Tuban, Lahij Governorate, Yemen","13.42981, 44.825508; 13.01751, 44.824581",District/Zone/Department (ADM2); District/Zone/Department (ADM2),Destination; Origin,Displacement without preventive evacuations reported,2026-02-04T17:46:33.596770Z,"Yemen: 6 displacements, 16 October - 16 October. According to IOM DTM Yemen, one household was displaced from Tuban, Lahij Governorate to Al Milah, Lahij Governorate due to conflict reasons between 16 October 2025 and 16 October 2025. IOM DTM Yemen - 07 October 2025",,Conflict
225691,Yemen,YEM,15.384644999999999,44.751476499999995,"[15.384644999999999, 44.751476499999995]",Triangulation,Conflict,total,12,2025-10-15,2025-10-15,2025-10-15,2025,39257,Yemen: Non-International armed conflict (NIAC) - Sanaa City - 10/2025,,,2025-10-01,2025-10-31,,,,,,IOM DTM Yemen,,"At Tahrir District, Amanat Al Asimah, Yemen; Madinat Marib, Marib Governorate, Yemen","15.35362, 44.199532; 15.41567, 45.303421",District/Zone/Department (ADM2); District/Zone/Department (ADM2),Origin; Destination,Displacement without preventive evacuations reported,2026-02-04T17:46:25.339769Z,"Yemen: 12 displacements, 15 October - 15 October. According to IOM DTM Yemen, a total of 2 households were displaced from At Tahrir District, Amanat Al Asimah to Madinat Marib, Marib Governorate due to conflict reasons between 15 October 2025 and 15 October 2025. IOM DTM Yemen - 07 October 2025",,Conflict
225690,Yemen,YEM,15.379395,44.78063,"[15.379395, 44.78063]",Triangulation,Conflict,total,12,2025-10-15,2025-10-15,2025-10-15,2025,39257,Yemen: Non-International armed conflict (NIAC) - Sanaa City - 10/2025,,,2025-10-01,2025-10-31,,,,,,IOM DTM Yemen,,"As Safia district, Amanat Al Asimah, Yemen; Madinat Marib, Marib Governorate, Yemen","15.34312, 44.257839; 15.41567, 45.303421",District/Zone/Department (ADM2); District/Zone/Department (ADM2),Origin; Destination,Displacement without preventive evacuations reported,2026-02-04T17:46:25.196911Z,"Yemen: 12 displacements, 15 October - 15 October. According to IOM DTM Yemen, a total of 2 households were displaced from As Safia district, Amanat Al Asimah to Madinat Marib, Marib Governorate due to conflict reasons between 15 October 2025 and 15 October 2025. IOM DTM Yemen - 07 October 2025",,Conflict
225696,Yemen,YEM,14.27998,43.1726055,"[14.27998, 43.1726055]",Triangulation,Conflict,total,6,2025-10-15,2025-10-15,2025-10-15,2025,33434,Yemen: Non-International armed conflict (NIAC) - Al Hodeidah - 10/2025,,,2025-10-01,2025-10-31,,,,,,IOM DTM Yemen,,"Al Hawak, Al Hudaydah Governorate, Yemen; Al Khawkhah, Al Hudaydah Governorate, Yemen","14.7544, 42.997829; 13.80556, 43.347382",District/Zone/Department (ADM2); District/Zone/Department (ADM2),Origin; Destination,Displacement without preventive evacuations reported,2026-02-04T17:46:31.929488Z,"Yemen: 6 displacements, 15 October - 15 October. According to IOM DTM Yemen, one household was displaced from Al Hawak, Al Hudaydah Governorate to Al Khawkhah, Al Hudaydah Governorate due to conflict reasons between 15 October 2025 and 15 October 2025. IOM DTM Yemen - 07 October 2025",,Conflict
225703,Yemen,YEM,13.223659999999999,44.825044500000004,"[13.223659999999999, 44.825044500000004]",Triangulation,Conflict,total,6,2025-10-14,2025-10-14,2025-10-14,2025,39265,Yemen: Non-International armed conflict (NIAC) - Lahj - 10/2025,,,2025-10-01,2025-10-31,,,,,,IOM DTM Yemen,,"Al Milah, Lahij Governorate, Yemen; Tuban, Lahij Governorate, Yemen","13.42981, 44.825508; 13.01751, 44.824581",District/Zone/Department (ADM2); District/Zone/Department (ADM2),Destination; Origin,Displacement without preventive evacuations reported,2026-02-04T17:46:32.621493Z,"Yemen: 6 displacements, 14 October - 14 October. According to IOM DTM Yemen, one household was displaced from Tuban, Lahij Governorate to Al Milah, Lahij Governorate due to conflict reasons between 14 October 2025 and 14 October 2025. IOM DTM Yemen - 07 October 2025",,Conflict
225688,Yemen,YEM,14.37224,43.2239115,"[14.37224, 43.2239115]",Triangulation,Conflict,total,24,2025-10-14,2025-10-14,2025-10-14,2025,33434,Yemen: Non-International armed conflict (NIAC) - Al Hodeidah - 10/2025,,,2025-10-01,2025-10-31,,,,,,IOM DTM Yemen,,"Al Hali, Al Hudaydah Governorate, Yemen; Hays, Al Hudaydah Governorate, Yemen","14.81278, 42.964722; 13.9317, 43.483101",District/Zone/Department (ADM2); District/Zone/Department (ADM2),Origin; Destination,Displacement without preventive evacuations reported,2026-02-04T17:46:24.943199Z,"Yemen: 24 displacements, 14 October - 14 October. According to IOM DTM Yemen, a total of 4 households were displaced from Al Hali, Al Hudaydah Governorate to Hays, Al Hudaydah Governorate due to conflict reasons between 14 October 2025 and 14 October 2025. IOM DTM Yemen - 07 October 2025",,Conflict
225689,Yemen,YEM,14.384350000000001,44.11479,"[14.384350000000001, 44.11479]",Triangulation,Conflict,total,6,2025-10-14,2025-10-14,2025-10-14,2025,39257,Yemen: Non-International armed conflict (NIAC) - Sanaa City - 10/2025,,,2025-10-01,2025-10-31,,,,,,IOM DTM Yemen,,"Al Misrakh, Ta'izz Governorate, Yemen; As Sabain District, Amanat Al Asimah, Yemen","13.46166, 44.02071; 15.30704, 44.20887",District/Zone/Department (ADM2); District/Zone/Department (ADM2),Destination; Origin,Displacement without preventive evacuations reported,2026-02-04T17:46:25.049468Z,"Yemen: 6 displacements, 14 October - 14 October. According to IOM DTM Yemen, one household was displaced from As Sabain District, Amanat Al Asimah to Al Misrakh, Ta'izz Governorate due to conflict reasons between 14 October 2025 and 14 October 2025. IOM DTM Yemen - 07 October 2025",,Conflict
225695,Yemen,YEM,13.567265,43.787006500000004,"[13.567265, 43.787006500000004]",Triangulation,Conflict,total,12,2025-10-14,2025-10-14,2025-10-14,2025,33436,Yemen: Non-International armed conflict (NIAC) - Taiz - 10/2025,,,2025-10-01,2025-10-31,,,,,,IOM DTM Yemen,,"Jabal Habashi, Ta'izz Governorate, Yemen; Maqbanah, Ta'izz Governorate, Yemen","13.47389, 43.888062; 13.66064, 43.685951",District/Zone/Department (ADM2); District/Zone/Department (ADM2),Destination; Origin,Displacement without preventive evacuations reported,2026-02-04T17:46:31.821853Z,"Yemen: 12 displacements, 14 October - 14 October. According to IOM DTM Yemen, a total of 2 households were displaced from Maqbanah, Ta'izz Governorate to Jabal Habashi, Ta'izz Governorate due to conflict reasons between 14 October 2025 and 14 October 2025. IOM DTM Yemen - 07 October 2025",,Conflict
225704,Yemen,YEM,13.913599999999999,43.6871855,"[13.913599999999999, 43.6871855]",Triangulation,Conflict,total,6,2025-10-14,2025-10-14,2025-10-14,2025,33434,Yemen: Non-International armed conflict (NIAC) - Al Hodeidah - 10/2025,,,2025-10-01,2025-10-31,,,,,,IOM DTM Yemen,,"Al Mina, Al Hudaydah Governorate, Yemen; Tur al Bahah, Lahij Governorate, Yemen","14.82774, 42.909882; 12.99946, 44.464489",District/Zone/Department (ADM2); District/Zone/Department (ADM2),Origin; Destination,Displacement without preventive evacuations reported,2026-02-04T17:46:32.708082Z,"Yemen: 6 displacements, 14 October - 14 October. According to IOM DTM Yemen, one household was displaced from Al Mina, Al Hudaydah Governorate to Tur al Bahah, Lahij Governorate due to conflict reasons between 14 October 2025 and 14 October 2025. IOM DTM Yemen - 07 October 2025",,Conflict
225710,Yemen,YEM,14.22129,43.201216,"[14.22129, 43.201216]",Triangulation,Conflict,total,18,2025-10-14,2025-10-14,2025-10-14,2025,33434,Yemen: Non-International armed conflict (NIAC) - Al Hodeidah - 10/2025,,,2025-10-01,2025-10-31,,,,,,IOM DTM Yemen,,"Al Durayhami, Al Hudaydah Governorate, Yemen; Al Khawkhah, Al Hudaydah Governorate, Yemen","14.63702, 43.05505; 13.80556, 43.347382",District/Zone/Department (ADM2); District/Zone/Department (ADM2),Origin; Destination,Displacement without preventive evacuations reported,2026-02-04T17:46:33.292686Z,"Yemen: 18 displacements, 14 October - 14 October. According to IOM DTM Yemen, a total of 3 households were displaced from Al Durayhami, Al Hudaydah Governorate to Al Khawkhah, Al Hudaydah Governorate due to conflict reasons between 14 October 2025 and 14 October 2025. IOM DTM Yemen - 07 October 2025",,Conflict
225682,Yemen,YEM,13.971074999999999,43.555465999999996,"[13.971074999999999, 43.555465999999996]",Triangulation,Conflict,total,6,2025-10-13,2025-10-13,2025-10-13,2025,33434,Yemen: Non-International armed conflict (NIAC) - Al Hodeidah - 10/2025,,,2025-10-01,2025-10-31,,,,,,IOM DTM Yemen,,"Hays, Al Hudaydah Governorate, Yemen; Jabal Ras, Al Hudaydah Governorate, Yemen","13.9317, 43.483101; 14.01045, 43.627831",District/Zone/Department (ADM2); District/Zone/Department (ADM2),Destination; Origin,Displacement without preventive evacuations reported,2026-02-04T17:46:24.340020Z,"Yemen: 6 displacements, 13 October - 13 October. According to IOM DTM Yemen, one household was displaced from Jabal Ras, Al Hudaydah Governorate to Hays, Al Hudaydah Governorate due to conflict reasons between 13 October 2025 and 13 October 2025. IOM DTM Yemen - 07 October 2025",,Conflict
225694,Yemen,YEM,13.7331,43.5166665,"[13.7331, 43.5166665]",Triangulation,Conflict,total,6,2025-10-13,2025-10-13,2025-10-13,2025,33436,Yemen: Non-International armed conflict (NIAC) - Taiz - 10/2025,,,2025-10-01,2025-10-31,,,,,,IOM DTM Yemen,,"Al Khawkhah, Al Hudaydah Governorate, Yemen; Maqbanah, Ta'izz Governorate, Yemen","13.80556, 43.347382; 13.66064, 43.685951",District/Zone/Department (ADM2); District/Zone/Department (ADM2),Destination; Origin,Displacement without preventive evacuations reported,2026-02-04T17:46:25.634730Z,"Yemen: 6 displacements, 13 October - 13 October. According to IOM DTM Yemen, one household was displaced from Maqbanah, Ta'izz Governorate to Al Khawkhah, Al Hudaydah Governorate due to conflict reasons between 13 October 2025 and 13 October 2025. IOM DTM Yemen - 07 October 2025",,Conflict
225687,Yemen,YEM,14.637934999999999,44.030781000000005,"[14.637934999999999, 44.030781000000005]",Triangulation,Conflict,total,6,2025-10-13,2025-10-13,2025-10-13,2025,39266,Yemen: Non-International armed conflict (NIAC) - Amran - 10/2025,,,2025-10-01,2025-10-31,,,,,,IOM DTM Yemen,,"Al Misrakh, Ta'izz Governorate, Yemen; Raydah, Amran Governorate, Yemen","13.46166, 44.02071; 15.81421, 44.040852",District/Zone/Department (ADM2); District/Zone/Department (ADM2),Destination; Origin,Displacement without preventive evacuations reported,2026-02-04T17:46:24.853095Z,"Yemen: 6 displacements, 13 October - 13 October. According to IOM DTM Yemen, one household was displaced from Raydah, Amran Governorate to Al Misrakh, Ta'izz Governorate due to conflict reasons between 13 October 2025 and 13 October 2025. IOM DTM Yemen - 07 October 2025",,Conflict
225686,Yemen,YEM,15.451805,44.684270999999995,"[15.451805, 44.684270999999995]",Triangulation,Conflict,total,6,2025-10-13,2025-10-13,2025-10-13,2025,39261,Yemen: Non-International armed conflict (NIAC) - Sanaa - 10/2025,,,2025-10-01,2025-10-31,,,,,,IOM DTM Yemen,,"Hamdan District, Sana'a Governorate, Yemen; Madinat Marib, Marib Governorate, Yemen","15.48794, 44.065121; 15.41567, 45.303421",District/Zone/Department (ADM2); District/Zone/Department (ADM2),Origin; Destination,Displacement without preventive evacuations reported,2026-02-04T17:46:24.762004Z,"Yemen: 6 displacements, 13 October - 13 October. According to IOM DTM Yemen, one household was displaced from Hamdan District, Sana'a Governorate to Madinat Marib, Marib Governorate due to conflict reasons between 13 October 2025 and 13 October 2025. IOM DTM Yemen - 07 October 2025",,Conflict
225685,Yemen,YEM,15.983875,44.367935,"[15.983875, 44.367935]",Triangulation,Conflict,total,12,2025-10-13,2025-10-13,2025-10-13,2025,39266,Yemen: Non-International armed conflict (NIAC) - Amran - 10/2025,,,2025-10-01,2025-10-31,,,,,,IOM DTM Yemen,,"Raghwan, Marib Governorate, Yemen; Sahara, Amran Governorate, Yemen","15.78333, 45.033329; 16.18442, 43.702541",District/Zone/Department (ADM2); District/Zone/Department (ADM2),Destination; Origin,Displacement without preventive evacuations reported,2026-02-04T17:46:24.641731Z,"Yemen: 12 displacements, 13 October - 13 October. According to IOM DTM Yemen, a total of 2 households were displaced from Sahara, Amran Governorate to Raghwan, Marib Governorate due to conflict reasons between 13 October 2025 and 13 October 2025. IOM DTM Yemen - 07 October 2025",,Conflict
225684,Yemen,YEM,15.293565000000001,45.3049165,"[15.293565000000001, 45.3049165]",Triangulation,Conflict,total,12,2025-10-13,2025-10-13,2025-10-13,2025,39262,Yemen: Non-International armed conflict (NIAC) - Marib - 10/2025,,,2025-10-01,2025-10-31,,,,,,IOM DTM Yemen,,"Al Jubah, Marib Governorate, Yemen; Marib, Marib Governorate, Yemen","15.12925, 45.286812; 15.45788, 45.323021",District/Zone/Department (ADM2); District/Zone/Department (ADM2),Origin; Destination,Displacement without preventive evacuations reported,2026-02-04T17:46:24.531177Z,"Yemen: 12 displacements, 13 October - 13 October. According to IOM DTM Yemen, a total of 2 households were displaced from Al Jubah, Marib Governorate to Marib, Marib Governorate due to conflict reasons between 13 October 2025 and 13 October 2025. IOM DTM Yemen - 07 October 2025",,Conflict
225683,Yemen,YEM,13.44347,44.615471,"[13.44347, 44.615471]",Triangulation,Conflict,total,12,2025-10-13,2025-10-13,2025-10-13,2025,39265,Yemen: Non-International armed conflict (NIAC) - Lahj - 10/2025,,,2025-10-01,2025-10-31,,,,,,IOM DTM Yemen,,"Al Musaymir, Lahij Governorate, Yemen","13.44347, 44.615471",District/Zone/Department (ADM2),Origin and destination,Displacement without preventive evacuations reported,2026-02-04T17:46:24.441612Z,"Yemen: 12 displacements, 13 October - 13 October. According to IOM DTM Yemen, a total of 2 households were displaced from Al Musaymir, Lahij Governorate to Al Musaymir, Lahij Governorate due to conflict reasons between 13 October 2025 and 13 October 2025. IOM DTM Yemen - 07 October 2025",,Conflict
225674,Yemen,YEM,15.7728595,45.1407545,"[15.7728595, 45.1407545]",Triangulation,Conflict,total,30,2025-10-12,2025-10-12,2025-10-12,2025,39263,Yemen: Non-International armed conflict (NIAC) - Al Jawf - 10/2025,,,2025-10-01,2025-10-31,,,,,,IOM DTM Yemen,,"Al Hazm, Al Jawf Governorate, Yemen; Marib, Marib Governorate, Yemen","16.087839, 44.958488; 15.45788, 45.323021",District/Zone/Department (ADM2); District/Zone/Department (ADM2),Origin; Destination,Displacement without preventive evacuations reported,2026-02-04T17:46:23.582659Z,"Yemen: 30 displacements, 12 October - 12 October. According to IOM DTM Yemen, a total of 5 households were displaced from Al Hazm, Al Jawf Governorate to Marib, Marib Governorate due to conflict reasons between 12 October 2025 and 12 October 2025. IOM DTM Yemen - 07 October 2025",,Conflict
225673,Yemen,YEM,14.05763,43.3547365,"[14.05763, 43.3547365]",Triangulation,Conflict,total,6,2025-10-12,2025-10-12,2025-10-12,2025,33434,Yemen: Non-International armed conflict (NIAC) - Al Hodeidah - 10/2025,,,2025-10-01,2025-10-31,,,,,,IOM DTM Yemen,,"At Tahaytha, Al Hudaydah Governorate, Yemen; Hays, Al Hudaydah Governorate, Yemen","14.18356, 43.226372; 13.9317, 43.483101",District/Zone/Department (ADM2); District/Zone/Department (ADM2),Origin; Destination,Displacement without preventive evacuations reported,2026-02-04T17:46:23.494438Z,"Yemen: 6 displacements, 12 October - 12 October. According to IOM DTM Yemen, one household was displaced from At Tahaytha, Al Hudaydah Governorate to Hays, Al Hudaydah Governorate due to conflict reasons between 12 October 2025 and 12 October 2025. IOM DTM Yemen - 07 October 2025",,Conflict
225675,Yemen,YEM,13.79617,43.584526,"[13.79617, 43.584526]",Triangulation,Conflict,total,6,2025-10-12,2025-10-12,2025-10-12,2025,33436,Yemen: Non-International armed conflict (NIAC) - Taiz - 10/2025,,,2025-10-01,2025-10-31,,,,,,IOM DTM Yemen,,"Hays, Al Hudaydah Governorate, Yemen; Maqbanah, Ta'izz Governorate, Yemen","13.9317, 43.483101; 13.66064, 43.685951",District/Zone/Department (ADM2); District/Zone/Department (ADM2),Destination; Origin,Displacement without preventive evacuations reported,2026-02-04T17:46:23.666644Z,"Yemen: 6 displacements, 12 October - 12 October. According to IOM DTM Yemen, one household was displaced from Maqbanah, Ta'izz Governorate to Hays, Al Hudaydah Governorate due to conflict reasons between 12 October 2025 and 12 October 2025. IOM DTM Yemen - 07 October 2025",,Conflict
225681,Yemen,YEM,13.513205,44.481575,"[13.513205, 44.481575]",Triangulation,Conflict,total,12,2025-10-12,2025-10-12,2025-10-12,2025,33436,Yemen: Non-International armed conflict (NIAC) - Taiz - 10/2025,,,2025-10-01,2025-10-31,,,,,,IOM DTM Yemen,,"Al Musaymir, Lahij Governorate, Yemen; Mavia, Ta'izz Governorate, Yemen","13.44347, 44.615471; 13.58294, 44.347679",District/Zone/Department (ADM2); District/Zone/Department (ADM2),Destination; Origin,Displacement without preventive evacuations reported,2026-02-04T17:46:24.247966Z,"Yemen: 12 displacements, 12 October - 12 October. According to IOM DTM Yemen, a total of 2 households were displaced from Mavia, Ta'izz Governorate to Al Musaymir, Lahij Governorate due to conflict reasons between 12 October 2025 and 12 October 2025. IOM DTM Yemen - 07 October 2025",,Conflict
225680,Yemen,YEM,13.37236,44.1077155,"[13.37236, 44.1077155]",Triangulation,Conflict,total,6,2025-10-12,2025-10-12,2025-10-12,2025,33436,Yemen: Non-International armed conflict (NIAC) - Taiz - 10/2025,,,2025-10-01,2025-10-31,,,,,,IOM DTM Yemen,,"Al Madahif, Ta'izz Governorate, Yemen; Hefan, Ta'izz Governorate, Yemen","13.42683, 43.94326; 13.31789, 44.272171",District/Zone/Department (ADM2); District/Zone/Department (ADM2),Destination; Origin,Displacement without preventive evacuations reported,2026-02-04T17:46:24.118688Z,"Yemen: 6 displacements, 12 October - 12 October. According to IOM DTM Yemen, one household was displaced from Hefan, Ta'izz Governorate to Al Madahif, Ta'izz Governorate due to conflict reasons between 12 October 2025 and 12 October 2025. IOM DTM Yemen - 07 October 2025",,Conflict
225679,Yemen,YEM,14.078015,46.43158,"[14.078015, 46.43158]",Triangulation,Conflict,total,6,2025-10-12,2025-10-12,2025-10-12,2025,39264,Yemen: Non-International armed conflict (NIAC) - Hadramawt - 10/2025,,,2025-10-01,2025-10-31,,,,,,IOM DTM Yemen,,"Al Madahif, Ta'izz Governorate, Yemen; Al Mukalla, Muhafazat Hadramaout, Yemen","13.42683, 43.94326; 14.7292, 48.9199",District/Zone/Department (ADM2); District/Zone/Department (ADM2),Destination; Origin,Displacement without preventive evacuations reported,2026-02-04T17:46:24.013631Z,"Yemen: 6 displacements, 12 October - 12 October. According to IOM DTM Yemen, one household was displaced from Al Mukalla, Muhafazat Hadramaout to Al Madahif, Ta'izz Governorate due to conflict reasons between 12 October 2025 and 12 October 2025. IOM DTM Yemen - 07 October 2025",,Conflict
225678,Yemen,YEM,13.14457,44.4097385,"[13.14457, 44.4097385]",Triangulation,Conflict,total,12,2025-10-12,2025-10-12,2025-10-12,2025,39265,Yemen: Non-International armed conflict (NIAC) - Lahj - 10/2025,,,2025-10-01,2025-10-31,,,,,,IOM DTM Yemen,,"Al Qabbaytah, Lahij Governorate, Yemen; Tur al Bahah, Lahij Governorate, Yemen","13.28968, 44.354988; 12.99946, 44.464489",District/Zone/Department (ADM2); District/Zone/Department (ADM2),Origin; Destination,Displacement without preventive evacuations reported,2026-02-04T17:46:23.919762Z,"Yemen: 12 displacements, 12 October - 12 October. According to IOM DTM Yemen, a total of 2 households were displaced from Al Qabbaytah, Lahij Governorate to Tur al Bahah, Lahij Governorate due to conflict reasons between 12 October 2025 and 12 October 2025. IOM DTM Yemen - 07 October 2025",,Conflict
225677,Yemen,YEM,13.99456,43.286877000000004,"[13.99456, 43.286877000000004]",Triangulation,Conflict,total,12,2025-10-12,2025-10-12,2025-10-12,2025,33434,Yemen: Non-International armed conflict (NIAC) - Al Hodeidah - 10/2025,,,2025-10-01,2025-10-31,,,,,,IOM DTM Yemen,,"Al Khawkhah, Al Hudaydah Governorate, Yemen; At Tahaytha, Al Hudaydah Governorate, Yemen","13.80556, 43.347382; 14.18356, 43.226372",District/Zone/Department (ADM2); District/Zone/Department (ADM2),Destination; Origin,Displacement without preventive evacuations reported,2026-02-04T17:46:23.818833Z,"Yemen: 12 displacements, 12 October - 12 October. According to IOM DTM Yemen, a total of 2 households were displaced from At Tahaytha, Al Hudaydah Governorate to Al Khawkhah, Al Hudaydah Governorate due to conflict reasons between 12 October 2025 and 12 October 2025. IOM DTM Yemen - 07 October 2025",,Conflict
225676,Yemen,YEM,14.665849999999999,43.1582145,"[14.665849999999999, 43.1582145]",Triangulation,Conflict,total,6,2025-10-12,2025-10-12,2025-10-12,2025,33434,Yemen: Non-International armed conflict (NIAC) - Al Hodeidah - 10/2025,,,2025-10-01,2025-10-31,,,,,,IOM DTM Yemen,,"Ez Zaidiyyah, Al Hudaydah Governorate, Yemen; Hays, Al Hudaydah Governorate, Yemen","15.4, 42.833328; 13.9317, 43.483101",District/Zone/Department (ADM2); District/Zone/Department (ADM2),Origin; Destination,Displacement without preventive evacuations reported,2026-02-04T17:46:23.744769Z,"Yemen: 6 displacements, 12 October - 12 October. According to IOM DTM Yemen, one household was displaced from Ez Zaidiyyah, Al Hudaydah Governorate to Hays, Al Hudaydah Governorate due to conflict reasons between 12 October 2025 and 12 October 2025. IOM DTM Yemen - 07 October 2025",,Conflict
225672,Yemen,YEM,15.303405000000001,44.9134805,"[15.303405000000001, 44.9134805]",Triangulation,Conflict,total,12,2025-10-11,2025-10-11,2025-10-11,2025,39261,Yemen: Non-International armed conflict (NIAC) - Sanaa - 10/2025,,,2025-10-01,2025-10-31,,,,,,IOM DTM Yemen,,"Jihanah District, Sana'a Governorate, Yemen; Madinat Marib, Marib Governorate, Yemen","15.19114, 44.52354; 15.41567, 45.303421",District/Zone/Department (ADM2); District/Zone/Department (ADM2),Origin; Destination,Displacement without preventive evacuations reported,2026-02-04T17:46:23.411650Z,"Yemen: 12 displacements, 11 October - 11 October. According to IOM DTM Yemen, a total of 2 households were displaced from Jihanah District, Sana'a Governorate to Madinat Marib, Marib Governorate due to conflict reasons between 11 October 2025 and 11 October 2025. IOM DTM Yemen - 07 October 2025",,Conflict
225671,Yemen,YEM,14.60278,43.090355,"[14.60278, 43.090355]",Triangulation,Conflict,total,6,2025-10-11,2025-10-11,2025-10-11,2025,33434,Yemen: Non-International armed conflict (NIAC) - Al Hodeidah - 10/2025,,,2025-10-01,2025-10-31,,,,,,IOM DTM Yemen,,"Al Khawkhah, Al Hudaydah Governorate, Yemen; Ez Zaidiyyah, Al Hudaydah Governorate, Yemen","13.80556, 43.347382; 15.4, 42.833328",District/Zone/Department (ADM2); District/Zone/Department (ADM2),Destination; Origin,Displacement without preventive evacuations reported,2026-02-04T17:46:23.310075Z,"Yemen: 6 displacements, 11 October - 11 October. According to IOM DTM Yemen, one household was displaced from Ez Zaidiyyah, Al Hudaydah Governorate to Al Khawkhah, Al Hudaydah Governorate due to conflict reasons between 11 October 2025 and 11 October 2025. IOM DTM Yemen - 07 October 2025",,Conflict
225670,Yemen,YEM,14.22129,43.201216,"[14.22129, 43.201216]",Triangulation,Conflict,total,18,2025-10-11,2025-10-11,2025-10-11,2025,33434,Yemen: Non-International armed conflict (NIAC) - Al Hodeidah - 10/2025,,,2025-10-01,2025-10-31,,,,,,IOM DTM Yemen,,"Al Durayhami, Al Hudaydah Governorate, Yemen; Al Khawkhah, Al Hudaydah Governorate, Yemen","14.63702, 43.05505; 13.80556, 43.347382",District/Zone/Department (ADM2); District/Zone/Department (ADM2),Origin; Destination,Displacement without preventive evacuations reported,2026-02-04T17:46:23.208814Z,"Yemen: 18 displacements, 11 October - 11 October. According to IOM DTM Yemen, a total of 3 households were displaced from Al Durayhami, Al Hudaydah Governorate to Al Khawkhah, Al Hudaydah Governorate due to conflict reasons between 11 October 2025 and 11 October 2025. IOM DTM Yemen - 07 October 2025",,Conflict
225669,Yemen,YEM,13.785060000000001,44.1591645,"[13.785060000000001, 44.1591645]",Triangulation,Conflict,total,18,2025-10-10,2025-10-10,2025-10-10,2025,39259,Yemen: Non-International armed conflict (NIAC) - Ibb - 10/2025,,,2025-10-01,2025-10-31,,,,,,IOM DTM Yemen,,"Al Madahif, Ta'izz Governorate, Yemen; As Saddah, Ibb Governorate, Yemen","13.42683, 43.94326; 14.14329, 44.375069",District/Zone/Department (ADM2); District/Zone/Department (ADM2),Destination; Origin,Displacement without preventive evacuations reported,2026-02-04T17:11:29.938520Z,"Yemen: 18 displacements, 10 October - 10 October. According to IOM DTM Yemen, a total of 3 households were displaced from As Saddah, Ibb Governorate to Al Madahif, Ta'izz Governorate due to conflict reasons between 10 October 2025 and 10 October 2025. IOM DTM Yemen - 07 October 2025",,Conflict
225667,Yemen,YEM,13.96899,43.367990500000005,"[13.96899, 43.367990500000005]",Triangulation,Conflict,total,6,2025-10-10,2025-10-10,2025-10-10,2025,33434,Yemen: Non-International armed conflict (NIAC) - Al Hodeidah - 10/2025,,,2025-10-01,2025-10-31,,,,,,IOM DTM Yemen,,"Al Jarrahi, Al Hudaydah Governorate, Yemen; Al Khawkhah, Al Hudaydah Governorate, Yemen","14.13242, 43.388599; 13.80556, 43.347382",District/Zone/Department (ADM2); District/Zone/Department (ADM2),Origin; Destination,Displacement without preventive evacuations reported,2026-02-04T17:11:29.817269Z,"Yemen: 6 displacements, 10 October - 10 October. According to IOM DTM Yemen, one household was displaced from Al Jarrahi, Al Hudaydah Governorate to Al Khawkhah, Al Hudaydah Governorate due to conflict reasons between 10 October 2025 and 10 October 2025. IOM DTM Yemen - 07 October 2025",,Conflict
225668,Yemen,YEM,14.540125,43.5226,"[14.540125, 43.5226]",Triangulation,Conflict,total,6,2025-10-10,2025-10-10,2025-10-10,2025,33434,Yemen: Non-International armed conflict (NIAC) - Al Hodeidah - 10/2025,,,2025-10-01,2025-10-31,,,,,,IOM DTM Yemen,,"Al Madahif, Ta'izz Governorate, Yemen; Bajilah, Al Hudaydah Governorate, Yemen","13.42683, 43.94326; 15.65342, 43.10194",District/Zone/Department (ADM2); District/Zone/Department (ADM2),Destination; Origin,Displacement without preventive evacuations reported,2026-02-04T17:11:29.881113Z,"Yemen: 6 displacements, 10 October - 10 October. According to IOM DTM Yemen, one household was displaced from Bajilah, Al Hudaydah Governorate to Al Madahif, Ta'izz Governorate due to conflict reasons between 10 October 2025 and 10 October 2025. IOM DTM Yemen - 07 October 2025",,Conflict
225666,Yemen,YEM,14.196055000000001,44.694454,"[14.196055000000001, 44.694454]",Triangulation,Conflict,total,6,2025-10-08,2025-10-08,2025-10-08,2025,39262,Yemen: Non-International armed conflict (NIAC) - Marib - 10/2025,,,2025-10-01,2025-10-31,,,,,,IOM DTM Yemen,,"Al Misrakh, Ta'izz Governorate, Yemen; Qada Harib, Marib Governorate, Yemen","13.46166, 44.02071; 14.93045, 45.368198",District/Zone/Department (ADM2); District/Zone/Department (ADM2),Destination; Origin,Displacement without preventive evacuations reported,2026-02-04T17:11:29.758376Z,"Yemen: 6 displacements, 08 October - 08 October. According to IOM DTM Yemen, one household was displaced from Harib, Marib Governorate to Al Misrakh, Ta'izz Governorate due to conflict reasons between 08 October 2025 and 08 October 2025. IOM DTM Yemen - 07 October 2025",,Conflict
225665,Yemen,YEM,14.766015,44.7018015,"[14.766015, 44.7018015]",Triangulation,Conflict,total,6,2025-10-08,2025-10-08,2025-10-08,2025,39259,Yemen: Non-International armed conflict (NIAC) - Ibb - 10/2025,,,2025-10-01,2025-10-31,,,,,,IOM DTM Yemen,,"Jabal Hubaysh, Ibb Governorate, Yemen; Madinat Marib, Marib Governorate, Yemen","14.11636, 44.100182; 15.41567, 45.303421",District/Zone/Department (ADM2); District/Zone/Department (ADM2),Origin; Destination,Displacement without preventive evacuations reported,2026-02-04T17:11:29.679480Z,"Yemen: 6 displacements, 08 October - 08 October. According to IOM DTM Yemen, one household was displaced from Hubaysh, Ibb Governorate to Madinat Marib, Marib Governorate due to conflict reasons between 08 October 2025 and 08 October 2025. IOM DTM Yemen - 07 October 2025",,Conflict
225664,Yemen,YEM,13.730195,44.049169500000005,"[13.730195, 44.049169500000005]",Triangulation,Conflict,total,18,2025-10-07,2025-10-07,2025-10-07,2025,39259,Yemen: Non-International armed conflict (NIAC) - Ibb - 10/2025,,,2025-10-01,2025-10-31,,,,,,IOM DTM Yemen,,"Al Madahif, Ta'izz Governorate, Yemen; Ibb, Ibb Governorate, Yemen","13.42683, 43.94326; 14.03356, 44.155079",District/Zone/Department (ADM2); District/Zone/Department (ADM2),Destination; Origin,Displacement without preventive evacuations reported,2026-02-04T17:11:29.617853Z,"Yemen: 18 displacements, 07 October - 07 October. According to IOM DTM Yemen, a total of 3 households were displaced from Ibb, Ibb Governorate to Al Madahif, Ta'izz Governorate due to conflict reasons between 07 October 2025 and 07 October 2025. IOM DTM Yemen - 07 October 2025",,Conflict
225663,Yemen,YEM,14.703615,44.552885,"[14.703615, 44.552885]",Triangulation,Conflict,total,12,2025-10-07,2025-10-07,2025-10-07,2025,39259,Yemen: Non-International armed conflict (NIAC) - Ibb - 10/2025,,,2025-10-01,2025-10-31,,,,,,IOM DTM Yemen,,"Fara al Udayn, Ibb Governorate, Yemen; Marib, Marib Governorate, Yemen","13.94935, 43.782749; 15.45788, 45.323021",District/Zone/Department (ADM2); District/Zone/Department (ADM2),Origin; Destination,Displacement without preventive evacuations reported,2026-02-04T17:11:29.542338Z,"Yemen: 12 displacements, 07 October - 07 October. According to IOM DTM Yemen, a total of 2 households were displaced from Fara al Udayn, Ibb Governorate to Marib, Marib Governorate due to conflict reasons between 07 October 2025 and 07 October 2025. IOM DTM Yemen - 07 October 2025",,Conflict
225662,Yemen,YEM,14.99117,44.6517105,"[14.99117, 44.6517105]",Triangulation,Conflict,total,6,2025-10-07,2025-10-07,2025-10-07,2025,33435,Yemen: Non-International armed conflict (NIAC) - Dhamar - 10/2025,,,2025-10-01,2025-10-31,,,,,,IOM DTM Yemen,,"Anis, Dhamar Governorate, Yemen; Madinat Marib, Marib Governorate, Yemen","14.56667, 44; 15.41567, 45.303421",District/Zone/Department (ADM2); District/Zone/Department (ADM2),Origin; Destination,Displacement without preventive evacuations reported,2026-02-04T17:11:29.477298Z,"Yemen: 6 displacements, 07 October - 07 October. According to IOM DTM Yemen, one household was displaced from Anis, Dhamar Governorate to Madinat Marib, Marib Governorate due to conflict reasons between 07 October 2025 and 07 October 2025. IOM DTM Yemen - 07 October 2025",,Conflict
225661,Yemen,YEM,15.121705,44.1066515,"[15.121705, 44.1066515]",Triangulation,Conflict,total,6,2025-10-06,2025-10-06,2025-10-06,2025,33434,Yemen: Non-International armed conflict (NIAC) - Al Hodeidah - 10/2025,,,2025-10-01,2025-10-31,,,,,,IOM DTM Yemen,,"Al Mina, Al Hudaydah Governorate, Yemen; Madinat Marib, Marib Governorate, Yemen","14.82774, 42.909882; 15.41567, 45.303421",District/Zone/Department (ADM2); District/Zone/Department (ADM2),Origin; Destination,Displacement without preventive evacuations reported,2026-02-04T17:11:29.423448Z,"Yemen: 6 displacements, 06 October - 06 October. According to IOM DTM Yemen, one household was displaced from Al Mina, Al Hudaydah Governorate to Madinat Marib, Marib Governorate due to conflict reasons between 06 October 2025 and 06 October 2025. IOM DTM Yemen - 07 October 2025",,Conflict
225657,Yemen,YEM,13.79617,43.584526,"[13.79617, 43.584526]",Triangulation,Conflict,total,12,2025-10-05,2025-10-05,2025-10-05,2025,33436,Yemen: Non-International armed conflict (NIAC) - Taiz - 10/2025,,,2025-10-01,2025-10-31,,,,,,IOM DTM Yemen,,"Hays, Al Hudaydah Governorate, Yemen; Maqbanah, Ta'izz Governorate, Yemen","13.9317, 43.483101; 13.66064, 43.685951",District/Zone/Department (ADM2); District/Zone/Department (ADM2),Destination; Origin,Displacement without preventive evacuations reported,2026-02-04T17:11:29.146131Z,"Yemen: 12 displacements, 05 October - 05 October. According to IOM DTM Yemen, a total of 2 households were displaced from Maqbanah, Ta'izz Governorate to Hays, Al Hudaydah Governorate due to conflict reasons between 05 October 2025 and 05 October 2025. IOM DTM Yemen - 07 October 2025",,Conflict
225658,Yemen,YEM,15.1794405,43.785656,"[15.1794405, 43.785656]",Triangulation,Conflict,total,12,2025-10-05,2025-10-05,2025-10-05,2025,39260,Yemen: Non-International armed conflict (NIAC) - Sadah - 10/2025,,,2025-10-01,2025-10-31,,,,,,IOM DTM Yemen,,"Jabal Habashi, Ta'izz Governorate, Yemen; Sahar, Sa'dah Governorate, Yemen","13.47389, 43.888062; 16.884991, 43.68325",District/Zone/Department (ADM2); District/Zone/Department (ADM2),Destination; Origin,Displacement without preventive evacuations reported,2026-02-04T17:11:29.258771Z,"Yemen: 12 displacements, 05 October - 05 October. According to IOM DTM Yemen, a total of 2 households were displaced from Sahar, Sa'dah Governorate to Jabal Habashi, Ta'izz Governorate due to conflict reasons between 05 October 2025 and 05 October 2025. IOM DTM Yemen - 07 October 2025",,Conflict
225659,Yemen,YEM,15.576084999999999,44.920576,"[15.576084999999999, 44.920576]",Triangulation,Conflict,total,6,2025-10-05,2025-10-05,2025-10-05,2025,39261,Yemen: Non-International armed conflict (NIAC) - Sanaa - 10/2025,,,2025-10-01,2025-10-31,,,,,,IOM DTM Yemen,,"Madinat Marib, Marib Governorate, Yemen; Nihm District, Sana'a Governorate, Yemen","15.41567, 45.303421; 15.7365, 44.537731",District/Zone/Department (ADM2); District/Zone/Department (ADM2),Destination; Origin,Displacement without preventive evacuations reported,2026-02-04T17:11:29.316651Z,"Yemen: 6 displacements, 05 October - 05 October. According to IOM DTM Yemen, one household was displaced from Nihm District, Sana'a Governorate to Madinat Marib, Marib Governorate due to conflict reasons between 05 October 2025 and 05 October 2025. IOM DTM Yemen - 07 October 2025",,Conflict
225660,Yemen,YEM,13.57407,44.1820145,"[13.57407, 44.1820145]",Triangulation,Conflict,total,24,2025-10-05,2025-10-05,2025-10-05,2025,33436,Yemen: Non-International armed conflict (NIAC) - Taiz - 10/2025,,,2025-10-01,2025-10-31,,,,,,IOM DTM Yemen,,"Al Qahirah, Ta'izz Governorate, Yemen; Mavia, Ta'izz Governorate, Yemen","13.5652, 44.01635; 13.58294, 44.347679",District/Zone/Department (ADM2); District/Zone/Department (ADM2),Destination; Origin,Displacement without preventive evacuations reported,2026-02-04T17:11:29.369250Z,"Yemen: 24 displacements, 05 October - 05 October. According to IOM DTM Yemen, a total of 4 households were displaced from Mavia, Ta'izz Governorate to Al Qahirah, Ta'izz Governorate due to conflict reasons between 05 October 2025 and 05 October 2025. IOM DTM Yemen - 07 October 2025",,Conflict
225656,Yemen,YEM,14.741824999999999,44.6626395,"[14.741824999999999, 44.6626395]",Triangulation,Conflict,total,6,2025-10-04,2025-10-04,2025-10-04,2025,39259,Yemen: Non-International armed conflict (NIAC) - Ibb - 10/2025,,,2025-10-01,2025-10-31,,,,,,IOM DTM Yemen,,"Hazm al Udayn, Ibb Governorate, Yemen; Marib, Marib Governorate, Yemen","14.02577, 44.002258; 15.45788, 45.323021",District/Zone/Department (ADM2); District/Zone/Department (ADM2),Origin; Destination,Displacement without preventive evacuations reported,2026-02-04T17:11:29.074400Z,"Yemen: 6 displacements, 04 October - 04 October. According to IOM DTM Yemen, one household was displaced from Hazm al Udayn, Ibb Governorate to Marib, Marib Governorate due to conflict reasons between 04 October 2025 and 04 October 2025. IOM DTM Yemen - 07 October 2025",,Conflict
225654,Yemen,YEM,13.733715,44.818920000000006,"[13.733715, 44.818920000000006]",Triangulation,Conflict,total,18,2025-10-03,2025-10-03,2025-10-03,2025,39259,Yemen: Non-International armed conflict (NIAC) - Ibb - 10/2025,,,2025-10-01,2025-10-31,,,,,,IOM DTM Yemen,,"Al Makhadir, Ibb Governorate, Yemen; Khanfar District, Abyan Governorate, Yemen","14.12224, 44.19796; 13.34519, 45.43988",District/Zone/Department (ADM2); District/Zone/Department (ADM2),Origin; Destination,Displacement without preventive evacuations reported,2026-02-04T17:11:28.964850Z,"Yemen: 18 displacements, 03 October - 03 October. According to IOM DTM Yemen, a total of 3 households were displaced from Al Makhadir, Ibb Governorate to Khanfar District, Abyan Governorate due to conflict reasons between 03 October 2025 and 03 October 2025. IOM DTM Yemen - 07 October 2025",,Conflict
225652,Yemen,YEM,16.079244,46.1176085,"[16.079244, 46.1176085]",Triangulation,Conflict,total,6,2025-10-03,2025-10-03,2025-10-03,2025,39258,Yemen: Non-International armed conflict (NIAC) - Hajjah - 10/2025,,,2025-10-01,2025-10-31,,,,,,IOM DTM Yemen,,"Kuhlan Ash Sharaf District, Hajjah Governorate, Yemen; Seiyun District, Hadramaut Governorate, Yemen","16.023448, 43.466418; 16.13504, 48.768799",District/Zone/Department (ADM2); District/Zone/Department (ADM2),Origin; Destination,Displacement without preventive evacuations reported,2026-02-04T17:11:28.851664Z,"Yemen: 6 displacements, 03 October - 03 October. According to IOM DTM Yemen, one household was displaced from Kuhlan Ash Sharaf District, Hajjah Governorate to Seiyun District, Hadramaut Governorate due to conflict reasons between 03 October 2025 and 03 October 2025. IOM DTM Yemen - 07 October 2025",,Conflict
225655,Yemen,YEM,15.04745,44.1890355,"[15.04745, 44.1890355]",Triangulation,Conflict,total,6,2025-10-03,2025-10-03,2025-10-03,2025,33434,Yemen: Non-International armed conflict (NIAC) - Al Hodeidah - 10/2025,,,2025-10-01,2025-10-31,,,,,,IOM DTM Yemen,,"Al Durayhami, Al Hudaydah Governorate, Yemen; Marib, Marib Governorate, Yemen","14.63702, 43.05505; 15.45788, 45.323021",District/Zone/Department (ADM2); District/Zone/Department (ADM2),Origin; Destination,Displacement without preventive evacuations reported,2026-02-04T17:11:29.017353Z,"Yemen: 6 displacements, 03 October - 03 October. According to IOM DTM Yemen, one household was displaced from Al Durayhami, Al Hudaydah Governorate to Marib, Marib Governorate due to conflict reasons between 03 October 2025 and 03 October 2025. IOM DTM Yemen - 07 October 2025",,Conflict
225653,Yemen,YEM,13.99456,43.286877000000004,"[13.99456, 43.286877000000004]",Triangulation,Conflict,total,12,2025-10-03,2025-10-03,2025-10-03,2025,33434,Yemen: Non-International armed conflict (NIAC) - Al Hodeidah - 10/2025,,,2025-10-01,2025-10-31,,,,,,IOM DTM Yemen,,"Al Khawkhah, Al Hudaydah Governorate, Yemen; At Tahaytha, Al Hudaydah Governorate, Yemen","13.80556, 43.347382; 14.18356, 43.226372",District/Zone/Department (ADM2); District/Zone/Department (ADM2),Destination; Origin,Displacement without preventive evacuations reported,2026-02-04T17:11:28.905992Z,"Yemen: 12 displacements, 03 October - 03 October. According to IOM DTM Yemen, a total of 2 households were displaced from At Tahaytha, Al Hudaydah Governorate to Al Khawkhah, Al Hudaydah Governorate due to conflict reasons between 03 October 2025 and 03 October 2025. IOM DTM Yemen - 07 October 2025",,Conflict
225647,Yemen,YEM,14.616899735527134,45.30552940837454,"[14.616899735527134, 45.30552940837454]",Triangulation,Conflict,total,30,2025-10-02,2025-10-02,2025-10-02,2025,33434,Yemen: Non-International armed conflict (NIAC) - Al Hodeidah - 10/2025,,,2025-10-01,2025-10-31,,,,,,IOM DTM Yemen,,"Al Mina, Al Hudaydah Governorate, Yemen; Mayfa'ah, Shabwah Governorate","14.82774, 42.909882; 14.40605947105427, 47.70117681674908",District/Zone/Department (ADM2); District/Zone/Department (ADM2),Origin; Destination,Displacement without preventive evacuations reported,2026-02-04T17:11:28.551571Z,"Yemen: 30 displacements, 02 October - 02 October. According to IOM DTM Yemen, a total of 5 households were displaced from Al Mina, Al Hudaydah Governorate to Mayfa'ah due to conflict reasons between 02 October 2025 and 02 October 2025. IOM DTM Yemen - 07 October 2025",,Conflict
225648,Yemen,YEM,13.7331,43.5166665,"[13.7331, 43.5166665]",Triangulation,Conflict,total,6,2025-10-02,2025-10-02,2025-10-02,2025,33436,Yemen: Non-International armed conflict (NIAC) - Taiz - 10/2025,,,2025-10-01,2025-10-31,,,,,,IOM DTM Yemen,,"Al Khawkhah, Al Hudaydah Governorate, Yemen; Maqbanah, Ta'izz Governorate, Yemen","13.80556, 43.347382; 13.66064, 43.685951",District/Zone/Department (ADM2); District/Zone/Department (ADM2),Destination; Origin,Displacement without preventive evacuations reported,2026-02-04T17:11:28.610047Z,"Yemen: 6 displacements, 02 October - 02 October. According to IOM DTM Yemen, one household was displaced from Maqbanah, Ta'izz Governorate to Al Khawkhah, Al Hudaydah Governorate due to conflict reasons between 02 October 2025 and 02 October 2025. IOM DTM Yemen - 07 October 2025",,Conflict
225649,Yemen,YEM,13.916285,44.3590145,"[13.916285, 44.3590145]",Triangulation,Conflict,total,24,2025-10-02,2025-10-02,2025-10-02,2025,33434,Yemen: Non-International armed conflict (NIAC) - Al Hodeidah - 10/2025,,,2025-10-01,2025-10-31,,,,,,IOM DTM Yemen,,"Beit Al Faqih, Al Hudaydah Governorate, Yemen; Khanfar District, Abyan Governorate, Yemen","14.48738, 43.278149; 13.34519, 45.43988",District/Zone/Department (ADM2); District/Zone/Department (ADM2),Origin; Destination,Displacement without preventive evacuations reported,2026-02-04T17:11:28.675167Z,"Yemen: 24 displacements, 02 October - 02 October. According to IOM DTM Yemen, a total of 4 households were displaced from Beit Al Faqih, Al Hudaydah Governorate to Khanfar District, Abyan Governorate due to conflict reasons between 02 October 2025 and 02 October 2025. IOM DTM Yemen - 07 October 2025",,Conflict
225650,Yemen,YEM,14.049795,44.218854500000006,"[14.049795, 44.218854500000006]",Triangulation,Conflict,total,24,2025-10-02,2025-10-02,2025-10-02,2025,33434,Yemen: Non-International armed conflict (NIAC) - Al Hodeidah - 10/2025,,,2025-10-01,2025-10-31,,,,,,IOM DTM Yemen,,"Al Hawak, Al Hudaydah Governorate, Yemen; Khanfar District, Abyan Governorate, Yemen","14.7544, 42.997829; 13.34519, 45.43988",District/Zone/Department (ADM2); District/Zone/Department (ADM2),Origin; Destination,Displacement without preventive evacuations reported,2026-02-04T17:11:28.736170Z,"Yemen: 24 displacements, 02 October - 02 October. According to IOM DTM Yemen, a total of 4 households were displaced from Al Hawak, Al Hudaydah Governorate to Khanfar District, Abyan Governorate due to conflict reasons between 02 October 2025 and 02 October 2025. IOM DTM Yemen - 07 October 2025",,Conflict
225651,Yemen,YEM,15.38844,44.376835,"[15.38844, 44.376835]",Triangulation,Conflict,total,12,2025-10-02,2025-10-02,2025-10-02,2025,39257,Yemen: Non-International armed conflict (NIAC) - Sanaa City - 10/2025,,,2025-10-01,2025-10-31,,,,,,IOM DTM Yemen,,"Madinat Marib, Marib Governorate, Yemen; Shuub, Al Mahwit Governorate, Yemen","15.41567, 45.303421; 15.36121, 43.450249",District/Zone/Department (ADM2); District/Zone/Department (ADM2),Destination; Origin,Displacement without preventive evacuations reported,2026-02-04T17:11:28.794669Z,"Yemen: 12 displacements, 02 October - 02 October. According to IOM DTM Yemen, a total of 2 households were displaced from Shuub, Al Mahwit Governorate to Madinat Marib, Marib Governorate due to conflict reasons between 02 October 2025 and 02 October 2025. IOM DTM Yemen - 07 October 2025",,Conflict
225641,Yemen,YEM,13.567265,43.787006500000004,"[13.567265, 43.787006500000004]",Triangulation,Conflict,total,6,2025-10-01,2025-10-01,2025-10-01,2025,33436,Yemen: Non-International armed conflict (NIAC) - Taiz - 10/2025,,,2025-10-01,2025-10-31,,,,,,IOM DTM Yemen,,"Jabal Habashi, Ta'izz Governorate, Yemen; Maqbanah, Ta'izz Governorate, Yemen","13.47389, 43.888062; 13.66064, 43.685951",District/Zone/Department (ADM2); District/Zone/Department (ADM2),Destination; Origin,Displacement without preventive evacuations reported,2026-02-04T17:11:23.802511Z,"Yemen: 6 displacements, 01 October - 01 October. According to IOM DTM Yemen, one household was displaced from Maqbanah, Ta'izz Governorate to Jabal Habashi, Ta'izz Governorate due to conflict reasons between 01 October 2025 and 01 October 2025. IOM DTM Yemen - 07 October 2025",,Conflict
225643,Yemen,YEM,13.47692,44.139385000000004,"[13.47692, 44.139385000000004]",Triangulation,Conflict,total,12,2025-10-01,2025-10-01,2025-10-01,2025,33436,Yemen: Non-International armed conflict (NIAC) - Taiz - 10/2025,,,2025-10-01,2025-10-31,,,,,,IOM DTM Yemen,,"Mavia, Ta'izz Governorate, Yemen; Salah, Ta'izz Governorate, Yemen","13.58294, 44.347679; 13.3709, 43.931091",District/Zone/Department (ADM2); District/Zone/Department (ADM2),Origin; Destination,Displacement without preventive evacuations reported,2026-02-04T17:11:24.041952Z,"Yemen: 12 displacements, 01 October - 01 October. According to IOM DTM Yemen, a total of 2 households were displaced from Mavia, Ta'izz Governorate to Salah, Ta'izz Governorate due to conflict reasons between 01 October 2025 and 01 October 2025. IOM DTM Yemen - 07 October 2025",,Conflict
225642,Yemen,YEM,14.00396,43.4930705,"[14.00396, 43.4930705]",Triangulation,Conflict,total,18,2025-10-01,2025-10-01,2025-10-01,2025,33434,Yemen: Non-International armed conflict (NIAC) - Al Hodeidah - 10/2025,,,2025-10-01,2025-10-31,,,,,,IOM DTM Yemen,,"Al Durayhami, Al Hudaydah Governorate, Yemen; Salah, Ta'izz Governorate, Yemen","14.63702, 43.05505; 13.3709, 43.931091",District/Zone/Department (ADM2); District/Zone/Department (ADM2),Origin; Destination,Displacement without preventive evacuations reported,2026-02-04T17:11:23.918821Z,"Yemen: 18 displacements, 01 October - 01 October. According to IOM DTM Yemen, a total of 3 households were displaced from Al Durayhami, Al Hudaydah Governorate to Salah, Ta'izz Governorate due to conflict reasons between 01 October 2025 and 01 October 2025. IOM DTM Yemen - 07 October 2025",,Conflict
225646,Yemen,YEM,13.638445,44.4614905,"[13.638445, 44.4614905]",Triangulation,Conflict,total,60,2025-10-01,2025-10-01,2025-10-01,2025,33434,Yemen: Non-International armed conflict (NIAC) - Al Hodeidah - 10/2025,,,2025-10-01,2025-10-31,,,,,,IOM DTM Yemen,,"Hays, Al Hudaydah Governorate, Yemen; Khanfar District, Abyan Governorate, Yemen","13.9317, 43.483101; 13.34519, 45.43988",District/Zone/Department (ADM2); District/Zone/Department (ADM2),Origin; Destination,Displacement without preventive evacuations reported,2026-02-04T17:11:28.494858Z,"Yemen: 60 displacements, 01 October - 01 October. According to IOM DTM Yemen, a total of 10 households were displaced from Hays, Al Hudaydah Governorate to Khanfar District, Abyan Governorate due to conflict reasons between 01 October 2025 and 01 October 2025. IOM DTM Yemen - 07 October 2025",,Conflict
225640,Yemen,YEM,15.134955000000001,44.703334999999996,"[15.134955000000001, 44.703334999999996]",Triangulation,Conflict,total,6,2025-10-01,2025-10-01,2025-10-01,2025,33435,Yemen: Non-International armed conflict (NIAC) - Dhamar - 10/2025,,,2025-10-01,2025-10-31,,,,,,IOM DTM Yemen,,"Dawran Anas, Dhamar Governorate, Yemen; Madinat Marib, Marib Governorate, Yemen","14.85424, 44.103249; 15.41567, 45.303421",District/Zone/Department (ADM2); District/Zone/Department (ADM2),Origin; Destination,Displacement without preventive evacuations reported,2026-02-04T17:11:23.703079Z,"Yemen: 6 displacements, 01 October - 01 October. According to IOM DTM Yemen, one household was displaced from Dawran Anas, Dhamar Governorate to Madinat Marib, Marib Governorate due to conflict reasons between 01 October 2025 and 01 October 2025. IOM DTM Yemen - 07 October 2025",,Conflict
225645,Yemen,YEM,14.14647,43.3127655,"[14.14647, 43.3127655]",Triangulation,Conflict,total,12,2025-10-01,2025-10-01,2025-10-01,2025,33434,Yemen: Non-International armed conflict (NIAC) - Al Hodeidah - 10/2025,,,2025-10-01,2025-10-31,,,,,,IOM DTM Yemen,,"Al Khawkhah, Al Hudaydah Governorate, Yemen; Beit Al Faqih, Al Hudaydah Governorate, Yemen","13.80556, 43.347382; 14.48738, 43.278149",District/Zone/Department (ADM2); District/Zone/Department (ADM2),Destination; Origin,Displacement without preventive evacuations reported,2026-02-04T17:11:28.433703Z,"Yemen: 12 displacements, 01 October - 01 October. According to IOM DTM Yemen, a total of 2 households were displaced from Beit Al Faqih, Al Hudaydah Governorate to Al Khawkhah, Al Hudaydah Governorate due to conflict reasons between 01 October 2025 and 01 October 2025. IOM DTM Yemen - 07 October 2025",,Conflict
225644,Yemen,YEM,13.306750000000001,44.474905,"[13.306750000000001, 44.474905]",Triangulation,Conflict,total,18,2025-09-30,2025-09-30,2025-09-30,2025,33429,Yemen: Non-International armed conflict (NIAC) - Taiz - 09/2025,,,2025-09-01,2025-09-30,,,,,,IOM DTM Yemen,,"Khanfar District, Abyan Governorate, Yemen; Mowaza, Ta'izz Governorate, Yemen","13.34519, 45.43988; 13.26831, 43.50993",District/Zone/Department (ADM2); District/Zone/Department (ADM2),Destination; Origin,Displacement without preventive evacuations reported,2026-02-04T17:11:24.167018Z,"Yemen: 18 displacements, 30 September - 30 September. According to IOM DTM Yemen, a total of 3 households were displaced from Mowaza, Ta'izz Governorate to Khanfar District, Abyan Governorate due to conflict reasons between 30 September 2025 and 30 September 2025. IOM DTM Yemen - 07 October 2025",,Conflict
225638,Yemen,YEM,13.96899,43.367990500000005,"[13.96899, 43.367990500000005]",Triangulation,Conflict,total,6,2025-09-30,2025-09-30,2025-09-30,2025,33424,Yemen: Non-International armed conflict (NIAC) - Al Hodeidah - 09/2025,,,2025-09-01,2025-09-30,,,,,,IOM DTM Yemen,,"Al Jarrahi, Al Hudaydah Governorate, Yemen; Al Khawkhah, Al Hudaydah Governorate, Yemen","14.13242, 43.388599; 13.80556, 43.347382",District/Zone/Department (ADM2); District/Zone/Department (ADM2),Origin; Destination,Displacement without preventive evacuations reported,2026-02-04T17:11:23.500541Z,"Yemen: 6 displacements, 30 September - 30 September. According to IOM DTM Yemen, one household was displaced from Al Jarrahi, Al Hudaydah Governorate to Al Khawkhah, Al Hudaydah Governorate due to conflict reasons between 30 September 2025 and 30 September 2025. IOM DTM Yemen - 07 October 2025",,Conflict
225639,Yemen,YEM,14.725065,44.558861,"[14.725065, 44.558861]",Triangulation,Conflict,total,6,2025-09-30,2025-09-30,2025-09-30,2025,33426,Yemen: Non-International armed conflict (NIAC) - Ibb - 09/2025,,,2025-09-01,2025-09-30,,,,,,IOM DTM Yemen,,"Al Qafr, Ibb Governorate, Yemen; Madinat Marib, Marib Governorate, Yemen","14.03446, 43.814301; 15.41567, 45.303421",District/Zone/Department (ADM2); District/Zone/Department (ADM2),Origin; Destination,Displacement without preventive evacuations reported,2026-02-04T17:11:23.598025Z,"Yemen: 6 displacements, 30 September - 30 September. According to IOM DTM Yemen, one household was displaced from Al Qafr, Ibb Governorate to Madinat Marib, Marib Governorate due to conflict reasons between 30 September 2025 and 30 September 2025. IOM DTM Yemen - 07 October 2025",,Conflict
225637,Yemen,YEM,14.586739999999999,44.535301000000004,"[14.586739999999999, 44.535301000000004]",Triangulation,Conflict,total,6,2025-09-29,2025-09-29,2025-09-29,2025,33429,Yemen: Non-International armed conflict (NIAC) - Taiz - 09/2025,,,2025-09-01,2025-09-30,,,,,,IOM DTM Yemen,,"Madinat Marib, Marib Governorate, Yemen; Sharab ar Rawnah, Ta'izz Governorate, Yemen","15.41567, 45.303421; 13.75781, 43.767181",District/Zone/Department (ADM2); District/Zone/Department (ADM2),Destination; Origin,Displacement without preventive evacuations reported,2026-02-04T17:11:23.385494Z,"Yemen: 6 displacements, 29 September - 29 September. According to IOM DTM Yemen, one household was displaced from Sharab ar Rawnah, Ta'izz Governorate to Madinat Marib, Marib Governorate due to conflict reasons between 29 September 2025 and 29 September 2025. IOM DTM Yemen - 07 October 2025",,Conflict
225636,Yemen,YEM,15.384644999999999,44.751476499999995,"[15.384644999999999, 44.751476499999995]",Triangulation,Conflict,total,6,2025-09-29,2025-09-29,2025-09-29,2025,33428,Yemen: Non-International armed conflict (NIAC) - Sanaa City - 09/2025,,,2025-09-01,2025-09-30,,,,,,IOM DTM Yemen,,"At Tahrir District, Amanat Al Asimah, Yemen; Madinat Marib, Marib Governorate, Yemen","15.35362, 44.199532; 15.41567, 45.303421",District/Zone/Department (ADM2); District/Zone/Department (ADM2),Origin; Destination,Displacement without preventive evacuations reported,2026-02-04T17:11:23.239516Z,"Yemen: 6 displacements, 29 September - 29 September. According to IOM DTM Yemen, one household was displaced from At Tahrir District, Amanat Al Asimah to Madinat Marib, Marib Governorate due to conflict reasons between 29 September 2025 and 29 September 2025. IOM DTM Yemen - 07 October 2025",,Conflict
225635,Yemen,YEM,15.424475,44.757825999999994,"[15.424475, 44.757825999999994]",Triangulation,Conflict,total,12,2025-09-29,2025-09-29,2025-09-29,2025,33428,Yemen: Non-International armed conflict (NIAC) - Sanaa City - 09/2025,,,2025-09-01,2025-09-30,,,,,,IOM DTM Yemen,,"At Thaourah District, Amanat Al Asimah, Yemen; Marib, Marib Governorate, Yemen","15.39107, 44.192631; 15.45788, 45.323021",District/Zone/Department (ADM2); District/Zone/Department (ADM2),Origin; Destination,Displacement without preventive evacuations reported,2026-02-04T17:11:23.012492Z,"Yemen: 12 displacements, 29 September - 29 September. According to IOM DTM Yemen, a total of 2 households were displaced from At Thaourah District, Amanat Al Asimah to Marib, Marib Governorate due to conflict reasons between 29 September 2025 and 29 September 2025. IOM DTM Yemen - 07 October 2025",,Conflict
225634,Yemen,YEM,15.38565,44.781730499999995,"[15.38565, 44.781730499999995]",Triangulation,Conflict,total,6,2025-09-29,2025-09-29,2025-09-29,2025,33428,Yemen: Non-International armed conflict (NIAC) - Sanaa City - 09/2025,,,2025-09-01,2025-09-30,,,,,,IOM DTM Yemen,,"Azal District, Amanat Al Asimah, Yemen; Madinat Marib, Marib Governorate, Yemen","15.35563, 44.26004; 15.41567, 45.303421",District/Zone/Department (ADM2); District/Zone/Department (ADM2),Origin; Destination,Displacement without preventive evacuations reported,2026-02-04T17:11:22.907367Z,"Yemen: 6 displacements, 29 September - 29 September. According to IOM DTM Yemen, one household was displaced from Azal District, Amanat Al Asimah to Madinat Marib, Marib Governorate due to conflict reasons between 29 September 2025 and 29 September 2025. IOM DTM Yemen - 07 October 2025",,Conflict
225633,Yemen,YEM,15.400500000000001,44.79043,"[15.400500000000001, 44.79043]",Triangulation,Conflict,total,6,2025-09-28,2025-09-28,2025-09-28,2025,33428,Yemen: Non-International armed conflict (NIAC) - Sanaa City - 09/2025,,,2025-09-01,2025-09-30,,,,,,IOM DTM Yemen,,"As Safia district, Amanat Al Asimah, Yemen; Marib, Marib Governorate, Yemen","15.34312, 44.257839; 15.45788, 45.323021",District/Zone/Department (ADM2); District/Zone/Department (ADM2),Origin; Destination,Displacement without preventive evacuations reported,2026-02-04T17:11:22.787874Z,"Yemen: 6 displacements, 28 September - 28 September. According to IOM DTM Yemen, one household was displaced from As Safia district, Amanat Al Asimah to Marib, Marib Governorate due to conflict reasons between 28 September 2025 and 28 September 2025. IOM DTM Yemen - 07 October 2025",,Conflict
225632,Yemen,YEM,15.646445,44.485046499999996,"[15.646445, 44.485046499999996]",Triangulation,Conflict,total,6,2025-09-28,2025-09-28,2025-09-28,2025,33433,Yemen: Non-International armed conflict (NIAC) - Hajjah - 09/2025,,,2025-09-01,2025-09-30,,,,,,IOM DTM Yemen,,"Al Maghrabah, Hajjah Governorate, Yemen; Madinat Marib, Marib Governorate, Yemen","15.87722, 43.666672; 15.41567, 45.303421",District/Zone/Department (ADM2); District/Zone/Department (ADM2),Origin; Destination,Displacement without preventive evacuations reported,2026-02-04T17:11:22.683493Z,"Yemen: 6 displacements, 28 September - 28 September. According to IOM DTM Yemen, one household was displaced from Al Maghrabah, Hajjah Governorate to Madinat Marib, Marib Governorate due to conflict reasons between 28 September 2025 and 28 September 2025. IOM DTM Yemen - 07 October 2025",,Conflict
225631,Yemen,YEM,13.86863,43.4152415,"[13.86863, 43.4152415]",Triangulation,Conflict,total,6,2025-09-28,2025-09-28,2025-09-28,2025,33424,Yemen: Non-International armed conflict (NIAC) - Al Hodeidah - 09/2025,,,2025-09-01,2025-09-30,,,,,,IOM DTM Yemen,,"Al Khawkhah, Al Hudaydah Governorate, Yemen; Hays, Al Hudaydah Governorate, Yemen","13.80556, 43.347382; 13.9317, 43.483101",District/Zone/Department (ADM2); District/Zone/Department (ADM2),Destination; Origin,Displacement without preventive evacuations reported,2026-02-04T17:11:22.584107Z,"Yemen: 6 displacements, 28 September - 28 September. According to IOM DTM Yemen, one household was displaced from Hays, Al Hudaydah Governorate to Al Khawkhah, Al Hudaydah Governorate due to conflict reasons between 28 September 2025 and 28 September 2025. IOM DTM Yemen - 07 October 2025",,Conflict
225630,Yemen,YEM,15.403369999999999,44.748025999999996,"[15.403369999999999, 44.748025999999996]",Triangulation,Conflict,total,12,2025-09-27,2025-09-27,2025-09-27,2025,33428,Yemen: Non-International armed conflict (NIAC) - Sanaa City - 09/2025,,,2025-09-01,2025-09-30,,,,,,IOM DTM Yemen,,"At Thaourah District, Amanat Al Asimah, Yemen; Madinat Marib, Marib Governorate, Yemen","15.39107, 44.192631; 15.41567, 45.303421",District/Zone/Department (ADM2); District/Zone/Department (ADM2),Origin; Destination,Displacement without preventive evacuations reported,2026-02-04T17:11:22.453562Z,"Yemen: 12 displacements, 27 September - 27 September. According to IOM DTM Yemen, a total of 2 households were displaced from At Thaourah District, Amanat Al Asimah to Madinat Marib, Marib Governorate due to conflict reasons between 27 September 2025 and 27 September 2025. IOM DTM Yemen - 07 October 2025",,Conflict
225629,Yemen,YEM,14.27998,43.1726055,"[14.27998, 43.1726055]",Triangulation,Conflict,total,12,2025-09-27,2025-09-27,2025-09-27,2025,33424,Yemen: Non-International armed conflict (NIAC) - Al Hodeidah - 09/2025,,,2025-09-01,2025-09-30,,,,,,IOM DTM Yemen,,"Al Hawak, Al Hudaydah Governorate, Yemen; Al Khawkhah, Al Hudaydah Governorate, Yemen","14.7544, 42.997829; 13.80556, 43.347382",District/Zone/Department (ADM2); District/Zone/Department (ADM2),Origin; Destination,Displacement without preventive evacuations reported,2026-02-04T17:11:22.354171Z,"Yemen: 12 displacements, 27 September - 27 September. According to IOM DTM Yemen, a total of 2 households were displaced from Al Hawak, Al Hudaydah Governorate to Al Khawkhah, Al Hudaydah Governorate due to conflict reasons between 27 September 2025 and 27 September 2025. IOM DTM Yemen - 07 October 2025",,Conflict
225628,Yemen,YEM,15.028939999999999,44.5865095,"[15.028939999999999, 44.5865095]",Triangulation,Conflict,total,6,2025-09-26,2025-09-26,2025-09-26,2025,33432,Yemen: Non-International armed conflict (NIAC) - Raymah - 09/2025,,,2025-09-01,2025-09-30,,,,,,IOM DTM Yemen,,"As Salafiyah, Raymah Governorate, Yemen; Marib, Marib Governorate, Yemen","14.6, 43.849998; 15.45788, 45.323021",District/Zone/Department (ADM2); District/Zone/Department (ADM2),Origin; Destination,Displacement without preventive evacuations reported,2026-02-04T17:11:22.225725Z,"Yemen: 6 displacements, 26 September - 26 September. According to IOM DTM Yemen, one household was displaced from As Salafiyah, Raymah Governorate to Marib, Marib Governorate due to conflict reasons between 26 September 2025 and 26 September 2025. IOM DTM Yemen - 07 October 2025",,Conflict
225626,Yemen,YEM,14.741824999999999,44.6626395,"[14.741824999999999, 44.6626395]",Triangulation,Conflict,total,6,2025-09-26,2025-09-26,2025-09-26,2025,33426,Yemen: Non-International armed conflict (NIAC) - Ibb - 09/2025,,,2025-09-01,2025-09-30,,,,,,IOM DTM Yemen,,"Hazm al Udayn, Ibb Governorate, Yemen; Marib, Marib Governorate, Yemen","14.02577, 44.002258; 15.45788, 45.323021",District/Zone/Department (ADM2); District/Zone/Department (ADM2),Origin; Destination,Displacement without preventive evacuations reported,2026-02-04T17:11:21.958738Z,"Yemen: 6 displacements, 26 September - 26 September. According to IOM DTM Yemen, one household was displaced from Hazm al Udayn, Ibb Governorate to Marib, Marib Governorate due to conflict reasons between 26 September 2025 and 26 September 2025. IOM DTM Yemen - 07 October 2025",,Conflict
225627,Yemen,YEM,15.04745,44.1890355,"[15.04745, 44.1890355]",Triangulation,Conflict,total,6,2025-09-26,2025-09-26,2025-09-26,2025,33424,Yemen: Non-International armed conflict (NIAC) - Al Hodeidah - 09/2025,,,2025-09-01,2025-09-30,,,,,,IOM DTM Yemen,,"Al Durayhami, Al Hudaydah Governorate, Yemen; Marib, Marib Governorate, Yemen","14.63702, 43.05505; 15.45788, 45.323021",District/Zone/Department (ADM2); District/Zone/Department (ADM2),Origin; Destination,Displacement without preventive evacuations reported,2026-02-04T17:11:22.092773Z,"Yemen: 6 displacements, 26 September - 26 September. According to IOM DTM Yemen, one household was displaced from Al Durayhami, Al Hudaydah Governorate to Marib, Marib Governorate due to conflict reasons between 26 September 2025 and 26 September 2025. IOM DTM Yemen - 07 October 2025",,Conflict
225625,Yemen,YEM,13.7331,43.5166665,"[13.7331, 43.5166665]",Triangulation,Conflict,total,18,2025-09-26,2025-09-26,2025-09-26,2025,33429,Yemen: Non-International armed conflict (NIAC) - Taiz - 09/2025,,,2025-09-01,2025-09-30,,,,,,IOM DTM Yemen,,"Al Khawkhah, Al Hudaydah Governorate, Yemen; Maqbanah, Ta'izz Governorate, Yemen","13.80556, 43.347382; 13.66064, 43.685951",District/Zone/Department (ADM2); District/Zone/Department (ADM2),Destination; Origin,Displacement without preventive evacuations reported,2026-02-04T17:11:21.829655Z,"Yemen: 18 displacements, 26 September - 26 September. According to IOM DTM Yemen, a total of 3 households were displaced from Maqbanah, Ta'izz Governorate to Al Khawkhah, Al Hudaydah Governorate due to conflict reasons between 26 September 2025 and 26 September 2025. IOM DTM Yemen - 07 October 2025",,Conflict
225623,Yemen,YEM,15.384644999999999,44.751476499999995,"[15.384644999999999, 44.751476499999995]",Triangulation,Conflict,total,12,2025-09-25,2025-09-25,2025-09-25,2025,33428,Yemen: Non-International armed conflict (NIAC) - Sanaa City - 09/2025,,,2025-09-01,2025-09-30,,,,,,IOM DTM Yemen,,"At Tahrir District, Amanat Al Asimah, Yemen; Madinat Marib, Marib Governorate, Yemen","15.35362, 44.199532; 15.41567, 45.303421",District/Zone/Department (ADM2); District/Zone/Department (ADM2),Origin; Destination,Displacement without preventive evacuations reported,2026-02-04T17:11:21.581988Z,"Yemen: 12 displacements, 25 September - 25 September. According to IOM DTM Yemen, a total of 2 households were displaced from At Tahrir District, Amanat Al Asimah to Madinat Marib, Marib Governorate due to conflict reasons between 25 September 2025 and 25 September 2025. IOM DTM Yemen - 07 October 2025",,Conflict
225621,Yemen,YEM,14.741824999999999,44.6626395,"[14.741824999999999, 44.6626395]",Triangulation,Conflict,total,6,2025-09-22,2025-09-22,2025-09-22,2025,33426,Yemen: Non-International armed conflict (NIAC) - Ibb - 09/2025,,,2025-09-01,2025-09-30,,,,,,IOM DTM Yemen,,"Hazm al Udayn, Ibb Governorate, Yemen; Marib, Marib Governorate, Yemen","14.02577, 44.002258; 15.45788, 45.323021",District/Zone/Department (ADM2); District/Zone/Department (ADM2),Origin; Destination,Displacement without preventive evacuations reported,2026-02-04T17:11:21.364819Z,"Yemen: 6 displacements, 22 September - 22 September. According to IOM DTM Yemen, one household was displaced from Hazm al Udayn, Ibb Governorate to Marib, Marib Governorate due to conflict reasons between 22 September 2025 and 22 September 2025. IOM DTM Yemen - 07 October 2025",,Conflict
225622,Yemen,YEM,15.403369999999999,44.748025999999996,"[15.403369999999999, 44.748025999999996]",Triangulation,Conflict,total,12,2025-09-22,2025-09-22,2025-09-22,2025,33428,Yemen: Non-International armed conflict (NIAC) - Sanaa City - 09/2025,,,2025-09-01,2025-09-30,,,,,,IOM DTM Yemen,,"At Thaourah District, Amanat Al Asimah, Yemen; Madinat Marib, Marib Governorate, Yemen","15.39107, 44.192631; 15.41567, 45.303421",District/Zone/Department (ADM2); District/Zone/Department (ADM2),Origin; Destination,Displacement without preventive evacuations reported,2026-02-04T17:11:21.478033Z,"Yemen: 12 displacements, 22 September - 22 September. According to IOM DTM Yemen, a total of 2 households were displaced from At Thaourah District, Amanat Al Asimah to Madinat Marib, Marib Governorate due to conflict reasons between 22 September 2025 and 22 September 2025. IOM DTM Yemen - 07 October 2025",,Conflict
225624,Yemen,YEM,13.96899,43.367990500000005,"[13.96899, 43.367990500000005]",Triangulation,Conflict,total,6,2025-09-22,2025-09-22,2025-09-22,2025,33424,Yemen: Non-International armed conflict (NIAC) - Al Hodeidah - 09/2025,,,2025-09-01,2025-09-30,,,,,,IOM DTM Yemen,,"Al Jarrahi, Al Hudaydah Governorate, Yemen; Al Khawkhah, Al Hudaydah Governorate, Yemen","14.13242, 43.388599; 13.80556, 43.347382",District/Zone/Department (ADM2); District/Zone/Department (ADM2),Origin; Destination,Displacement without preventive evacuations reported,2026-02-04T17:11:21.685413Z,"Yemen: 6 displacements, 22 September - 22 September. According to IOM DTM Yemen, one household was displaced from Al Jarrahi, Al Hudaydah Governorate to Al Khawkhah, Al Hudaydah Governorate due to conflict reasons between 22 September 2025 and 22 September 2025. IOM DTM Yemen - 07 October 2025",,Conflict
225618,Yemen,YEM,13.401305,43.991581,"[13.401305, 43.991581]",Triangulation,Conflict,total,18,2025-09-21,2025-09-21,2025-09-21,2025,33429,Yemen: Non-International armed conflict (NIAC) - Taiz - 09/2025,,,2025-09-01,2025-09-30,,,,,,IOM DTM Yemen,,"Al Makhaf, Ta'izz Governorate, Yemen; Salah, Ta'izz Governorate, Yemen","13.43171, 44.052071; 13.3709, 43.931091",District/Zone/Department (ADM2); District/Zone/Department (ADM2),Destination; Origin,Displacement without preventive evacuations reported,2026-02-04T16:36:12.000187Z,"Yemen: 18 displacements, 21 September - 21 September. According to IOM DTM Yemen, a total of 3 households were displaced from Salah, Ta'izz Governorate to Al Makhaf, Ta'izz Governorate due to conflict reasons between 21 September 2025 and 21 September 2025. IOM DTM Yemen - 07 October 2025",,Conflict
225617,Yemen,YEM,13.99456,43.286877000000004,"[13.99456, 43.286877000000004]",Triangulation,Conflict,total,12,2025-09-21,2025-09-21,2025-09-21,2025,33424,Yemen: Non-International armed conflict (NIAC) - Al Hodeidah - 09/2025,,,2025-09-01,2025-09-30,,,,,,IOM DTM Yemen,,"Al Khawkhah, Al Hudaydah Governorate, Yemen; At Tahaytha, Al Hudaydah Governorate, Yemen","13.80556, 43.347382; 14.18356, 43.226372",District/Zone/Department (ADM2); District/Zone/Department (ADM2),Destination; Origin,Displacement without preventive evacuations reported,2026-02-04T16:36:11.929669Z,"Yemen: 12 displacements, 21 September - 21 September. According to IOM DTM Yemen, a total of 2 households were displaced from At Tahaytha, Al Hudaydah Governorate to Al Khawkhah, Al Hudaydah Governorate due to conflict reasons between 21 September 2025 and 21 September 2025. IOM DTM Yemen - 07 October 2025",,Conflict
225620,Yemen,YEM,15.403369999999999,44.748025999999996,"[15.403369999999999, 44.748025999999996]",Triangulation,Conflict,total,12,2025-09-21,2025-09-21,2025-09-21,2025,33428,Yemen: Non-International armed conflict (NIAC) - Sanaa City - 09/2025,,,2025-09-01,2025-09-30,,,,,,IOM DTM Yemen,,"At Thaourah District, Amanat Al Asimah, Yemen; Madinat Marib, Marib Governorate, Yemen","15.39107, 44.192631; 15.41567, 45.303421",District/Zone/Department (ADM2); District/Zone/Department (ADM2),Origin; Destination,Displacement without preventive evacuations reported,2026-02-04T17:11:21.250020Z,"Yemen: 12 displacements, 21 September - 21 September. According to IOM DTM Yemen, a total of 2 households were displaced from At Thaourah District, Amanat Al Asimah to Madinat Marib, Marib Governorate due to conflict reasons between 21 September 2025 and 21 September 2025. IOM DTM Yemen - 07 October 2025",,Conflict
225615,Yemen,YEM,13.47692,44.139385000000004,"[13.47692, 44.139385000000004]",Triangulation,Conflict,total,12,2025-09-19,2025-09-19,2025-09-19,2025,33429,Yemen: Non-International armed conflict (NIAC) - Taiz - 09/2025,,,2025-09-01,2025-09-30,,,,,,IOM DTM Yemen,,"Mavia, Ta'izz Governorate, Yemen; Salah, Ta'izz Governorate, Yemen","13.58294, 44.347679; 13.3709, 43.931091",District/Zone/Department (ADM2); District/Zone/Department (ADM2),Origin; Destination,Displacement without preventive evacuations reported,2026-02-04T16:36:11.812452Z,"Yemen: 12 displacements, 19 September - 19 September. According to IOM DTM Yemen, a total of 2 households were displaced from Mavia, Ta'izz Governorate to Salah, Ta'izz Governorate due to conflict reasons between 19 September 2025 and 19 September 2025. IOM DTM Yemen - 07 October 2025",,Conflict
225616,Yemen,YEM,15.483425,44.7831745,"[15.483425, 44.7831745]",Triangulation,Conflict,total,30,2025-09-19,2025-09-19,2025-09-19,2025,33428,Yemen: Non-International armed conflict (NIAC) - Sanaa City - 09/2025,,,2025-09-01,2025-09-30,,,,,,IOM DTM Yemen,,"Bani AlHareth District, Amanat Al Asimah, Yemen; Marib, Marib Governorate, Yemen","15.50897, 44.243328; 15.45788, 45.323021",District/Zone/Department (ADM2); District/Zone/Department (ADM2),Origin; Destination,Displacement without preventive evacuations reported,2026-02-04T16:36:11.872271Z,"Yemen: 30 displacements, 19 September - 19 September. According to IOM DTM Yemen, a total of 5 households were displaced from Bani AlHareth District, Amanat Al Asimah to Marib, Marib Governorate due to conflict reasons between 19 September 2025 and 19 September 2025. IOM DTM Yemen - 07 October 2025",,Conflict
225613,Yemen,YEM,13.47692,44.139385000000004,"[13.47692, 44.139385000000004]",Triangulation,Conflict,total,12,2025-09-18,2025-09-18,2025-09-18,2025,33429,Yemen: Non-International armed conflict (NIAC) - Taiz - 09/2025,,,2025-09-01,2025-09-30,,,,,,IOM DTM Yemen,,"Mavia, Ta'izz Governorate, Yemen; Salah, Ta'izz Governorate, Yemen","13.58294, 44.347679; 13.3709, 43.931091",District/Zone/Department (ADM2); District/Zone/Department (ADM2),Origin; Destination,Displacement without preventive evacuations reported,2026-02-04T16:36:11.694727Z,"Yemen: 12 displacements, 18 September - 18 September. According to IOM DTM Yemen, a total of 2 households were displaced from Mavia, Ta'izz Governorate to Salah, Ta'izz Governorate due to conflict reasons between 18 September 2025 and 18 September 2025. IOM DTM Yemen - 07 October 2025",,Conflict
225602,Yemen,YEM,13.99456,43.286877000000004,"[13.99456, 43.286877000000004]",Triangulation,Conflict,total,6,2025-09-18,2025-09-18,2025-09-18,2025,33424,Yemen: Non-International armed conflict (NIAC) - Al Hodeidah - 09/2025,,,2025-09-01,2025-09-30,,,,,,IOM DTM Yemen,,"Al Khawkhah, Al Hudaydah Governorate, Yemen; At Tahaytha, Al Hudaydah Governorate, Yemen","13.80556, 43.347382; 14.18356, 43.226372",District/Zone/Department (ADM2); District/Zone/Department (ADM2),Destination; Origin,Displacement without preventive evacuations reported,2026-02-04T16:36:10.992658Z,"Yemen: 6 displacements, 18 September - 18 September. According to IOM DTM Yemen, one household was displaced from At Tahaytha, Al Hudaydah Governorate to Al Khawkhah, Al Hudaydah Governorate due to conflict reasons between 18 September 2025 and 18 September 2025. IOM DTM Yemen - 07 October 2025",,Conflict
225603,Yemen,YEM,13.567265,43.787006500000004,"[13.567265, 43.787006500000004]",Triangulation,Conflict,total,6,2025-09-18,2025-09-18,2025-09-18,2025,33429,Yemen: Non-International armed conflict (NIAC) - Taiz - 09/2025,,,2025-09-01,2025-09-30,,,,,,IOM DTM Yemen,,"Jabal Habashi, Ta'izz Governorate, Yemen; Maqbanah, Ta'izz Governorate, Yemen","13.47389, 43.888062; 13.66064, 43.685951",District/Zone/Department (ADM2); District/Zone/Department (ADM2),Destination; Origin,Displacement without preventive evacuations reported,2026-02-04T16:36:11.056347Z,"Yemen: 6 displacements, 18 September - 18 September. According to IOM DTM Yemen, one household was displaced from Maqbanah, Ta'izz Governorate to Jabal Habashi, Ta'izz Governorate due to conflict reasons between 18 September 2025 and 18 September 2025. IOM DTM Yemen - 07 October 2025",,Conflict
225611,Yemen,YEM,13.79617,43.584526,"[13.79617, 43.584526]",Triangulation,Conflict,total,12,2025-09-18,2025-09-18,2025-09-18,2025,33429,Yemen: Non-International armed conflict (NIAC) - Taiz - 09/2025,,,2025-09-01,2025-09-30,,,,,,IOM DTM Yemen,,"Hays, Al Hudaydah Governorate, Yemen; Maqbanah, Ta'izz Governorate, Yemen","13.9317, 43.483101; 13.66064, 43.685951",District/Zone/Department (ADM2); District/Zone/Department (ADM2),Destination; Origin,Displacement without preventive evacuations reported,2026-02-04T16:36:11.585667Z,"Yemen: 12 displacements, 18 September - 18 September. According to IOM DTM Yemen, a total of 2 households were displaced from Maqbanah, Ta'izz Governorate to Hays, Al Hudaydah Governorate due to conflict reasons between 18 September 2025 and 18 September 2025. IOM DTM Yemen - 07 October 2025",,Conflict
225612,Yemen,YEM,13.971074999999999,43.555465999999996,"[13.971074999999999, 43.555465999999996]",Triangulation,Conflict,total,6,2025-09-18,2025-09-18,2025-09-18,2025,33424,Yemen: Non-International armed conflict (NIAC) - Al Hodeidah - 09/2025,,,2025-09-01,2025-09-30,,,,,,IOM DTM Yemen,,"Hays, Al Hudaydah Governorate, Yemen; Jabal Ras, Al Hudaydah Governorate, Yemen","13.9317, 43.483101; 14.01045, 43.627831",District/Zone/Department (ADM2); District/Zone/Department (ADM2),Destination; Origin,Displacement without preventive evacuations reported,2026-02-04T16:36:11.642098Z,"Yemen: 6 displacements, 18 September - 18 September. According to IOM DTM Yemen, one household was displaced from Jabal Ras, Al Hudaydah Governorate to Hays, Al Hudaydah Governorate due to conflict reasons between 18 September 2025 and 18 September 2025. IOM DTM Yemen - 07 October 2025",,Conflict
225614,Yemen,YEM,15.032835,44.618376,"[15.032835, 44.618376]",Triangulation,Conflict,total,6,2025-09-18,2025-09-18,2025-09-18,2025,33430,Yemen: Non-International armed conflict (NIAC) - Dhamar - 09/2025,,,2025-09-01,2025-09-30,,,,,,IOM DTM Yemen,,"Madinat Marib, Marib Governorate, Yemen; Otma, Dhamar Governorate, Yemen","15.41567, 45.303421; 14.65, 43.933331",District/Zone/Department (ADM2); District/Zone/Department (ADM2),Destination; Origin,Displacement without preventive evacuations reported,2026-02-04T16:36:11.752489Z,"Yemen: 6 displacements, 18 September - 18 September. According to IOM DTM Yemen, one household was displaced from Otma, Dhamar Governorate to Madinat Marib, Marib Governorate due to conflict reasons between 18 September 2025 and 18 September 2025. IOM DTM Yemen - 07 October 2025",,Conflict
225608,Yemen,YEM,14.83962,44.9550555,"[14.83962, 44.9550555]",Triangulation,Conflict,total,6,2025-09-17,2025-09-17,2025-09-17,2025,33426,Yemen: Non-International armed conflict (NIAC) - Ibb - 09/2025,,,2025-09-01,2025-09-30,,,,,,IOM DTM Yemen,,"Ar Radmah, Ibb Governorate, Yemen; Marib, Marib Governorate, Yemen","14.22136, 44.58709; 15.45788, 45.323021",District/Zone/Department (ADM2); District/Zone/Department (ADM2),Origin; Destination,Displacement without preventive evacuations reported,2026-02-04T16:36:11.406383Z,"Yemen: 6 displacements, 17 September - 17 September. According to IOM DTM Yemen, one household was displaced from Ar Radmah, Ibb Governorate to Marib, Marib Governorate due to conflict reasons between 17 September 2025 and 17 September 2025. IOM DTM Yemen - 07 October 2025",,Conflict
225610,Yemen,YEM,14.034365000000001,43.5535605,"[14.034365000000001, 43.5535605]",Triangulation,Conflict,total,24,2025-09-17,2025-09-17,2025-09-17,2025,33424,Yemen: Non-International armed conflict (NIAC) - Al Hodeidah - 09/2025,,,2025-09-01,2025-09-30,,,,,,IOM DTM Yemen,,"Al Durayhami, Al Hudaydah Governorate, Yemen; Al Makhaf, Ta'izz Governorate, Yemen","14.63702, 43.05505; 13.43171, 44.052071",District/Zone/Department (ADM2); District/Zone/Department (ADM2),Origin; Destination,Displacement without preventive evacuations reported,2026-02-04T16:36:11.523952Z,"Yemen: 24 displacements, 17 September - 17 September. According to IOM DTM Yemen, a total of 4 households were displaced from Al Durayhami, Al Hudaydah Governorate to Al Makhaf, Ta'izz Governorate due to conflict reasons between 17 September 2025 and 17 September 2025. IOM DTM Yemen - 07 October 2025",,Conflict
225609,Yemen,YEM,14.74617,44.568661,"[14.74617, 44.568661]",Triangulation,Conflict,total,12,2025-09-17,2025-09-17,2025-09-17,2025,33426,Yemen: Non-International armed conflict (NIAC) - Ibb - 09/2025,,,2025-09-01,2025-09-30,,,,,,IOM DTM Yemen,,"Al Qafr, Ibb Governorate, Yemen; Marib, Marib Governorate, Yemen","14.03446, 43.814301; 15.45788, 45.323021",District/Zone/Department (ADM2); District/Zone/Department (ADM2),Origin; Destination,Displacement without preventive evacuations reported,2026-02-04T16:36:11.462999Z,"Yemen: 12 displacements, 17 September - 17 September. According to IOM DTM Yemen, a total of 2 households were displaced from Al Qafr, Ibb Governorate to Marib, Marib Governorate due to conflict reasons between 17 September 2025 and 17 September 2025. IOM DTM Yemen - 07 October 2025",,Conflict
225607,Yemen,YEM,15.38246,44.7659455,"[15.38246, 44.7659455]",Triangulation,Conflict,total,6,2025-09-15,2025-09-15,2025-09-15,2025,33428,Yemen: Non-International armed conflict (NIAC) - Sanaa City - 09/2025,,,2025-09-01,2025-09-30,,,,,,IOM DTM Yemen,,"As Sabain District, Amanat Al Asimah, Yemen; Marib, Marib Governorate, Yemen","15.30704, 44.20887; 15.45788, 45.323021",District/Zone/Department (ADM2); District/Zone/Department (ADM2),Origin; Destination,Displacement without preventive evacuations reported,2026-02-04T16:36:11.341410Z,"Yemen: 6 displacements, 15 September - 15 September. According to IOM DTM Yemen, one household was displaced from As Sabain District, Amanat Al Asimah to Marib, Marib Governorate due to conflict reasons between 15 September 2025 and 15 September 2025. IOM DTM Yemen - 07 October 2025",,Conflict
225601,Yemen,YEM,13.99456,43.286877000000004,"[13.99456, 43.286877000000004]",Triangulation,Conflict,total,12,2025-09-15,2025-09-15,2025-09-15,2025,33424,Yemen: Non-International armed conflict (NIAC) - Al Hodeidah - 09/2025,,,2025-09-01,2025-09-30,,,,,,IOM DTM Yemen,,"Al Khawkhah, Al Hudaydah Governorate, Yemen; At Tahaytha, Al Hudaydah Governorate, Yemen","13.80556, 43.347382; 14.18356, 43.226372",District/Zone/Department (ADM2); District/Zone/Department (ADM2),Destination; Origin,Displacement without preventive evacuations reported,2026-02-04T16:36:10.925741Z,"Yemen: 12 displacements, 15 September - 15 September. According to IOM DTM Yemen, a total of 2 households were displaced from At Tahaytha, Al Hudaydah Governorate to Al Khawkhah, Al Hudaydah Governorate due to conflict reasons between 15 September 2025 and 15 September 2025. IOM DTM Yemen - 07 October 2025",,Conflict
225599,Yemen,YEM,13.99456,43.286877000000004,"[13.99456, 43.286877000000004]",Triangulation,Conflict,total,12,2025-09-14,2025-09-14,2025-09-14,2025,33424,Yemen: Non-International armed conflict (NIAC) - Al Hodeidah - 09/2025,,,2025-09-01,2025-09-30,,,,,,IOM DTM Yemen,,"Al Khawkhah, Al Hudaydah Governorate, Yemen; At Tahaytha, Al Hudaydah Governorate, Yemen","13.80556, 43.347382; 14.18356, 43.226372",District/Zone/Department (ADM2); District/Zone/Department (ADM2),Destination; Origin,Displacement without preventive evacuations reported,2026-02-04T16:36:10.786600Z,"Yemen: 12 displacements, 14 September - 14 September. According to IOM DTM Yemen, a total of 2 households were displaced from At Tahaytha, Al Hudaydah Governorate to Al Khawkhah, Al Hudaydah Governorate due to conflict reasons between 14 September 2025 and 14 September 2025. IOM DTM Yemen - 07 October 2025",,Conflict
225600,Yemen,YEM,14.22129,43.201216,"[14.22129, 43.201216]",Triangulation,Conflict,total,6,2025-09-14,2025-09-14,2025-09-14,2025,33424,Yemen: Non-International armed conflict (NIAC) - Al Hodeidah - 09/2025,,,2025-09-01,2025-09-30,,,,,,IOM DTM Yemen,,"Al Durayhami, Al Hudaydah Governorate, Yemen; Al Khawkhah, Al Hudaydah Governorate, Yemen","14.63702, 43.05505; 13.80556, 43.347382",District/Zone/Department (ADM2); District/Zone/Department (ADM2),Origin; Destination,Displacement without preventive evacuations reported,2026-02-04T16:36:10.858300Z,"Yemen: 6 displacements, 14 September - 14 September. According to IOM DTM Yemen, one household was displaced from Al Durayhami, Al Hudaydah Governorate to Al Khawkhah, Al Hudaydah Governorate due to conflict reasons between 14 September 2025 and 14 September 2025. IOM DTM Yemen - 07 October 2025",,Conflict
225606,Yemen,YEM,15.121705,44.1066515,"[15.121705, 44.1066515]",Triangulation,Conflict,total,12,2025-09-14,2025-09-14,2025-09-14,2025,33424,Yemen: Non-International armed conflict (NIAC) - Al Hodeidah - 09/2025,,,2025-09-01,2025-09-30,,,,,,IOM DTM Yemen,,"Al Mina, Al Hudaydah Governorate, Yemen; Madinat Marib, Marib Governorate, Yemen","14.82774, 42.909882; 15.41567, 45.303421",District/Zone/Department (ADM2); District/Zone/Department (ADM2),Origin; Destination,Displacement without preventive evacuations reported,2026-02-04T16:36:11.281068Z,"Yemen: 12 displacements, 14 September - 14 September. According to IOM DTM Yemen, a total of 2 households were displaced from Al Mina, Al Hudaydah Governorate to Madinat Marib, Marib Governorate due to conflict reasons between 14 September 2025 and 14 September 2025. IOM DTM Yemen - 07 October 2025",,Conflict
225598,Yemen,YEM,13.86863,43.4152415,"[13.86863, 43.4152415]",Triangulation,Conflict,total,6,2025-09-13,2025-09-13,2025-09-13,2025,33424,Yemen: Non-International armed conflict (NIAC) - Al Hodeidah - 09/2025,,,2025-09-01,2025-09-30,,,,,,IOM DTM Yemen,,"Al Khawkhah, Al Hudaydah Governorate, Yemen; Hays, Al Hudaydah Governorate, Yemen","13.80556, 43.347382; 13.9317, 43.483101",District/Zone/Department (ADM2); District/Zone/Department (ADM2),Destination; Origin,Displacement without preventive evacuations reported,2026-02-04T16:36:10.720038Z,"Yemen: 6 displacements, 13 September - 13 September. According to IOM DTM Yemen, one household was displaced from Hays, Al Hudaydah Governorate to Al Khawkhah, Al Hudaydah Governorate due to conflict reasons between 13 September 2025 and 13 September 2025. IOM DTM Yemen - 07 October 2025",,Conflict
225605,Yemen,YEM,15.576084999999999,44.920576,"[15.576084999999999, 44.920576]",Triangulation,Conflict,total,12,2025-09-12,2025-09-12,2025-09-12,2025,33431,Yemen: Non-International armed conflict (NIAC) - Sanaa - 09/2025,,,2025-09-01,2025-09-30,,,,,,IOM DTM Yemen,,"Madinat Marib, Marib Governorate, Yemen; Nihm District, Sana'a Governorate, Yemen","15.41567, 45.303421; 15.7365, 44.537731",District/Zone/Department (ADM2); District/Zone/Department (ADM2),Destination; Origin,Displacement without preventive evacuations reported,2026-02-04T16:36:11.196889Z,"Yemen: 12 displacements, 12 September - 12 September. According to IOM DTM Yemen, a total of 2 households were displaced from Nihm District, Sana'a Governorate to Madinat Marib, Marib Governorate due to conflict reasons between 12 September 2025 and 12 September 2025. IOM DTM Yemen - 07 October 2025",,Conflict
225593,Yemen,YEM,15.695335,45.035045499999995,"[15.695335, 45.035045499999995]",Triangulation,Conflict,total,6,2025-09-11,2025-09-11,2025-09-11,2025,33427,Yemen: Non-International armed conflict (NIAC) - Marib - 09/2025,,,2025-09-01,2025-09-30,,,,,,IOM DTM Yemen,,"Madinat Marib, Marib Governorate, Yemen; Majzar, Marib Governorate, Yemen","15.41567, 45.303421; 15.975, 44.76667",District/Zone/Department (ADM2); District/Zone/Department (ADM2),Destination; Origin,Displacement without preventive evacuations reported,2026-02-04T16:36:06.006622Z,"Yemen: 6 displacements, 11 September - 11 September. According to IOM DTM Yemen, one household was displaced from Majzar, Marib Governorate to Madinat Marib, Marib Governorate due to conflict reasons between 11 September 2025 and 11 September 2025. IOM DTM Yemen - 07 October 2025",,Conflict
225594,Yemen,YEM,15.1125,44.935671,"[15.1125, 44.935671]",Triangulation,Conflict,total,6,2025-09-11,2025-09-11,2025-09-11,2025,33430,Yemen: Non-International armed conflict (NIAC) - Dhamar - 09/2025,,,2025-09-01,2025-09-30,,,,,,IOM DTM Yemen,,"Al Hada, Dhamar Governorate, Yemen; Madinat Marib, Marib Governorate, Yemen","14.80933, 44.567921; 15.41567, 45.303421",District/Zone/Department (ADM2); District/Zone/Department (ADM2),Origin; Destination,Displacement without preventive evacuations reported,2026-02-04T16:36:10.476426Z,"Yemen: 6 displacements, 11 September - 11 September. According to IOM DTM Yemen, one household was displaced from Al Hada, Dhamar Governorate to Madinat Marib, Marib Governorate due to conflict reasons between 11 September 2025 and 11 September 2025. IOM DTM Yemen - 07 October 2025",,Conflict
225596,Yemen,YEM,13.47692,44.139385000000004,"[13.47692, 44.139385000000004]",Triangulation,Conflict,total,24,2025-09-11,2025-09-11,2025-09-11,2025,33429,Yemen: Non-International armed conflict (NIAC) - Taiz - 09/2025,,,2025-09-01,2025-09-30,,,,,,IOM DTM Yemen,,"Mavia, Ta'izz Governorate, Yemen; Salah, Ta'izz Governorate, Yemen","13.58294, 44.347679; 13.3709, 43.931091",District/Zone/Department (ADM2); District/Zone/Department (ADM2),Origin; Destination,Displacement without preventive evacuations reported,2026-02-04T16:36:10.595509Z,"Yemen: 24 displacements, 11 September - 11 September. According to IOM DTM Yemen, a total of 4 households were displaced from Mavia, Ta'izz Governorate to Salah, Ta'izz Governorate due to conflict reasons between 11 September 2025 and 11 September 2025. IOM DTM Yemen - 07 October 2025",,Conflict
225597,Yemen,YEM,13.57407,44.1820145,"[13.57407, 44.1820145]",Triangulation,Conflict,total,30,2025-09-11,2025-09-11,2025-09-11,2025,33429,Yemen: Non-International armed conflict (NIAC) - Taiz - 09/2025,,,2025-09-01,2025-09-30,,,,,,IOM DTM Yemen,,"Al Qahirah, Ta'izz Governorate, Yemen; Mavia, Ta'izz Governorate, Yemen","13.5652, 44.01635; 13.58294, 44.347679",District/Zone/Department (ADM2); District/Zone/Department (ADM2),Destination; Origin,Displacement without preventive evacuations reported,2026-02-04T16:36:10.656378Z,"Yemen: 30 displacements, 11 September - 11 September. According to IOM DTM Yemen, a total of 5 households were displaced from Mavia, Ta'izz Governorate to Al Qahirah, Ta'izz Governorate due to conflict reasons between 11 September 2025 and 11 September 2025. IOM DTM Yemen - 07 October 2025",,Conflict
225604,Yemen,YEM,15.31906,44.695080000000004,"[15.31906, 44.695080000000004]",Triangulation,Conflict,total,6,2025-09-11,2025-09-11,2025-09-11,2025,33431,Yemen: Non-International armed conflict (NIAC) - Sanaa - 09/2025,,,2025-09-01,2025-09-30,,,,,,IOM DTM Yemen,,"Bani Mattar District, Sana'a Governorate, Yemen; Madinat Marib, Marib Governorate, Yemen","15.22245, 44.086739; 15.41567, 45.303421",District/Zone/Department (ADM2); District/Zone/Department (ADM2),Origin; Destination,Displacement without preventive evacuations reported,2026-02-04T16:36:11.127043Z,"Yemen: 6 displacements, 11 September - 11 September. According to IOM DTM Yemen, one household was displaced from Bani Mattar District, Sana'a Governorate to Madinat Marib, Marib Governorate due to conflict reasons between 11 September 2025 and 11 September 2025. IOM DTM Yemen - 07 October 2025",,Conflict
225595,Yemen,YEM,14.00033,43.331282,"[14.00033, 43.331282]",Triangulation,Conflict,total,12,2025-09-10,2025-09-10,2025-09-10,2025,33424,Yemen: Non-International armed conflict (NIAC) - Al Hodeidah - 09/2025,,,2025-09-01,2025-09-30,,,,,,IOM DTM Yemen,,"Al Khawkhah, Al Hudaydah Governorate, Yemen; Zabid, Al Hudaydah Governorate, Yemen","13.80556, 43.347382; 14.1951, 43.315182",District/Zone/Department (ADM2); District/Zone/Department (ADM2),Destination; Origin,Displacement without preventive evacuations reported,2026-02-04T16:36:10.538808Z,"Yemen: 12 displacements, 10 September - 10 September. According to IOM DTM Yemen, a total of 2 households were displaced from Zabid, Al Hudaydah Governorate to Al Khawkhah, Al Hudaydah Governorate due to conflict reasons between 10 September 2025 and 10 September 2025. IOM DTM Yemen - 07 October 2025",,Conflict
225590,Yemen,YEM,15.384644999999999,44.751476499999995,"[15.384644999999999, 44.751476499999995]",Triangulation,Conflict,total,12,2025-09-08,2025-09-08,2025-09-08,2025,33428,Yemen: Non-International armed conflict (NIAC) - Sanaa City - 09/2025,,,2025-09-01,2025-09-30,,,,,,IOM DTM Yemen,,"At Tahrir District, Amanat Al Asimah, Yemen; Madinat Marib, Marib Governorate, Yemen","15.35362, 44.199532; 15.41567, 45.303421",District/Zone/Department (ADM2); District/Zone/Department (ADM2),Origin; Destination,Displacement without preventive evacuations reported,2026-02-04T16:36:05.787095Z,"Yemen: 12 displacements, 08 September - 08 September. According to IOM DTM Yemen, a total of 2 households were displaced from At Tahrir District, Amanat Al Asimah to Madinat Marib, Marib Governorate due to conflict reasons between 08 September 2025 and 08 September 2025. IOM DTM Yemen - 07 October 2025",,Conflict
225589,Yemen,YEM,13.504885000000002,44.145469500000004,"[13.504885000000002, 44.145469500000004]",Triangulation,Conflict,total,6,2025-09-08,2025-09-08,2025-09-08,2025,33429,Yemen: Non-International armed conflict (NIAC) - Taiz - 09/2025,,,2025-09-01,2025-09-30,,,,,,IOM DTM Yemen,,"Al Madahif, Ta'izz Governorate, Yemen; Mavia, Ta'izz Governorate, Yemen","13.42683, 43.94326; 13.58294, 44.347679",District/Zone/Department (ADM2); District/Zone/Department (ADM2),Destination; Origin,Displacement without preventive evacuations reported,2026-02-04T16:36:05.674891Z,"Yemen: 6 displacements, 08 September - 08 September. According to IOM DTM Yemen, one household was displaced from Mavia, Ta'izz Governorate to Al Madahif, Ta'izz Governorate due to conflict reasons between 08 September 2025 and 08 September 2025. IOM DTM Yemen - 07 October 2025",,Conflict
225592,Yemen,YEM,14.77948,44.839245000000005,"[14.77948, 44.839245000000005]",Triangulation,Conflict,total,6,2025-09-08,2025-09-08,2025-09-08,2025,33426,Yemen: Non-International armed conflict (NIAC) - Ibb - 09/2025,,,2025-09-01,2025-09-30,,,,,,IOM DTM Yemen,,"As Saddah, Ibb Governorate, Yemen; Madinat Marib, Marib Governorate, Yemen","14.14329, 44.375069; 15.41567, 45.303421",District/Zone/Department (ADM2); District/Zone/Department (ADM2),Origin; Destination,Displacement without preventive evacuations reported,2026-02-04T16:36:05.939006Z,"Yemen: 6 displacements, 08 September - 08 September. According to IOM DTM Yemen, one household was displaced from As Saddah, Ibb Governorate to Madinat Marib, Marib Governorate due to conflict reasons between 08 September 2025 and 08 September 2025. IOM DTM Yemen - 07 October 2025",,Conflict
225591,Yemen,YEM,15.372225,44.764261000000005,"[15.372225, 44.764261000000005]",Triangulation,Conflict,total,6,2025-09-08,2025-09-08,2025-09-08,2025,33428,Yemen: Non-International armed conflict (NIAC) - Sanaa City - 09/2025,,,2025-09-01,2025-09-30,,,,,,IOM DTM Yemen,,"Madinat Marib, Marib Governorate, Yemen; Sana'a City, Yemen","15.41567, 45.303421; 15.32878, 44.225101",District/Zone/Department (ADM2); District/Zone/Department (ADM2),Destination; Origin,Displacement without preventive evacuations reported,2026-02-04T16:36:05.873405Z,"Yemen: 6 displacements, 08 September - 08 September. According to IOM DTM Yemen, one household was displaced from Sana'a City to Madinat Marib, Marib Governorate due to conflict reasons between 08 September 2025 and 08 September 2025. IOM DTM Yemen - 07 October 2025",,Conflict
225588,Yemen,YEM,13.70223,44.043085000000005,"[13.70223, 44.043085000000005]",Triangulation,Conflict,total,6,2025-09-07,2025-09-07,2025-09-07,2025,33426,Yemen: Non-International armed conflict (NIAC) - Ibb - 09/2025,,,2025-09-01,2025-09-30,,,,,,IOM DTM Yemen,,"Ibb, Ibb Governorate, Yemen; Salah, Ta'izz Governorate, Yemen","14.03356, 44.155079; 13.3709, 43.931091",District/Zone/Department (ADM2); District/Zone/Department (ADM2),Origin; Destination,Displacement without preventive evacuations reported,2026-02-04T16:36:05.597756Z,"Yemen: 6 displacements, 07 September - 07 September. According to IOM DTM Yemen, one household was displaced from Ibb, Ibb Governorate to Salah, Ta'izz Governorate due to conflict reasons between 07 September 2025 and 07 September 2025. IOM DTM Yemen - 07 October 2025",,Conflict
225587,Yemen,YEM,13.96899,43.367990500000005,"[13.96899, 43.367990500000005]",Triangulation,Conflict,total,6,2025-09-07,2025-09-07,2025-09-07,2025,33424,Yemen: Non-International armed conflict (NIAC) - Al Hodeidah - 09/2025,,,2025-09-01,2025-09-30,,,,,,IOM DTM Yemen,,"Al Jarrahi, Al Hudaydah Governorate, Yemen; Al Khawkhah, Al Hudaydah Governorate, Yemen","14.13242, 43.388599; 13.80556, 43.347382",District/Zone/Department (ADM2); District/Zone/Department (ADM2),Origin; Destination,Displacement without preventive evacuations reported,2026-02-04T16:36:05.504212Z,"Yemen: 6 displacements, 07 September - 07 September. According to IOM DTM Yemen, one household was displaced from Al Jarrahi, Al Hudaydah Governorate to Al Khawkhah, Al Hudaydah Governorate due to conflict reasons between 07 September 2025 and 07 September 2025. IOM DTM Yemen - 07 October 2025",,Conflict
225586,Yemen,YEM,13.99456,43.286877000000004,"[13.99456, 43.286877000000004]",Triangulation,Conflict,total,6,2025-09-06,2025-09-06,2025-09-06,2025,33424,Yemen: Non-International armed conflict (NIAC) - Al Hodeidah - 09/2025,,,2025-09-01,2025-09-30,,,,,,IOM DTM Yemen,,"Al Khawkhah, Al Hudaydah Governorate, Yemen; At Tahaytha, Al Hudaydah Governorate, Yemen","13.80556, 43.347382; 14.18356, 43.226372",District/Zone/Department (ADM2); District/Zone/Department (ADM2),Destination; Origin,Displacement without preventive evacuations reported,2026-02-04T16:36:05.418379Z,"Yemen: 6 displacements, 06 September - 06 September. According to IOM DTM Yemen, one household was displaced from At Tahaytha, Al Hudaydah Governorate to Al Khawkhah, Al Hudaydah Governorate due to conflict reasons between 06 September 2025 and 06 September 2025. IOM DTM Yemen - 07 October 2025",,Conflict
225584,Yemen,YEM,13.70223,44.043085000000005,"[13.70223, 44.043085000000005]",Triangulation,Conflict,total,18,2025-09-05,2025-09-05,2025-09-05,2025,33426,Yemen: Non-International armed conflict (NIAC) - Ibb - 09/2025,,,2025-09-01,2025-09-30,,,,,,IOM DTM Yemen,,"Ibb, Ibb Governorate, Yemen; Salah, Ta'izz Governorate, Yemen","14.03356, 44.155079; 13.3709, 43.931091",District/Zone/Department (ADM2); District/Zone/Department (ADM2),Origin; Destination,Displacement without preventive evacuations reported,2026-02-04T16:36:05.261184Z,"Yemen: 18 displacements, 05 September - 05 September. According to IOM DTM Yemen, a total of 3 households were displaced from Ibb, Ibb Governorate to Salah, Ta'izz Governorate due to conflict reasons between 05 September 2025 and 05 September 2025. IOM DTM Yemen - 07 October 2025",,Conflict
225585,Yemen,YEM,13.504885000000002,44.145469500000004,"[13.504885000000002, 44.145469500000004]",Triangulation,Conflict,total,6,2025-09-05,2025-09-05,2025-09-05,2025,33429,Yemen: Non-International armed conflict (NIAC) - Taiz - 09/2025,,,2025-09-01,2025-09-30,,,,,,IOM DTM Yemen,,"Al Madahif, Ta'izz Governorate, Yemen; Mavia, Ta'izz Governorate, Yemen","13.42683, 43.94326; 13.58294, 44.347679",District/Zone/Department (ADM2); District/Zone/Department (ADM2),Destination; Origin,Displacement without preventive evacuations reported,2026-02-04T16:36:05.338346Z,"Yemen: 6 displacements, 05 September - 05 September. According to IOM DTM Yemen, one household was displaced from Mavia, Ta'izz Governorate to Al Madahif, Ta'izz Governorate due to conflict reasons between 05 September 2025 and 05 September 2025. IOM DTM Yemen - 07 October 2025",,Conflict
225582,Yemen,YEM,14.966990445276345,44.959164128678644,"[14.966990445276345, 44.959164128678644]",Triangulation,Conflict,total,12,2025-09-05,2025-09-05,2025-09-05,2025,33430,Yemen: Non-International armed conflict (NIAC) - Dhamar - 09/2025,,,2025-09-01,2025-09-30,,,,,,IOM DTM Yemen,,"Madinat Marib, Marib Governorate, Yemen; Mayfa'at Ans, Dhamar Governorate","15.41567, 45.303421; 14.51831089055269, 44.61490725735729",District/Zone/Department (ADM2); District/Zone/Department (ADM2),Destination; Origin,Displacement without preventive evacuations reported,2026-02-04T16:36:05.074947Z,"Yemen: 12 displacements, 05 September - 05 September. According to IOM DTM Yemen, a total of 2 households were displaced from Mayfa'at Ans to Madinat Marib, Marib Governorate due to conflict reasons between 05 September 2025 and 05 September 2025. IOM DTM Yemen - 07 October 2025",,Conflict
225583,Yemen,YEM,14.741824999999999,44.6626395,"[14.741824999999999, 44.6626395]",Triangulation,Conflict,total,6,2025-09-04,2025-09-04,2025-09-04,2025,33426,Yemen: Non-International armed conflict (NIAC) - Ibb - 09/2025,,,2025-09-01,2025-09-30,,,,,,IOM DTM Yemen,,"Hazm al Udayn, Ibb Governorate, Yemen; Marib, Marib Governorate, Yemen","14.02577, 44.002258; 15.45788, 45.323021",District/Zone/Department (ADM2); District/Zone/Department (ADM2),Origin; Destination,Displacement without preventive evacuations reported,2026-02-04T16:36:05.156757Z,"Yemen: 6 displacements, 04 September - 04 September. According to IOM DTM Yemen, one household was displaced from Hazm al Udayn, Ibb Governorate to Marib, Marib Governorate due to conflict reasons between 04 September 2025 and 04 September 2025. IOM DTM Yemen - 07 October 2025",,Conflict
225581,Yemen,YEM,14.034365000000001,43.5535605,"[14.034365000000001, 43.5535605]",Triangulation,Conflict,total,18,2025-09-03,2025-09-03,2025-09-03,2025,33424,Yemen: Non-International armed conflict (NIAC) - Al Hodeidah - 09/2025,,,2025-09-01,2025-09-30,,,,,,IOM DTM Yemen,,"Al Durayhami, Al Hudaydah Governorate, Yemen; Al Makhaf, Ta'izz Governorate, Yemen","14.63702, 43.05505; 13.43171, 44.052071",District/Zone/Department (ADM2); District/Zone/Department (ADM2),Origin; Destination,Displacement without preventive evacuations reported,2026-02-04T16:36:04.992043Z,"Yemen: 18 displacements, 03 September - 03 September. According to IOM DTM Yemen, a total of 3 households were displaced from Al Durayhami, Al Hudaydah Governorate to Al Makhaf, Ta'izz Governorate due to conflict reasons between 03 September 2025 and 03 September 2025. IOM DTM Yemen - 07 October 2025",,Conflict
225580,Yemen,YEM,13.79617,43.584526,"[13.79617, 43.584526]",Triangulation,Conflict,total,6,2025-09-03,2025-09-03,2025-09-03,2025,33429,Yemen: Non-International armed conflict (NIAC) - Taiz - 09/2025,,,2025-09-01,2025-09-30,,,,,,IOM DTM Yemen,,"Hays, Al Hudaydah Governorate, Yemen; Maqbanah, Ta'izz Governorate, Yemen","13.9317, 43.483101; 13.66064, 43.685951",District/Zone/Department (ADM2); District/Zone/Department (ADM2),Destination; Origin,Displacement without preventive evacuations reported,2026-02-04T16:36:04.905807Z,"Yemen: 6 displacements, 03 September - 03 September. According to IOM DTM Yemen, one household was displaced from Maqbanah, Ta'izz Governorate to Hays, Al Hudaydah Governorate due to conflict reasons between 03 September 2025 and 03 September 2025. IOM DTM Yemen - 07 October 2025",,Conflict
225579,Yemen,YEM,15.45256,45.170086,"[15.45256, 45.170086]",Triangulation,Conflict,total,6,2025-09-01,2025-09-01,2025-09-01,2025,33427,Yemen: Non-International armed conflict (NIAC) - Marib - 09/2025,,,2025-09-01,2025-09-30,,,,,,IOM DTM Yemen,,"Marib, Marib Governorate, Yemen; Sirwah, Marib Governorate, Yemen","15.45788, 45.323021; 15.44724, 45.017151",District/Zone/Department (ADM2); District/Zone/Department (ADM2),Destination; Origin,Displacement without preventive evacuations reported,2026-02-04T16:36:04.807430Z,"Yemen: 6 displacements, 01 September - 01 September. According to IOM DTM Yemen, one household was displaced from Sirwah, Marib Governorate to Marib, Marib Governorate due to conflict reasons between 01 September 2025 and 01 September 2025. IOM DTM Yemen - 07 October 2025",,Conflict
225578,Yemen,YEM,15.9355845,44.9959085,"[15.9355845, 44.9959085]",Triangulation,Conflict,total,24,2025-09-01,2025-09-01,2025-09-01,2025,33425,Yemen: Non-International armed conflict (NIAC) - Al Jawf - 09/2025,,,2025-09-01,2025-09-30,,,,,,IOM DTM Yemen,,"Al Hazm, Al Jawf Governorate, Yemen; Raghwan, Marib Governorate, Yemen","16.087839, 44.958488; 15.78333, 45.033329",District/Zone/Department (ADM2); District/Zone/Department (ADM2),Origin; Destination,Displacement without preventive evacuations reported,2026-02-04T16:36:04.711866Z,"Yemen: 24 displacements, 01 September - 01 September. According to IOM DTM Yemen, a total of 4 households were displaced from Al Hazm, Al Jawf Governorate to Raghwan, Marib Governorate due to conflict reasons between 01 September 2025 and 01 September 2025. IOM DTM Yemen - 07 October 2025",,Conflict
225577,Yemen,YEM,14.951525,44.290785,"[14.951525, 44.290785]",Triangulation,Conflict,total,12,2025-09-01,2025-09-01,2025-09-01,2025,33424,Yemen: Non-International armed conflict (NIAC) - Al Hodeidah - 09/2025,,,2025-09-01,2025-09-30,,,,,,IOM DTM Yemen,,"Beit Al Faqih, Al Hudaydah Governorate, Yemen; Madinat Marib, Marib Governorate, Yemen","14.48738, 43.278149; 15.41567, 45.303421",District/Zone/Department (ADM2); District/Zone/Department (ADM2),Origin; Destination,Displacement without preventive evacuations reported,2026-02-04T16:36:04.621360Z,"Yemen: 12 displacements, 01 September - 01 September. According to IOM DTM Yemen, a total of 2 households were displaced from Beit Al Faqih, Al Hudaydah Governorate to Madinat Marib, Marib Governorate due to conflict reasons between 01 September 2025 and 01 September 2025. IOM DTM Yemen - 07 October 2025",,Conflict
225576,Yemen,YEM,15.372225,44.764261000000005,"[15.372225, 44.764261000000005]",Triangulation,Conflict,total,6,2025-09-01,2025-09-01,2025-09-01,2025,33428,Yemen: Non-International armed conflict (NIAC) - Sanaa City - 09/2025,,,2025-09-01,2025-09-30,,,,,,IOM DTM Yemen,,"Madinat Marib, Marib Governorate, Yemen; Sana'a City, Yemen","15.41567, 45.303421; 15.32878, 44.225101",District/Zone/Department (ADM2); District/Zone/Department (ADM2),Destination; Origin,Displacement without preventive evacuations reported,2026-02-04T16:36:04.501972Z,"Yemen: 6 displacements, 01 September - 01 September. According to IOM DTM Yemen, one household was displaced from Sana'a City to Madinat Marib, Marib Governorate due to conflict reasons between 01 September 2025 and 01 September 2025. IOM DTM Yemen - 07 October 2025",,Conflict
225575,Yemen,YEM,13.70223,44.043085000000005,"[13.70223, 44.043085000000005]",Triangulation,Conflict,total,30,2025-09-01,2025-09-01,2025-09-01,2025,33426,Yemen: Non-International armed conflict (NIAC) - Ibb - 09/2025,,,2025-09-01,2025-09-30,,,,,,IOM DTM Yemen,,"Ibb, Ibb Governorate, Yemen; Salah, Ta'izz Governorate, Yemen","14.03356, 44.155079; 13.3709, 43.931091",District/Zone/Department (ADM2); District/Zone/Department (ADM2),Origin; Destination,Displacement without preventive evacuations reported,2026-02-04T16:36:04.400370Z,"Yemen: 30 displacements, 01 September - 01 September. According to IOM DTM Yemen, a total of 5 households were displaced from Ibb, Ibb Governorate to Salah, Ta'izz Governorate due to conflict reasons between 01 September 2025 and 01 September 2025. IOM DTM Yemen - 07 October 2025",,Conflict
225574,Yemen,YEM,13.424434999999999,44.005860999999996,"[13.424434999999999, 44.005860999999996]",Triangulation,Conflict,total,12,2025-09-01,2025-09-01,2025-09-01,2025,33429,Yemen: Non-International armed conflict (NIAC) - Taiz - 09/2025,,,2025-09-01,2025-09-30,,,,,,IOM DTM Yemen,,"Sabir al Mawadim, Ta'izz Governorate, Yemen; Salah, Ta'izz Governorate, Yemen","13.47797, 44.080631; 13.3709, 43.931091",District/Zone/Department (ADM2); District/Zone/Department (ADM2),Origin; Destination,Displacement without preventive evacuations reported,2026-02-04T16:36:04.297493Z,"Yemen: 12 displacements, 01 September - 01 September. According to IOM DTM Yemen, a total of 2 households were displaced from Sabir al Mawadim, Ta'izz Governorate to Salah, Ta'izz Governorate due to conflict reasons between 01 September 2025 and 01 September 2025. IOM DTM Yemen - 07 October 2025",,Conflict
