id,country,iso3,latitude,longitude,centroid,role,displacement_type,qualifier,figure,displacement_date,displacement_start_date,displacement_end_date,year,event_id,event_name,event_codes,event_code_types,event_start_date,event_end_date,category,subcategory,type,subtype,old_id,sources,source_url,locations_name,locations_coordinates,locations_accuracy,locations_type,displacement_occurred,created_at,description,link,combined_type
238542,Peru,PER,-5.6460405,-79.0880569,"[-5.6460405, -79.0880569]",Recommended figure,Disaster,total,3,2026-01-30,2026-01-30,2026-01-30,2026,40259,Peru: Flood - Cajamarca - 01/01/2026,,,2026-01-01,2026-01-31,Weather related,Hydrological,Flood,Flood,,Instituto Nacional de Defensa Civil (INDECI),,"Chontalí, Province of Jaén, Cajamarca, Peru","-5.6460405, -79.0880569",County/City/town/Village/Woreda (ADM3),Origin,,2026-02-19T09:48:52.441391Z,"Peru: 3 displacements (partially destroyed housing), 30 January - 30 January. According to IDMC calculations based on data from INDECI, on 30 January 2026, a total of 3 people were displaced by Flood which made uninhabitable one house. Instituto Nacional de Defensa Civil (INDECI) - 18 February 2026",,Flood
238774,Peru,PER,-11.6578955,-74.9817936,"[-11.6578955, -74.9817936]",Recommended figure,Disaster,total,7,2026-01-29,2026-01-29,2026-01-29,2026,40262,Peru: Flood - Junín - 01/01/2026,,,2026-01-01,2026-01-31,Weather related,Hydrological,Flood,Flood,,Instituto Nacional de Defensa Civil (INDECI),,"Comas, Province of Concepción, Junín, Peru","-11.6578955, -74.9817936",County/City/town/Village/Woreda (ADM3),Origin,,2026-02-19T10:15:45.459248Z,"Peru: 7 displacements (destroyed housing), 29 January - 29 January. According to IDMC calculations based on data from INDECI, on 29 January 2026, a total of 6 people were displaced by Flood which destroyed 2 houses. Instituto Nacional de Defensa Civil (INDECI) - 18 February 2026",,Flood
238591,Peru,PER,-12.7299673,-73.5863594,"[-12.7299673, -73.5863594]",Recommended figure,Disaster,total,3,2026-01-29,2026-01-29,2026-01-29,2026,40293,Peru: Storm - Cusco - 01/01/2026,,,2026-01-01,2026-01-31,Weather related,Meteorological,Storm,Storm,,Instituto Nacional de Defensa Civil (INDECI),,"Manitea, Province of La Convención, Cusco, Peru","-12.7299673, -73.5863594",County/City/town/Village/Woreda (ADM3),Origin,,2026-02-19T10:01:45.944740Z,"Peru: 3 displacements (partially destroyed housing), 29 January - 29 January. According to IDMC calculations based on data from INDECI, on 29 January 2026, a total of 3 people were displaced by Storm which made uninhabitable one house. Instituto Nacional de Defensa Civil (INDECI) - 18 February 2026",,Storm
237972,Peru,PER,-8.3261608,-77.5817182,"[-8.3261608, -77.5817182]",Recommended figure,Disaster,total,7,2026-01-29,2026-01-29,2026-01-29,2026,40264,Peru: Flood - Ancash - 01/01/2026,,,2026-01-01,2026-01-31,Weather related,Hydrological,Flood,Flood,,Instituto Nacional de Defensa Civil (INDECI),,"Acobamba, Province of Sihuas, Ancash, Peru","-8.3261608, -77.5817182",County/City/town/Village/Woreda (ADM3),Origin,,2026-02-19T09:07:54.327948Z,"Peru: 7 displacements (partially destroyed housing), 29 January - 29 January. According to IDMC calculations based on data from INDECI, on 29 January 2026, a total of 6 people were displaced by Flood which made uninhabitable 2 houses. Instituto Nacional de Defensa Civil (INDECI) - 18 February 2026",,Flood
238438,Peru,PER,-6.7683402,-78.6096155,"[-6.7683402, -78.6096155]",Recommended figure,Disaster,total,3,2026-01-28,2026-01-28,2026-01-28,2026,40259,Peru: Flood - Cajamarca - 01/01/2026,,,2026-01-01,2026-01-31,Weather related,Hydrological,Flood,Flood,,Instituto Nacional de Defensa Civil (INDECI),,"Hualgayoc, Province of Hualgayoc, Cajamarca, Peru","-6.7683402, -78.6096155",County/City/town/Village/Woreda (ADM3),Origin,,2026-02-19T09:37:29.356263Z,"Peru: 3 displacements (destroyed housing), 28 January - 28 January. According to IDMC calculations based on data from INDECI, on 28 January 2026, a total of 3 people were displaced by Flood which destroyed one house. Instituto Nacional de Defensa Civil (INDECI) - 18 February 2026",,Flood
237887,Peru,PER,-6.4703841,-78.0920018,"[-6.4703841, -78.0920018]",Recommended figure,Disaster,total,10,2026-01-28,2026-01-28,2026-01-28,2026,40265,Peru: Flood - Amazonas - 01/01/2026,,,2026-01-01,2026-01-31,Weather related,Hydrological,Flood,Flood,,Instituto Nacional de Defensa Civil (INDECI),,"Pisuquía, Province of Luya, Amazonas, Peru","-6.4703841, -78.0920018",County/City/town/Village/Woreda (ADM3),Origin,,2026-02-19T08:59:35.444271Z,"Peru: 10 displacements (partially destroyed housing), 28 January - 28 January. According to IDMC calculations based on data from INDECI, on 28 January 2026, a total of 10 people were displaced by Flood which made uninhabitable 3 houses. Instituto Nacional de Defensa Civil (INDECI) - 18 February 2026",,Flood
238744,Peru,PER,-13.5340073,-75.314588,"[-13.5340073, -75.314588]",Recommended figure,Disaster,total,38,2026-01-28,2026-01-28,2026-01-28,2026,40263,Peru: Flood - Huancavelica - 01/01/2026,,,2026-01-01,2026-01-31,Weather related,Hydrological,Flood,Flood,,Instituto Nacional de Defensa Civil (INDECI),,"Huayacundo Arma, Province of Huaytará, Huancavelica, Peru","-13.5340073, -75.314588",County/City/town/Village/Woreda (ADM3),Origin,,2026-02-19T10:15:33.126791Z,"Peru: 38 displacements (partially destroyed housing), 28 January - 28 January. According to IDMC calculations based on data from INDECI, on 28 January 2026, a total of 38 people were displaced by Flood which made uninhabitable 11 houses. Instituto Nacional de Defensa Civil (INDECI) - 18 February 2026",,Flood
238417,Peru,PER,-6.7234922,-78.2823411,"[-6.7234922, -78.2823411]",Recommended figure,Disaster,total,3,2026-01-28,2026-01-28,2026-01-28,2026,40296,Peru: Storm - Cajamarca - 01/01/2026,,,2026-01-01,2026-01-31,Weather related,Meteorological,Storm,Storm,,Instituto Nacional de Defensa Civil (INDECI),,"La Libertad de Pallán, Province of Celendín, Cajamarca, Peru","-6.7234922, -78.2823411",County/City/town/Village/Woreda (ADM3),Origin,,2026-02-19T09:37:28.377840Z,"Peru: 3 displacements (partially destroyed housing), 28 January - 28 January. According to IDMC calculations based on data from INDECI, on 28 January 2026, a total of 3 people were displaced by Storm which made uninhabitable one house. Instituto Nacional de Defensa Civil (INDECI) - 18 February 2026",,Storm
238741,Peru,PER,-12.5154459,-74.5263483,"[-12.5154459, -74.5263483]",Recommended figure,Disaster,total,3,2026-01-28,2026-01-28,2026-01-28,2026,40263,Peru: Flood - Huancavelica - 01/01/2026,,,2026-01-01,2026-01-31,Weather related,Hydrological,Flood,Flood,,Instituto Nacional de Defensa Civil (INDECI),,"Pachamarca, Province of Churcampa, Huancavelica, Peru","-12.5154459, -74.5263483",County/City/town/Village/Woreda (ADM3),Origin,,2026-02-19T10:15:32.986906Z,"Peru: 3 displacements (destroyed housing), 28 January - 28 January. According to IDMC calculations based on data from INDECI, on 28 January 2026, a total of 3 people were displaced by Flood which destroyed one house. Instituto Nacional de Defensa Civil (INDECI) - 18 February 2026",,Flood
237872,Peru,PER,-4.8687816,-78.0195387,"[-4.8687816, -78.0195387]",Recommended figure,Disaster,total,3,2026-01-28,2026-01-28,2026-01-28,2026,40285,Peru: Storm - Amazonas - 01/01/2026,,,2026-01-01,2026-01-31,Weather related,Meteorological,Storm,Storm,,Instituto Nacional de Defensa Civil (INDECI),,"Nieva, Condorcanqui, Amazonas, Peru","-4.8687816, -78.0195387",County/City/town/Village/Woreda (ADM3),Origin,,2026-02-19T08:59:28.458455Z,"Peru: 3 displacements (destroyed housing), 28 January - 28 January. According to IDMC calculations based on data from INDECI, on 28 January 2026, a total of 3 people were displaced by Storm which destroyed one house. Instituto Nacional de Defensa Civil (INDECI) - 18 February 2026",,Storm
237990,Peru,PER,-13.9461814,-72.1745097,"[-13.9461814, -72.1745097]",Recommended figure,Disaster,total,10,2026-01-27,2026-01-27,2026-01-27,2026,40242,Peru: Mixed disasters - Apurímac (tambobamba) - 27/01/2026,,,2026-01-27,2026-01-27,Mixed disasters,Mixed disasters,Mixed disasters,Mixed disasters,,Instituto Nacional de Defensa Civil (INDECI),,"Tambobamba, Province of Cotabambas, Apurímac, Peru","-13.9461814, -72.1745097",County/City/town/Village/Woreda (ADM3),Origin,,2026-02-19T09:07:56.287251Z,"Peru: 10 displacements (partially destroyed housing), 27 January - 27 January. According to IDMC calculations based on data from INDECI, on 27 January 2026, a total of 10 people were displaced by Mixed disasters which made uninhabitable 3 houses. Instituto Nacional de Defensa Civil (INDECI) - 18 February 2026",,Mixed disasters
238235,Peru,PER,-12.92785,-73.5595851,"[-12.92785, -73.5595851]",Recommended figure,Disaster,total,24,2026-01-27,2026-01-27,2026-01-27,2026,40256,Peru: Flood - Ayacucho - 01/01/2026,,,2026-01-01,2026-01-31,Weather related,Hydrological,Flood,Flood,,Instituto Nacional de Defensa Civil (INDECI),,"Unión Progreso, Province of La Mar, Ayacucho, Peru","-12.92785, -73.5595851",County/City/town/Village/Woreda (ADM3),Origin,,2026-02-19T09:26:50.104239Z,"Peru: 24 displacements, 27 January - 27 January. According to IDMC calculations based on data from INDECI, on 27 January 2026, a total of 24 people were displaced by Flood which made uninhabitable or destroyed 7 houses. Instituto Nacional de Defensa Civil (INDECI) - 18 February 2026",,Flood
238786,Peru,PER,-11.7553934,-74.3850308,"[-11.7553934, -74.3850308]",Recommended figure,Disaster,total,52,2026-01-27,2026-01-27,2026-01-27,2026,40262,Peru: Flood - Junín - 01/01/2026,,,2026-01-01,2026-01-31,Weather related,Hydrological,Flood,Flood,,Instituto Nacional de Defensa Civil (INDECI),,"Pangoa, Province of Satipo, Junín, Peru","-11.7553934, -74.3850308",County/City/town/Village/Woreda (ADM3),Origin,,2026-02-19T10:15:47.452326Z,"Peru: 52 displacements (partially destroyed housing), 27 January - 27 January. According to IDMC calculations based on data from INDECI, on 27 January 2026, a total of 51 people were displaced by Flood which made uninhabitable 15 houses. Instituto Nacional de Defensa Civil (INDECI) - 18 February 2026",,Flood
238396,Peru,PER,-7.6238807,-78.0464077,"[-7.6238807, -78.0464077]",Recommended figure,Disaster,total,3,2026-01-27,2026-01-27,2026-01-27,2026,40259,Peru: Flood - Cajamarca - 01/01/2026,,,2026-01-01,2026-01-31,Weather related,Hydrological,Flood,Flood,,Instituto Nacional de Defensa Civil (INDECI),,"Cajabamba, Province of Cajabamba, Cajamarca, Peru","-7.6238807, -78.0464077",County/City/town/Village/Woreda (ADM3),Origin,,2026-02-19T09:37:22.630709Z,"Peru: 3 displacements (partially destroyed housing), 27 January - 27 January. According to IDMC calculations based on data from INDECI, on 27 January 2026, a total of 3 people were displaced by Flood which made uninhabitable one house. Instituto Nacional de Defensa Civil (INDECI) - 18 February 2026",,Flood
237868,Peru,PER,-6.0783357,-77.8704203,"[-6.0783357, -77.8704203]",Recommended figure,Disaster,total,3,2026-01-27,2026-01-27,2026-01-27,2026,40228,Peru: Mixed disasters - Amazonas (valera) - 27/01/2026,,,2026-01-27,2026-01-27,Mixed disasters,Mixed disasters,Mixed disasters,Mixed disasters,,Instituto Nacional de Defensa Civil (INDECI),,"Valera, Province of Bongará, Amazonas, Peru","-6.0783357, -77.8704203",County/City/town/Village/Woreda (ADM3),Origin,,2026-02-19T08:59:27.959168Z,"Peru: 3 displacements (destroyed housing), 27 January - 27 January. According to IDMC calculations based on data from INDECI, on 27 January 2026, a total of 3 people were displaced by Mixed disasters which destroyed one house. Instituto Nacional de Defensa Civil (INDECI) - 18 February 2026",,Mixed disasters
237907,Peru,PER,-8.8204778,-77.4603745,"[-8.8204778, -77.4603745]",Recommended figure,Disaster,total,38,2026-01-26,2026-01-26,2026-01-26,2026,40255,Peru: Landslide/Wet mass movement - Ancash - 01/01/2026,,,2026-01-01,2026-01-31,Weather related,Hydrological,Mass Movement,Landslide/Wet mass movement,,Instituto Nacional de Defensa Civil (INDECI),,"Pomabamba, Province of Pomabamba, Ancash, Peru","-8.8204778, -77.4603745",County/City/town/Village/Woreda (ADM3),Origin,,2026-02-19T08:59:37.832541Z,"Peru: 38 displacements (partially destroyed housing), 26 January - 26 January. According to IDMC calculations based on data from INDECI, on 26 January 2026, a total of 38 people were displaced by Landslide/Wet mass movement which made uninhabitable 11 houses. Instituto Nacional de Defensa Civil (INDECI) - 18 February 2026",,Mass Movement
238630,Peru,PER,-12.7392288,-74.3876787,"[-12.7392288, -74.3876787]",Recommended figure,Disaster,total,14,2026-01-26,2026-01-26,2026-01-26,2026,40263,Peru: Flood - Huancavelica - 01/01/2026,,,2026-01-01,2026-01-31,Weather related,Hydrological,Flood,Flood,,Instituto Nacional de Defensa Civil (INDECI),,"Churcampa, Province of Churcampa, Huancavelica, Peru","-12.7392288, -74.3876787",County/City/town/Village/Woreda (ADM3),Origin,,2026-02-19T10:01:52.607773Z,"Peru: 14 displacements (partially destroyed housing), 26 January - 26 January. According to IDMC calculations based on data from INDECI, on 26 January 2026, a total of 13 people were displaced by Flood which made uninhabitable 4 houses. Instituto Nacional de Defensa Civil (INDECI) - 18 February 2026",,Flood
238244,Peru,PER,-15.2667373,-73.4535983,"[-15.2667373, -73.4535983]",Recommended figure,Disaster,total,14,2026-01-26,2026-01-26,2026-01-26,2026,40256,Peru: Flood - Ayacucho - 01/01/2026,,,2026-01-01,2026-01-31,Weather related,Hydrological,Flood,Flood,,Instituto Nacional de Defensa Civil (INDECI),,"Sara Sara, Province of Páucar del Sara Sara, Ayacucho, Peru","-15.2667373, -73.4535983",County/City/town/Village/Woreda (ADM3),Origin,,2026-02-19T09:26:50.608445Z,"Peru: 14 displacements (partially destroyed housing), 26 January - 26 January. According to IDMC calculations based on data from INDECI, on 26 January 2026, a total of 13 people were displaced by Flood which made uninhabitable 4 houses. Instituto Nacional de Defensa Civil (INDECI) - 18 February 2026",,Flood
238638,Peru,PER,-12.5154459,-74.5263483,"[-12.5154459, -74.5263483]",Recommended figure,Disaster,total,14,2026-01-26,2026-01-26,2026-01-26,2026,40263,Peru: Flood - Huancavelica - 01/01/2026,,,2026-01-01,2026-01-31,Weather related,Hydrological,Flood,Flood,,Instituto Nacional de Defensa Civil (INDECI),,"Pachamarca, Province of Churcampa, Huancavelica, Peru","-12.5154459, -74.5263483",County/City/town/Village/Woreda (ADM3),Origin,,2026-02-19T10:01:53.009584Z,"Peru: 14 displacements (destroyed housing), 26 January - 26 January. According to IDMC calculations based on data from INDECI, on 26 January 2026, a total of 13 people were displaced by Flood which destroyed 4 houses. Instituto Nacional de Defensa Civil (INDECI) - 18 February 2026",,Flood
238789,Peru,PER,-11.3898931,-75.5640373,"[-11.3898931, -75.5640373]",Recommended figure,Disaster,total,7,2026-01-26,2026-01-26,2026-01-26,2026,40262,Peru: Flood - Junín - 01/01/2026,,,2026-01-01,2026-01-31,Weather related,Hydrological,Flood,Flood,,Instituto Nacional de Defensa Civil (INDECI),,"Tapo, Province of Tarma, Junín, Peru","-11.3898931, -75.5640373",County/City/town/Village/Woreda (ADM3),Origin,,2026-02-19T10:15:48.250515Z,"Peru: 7 displacements (partially destroyed housing), 26 January - 26 January. According to IDMC calculations based on data from INDECI, on 26 January 2026, a total of 6 people were displaced by Flood which made uninhabitable 2 houses. Instituto Nacional de Defensa Civil (INDECI) - 18 February 2026",,Flood
237889,Peru,PER,-6.29783,-78.2398588,"[-6.29783, -78.2398588]",Recommended figure,Disaster,total,21,2026-01-26,2026-01-26,2026-01-26,2026,40244,Peru: Mixed disasters - Amazonas (providencia) - 26/01/2026,,,2026-01-26,2026-01-26,Mixed disasters,Mixed disasters,Mixed disasters,Mixed disasters,,Instituto Nacional de Defensa Civil (INDECI),,"Providencia, Province of Luya, Amazonas, Peru","-6.29783, -78.2398588",County/City/town/Village/Woreda (ADM3),Origin,,2026-02-19T08:59:35.687297Z,"Peru: 21 displacements, 26 January - 26 January. According to IDMC calculations based on data from INDECI, on 26 January 2026, a total of 20 people were displaced by Mixed disasters which made uninhabitable or destroyed 6 houses. Instituto Nacional de Defensa Civil (INDECI) - 18 February 2026",,Mixed disasters
239088,Peru,PER,-4.6269859,-79.9453372,"[-4.6269859, -79.9453372]",Recommended figure,Disaster,total,135,2026-01-26,2026-01-26,2026-01-26,2026,40273,Peru: Flood - Piura - 01/01/2026,,,2026-01-01,2026-01-31,Weather related,Hydrological,Flood,Flood,,Instituto Nacional de Defensa Civil (INDECI),,"Paimas, Province of Ayabaca, Piura, Peru","-4.6269859, -79.9453372",County/City/town/Village/Woreda (ADM3),Origin,,2026-02-19T10:55:35.876291Z,"Peru: 135 displacements (partially destroyed housing), 26 January - 26 January. According to IDMC calculations based on data from INDECI, on 26 January 2026, a total of 134 people were displaced by Flood which made uninhabitable 39 houses. Instituto Nacional de Defensa Civil (INDECI) - 18 February 2026",,Flood
238991,Peru,PER,-7.3504619,-75.0090611,"[-7.3504619, -75.0090611]",Recommended figure,Disaster,total,3,2026-01-26,2026-01-26,2026-01-26,2026,40252,Peru: Dry mass movement - Loreto - 01/01/2026,,,2026-01-01,2026-01-31,Geophysical,Geophysical,Mass Movement,Dry mass movement,,Instituto Nacional de Defensa Civil (INDECI),,"Contamana, Province of Ucayali, Loreto, Peru","-7.3504619, -75.0090611",County/City/town/Village/Woreda (ADM3),Origin,,2026-02-19T10:44:56.888168Z,"Peru: 3 displacements (partially destroyed housing), 26 January - 26 January. According to IDMC calculations based on data from INDECI, on 26 January 2026, a total of 3 people were displaced by Dry mass movement which made uninhabitable one house. Instituto Nacional de Defensa Civil (INDECI) - 18 February 2026",,Mass Movement
238015,Peru,PER,-14.0616721,-72.5674356,"[-14.0616721, -72.5674356]",Recommended figure,Disaster,total,3,2026-01-26,2026-01-26,2026-01-26,2026,40267,Peru: Flood - Apurímac - 01/01/2026,,,2026-01-01,2026-01-31,Weather related,Hydrological,Flood,Flood,,Instituto Nacional de Defensa Civil (INDECI),,"Curasco, Province of Grau, Apurímac, Peru","-14.0616721, -72.5674356",County/City/town/Village/Woreda (ADM3),Origin,,2026-02-19T09:08:05.858059Z,"Peru: 3 displacements (partially destroyed housing), 26 January - 26 January. According to IDMC calculations based on data from INDECI, on 26 January 2026, a total of 3 people were displaced by Flood which made uninhabitable one house. Instituto Nacional de Defensa Civil (INDECI) - 18 February 2026",,Flood
238747,Peru,PER,-13.3301641,-74.9769545,"[-13.3301641, -74.9769545]",Recommended figure,Disaster,total,3,2026-01-26,2026-01-26,2026-01-26,2026,40263,Peru: Flood - Huancavelica - 01/01/2026,,,2026-01-01,2026-01-31,Weather related,Hydrological,Flood,Flood,,Instituto Nacional de Defensa Civil (INDECI),,"Pilpichaca, Province of Huaytará, Huancavelica, Peru","-13.3301641, -74.9769545",County/City/town/Village/Woreda (ADM3),Origin,,2026-02-19T10:15:33.284151Z,"Peru: 3 displacements (partially destroyed housing), 26 January - 26 January. According to IDMC calculations based on data from INDECI, on 26 January 2026, a total of 3 people were displaced by Flood which made uninhabitable one house. Instituto Nacional de Defensa Civil (INDECI) - 18 February 2026",,Flood
238765,Peru,PER,-12.201982,-74.7807505,"[-12.201982, -74.7807505]",Recommended figure,Disaster,total,3,2026-01-26,2026-01-26,2026-01-26,2026,40245,Peru: Dry mass movement - Huancavelica - 01/01/2026,,,2026-01-01,2026-01-31,Geophysical,Geophysical,Mass Movement,Dry mass movement,,Instituto Nacional de Defensa Civil (INDECI),,"Salcabamba, Province of Tayacaja, Huancavelica, Peru","-12.201982, -74.7807505",County/City/town/Village/Woreda (ADM3),Origin,,2026-02-19T10:15:44.076976Z,"Peru: 3 displacements (partially destroyed housing), 26 January - 26 January. According to IDMC calculations based on data from INDECI, on 26 January 2026, a total of 3 people were displaced by Dry mass movement which made uninhabitable one house. Instituto Nacional de Defensa Civil (INDECI) - 18 February 2026",,Mass Movement
238010,Peru,PER,-14.1397865,-72.6570464,"[-14.1397865, -72.6570464]",Recommended figure,Disaster,total,3,2026-01-26,2026-01-26,2026-01-26,2026,40241,Peru: Mixed disasters - Apurímac (santa Rosa) - 26/01/2026,,,2026-01-26,2026-01-26,Mixed disasters,Mixed disasters,Mixed disasters,Mixed disasters,,Instituto Nacional de Defensa Civil (INDECI),,"Santa Rosa, Province of Grau, Apurímac, Peru","-14.1397865, -72.6570464",County/City/town/Village/Woreda (ADM3),Origin,,2026-02-19T09:08:04.833723Z,"Peru: 3 displacements (partially destroyed housing), 26 January - 26 January. According to IDMC calculations based on data from INDECI, on 26 January 2026, a total of 3 people were displaced by Mixed disasters which made uninhabitable one house. Instituto Nacional de Defensa Civil (INDECI) - 18 February 2026",,Mixed disasters
239083,Peru,PER,-9.7723755,-74.6466239,"[-9.7723755, -74.6466239]",Recommended figure,Disaster,total,3,2026-01-25,2026-01-25,2026-01-25,2026,40297,Peru: Storm - Pasco - 01/01/2026,,,2026-01-01,2026-01-31,Weather related,Meteorological,Storm,Storm,,Instituto Nacional de Defensa Civil (INDECI),,"Constitución, Province of Oxapampa, Pasco, Peru","-9.7723755, -74.6466239",County/City/town/Village/Woreda (ADM3),Origin,,2026-02-19T10:55:35.194576Z,"Peru: 3 displacements (destroyed housing), 25 January - 25 January. According to IDMC calculations based on data from INDECI, on 25 January 2026, a total of 3 people were displaced by Storm which destroyed one house. Instituto Nacional de Defensa Civil (INDECI) - 18 February 2026",,Storm
238261,Peru,PER,-13.7125385,-74.0335467,"[-13.7125385, -74.0335467]",Recommended figure,Disaster,total,17,2026-01-25,2026-01-25,2026-01-25,2026,40256,Peru: Flood - Ayacucho - 01/01/2026,,,2026-01-01,2026-01-31,Weather related,Hydrological,Flood,Flood,,Instituto Nacional de Defensa Civil (INDECI),,"Colca, Province of Víctor Fajardo, Ayacucho, Peru","-13.7125385, -74.0335467",County/City/town/Village/Woreda (ADM3),Origin,,2026-02-19T09:26:56.834830Z,"Peru: 17 displacements (partially destroyed housing), 25 January - 25 January. According to IDMC calculations based on data from INDECI, on 25 January 2026, a total of 17 people were displaced by Flood which made uninhabitable 5 houses. Instituto Nacional de Defensa Civil (INDECI) - 18 February 2026",,Flood
239212,Peru,PER,-15.6572202,-69.7181989,"[-15.6572202, -69.7181989]",Recommended figure,Disaster,total,7,2026-01-25,2026-01-25,2026-01-25,2026,40304,Peru: Hailstorm - Puno (amantani) - 25/01/2026,,,2026-01-25,2026-01-25,Weather related,Meteorological,Storm,Hailstorm,,Instituto Nacional de Defensa Civil (INDECI),,"Amantaní, Province of Puno, Puno, Peru","-15.6572202, -69.7181989",County/City/town/Village/Woreda (ADM3),Origin,,2026-02-19T11:09:20.788382Z,"Peru: 7 displacements (partially destroyed housing), 25 January - 25 January. According to IDMC calculations based on data from INDECI, on 25 January 2026, a total of 6 people were displaced by Hailstorm which made uninhabitable 2 houses. Instituto Nacional de Defensa Civil (INDECI) - 18 February 2026",,Storm
238240,Peru,PER,-15.2175163,-73.4644466,"[-15.2175163, -73.4644466]",Recommended figure,Disaster,total,21,2026-01-24,2026-01-24,2026-01-24,2026,40256,Peru: Flood - Ayacucho - 01/01/2026,,,2026-01-01,2026-01-31,Weather related,Hydrological,Flood,Flood,,Instituto Nacional de Defensa Civil (INDECI),,"Pararca, Province of Páucar del Sara Sara, Ayacucho, Peru","-15.2175163, -73.4644466",County/City/town/Village/Woreda (ADM3),Origin,,2026-02-19T09:26:50.387631Z,"Peru: 21 displacements (partially destroyed housing), 24 January - 24 January. According to IDMC calculations based on data from INDECI, on 24 January 2026, a total of 20 people were displaced by Flood which made uninhabitable 6 houses. Instituto Nacional de Defensa Civil (INDECI) - 18 February 2026",,Flood
238271,Peru,PER,-13.8008867,-73.9040554,"[-13.8008867, -73.9040554]",Recommended figure,Disaster,total,21,2026-01-24,2026-01-24,2026-01-24,2026,40256,Peru: Flood - Ayacucho - 01/01/2026,,,2026-01-01,2026-01-31,Weather related,Hydrological,Flood,Flood,,Instituto Nacional de Defensa Civil (INDECI),,"Accomarca, Province of Vilcas Huamán, Ayacucho, Peru","-13.8008867, -73.9040554",County/City/town/Village/Woreda (ADM3),Origin,,2026-02-19T09:26:58.138383Z,"Peru: 21 displacements (partially destroyed housing), 24 January - 24 January. According to IDMC calculations based on data from INDECI, on 24 January 2026, a total of 20 people were displaced by Flood which made uninhabitable 6 houses. Instituto Nacional de Defensa Civil (INDECI) - 18 February 2026",,Flood
238264,Peru,PER,-13.7291512,-74.2719606,"[-13.7291512, -74.2719606]",Recommended figure,Disaster,total,7,2026-01-24,2026-01-24,2026-01-24,2026,40256,Peru: Flood - Ayacucho - 01/01/2026,,,2026-01-01,2026-01-31,Weather related,Hydrological,Flood,Flood,,Instituto Nacional de Defensa Civil (INDECI),,"Huamanquiquia, Province of Víctor Fajardo, Ayacucho, Peru","-13.7291512, -74.2719606",County/City/town/Village/Woreda (ADM3),Origin,,2026-02-19T09:26:57.218204Z,"Peru: 7 displacements (partially destroyed housing), 24 January - 24 January. According to IDMC calculations based on data from INDECI, on 24 January 2026, a total of 6 people were displaced by Flood which made uninhabitable 2 houses. Instituto Nacional de Defensa Civil (INDECI) - 18 February 2026",,Flood
239501,Peru,PER,-17.7779521,-69.959659,"[-17.7779521, -69.959659]",Recommended figure,Disaster,total,7,2026-01-24,2026-01-24,2026-01-24,2026,40261,Peru: Flood - Tacna - 01/01/2026,,,2026-01-01,2026-01-31,Weather related,Hydrological,Flood,Flood,,Instituto Nacional de Defensa Civil (INDECI),,"Palca, Province of Tacna, Tacna, Peru","-17.7779521, -69.959659",County/City/town/Village/Woreda (ADM3),Origin,,2026-02-19T11:46:52.549306Z,"Peru: 7 displacements (partially destroyed housing), 24 January - 24 January. According to IDMC calculations based on data from INDECI, on 24 January 2026, a total of 6 people were displaced by Flood which made uninhabitable 2 houses. Instituto Nacional de Defensa Civil (INDECI) - 18 February 2026",,Flood
238159,Peru,PER,-13.16861,-73.86604,"[-13.16861, -73.86604]",Recommended figure,Disaster,total,7,2026-01-24,2026-01-24,2026-01-24,2026,40256,Peru: Flood - Ayacucho - 01/01/2026,,,2026-01-01,2026-01-31,Weather related,Hydrological,Flood,Flood,,Instituto Nacional de Defensa Civil (INDECI),,"Chilcas, La Mar Province, Ayacucho, Peru","-13.16861, -73.86604",County/City/town/Village/Woreda (ADM3),Origin,,2026-02-19T09:17:08.691266Z,"Peru: 7 displacements (partially destroyed housing), 24 January - 24 January. According to IDMC calculations based on data from INDECI, on 24 January 2026, a total of 6 people were displaced by Flood which made uninhabitable 2 houses. Instituto Nacional de Defensa Civil (INDECI) - 18 February 2026",,Flood
237976,Peru,PER,-13.6616515,-73.3767641,"[-13.6616515, -73.3767641]",Recommended figure,Disaster,total,3,2026-01-23,2026-01-23,2026-01-23,2026,40238,Peru: Mixed disasters - Apurímac (andahuaylas) - 23/01/2026,,,2026-01-23,2026-01-23,Mixed disasters,Mixed disasters,Mixed disasters,Mixed disasters,,Instituto Nacional de Defensa Civil (INDECI),,"Andahuaylas, Andahuaylas Province, Apurimac, Peru","-13.6616515, -73.3767641",County/City/town/Village/Woreda (ADM3),Origin,,2026-02-19T09:07:54.754744Z,"Peru: 3 displacements (partially destroyed housing), 23 January - 23 January. According to IDMC calculations based on data from INDECI, on 23 January 2026, a total of 3 people were displaced by Mixed disasters which made uninhabitable one house. Instituto Nacional de Defensa Civil (INDECI) - 18 February 2026",,Mixed disasters
238242,Peru,PER,-15.2667373,-73.4535983,"[-15.2667373, -73.4535983]",Recommended figure,Disaster,total,14,2026-01-23,2026-01-23,2026-01-23,2026,40256,Peru: Flood - Ayacucho - 01/01/2026,,,2026-01-01,2026-01-31,Weather related,Hydrological,Flood,Flood,,Instituto Nacional de Defensa Civil (INDECI),,"Sara Sara, Province of Páucar del Sara Sara, Ayacucho, Peru","-15.2667373, -73.4535983",County/City/town/Village/Woreda (ADM3),Origin,,2026-02-19T09:26:50.508852Z,"Peru: 14 displacements (partially destroyed housing), 23 January - 23 January. According to IDMC calculations based on data from INDECI, on 23 January 2026, a total of 13 people were displaced by Flood which made uninhabitable 4 houses. Instituto Nacional de Defensa Civil (INDECI) - 18 February 2026",,Flood
238009,Peru,PER,-14.1397865,-72.6570464,"[-14.1397865, -72.6570464]",Recommended figure,Disaster,total,3,2026-01-23,2026-01-23,2026-01-23,2026,40240,Peru: Mixed disasters - Apurímac (santa Rosa) - 23/01/2026,,,2026-01-23,2026-01-23,Mixed disasters,Mixed disasters,Mixed disasters,Mixed disasters,,Instituto Nacional de Defensa Civil (INDECI),,"Santa Rosa, Province of Grau, Apurímac, Peru","-14.1397865, -72.6570464",County/City/town/Village/Woreda (ADM3),Origin,,2026-02-19T09:08:04.696745Z,"Peru: 3 displacements (partially destroyed housing), 23 January - 23 January. According to IDMC calculations based on data from INDECI, on 23 January 2026, a total of 3 people were displaced by Mixed disasters which made uninhabitable one house. Instituto Nacional de Defensa Civil (INDECI) - 18 February 2026",,Mixed disasters
238231,Peru,PER,-12.86025,-73.72074,"[-12.86025, -73.72074]",Recommended figure,Disaster,total,7,2026-01-23,2026-01-23,2026-01-23,2026,40256,Peru: Flood - Ayacucho - 01/01/2026,,,2026-01-01,2026-01-31,Weather related,Hydrological,Flood,Flood,,Instituto Nacional de Defensa Civil (INDECI),,"Samugari, La Mar Province, Ayacucho, Peru","-12.86025, -73.72074",County/City/town/Village/Woreda (ADM3),Origin,,2026-02-19T09:26:49.887930Z,"Peru: 7 displacements (destroyed housing), 23 January - 23 January. According to IDMC calculations based on data from INDECI, on 23 January 2026, a total of 6 people were displaced by Flood which destroyed 2 houses. Instituto Nacional de Defensa Civil (INDECI) - 18 February 2026",,Flood
238139,Peru,PER,-13.1604269,-74.2256973,"[-13.1604269, -74.2256973]",Recommended figure,Disaster,total,3,2026-01-23,2026-01-23,2026-01-23,2026,40256,Peru: Flood - Ayacucho - 01/01/2026,,,2026-01-01,2026-01-31,Weather related,Hydrological,Flood,Flood,,Instituto Nacional de Defensa Civil (INDECI),,"Ayacucho, Province of Huamanga, Ayacucho, Peru","-13.1604269, -74.2256973",County/City/town/Village/Woreda (ADM3),Origin,,2026-02-19T09:17:00.332687Z,"Peru: 3 displacements (partially destroyed housing), 23 January - 23 January. According to IDMC calculations based on data from INDECI, on 23 January 2026, a total of 3 people were displaced by Flood which made uninhabitable one house. Instituto Nacional de Defensa Civil (INDECI) - 18 February 2026",,Flood
238252,Peru,PER,-14.0383594,-73.6421391,"[-14.0383594, -73.6421391]",Recommended figure,Disaster,total,35,2026-01-23,2026-01-23,2026-01-23,2026,40256,Peru: Flood - Ayacucho - 01/01/2026,,,2026-01-01,2026-01-31,Weather related,Hydrological,Flood,Flood,,Instituto Nacional de Defensa Civil (INDECI),,"Paico, Province of Sucre, Ayacucho, Peru","-14.0383594, -73.6421391",County/City/town/Village/Woreda (ADM3),Origin,,2026-02-19T09:26:51.025513Z,"Peru: 35 displacements (partially destroyed housing), 23 January - 23 January. According to IDMC calculations based on data from INDECI, on 23 January 2026, a total of 34 people were displaced by Flood which made uninhabitable 10 houses. Instituto Nacional de Defensa Civil (INDECI) - 18 February 2026",,Flood
239239,Peru,PER,-5.8696697,-77.4574933,"[-5.8696697, -77.4574933]",Recommended figure,Disaster,total,24,2026-01-23,2026-01-23,2026-01-23,2026,40266,Peru: Flood - San Martín - 01/01/2026,,,2026-01-01,2026-01-31,Weather related,Hydrological,Flood,Flood,,Instituto Nacional de Defensa Civil (INDECI),,"Awajún, Province of Rioja, San Martín, Peru","-5.8696697, -77.4574933",County/City/town/Village/Woreda (ADM3),Origin,,2026-02-19T11:09:26.829495Z,"Peru: 24 displacements (partially destroyed housing), 23 January - 23 January. According to IDMC calculations based on data from INDECI, on 23 January 2026, a total of 24 people were displaced by Flood which made uninhabitable 7 houses. Instituto Nacional de Defensa Civil (INDECI) - 18 February 2026",,Flood
238608,Peru,PER,-12.7270517,-74.7150305,"[-12.7270517, -74.7150305]",Recommended figure,Disaster,total,42,2026-01-23,2026-01-23,2026-01-23,2026,40263,Peru: Flood - Huancavelica - 01/01/2026,,,2026-01-01,2026-01-31,Weather related,Hydrological,Flood,Flood,,Instituto Nacional de Defensa Civil (INDECI),,"Paucará, Province of Acobamba, Huancavelica, Peru","-12.7270517, -74.7150305",County/City/town/Village/Woreda (ADM3),Origin,,2026-02-19T10:01:46.804021Z,"Peru: 42 displacements (partially destroyed housing), 23 January - 23 January. According to IDMC calculations based on data from INDECI, on 23 January 2026, a total of 41 people were displaced by Flood which made uninhabitable 12 houses. Instituto Nacional de Defensa Civil (INDECI) - 18 February 2026",,Flood
237983,Peru,PER,-14.2945256,-73.2442285,"[-14.2945256, -73.2442285]",Recommended figure,Disaster,total,3,2026-01-23,2026-01-23,2026-01-23,2026,40267,Peru: Flood - Apurímac - 01/01/2026,,,2026-01-01,2026-01-31,Weather related,Hydrological,Flood,Flood,,Instituto Nacional de Defensa Civil (INDECI),,"Chalhuanca, Province of Aymaraes, Apurímac, Peru","-14.2945256, -73.2442285",County/City/town/Village/Woreda (ADM3),Origin,,2026-02-19T09:07:55.426372Z,"Peru: 3 displacements (partially destroyed housing), 23 January - 23 January. According to IDMC calculations based on data from INDECI, on 23 January 2026, a total of 3 people were displaced by Flood which made uninhabitable one house. Instituto Nacional de Defensa Civil (INDECI) - 18 February 2026",,Flood
239231,Peru,PER,-6.9318423,-76.7724793,"[-6.9318423, -76.7724793]",Recommended figure,Disaster,total,28,2026-01-22,2026-01-22,2026-01-22,2026,40266,Peru: Flood - San Martín - 01/01/2026,,,2026-01-01,2026-01-31,Weather related,Hydrological,Flood,Flood,,Instituto Nacional de Defensa Civil (INDECI),,"Saposoa, Province of Huallaga, San Martín, Peru","-6.9318423, -76.7724793",County/City/town/Village/Woreda (ADM3),Origin,,2026-02-19T11:09:26.478381Z,"Peru: 28 displacements (partially destroyed housing), 22 January - 22 January. According to IDMC calculations based on data from INDECI, on 22 January 2026, a total of 27 people were displaced by Flood which made uninhabitable 8 houses. Instituto Nacional de Defensa Civil (INDECI) - 18 February 2026",,Flood
237863,Peru,PER,-5.4166377,-78.4380835,"[-5.4166377, -78.4380835]",Recommended figure,Disaster,total,3,2026-01-22,2026-01-22,2026-01-22,2026,40285,Peru: Storm - Amazonas - 01/01/2026,,,2026-01-01,2026-01-31,Weather related,Meteorological,Storm,Storm,,Instituto Nacional de Defensa Civil (INDECI),,"Aramango, Province of Bagua, Amazonas, Peru","-5.4166377, -78.4380835",County/City/town/Village/Woreda (ADM3),Origin,,2026-02-19T08:59:27.278450Z,"Peru: 3 displacements (partially destroyed housing), 22 January - 22 January. According to IDMC calculations based on data from INDECI, on 22 January 2026, a total of 3 people were displaced by Storm which made uninhabitable one house. Instituto Nacional de Defensa Civil (INDECI) - 18 February 2026",,Storm
239222,Peru,PER,-14.2201552,-69.1535141,"[-14.2201552, -69.1535141]",Recommended figure,Disaster,total,3,2026-01-22,2026-01-22,2026-01-22,2026,40269,Peru: Flood - Puno - 01/01/2026,,,2026-01-01,2026-01-31,Weather related,Hydrological,Flood,Flood,,Instituto Nacional de Defensa Civil (INDECI),,"San Juan del Oro, Province of Sandia, Puno, Peru","-14.2201552, -69.1535141",County/City/town/Village/Woreda (ADM3),Origin,,2026-02-19T11:09:26.093459Z,"Peru: 3 displacements (partially destroyed housing), 22 January - 22 January. According to IDMC calculations based on data from INDECI, on 22 January 2026, a total of 3 people were displaced by Flood which made uninhabitable one house. Instituto Nacional de Defensa Civil (INDECI) - 18 February 2026",,Flood
238634,Peru,PER,-12.5185266,-74.5477628,"[-12.5185266, -74.5477628]",Recommended figure,Disaster,total,28,2026-01-22,2026-01-22,2026-01-22,2026,40263,Peru: Flood - Huancavelica - 01/01/2026,,,2026-01-01,2026-01-31,Weather related,Hydrological,Flood,Flood,,Instituto Nacional de Defensa Civil (INDECI),,"Chinchihuasi, Province of Churcampa, Huancavelica, Peru","-12.5185266, -74.5477628",County/City/town/Village/Woreda (ADM3),Origin,,2026-02-19T10:01:52.798838Z,"Peru: 28 displacements, 22 January - 22 January. According to IDMC calculations based on data from INDECI, on 22 January 2026, a total of 27 people were displaced by Flood which made uninhabitable or destroyed 8 houses. Instituto Nacional de Defensa Civil (INDECI) - 18 February 2026",,Flood
238621,Peru,PER,-13.1131122,-74.4193193,"[-13.1131122, -74.4193193]",Recommended figure,Disaster,total,45,2026-01-22,2026-01-22,2026-01-22,2026,40263,Peru: Flood - Huancavelica - 01/01/2026,,,2026-01-01,2026-01-31,Weather related,Hydrological,Flood,Flood,,Instituto Nacional de Defensa Civil (INDECI),,"Santo Tomás de Pata, Province of Angaraes, Huancavelica, Peru","-13.1131122, -74.4193193",County/City/town/Village/Woreda (ADM3),Origin,,2026-02-19T10:01:52.050967Z,"Peru: 45 displacements (partially destroyed housing), 22 January - 22 January. According to IDMC calculations based on data from INDECI, on 22 January 2026, a total of 44 people were displaced by Flood which made uninhabitable 13 houses. Instituto Nacional de Defensa Civil (INDECI) - 18 February 2026",,Flood
238622,Peru,PER,-13.2833505,-75.3190792,"[-13.2833505, -75.3190792]",Recommended figure,Disaster,total,3,2026-01-22,2026-01-22,2026-01-22,2026,40263,Peru: Flood - Huancavelica - 01/01/2026,,,2026-01-01,2026-01-31,Weather related,Hydrological,Flood,Flood,,Instituto Nacional de Defensa Civil (INDECI),,"Castrovirreyna, Province of Castrovirreyna, Huancavelica, Peru","-13.2833505, -75.3190792",County/City/town/Village/Woreda (ADM3),Origin,,2026-02-19T10:01:52.098337Z,"Peru: 3 displacements (partially destroyed housing), 22 January - 22 January. According to IDMC calculations based on data from INDECI, on 22 January 2026, a total of 3 people were displaced by Flood which made uninhabitable one house. Instituto Nacional de Defensa Civil (INDECI) - 18 February 2026",,Flood
239506,Peru,PER,-7.8964619,-74.1845474,"[-7.8964619, -74.1845474]",Recommended figure,Disaster,total,3,2026-01-22,2026-01-22,2026-01-22,2026,40271,Peru: Flood - Ucayali - 01/01/2026,,,2026-01-01,2026-01-31,Weather related,Hydrological,Flood,Flood,,Instituto Nacional de Defensa Civil (INDECI),,"Callería, Province of Coronel Portillo, Ucayali, Peru","-7.8964619, -74.1845474",County/City/town/Village/Woreda (ADM3),Origin,,2026-02-19T11:46:52.758853Z,"Peru: 3 displacements (partially destroyed housing), 22 January - 22 January. According to IDMC calculations based on data from INDECI, on 22 January 2026, a total of 3 people were displaced by Flood which made uninhabitable one house. Instituto Nacional de Defensa Civil (INDECI) - 18 February 2026",,Flood
239520,Peru,PER,-11.7050118,-76.2686321,"[-11.7050118, -76.2686321]",Recommended figure,Disaster,total,7,2026-01-22,2026-01-22,2026-01-22,2026,40279,Peru: Flood - Lima - 01/01/2026,,,2026-01-01,2026-01-31,Weather related,Hydrological,Flood,Flood,,Instituto Nacional de Defensa Civil (INDECI),,"Chicla, Province of Huarochirí, Lima, Peru","-11.7050118, -76.2686321",County/City/town/Village/Woreda (ADM3),Origin,,2026-02-19T11:46:57.582547Z,"Peru: 7 displacements (partially destroyed housing), 22 January - 22 January. According to IDMC calculations based on data from INDECI, on 22 January 2026, a total of 6 people were displaced by Flood which made uninhabitable 2 houses. Instituto Nacional de Defensa Civil (INDECI) - 18 February 2026",,Flood
239081,Peru,PER,-9.7723755,-74.6466239,"[-9.7723755, -74.6466239]",Recommended figure,Disaster,total,3,2026-01-22,2026-01-22,2026-01-22,2026,40297,Peru: Storm - Pasco - 01/01/2026,,,2026-01-01,2026-01-31,Weather related,Meteorological,Storm,Storm,,Instituto Nacional de Defensa Civil (INDECI),,"Constitución, Province of Oxapampa, Pasco, Peru","-9.7723755, -74.6466239",County/City/town/Village/Woreda (ADM3),Origin,,2026-02-19T10:55:34.898469Z,"Peru: 3 displacements (partially destroyed housing), 22 January - 22 January. According to IDMC calculations based on data from INDECI, on 22 January 2026, a total of 3 people were displaced by Storm which made uninhabitable one house. Instituto Nacional de Defensa Civil (INDECI) - 18 February 2026",,Storm
239524,Peru,PER,-11.6831239,-76.5248883,"[-11.6831239, -76.5248883]",Recommended figure,Disaster,total,45,2026-01-22,2026-01-22,2026-01-22,2026,40279,Peru: Flood - Lima - 01/01/2026,,,2026-01-01,2026-01-31,Weather related,Hydrological,Flood,Flood,,Instituto Nacional de Defensa Civil (INDECI),,"San Juan de Iris, Province of Huarochirí, Lima, Peru","-11.6831239, -76.5248883",County/City/town/Village/Woreda (ADM3),Origin,,2026-02-19T11:46:58.179087Z,"Peru: 45 displacements (partially destroyed housing), 22 January - 22 January. According to IDMC calculations based on data from INDECI, on 22 January 2026, a total of 44 people were displaced by Flood which made uninhabitable 13 houses. Instituto Nacional de Defensa Civil (INDECI) - 18 February 2026",,Flood
237993,Peru,PER,-13.8374408,-72.4321251,"[-13.8374408, -72.4321251]",Recommended figure,Disaster,total,3,2026-01-22,2026-01-22,2026-01-22,2026,40267,Peru: Flood - Apurímac - 01/01/2026,,,2026-01-01,2026-01-31,Weather related,Hydrological,Flood,Flood,,Instituto Nacional de Defensa Civil (INDECI),,"Coyllurqui, Province of Cotabambas, Apurímac, Peru","-13.8374408, -72.4321251",County/City/town/Village/Woreda (ADM3),Origin,,2026-02-19T09:08:03.240415Z,"Peru: 3 displacements (partially destroyed housing), 22 January - 22 January. According to IDMC calculations based on data from INDECI, on 22 January 2026, a total of 3 people were displaced by Flood which made uninhabitable one house. Instituto Nacional de Defensa Civil (INDECI) - 18 February 2026",,Flood
238128,Peru,PER,-15.714582,-72.5736223,"[-15.714582, -72.5736223]",Recommended figure,Disaster,total,17,2026-01-22,2026-01-22,2026-01-22,2026,40275,Peru: Flood - Arequipa - 01/01/2026,,,2026-01-01,2026-01-31,Weather related,Hydrological,Flood,Flood,,Instituto Nacional de Defensa Civil (INDECI),,"Pampacolca, Province of Castilla, Arequipa, Peru","-15.714582, -72.5736223",County/City/town/Village/Woreda (ADM3),Origin,,2026-02-19T09:16:59.644728Z,"Peru: 17 displacements, 22 January - 22 January. According to IDMC calculations based on data from INDECI, on 22 January 2026, a total of 17 people were displaced by Flood which made uninhabitable or destroyed 5 houses. Instituto Nacional de Defensa Civil (INDECI) - 18 February 2026",,Flood
237996,Peru,PER,-13.4031774,-73.6683759,"[-13.4031774, -73.6683759]",Recommended figure,Disaster,total,3,2026-01-22,2026-01-22,2026-01-22,2026,40267,Peru: Flood - Apurímac - 01/01/2026,,,2026-01-01,2026-01-31,Weather related,Hydrological,Flood,Flood,,Instituto Nacional de Defensa Civil (INDECI),,"Ongoy, Province of Chincheros, Apurímac, Peru","-13.4031774, -73.6683759",County/City/town/Village/Woreda (ADM3),Origin,,2026-02-19T09:08:03.483704Z,"Peru: 3 displacements (partially destroyed housing), 22 January - 22 January. According to IDMC calculations based on data from INDECI, on 22 January 2026, a total of 3 people were displaced by Flood which made uninhabitable one house. Instituto Nacional de Defensa Civil (INDECI) - 18 February 2026",,Flood
239232,Peru,PER,-7.0704354,-76.7163115,"[-7.0704354, -76.7163115]",Recommended figure,Disaster,total,3,2026-01-22,2026-01-22,2026-01-22,2026,40266,Peru: Flood - San Martín - 01/01/2026,,,2026-01-01,2026-01-31,Weather related,Hydrological,Flood,Flood,,Instituto Nacional de Defensa Civil (INDECI),,"Sacanche, Province of Huallaga, San Martín, Peru","-7.0704354, -76.7163115",County/City/town/Village/Woreda (ADM3),Origin,,2026-02-19T11:09:26.521615Z,"Peru: 3 displacements (partially destroyed housing), 22 January - 22 January. According to IDMC calculations based on data from INDECI, on 22 January 2026, a total of 3 people were displaced by Flood which made uninhabitable one house. Instituto Nacional de Defensa Civil (INDECI) - 18 February 2026",,Flood
238152,Peru,PER,-12.7843999,-74.2058707,"[-12.7843999, -74.2058707]",Recommended figure,Disaster,total,10,2026-01-22,2026-01-22,2026-01-22,2026,40256,Peru: Flood - Ayacucho - 01/01/2026,,,2026-01-01,2026-01-31,Weather related,Hydrological,Flood,Flood,,Instituto Nacional de Defensa Civil (INDECI),,"Chaca, Province of Huanta, Ayacucho, Peru","-12.7843999, -74.2058707",County/City/town/Village/Woreda (ADM3),Origin,,2026-02-19T09:17:08.217981Z,"Peru: 10 displacements (partially destroyed housing), 22 January - 22 January. According to IDMC calculations based on data from INDECI, on 22 January 2026, a total of 10 people were displaced by Flood which made uninhabitable 3 houses. Instituto Nacional de Defensa Civil (INDECI) - 18 February 2026",,Flood
238394,Peru,PER,-7.6238807,-78.0464077,"[-7.6238807, -78.0464077]",Recommended figure,Disaster,total,14,2026-01-21,2026-01-21,2026-01-21,2026,40259,Peru: Flood - Cajamarca - 01/01/2026,,,2026-01-01,2026-01-31,Weather related,Hydrological,Flood,Flood,,Instituto Nacional de Defensa Civil (INDECI),,"Cajabamba, Province of Cajabamba, Cajamarca, Peru","-7.6238807, -78.0464077",County/City/town/Village/Woreda (ADM3),Origin,,2026-02-19T09:37:22.507570Z,"Peru: 14 displacements (partially destroyed housing), 21 January - 21 January. According to IDMC calculations based on data from INDECI, on 21 January 2026, a total of 13 people were displaced by Flood which made uninhabitable 4 houses. Instituto Nacional de Defensa Civil (INDECI) - 18 February 2026",,Flood
239195,Peru,PER,-5.2402325,-79.4488035,"[-5.2402325, -79.4488035]",Recommended figure,Disaster,total,3,2026-01-21,2026-01-21,2026-01-21,2026,40298,Peru: Storm - Piura - 01/01/2026,,,2026-01-01,2026-01-31,Weather related,Meteorological,Storm,Storm,,Instituto Nacional de Defensa Civil (INDECI),,"Huancabamba, Province of Huancabamba, Piura, Peru","-5.2402325, -79.4488035",County/City/town/Village/Woreda (ADM3),Origin,,2026-02-19T11:09:19.658563Z,"Peru: 3 displacements (partially destroyed housing), 21 January - 21 January. According to IDMC calculations based on data from INDECI, on 21 January 2026, a total of 3 people were displaced by Storm which made uninhabitable one house. Instituto Nacional de Defensa Civil (INDECI) - 18 February 2026",,Storm
238124,Peru,PER,-16.2979991,-71.573948,"[-16.2979991, -71.573948]",Recommended figure,Disaster,total,3,2026-01-21,2026-01-21,2026-01-21,2026,40275,Peru: Flood - Arequipa - 01/01/2026,,,2026-01-01,2026-01-31,Weather related,Hydrological,Flood,Flood,,Instituto Nacional de Defensa Civil (INDECI),,"Cerro Colorado, Province of Arequipa, Arequipa, Peru","-16.2979991, -71.573948",County/City/town/Village/Woreda (ADM3),Origin,,2026-02-19T09:16:59.384562Z,"Peru: 3 displacements (partially destroyed housing), 21 January - 21 January. According to IDMC calculations based on data from INDECI, on 21 January 2026, a total of 3 people were displaced by Flood which made uninhabitable one house. Instituto Nacional de Defensa Civil (INDECI) - 18 February 2026",,Flood
238979,Peru,PER,-11.6669321,-76.0875396,"[-11.6669321, -76.0875396]",Recommended figure,Disaster,total,3,2026-01-21,2026-01-21,2026-01-21,2026,40262,Peru: Flood - Junín - 01/01/2026,,,2026-01-01,2026-01-31,Weather related,Hydrological,Flood,Flood,,Instituto Nacional de Defensa Civil (INDECI),,"Yauli, Province of Yauli, Junín, Peru","-11.6669321, -76.0875396",County/City/town/Village/Woreda (ADM3),Origin,,2026-02-19T10:44:55.397935Z,"Peru: 3 displacements (partially destroyed housing), 21 January - 21 January. According to IDMC calculations based on data from INDECI, on 21 January 2026, a total of 3 people were displaced by Flood which made uninhabitable one house. Instituto Nacional de Defensa Civil (INDECI) - 18 February 2026",,Flood
237901,Peru,PER,-9.3484957,-77.1722483,"[-9.3484957, -77.1722483]",Recommended figure,Disaster,total,17,2026-01-21,2026-01-21,2026-01-21,2026,40264,Peru: Flood - Ancash - 01/01/2026,,,2026-01-01,2026-01-31,Weather related,Hydrological,Flood,Flood,,Instituto Nacional de Defensa Civil (INDECI),,"Huari, Province of Huari, Ancash, Peru","-9.3484957, -77.1722483",County/City/town/Village/Woreda (ADM3),Origin,,2026-02-19T08:59:37.472033Z,"Peru: 17 displacements (partially destroyed housing), 21 January - 21 January. According to IDMC calculations based on data from INDECI, on 21 January 2026, a total of 17 people were displaced by Flood which made uninhabitable 5 houses. Instituto Nacional de Defensa Civil (INDECI) - 18 February 2026",,Flood
238755,Peru,PER,-13.7368146,-75.2437,"[-13.7368146, -75.2437]",Recommended figure,Disaster,total,24,2026-01-21,2026-01-21,2026-01-21,2026,40263,Peru: Flood - Huancavelica - 01/01/2026,,,2026-01-01,2026-01-31,Weather related,Hydrological,Flood,Flood,,Instituto Nacional de Defensa Civil (INDECI),,"Santo Domingo de Capillas, Province of Huaytará, Huancavelica, Peru","-13.7368146, -75.2437",County/City/town/Village/Woreda (ADM3),Origin,,2026-02-19T10:15:34.000691Z,"Peru: 24 displacements (partially destroyed housing), 21 January - 21 January. According to IDMC calculations based on data from INDECI, on 21 January 2026, a total of 24 people were displaced by Flood which made uninhabitable 7 houses. Instituto Nacional de Defensa Civil (INDECI) - 18 February 2026",,Flood
238161,Peru,PER,-13.26759,-73.88362,"[-13.26759, -73.88362]",Recommended figure,Disaster,total,21,2026-01-21,2026-01-21,2026-01-21,2026,40256,Peru: Flood - Ayacucho - 01/01/2026,,,2026-01-01,2026-01-31,Weather related,Hydrological,Flood,Flood,,Instituto Nacional de Defensa Civil (INDECI),,"Luis Carranza, La Mar Province, Ayacucho, Peru","-13.26759, -73.88362",County/City/town/Village/Woreda (ADM3),Origin,,2026-02-19T09:17:08.839095Z,"Peru: 21 displacements, 21 January - 21 January. According to IDMC calculations based on data from INDECI, on 21 January 2026, a total of 20 people were displaced by Flood which made uninhabitable or destroyed 6 houses. Instituto Nacional de Defensa Civil (INDECI) - 18 February 2026",,Flood
238637,Peru,PER,-12.5781896,-74.411711,"[-12.5781896, -74.411711]",Recommended figure,Disaster,total,52,2026-01-21,2026-01-21,2026-01-21,2026,40263,Peru: Flood - Huancavelica - 01/01/2026,,,2026-01-01,2026-01-31,Weather related,Hydrological,Flood,Flood,,Instituto Nacional de Defensa Civil (INDECI),,"San Pedro de Coris, Province of Churcampa, Huancavelica, Peru","-12.5781896, -74.411711",County/City/town/Village/Woreda (ADM3),Origin,,2026-02-19T10:01:52.944223Z,"Peru: 52 displacements (partially destroyed housing), 21 January - 21 January. According to IDMC calculations based on data from INDECI, on 21 January 2026, a total of 51 people were displaced by Flood which made uninhabitable 15 houses. Instituto Nacional de Defensa Civil (INDECI) - 18 February 2026",,Flood
238611,Peru,PER,-12.8741295,-74.5316587,"[-12.8741295, -74.5316587]",Recommended figure,Disaster,total,3,2026-01-21,2026-01-21,2026-01-21,2026,40263,Peru: Flood - Huancavelica - 01/01/2026,,,2026-01-01,2026-01-31,Weather related,Hydrological,Flood,Flood,,Instituto Nacional de Defensa Civil (INDECI),,"Pomacocha, Province of Acobamba, Huancavelica, Peru","-12.8741295, -74.5316587",County/City/town/Village/Woreda (ADM3),Origin,,2026-02-19T10:01:46.962764Z,"Peru: 3 displacements (destroyed housing), 21 January - 21 January. According to IDMC calculations based on data from INDECI, on 21 January 2026, a total of 3 people were displaced by Flood which destroyed one house. Instituto Nacional de Defensa Civil (INDECI) - 18 February 2026",,Flood
238599,Peru,PER,-12.6566995,-74.9805785,"[-12.6566995, -74.9805785]",Recommended figure,Disaster,total,3,2026-01-21,2026-01-21,2026-01-21,2026,40263,Peru: Flood - Huancavelica - 01/01/2026,,,2026-01-01,2026-01-31,Weather related,Hydrological,Flood,Flood,,Instituto Nacional de Defensa Civil (INDECI),,"Palca, Province of Huancavelica, Huancavelica, Peru","-12.6566995, -74.9805785",County/City/town/Village/Woreda (ADM3),Origin,,2026-02-19T10:01:46.338946Z,"Peru: 3 displacements (partially destroyed housing), 21 January - 21 January. According to IDMC calculations based on data from INDECI, on 21 January 2026, a total of 3 people were displaced by Flood which made uninhabitable one house. Instituto Nacional de Defensa Civil (INDECI) - 18 February 2026",,Flood
238279,Peru,PER,-13.8846729,-73.8570602,"[-13.8846729, -73.8570602]",Recommended figure,Disaster,total,21,2026-01-21,2026-01-21,2026-01-21,2026,40256,Peru: Flood - Ayacucho - 01/01/2026,,,2026-01-01,2026-01-31,Weather related,Hydrological,Flood,Flood,,Instituto Nacional de Defensa Civil (INDECI),,"Independencia, Province of Vilcas Huamán, Ayacucho, Peru","-13.8846729, -73.8570602",County/City/town/Village/Woreda (ADM3),Origin,,2026-02-19T09:26:58.853009Z,"Peru: 21 displacements (partially destroyed housing), 21 January - 21 January. According to IDMC calculations based on data from INDECI, on 21 January 2026, a total of 20 people were displaced by Flood which made uninhabitable 6 houses. Instituto Nacional de Defensa Civil (INDECI) - 18 February 2026",,Flood
238423,Peru,PER,-6.5614846,-78.6509551,"[-6.5614846, -78.6509551]",Recommended figure,Disaster,total,7,2026-01-21,2026-01-21,2026-01-21,2026,40250,Peru: Dry mass movement - Cajamarca - 01/01/2026,,,2026-01-01,2026-01-31,Geophysical,Geophysical,Mass Movement,Dry mass movement,,Instituto Nacional de Defensa Civil (INDECI),,"Chota, Province of Chota, Cajamarca, Peru","-6.5614846, -78.6509551",County/City/town/Village/Woreda (ADM3),Origin,,2026-02-19T09:37:28.658521Z,"Peru: 7 displacements, 21 January - 21 January. According to IDMC calculations based on data from INDECI, on 21 January 2026, a total of 6 people were displaced by Dry mass movement which made uninhabitable or destroyed 2 houses. Instituto Nacional de Defensa Civil (INDECI) - 18 February 2026",,Mass Movement
238404,Peru,PER,-6.8654175,-78.1454655,"[-6.8654175, -78.1454655]",Recommended figure,Disaster,total,3,2026-01-21,2026-01-21,2026-01-21,2026,40259,Peru: Flood - Cajamarca - 01/01/2026,,,2026-01-01,2026-01-31,Weather related,Hydrological,Flood,Flood,,Instituto Nacional de Defensa Civil (INDECI),,"Celendín, Province of Celendín, Cajamarca, Peru","-6.8654175, -78.1454655",County/City/town/Village/Woreda (ADM3),Origin,,2026-02-19T09:37:23.065452Z,"Peru: 3 displacements (partially destroyed housing), 21 January - 21 January. According to IDMC calculations based on data from INDECI, on 21 January 2026, a total of 3 people were displaced by Flood which made uninhabitable one house. Instituto Nacional de Defensa Civil (INDECI) - 18 February 2026",,Flood
238986,Peru,PER,-8.275946,-77.2962826,"[-8.275946, -77.2962826]",Recommended figure,Disaster,total,3,2026-01-20,2026-01-20,2026-01-20,2026,40277,Peru: Flood - La Libertad - 01/01/2026,,,2026-01-01,2026-01-31,Weather related,Hydrological,Flood,Flood,,Instituto Nacional de Defensa Civil (INDECI),,"Tayabamba, Province of Pataz, La Libertad, Peru","-8.275946, -77.2962826",County/City/town/Village/Woreda (ADM3),Origin,,2026-02-19T10:44:56.158133Z,"Peru: 3 displacements (partially destroyed housing), 20 January - 20 January. According to IDMC calculations based on data from INDECI, on 20 January 2026, a total of 3 people were displaced by Flood which made uninhabitable one house. Instituto Nacional de Defensa Civil (INDECI) - 18 February 2026",,Flood
238415,Peru,PER,-6.7234922,-78.2823411,"[-6.7234922, -78.2823411]",Recommended figure,Disaster,total,17,2026-01-20,2026-01-20,2026-01-20,2026,40250,Peru: Dry mass movement - Cajamarca - 01/01/2026,,,2026-01-01,2026-01-31,Geophysical,Geophysical,Mass Movement,Dry mass movement,,Instituto Nacional de Defensa Civil (INDECI),,"La Libertad de Pallán, Province of Celendín, Cajamarca, Peru","-6.7234922, -78.2823411",County/City/town/Village/Woreda (ADM3),Origin,,2026-02-19T09:37:28.265737Z,"Peru: 17 displacements, 20 January - 20 January. According to IDMC calculations based on data from INDECI, on 20 January 2026, a total of 17 people were displaced by Dry mass movement which made uninhabitable or destroyed 5 houses. Instituto Nacional de Defensa Civil (INDECI) - 18 February 2026",,Mass Movement
238403,Peru,PER,-6.8654175,-78.1454655,"[-6.8654175, -78.1454655]",Recommended figure,Disaster,total,7,2026-01-20,2026-01-20,2026-01-20,2026,40259,Peru: Flood - Cajamarca - 01/01/2026,,,2026-01-01,2026-01-31,Weather related,Hydrological,Flood,Flood,,Instituto Nacional de Defensa Civil (INDECI),,"Celendín, Province of Celendín, Cajamarca, Peru","-6.8654175, -78.1454655",County/City/town/Village/Woreda (ADM3),Origin,,2026-02-19T09:37:23.007082Z,"Peru: 7 displacements (partially destroyed housing), 20 January - 20 January. According to IDMC calculations based on data from INDECI, on 20 January 2026, a total of 6 people were displaced by Flood which made uninhabitable 2 houses. Instituto Nacional de Defensa Civil (INDECI) - 18 February 2026",,Flood
237909,Peru,PER,-10.0101988,-77.5691553,"[-10.0101988, -77.5691553]",Recommended figure,Disaster,total,3,2026-01-20,2026-01-20,2026-01-20,2026,40264,Peru: Flood - Ancash - 01/01/2026,,,2026-01-01,2026-01-31,Weather related,Hydrological,Flood,Flood,,Instituto Nacional de Defensa Civil (INDECI),,"Tapacocha, Province of Recuay, Ancash, Peru","-10.0101988, -77.5691553",County/City/town/Village/Woreda (ADM3),Origin,,2026-02-19T08:59:37.935514Z,"Peru: 3 displacements (partially destroyed housing), 20 January - 20 January. According to IDMC calculations based on data from INDECI, on 20 January 2026, a total of 3 people were displaced by Flood which made uninhabitable one house. Instituto Nacional de Defensa Civil (INDECI) - 18 February 2026",,Flood
238257,Peru,PER,-14.0551088,-73.9096218,"[-14.0551088, -73.9096218]",Recommended figure,Disaster,total,45,2026-01-20,2026-01-20,2026-01-20,2026,40256,Peru: Flood - Ayacucho - 01/01/2026,,,2026-01-01,2026-01-31,Weather related,Hydrological,Flood,Flood,,Instituto Nacional de Defensa Civil (INDECI),,"Asquipata, Province of Víctor Fajardo, Ayacucho, Peru","-14.0551088, -73.9096218",County/City/town/Village/Woreda (ADM3),Origin,,2026-02-19T09:26:56.228325Z,"Peru: 45 displacements (partially destroyed housing), 20 January - 20 January. According to IDMC calculations based on data from INDECI, on 20 January 2026, a total of 44 people were displaced by Flood which made uninhabitable 13 houses. Instituto Nacional de Defensa Civil (INDECI) - 18 February 2026",,Flood
238584,Peru,PER,-13.1301673,-72.594278,"[-13.1301673, -72.594278]",Recommended figure,Disaster,total,7,2026-01-20,2026-01-20,2026-01-20,2026,40260,Peru: Flood - Cusco - 01/01/2026,,,2026-01-01,2026-01-31,Weather related,Hydrological,Flood,Flood,,Instituto Nacional de Defensa Civil (INDECI),,"Santa Teresa, Province of La Convención, Cusco, Peru","-13.1301673, -72.594278",County/City/town/Village/Woreda (ADM3),Origin,,2026-02-19T09:48:58.989567Z,"Peru: 7 displacements (partially destroyed housing), 20 January - 20 January. According to IDMC calculations based on data from INDECI, on 20 January 2026, a total of 6 people were displaced by Flood which made uninhabitable 2 houses. Instituto Nacional de Defensa Civil (INDECI) - 18 February 2026",,Flood
239214,Peru,PER,-14.9095426,-70.1956194,"[-14.9095426, -70.1956194]",Recommended figure,Disaster,total,3,2026-01-20,2026-01-20,2026-01-20,2026,40269,Peru: Flood - Puno - 01/01/2026,,,2026-01-01,2026-01-31,Weather related,Hydrological,Flood,Flood,,Instituto Nacional de Defensa Civil (INDECI),,"Azángaro, Province of Azángaro, Puno, Peru","-14.9095426, -70.1956194",County/City/town/Village/Woreda (ADM3),Origin,,2026-02-19T11:09:20.934887Z,"Peru: 3 displacements (partially destroyed housing), 20 January - 20 January. According to IDMC calculations based on data from INDECI, on 20 January 2026, a total of 3 people were displaced by Flood which made uninhabitable one house. Instituto Nacional de Defensa Civil (INDECI) - 18 February 2026",,Flood
238752,Peru,PER,-13.7368146,-75.2437,"[-13.7368146, -75.2437]",Recommended figure,Disaster,total,24,2026-01-20,2026-01-20,2026-01-20,2026,40263,Peru: Flood - Huancavelica - 01/01/2026,,,2026-01-01,2026-01-31,Weather related,Hydrological,Flood,Flood,,Instituto Nacional de Defensa Civil (INDECI),,"Santo Domingo de Capillas, Province of Huaytará, Huancavelica, Peru","-13.7368146, -75.2437",County/City/town/Village/Woreda (ADM3),Origin,,2026-02-19T10:15:33.613339Z,"Peru: 24 displacements (partially destroyed housing), 20 January - 20 January. According to IDMC calculations based on data from INDECI, on 20 January 2026, a total of 24 people were displaced by Flood which made uninhabitable 7 houses. Instituto Nacional de Defensa Civil (INDECI) - 18 February 2026",,Flood
238172,Peru,PER,-12.86025,-73.72074,"[-12.86025, -73.72074]",Recommended figure,Disaster,total,3,2026-01-20,2026-01-20,2026-01-20,2026,40256,Peru: Flood - Ayacucho - 01/01/2026,,,2026-01-01,2026-01-31,Weather related,Hydrological,Flood,Flood,,Instituto Nacional de Defensa Civil (INDECI),,"Samugari, La Mar Province, Ayacucho, Peru","-12.86025, -73.72074",County/City/town/Village/Woreda (ADM3),Origin,,2026-02-19T09:17:09.329845Z,"Peru: 3 displacements (partially destroyed housing), 20 January - 20 January. According to IDMC calculations based on data from INDECI, on 20 January 2026, a total of 3 people were displaced by Flood which made uninhabitable one house. Instituto Nacional de Defensa Civil (INDECI) - 18 February 2026",,Flood
238583,Peru,PER,-12.6203873,-73.7885096,"[-12.6203873, -73.7885096]",Recommended figure,Disaster,total,21,2026-01-20,2026-01-20,2026-01-20,2026,40260,Peru: Flood - Cusco - 01/01/2026,,,2026-01-01,2026-01-31,Weather related,Hydrological,Flood,Flood,,Instituto Nacional de Defensa Civil (INDECI),,"Kimbiri, Province of La Convención, Cusco, Peru","-12.6203873, -73.7885096",County/City/town/Village/Woreda (ADM3),Origin,,2026-02-19T09:48:58.936234Z,"Peru: 21 displacements, 20 January - 20 January. According to IDMC calculations based on data from INDECI, on 20 January 2026, a total of 20 people were displaced by Flood which made uninhabitable or destroyed 6 houses. Instituto Nacional de Defensa Civil (INDECI) - 18 February 2026",,Flood
238136,Peru,PER,-15.21327,-72.7853,"[-15.21327, -72.7853]",Recommended figure,Disaster,total,10,2026-01-20,2026-01-20,2026-01-20,2026,40275,Peru: Flood - Arequipa - 01/01/2026,,,2026-01-01,2026-01-31,Weather related,Hydrological,Flood,Flood,,Instituto Nacional de Defensa Civil (INDECI),,"Tomepampa, La Unión Province, Arequipa, Peru","-15.21327, -72.7853",County/City/town/Village/Woreda (ADM3),Origin,,2026-02-19T09:17:00.115078Z,"Peru: 10 displacements (partially destroyed housing), 20 January - 20 January. According to IDMC calculations based on data from INDECI, on 20 January 2026, a total of 10 people were displaced by Flood which made uninhabitable 3 houses. Instituto Nacional de Defensa Civil (INDECI) - 18 February 2026",,Flood
237892,Peru,PER,-6.5731418,-77.8656837,"[-6.5731418, -77.8656837]",Recommended figure,Disaster,total,3,2026-01-20,2026-01-20,2026-01-20,2026,40265,Peru: Flood - Amazonas - 01/01/2026,,,2026-01-01,2026-01-31,Weather related,Hydrological,Flood,Flood,,Instituto Nacional de Defensa Civil (INDECI),,"Santo Tomás, Province of Luya, Amazonas, Peru","-6.5731418, -77.8656837",County/City/town/Village/Woreda (ADM3),Origin,,2026-02-19T08:59:36.148624Z,"Peru: 3 displacements (destroyed housing), 20 January - 20 January. According to IDMC calculations based on data from INDECI, on 20 January 2026, a total of 3 people were displaced by Flood which destroyed one house. Instituto Nacional de Defensa Civil (INDECI) - 18 February 2026",,Flood
239236,Peru,PER,-5.8696697,-77.4574933,"[-5.8696697, -77.4574933]",Recommended figure,Disaster,total,3,2026-01-20,2026-01-20,2026-01-20,2026,40266,Peru: Flood - San Martín - 01/01/2026,,,2026-01-01,2026-01-31,Weather related,Hydrological,Flood,Flood,,Instituto Nacional de Defensa Civil (INDECI),,"Awajún, Province of Rioja, San Martín, Peru","-5.8696697, -77.4574933",County/City/town/Village/Woreda (ADM3),Origin,,2026-02-19T11:09:26.707155Z,"Peru: 3 displacements (partially destroyed housing), 20 January - 20 January. According to IDMC calculations based on data from INDECI, on 20 January 2026, a total of 3 people were displaced by Flood which made uninhabitable one house. Instituto Nacional de Defensa Civil (INDECI) - 18 February 2026",,Flood
238607,Peru,PER,-12.7270517,-74.7150305,"[-12.7270517, -74.7150305]",Recommended figure,Disaster,total,28,2026-01-20,2026-01-20,2026-01-20,2026,40263,Peru: Flood - Huancavelica - 01/01/2026,,,2026-01-01,2026-01-31,Weather related,Hydrological,Flood,Flood,,Instituto Nacional de Defensa Civil (INDECI),,"Paucará, Province of Acobamba, Huancavelica, Peru","-12.7270517, -74.7150305",County/City/town/Village/Woreda (ADM3),Origin,,2026-02-19T10:01:46.758861Z,"Peru: 28 displacements, 20 January - 20 January. According to IDMC calculations based on data from INDECI, on 20 January 2026, a total of 27 people were displaced by Flood which made uninhabitable or destroyed 8 houses. Instituto Nacional de Defensa Civil (INDECI) - 18 February 2026",,Flood
238547,Peru,PER,-5.9788585,-79.068558,"[-5.9788585, -79.068558]",Recommended figure,Disaster,total,14,2026-01-20,2026-01-20,2026-01-20,2026,40296,Peru: Storm - Cajamarca - 01/01/2026,,,2026-01-01,2026-01-31,Weather related,Meteorological,Storm,Storm,,Instituto Nacional de Defensa Civil (INDECI),,"Colasay, Province of Jaén, Cajamarca, Peru","-5.9788585, -79.068558",County/City/town/Village/Woreda (ADM3),Origin,,2026-02-19T09:48:52.837611Z,"Peru: 14 displacements (destroyed housing), 20 January - 20 January. According to IDMC calculations based on data from INDECI, on 20 January 2026, a total of 13 people were displaced by Storm which destroyed 4 houses. Instituto Nacional de Defensa Civil (INDECI) - 18 February 2026",,Storm
238577,Peru,PER,-12.52241476530597,-72.40806882690907,"[-12.52241476530597, -72.40806882690907]",Recommended figure,Disaster,total,3,2026-01-19,2026-01-19,2026-01-19,2026,40260,Peru: Flood - Cusco - 01/01/2026,,,2026-01-01,2026-01-31,Weather related,Hydrological,Flood,Flood,,Instituto Nacional de Defensa Civil (INDECI),,"Quellouno, La convención, Cusco","-12.52241476530597, -72.40806882690907",County/City/town/Village/Woreda (ADM3),Origin,,2026-02-19T09:48:58.654178Z,"Peru: 3 displacements (partially destroyed housing), 19 January - 19 January. According to IDMC calculations based on data from INDECI, on 19 January 2026, a total of 3 people were displaced by Flood which made uninhabitable one house. Instituto Nacional de Defensa Civil (INDECI) - 18 February 2026",,Flood
237900,Peru,PER,-9.0943804,-77.3291264,"[-9.0943804, -77.3291264]",Recommended figure,Disaster,total,3,2026-01-19,2026-01-19,2026-01-19,2026,40264,Peru: Flood - Ancash - 01/01/2026,,,2026-01-01,2026-01-31,Weather related,Hydrological,Flood,Flood,,Instituto Nacional de Defensa Civil (INDECI),,"San Luis, Province of Carlos Fermín Fitzcarrald, Ancash, Peru","-9.0943804, -77.3291264",County/City/town/Village/Woreda (ADM3),Origin,,2026-02-19T08:59:37.352893Z,"Peru: 3 displacements (destroyed housing), 19 January - 19 January. According to IDMC calculations based on data from INDECI, on 19 January 2026, a total of 3 people were displaced by Flood which destroyed one house. Instituto Nacional de Defensa Civil (INDECI) - 18 February 2026",,Flood
238758,Peru,PER,-12.3652754,-75.0547686,"[-12.3652754, -75.0547686]",Recommended figure,Disaster,total,7,2026-01-19,2026-01-19,2026-01-19,2026,40263,Peru: Flood - Huancavelica - 01/01/2026,,,2026-01-01,2026-01-31,Weather related,Hydrological,Flood,Flood,,Instituto Nacional de Defensa Civil (INDECI),,"Acostambo, Province of Tayacaja, Huancavelica, Peru","-12.3652754, -75.0547686",County/City/town/Village/Woreda (ADM3),Origin,,2026-02-19T10:15:34.387723Z,"Peru: 7 displacements (partially destroyed housing), 19 January - 19 January. According to IDMC calculations based on data from INDECI, on 19 January 2026, a total of 6 people were displaced by Flood which made uninhabitable 2 houses. Instituto Nacional de Defensa Civil (INDECI) - 18 February 2026",,Flood
238770,Peru,PER,-9.3947394,-76.0248833,"[-9.3947394, -76.0248833]",Recommended figure,Disaster,total,7,2026-01-19,2026-01-19,2026-01-19,2026,40246,Peru: Dry mass movement - Huánuco - 01/01/2026,,,2026-01-01,2026-01-31,Geophysical,Geophysical,Mass Movement,Dry mass movement,,Instituto Nacional de Defensa Civil (INDECI),,"Mariano Dámaso Beraún, Province of Leoncio Prado, Huánuco, Peru","-9.3947394, -76.0248833",County/City/town/Village/Woreda (ADM3),Origin,,2026-02-19T10:15:44.835788Z,"Peru: 7 displacements (destroyed housing), 19 January - 19 January. According to IDMC calculations based on data from INDECI, on 19 January 2026, a total of 6 people were displaced by Dry mass movement which destroyed 2 houses. Instituto Nacional de Defensa Civil (INDECI) - 18 February 2026",,Mass Movement
238777,Peru,PER,-11.059485,-75.4993163,"[-11.059485, -75.4993163]",Recommended figure,Disaster,total,3,2026-01-19,2026-01-19,2026-01-19,2026,40262,Peru: Flood - Junín - 01/01/2026,,,2026-01-01,2026-01-31,Weather related,Hydrological,Flood,Flood,,Instituto Nacional de Defensa Civil (INDECI),,"Chanchamayo, Province of Chanchamayo, Junín, Peru","-11.059485, -75.4993163",County/City/town/Village/Woreda (ADM3),Origin,,2026-02-19T10:15:45.884203Z,"Peru: 3 displacements (partially destroyed housing), 19 January - 19 January. According to IDMC calculations based on data from INDECI, on 19 January 2026, a total of 3 people were displaced by Flood which made uninhabitable one house. Instituto Nacional de Defensa Civil (INDECI) - 18 February 2026",,Flood
238617,Peru,PER,-12.9423943,-74.701823,"[-12.9423943, -74.701823]",Recommended figure,Disaster,total,31,2026-01-19,2026-01-19,2026-01-19,2026,40263,Peru: Flood - Huancavelica - 01/01/2026,,,2026-01-01,2026-01-31,Weather related,Hydrological,Flood,Flood,,Instituto Nacional de Defensa Civil (INDECI),,"Huayllay Grande, Province of Angaraes, Huancavelica, Peru","-12.9423943, -74.701823",County/City/town/Village/Woreda (ADM3),Origin,,2026-02-19T10:01:51.858254Z,"Peru: 31 displacements (partially destroyed housing), 19 January - 19 January. According to IDMC calculations based on data from INDECI, on 19 January 2026, a total of 31 people were displaced by Flood which made uninhabitable 9 houses. Instituto Nacional de Defensa Civil (INDECI) - 18 February 2026",,Flood
238269,Peru,PER,-13.8008867,-73.9040554,"[-13.8008867, -73.9040554]",Recommended figure,Disaster,total,7,2026-01-19,2026-01-19,2026-01-19,2026,40256,Peru: Flood - Ayacucho - 01/01/2026,,,2026-01-01,2026-01-31,Weather related,Hydrological,Flood,Flood,,Instituto Nacional de Defensa Civil (INDECI),,"Accomarca, Province of Vilcas Huamán, Ayacucho, Peru","-13.8008867, -73.9040554",County/City/town/Village/Woreda (ADM3),Origin,,2026-02-19T09:26:57.906266Z,"Peru: 7 displacements (partially destroyed housing), 19 January - 19 January. According to IDMC calculations based on data from INDECI, on 19 January 2026, a total of 6 people were displaced by Flood which made uninhabitable 2 houses. Instituto Nacional de Defensa Civil (INDECI) - 18 February 2026",,Flood
237970,Peru,PER,-8.3261608,-77.5817182,"[-8.3261608, -77.5817182]",Recommended figure,Disaster,total,7,2026-01-19,2026-01-19,2026-01-19,2026,40264,Peru: Flood - Ancash - 01/01/2026,,,2026-01-01,2026-01-31,Weather related,Hydrological,Flood,Flood,,Instituto Nacional de Defensa Civil (INDECI),,"Acobamba, Province of Sihuas, Ancash, Peru","-8.3261608, -77.5817182",County/City/town/Village/Woreda (ADM3),Origin,,2026-02-19T09:07:54.003729Z,"Peru: 7 displacements, 19 January - 19 January. According to IDMC calculations based on data from INDECI, on 19 January 2026, a total of 6 people were displaced by Flood which made uninhabitable or destroyed 2 houses. Instituto Nacional de Defensa Civil (INDECI) - 18 February 2026",,Flood
239210,Peru,PER,-5.2106747,-80.0883637,"[-5.2106747, -80.0883637]",Recommended figure,Disaster,total,52,2026-01-19,2026-01-19,2026-01-19,2026,40273,Peru: Flood - Piura - 01/01/2026,,,2026-01-01,2026-01-31,Weather related,Hydrological,Flood,Flood,,Instituto Nacional de Defensa Civil (INDECI),,"La Matanza, Province of Morropón, Piura, Peru","-5.2106747, -80.0883637",County/City/town/Village/Woreda (ADM3),Origin,,2026-02-19T11:09:20.668472Z,"Peru: 52 displacements (partially destroyed housing), 19 January - 19 January. According to IDMC calculations based on data from INDECI, on 19 January 2026, a total of 51 people were displaced by Flood which made uninhabitable 15 houses. Instituto Nacional de Defensa Civil (INDECI) - 18 February 2026",,Flood
238437,Peru,PER,-6.68221,-78.5201491,"[-6.68221, -78.5201491]",Recommended figure,Disaster,total,17,2026-01-19,2026-01-19,2026-01-19,2026,40259,Peru: Flood - Cajamarca - 01/01/2026,,,2026-01-01,2026-01-31,Weather related,Hydrological,Flood,Flood,,Instituto Nacional de Defensa Civil (INDECI),,"Bambamarca, Province of Hualgayoc, Cajamarca, Peru","-6.68221, -78.5201491",County/City/town/Village/Woreda (ADM3),Origin,,2026-02-19T09:37:29.292602Z,"Peru: 17 displacements (partially destroyed housing), 19 January - 19 January. According to IDMC calculations based on data from INDECI, on 19 January 2026, a total of 17 people were displaced by Flood which made uninhabitable 5 houses. Instituto Nacional de Defensa Civil (INDECI) - 18 February 2026",,Flood
238426,Peru,PER,-6.5031727,-78.4797597,"[-6.5031727, -78.4797597]",Recommended figure,Disaster,total,3,2026-01-19,2026-01-19,2026-01-19,2026,40259,Peru: Flood - Cajamarca - 01/01/2026,,,2026-01-01,2026-01-31,Weather related,Hydrological,Flood,Flood,,Instituto Nacional de Defensa Civil (INDECI),,"Chalamarca, Province of Chota, Cajamarca, Peru","-6.5031727, -78.4797597",County/City/town/Village/Woreda (ADM3),Origin,,2026-02-19T09:37:28.806707Z,"Peru: 3 displacements (partially destroyed housing), 19 January - 19 January. According to IDMC calculations based on data from INDECI, on 19 January 2026, a total of 3 people were displaced by Flood which made uninhabitable one house. Instituto Nacional de Defensa Civil (INDECI) - 18 February 2026",,Flood
238392,Peru,PER,-7.6238807,-78.0464077,"[-7.6238807, -78.0464077]",Recommended figure,Disaster,total,7,2026-01-19,2026-01-19,2026-01-19,2026,40259,Peru: Flood - Cajamarca - 01/01/2026,,,2026-01-01,2026-01-31,Weather related,Hydrological,Flood,Flood,,Instituto Nacional de Defensa Civil (INDECI),,"Cajabamba, Province of Cajabamba, Cajamarca, Peru","-7.6238807, -78.0464077",County/City/town/Village/Woreda (ADM3),Origin,,2026-02-19T09:37:22.354631Z,"Peru: 7 displacements (partially destroyed housing), 19 January - 19 January. According to IDMC calculations based on data from INDECI, on 19 January 2026, a total of 6 people were displaced by Flood which made uninhabitable 2 houses. Instituto Nacional de Defensa Civil (INDECI) - 18 February 2026",,Flood
238624,Peru,PER,-13.119588,-75.4995574,"[-13.119588, -75.4995574]",Recommended figure,Disaster,total,21,2026-01-19,2026-01-19,2026-01-19,2026,40263,Peru: Flood - Huancavelica - 01/01/2026,,,2026-01-01,2026-01-31,Weather related,Hydrological,Flood,Flood,,Instituto Nacional de Defensa Civil (INDECI),,"Arma, Province of Castrovirreyna, Huancavelica, Peru","-13.119588, -75.4995574",County/City/town/Village/Woreda (ADM3),Origin,,2026-02-19T10:01:52.222626Z,"Peru: 21 displacements (partially destroyed housing), 19 January - 19 January. According to IDMC calculations based on data from INDECI, on 19 January 2026, a total of 20 people were displaced by Flood which made uninhabitable 6 houses. Instituto Nacional de Defensa Civil (INDECI) - 18 February 2026",,Flood
238233,Peru,PER,-13.34633,-73.39261,"[-13.34633, -73.39261]",Recommended figure,Disaster,total,7,2026-01-19,2026-01-19,2026-01-19,2026,40302,Peru: Storm - Ayacucho - 01/01/2026,,,2026-01-01,2026-01-31,Weather related,Meteorological,Storm,Storm,,Instituto Nacional de Defensa Civil (INDECI),,"Oronccoy, La Mar Province, Ayacucho, Peru","-13.34633, -73.39261",County/City/town/Village/Woreda (ADM3),Origin,,2026-02-19T09:26:49.996435Z,"Peru: 7 displacements (partially destroyed housing), 19 January - 19 January. According to IDMC calculations based on data from INDECI, on 19 January 2026, a total of 6 people were displaced by Storm which made uninhabitable 2 houses. Instituto Nacional de Defensa Civil (INDECI) - 18 February 2026",,Storm
238135,Peru,PER,-15.21327,-72.7853,"[-15.21327, -72.7853]",Recommended figure,Disaster,total,3,2026-01-18,2026-01-18,2026-01-18,2026,40275,Peru: Flood - Arequipa - 01/01/2026,,,2026-01-01,2026-01-31,Weather related,Hydrological,Flood,Flood,,Instituto Nacional de Defensa Civil (INDECI),,"Tomepampa, La Unión Province, Arequipa, Peru","-15.21327, -72.7853",County/City/town/Village/Woreda (ADM3),Origin,,2026-02-19T09:17:00.052737Z,"Peru: 3 displacements (partially destroyed housing), 18 January - 18 January. According to IDMC calculations based on data from INDECI, on 18 January 2026, a total of 3 people were displaced by Flood which made uninhabitable one house. Instituto Nacional de Defensa Civil (INDECI) - 18 February 2026",,Flood
237896,Peru,PER,-9.1620773,-77.3660887,"[-9.1620773, -77.3660887]",Recommended figure,Disaster,total,3,2026-01-18,2026-01-18,2026-01-18,2026,40264,Peru: Flood - Ancash - 01/01/2026,,,2026-01-01,2026-01-31,Weather related,Hydrological,Flood,Flood,,Instituto Nacional de Defensa Civil (INDECI),,"Chacas, Province of Asunción, Ancash, Peru","-9.1620773, -77.3660887",County/City/town/Village/Woreda (ADM3),Origin,,2026-02-19T08:59:36.758371Z,"Peru: 3 displacements (partially destroyed housing), 18 January - 18 January. According to IDMC calculations based on data from INDECI, on 18 January 2026, a total of 3 people were displaced by Flood which made uninhabitable one house. Instituto Nacional de Defensa Civil (INDECI) - 18 February 2026",,Flood
239497,Peru,PER,-6.46767,-76.2716973,"[-6.46767, -76.2716973]",Recommended figure,Disaster,total,3,2026-01-18,2026-01-18,2026-01-18,2026,40291,Peru: Storm - San Martín - 01/01/2026,,,2026-01-01,2026-01-31,Weather related,Meteorological,Storm,Storm,,Instituto Nacional de Defensa Civil (INDECI),,"La Banda de Shilcayo, Province of San Martín, San Martín, Peru","-6.46767, -76.2716973",County/City/town/Village/Woreda (ADM3),Origin,,2026-02-19T11:46:52.336660Z,"Peru: 3 displacements (partially destroyed housing), 18 January - 18 January. According to IDMC calculations based on data from INDECI, on 18 January 2026, a total of 3 people were displaced by Storm which made uninhabitable one house. Instituto Nacional de Defensa Civil (INDECI) - 18 February 2026",,Storm
238421,Peru,PER,-6.5614846,-78.6509551,"[-6.5614846, -78.6509551]",Recommended figure,Disaster,total,3,2026-01-18,2026-01-18,2026-01-18,2026,40259,Peru: Flood - Cajamarca - 01/01/2026,,,2026-01-01,2026-01-31,Weather related,Hydrological,Flood,Flood,,Instituto Nacional de Defensa Civil (INDECI),,"Chota, Province of Chota, Cajamarca, Peru","-6.5614846, -78.6509551",County/City/town/Village/Woreda (ADM3),Origin,,2026-02-19T09:37:28.570694Z,"Peru: 3 displacements (partially destroyed housing), 18 January - 18 January. According to IDMC calculations based on data from INDECI, on 18 January 2026, a total of 3 people were displaced by Flood which made uninhabitable one house. Instituto Nacional de Defensa Civil (INDECI) - 18 February 2026",,Flood
238410,Peru,PER,-6.5132567,-78.3289876,"[-6.5132567, -78.3289876]",Recommended figure,Disaster,total,45,2026-01-18,2026-01-18,2026-01-18,2026,40259,Peru: Flood - Cajamarca - 01/01/2026,,,2026-01-01,2026-01-31,Weather related,Hydrological,Flood,Flood,,Instituto Nacional de Defensa Civil (INDECI),,"Cortegana, Province of Celendín, Cajamarca, Peru","-6.5132567, -78.3289876",County/City/town/Village/Woreda (ADM3),Origin,,2026-02-19T09:37:23.411160Z,"Peru: 45 displacements, 18 January - 18 January. According to IDMC calculations based on data from INDECI, on 18 January 2026, a total of 44 people were displaced by Flood which made uninhabitable or destroyed 13 houses. Instituto Nacional de Defensa Civil (INDECI) - 18 February 2026",,Flood
238401,Peru,PER,-6.8654175,-78.1454655,"[-6.8654175, -78.1454655]",Recommended figure,Disaster,total,3,2026-01-18,2026-01-18,2026-01-18,2026,40259,Peru: Flood - Cajamarca - 01/01/2026,,,2026-01-01,2026-01-31,Weather related,Hydrological,Flood,Flood,,Instituto Nacional de Defensa Civil (INDECI),,"Celendín, Province of Celendín, Cajamarca, Peru","-6.8654175, -78.1454655",County/City/town/Village/Woreda (ADM3),Origin,,2026-02-19T09:37:22.907490Z,"Peru: 3 displacements (destroyed housing), 18 January - 18 January. According to IDMC calculations based on data from INDECI, on 18 January 2026, a total of 3 people were displaced by Flood which destroyed one house. Instituto Nacional de Defensa Civil (INDECI) - 18 February 2026",,Flood
237994,Peru,PER,-13.4031774,-73.6683759,"[-13.4031774, -73.6683759]",Recommended figure,Disaster,total,3,2026-01-18,2026-01-18,2026-01-18,2026,40267,Peru: Flood - Apurímac - 01/01/2026,,,2026-01-01,2026-01-31,Weather related,Hydrological,Flood,Flood,,Instituto Nacional de Defensa Civil (INDECI),,"Ongoy, Province of Chincheros, Apurímac, Peru","-13.4031774, -73.6683759",County/City/town/Village/Woreda (ADM3),Origin,,2026-02-19T09:08:03.339826Z,"Peru: 3 displacements (partially destroyed housing), 18 January - 18 January. According to IDMC calculations based on data from INDECI, on 18 January 2026, a total of 3 people were displaced by Flood which made uninhabitable one house. Instituto Nacional de Defensa Civil (INDECI) - 18 February 2026",,Flood
238005,Peru,PER,-14.1054248,-72.7079361,"[-14.1054248, -72.7079361]",Recommended figure,Disaster,total,3,2026-01-18,2026-01-18,2026-01-18,2026,40267,Peru: Flood - Apurímac - 01/01/2026,,,2026-01-01,2026-01-31,Weather related,Hydrological,Flood,Flood,,Instituto Nacional de Defensa Civil (INDECI),,"Chuquibambilla, Province of Grau, Apurímac, Peru","-14.1054248, -72.7079361",County/City/town/Village/Woreda (ADM3),Origin,,2026-02-19T09:08:04.276142Z,"Peru: 3 displacements (partially destroyed housing), 18 January - 18 January. According to IDMC calculations based on data from INDECI, on 18 January 2026, a total of 3 people were displaced by Flood which made uninhabitable one house. Instituto Nacional de Defensa Civil (INDECI) - 18 February 2026",,Flood
238126,Peru,PER,-16.448679,-71.3592378,"[-16.448679, -71.3592378]",Recommended figure,Disaster,total,28,2026-01-18,2026-01-18,2026-01-18,2026,40275,Peru: Flood - Arequipa - 01/01/2026,,,2026-01-01,2026-01-31,Weather related,Hydrological,Flood,Flood,,Instituto Nacional de Defensa Civil (INDECI),,"Characato, Province of Arequipa, Arequipa, Peru","-16.448679, -71.3592378",County/City/town/Village/Woreda (ADM3),Origin,,2026-02-19T09:16:59.497553Z,"Peru: 28 displacements (partially destroyed housing), 18 January - 18 January. According to IDMC calculations based on data from INDECI, on 18 January 2026, a total of 27 people were displaced by Flood which made uninhabitable 8 houses. Instituto Nacional de Defensa Civil (INDECI) - 18 February 2026",,Flood
237905,Peru,PER,-8.8204778,-77.4603745,"[-8.8204778, -77.4603745]",Recommended figure,Disaster,total,107,2026-01-18,2026-01-18,2026-01-18,2026,40264,Peru: Flood - Ancash - 01/01/2026,,,2026-01-01,2026-01-31,Weather related,Hydrological,Flood,Flood,,Instituto Nacional de Defensa Civil (INDECI),,"Pomabamba, Province of Pomabamba, Ancash, Peru","-8.8204778, -77.4603745",County/City/town/Village/Woreda (ADM3),Origin,,2026-02-19T08:59:37.733622Z,"Peru: 107 displacements (partially destroyed housing), 18 January - 18 January. According to IDMC calculations based on data from INDECI, on 18 January 2026, a total of 107 people were displaced by Flood which made uninhabitable 31 houses. Instituto Nacional de Defensa Civil (INDECI) - 18 February 2026",,Flood
238996,Peru,PER,-7.8670293,-74.8994093,"[-7.8670293, -74.8994093]",Recommended figure,Disaster,total,668,2026-01-18,2026-01-18,2026-01-18,2026,40305,Peru: Erosion - Loreto - 01/01/2026,,,2026-01-01,2026-01-31,Weather related,Climatological,Erosion,Erosion,,Instituto Nacional de Defensa Civil (INDECI),,"Padre Márquez, Province of Ucayali, Loreto, Peru","-7.8670293, -74.8994093",County/City/town/Village/Woreda (ADM3),Origin,,2026-02-19T10:44:57.684431Z,"Peru: 668 displacements (partially destroyed housing), 18 January - 18 January. According to IDMC calculations based on data from INDECI, on 18 January 2026, a total of 667 people were displaced by Erosion which made uninhabitable 193 houses. Instituto Nacional de Defensa Civil (INDECI) - 18 February 2026",,Erosion
239511,Peru,PER,-8.7161844,-74.3136574,"[-8.7161844, -74.3136574]",Recommended figure,Disaster,total,3,2026-01-18,2026-01-18,2026-01-18,2026,40289,Peru: Storm - Ucayali - 01/01/2026,,,2026-01-01,2026-01-31,Weather related,Meteorological,Storm,Storm,,Instituto Nacional de Defensa Civil (INDECI),,"Masisea, Province of Coronel Portillo, Ucayali, Peru","-8.7161844, -74.3136574",County/City/town/Village/Woreda (ADM3),Origin,,2026-02-19T11:46:52.967336Z,"Peru: 3 displacements (destroyed housing), 18 January - 18 January. According to IDMC calculations based on data from INDECI, on 18 January 2026, a total of 3 people were displaced by Storm which destroyed one house. Instituto Nacional de Defensa Civil (INDECI) - 18 February 2026",,Storm
239074,Peru,PER,-10.4151535,-76.2352369,"[-10.4151535, -76.2352369]",Recommended figure,Disaster,total,3,2026-01-18,2026-01-18,2026-01-18,2026,40237,Peru: Mixed disasters - Pasco (pallanchacra) - 18/01/2026,,,2026-01-18,2026-01-18,Mixed disasters,Mixed disasters,Mixed disasters,Mixed disasters,,Instituto Nacional de Defensa Civil (INDECI),,"Pallanchacra, Province of Pasco, Pasco, Peru","-10.4151535, -76.2352369",County/City/town/Village/Woreda (ADM3),Origin,,2026-02-19T10:55:34.033309Z,"Peru: 3 displacements (partially destroyed housing), 18 January - 18 January. According to IDMC calculations based on data from INDECI, on 18 January 2026, a total of 3 people were displaced by Mixed disasters which made uninhabitable one house. Instituto Nacional de Defensa Civil (INDECI) - 18 February 2026",,Mixed disasters
238140,Peru,PER,-13.12272,-74.20908,"[-13.12272, -74.20908]",Recommended figure,Disaster,total,3,2026-01-18,2026-01-18,2026-01-18,2026,40235,Peru: Mixed disasters - Ayacucho (jesus Nazareno) - 18/01/2026,,,2026-01-18,2026-01-18,Mixed disasters,Mixed disasters,Mixed disasters,Mixed disasters,,Instituto Nacional de Defensa Civil (INDECI),,"Jesus Nazareno, Huamanga Province, Ayacucho, Peru","-13.12272, -74.20908",County/City/town/Village/Woreda (ADM3),Origin,,2026-02-19T09:17:00.401832Z,"Peru: 3 displacements (partially destroyed housing), 18 January - 18 January. According to IDMC calculations based on data from INDECI, on 18 January 2026, a total of 3 people were displaced by Mixed disasters which made uninhabitable one house. Instituto Nacional de Defensa Civil (INDECI) - 18 February 2026",,Mixed disasters
237880,Peru,PER,-6.4139592,-77.9686057,"[-6.4139592, -77.9686057]",Recommended figure,Disaster,total,7,2026-01-17,2026-01-17,2026-01-17,2026,40265,Peru: Flood - Amazonas - 01/01/2026,,,2026-01-01,2026-01-31,Weather related,Hydrological,Flood,Flood,,Instituto Nacional de Defensa Civil (INDECI),,"Longuita, Province of Luya, Amazonas, Peru","-6.4139592, -77.9686057",County/City/town/Village/Woreda (ADM3),Origin,,2026-02-19T08:59:29.323836Z,"Peru: 7 displacements (partially destroyed housing), 17 January - 17 January. According to IDMC calculations based on data from INDECI, on 17 January 2026, a total of 6 people were displaced by Flood which made uninhabitable 2 houses. Instituto Nacional de Defensa Civil (INDECI) - 18 February 2026",,Flood
238419,Peru,PER,-6.5614846,-78.6509551,"[-6.5614846, -78.6509551]",Recommended figure,Disaster,total,3,2026-01-17,2026-01-17,2026-01-17,2026,40250,Peru: Dry mass movement - Cajamarca - 01/01/2026,,,2026-01-01,2026-01-31,Geophysical,Geophysical,Mass Movement,Dry mass movement,,Instituto Nacional de Defensa Civil (INDECI),,"Chota, Province of Chota, Cajamarca, Peru","-6.5614846, -78.6509551",County/City/town/Village/Woreda (ADM3),Origin,,2026-02-19T09:37:28.469833Z,"Peru: 3 displacements (partially destroyed housing), 17 January - 17 January. According to IDMC calculations based on data from INDECI, on 17 January 2026, a total of 3 people were displaced by Dry mass movement which made uninhabitable one house. Instituto Nacional de Defensa Civil (INDECI) - 18 February 2026",,Mass Movement
238147,Peru,PER,-13.9202424,-74.3345526,"[-13.9202424, -74.3345526]",Recommended figure,Disaster,total,10,2026-01-17,2026-01-17,2026-01-17,2026,40256,Peru: Flood - Ayacucho - 01/01/2026,,,2026-01-01,2026-01-31,Weather related,Hydrological,Flood,Flood,,Instituto Nacional de Defensa Civil (INDECI),,"Huanca Sancos, Huanca Sancos Province, Ayacucho, Peru","-13.9202424, -74.3345526",County/City/town/Village/Woreda (ADM3),Origin,,2026-02-19T09:17:01.062205Z,"Peru: 10 displacements (partially destroyed housing), 17 January - 17 January. According to IDMC calculations based on data from INDECI, on 17 January 2026, a total of 10 people were displaced by Flood which made uninhabitable 3 houses. Instituto Nacional de Defensa Civil (INDECI) - 18 February 2026",,Flood
238561,Peru,PER,-6.7565331,-78.8246992,"[-6.7565331, -78.8246992]",Recommended figure,Disaster,total,3,2026-01-17,2026-01-17,2026-01-17,2026,40250,Peru: Dry mass movement - Cajamarca - 01/01/2026,,,2026-01-01,2026-01-31,Geophysical,Geophysical,Mass Movement,Dry mass movement,,Instituto Nacional de Defensa Civil (INDECI),,"Tongod, Province of San Miguel, Cajamarca, Peru","-6.7565331, -78.8246992",County/City/town/Village/Woreda (ADM3),Origin,,2026-02-19T09:48:53.522816Z,"Peru: 3 displacements (partially destroyed housing), 17 January - 17 January. According to IDMC calculations based on data from INDECI, on 17 January 2026, a total of 3 people were displaced by Dry mass movement which made uninhabitable one house. Instituto Nacional de Defensa Civil (INDECI) - 18 February 2026",,Mass Movement
238559,Peru,PER,-6.8259071,-78.7803412,"[-6.8259071, -78.7803412]",Recommended figure,Disaster,total,7,2026-01-17,2026-01-17,2026-01-17,2026,40259,Peru: Flood - Cajamarca - 01/01/2026,,,2026-01-01,2026-01-31,Weather related,Hydrological,Flood,Flood,,Instituto Nacional de Defensa Civil (INDECI),,"Catilluc, Province of San Miguel, Cajamarca, Peru","-6.8259071, -78.7803412",County/City/town/Village/Woreda (ADM3),Origin,,2026-02-19T09:48:53.415309Z,"Peru: 7 displacements (destroyed housing), 17 January - 17 January. According to IDMC calculations based on data from INDECI, on 17 January 2026, a total of 6 people were displaced by Flood which destroyed 2 houses. Instituto Nacional de Defensa Civil (INDECI) - 18 February 2026",,Flood
238150,Peru,PER,-12.8269938,-74.1115777,"[-12.8269938, -74.1115777]",Recommended figure,Disaster,total,10,2026-01-17,2026-01-17,2026-01-17,2026,40256,Peru: Flood - Ayacucho - 01/01/2026,,,2026-01-01,2026-01-31,Weather related,Hydrological,Flood,Flood,,Instituto Nacional de Defensa Civil (INDECI),,"Uchuraccay, Province of Huanta, Ayacucho, Peru","-12.8269938, -74.1115777",County/City/town/Village/Woreda (ADM3),Origin,,2026-02-19T09:17:08.126043Z,"Peru: 10 displacements (partially destroyed housing), 17 January - 17 January. According to IDMC calculations based on data from INDECI, on 17 January 2026, a total of 10 people were displaced by Flood which made uninhabitable 3 houses. Instituto Nacional de Defensa Civil (INDECI) - 18 February 2026",,Flood
238762,Peru,PER,-12.201982,-74.7807505,"[-12.201982, -74.7807505]",Recommended figure,Disaster,total,3,2026-01-17,2026-01-17,2026-01-17,2026,40263,Peru: Flood - Huancavelica - 01/01/2026,,,2026-01-01,2026-01-31,Weather related,Hydrological,Flood,Flood,,Instituto Nacional de Defensa Civil (INDECI),,"Salcabamba, Province of Tayacaja, Huancavelica, Peru","-12.201982, -74.7807505",County/City/town/Village/Woreda (ADM3),Origin,,2026-02-19T10:15:34.926984Z,"Peru: 3 displacements (destroyed housing), 17 January - 17 January. According to IDMC calculations based on data from INDECI, on 17 January 2026, a total of 3 people were displaced by Flood which destroyed one house. Instituto Nacional de Defensa Civil (INDECI) - 18 February 2026",,Flood
238751,Peru,PER,-13.7368146,-75.2437,"[-13.7368146, -75.2437]",Recommended figure,Disaster,total,24,2026-01-17,2026-01-17,2026-01-17,2026,40263,Peru: Flood - Huancavelica - 01/01/2026,,,2026-01-01,2026-01-31,Weather related,Hydrological,Flood,Flood,,Instituto Nacional de Defensa Civil (INDECI),,"Santo Domingo de Capillas, Province of Huaytará, Huancavelica, Peru","-13.7368146, -75.2437",County/City/town/Village/Woreda (ADM3),Origin,,2026-02-19T10:15:33.488673Z,"Peru: 24 displacements (partially destroyed housing), 17 January - 17 January. According to IDMC calculations based on data from INDECI, on 17 January 2026, a total of 24 people were displaced by Flood which made uninhabitable 7 houses. Instituto Nacional de Defensa Civil (INDECI) - 18 February 2026",,Flood
238554,Peru,PER,-7.368345,-78.1304423,"[-7.368345, -78.1304423]",Recommended figure,Disaster,total,3,2026-01-17,2026-01-17,2026-01-17,2026,40259,Peru: Flood - Cajamarca - 01/01/2026,,,2026-01-01,2026-01-31,Weather related,Hydrological,Flood,Flood,,Instituto Nacional de Defensa Civil (INDECI),,"Ichocán, Province of San Marcos, Cajamarca, Peru","-7.368345, -78.1304423",County/City/town/Village/Woreda (ADM3),Origin,,2026-02-19T09:48:53.157001Z,"Peru: 3 displacements (partially destroyed housing), 17 January - 17 January. According to IDMC calculations based on data from INDECI, on 17 January 2026, a total of 3 people were displaced by Flood which made uninhabitable one house. Instituto Nacional de Defensa Civil (INDECI) - 18 February 2026",,Flood
238603,Peru,PER,-12.81718,-74.82902,"[-12.81718, -74.82902]",Recommended figure,Disaster,total,3,2026-01-16,2026-01-16,2026-01-16,2026,40245,Peru: Dry mass movement - Huancavelica - 01/01/2026,,,2026-01-01,2026-01-31,Geophysical,Geophysical,Mass Movement,Dry mass movement,,Instituto Nacional de Defensa Civil (INDECI),,"Yauli, Huancavelica Province, Huancavelica, Peru","-12.81718, -74.82902",County/City/town/Village/Woreda (ADM3),Origin,,2026-02-19T10:01:46.568015Z,"Peru: 3 displacements (destroyed housing), 16 January - 16 January. According to IDMC calculations based on data from INDECI, on 16 January 2026, a total of 3 people were displaced by Dry mass movement which destroyed one house. Instituto Nacional de Defensa Civil (INDECI) - 18 February 2026",,Mass Movement
238761,Peru,PER,-12.3551351,-74.8309521,"[-12.3551351, -74.8309521]",Recommended figure,Disaster,total,35,2026-01-16,2026-01-16,2026-01-16,2026,40263,Peru: Flood - Huancavelica - 01/01/2026,,,2026-01-01,2026-01-31,Weather related,Hydrological,Flood,Flood,,Instituto Nacional de Defensa Civil (INDECI),,"Daniel Hernández, Province of Tayacaja, Huancavelica, Peru","-12.3551351, -74.8309521",County/City/town/Village/Woreda (ADM3),Origin,,2026-02-19T10:15:34.778077Z,"Peru: 35 displacements (partially destroyed housing), 16 January - 16 January. According to IDMC calculations based on data from INDECI, on 16 January 2026, a total of 34 people were displaced by Flood which made uninhabitable 10 houses. Instituto Nacional de Defensa Civil (INDECI) - 18 February 2026",,Flood
239072,Peru,PER,-16.6739158,-70.9701077,"[-16.6739158, -70.9701077]",Recommended figure,Disaster,total,3,2026-01-16,2026-01-16,2026-01-16,2026,40283,Peru: Flood - Moquegua - 01/01/2026,,,2026-01-01,2026-01-31,Weather related,Hydrological,Flood,Flood,,Instituto Nacional de Defensa Civil (INDECI),,"Omate, Province of General Sánchez Cerro, Moquegua, Peru","-16.6739158, -70.9701077",County/City/town/Village/Woreda (ADM3),Origin,,2026-02-19T10:55:33.778515Z,"Peru: 3 displacements (partially destroyed housing), 16 January - 16 January. According to IDMC calculations based on data from INDECI, on 16 January 2026, a total of 3 people were displaced by Flood which made uninhabitable one house. Instituto Nacional de Defensa Civil (INDECI) - 18 February 2026",,Flood
237974,Peru,PER,-8.6691267,-77.6263344,"[-8.6691267, -77.6263344]",Recommended figure,Disaster,total,3,2026-01-16,2026-01-16,2026-01-16,2026,40264,Peru: Flood - Ancash - 01/01/2026,,,2026-01-01,2026-01-31,Weather related,Hydrological,Flood,Flood,,Instituto Nacional de Defensa Civil (INDECI),,"San Juan, Province of Sihuas, Ancash, Peru","-8.6691267, -77.6263344",County/City/town/Village/Woreda (ADM3),Origin,,2026-02-19T09:07:54.578620Z,"Peru: 3 displacements (partially destroyed housing), 16 January - 16 January. According to IDMC calculations based on data from INDECI, on 16 January 2026, a total of 3 people were displaced by Flood which made uninhabitable one house. Instituto Nacional de Defensa Civil (INDECI) - 18 February 2026",,Flood
237866,Peru,PER,-6.0783357,-77.8704203,"[-6.0783357, -77.8704203]",Recommended figure,Disaster,total,3,2026-01-16,2026-01-16,2026-01-16,2026,40265,Peru: Flood - Amazonas - 01/01/2026,,,2026-01-01,2026-01-31,Weather related,Hydrological,Flood,Flood,,Instituto Nacional de Defensa Civil (INDECI),,"Valera, Province of Bongará, Amazonas, Peru","-6.0783357, -77.8704203",County/City/town/Village/Woreda (ADM3),Origin,,2026-02-19T08:59:27.690335Z,"Peru: 3 displacements (partially destroyed housing), 16 January - 16 January. According to IDMC calculations based on data from INDECI, on 16 January 2026, a total of 3 people were displaced by Flood which made uninhabitable one house. Instituto Nacional de Defensa Civil (INDECI) - 18 February 2026",,Flood
238424,Peru,PER,-6.5031727,-78.4797597,"[-6.5031727, -78.4797597]",Recommended figure,Disaster,total,31,2026-01-16,2026-01-16,2026-01-16,2026,40259,Peru: Flood - Cajamarca - 01/01/2026,,,2026-01-01,2026-01-31,Weather related,Hydrological,Flood,Flood,,Instituto Nacional de Defensa Civil (INDECI),,"Chalamarca, Province of Chota, Cajamarca, Peru","-6.5031727, -78.4797597",County/City/town/Village/Woreda (ADM3),Origin,,2026-02-19T09:37:28.716472Z,"Peru: 31 displacements, 16 January - 16 January. According to IDMC calculations based on data from INDECI, on 16 January 2026, a total of 31 people were displaced by Flood which made uninhabitable or destroyed 9 houses. Instituto Nacional de Defensa Civil (INDECI) - 18 February 2026",,Flood
237877,Peru,PER,-6.4139592,-77.9686057,"[-6.4139592, -77.9686057]",Recommended figure,Disaster,total,45,2026-01-16,2026-01-16,2026-01-16,2026,40265,Peru: Flood - Amazonas - 01/01/2026,,,2026-01-01,2026-01-31,Weather related,Hydrological,Flood,Flood,,Instituto Nacional de Defensa Civil (INDECI),,"Longuita, Province of Luya, Amazonas, Peru","-6.4139592, -77.9686057",County/City/town/Village/Woreda (ADM3),Origin,,2026-02-19T08:59:29.129356Z,"Peru: 45 displacements (partially destroyed housing), 16 January - 16 January. According to IDMC calculations based on data from INDECI, on 16 January 2026, a total of 44 people were displaced by Flood which made uninhabitable 13 houses. Instituto Nacional de Defensa Civil (INDECI) - 18 February 2026",,Flood
239491,Peru,PER,-5.9306085,-77.2262651,"[-5.9306085, -77.2262651]",Recommended figure,Disaster,total,59,2026-01-16,2026-01-16,2026-01-16,2026,40266,Peru: Flood - San Martín - 01/01/2026,,,2026-01-01,2026-01-31,Weather related,Hydrological,Flood,Flood,,Instituto Nacional de Defensa Civil (INDECI),,"Yuracyacu, Province of Rioja, San Martín, Peru","-5.9306085, -77.2262651",County/City/town/Village/Woreda (ADM3),Origin,,2026-02-19T11:46:52.066839Z,"Peru: 59 displacements, 16 January - 16 January. According to IDMC calculations based on data from INDECI, on 16 January 2026, a total of 58 people were displaced by Flood which made uninhabitable or destroyed 17 houses. Instituto Nacional de Defensa Civil (INDECI) - 18 February 2026",,Flood
238409,Peru,PER,-6.5132567,-78.3289876,"[-6.5132567, -78.3289876]",Recommended figure,Disaster,total,7,2026-01-16,2026-01-16,2026-01-16,2026,40259,Peru: Flood - Cajamarca - 01/01/2026,,,2026-01-01,2026-01-31,Weather related,Hydrological,Flood,Flood,,Instituto Nacional de Defensa Civil (INDECI),,"Cortegana, Province of Celendín, Cajamarca, Peru","-6.5132567, -78.3289876",County/City/town/Village/Woreda (ADM3),Origin,,2026-02-19T09:37:23.360700Z,"Peru: 7 displacements, 16 January - 16 January. According to IDMC calculations based on data from INDECI, on 16 January 2026, a total of 6 people were displaced by Flood which made uninhabitable or destroyed 2 houses. Instituto Nacional de Defensa Civil (INDECI) - 18 February 2026",,Flood
238251,Peru,PER,-14.0383594,-73.6421391,"[-14.0383594, -73.6421391]",Recommended figure,Disaster,total,28,2026-01-16,2026-01-16,2026-01-16,2026,40256,Peru: Flood - Ayacucho - 01/01/2026,,,2026-01-01,2026-01-31,Weather related,Hydrological,Flood,Flood,,Instituto Nacional de Defensa Civil (INDECI),,"Paico, Province of Sucre, Ayacucho, Peru","-14.0383594, -73.6421391",County/City/town/Village/Woreda (ADM3),Origin,,2026-02-19T09:26:50.971582Z,"Peru: 28 displacements (partially destroyed housing), 16 January - 16 January. According to IDMC calculations based on data from INDECI, on 16 January 2026, a total of 27 people were displaced by Flood which made uninhabitable 8 houses. Instituto Nacional de Defensa Civil (INDECI) - 18 February 2026",,Flood
239199,Peru,PER,-5.0077344,-79.3601521,"[-5.0077344, -79.3601521]",Recommended figure,Disaster,total,35,2026-01-16,2026-01-16,2026-01-16,2026,40273,Peru: Flood - Piura - 01/01/2026,,,2026-01-01,2026-01-31,Weather related,Hydrological,Flood,Flood,,Instituto Nacional de Defensa Civil (INDECI),,"El Carmen de la Frontera, Province of Huancabamba, Piura, Peru","-5.0077344, -79.3601521",County/City/town/Village/Woreda (ADM3),Origin,,2026-02-19T11:09:19.936678Z,"Peru: 35 displacements (partially destroyed housing), 16 January - 16 January. According to IDMC calculations based on data from INDECI, on 16 January 2026, a total of 34 people were displaced by Flood which made uninhabitable 10 houses. Instituto Nacional de Defensa Civil (INDECI) - 18 February 2026",,Flood
238604,Peru,PER,-12.7270517,-74.7150305,"[-12.7270517, -74.7150305]",Recommended figure,Disaster,total,38,2026-01-16,2026-01-16,2026-01-16,2026,40263,Peru: Flood - Huancavelica - 01/01/2026,,,2026-01-01,2026-01-31,Weather related,Hydrological,Flood,Flood,,Instituto Nacional de Defensa Civil (INDECI),,"Paucará, Province of Acobamba, Huancavelica, Peru","-12.7270517, -74.7150305",County/City/town/Village/Woreda (ADM3),Origin,,2026-02-19T10:01:46.625796Z,"Peru: 38 displacements (partially destroyed housing), 16 January - 16 January. According to IDMC calculations based on data from INDECI, on 16 January 2026, a total of 38 people were displaced by Flood which made uninhabitable 11 houses. Instituto Nacional de Defensa Civil (INDECI) - 18 February 2026",,Flood
238435,Peru,PER,-6.1634022,-78.5978979,"[-6.1634022, -78.5978979]",Recommended figure,Disaster,total,3,2026-01-16,2026-01-16,2026-01-16,2026,40259,Peru: Flood - Cajamarca - 01/01/2026,,,2026-01-01,2026-01-31,Weather related,Hydrological,Flood,Flood,,Instituto Nacional de Defensa Civil (INDECI),,"San Juan de Cutervo, Province of Cutervo, Cajamarca, Peru","-6.1634022, -78.5978979",County/City/town/Village/Woreda (ADM3),Origin,,2026-02-19T09:37:29.204620Z,"Peru: 3 displacements (partially destroyed housing), 16 January - 16 January. According to IDMC calculations based on data from INDECI, on 16 January 2026, a total of 3 people were displaced by Flood which made uninhabitable one house. Instituto Nacional de Defensa Civil (INDECI) - 18 February 2026",,Flood
238982,Peru,PER,-7.1539171,-77.7026046,"[-7.1539171, -77.7026046]",Recommended figure,Disaster,total,7,2026-01-16,2026-01-16,2026-01-16,2026,40277,Peru: Flood - La Libertad - 01/01/2026,,,2026-01-01,2026-01-31,Weather related,Hydrological,Flood,Flood,,Instituto Nacional de Defensa Civil (INDECI),,"Bolívar, Province of Bolívar, La Libertad, Peru","-7.1539171, -77.7026046",County/City/town/Village/Woreda (ADM3),Origin,,2026-02-19T10:44:55.595947Z,"Peru: 7 displacements (partially destroyed housing), 16 January - 16 January. According to IDMC calculations based on data from INDECI, on 16 January 2026, a total of 6 people were displaced by Flood which made uninhabitable 2 houses. Instituto Nacional de Defensa Civil (INDECI) - 18 February 2026",,Flood
238618,Peru,PER,-13.0143703,-74.4447304,"[-13.0143703, -74.4447304]",Recommended figure,Disaster,total,21,2026-01-16,2026-01-16,2026-01-16,2026,40263,Peru: Flood - Huancavelica - 01/01/2026,,,2026-01-01,2026-01-31,Weather related,Hydrological,Flood,Flood,,Instituto Nacional de Defensa Civil (INDECI),,"Julcamarca, Province of Angaraes, Huancavelica, Peru","-13.0143703, -74.4447304",County/City/town/Village/Woreda (ADM3),Origin,,2026-02-19T10:01:51.906614Z,"Peru: 21 displacements, 16 January - 16 January. According to IDMC calculations based on data from INDECI, on 16 January 2026, a total of 20 people were displaced by Flood which made uninhabitable or destroyed 6 houses. Instituto Nacional de Defensa Civil (INDECI) - 18 February 2026",,Flood
239235,Peru,PER,-6.1916889,-76.3173428,"[-6.1916889, -76.3173428]",Recommended figure,Disaster,total,24,2026-01-16,2026-01-16,2026-01-16,2026,40266,Peru: Flood - San Martín - 01/01/2026,,,2026-01-01,2026-01-31,Weather related,Hydrological,Flood,Flood,,Instituto Nacional de Defensa Civil (INDECI),,"Caynarachi, Province of Lamas, San Martín, Peru","-6.1916889, -76.3173428",County/City/town/Village/Woreda (ADM3),Origin,,2026-02-19T11:09:26.658854Z,"Peru: 24 displacements (partially destroyed housing), 16 January - 16 January. According to IDMC calculations based on data from INDECI, on 16 January 2026, a total of 24 people were displaced by Flood which made uninhabitable 7 houses. Instituto Nacional de Defensa Civil (INDECI) - 18 February 2026",,Flood
237885,Peru,PER,-6.3544697,-78.1493139,"[-6.3544697, -78.1493139]",Recommended figure,Disaster,total,3,2026-01-16,2026-01-16,2026-01-16,2026,40265,Peru: Flood - Amazonas - 01/01/2026,,,2026-01-01,2026-01-31,Weather related,Hydrological,Flood,Flood,,Instituto Nacional de Defensa Civil (INDECI),,"Ocumal, Province of Luya, Amazonas, Peru","-6.3544697, -78.1493139",County/City/town/Village/Woreda (ADM3),Origin,,2026-02-19T08:59:29.633168Z,"Peru: 3 displacements (partially destroyed housing), 16 January - 16 January. According to IDMC calculations based on data from INDECI, on 16 January 2026, a total of 3 people were displaced by Flood which made uninhabitable one house. Instituto Nacional de Defensa Civil (INDECI) - 18 February 2026",,Flood
239076,Peru,PER,-10.34087,-76.41728,"[-10.34087, -76.41728]",Recommended figure,Disaster,total,3,2026-01-16,2026-01-16,2026-01-16,2026,40233,Peru: Mixed disasters - Pasco (paucar) - 16/01/2026,,,2026-01-16,2026-01-16,Mixed disasters,Mixed disasters,Mixed disasters,Mixed disasters,,Instituto Nacional de Defensa Civil (INDECI),,"Paucar, Daniel Alcides Carrión Province, Pasco, Peru","-10.34087, -76.41728",County/City/town/Village/Woreda (ADM3),Origin,,2026-02-19T10:55:34.293046Z,"Peru: 3 displacements (partially destroyed housing), 16 January - 16 January. According to IDMC calculations based on data from INDECI, on 16 January 2026, a total of 3 people were displaced by Mixed disasters which made uninhabitable one house. Instituto Nacional de Defensa Civil (INDECI) - 18 February 2026",,Mixed disasters
238263,Peru,PER,-13.7291512,-74.2719606,"[-13.7291512, -74.2719606]",Recommended figure,Disaster,total,10,2026-01-16,2026-01-16,2026-01-16,2026,40256,Peru: Flood - Ayacucho - 01/01/2026,,,2026-01-01,2026-01-31,Weather related,Hydrological,Flood,Flood,,Instituto Nacional de Defensa Civil (INDECI),,"Huamanquiquia, Province of Víctor Fajardo, Ayacucho, Peru","-13.7291512, -74.2719606",County/City/town/Village/Woreda (ADM3),Origin,,2026-02-19T09:26:57.088179Z,"Peru: 10 displacements (partially destroyed housing), 16 January - 16 January. According to IDMC calculations based on data from INDECI, on 16 January 2026, a total of 10 people were displaced by Flood which made uninhabitable 3 houses. Instituto Nacional de Defensa Civil (INDECI) - 18 February 2026",,Flood
238781,Peru,PER,-10.9489915,-75.2288746,"[-10.9489915, -75.2288746]",Recommended figure,Disaster,total,3,2026-01-16,2026-01-16,2026-01-16,2026,40262,Peru: Flood - Junín - 01/01/2026,,,2026-01-01,2026-01-31,Weather related,Hydrological,Flood,Flood,,Instituto Nacional de Defensa Civil (INDECI),,"Perené, Province of Chanchamayo, Junín, Peru","-10.9489915, -75.2288746",County/City/town/Village/Woreda (ADM3),Origin,,2026-02-19T10:15:46.441173Z,"Peru: 3 displacements (destroyed housing), 16 January - 16 January. According to IDMC calculations based on data from INDECI, on 16 January 2026, a total of 3 people were displaced by Flood which destroyed one house. Instituto Nacional de Defensa Civil (INDECI) - 18 February 2026",,Flood
238627,Peru,PER,-13.0345915,-75.5702545,"[-13.0345915, -75.5702545]",Recommended figure,Disaster,total,10,2026-01-16,2026-01-16,2026-01-16,2026,40263,Peru: Flood - Huancavelica - 01/01/2026,,,2026-01-01,2026-01-31,Weather related,Hydrological,Flood,Flood,,Instituto Nacional de Defensa Civil (INDECI),,"Aurahuá, Province of Castrovirreyna, Huancavelica, Peru","-13.0345915, -75.5702545",County/City/town/Village/Woreda (ADM3),Origin,,2026-02-19T10:01:52.419210Z,"Peru: 10 displacements (partially destroyed housing), 16 January - 16 January. According to IDMC calculations based on data from INDECI, on 16 January 2026, a total of 10 people were displaced by Flood which made uninhabitable 3 houses. Instituto Nacional de Defensa Civil (INDECI) - 18 February 2026",,Flood
237862,Peru,PER,-6.2293182,-77.8714631,"[-6.2293182, -77.8714631]",Recommended figure,Disaster,total,3,2026-01-16,2026-01-16,2026-01-16,2026,40265,Peru: Flood - Amazonas - 01/01/2026,,,2026-01-01,2026-01-31,Weather related,Hydrological,Flood,Flood,,Instituto Nacional de Defensa Civil (INDECI),,"Chachapoyas, Province of Chachapoyas, Amazonas, Peru","-6.2293182, -77.8714631",County/City/town/Village/Woreda (ADM3),Origin,,2026-02-19T08:59:27.130092Z,"Peru: 3 displacements (partially destroyed housing), 16 January - 16 January. According to IDMC calculations based on data from INDECI, on 16 January 2026, a total of 3 people were displaced by Flood which made uninhabitable one house. Instituto Nacional de Defensa Civil (INDECI) - 18 February 2026",,Flood
239523,Peru,PER,-11.9604895,-76.3288645,"[-11.9604895, -76.3288645]",Recommended figure,Disaster,total,7,2026-01-15,2026-01-15,2026-01-15,2026,40279,Peru: Flood - Lima - 01/01/2026,,,2026-01-01,2026-01-31,Weather related,Hydrological,Flood,Flood,,Instituto Nacional de Defensa Civil (INDECI),,"San Damián, Province of Huarochirí, Lima, Peru","-11.9604895, -76.3288645",County/City/town/Village/Woreda (ADM3),Origin,,2026-02-19T11:46:58.004204Z,"Peru: 7 displacements (partially destroyed housing), 15 January - 15 January. According to IDMC calculations based on data from INDECI, on 15 January 2026, a total of 6 people were displaced by Flood which made uninhabitable 2 houses. Instituto Nacional de Defensa Civil (INDECI) - 18 February 2026",,Flood
238238,Peru,PER,-15.2175163,-73.4644466,"[-15.2175163, -73.4644466]",Recommended figure,Disaster,total,7,2026-01-15,2026-01-15,2026-01-15,2026,40256,Peru: Flood - Ayacucho - 01/01/2026,,,2026-01-01,2026-01-31,Weather related,Hydrological,Flood,Flood,,Instituto Nacional de Defensa Civil (INDECI),,"Pararca, Province of Páucar del Sara Sara, Ayacucho, Peru","-15.2175163, -73.4644466",County/City/town/Village/Woreda (ADM3),Origin,,2026-02-19T09:26:50.261660Z,"Peru: 7 displacements (partially destroyed housing), 15 January - 15 January. According to IDMC calculations based on data from INDECI, on 15 January 2026, a total of 6 people were displaced by Flood which made uninhabitable 2 houses. Instituto Nacional de Defensa Civil (INDECI) - 18 February 2026",,Flood
238782,Peru,PER,-11.7487988,-75.4863444,"[-11.7487988, -75.4863444]",Recommended figure,Disaster,total,10,2026-01-15,2026-01-15,2026-01-15,2026,40262,Peru: Flood - Junín - 01/01/2026,,,2026-01-01,2026-01-31,Weather related,Hydrological,Flood,Flood,,Instituto Nacional de Defensa Civil (INDECI),,"Pancán, Province of Jauja, Junín, Peru","-11.7487988, -75.4863444",County/City/town/Village/Woreda (ADM3),Origin,,2026-02-19T10:15:46.576031Z,"Peru: 10 displacements (partially destroyed housing), 15 January - 15 January. According to IDMC calculations based on data from INDECI, on 15 January 2026, a total of 10 people were displaced by Flood which made uninhabitable 3 houses. Instituto Nacional de Defensa Civil (INDECI) - 18 February 2026",,Flood
239070,Peru,PER,-10.9470805,-69.5761211,"[-10.9470805, -69.5761211]",Recommended figure,Disaster,total,14,2026-01-15,2026-01-15,2026-01-15,2026,40281,Peru: Flood - Madre de Dios - 01/01/2026,,,2026-01-01,2026-01-31,Weather related,Hydrological,Flood,Flood,,Instituto Nacional de Defensa Civil (INDECI),,"Iñapari, Tahuamanu Province, Madre de Dios, Peru","-10.9470805, -69.5761211",County/City/town/Village/Woreda (ADM3),Origin,,2026-02-19T10:55:33.456649Z,"Peru: 14 displacements (partially destroyed housing), 15 January - 15 January. According to IDMC calculations based on data from INDECI, on 15 January 2026, a total of 13 people were displaced by Flood which made uninhabitable 4 houses. Instituto Nacional de Defensa Civil (INDECI) - 18 February 2026",,Flood
237989,Peru,PER,-13.9461814,-72.1745097,"[-13.9461814, -72.1745097]",Recommended figure,Disaster,total,3,2026-01-15,2026-01-15,2026-01-15,2026,40231,Peru: Mixed disasters - Apurímac (tambobamba) - 15/01/2026,,,2026-01-15,2026-01-15,Mixed disasters,Mixed disasters,Mixed disasters,Mixed disasters,,Instituto Nacional de Defensa Civil (INDECI),,"Tambobamba, Province of Cotabambas, Apurímac, Peru","-13.9461814, -72.1745097",County/City/town/Village/Woreda (ADM3),Origin,,2026-02-19T09:07:56.233948Z,"Peru: 3 displacements (partially destroyed housing), 15 January - 15 January. According to IDMC calculations based on data from INDECI, on 15 January 2026, a total of 3 people were displaced by Mixed disasters which made uninhabitable one house. Instituto Nacional de Defensa Civil (INDECI) - 18 February 2026",,Mixed disasters
238130,Peru,PER,-15.8892069,-71.7891874,"[-15.8892069, -71.7891874]",Recommended figure,Disaster,total,17,2026-01-15,2026-01-15,2026-01-15,2026,40275,Peru: Flood - Arequipa - 01/01/2026,,,2026-01-01,2026-01-31,Weather related,Hydrological,Flood,Flood,,Instituto Nacional de Defensa Civil (INDECI),,"Huanca, Province of Caylloma, Arequipa, Peru","-15.8892069, -71.7891874",County/City/town/Village/Woreda (ADM3),Origin,,2026-02-19T09:16:59.756332Z,"Peru: 17 displacements (partially destroyed housing), 15 January - 15 January. According to IDMC calculations based on data from INDECI, on 15 January 2026, a total of 17 people were displaced by Flood which made uninhabitable 5 houses. Instituto Nacional de Defensa Civil (INDECI) - 18 February 2026",,Flood
238983,Peru,PER,-7.2285214,-79.4277749,"[-7.2285214, -79.4277749]",Recommended figure,Disaster,total,3,2026-01-15,2026-01-15,2026-01-15,2026,40277,Peru: Flood - La Libertad - 01/01/2026,,,2026-01-01,2026-01-31,Weather related,Hydrological,Flood,Flood,,Instituto Nacional de Defensa Civil (INDECI),,"Chepén, Province of Chepén, La Libertad, Peru","-7.2285214, -79.4277749",County/City/town/Village/Woreda (ADM3),Origin,,2026-02-19T10:44:55.723445Z,"Peru: 3 displacements (partially destroyed housing), 15 January - 15 January. According to IDMC calculations based on data from INDECI, on 15 January 2026, a total of 3 people were displaced by Flood which made uninhabitable one house. Instituto Nacional de Defensa Civil (INDECI) - 18 February 2026",,Flood
237884,Peru,PER,-6.2353261,-78.2685931,"[-6.2353261, -78.2685931]",Recommended figure,Disaster,total,38,2026-01-15,2026-01-15,2026-01-15,2026,40265,Peru: Flood - Amazonas - 01/01/2026,,,2026-01-01,2026-01-31,Weather related,Hydrological,Flood,Flood,,Instituto Nacional de Defensa Civil (INDECI),,"Ocalli, Province of Luya, Amazonas, Peru","-6.2353261, -78.2685931",County/City/town/Village/Woreda (ADM3),Origin,,2026-02-19T08:59:29.586091Z,"Peru: 38 displacements (partially destroyed housing), 15 January - 15 January. According to IDMC calculations based on data from INDECI, on 15 January 2026, a total of 38 people were displaced by Flood which made uninhabitable 11 houses. Instituto Nacional de Defensa Civil (INDECI) - 18 February 2026",,Flood
238565,Peru,PER,-12.7656631,-72.1355719,"[-12.7656631, -72.1355719]",Recommended figure,Disaster,total,7,2026-01-15,2026-01-15,2026-01-15,2026,40260,Peru: Flood - Cusco - 01/01/2026,,,2026-01-01,2026-01-31,Weather related,Hydrological,Flood,Flood,,Instituto Nacional de Defensa Civil (INDECI),,"Yanatile, Province of Calca, Cusco, Peru","-12.7656631, -72.1355719",County/City/town/Village/Woreda (ADM3),Origin,,2026-02-19T09:48:58.106772Z,"Peru: 7 displacements (destroyed housing), 15 January - 15 January. According to IDMC calculations based on data from INDECI, on 15 January 2026, a total of 6 people were displaced by Flood which destroyed 2 houses. Instituto Nacional de Defensa Civil (INDECI) - 18 February 2026",,Flood
238133,Peru,PER,-15.5476611,-72.9185605,"[-15.5476611, -72.9185605]",Recommended figure,Disaster,total,14,2026-01-15,2026-01-15,2026-01-15,2026,40275,Peru: Flood - Arequipa - 01/01/2026,,,2026-01-01,2026-01-31,Weather related,Hydrological,Flood,Flood,,Instituto Nacional de Defensa Civil (INDECI),,"Chichas, Province of Condesuyos, Arequipa, Peru","-15.5476611, -72.9185605",County/City/town/Village/Woreda (ADM3),Origin,,2026-02-19T09:16:59.913203Z,"Peru: 14 displacements (partially destroyed housing), 15 January - 15 January. According to IDMC calculations based on data from INDECI, on 15 January 2026, a total of 13 people were displaced by Flood which made uninhabitable 4 houses. Instituto Nacional de Defensa Civil (INDECI) - 18 February 2026",,Flood
239504,Peru,PER,-17.3180124,-70.2584613,"[-17.3180124, -70.2584613]",Recommended figure,Disaster,total,7,2026-01-15,2026-01-15,2026-01-15,2026,40261,Peru: Flood - Tacna - 01/01/2026,,,2026-01-01,2026-01-31,Weather related,Hydrological,Flood,Flood,,Instituto Nacional de Defensa Civil (INDECI),,"Quilahuani, Province of Candarave, Tacna, Peru","-17.3180124, -70.2584613",County/City/town/Village/Woreda (ADM3),Origin,,2026-02-19T11:46:52.676646Z,"Peru: 7 displacements (destroyed housing), 15 January - 15 January. According to IDMC calculations based on data from INDECI, on 15 January 2026, a total of 6 people were displaced by Flood which destroyed 2 houses. Instituto Nacional de Defensa Civil (INDECI) - 18 February 2026",,Flood
238544,Peru,PER,-5.9788585,-79.068558,"[-5.9788585, -79.068558]",Recommended figure,Disaster,total,31,2026-01-15,2026-01-15,2026-01-15,2026,40259,Peru: Flood - Cajamarca - 01/01/2026,,,2026-01-01,2026-01-31,Weather related,Hydrological,Flood,Flood,,Instituto Nacional de Defensa Civil (INDECI),,"Colasay, Province of Jaén, Cajamarca, Peru","-5.9788585, -79.068558",County/City/town/Village/Woreda (ADM3),Origin,,2026-02-19T09:48:52.628196Z,"Peru: 31 displacements (destroyed housing), 15 January - 15 January. According to IDMC calculations based on data from INDECI, on 15 January 2026, a total of 31 people were displaced by Flood which destroyed 9 houses. Instituto Nacional de Defensa Civil (INDECI) - 18 February 2026",,Flood
238541,Peru,PER,-5.6460405,-79.0880569,"[-5.6460405, -79.0880569]",Recommended figure,Disaster,total,10,2026-01-15,2026-01-15,2026-01-15,2026,40259,Peru: Flood - Cajamarca - 01/01/2026,,,2026-01-01,2026-01-31,Weather related,Hydrological,Flood,Flood,,Instituto Nacional de Defensa Civil (INDECI),,"Chontalí, Province of Jaén, Cajamarca, Peru","-5.6460405, -79.0880569",County/City/town/Village/Woreda (ADM3),Origin,,2026-02-19T09:48:52.387967Z,"Peru: 10 displacements (partially destroyed housing), 15 January - 15 January. According to IDMC calculations based on data from INDECI, on 15 January 2026, a total of 10 people were displaced by Flood which made uninhabitable 3 houses. Instituto Nacional de Defensa Civil (INDECI) - 18 February 2026",,Flood
239200,Peru,PER,-5.4018601,-79.6062085,"[-5.4018601, -79.6062085]",Recommended figure,Disaster,total,21,2026-01-15,2026-01-15,2026-01-15,2026,40273,Peru: Flood - Piura - 01/01/2026,,,2026-01-01,2026-01-31,Weather related,Hydrological,Flood,Flood,,Instituto Nacional de Defensa Civil (INDECI),,"San Miguel de El Faique, Province of Huancabamba, Piura, Peru","-5.4018601, -79.6062085",County/City/town/Village/Woreda (ADM3),Origin,,2026-02-19T11:09:20.017206Z,"Peru: 21 displacements (partially destroyed housing), 15 January - 15 January. According to IDMC calculations based on data from INDECI, on 15 January 2026, a total of 20 people were displaced by Flood which made uninhabitable 6 houses. Instituto Nacional de Defensa Civil (INDECI) - 18 February 2026",,Flood
239207,Peru,PER,-5.3943603,-79.3594952,"[-5.3943603, -79.3594952]",Recommended figure,Disaster,total,90,2026-01-15,2026-01-15,2026-01-15,2026,40273,Peru: Flood - Piura - 01/01/2026,,,2026-01-01,2026-01-31,Weather related,Hydrological,Flood,Flood,,Instituto Nacional de Defensa Civil (INDECI),,"Sondor, Province of Huancabamba, Piura, Peru","-5.3943603, -79.3594952",County/City/town/Village/Woreda (ADM3),Origin,,2026-02-19T11:09:20.459864Z,"Peru: 90 displacements (partially destroyed housing), 15 January - 15 January. According to IDMC calculations based on data from INDECI, on 15 January 2026, a total of 89 people were displaced by Flood which made uninhabitable 26 houses. Instituto Nacional de Defensa Civil (INDECI) - 18 February 2026",,Flood
237874,Peru,PER,-6.1390013,-77.9519237,"[-6.1390013, -77.9519237]",Recommended figure,Disaster,total,3,2026-01-15,2026-01-15,2026-01-15,2026,40265,Peru: Flood - Amazonas - 01/01/2026,,,2026-01-01,2026-01-31,Weather related,Hydrological,Flood,Flood,,Instituto Nacional de Defensa Civil (INDECI),,"Lámud, Province of Luya, Amazonas, Peru","-6.1390013, -77.9519237",County/City/town/Village/Woreda (ADM3),Origin,,2026-02-19T08:59:28.764025Z,"Peru: 3 displacements (partially destroyed housing), 15 January - 15 January. According to IDMC calculations based on data from INDECI, on 15 January 2026, a total of 3 people were displaced by Flood which made uninhabitable one house. Instituto Nacional de Defensa Civil (INDECI) - 18 February 2026",,Flood
238012,Peru,PER,-14.0616721,-72.5674356,"[-14.0616721, -72.5674356]",Recommended figure,Disaster,total,3,2026-01-15,2026-01-15,2026-01-15,2026,40267,Peru: Flood - Apurímac - 01/01/2026,,,2026-01-01,2026-01-31,Weather related,Hydrological,Flood,Flood,,Instituto Nacional de Defensa Civil (INDECI),,"Curasco, Province of Grau, Apurímac, Peru","-14.0616721, -72.5674356",County/City/town/Village/Woreda (ADM3),Origin,,2026-02-19T09:08:05.288068Z,"Peru: 3 displacements (partially destroyed housing), 15 January - 15 January. According to IDMC calculations based on data from INDECI, on 15 January 2026, a total of 3 people were displaced by Flood which made uninhabitable one house. Instituto Nacional de Defensa Civil (INDECI) - 18 February 2026",,Flood
237875,Peru,PER,-6.6137726,-78.0042952,"[-6.6137726, -78.0042952]",Recommended figure,Disaster,total,3,2026-01-15,2026-01-15,2026-01-15,2026,40265,Peru: Flood - Amazonas - 01/01/2026,,,2026-01-01,2026-01-31,Weather related,Hydrological,Flood,Flood,,Instituto Nacional de Defensa Civil (INDECI),,"Cocabamba, Province of Luya, Amazonas, Peru","-6.6137726, -78.0042952",County/City/town/Village/Woreda (ADM3),Origin,,2026-02-19T08:59:28.924101Z,"Peru: 3 displacements (partially destroyed housing), 15 January - 15 January. According to IDMC calculations based on data from INDECI, on 15 January 2026, a total of 3 people were displaced by Flood which made uninhabitable one house. Instituto Nacional de Defensa Civil (INDECI) - 18 February 2026",,Flood
238748,Peru,PER,-13.7950345,-75.2489987,"[-13.7950345, -75.2489987]",Recommended figure,Disaster,total,31,2026-01-15,2026-01-15,2026-01-15,2026,40263,Peru: Flood - Huancavelica - 01/01/2026,,,2026-01-01,2026-01-31,Weather related,Hydrological,Flood,Flood,,Instituto Nacional de Defensa Civil (INDECI),,"San Francisco de Sangayaico, Province of Huaytará, Huancavelica, Peru","-13.7950345, -75.2489987",County/City/town/Village/Woreda (ADM3),Origin,,2026-02-19T10:15:33.330321Z,"Peru: 31 displacements (partially destroyed housing), 15 January - 15 January. According to IDMC calculations based on data from INDECI, on 15 January 2026, a total of 31 people were displaced by Flood which made uninhabitable 9 houses. Instituto Nacional de Defensa Civil (INDECI) - 18 February 2026",,Flood
238613,Peru,PER,-12.93506,-74.80518,"[-12.93506, -74.80518]",Recommended figure,Disaster,total,3,2026-01-15,2026-01-15,2026-01-15,2026,40263,Peru: Flood - Huancavelica - 01/01/2026,,,2026-01-01,2026-01-31,Weather related,Hydrological,Flood,Flood,,Instituto Nacional de Defensa Civil (INDECI),,"Ccochaccasa, Angaraes Province, Huancavelica, Peru","-12.93506, -74.80518",County/City/town/Village/Woreda (ADM3),Origin,,2026-02-19T10:01:47.056658Z,"Peru: 3 displacements (partially destroyed housing), 15 January - 15 January. According to IDMC calculations based on data from INDECI, on 15 January 2026, a total of 3 people were displaced by Flood which made uninhabitable one house. Instituto Nacional de Defensa Civil (INDECI) - 18 February 2026",,Flood
239225,Peru,PER,-6.8094008,-76.5748696,"[-6.8094008, -76.5748696]",Recommended figure,Disaster,total,7,2026-01-15,2026-01-15,2026-01-15,2026,40291,Peru: Storm - San Martín - 01/01/2026,,,2026-01-01,2026-01-31,Weather related,Meteorological,Storm,Storm,,Instituto Nacional de Defensa Civil (INDECI),,"San Pablo, Province of Bellavista, San Martín, Peru","-6.8094008, -76.5748696",County/City/town/Village/Woreda (ADM3),Origin,,2026-02-19T11:09:26.213006Z,"Peru: 7 displacements (partially destroyed housing), 15 January - 15 January. According to IDMC calculations based on data from INDECI, on 15 January 2026, a total of 6 people were displaced by Storm which made uninhabitable 2 houses. Instituto Nacional de Defensa Civil (INDECI) - 18 February 2026",,Storm
238148,Peru,PER,-12.8269938,-74.1115777,"[-12.8269938, -74.1115777]",Recommended figure,Disaster,total,3,2026-01-14,2026-01-14,2026-01-14,2026,40256,Peru: Flood - Ayacucho - 01/01/2026,,,2026-01-01,2026-01-31,Weather related,Hydrological,Flood,Flood,,Instituto Nacional de Defensa Civil (INDECI),,"Uchuraccay, Province of Huanta, Ayacucho, Peru","-12.8269938, -74.1115777",County/City/town/Village/Woreda (ADM3),Origin,,2026-02-19T09:17:01.190719Z,"Peru: 3 displacements (partially destroyed housing), 14 January - 14 January. According to IDMC calculations based on data from INDECI, on 14 January 2026, a total of 3 people were displaced by Flood which made uninhabitable one house. Instituto Nacional de Defensa Civil (INDECI) - 18 February 2026",,Flood
239197,Peru,PER,-5.0077344,-79.3601521,"[-5.0077344, -79.3601521]",Recommended figure,Disaster,total,55,2026-01-14,2026-01-14,2026-01-14,2026,40273,Peru: Flood - Piura - 01/01/2026,,,2026-01-01,2026-01-31,Weather related,Hydrological,Flood,Flood,,Instituto Nacional de Defensa Civil (INDECI),,"El Carmen de la Frontera, Province of Huancabamba, Piura, Peru","-5.0077344, -79.3601521",County/City/town/Village/Woreda (ADM3),Origin,,2026-02-19T11:09:19.798630Z,"Peru: 55 displacements, 14 January - 14 January. According to IDMC calculations based on data from INDECI, on 14 January 2026, a total of 55 people were displaced by Flood which made uninhabitable or destroyed 16 houses. Instituto Nacional de Defensa Civil (INDECI) - 18 February 2026",,Flood
238237,Peru,PER,-14.4119513,-74.6510319,"[-14.4119513, -74.6510319]",Recommended figure,Disaster,total,31,2026-01-14,2026-01-14,2026-01-14,2026,40256,Peru: Flood - Ayacucho - 01/01/2026,,,2026-01-01,2026-01-31,Weather related,Hydrological,Flood,Flood,,Instituto Nacional de Defensa Civil (INDECI),,"San Pedro de Palco, Province of Lucanas, Ayacucho, Peru","-14.4119513, -74.6510319",County/City/town/Village/Woreda (ADM3),Origin,,2026-02-19T09:26:50.211506Z,"Peru: 31 displacements (partially destroyed housing), 14 January - 14 January. According to IDMC calculations based on data from INDECI, on 14 January 2026, a total of 31 people were displaced by Flood which made uninhabitable 9 houses. Instituto Nacional de Defensa Civil (INDECI) - 18 February 2026",,Flood
239192,Peru,PER,-4.5694092,-79.7777647,"[-4.5694092, -79.7777647]",Recommended figure,Disaster,total,3,2026-01-14,2026-01-14,2026-01-14,2026,40273,Peru: Flood - Piura - 01/01/2026,,,2026-01-01,2026-01-31,Weather related,Hydrological,Flood,Flood,,Instituto Nacional de Defensa Civil (INDECI),,"Sícchez, Province of Ayabaca, Piura, Peru","-4.5694092, -79.7777647",County/City/town/Village/Woreda (ADM3),Origin,,2026-02-19T11:09:19.386505Z,"Peru: 3 displacements (partially destroyed housing), 14 January - 14 January. According to IDMC calculations based on data from INDECI, on 14 January 2026, a total of 3 people were displaced by Flood which made uninhabitable one house. Instituto Nacional de Defensa Civil (INDECI) - 18 February 2026",,Flood
238429,Peru,PER,-6.0619295,-78.7583334,"[-6.0619295, -78.7583334]",Recommended figure,Disaster,total,3,2026-01-14,2026-01-14,2026-01-14,2026,40227,Peru: Mixed disasters - Cajamarca (pimpingos) - 14/01/2026,,,2026-01-14,2026-01-14,Mixed disasters,Mixed disasters,Mixed disasters,Mixed disasters,,Instituto Nacional de Defensa Civil (INDECI),,"Pimpingos, Province of Cutervo, Cajamarca, Peru","-6.0619295, -78.7583334",County/City/town/Village/Woreda (ADM3),Origin,,2026-02-19T09:37:28.940465Z,"Peru: 3 displacements (destroyed housing), 14 January - 14 January. According to IDMC calculations based on data from INDECI, on 14 January 2026, a total of 3 people were displaced by Mixed disasters which destroyed one house. Instituto Nacional de Defensa Civil (INDECI) - 18 February 2026",,Mixed disasters
239503,Peru,PER,-17.3136327,-70.3222106,"[-17.3136327, -70.3222106]",Recommended figure,Disaster,total,35,2026-01-14,2026-01-14,2026-01-14,2026,40261,Peru: Flood - Tacna - 01/01/2026,,,2026-01-01,2026-01-31,Weather related,Hydrological,Flood,Flood,,Instituto Nacional de Defensa Civil (INDECI),,"Huanuara, Province of Candarave, Tacna, Peru","-17.3136327, -70.3222106",County/City/town/Village/Woreda (ADM3),Origin,,2026-02-19T11:46:52.634571Z,"Peru: 35 displacements (partially destroyed housing), 14 January - 14 January. According to IDMC calculations based on data from INDECI, on 14 January 2026, a total of 34 people were displaced by Flood which made uninhabitable 10 houses. Instituto Nacional de Defensa Civil (INDECI) - 18 February 2026",,Flood
238742,Peru,PER,-14.0078359,-75.1578755,"[-14.0078359, -75.1578755]",Recommended figure,Disaster,total,7,2026-01-14,2026-01-14,2026-01-14,2026,40263,Peru: Flood - Huancavelica - 01/01/2026,,,2026-01-01,2026-01-31,Weather related,Hydrological,Flood,Flood,,Instituto Nacional de Defensa Civil (INDECI),,"Córdova, Province of Huaytará, Huancavelica, Peru","-14.0078359, -75.1578755",County/City/town/Village/Woreda (ADM3),Origin,,2026-02-19T10:15:33.032143Z,"Peru: 7 displacements (partially destroyed housing), 14 January - 14 January. According to IDMC calculations based on data from INDECI, on 14 January 2026, a total of 6 people were displaced by Flood which made uninhabitable 2 houses. Instituto Nacional de Defensa Civil (INDECI) - 18 February 2026",,Flood
237898,Peru,PER,-9.3576692,-77.5985103,"[-9.3576692, -77.5985103]",Recommended figure,Disaster,total,17,2026-01-14,2026-01-14,2026-01-14,2026,40264,Peru: Flood - Ancash - 01/01/2026,,,2026-01-01,2026-01-31,Weather related,Hydrological,Flood,Flood,,Instituto Nacional de Defensa Civil (INDECI),,"Anta, Province of Carhuaz, Ancash, Peru","-9.3576692, -77.5985103",County/City/town/Village/Woreda (ADM3),Origin,,2026-02-19T08:59:37.071745Z,"Peru: 17 displacements (partially destroyed housing), 14 January - 14 January. According to IDMC calculations based on data from INDECI, on 14 January 2026, a total of 17 people were displaced by Flood which made uninhabitable 5 houses. Instituto Nacional de Defensa Civil (INDECI) - 18 February 2026",,Flood
238562,Peru,PER,-12.7656631,-72.1355719,"[-12.7656631, -72.1355719]",Recommended figure,Disaster,total,21,2026-01-14,2026-01-14,2026-01-14,2026,40260,Peru: Flood - Cusco - 01/01/2026,,,2026-01-01,2026-01-31,Weather related,Hydrological,Flood,Flood,,Instituto Nacional de Defensa Civil (INDECI),,"Yanatile, Province of Calca, Cusco, Peru","-12.7656631, -72.1355719",County/City/town/Village/Woreda (ADM3),Origin,,2026-02-19T09:48:53.573045Z,"Peru: 21 displacements (destroyed housing), 14 January - 14 January. According to IDMC calculations based on data from INDECI, on 14 January 2026, a total of 20 people were displaced by Flood which destroyed 6 houses. Instituto Nacional de Defensa Civil (INDECI) - 18 February 2026",,Flood
239494,Peru,PER,-6.5719404,-76.1342717,"[-6.5719404, -76.1342717]",Recommended figure,Disaster,total,3,2026-01-13,2026-01-13,2026-01-13,2026,40291,Peru: Storm - San Martín - 01/01/2026,,,2026-01-01,2026-01-31,Weather related,Meteorological,Storm,Storm,,Instituto Nacional de Defensa Civil (INDECI),,"Chazuta, Province of San Martín, San Martín, Peru","-6.5719404, -76.1342717",County/City/town/Village/Woreda (ADM3),Origin,,2026-02-19T11:46:52.193111Z,"Peru: 3 displacements (partially destroyed housing), 13 January - 13 January. According to IDMC calculations based on data from INDECI, on 13 January 2026, a total of 3 people were displaced by Storm which made uninhabitable one house. Instituto Nacional de Defensa Civil (INDECI) - 18 February 2026",,Storm
238145,Peru,PER,-13.9202424,-74.3345526,"[-13.9202424, -74.3345526]",Recommended figure,Disaster,total,3,2026-01-13,2026-01-13,2026-01-13,2026,40256,Peru: Flood - Ayacucho - 01/01/2026,,,2026-01-01,2026-01-31,Weather related,Hydrological,Flood,Flood,,Instituto Nacional de Defensa Civil (INDECI),,"Huanca Sancos, Huanca Sancos Province, Ayacucho, Peru","-13.9202424, -74.3345526",County/City/town/Village/Woreda (ADM3),Origin,,2026-02-19T09:17:00.811559Z,"Peru: 3 displacements (partially destroyed housing), 13 January - 13 January. According to IDMC calculations based on data from INDECI, on 13 January 2026, a total of 3 people were displaced by Flood which made uninhabitable one house. Instituto Nacional de Defensa Civil (INDECI) - 18 February 2026",,Flood
238248,Peru,PER,-13.80884,-73.7577858,"[-13.80884, -73.7577858]",Recommended figure,Disaster,total,3,2026-01-13,2026-01-13,2026-01-13,2026,40256,Peru: Flood - Ayacucho - 01/01/2026,,,2026-01-01,2026-01-31,Weather related,Hydrological,Flood,Flood,,Instituto Nacional de Defensa Civil (INDECI),,"Belén, Province of Sucre, Ayacucho, Peru","-13.80884, -73.7577858",County/City/town/Village/Woreda (ADM3),Origin,,2026-02-19T09:26:50.817683Z,"Peru: 3 displacements (partially destroyed housing), 13 January - 13 January. According to IDMC calculations based on data from INDECI, on 13 January 2026, a total of 3 people were displaced by Flood which made uninhabitable one house. Instituto Nacional de Defensa Civil (INDECI) - 18 February 2026",,Flood
238596,Peru,PER,-12.5947537,-75.0196367,"[-12.5947537, -75.0196367]",Recommended figure,Disaster,total,24,2026-01-13,2026-01-13,2026-01-13,2026,40263,Peru: Flood - Huancavelica - 01/01/2026,,,2026-01-01,2026-01-31,Weather related,Hydrological,Flood,Flood,,Instituto Nacional de Defensa Civil (INDECI),,"Nuevo Occoro, Province of Huancavelica, Huancavelica, Peru","-12.5947537, -75.0196367",County/City/town/Village/Woreda (ADM3),Origin,,2026-02-19T10:01:46.180436Z,"Peru: 24 displacements, 13 January - 13 January. According to IDMC calculations based on data from INDECI, on 13 January 2026, a total of 24 people were displaced by Flood which made uninhabitable or destroyed 7 houses. Instituto Nacional de Defensa Civil (INDECI) - 18 February 2026",,Flood
238757,Peru,PER,-12.3652754,-75.0547686,"[-12.3652754, -75.0547686]",Recommended figure,Disaster,total,17,2026-01-13,2026-01-13,2026-01-13,2026,40263,Peru: Flood - Huancavelica - 01/01/2026,,,2026-01-01,2026-01-31,Weather related,Hydrological,Flood,Flood,,Instituto Nacional de Defensa Civil (INDECI),,"Acostambo, Province of Tayacaja, Huancavelica, Peru","-12.3652754, -75.0547686",County/City/town/Village/Woreda (ADM3),Origin,,2026-02-19T10:15:34.256159Z,"Peru: 17 displacements (partially destroyed housing), 13 January - 13 January. According to IDMC calculations based on data from INDECI, on 13 January 2026, a total of 17 people were displaced by Flood which made uninhabitable 5 houses. Instituto Nacional de Defensa Civil (INDECI) - 18 February 2026",,Flood
238593,Peru,PER,-13.2151286,-71.6485302,"[-13.2151286, -71.6485302]",Recommended figure,Disaster,total,3,2026-01-13,2026-01-13,2026-01-13,2026,40248,Peru: Dry mass movement - Cusco - 01/01/2026,,,2026-01-01,2026-01-31,Geophysical,Geophysical,Mass Movement,Dry mass movement,,Instituto Nacional de Defensa Civil (INDECI),,"Challabamba, Province of Paucartambo, Cusco, Peru","-13.2151286, -71.6485302",County/City/town/Village/Woreda (ADM3),Origin,,2026-02-19T10:01:46.041258Z,"Peru: 3 displacements (partially destroyed housing), 13 January - 13 January. According to IDMC calculations based on data from INDECI, on 13 January 2026, a total of 3 people were displaced by Dry mass movement which made uninhabitable one house. Instituto Nacional de Defensa Civil (INDECI) - 18 February 2026",,Mass Movement
237881,Peru,PER,-6.2310163,-77.9549396,"[-6.2310163, -77.9549396]",Recommended figure,Disaster,total,3,2026-01-13,2026-01-13,2026-01-13,2026,40265,Peru: Flood - Amazonas - 01/01/2026,,,2026-01-01,2026-01-31,Weather related,Hydrological,Flood,Flood,,Instituto Nacional de Defensa Civil (INDECI),,"Lonya Chico, Province of Luya, Amazonas, Peru","-6.2310163, -77.9549396",County/City/town/Village/Woreda (ADM3),Origin,,2026-02-19T08:59:29.407477Z,"Peru: 3 displacements (partially destroyed housing), 13 January - 13 January. According to IDMC calculations based on data from INDECI, on 13 January 2026, a total of 3 people were displaced by Flood which made uninhabitable one house. Instituto Nacional de Defensa Civil (INDECI) - 18 February 2026",,Flood
238167,Peru,PER,-12.9483405,-74.0198557,"[-12.9483405, -74.0198557]",Recommended figure,Disaster,total,3,2026-01-13,2026-01-13,2026-01-13,2026,40256,Peru: Flood - Ayacucho - 01/01/2026,,,2026-01-01,2026-01-31,Weather related,Hydrological,Flood,Flood,,Instituto Nacional de Defensa Civil (INDECI),,"Tambo, La Mar, Ayacucho, Peru","-12.9483405, -74.0198557",County/City/town/Village/Woreda (ADM3),Origin,,2026-02-19T09:17:09.105817Z,"Peru: 3 displacements (partially destroyed housing), 13 January - 13 January. According to IDMC calculations based on data from INDECI, on 13 January 2026, a total of 3 people were displaced by Flood which made uninhabitable one house. Instituto Nacional de Defensa Civil (INDECI) - 18 February 2026",,Flood
239086,Peru,PER,-4.6269859,-79.9453372,"[-4.6269859, -79.9453372]",Recommended figure,Disaster,total,156,2026-01-13,2026-01-13,2026-01-13,2026,40273,Peru: Flood - Piura - 01/01/2026,,,2026-01-01,2026-01-31,Weather related,Hydrological,Flood,Flood,,Instituto Nacional de Defensa Civil (INDECI),,"Paimas, Province of Ayabaca, Piura, Peru","-4.6269859, -79.9453372",County/City/town/Village/Woreda (ADM3),Origin,,2026-02-19T10:55:35.557480Z,"Peru: 156 displacements, 13 January - 13 January. According to IDMC calculations based on data from INDECI, on 13 January 2026, a total of 155 people were displaced by Flood which made uninhabitable or destroyed 45 houses. Instituto Nacional de Defensa Civil (INDECI) - 18 February 2026",,Flood
238277,Peru,PER,-13.8846729,-73.8570602,"[-13.8846729, -73.8570602]",Recommended figure,Disaster,total,10,2026-01-13,2026-01-13,2026-01-13,2026,40256,Peru: Flood - Ayacucho - 01/01/2026,,,2026-01-01,2026-01-31,Weather related,Hydrological,Flood,Flood,,Instituto Nacional de Defensa Civil (INDECI),,"Independencia, Province of Vilcas Huamán, Ayacucho, Peru","-13.8846729, -73.8570602",County/City/town/Village/Woreda (ADM3),Origin,,2026-02-19T09:26:58.760649Z,"Peru: 10 displacements (partially destroyed housing), 13 January - 13 January. According to IDMC calculations based on data from INDECI, on 13 January 2026, a total of 10 people were displaced by Flood which made uninhabitable 3 houses. Instituto Nacional de Defensa Civil (INDECI) - 18 February 2026",,Flood
238433,Peru,PER,-6.1634022,-78.5978979,"[-6.1634022, -78.5978979]",Recommended figure,Disaster,total,10,2026-01-13,2026-01-13,2026-01-13,2026,40259,Peru: Flood - Cajamarca - 01/01/2026,,,2026-01-01,2026-01-31,Weather related,Hydrological,Flood,Flood,,Instituto Nacional de Defensa Civil (INDECI),,"San Juan de Cutervo, Province of Cutervo, Cajamarca, Peru","-6.1634022, -78.5978979",County/City/town/Village/Woreda (ADM3),Origin,,2026-02-19T09:37:29.117714Z,"Peru: 10 displacements, 13 January - 13 January. According to IDMC calculations based on data from INDECI, on 13 January 2026, a total of 10 people were displaced by Flood which made uninhabitable or destroyed 3 houses. Instituto Nacional de Defensa Civil (INDECI) - 18 February 2026",,Flood
238406,Peru,PER,-6.5132567,-78.3289876,"[-6.5132567, -78.3289876]",Recommended figure,Disaster,total,107,2026-01-13,2026-01-13,2026-01-13,2026,40259,Peru: Flood - Cajamarca - 01/01/2026,,,2026-01-01,2026-01-31,Weather related,Hydrological,Flood,Flood,,Instituto Nacional de Defensa Civil (INDECI),,"Cortegana, Province of Celendín, Cajamarca, Peru","-6.5132567, -78.3289876",County/City/town/Village/Woreda (ADM3),Origin,,2026-02-19T09:37:23.191729Z,"Peru: 107 displacements, 13 January - 13 January. According to IDMC calculations based on data from INDECI, on 13 January 2026, a total of 107 people were displaced by Flood which made uninhabitable or destroyed 31 houses. Instituto Nacional de Defensa Civil (INDECI) - 18 February 2026",,Flood
238778,Peru,PER,-10.9489915,-75.2288746,"[-10.9489915, -75.2288746]",Recommended figure,Disaster,total,3,2026-01-13,2026-01-13,2026-01-13,2026,40254,Peru: Landslide/Wet mass movement - Junín - 01/01/2026,,,2026-01-01,2026-01-31,Weather related,Hydrological,Mass Movement,Landslide/Wet mass movement,,Instituto Nacional de Defensa Civil (INDECI),,"Perené, Province of Chanchamayo, Junín, Peru","-10.9489915, -75.2288746",County/City/town/Village/Woreda (ADM3),Origin,,2026-02-19T10:15:46.028426Z,"Peru: 3 displacements (destroyed housing), 13 January - 13 January. According to IDMC calculations based on data from INDECI, on 13 January 2026, a total of 3 people were displaced by Landslide/Wet mass movement which destroyed one house. Instituto Nacional de Defensa Civil (INDECI) - 18 February 2026",,Mass Movement
239221,Peru,PER,-14.32141,-69.4654,"[-14.32141, -69.4654]",Recommended figure,Disaster,total,3,2026-01-13,2026-01-13,2026-01-13,2026,40269,Peru: Flood - Puno - 01/01/2026,,,2026-01-01,2026-01-31,Weather related,Hydrological,Flood,Flood,,Instituto Nacional de Defensa Civil (INDECI),,"Sandia, Sandia Province, Puno, Peru","-14.32141, -69.4654",County/City/town/Village/Woreda (ADM3),Origin,,2026-02-19T11:09:26.052528Z,"Peru: 3 displacements (partially destroyed housing), 13 January - 13 January. According to IDMC calculations based on data from INDECI, on 13 January 2026, a total of 3 people were displaced by Flood which made uninhabitable one house. Instituto Nacional de Defensa Civil (INDECI) - 18 February 2026",,Flood
238156,Peru,PER,-13.16861,-73.86604,"[-13.16861, -73.86604]",Recommended figure,Disaster,total,21,2026-01-13,2026-01-13,2026-01-13,2026,40256,Peru: Flood - Ayacucho - 01/01/2026,,,2026-01-01,2026-01-31,Weather related,Hydrological,Flood,Flood,,Instituto Nacional de Defensa Civil (INDECI),,"Chilcas, La Mar Province, Ayacucho, Peru","-13.16861, -73.86604",County/City/town/Village/Woreda (ADM3),Origin,,2026-02-19T09:17:08.477924Z,"Peru: 21 displacements (partially destroyed housing), 13 January - 13 January. According to IDMC calculations based on data from INDECI, on 13 January 2026, a total of 20 people were displaced by Flood which made uninhabitable 6 houses. Instituto Nacional de Defensa Civil (INDECI) - 18 February 2026",,Flood
237893,Peru,PER,-6.3854681,-77.546239,"[-6.3854681, -77.546239]",Recommended figure,Disaster,total,10,2026-01-13,2026-01-13,2026-01-13,2026,40265,Peru: Flood - Amazonas - 01/01/2026,,,2026-01-01,2026-01-31,Weather related,Hydrological,Flood,Flood,,Instituto Nacional de Defensa Civil (INDECI),,"Longar, Province of Rodríguez de Mendoza, Amazonas, Peru","-6.3854681, -77.546239",County/City/town/Village/Woreda (ADM3),Origin,,2026-02-19T08:59:36.318522Z,"Peru: 10 displacements (partially destroyed housing), 13 January - 13 January. According to IDMC calculations based on data from INDECI, on 13 January 2026, a total of 10 people were displaced by Flood which made uninhabitable 3 houses. Instituto Nacional de Defensa Civil (INDECI) - 18 February 2026",,Flood
238633,Peru,PER,-12.5185266,-74.5477628,"[-12.5185266, -74.5477628]",Recommended figure,Disaster,total,176,2026-01-13,2026-01-13,2026-01-13,2026,40263,Peru: Flood - Huancavelica - 01/01/2026,,,2026-01-01,2026-01-31,Weather related,Hydrological,Flood,Flood,,Instituto Nacional de Defensa Civil (INDECI),,"Chinchihuasi, Province of Churcampa, Huancavelica, Peru","-12.5185266, -74.5477628",County/City/town/Village/Woreda (ADM3),Origin,,2026-02-19T10:01:52.749220Z,"Peru: 176 displacements, 13 January - 13 January. According to IDMC calculations based on data from INDECI, on 13 January 2026, a total of 176 people were displaced by Flood which made uninhabitable or destroyed 51 houses. Instituto Nacional de Defensa Civil (INDECI) - 18 February 2026",,Flood
238977,Peru,PER,-11.7879517,-75.9370765,"[-11.7879517, -75.9370765]",Recommended figure,Disaster,total,3,2026-01-13,2026-01-13,2026-01-13,2026,40262,Peru: Flood - Junín - 01/01/2026,,,2026-01-01,2026-01-31,Weather related,Hydrological,Flood,Flood,,Instituto Nacional de Defensa Civil (INDECI),,"Suitucancha, Province of Yauli, Junín, Peru","-11.7879517, -75.9370765",County/City/town/Village/Woreda (ADM3),Origin,,2026-02-19T10:44:55.257269Z,"Peru: 3 displacements (partially destroyed housing), 13 January - 13 January. According to IDMC calculations based on data from INDECI, on 13 January 2026, a total of 3 people were displaced by Flood which made uninhabitable one house. Instituto Nacional de Defensa Civil (INDECI) - 18 February 2026",,Flood
239492,Peru,PER,-6.4877198,-76.3598708,"[-6.4877198, -76.3598708]",Recommended figure,Disaster,total,10,2026-01-13,2026-01-13,2026-01-13,2026,40266,Peru: Flood - San Martín - 01/01/2026,,,2026-01-01,2026-01-31,Weather related,Hydrological,Flood,Flood,,Instituto Nacional de Defensa Civil (INDECI),,"Tarapoto, Province of San Martín, San Martín, Peru","-6.4877198, -76.3598708",County/City/town/Village/Woreda (ADM3),Origin,,2026-02-19T11:46:52.109075Z,"Peru: 10 displacements (partially destroyed housing), 13 January - 13 January. According to IDMC calculations based on data from INDECI, on 13 January 2026, a total of 10 people were displaced by Flood which made uninhabitable 3 houses. Instituto Nacional de Defensa Civil (INDECI) - 18 February 2026",,Flood
239498,Peru,PER,-6.4993514,-76.4204988,"[-6.4993514, -76.4204988]",Recommended figure,Disaster,total,7,2026-01-13,2026-01-13,2026-01-13,2026,40266,Peru: Flood - San Martín - 01/01/2026,,,2026-01-01,2026-01-31,Weather related,Hydrological,Flood,Flood,,Instituto Nacional de Defensa Civil (INDECI),,"Morales, Province of San Martín, San Martín, Peru","-6.4993514, -76.4204988",County/City/town/Village/Woreda (ADM3),Origin,,2026-02-19T11:46:52.400277Z,"Peru: 7 displacements (partially destroyed housing), 13 January - 13 January. According to IDMC calculations based on data from INDECI, on 13 January 2026, a total of 6 people were displaced by Flood which made uninhabitable 2 houses. Instituto Nacional de Defensa Civil (INDECI) - 18 February 2026",,Flood
238994,Peru,PER,-7.8670293,-74.8994093,"[-7.8670293, -74.8994093]",Recommended figure,Disaster,total,225,2026-01-13,2026-01-13,2026-01-13,2026,40305,Peru: Erosion - Loreto - 01/01/2026,,,2026-01-01,2026-01-31,Weather related,Climatological,Erosion,Erosion,,Instituto Nacional de Defensa Civil (INDECI),,"Padre Márquez, Province of Ucayali, Loreto, Peru","-7.8670293, -74.8994093",County/City/town/Village/Woreda (ADM3),Origin,,2026-02-19T10:44:57.419605Z,"Peru: 225 displacements, 13 January - 13 January. According to IDMC calculations based on data from INDECI, on 13 January 2026, a total of 224 people were displaced by Erosion which made uninhabitable or destroyed 65 houses. Instituto Nacional de Defensa Civil (INDECI) - 18 February 2026",,Erosion
238155,Peru,PER,-12.72867,-73.89114,"[-12.72867, -73.89114]",Recommended figure,Disaster,total,10,2026-01-13,2026-01-13,2026-01-13,2026,40256,Peru: Flood - Ayacucho - 01/01/2026,,,2026-01-01,2026-01-31,Weather related,Hydrological,Flood,Flood,,Instituto Nacional de Defensa Civil (INDECI),,"Ayna, La Mar Province, Ayacucho, Peru","-12.72867, -73.89114",County/City/town/Village/Woreda (ADM3),Origin,,2026-02-19T09:17:08.432466Z,"Peru: 10 displacements (partially destroyed housing), 13 January - 13 January. According to IDMC calculations based on data from INDECI, on 13 January 2026, a total of 10 people were displaced by Flood which made uninhabitable 3 houses. Instituto Nacional de Defensa Civil (INDECI) - 18 February 2026",,Flood
238171,Peru,PER,-12.86025,-73.72074,"[-12.86025, -73.72074]",Recommended figure,Disaster,total,69,2026-01-12,2026-01-12,2026-01-12,2026,40302,Peru: Storm - Ayacucho - 01/01/2026,,,2026-01-01,2026-01-31,Weather related,Meteorological,Storm,Storm,,Instituto Nacional de Defensa Civil (INDECI),,"Samugari, La Mar Province, Ayacucho, Peru","-12.86025, -73.72074",County/City/town/Village/Woreda (ADM3),Origin,,2026-02-19T09:17:09.286508Z,"Peru: 69 displacements (partially destroyed housing), 12 January - 12 January. According to IDMC calculations based on data from INDECI, on 12 January 2026, a total of 69 people were displaced by Storm which made uninhabitable 20 houses. Instituto Nacional de Defensa Civil (INDECI) - 18 February 2026",,Storm
238614,Peru,PER,-12.9560195,-74.4922582,"[-12.9560195, -74.4922582]",Recommended figure,Disaster,total,3,2026-01-12,2026-01-12,2026-01-12,2026,40263,Peru: Flood - Huancavelica - 01/01/2026,,,2026-01-01,2026-01-31,Weather related,Hydrological,Flood,Flood,,Instituto Nacional de Defensa Civil (INDECI),,"Congalla, Province of Angaraes, Huancavelica, Peru","-12.9560195, -74.4922582",County/City/town/Village/Woreda (ADM3),Origin,,2026-02-19T10:01:47.105533Z,"Peru: 3 displacements (partially destroyed housing), 12 January - 12 January. According to IDMC calculations based on data from INDECI, on 12 January 2026, a total of 3 people were displaced by Flood which made uninhabitable one house. Instituto Nacional de Defensa Civil (INDECI) - 18 February 2026",,Flood
238430,Peru,PER,-6.1634022,-78.5978979,"[-6.1634022, -78.5978979]",Recommended figure,Disaster,total,24,2026-01-12,2026-01-12,2026-01-12,2026,40259,Peru: Flood - Cajamarca - 01/01/2026,,,2026-01-01,2026-01-31,Weather related,Hydrological,Flood,Flood,,Instituto Nacional de Defensa Civil (INDECI),,"San Juan de Cutervo, Province of Cutervo, Cajamarca, Peru","-6.1634022, -78.5978979",County/City/town/Village/Woreda (ADM3),Origin,,2026-02-19T09:37:28.984041Z,"Peru: 24 displacements (destroyed housing), 12 January - 12 January. According to IDMC calculations based on data from INDECI, on 12 January 2026, a total of 24 people were displaced by Flood which destroyed 7 houses. Instituto Nacional de Defensa Civil (INDECI) - 18 February 2026",,Flood
239190,Peru,PER,-4.5694092,-79.7777647,"[-4.5694092, -79.7777647]",Recommended figure,Disaster,total,166,2026-01-12,2026-01-12,2026-01-12,2026,40273,Peru: Flood - Piura - 01/01/2026,,,2026-01-01,2026-01-31,Weather related,Hydrological,Flood,Flood,,Instituto Nacional de Defensa Civil (INDECI),,"Sícchez, Province of Ayabaca, Piura, Peru","-4.5694092, -79.7777647",County/City/town/Village/Woreda (ADM3),Origin,,2026-02-19T11:09:19.232370Z,"Peru: 166 displacements (partially destroyed housing), 12 January - 12 January. According to IDMC calculations based on data from INDECI, on 12 January 2026, a total of 166 people were displaced by Flood which made uninhabitable 48 houses. Instituto Nacional de Defensa Civil (INDECI) - 18 February 2026",,Flood
238273,Peru,PER,-13.5326521,-73.8751428,"[-13.5326521, -73.8751428]",Recommended figure,Disaster,total,3,2026-01-12,2026-01-12,2026-01-12,2026,40256,Peru: Flood - Ayacucho - 01/01/2026,,,2026-01-01,2026-01-31,Weather related,Hydrological,Flood,Flood,,Instituto Nacional de Defensa Civil (INDECI),,"Concepción, Province of Vilcas Huamán, Ayacucho, Peru","-13.5326521, -73.8751428",County/City/town/Village/Woreda (ADM3),Origin,,2026-02-19T09:26:58.355212Z,"Peru: 3 displacements (partially destroyed housing), 12 January - 12 January. According to IDMC calculations based on data from INDECI, on 12 January 2026, a total of 3 people were displaced by Flood which made uninhabitable one house. Instituto Nacional de Defensa Civil (INDECI) - 18 February 2026",,Flood
238551,Peru,PER,-5.3160315,-79.2831531,"[-5.3160315, -79.2831531]",Recommended figure,Disaster,total,3,2026-01-12,2026-01-12,2026-01-12,2026,40259,Peru: Flood - Cajamarca - 01/01/2026,,,2026-01-01,2026-01-31,Weather related,Hydrological,Flood,Flood,,Instituto Nacional de Defensa Civil (INDECI),,"Tabaconas, Province of San Ignacio, Cajamarca, Peru","-5.3160315, -79.2831531",County/City/town/Village/Woreda (ADM3),Origin,,2026-02-19T09:48:53.019694Z,"Peru: 3 displacements (partially destroyed housing), 12 January - 12 January. According to IDMC calculations based on data from INDECI, on 12 January 2026, a total of 3 people were displaced by Flood which made uninhabitable one house. Instituto Nacional de Defensa Civil (INDECI) - 18 February 2026",,Flood
239004,Peru,PER,-12.0164673,-70.9139793,"[-12.0164673, -70.9139793]",Recommended figure,Disaster,total,3,2026-01-12,2026-01-12,2026-01-12,2026,40295,Peru: Storm - Madre de Dios - 01/01/2026,,,2026-01-01,2026-01-31,Weather related,Meteorological,Storm,Storm,,Instituto Nacional de Defensa Civil (INDECI),,"Fitzcarrald, Province of Manú, Madre de Dios, Peru","-12.0164673, -70.9139793",County/City/town/Village/Woreda (ADM3),Origin,,2026-02-19T10:45:04.054719Z,"Peru: 3 displacements (partially destroyed housing), 12 January - 12 January. According to IDMC calculations based on data from INDECI, on 12 January 2026, a total of 3 people were displaced by Storm which made uninhabitable one house. Instituto Nacional de Defensa Civil (INDECI) - 18 February 2026",,Storm
238573,Peru,PER,-14.493941,-71.1551204,"[-14.493941, -71.1551204]",Recommended figure,Disaster,total,3,2026-01-12,2026-01-12,2026-01-12,2026,40293,Peru: Storm - Cusco - 01/01/2026,,,2026-01-01,2026-01-31,Weather related,Meteorological,Storm,Storm,,Instituto Nacional de Defensa Civil (INDECI),,"Layo, Province of Canas, Cusco, Peru","-14.493941, -71.1551204",County/City/town/Village/Woreda (ADM3),Origin,,2026-02-19T09:48:58.463924Z,"Peru: 3 displacements (destroyed housing), 12 January - 12 January. According to IDMC calculations based on data from INDECI, on 12 January 2026, a total of 3 people were displaced by Storm which destroyed one house. Instituto Nacional de Defensa Civil (INDECI) - 18 February 2026",,Storm
238574,Peru,PER,-14.4500414,-72.081998,"[-14.4500414, -72.081998]",Recommended figure,Disaster,total,3,2026-01-12,2026-01-12,2026-01-12,2026,40293,Peru: Storm - Cusco - 01/01/2026,,,2026-01-01,2026-01-31,Weather related,Meteorological,Storm,Storm,,Instituto Nacional de Defensa Civil (INDECI),,"Santo Tomás, Province of Chumbivilcas, Cusco, Peru","-14.4500414, -72.081998",County/City/town/Village/Woreda (ADM3),Origin,,2026-02-19T09:48:58.505534Z,"Peru: 3 displacements (destroyed housing), 12 January - 12 January. According to IDMC calculations based on data from INDECI, on 12 January 2026, a total of 3 people were displaced by Storm which destroyed one house. Instituto Nacional de Defensa Civil (INDECI) - 18 February 2026",,Storm
238987,Peru,PER,-3.4996924,-73.041948,"[-3.4996924, -73.041948]",Recommended figure,Disaster,total,10,2026-01-12,2026-01-12,2026-01-12,2026,40305,Peru: Erosion - Loreto - 01/01/2026,,,2026-01-01,2026-01-31,Weather related,Climatological,Erosion,Erosion,,Instituto Nacional de Defensa Civil (INDECI),,"Indiana, Province of Maynas, Loreto, Peru","-3.4996924, -73.041948",County/City/town/Village/Woreda (ADM3),Origin,,2026-02-19T10:44:56.318202Z,"Peru: 10 displacements (destroyed housing), 12 January - 12 January. According to IDMC calculations based on data from INDECI, on 12 January 2026, a total of 10 people were displaced by Erosion which destroyed 3 houses. Instituto Nacional de Defensa Civil (INDECI) - 18 February 2026",,Erosion
238766,Peru,PER,-9.7954978,-75.9955698,"[-9.7954978, -75.9955698]",Recommended figure,Disaster,total,3,2026-01-12,2026-01-12,2026-01-12,2026,40257,Peru: Flood - Huánuco - 01/01/2026,,,2026-01-01,2026-01-31,Weather related,Hydrological,Flood,Flood,,Instituto Nacional de Defensa Civil (INDECI),,"San Pablo de Pillao, Province of Huánuco, Huánuco, Peru","-9.7954978, -75.9955698",County/City/town/Village/Woreda (ADM3),Origin,,2026-02-19T10:15:44.227323Z,"Peru: 3 displacements (partially destroyed housing), 12 January - 12 January. According to IDMC calculations based on data from INDECI, on 12 January 2026, a total of 3 people were displaced by Flood which made uninhabitable one house. Instituto Nacional de Defensa Civil (INDECI) - 18 February 2026",,Flood
237968,Peru,PER,-8.3261608,-77.5817182,"[-8.3261608, -77.5817182]",Recommended figure,Disaster,total,3,2026-01-12,2026-01-12,2026-01-12,2026,40264,Peru: Flood - Ancash - 01/01/2026,,,2026-01-01,2026-01-31,Weather related,Hydrological,Flood,Flood,,Instituto Nacional de Defensa Civil (INDECI),,"Acobamba, Province of Sihuas, Ancash, Peru","-8.3261608, -77.5817182",County/City/town/Village/Woreda (ADM3),Origin,,2026-02-19T09:07:53.647944Z,"Peru: 3 displacements (partially destroyed housing), 12 January - 12 January. According to IDMC calculations based on data from INDECI, on 12 January 2026, a total of 3 people were displaced by Flood which made uninhabitable one house. Instituto Nacional de Defensa Civil (INDECI) - 18 February 2026",,Flood
238002,Peru,PER,-14.1054248,-72.7079361,"[-14.1054248, -72.7079361]",Recommended figure,Disaster,total,3,2026-01-12,2026-01-12,2026-01-12,2026,40301,Peru: Storm - Apurímac - 01/01/2026,,,2026-01-01,2026-01-31,Weather related,Meteorological,Storm,Storm,,Instituto Nacional de Defensa Civil (INDECI),,"Chuquibambilla, Province of Grau, Apurímac, Peru","-14.1054248, -72.7079361",County/City/town/Village/Woreda (ADM3),Origin,,2026-02-19T09:08:04.040467Z,"Peru: 3 displacements (partially destroyed housing), 12 January - 12 January. According to IDMC calculations based on data from INDECI, on 12 January 2026, a total of 3 people were displaced by Storm which made uninhabitable one house. Instituto Nacional de Defensa Civil (INDECI) - 18 February 2026",,Storm
239204,Peru,PER,-5.3943603,-79.3594952,"[-5.3943603, -79.3594952]",Recommended figure,Disaster,total,45,2026-01-11,2026-01-11,2026-01-11,2026,40273,Peru: Flood - Piura - 01/01/2026,,,2026-01-01,2026-01-31,Weather related,Hydrological,Flood,Flood,,Instituto Nacional de Defensa Civil (INDECI),,"Sondor, Province of Huancabamba, Piura, Peru","-5.3943603, -79.3594952",County/City/town/Village/Woreda (ADM3),Origin,,2026-02-19T11:09:20.254086Z,"Peru: 45 displacements, 11 January - 11 January. According to IDMC calculations based on data from INDECI, on 11 January 2026, a total of 44 people were displaced by Flood which made uninhabitable or destroyed 13 houses. Instituto Nacional de Defensa Civil (INDECI) - 18 February 2026",,Flood
238570,Peru,PER,-14.493941,-71.1551204,"[-14.493941, -71.1551204]",Recommended figure,Disaster,total,3,2026-01-11,2026-01-11,2026-01-11,2026,40293,Peru: Storm - Cusco - 01/01/2026,,,2026-01-01,2026-01-31,Weather related,Meteorological,Storm,Storm,,Instituto Nacional de Defensa Civil (INDECI),,"Layo, Province of Canas, Cusco, Peru","-14.493941, -71.1551204",County/City/town/Village/Woreda (ADM3),Origin,,2026-02-19T09:48:58.332213Z,"Peru: 3 displacements (destroyed housing), 11 January - 11 January. According to IDMC calculations based on data from INDECI, on 11 January 2026, a total of 3 people were displaced by Storm which destroyed one house. Instituto Nacional de Defensa Civil (INDECI) - 18 February 2026",,Storm
238600,Peru,PER,-12.81718,-74.82902,"[-12.81718, -74.82902]",Recommended figure,Disaster,total,215,2026-01-11,2026-01-11,2026-01-11,2026,40263,Peru: Flood - Huancavelica - 01/01/2026,,,2026-01-01,2026-01-31,Weather related,Hydrological,Flood,Flood,,Instituto Nacional de Defensa Civil (INDECI),,"Yauli, Huancavelica Province, Huancavelica, Peru","-12.81718, -74.82902",County/City/town/Village/Woreda (ADM3),Origin,,2026-02-19T10:01:46.404057Z,"Peru: 215 displacements (partially destroyed housing), 11 January - 11 January. According to IDMC calculations based on data from INDECI, on 11 January 2026, a total of 214 people were displaced by Flood which made uninhabitable 62 houses. Instituto Nacional de Defensa Civil (INDECI) - 18 February 2026",,Flood
238001,Peru,PER,-14.1054248,-72.7079361,"[-14.1054248, -72.7079361]",Recommended figure,Disaster,total,3,2026-01-11,2026-01-11,2026-01-11,2026,40301,Peru: Storm - Apurímac - 01/01/2026,,,2026-01-01,2026-01-31,Weather related,Meteorological,Storm,Storm,,Instituto Nacional de Defensa Civil (INDECI),,"Chuquibambilla, Province of Grau, Apurímac, Peru","-14.1054248, -72.7079361",County/City/town/Village/Woreda (ADM3),Origin,,2026-02-19T09:08:03.948741Z,"Peru: 3 displacements (partially destroyed housing), 11 January - 11 January. According to IDMC calculations based on data from INDECI, on 11 January 2026, a total of 3 people were displaced by Storm which made uninhabitable one house. Instituto Nacional de Defensa Civil (INDECI) - 18 February 2026",,Storm
239085,Peru,PER,-4.6853927,-79.6452624,"[-4.6853927, -79.6452624]",Recommended figure,Disaster,total,76,2026-01-11,2026-01-11,2026-01-11,2026,40273,Peru: Flood - Piura - 01/01/2026,,,2026-01-01,2026-01-31,Weather related,Hydrological,Flood,Flood,,Instituto Nacional de Defensa Civil (INDECI),,"Distrito de Ayabaca, Province of Ayabaca, Piura, Peru","-4.6853927, -79.6452624",County/City/town/Village/Woreda (ADM3),Origin,,2026-02-19T10:55:35.422618Z,"Peru: 76 displacements (partially destroyed housing), 11 January - 11 January. According to IDMC calculations based on data from INDECI, on 11 January 2026, a total of 76 people were displaced by Flood which made uninhabitable 22 houses. Instituto Nacional de Defensa Civil (INDECI) - 18 February 2026",,Flood
239001,Peru,PER,-12.0164673,-70.9139793,"[-12.0164673, -70.9139793]",Recommended figure,Disaster,total,10,2026-01-11,2026-01-11,2026-01-11,2026,40295,Peru: Storm - Madre de Dios - 01/01/2026,,,2026-01-01,2026-01-31,Weather related,Meteorological,Storm,Storm,,Instituto Nacional de Defensa Civil (INDECI),,"Fitzcarrald, Province of Manú, Madre de Dios, Peru","-12.0164673, -70.9139793",County/City/town/Village/Woreda (ADM3),Origin,,2026-02-19T10:44:58.253343Z,"Peru: 10 displacements (destroyed housing), 11 January - 11 January. According to IDMC calculations based on data from INDECI, on 11 January 2026, a total of 10 people were displaced by Storm which destroyed 3 houses. Instituto Nacional de Defensa Civil (INDECI) - 18 February 2026",,Storm
238413,Peru,PER,-6.7234922,-78.2823411,"[-6.7234922, -78.2823411]",Recommended figure,Disaster,total,3,2026-01-11,2026-01-11,2026-01-11,2026,40296,Peru: Storm - Cajamarca - 01/01/2026,,,2026-01-01,2026-01-31,Weather related,Meteorological,Storm,Storm,,Instituto Nacional de Defensa Civil (INDECI),,"La Libertad de Pallán, Province of Celendín, Cajamarca, Peru","-6.7234922, -78.2823411",County/City/town/Village/Woreda (ADM3),Origin,,2026-02-19T09:37:23.579068Z,"Peru: 3 displacements (partially destroyed housing), 11 January - 11 January. According to IDMC calculations based on data from INDECI, on 11 January 2026, a total of 3 people were displaced by Storm which made uninhabitable one house. Instituto Nacional de Defensa Civil (INDECI) - 18 February 2026",,Storm
238552,Peru,PER,-7.368345,-78.1304423,"[-7.368345, -78.1304423]",Recommended figure,Disaster,total,3,2026-01-11,2026-01-11,2026-01-11,2026,40259,Peru: Flood - Cajamarca - 01/01/2026,,,2026-01-01,2026-01-31,Weather related,Hydrological,Flood,Flood,,Instituto Nacional de Defensa Civil (INDECI),,"Ichocán, Province of San Marcos, Cajamarca, Peru","-7.368345, -78.1304423",County/City/town/Village/Woreda (ADM3),Origin,,2026-02-19T09:48:53.062865Z,"Peru: 3 displacements (partially destroyed housing), 11 January - 11 January. According to IDMC calculations based on data from INDECI, on 11 January 2026, a total of 3 people were displaced by Flood which made uninhabitable one house. Instituto Nacional de Defensa Civil (INDECI) - 18 February 2026",,Flood
238769,Peru,PER,-9.1962396,-75.9736245,"[-9.1962396, -75.9736245]",Recommended figure,Disaster,total,3,2026-01-10,2026-01-10,2026-01-10,2026,40257,Peru: Flood - Huánuco - 01/01/2026,,,2026-01-01,2026-01-31,Weather related,Hydrological,Flood,Flood,,Instituto Nacional de Defensa Civil (INDECI),,"Luyando, Province of Leoncio Prado, Huánuco, Peru","-9.1962396, -75.9736245",County/City/town/Village/Woreda (ADM3),Origin,,2026-02-19T10:15:44.695672Z,"Peru: 3 displacements (destroyed housing), 10 January - 10 January. According to IDMC calculations based on data from INDECI, on 10 January 2026, a total of 3 people were displaced by Flood which destroyed one house. Instituto Nacional de Defensa Civil (INDECI) - 18 February 2026",,Flood
238581,Peru,PER,-12.6203873,-73.7885096,"[-12.6203873, -73.7885096]",Recommended figure,Disaster,total,35,2026-01-10,2026-01-10,2026-01-10,2026,40260,Peru: Flood - Cusco - 01/01/2026,,,2026-01-01,2026-01-31,Weather related,Hydrological,Flood,Flood,,Instituto Nacional de Defensa Civil (INDECI),,"Kimbiri, Province of La Convención, Cusco, Peru","-12.6203873, -73.7885096",County/City/town/Village/Woreda (ADM3),Origin,,2026-02-19T09:48:58.837393Z,"Peru: 35 displacements, 10 January - 10 January. According to IDMC calculations based on data from INDECI, on 10 January 2026, a total of 34 people were displaced by Flood which made uninhabitable or destroyed 10 houses. Instituto Nacional de Defensa Civil (INDECI) - 18 February 2026",,Flood
239079,Peru,PER,-10.2956757,-74.9369004,"[-10.2956757, -74.9369004]",Recommended figure,Disaster,total,7,2026-01-10,2026-01-10,2026-01-10,2026,40297,Peru: Storm - Pasco - 01/01/2026,,,2026-01-01,2026-01-31,Weather related,Meteorological,Storm,Storm,,Instituto Nacional de Defensa Civil (INDECI),,"Puerto Bermúdez, Province of Oxapampa, Pasco, Peru","-10.2956757, -74.9369004",County/City/town/Village/Woreda (ADM3),Origin,,2026-02-19T10:55:34.648075Z,"Peru: 7 displacements (partially destroyed housing), 10 January - 10 January. According to IDMC calculations based on data from INDECI, on 10 January 2026, a total of 6 people were displaced by Storm which made uninhabitable 2 houses. Instituto Nacional de Defensa Civil (INDECI) - 18 February 2026",,Storm
237967,Peru,PER,-9.0744966,-78.593609,"[-9.0744966, -78.593609]",Recommended figure,Disaster,total,3,2026-01-10,2026-01-10,2026-01-10,2026,40264,Peru: Flood - Ancash - 01/01/2026,,,2026-01-01,2026-01-31,Weather related,Hydrological,Flood,Flood,,Instituto Nacional de Defensa Civil (INDECI),,"Chimbote, Province of Santa, Ancash, Peru","-9.0744966, -78.593609",County/City/town/Village/Woreda (ADM3),Origin,,2026-02-19T09:07:53.518142Z,"Peru: 3 displacements (partially destroyed housing), 10 January - 10 January. According to IDMC calculations based on data from INDECI, on 10 January 2026, a total of 3 people were displaced by Flood which made uninhabitable one house. Instituto Nacional de Defensa Civil (INDECI) - 18 February 2026",,Flood
239526,Peru,PER,-12.2383101,-75.7460249,"[-12.2383101, -75.7460249]",Recommended figure,Disaster,total,83,2026-01-09,2026-01-09,2026-01-09,2026,40279,Peru: Flood - Lima - 01/01/2026,,,2026-01-01,2026-01-31,Weather related,Hydrological,Flood,Flood,,Instituto Nacional de Defensa Civil (INDECI),,"Tomas, Province of Yauyos, Lima, Peru","-12.2383101, -75.7460249",County/City/town/Village/Woreda (ADM3),Origin,,2026-02-19T11:46:58.335051Z,"Peru: 83 displacements, 09 January - 09 January. According to IDMC calculations based on data from INDECI, on 09 January 2026, a total of 83 people were displaced by Flood which made uninhabitable or destroyed 24 houses. Instituto Nacional de Defensa Civil (INDECI) - 18 February 2026",,Flood
239203,Peru,PER,-5.3943603,-79.3594952,"[-5.3943603, -79.3594952]",Recommended figure,Disaster,total,66,2026-01-09,2026-01-09,2026-01-09,2026,40273,Peru: Flood - Piura - 01/01/2026,,,2026-01-01,2026-01-31,Weather related,Hydrological,Flood,Flood,,Instituto Nacional de Defensa Civil (INDECI),,"Sondor, Province of Huancabamba, Piura, Peru","-5.3943603, -79.3594952",County/City/town/Village/Woreda (ADM3),Origin,,2026-02-19T11:09:20.196677Z,"Peru: 66 displacements, 09 January - 09 January. According to IDMC calculations based on data from INDECI, on 09 January 2026, a total of 65 people were displaced by Flood which made uninhabitable or destroyed 19 houses. Instituto Nacional de Defensa Civil (INDECI) - 18 February 2026",,Flood
239519,Peru,PER,-11.1378792,-73.0452127,"[-11.1378792, -73.0452127]",Recommended figure,Disaster,total,10,2026-01-09,2026-01-09,2026-01-09,2026,40271,Peru: Flood - Ucayali - 01/01/2026,,,2026-01-01,2026-01-31,Weather related,Hydrological,Flood,Flood,,Instituto Nacional de Defensa Civil (INDECI),,"Sepahua, Province of Atalaya, Ucayali, Peru","-11.1378792, -73.0452127",County/City/town/Village/Woreda (ADM3),Origin,,2026-02-19T11:46:57.489621Z,"Peru: 10 displacements (partially destroyed housing), 09 January - 09 January. According to IDMC calculations based on data from INDECI, on 09 January 2026, a total of 10 people were displaced by Flood which made uninhabitable 3 houses. Instituto Nacional de Defensa Civil (INDECI) - 18 February 2026",,Flood
237981,Peru,PER,-14.3398504,-72.8946361,"[-14.3398504, -72.8946361]",Recommended figure,Disaster,total,3,2026-01-09,2026-01-09,2026-01-09,2026,40301,Peru: Storm - Apurímac - 01/01/2026,,,2026-01-01,2026-01-31,Weather related,Meteorological,Storm,Storm,,Instituto Nacional de Defensa Civil (INDECI),,"Huaquirca, Province of Antabamba, Apurímac, Peru","-14.3398504, -72.8946361",County/City/town/Village/Woreda (ADM3),Origin,,2026-02-19T09:07:55.260645Z,"Peru: 3 displacements (partially destroyed housing), 09 January - 09 January. According to IDMC calculations based on data from INDECI, on 09 January 2026, a total of 3 people were displaced by Storm which made uninhabitable one house. Instituto Nacional de Defensa Civil (INDECI) - 18 February 2026",,Storm
238579,Peru,PER,-12.6203873,-73.7885096,"[-12.6203873, -73.7885096]",Recommended figure,Disaster,total,87,2026-01-09,2026-01-09,2026-01-09,2026,40260,Peru: Flood - Cusco - 01/01/2026,,,2026-01-01,2026-01-31,Weather related,Hydrological,Flood,Flood,,Instituto Nacional de Defensa Civil (INDECI),,"Kimbiri, Province of La Convención, Cusco, Peru","-12.6203873, -73.7885096",County/City/town/Village/Woreda (ADM3),Origin,,2026-02-19T09:48:58.747394Z,"Peru: 87 displacements (partially destroyed housing), 09 January - 09 January. According to IDMC calculations based on data from INDECI, on 09 January 2026, a total of 86 people were displaced by Flood which made uninhabitable 25 houses. Instituto Nacional de Defensa Civil (INDECI) - 18 February 2026",,Flood
238587,Peru,PER,-13.2868343,-73.2084105,"[-13.2868343, -73.2084105]",Recommended figure,Disaster,total,14,2026-01-08,2026-01-08,2026-01-08,2026,40260,Peru: Flood - Cusco - 01/01/2026,,,2026-01-01,2026-01-31,Weather related,Hydrological,Flood,Flood,,Instituto Nacional de Defensa Civil (INDECI),,"Inkawasi, Province of La Convención, Cusco, Peru","-13.2868343, -73.2084105",County/City/town/Village/Woreda (ADM3),Origin,,2026-02-19T09:48:59.163256Z,"Peru: 14 displacements, 08 January - 08 January. According to IDMC calculations based on data from INDECI, on 08 January 2026, a total of 13 people were displaced by Flood which made uninhabitable or destroyed 4 houses. Instituto Nacional de Defensa Civil (INDECI) - 18 February 2026",,Flood
238399,Peru,PER,-7.4487528,-78.2686919,"[-7.4487528, -78.2686919]",Recommended figure,Disaster,total,17,2026-01-08,2026-01-08,2026-01-08,2026,40259,Peru: Flood - Cajamarca - 01/01/2026,,,2026-01-01,2026-01-31,Weather related,Hydrological,Flood,Flood,,Instituto Nacional de Defensa Civil (INDECI),,"Cachachi, Province of Cajabamba, Cajamarca, Peru","-7.4487528, -78.2686919",County/City/town/Village/Woreda (ADM3),Origin,,2026-02-19T09:37:22.804371Z,"Peru: 17 displacements (partially destroyed housing), 08 January - 08 January. According to IDMC calculations based on data from INDECI, on 08 January 2026, a total of 17 people were displaced by Flood which made uninhabitable 5 houses. Instituto Nacional de Defensa Civil (INDECI) - 18 February 2026",,Flood
238164,Peru,PER,-12.9483405,-74.0198557,"[-12.9483405, -74.0198557]",Recommended figure,Disaster,total,7,2026-01-08,2026-01-08,2026-01-08,2026,40302,Peru: Storm - Ayacucho - 01/01/2026,,,2026-01-01,2026-01-31,Weather related,Meteorological,Storm,Storm,,Instituto Nacional de Defensa Civil (INDECI),,"Tambo, La Mar, Ayacucho, Peru","-12.9483405, -74.0198557",County/City/town/Village/Woreda (ADM3),Origin,,2026-02-19T09:17:08.972188Z,"Peru: 7 displacements (partially destroyed housing), 08 January - 08 January. According to IDMC calculations based on data from INDECI, on 08 January 2026, a total of 6 people were displaced by Storm which made uninhabitable 2 houses. Instituto Nacional de Defensa Civil (INDECI) - 18 February 2026",,Storm
238566,Peru,PER,-14.5267446,-71.2943347,"[-14.5267446, -71.2943347]",Recommended figure,Disaster,total,10,2026-01-08,2026-01-08,2026-01-08,2026,40293,Peru: Storm - Cusco - 01/01/2026,,,2026-01-01,2026-01-31,Weather related,Meteorological,Storm,Storm,,Instituto Nacional de Defensa Civil (INDECI),,"Kunturkanki, Province of Canas, Cusco, Peru","-14.5267446, -71.2943347",County/City/town/Village/Woreda (ADM3),Origin,,2026-02-19T09:48:58.156977Z,"Peru: 10 displacements (destroyed housing), 08 January - 08 January. According to IDMC calculations based on data from INDECI, on 08 January 2026, a total of 10 people were displaced by Storm which destroyed 3 houses. Instituto Nacional de Defensa Civil (INDECI) - 18 February 2026",,Storm
238629,Peru,PER,-13.2199235,-75.533642,"[-13.2199235, -75.533642]",Recommended figure,Disaster,total,211,2026-01-08,2026-01-08,2026-01-08,2026,40263,Peru: Flood - Huancavelica - 01/01/2026,,,2026-01-01,2026-01-31,Weather related,Hydrological,Flood,Flood,,Instituto Nacional de Defensa Civil (INDECI),,"Huachos, Province of Castrovirreyna, Huancavelica, Peru","-13.2199235, -75.533642",County/City/town/Village/Woreda (ADM3),Origin,,2026-02-19T10:01:52.527212Z,"Peru: 211 displacements (partially destroyed housing), 08 January - 08 January. According to IDMC calculations based on data from INDECI, on 08 January 2026, a total of 211 people were displaced by Flood which made uninhabitable 61 houses. Instituto Nacional de Defensa Civil (INDECI) - 18 February 2026",,Flood
237986,Peru,PER,-13.9461814,-72.1745097,"[-13.9461814, -72.1745097]",Recommended figure,Disaster,total,3,2026-01-07,2026-01-07,2026-01-07,2026,40230,Peru: Mixed disasters - Apurímac (tambobamba) - 07/01/2026,,,2026-01-07,2026-01-07,Mixed disasters,Mixed disasters,Mixed disasters,Mixed disasters,,Instituto Nacional de Defensa Civil (INDECI),,"Tambobamba, Province of Cotabambas, Apurímac, Peru","-13.9461814, -72.1745097",County/City/town/Village/Woreda (ADM3),Origin,,2026-02-19T09:07:55.873276Z,"Peru: 3 displacements (partially destroyed housing), 07 January - 07 January. According to IDMC calculations based on data from INDECI, on 07 January 2026, a total of 3 people were displaced by Mixed disasters which made uninhabitable one house. Instituto Nacional de Defensa Civil (INDECI) - 18 February 2026",,Mixed disasters
239227,Peru,PER,-6.7249951,-76.6954671,"[-6.7249951, -76.6954671]",Recommended figure,Disaster,total,3,2026-01-07,2026-01-07,2026-01-07,2026,40291,Peru: Storm - San Martín - 01/01/2026,,,2026-01-01,2026-01-31,Weather related,Meteorological,Storm,Storm,,Instituto Nacional de Defensa Civil (INDECI),,"Agua Blanca, Province of El Dorado, San Martín, Peru","-6.7249951, -76.6954671",County/City/town/Village/Woreda (ADM3),Origin,,2026-02-19T11:09:26.292808Z,"Peru: 3 displacements (destroyed housing), 07 January - 07 January. According to IDMC calculations based on data from INDECI, on 07 January 2026, a total of 3 people were displaced by Storm which destroyed one house. Instituto Nacional de Defensa Civil (INDECI) - 18 February 2026",,Storm
238007,Peru,PER,-14.1353281,-72.5915384,"[-14.1353281, -72.5915384]",Recommended figure,Disaster,total,7,2026-01-07,2026-01-07,2026-01-07,2026,40301,Peru: Storm - Apurímac - 01/01/2026,,,2026-01-01,2026-01-31,Weather related,Meteorological,Storm,Storm,,Instituto Nacional de Defensa Civil (INDECI),,"Micaela Bastidas, Province of Grau, Apurímac, Peru","-14.1353281, -72.5915384",County/City/town/Village/Woreda (ADM3),Origin,,2026-02-19T09:08:04.459596Z,"Peru: 7 displacements (partially destroyed housing), 07 January - 07 January. According to IDMC calculations based on data from INDECI, on 07 January 2026, a total of 6 people were displaced by Storm which made uninhabitable 2 houses. Instituto Nacional de Defensa Civil (INDECI) - 18 February 2026",,Storm
238589,Peru,PER,-12.910516,-73.4779876,"[-12.910516, -73.4779876]",Recommended figure,Disaster,total,3,2026-01-07,2026-01-07,2026-01-07,2026,40260,Peru: Flood - Cusco - 01/01/2026,,,2026-01-01,2026-01-31,Weather related,Hydrological,Flood,Flood,,Instituto Nacional de Defensa Civil (INDECI),,"Villa Kintiarina, Province of La Convención, Cusco, Peru","-12.910516, -73.4779876",County/City/town/Village/Woreda (ADM3),Origin,,2026-02-19T09:48:59.274006Z,"Peru: 3 displacements (partially destroyed housing), 07 January - 07 January. According to IDMC calculations based on data from INDECI, on 07 January 2026, a total of 3 people were displaced by Flood which made uninhabitable one house. Instituto Nacional de Defensa Civil (INDECI) - 18 February 2026",,Flood
238169,Peru,PER,-12.86025,-73.72074,"[-12.86025, -73.72074]",Recommended figure,Disaster,total,7,2026-01-07,2026-01-07,2026-01-07,2026,40256,Peru: Flood - Ayacucho - 01/01/2026,,,2026-01-01,2026-01-31,Weather related,Hydrological,Flood,Flood,,Instituto Nacional de Defensa Civil (INDECI),,"Samugari, La Mar Province, Ayacucho, Peru","-12.86025, -73.72074",County/City/town/Village/Woreda (ADM3),Origin,,2026-02-19T09:17:09.192459Z,"Peru: 7 displacements (destroyed housing), 07 January - 07 January. According to IDMC calculations based on data from INDECI, on 07 January 2026, a total of 6 people were displaced by Flood which destroyed 2 houses. Instituto Nacional de Defensa Civil (INDECI) - 18 February 2026",,Flood
237984,Peru,PER,-14.1334308,-73.2679351,"[-14.1334308, -73.2679351]",Recommended figure,Disaster,total,3,2026-01-07,2026-01-07,2026-01-07,2026,40229,Peru: Mixed disasters - Apurímac (ihuayllo) - 07/01/2026,,,2026-01-07,2026-01-07,Mixed disasters,Mixed disasters,Mixed disasters,Mixed disasters,,Instituto Nacional de Defensa Civil (INDECI),,"Ihuayllo, Huayllo, Province of Aymaraes, Apurímac, Peru","-14.1334308, -73.2679351",County/City/town/Village/Woreda (ADM3),Origin,,2026-02-19T09:07:55.589121Z,"Peru: 3 displacements (partially destroyed housing), 07 January - 07 January. According to IDMC calculations based on data from INDECI, on 07 January 2026, a total of 3 people were displaced by Mixed disasters which made uninhabitable one house. Instituto Nacional de Defensa Civil (INDECI) - 18 February 2026",,Mixed disasters
238785,Peru,PER,-11.3288086,-74.5306852,"[-11.3288086, -74.5306852]",Recommended figure,Disaster,total,28,2026-01-07,2026-01-07,2026-01-07,2026,40247,Peru: Dry mass movement - Junín - 01/01/2026,,,2026-01-01,2026-01-31,Geophysical,Geophysical,Mass Movement,Dry mass movement,,Instituto Nacional de Defensa Civil (INDECI),,"Mazamari, Province of Satipo, Junín, Peru","-11.3288086, -74.5306852",County/City/town/Village/Woreda (ADM3),Origin,,2026-02-19T10:15:47.150532Z,"Peru: 28 displacements (partially destroyed housing), 07 January - 07 January. According to IDMC calculations based on data from INDECI, on 07 January 2026, a total of 27 people were displaced by Dry mass movement which made uninhabitable 8 houses. Instituto Nacional de Defensa Civil (INDECI) - 18 February 2026",,Mass Movement
237998,Peru,PER,-14.1054248,-72.7079361,"[-14.1054248, -72.7079361]",Recommended figure,Disaster,total,3,2026-01-07,2026-01-07,2026-01-07,2026,40301,Peru: Storm - Apurímac - 01/01/2026,,,2026-01-01,2026-01-31,Weather related,Meteorological,Storm,Storm,,Instituto Nacional de Defensa Civil (INDECI),,"Chuquibambilla, Province of Grau, Apurímac, Peru","-14.1054248, -72.7079361",County/City/town/Village/Woreda (ADM3),Origin,,2026-02-19T09:08:03.668079Z,"Peru: 3 displacements (partially destroyed housing), 07 January - 07 January. According to IDMC calculations based on data from INDECI, on 07 January 2026, a total of 3 people were displaced by Storm which made uninhabitable one house. Instituto Nacional de Defensa Civil (INDECI) - 18 February 2026",,Storm
238569,Peru,PER,-14.493941,-71.1551204,"[-14.493941, -71.1551204]",Recommended figure,Disaster,total,3,2026-01-06,2026-01-06,2026-01-06,2026,40303,Peru: Hailstorm - Cusco (layo) - 06/01/2026,,,2026-01-06,2026-01-06,Weather related,Meteorological,Storm,Hailstorm,,Instituto Nacional de Defensa Civil (INDECI),,"Layo, Province of Canas, Cusco, Peru","-14.493941, -71.1551204",County/City/town/Village/Woreda (ADM3),Origin,,2026-02-19T09:48:58.286398Z,"Peru: 3 displacements (partially destroyed housing), 06 January - 06 January. According to IDMC calculations based on data from INDECI, on 06 January 2026, a total of 3 people were displaced by Hailstorm which made uninhabitable one house. Instituto Nacional de Defensa Civil (INDECI) - 18 February 2026",,Storm
238990,Peru,PER,-3.5107986,-73.4877773,"[-3.5107986, -73.4877773]",Recommended figure,Disaster,total,3,2026-01-06,2026-01-06,2026-01-06,2026,40300,Peru: Storm - Loreto - 01/01/2026,,,2026-01-01,2026-01-31,Weather related,Meteorological,Storm,Storm,,Instituto Nacional de Defensa Civil (INDECI),,"Punchana, Province of Maynas, Loreto, Peru","-3.5107986, -73.4877773",County/City/town/Village/Woreda (ADM3),Origin,,2026-02-19T10:44:56.718257Z,"Peru: 3 displacements (partially destroyed housing), 06 January - 06 January. According to IDMC calculations based on data from INDECI, on 06 January 2026, a total of 3 people were displaced by Storm which made uninhabitable one house. Instituto Nacional de Defensa Civil (INDECI) - 18 February 2026",,Storm
239515,Peru,PER,-10.6463182,-73.2911381,"[-10.6463182, -73.2911381]",Recommended figure,Disaster,total,14,2026-01-06,2026-01-06,2026-01-06,2026,40289,Peru: Storm - Ucayali - 01/01/2026,,,2026-01-01,2026-01-31,Weather related,Meteorological,Storm,Storm,,Instituto Nacional de Defensa Civil (INDECI),,"Raymondi, Province of Atalaya, Ucayali, 25201, Peru","-10.6463182, -73.2911381",County/City/town/Village/Woreda (ADM3),Origin,,2026-02-19T11:46:57.042857Z,"Peru: 14 displacements (partially destroyed housing), 06 January - 06 January. According to IDMC calculations based on data from INDECI, on 06 January 2026, a total of 13 people were displaced by Storm which made uninhabitable 4 houses. Instituto Nacional de Defensa Civil (INDECI) - 18 February 2026",,Storm
237870,Peru,PER,-4.8687816,-78.0195387,"[-4.8687816, -78.0195387]",Recommended figure,Disaster,total,28,2026-01-05,2026-01-05,2026-01-05,2026,40285,Peru: Storm - Amazonas - 01/01/2026,,,2026-01-01,2026-01-31,Weather related,Meteorological,Storm,Storm,,Instituto Nacional de Defensa Civil (INDECI),,"Nieva, Condorcanqui, Amazonas, Peru","-4.8687816, -78.0195387",County/City/town/Village/Woreda (ADM3),Origin,,2026-02-19T08:59:28.208227Z,"Peru: 28 displacements (destroyed housing), 05 January - 05 January. According to IDMC calculations based on data from INDECI, on 05 January 2026, a total of 27 people were displaced by Storm which destroyed 8 houses. Instituto Nacional de Defensa Civil (INDECI) - 18 February 2026",,Storm
237904,Peru,PER,-8.3929196,-78.0090747,"[-8.3929196, -78.0090747]",Recommended figure,Disaster,total,3,2026-01-05,2026-01-05,2026-01-05,2026,40264,Peru: Flood - Ancash - 01/01/2026,,,2026-01-01,2026-01-31,Weather related,Hydrological,Flood,Flood,,Instituto Nacional de Defensa Civil (INDECI),,"Cabana, Province of Pallasca, Ancash, Peru","-8.3929196, -78.0090747",County/City/town/Village/Woreda (ADM3),Origin,,2026-02-19T08:59:37.641124Z,"Peru: 3 displacements (partially destroyed housing), 05 January - 05 January. According to IDMC calculations based on data from INDECI, on 05 January 2026, a total of 3 people were displaced by Flood which made uninhabitable one house. Instituto Nacional de Defensa Civil (INDECI) - 18 February 2026",,Flood
238142,Peru,PER,-13.9202424,-74.3345526,"[-13.9202424, -74.3345526]",Recommended figure,Disaster,total,14,2026-01-05,2026-01-05,2026-01-05,2026,40256,Peru: Flood - Ayacucho - 01/01/2026,,,2026-01-01,2026-01-31,Weather related,Hydrological,Flood,Flood,,Instituto Nacional de Defensa Civil (INDECI),,"Huanca Sancos, Huanca Sancos Province, Ayacucho, Peru","-13.9202424, -74.3345526",County/City/town/Village/Woreda (ADM3),Origin,,2026-02-19T09:17:00.539697Z,"Peru: 14 displacements (partially destroyed housing), 05 January - 05 January. According to IDMC calculations based on data from INDECI, on 05 January 2026, a total of 13 people were displaced by Flood which made uninhabitable 4 houses. Instituto Nacional de Defensa Civil (INDECI) - 18 February 2026",,Flood
238274,Peru,PER,-13.8846729,-73.8570602,"[-13.8846729, -73.8570602]",Recommended figure,Disaster,total,10,2026-01-05,2026-01-05,2026-01-05,2026,40256,Peru: Flood - Ayacucho - 01/01/2026,,,2026-01-01,2026-01-31,Weather related,Hydrological,Flood,Flood,,Instituto Nacional de Defensa Civil (INDECI),,"Independencia, Province of Vilcas Huamán, Ayacucho, Peru","-13.8846729, -73.8570602",County/City/town/Village/Woreda (ADM3),Origin,,2026-02-19T09:26:58.509765Z,"Peru: 10 displacements (partially destroyed housing), 05 January - 05 January. According to IDMC calculations based on data from INDECI, on 05 January 2026, a total of 10 people were displaced by Flood which made uninhabitable 3 houses. Instituto Nacional de Defensa Civil (INDECI) - 18 February 2026",,Flood
239508,Peru,PER,-9.3062896,-74.4356449,"[-9.3062896, -74.4356449]",Recommended figure,Disaster,total,3,2026-01-05,2026-01-05,2026-01-05,2026,40289,Peru: Storm - Ucayali - 01/01/2026,,,2026-01-01,2026-01-31,Weather related,Meteorological,Storm,Storm,,Instituto Nacional de Defensa Civil (INDECI),,"Iparía, Province of Coronel Portillo, Ucayali, Peru","-9.3062896, -74.4356449",County/City/town/Village/Woreda (ADM3),Origin,,2026-02-19T11:46:52.841544Z,"Peru: 3 displacements (destroyed housing), 05 January - 05 January. According to IDMC calculations based on data from INDECI, on 05 January 2026, a total of 3 people were displaced by Storm which destroyed one house. Instituto Nacional de Defensa Civil (INDECI) - 18 February 2026",,Storm
238390,Peru,PER,-7.4270012,-78.5423093,"[-7.4270012, -78.5423093]",Recommended figure,Disaster,total,3,2026-01-05,2026-01-05,2026-01-05,2026,40259,Peru: Flood - Cajamarca - 01/01/2026,,,2026-01-01,2026-01-31,Weather related,Hydrological,Flood,Flood,,Instituto Nacional de Defensa Civil (INDECI),,"Cospán, Province of Cajamarca, Cajamarca, Peru","-7.4270012, -78.5423093",County/City/town/Village/Woreda (ADM3),Origin,,2026-02-19T09:37:22.206404Z,"Peru: 3 displacements (partially destroyed housing), 05 January - 05 January. According to IDMC calculations based on data from INDECI, on 05 January 2026, a total of 3 people were displaced by Flood which made uninhabitable one house. Instituto Nacional de Defensa Civil (INDECI) - 18 February 2026",,Flood
238266,Peru,PER,-13.6112354,-74.532601,"[-13.6112354, -74.532601]",Recommended figure,Disaster,total,14,2026-01-05,2026-01-05,2026-01-05,2026,40256,Peru: Flood - Ayacucho - 01/01/2026,,,2026-01-01,2026-01-31,Weather related,Hydrological,Flood,Flood,,Instituto Nacional de Defensa Civil (INDECI),,"Vilcanchos, Province of Víctor Fajardo, Ayacucho, Peru","-13.6112354, -74.532601",County/City/town/Village/Woreda (ADM3),Origin,,2026-02-19T09:26:57.428921Z,"Peru: 14 displacements (partially destroyed housing), 05 January - 05 January. According to IDMC calculations based on data from INDECI, on 05 January 2026, a total of 13 people were displaced by Flood which made uninhabitable 4 houses. Instituto Nacional de Defensa Civil (INDECI) - 18 February 2026",,Flood
238773,Peru,PER,-9.8449412,-75.9030616,"[-9.8449412, -75.9030616]",Recommended figure,Disaster,total,3,2026-01-05,2026-01-05,2026-01-05,2026,40257,Peru: Flood - Huánuco - 01/01/2026,,,2026-01-01,2026-01-31,Weather related,Hydrological,Flood,Flood,,Instituto Nacional de Defensa Civil (INDECI),,"Chaglla, Province of Pachitea, Huánuco, Peru","-9.8449412, -75.9030616",County/City/town/Village/Woreda (ADM3),Origin,,2026-02-19T10:15:45.338392Z,"Peru: 3 displacements (partially destroyed housing), 05 January - 05 January. According to IDMC calculations based on data from INDECI, on 05 January 2026, a total of 3 people were displaced by Flood which made uninhabitable one house. Instituto Nacional de Defensa Civil (INDECI) - 18 February 2026",,Flood
239219,Peru,PER,-15.1137211,-70.9090834,"[-15.1137211, -70.9090834]",Recommended figure,Disaster,total,3,2026-01-05,2026-01-05,2026-01-05,2026,40287,Peru: Storm - Puno - 01/01/2026,,,2026-01-01,2026-01-31,Weather related,Meteorological,Storm,Storm,,Instituto Nacional de Defensa Civil (INDECI),,"Ocuviri, Province of Lampa, Puno, Peru","-15.1137211, -70.9090834",County/City/town/Village/Woreda (ADM3),Origin,,2026-02-19T11:09:25.970798Z,"Peru: 3 displacements (destroyed housing), 05 January - 05 January. According to IDMC calculations based on data from INDECI, on 05 January 2026, a total of 3 people were displaced by Storm which destroyed one house. Instituto Nacional de Defensa Civil (INDECI) - 18 February 2026",,Storm
239217,Peru,PER,-14.7865915,-70.3540033,"[-14.7865915, -70.3540033]",Recommended figure,Disaster,total,3,2026-01-05,2026-01-05,2026-01-05,2026,40269,Peru: Flood - Puno - 01/01/2026,,,2026-01-01,2026-01-31,Weather related,Hydrological,Flood,Flood,,Instituto Nacional de Defensa Civil (INDECI),,"Asillo, Province of Azángaro, Puno, Peru","-14.7865915, -70.3540033",County/City/town/Village/Woreda (ADM3),Origin,,2026-02-19T11:09:25.880206Z,"Peru: 3 displacements (partially destroyed housing), 05 January - 05 January. According to IDMC calculations based on data from INDECI, on 05 January 2026, a total of 3 people were displaced by Flood which made uninhabitable one house. Instituto Nacional de Defensa Civil (INDECI) - 18 February 2026",,Flood
238255,Peru,PER,-14.0551088,-73.9096218,"[-14.0551088, -73.9096218]",Recommended figure,Disaster,total,7,2026-01-05,2026-01-05,2026-01-05,2026,40256,Peru: Flood - Ayacucho - 01/01/2026,,,2026-01-01,2026-01-31,Weather related,Hydrological,Flood,Flood,,Instituto Nacional de Defensa Civil (INDECI),,"Asquipata, Province of Víctor Fajardo, Ayacucho, Peru","-14.0551088, -73.9096218",County/City/town/Village/Woreda (ADM3),Origin,,2026-02-19T09:26:55.918408Z,"Peru: 7 displacements (partially destroyed housing), 05 January - 05 January. According to IDMC calculations based on data from INDECI, on 05 January 2026, a total of 6 people were displaced by Flood which made uninhabitable 2 houses. Instituto Nacional de Defensa Civil (INDECI) - 18 February 2026",,Flood
238162,Peru,PER,-12.6878911,-73.73748859999999,"[-12.6878911, -73.73748859999999]",Recommended figure,Disaster,total,10,2026-01-05,2026-01-05,2026-01-05,2026,40256,Peru: Flood - Ayacucho - 01/01/2026,,,2026-01-01,2026-01-31,Weather related,Hydrological,Flood,Flood,,Instituto Nacional de Defensa Civil (INDECI),,"Santa Rosa, La Mar Province, Ayacucho, Peru","-12.6878911, -73.73748859999999",County/City/town/Village/Woreda (ADM3),Origin,,2026-02-19T09:17:08.882969Z,"Peru: 10 displacements, 05 January - 05 January. According to IDMC calculations based on data from INDECI, on 05 January 2026, a total of 10 people were displaced by Flood which made uninhabitable or destroyed 3 houses. Instituto Nacional de Defensa Civil (INDECI) - 18 February 2026",,Flood
238247,Peru,PER,-13.80884,-73.7577858,"[-13.80884, -73.7577858]",Recommended figure,Disaster,total,14,2026-01-05,2026-01-05,2026-01-05,2026,40256,Peru: Flood - Ayacucho - 01/01/2026,,,2026-01-01,2026-01-31,Weather related,Hydrological,Flood,Flood,,Instituto Nacional de Defensa Civil (INDECI),,"Belén, Province of Sucre, Ayacucho, Peru","-13.80884, -73.7577858",County/City/town/Village/Woreda (ADM3),Origin,,2026-02-19T09:26:50.769442Z,"Peru: 14 displacements (partially destroyed housing), 05 January - 05 January. According to IDMC calculations based on data from INDECI, on 05 January 2026, a total of 13 people were displaced by Flood which made uninhabitable 4 houses. Instituto Nacional de Defensa Civil (INDECI) - 18 February 2026",,Flood
237978,Peru,PER,-13.7856784,-73.4740329,"[-13.7856784, -73.4740329]",Recommended figure,Disaster,total,3,2026-01-05,2026-01-05,2026-01-05,2026,40267,Peru: Flood - Apurímac - 01/01/2026,,,2026-01-01,2026-01-31,Weather related,Hydrological,Flood,Flood,,Instituto Nacional de Defensa Civil (INDECI),,"Turpo, Province of Andahuaylas, Apurímac, Peru","-13.7856784, -73.4740329",County/City/town/Village/Woreda (ADM3),Origin,,2026-02-19T09:07:54.930703Z,"Peru: 3 displacements (partially destroyed housing), 05 January - 05 January. According to IDMC calculations based on data from INDECI, on 05 January 2026, a total of 3 people were displaced by Flood which made uninhabitable one house. Instituto Nacional de Defensa Civil (INDECI) - 18 February 2026",,Flood
238557,Peru,PER,-6.9801252,-78.8499806,"[-6.9801252, -78.8499806]",Recommended figure,Disaster,total,7,2026-01-04,2026-01-04,2026-01-04,2026,40296,Peru: Storm - Cajamarca - 01/01/2026,,,2026-01-01,2026-01-31,Weather related,Meteorological,Storm,Storm,,Instituto Nacional de Defensa Civil (INDECI),,"Calquis, Province of San Miguel, Cajamarca, Peru","-6.9801252, -78.8499806",County/City/town/Village/Woreda (ADM3),Origin,,2026-02-19T09:48:53.295036Z,"Peru: 7 displacements (partially destroyed housing), 04 January - 04 January. According to IDMC calculations based on data from INDECI, on 04 January 2026, a total of 6 people were displaced by Storm which made uninhabitable 2 houses. Instituto Nacional de Defensa Civil (INDECI) - 18 February 2026",,Storm
239517,Peru,PER,-11.1378792,-73.0452127,"[-11.1378792, -73.0452127]",Recommended figure,Disaster,total,3,2026-01-04,2026-01-04,2026-01-04,2026,40289,Peru: Storm - Ucayali - 01/01/2026,,,2026-01-01,2026-01-31,Weather related,Meteorological,Storm,Storm,,Instituto Nacional de Defensa Civil (INDECI),,"Sepahua, Province of Atalaya, Ucayali, Peru","-11.1378792, -73.0452127",County/City/town/Village/Woreda (ADM3),Origin,,2026-02-19T11:46:57.252819Z,"Peru: 3 displacements (partially destroyed housing), 04 January - 04 January. According to IDMC calculations based on data from INDECI, on 04 January 2026, a total of 3 people were displaced by Storm which made uninhabitable one house. Instituto Nacional de Defensa Civil (INDECI) - 18 February 2026",,Storm
239512,Peru,PER,-10.6463182,-73.2911381,"[-10.6463182, -73.2911381]",Recommended figure,Disaster,total,14,2026-01-04,2026-01-04,2026-01-04,2026,40289,Peru: Storm - Ucayali - 01/01/2026,,,2026-01-01,2026-01-31,Weather related,Meteorological,Storm,Storm,,Instituto Nacional de Defensa Civil (INDECI),,"Raymondi, Province of Atalaya, Ucayali, 25201, Peru","-10.6463182, -73.2911381",County/City/town/Village/Woreda (ADM3),Origin,,2026-02-19T11:46:53.009476Z,"Peru: 14 displacements, 04 January - 04 January. According to IDMC calculations based on data from INDECI, on 04 January 2026, a total of 13 people were displaced by Storm which made uninhabitable or destroyed 4 houses. Instituto Nacional de Defensa Civil (INDECI) - 18 February 2026",,Storm
239006,Peru,PER,-12.6672461,-70.6339897,"[-12.6672461, -70.6339897]",Recommended figure,Disaster,total,3,2026-01-04,2026-01-04,2026-01-04,2026,40295,Peru: Storm - Madre de Dios - 01/01/2026,,,2026-01-01,2026-01-31,Weather related,Meteorological,Storm,Storm,,Instituto Nacional de Defensa Civil (INDECI),,"Madre de Dios, Province of Manú, Madre de Dios, Peru","-12.6672461, -70.6339897",County/City/town/Village/Woreda (ADM3),Origin,,2026-02-19T10:45:04.241280Z,"Peru: 3 displacements (partially destroyed housing), 04 January - 04 January. According to IDMC calculations based on data from INDECI, on 04 January 2026, a total of 3 people were displaced by Storm which made uninhabitable one house. Instituto Nacional de Defensa Civil (INDECI) - 18 February 2026",,Storm
239000,Peru,PER,-12.0164673,-70.9139793,"[-12.0164673, -70.9139793]",Recommended figure,Disaster,total,17,2026-01-04,2026-01-04,2026-01-04,2026,40295,Peru: Storm - Madre de Dios - 01/01/2026,,,2026-01-01,2026-01-31,Weather related,Meteorological,Storm,Storm,,Instituto Nacional de Defensa Civil (INDECI),,"Fitzcarrald, Province of Manú, Madre de Dios, Peru","-12.0164673, -70.9139793",County/City/town/Village/Woreda (ADM3),Origin,,2026-02-19T10:44:58.150720Z,"Peru: 17 displacements, 04 January - 04 January. According to IDMC calculations based on data from INDECI, on 04 January 2026, a total of 17 people were displaced by Storm which made uninhabitable or destroyed 5 houses. Instituto Nacional de Defensa Civil (INDECI) - 18 February 2026",,Storm
238997,Peru,PER,-12.187271,-69.8479162,"[-12.187271, -69.8479162]",Recommended figure,Disaster,total,7,2026-01-04,2026-01-04,2026-01-04,2026,40295,Peru: Storm - Madre de Dios - 01/01/2026,,,2026-01-01,2026-01-31,Weather related,Meteorological,Storm,Storm,,Instituto Nacional de Defensa Civil (INDECI),,"Tambopata, Province of Tambopata, Madre de Dios, Peru","-12.187271, -69.8479162",County/City/town/Village/Woreda (ADM3),Origin,,2026-02-19T10:44:57.784589Z,"Peru: 7 displacements (partially destroyed housing), 04 January - 04 January. According to IDMC calculations based on data from INDECI, on 04 January 2026, a total of 6 people were displaced by Storm which made uninhabitable 2 houses. Instituto Nacional de Defensa Civil (INDECI) - 18 February 2026",,Storm
238594,Peru,PER,-12.7861978,-74.9764024,"[-12.7861978, -74.9764024]",Recommended figure,Disaster,total,3,2026-01-03,2026-01-03,2026-01-03,2026,40299,Peru: Storm - Huancavelica - 01/01/2026,,,2026-01-01,2026-01-31,Weather related,Meteorological,Storm,Storm,,Instituto Nacional de Defensa Civil (INDECI),,"Huancavelica, Huancavelica Province, Huancavelica, Peru","-12.7861978, -74.9764024",County/City/town/Village/Woreda (ADM3),Origin,,2026-02-19T10:01:46.089556Z,"Peru: 3 displacements (partially destroyed housing), 03 January - 03 January. According to IDMC calculations based on data from INDECI, on 03 January 2026, a total of 3 people were displaced by Storm which made uninhabitable one house. Instituto Nacional de Defensa Civil (INDECI) - 18 February 2026",,Storm
238548,Peru,PER,-5.3930466,-78.9061426,"[-5.3930466, -78.9061426]",Recommended figure,Disaster,total,42,2026-01-02,2026-01-02,2026-01-02,2026,40296,Peru: Storm - Cajamarca - 01/01/2026,,,2026-01-01,2026-01-31,Weather related,Meteorological,Storm,Storm,,Instituto Nacional de Defensa Civil (INDECI),,"La Coipa, Province of San Ignacio, Cajamarca, Peru","-5.3930466, -78.9061426",County/City/town/Village/Woreda (ADM3),Origin,,2026-02-19T09:48:52.883531Z,"Peru: 42 displacements (partially destroyed housing), 02 January - 02 January. According to IDMC calculations based on data from INDECI, on 02 January 2026, a total of 41 people were displaced by Storm which made uninhabitable 12 houses. Instituto Nacional de Defensa Civil (INDECI) - 18 February 2026",,Storm
239208,Peru,PER,-5.0965065,-80.1609229,"[-5.0965065, -80.1609229]",Recommended figure,Disaster,total,3,2026-01-02,2026-01-02,2026-01-02,2026,40298,Peru: Storm - Piura - 01/01/2026,,,2026-01-01,2026-01-31,Weather related,Meteorological,Storm,Storm,,Instituto Nacional de Defensa Civil (INDECI),,"Chulucanas, Province of Morropón, Piura, Peru","-5.0965065, -80.1609229",County/City/town/Village/Woreda (ADM3),Origin,,2026-02-19T11:09:20.536526Z,"Peru: 3 displacements (partially destroyed housing), 02 January - 02 January. According to IDMC calculations based on data from INDECI, on 02 January 2026, a total of 3 people were displaced by Storm which made uninhabitable one house. Instituto Nacional de Defensa Civil (INDECI) - 18 February 2026",,Storm
239229,Peru,PER,-6.7463029,-76.6233355,"[-6.7463029, -76.6233355]",Recommended figure,Disaster,total,3,2026-01-02,2026-01-02,2026-01-02,2026,40266,Peru: Flood - San Martín - 01/01/2026,,,2026-01-01,2026-01-31,Weather related,Hydrological,Flood,Flood,,Instituto Nacional de Defensa Civil (INDECI),,"Santa Rosa, Province of El Dorado, San Martín, Peru","-6.7463029, -76.6233355",County/City/town/Village/Woreda (ADM3),Origin,,2026-02-19T11:09:26.395486Z,"Peru: 3 displacements (partially destroyed housing), 02 January - 02 January. According to IDMC calculations based on data from INDECI, on 02 January 2026, a total of 3 people were displaced by Flood which made uninhabitable one house. Instituto Nacional de Defensa Civil (INDECI) - 18 February 2026",,Flood
238259,Peru,PER,-13.7125385,-74.0335467,"[-13.7125385, -74.0335467]",Recommended figure,Disaster,total,10,2026-01-01,2026-01-01,2026-01-01,2026,40256,Peru: Flood - Ayacucho - 01/01/2026,,,2026-01-01,2026-01-31,Weather related,Hydrological,Flood,Flood,,Instituto Nacional de Defensa Civil (INDECI),,"Colca, Province of Víctor Fajardo, Ayacucho, Peru","-13.7125385, -74.0335467",County/City/town/Village/Woreda (ADM3),Origin,,2026-02-19T09:26:56.532864Z,"Peru: 10 displacements (partially destroyed housing), 01 January - 01 January. According to IDMC calculations based on data from INDECI, on 01 January 2026, a total of 10 people were displaced by Flood which made uninhabitable 3 houses. Instituto Nacional de Defensa Civil (INDECI) - 18 February 2026",,Flood
219293,Peru,PER,-8.0017432,-78.3098616,"[-8.0017432, -78.3098616]",Recommended figure,Disaster,total,3,2025-12-29,2025-12-29,2025-12-29,2025,37887,Peru: Flood - La Libertad - 01/12/2025,,,2025-12-01,2025-12-31,Weather related,Hydrological,Flood,Flood,,Instituto Nacional de Defensa Civil (INDECI),,"Quiruvilca, Province of Santiago de Chuco, La Libertad, Peru","-8.0017432, -78.3098616",County/City/town/Village/Woreda (ADM3),Origin,,2026-01-07T08:06:13.629568Z,"Peru: 3 displacements (partially destroyed housing), 29 December - 29 December. According to IDMC calculations based on data from INDECI, on 29 December 2025, a total of 3 people were displaced from Quiruvilca, Santiago De Chuco, La Libertad by Flood which made uninhabitable one house. Instituto Nacional de Defensa Civil (INDECI) - 07 January 2025",,Flood
219266,Peru,PER,-13.6616515,-73.3767641,"[-13.6616515, -73.3767641]",Recommended figure,Disaster,total,3,2025-12-29,2025-12-29,2025-12-29,2025,37890,Peru: Storm - Apurímac - 01/12/2025,,,2025-12-01,2025-12-31,Weather related,Meteorological,Storm,Storm,,Instituto Nacional de Defensa Civil (INDECI),,"Andahuaylas, Andahuaylas Province, Apurimac, Peru","-13.6616515, -73.3767641",County/City/town/Village/Woreda (ADM3),Origin,,2026-01-07T08:06:07.551797Z,"Peru: 3 displacements (partially destroyed housing), 29 December - 29 December. According to IDMC calculations based on data from INDECI, on 29 December 2025, a total of 3 people were displaced from Andahuaylas, Andahuaylas, Apurímac by Storm which made uninhabitable one house. Instituto Nacional de Defensa Civil (INDECI) - 07 January 2025",,Storm
219268,Peru,PER,-14.0635189,-72.670309,"[-14.0635189, -72.670309]",Recommended figure,Disaster,total,3,2025-12-29,2025-12-29,2025-12-29,2025,37890,Peru: Storm - Apurímac - 01/12/2025,,,2025-12-01,2025-12-31,Weather related,Meteorological,Storm,Storm,,Instituto Nacional de Defensa Civil (INDECI),,"Curpahuasi, Province of Grau, Apurímac, Peru","-14.0635189, -72.670309",County/City/town/Village/Woreda (ADM3),Origin,,2026-01-07T08:06:07.668527Z,"Peru: 3 displacements (partially destroyed housing), 29 December - 29 December. According to IDMC calculations based on data from INDECI, on 29 December 2025, a total of 3 people were displaced from Curpahuasi, Grau, Apurímac by Storm which made uninhabitable one house. Instituto Nacional de Defensa Civil (INDECI) - 07 January 2025",,Storm
219283,Peru,PER,-13.2151286,-71.6485302,"[-13.2151286, -71.6485302]",Recommended figure,Disaster,total,14,2025-12-29,2025-12-29,2025-12-29,2025,37874,Peru: Dry mass movement - Cusco - 01/12/2025,,,2025-12-01,2025-12-31,Geophysical,Geophysical,Mass Movement,Dry mass movement,,Instituto Nacional de Defensa Civil (INDECI),,"Challabamba, Province of Paucartambo, Cusco, Peru","-13.2151286, -71.6485302",County/City/town/Village/Woreda (ADM3),Origin,,2026-01-07T08:06:08.960713Z,"Peru: 14 displacements (partially destroyed housing), 29 December - 29 December. According to IDMC calculations based on data from INDECI, on 29 December 2025, a total of 13 people were displaced from Challabamba, Paucartambo, Cusco by Dry mass movement which made uninhabitable 4 houses. Instituto Nacional de Defensa Civil (INDECI) - 07 January 2025",,Mass Movement
219285,Peru,PER,-12.93506,-74.80518,"[-12.93506, -74.80518]",Recommended figure,Disaster,total,3,2025-12-28,2025-12-28,2025-12-28,2025,37879,Peru: Flood - Huancavelica - 01/12/2025,,,2025-12-01,2025-12-31,Weather related,Hydrological,Flood,Flood,,Instituto Nacional de Defensa Civil (INDECI),,"Ccochaccasa, Angaraes Province, Huancavelica, Peru","-12.93506, -74.80518",County/City/town/Village/Woreda (ADM3),Origin,,2026-01-07T08:06:13.136982Z,"Peru: 3 displacements (partially destroyed housing), 28 December - 28 December. According to IDMC calculations based on data from INDECI, on 28 December 2025, a total of 3 people were displaced from Ccochaccasa, Angaraes, Huancavelica by Flood which made uninhabitable one house. Instituto Nacional de Defensa Civil (INDECI) - 07 January 2025",,Flood
219261,Peru,PER,-4.8687816,-78.0195387,"[-4.8687816, -78.0195387]",Recommended figure,Disaster,total,3,2025-12-28,2025-12-28,2025-12-28,2025,37897,Peru: Storm - Amazonas - 01/12/2025,,,2025-12-01,2025-12-31,Weather related,Meteorological,Storm,Storm,,Instituto Nacional de Defensa Civil (INDECI),,"Nieva, Condorcanqui, Amazonas, Peru","-4.8687816, -78.0195387",County/City/town/Village/Woreda (ADM3),Origin,,2026-01-07T08:06:07.263798Z,"Peru: 3 displacements (destroyed housing), 28 December - 28 December. According to IDMC calculations based on data from INDECI, on 28 December 2025, a total of 3 people were displaced from Nieva, Condorcanqui, Amazonas by Storm which destroyed one house. Instituto Nacional de Defensa Civil (INDECI) - 07 January 2025",,Storm
219314,Peru,PER,-8.4790181,-74.54632819999999,"[-8.4790181, -74.54632819999999]",Recommended figure,Disaster,total,10,2025-12-27,2025-12-27,2025-12-27,2025,37880,Peru: Flood - Ucayali - 01/12/2025,,,2025-12-01,2025-12-31,Weather related,Hydrological,Flood,Flood,,Instituto Nacional de Defensa Civil (INDECI),,"Manantay, Coronel Portillo, Ucayali, Peru","-8.4790181, -74.54632819999999",County/City/town/Village/Woreda (ADM3),Origin,,2026-01-07T08:09:11.900615Z,"Peru: 10 displacements (destroyed housing), 27 December - 27 December. According to IDMC calculations based on data from INDECI, on 27 December 2025, a total of 10 people were displaced from Manantay, Coronel Portillo, Ucayali by Flood which destroyed 3 houses. Instituto Nacional de Defensa Civil (INDECI) - 07 January 2025",,Flood
219281,Peru,PER,-12.5201296,-73.8282497,"[-12.5201296, -73.8282497]",Recommended figure,Disaster,total,3,2025-12-27,2025-12-27,2025-12-27,2025,37886,Peru: Flood - Cusco - 01/12/2025,,,2025-12-01,2025-12-31,Weather related,Hydrological,Flood,Flood,,Instituto Nacional de Defensa Civil (INDECI),,"Pichari, Province of La Convención, Cusco, Peru","-12.5201296, -73.8282497",County/City/town/Village/Woreda (ADM3),Origin,,2026-01-07T08:06:08.846148Z,"Peru: 3 displacements (partially destroyed housing), 27 December - 27 December. According to IDMC calculations based on data from INDECI, on 27 December 2025, a total of 3 people were displaced from Pichari, La Convención, Cusco by Flood which made uninhabitable one house. Instituto Nacional de Defensa Civil (INDECI) - 07 January 2025",,Flood
219291,Peru,PER,-11.5601313,-73.7843043,"[-11.5601313, -73.7843043]",Recommended figure,Disaster,total,14,2025-12-27,2025-12-27,2025-12-27,2025,37882,Peru: Flood - Junín - 01/12/2025,,,2025-12-01,2025-12-31,Weather related,Hydrological,Flood,Flood,,Instituto Nacional de Defensa Civil (INDECI),,"Río Tambo, Province of Satipo, Junín, Peru","-11.5601313, -73.7843043",County/City/town/Village/Woreda (ADM3),Origin,,2026-01-07T08:06:13.505322Z,"Peru: 14 displacements (destroyed housing), 27 December - 27 December. According to IDMC calculations based on data from INDECI, on 27 December 2025, a total of 13 people were displaced from Rio Tambo, Satipo, Junín by Flood which destroyed 4 houses. Instituto Nacional de Defensa Civil (INDECI) - 07 January 2025",,Flood
219308,Peru,PER,-6.9202134,-76.3303859,"[-6.9202134, -76.3303859]",Recommended figure,Disaster,total,3,2025-12-27,2025-12-27,2025-12-27,2025,37891,Peru: Storm - San Martín - 01/12/2025,,,2025-12-01,2025-12-31,Weather related,Meteorological,Storm,Storm,,Instituto Nacional de Defensa Civil (INDECI),,"Picota, Province of Picota, San Martín, Peru","-6.9202134, -76.3303859",County/City/town/Village/Woreda (ADM3),Origin,,2026-01-07T08:06:14.621315Z,"Peru: 3 displacements (partially destroyed housing), 27 December - 27 December. According to IDMC calculations based on data from INDECI, on 27 December 2025, a total of 3 people were displaced from Picota, Picota, San Martín by Storm which made uninhabitable one house. Instituto Nacional de Defensa Civil (INDECI) - 07 January 2025",,Storm
219278,Peru,PER,-12.52241476530597,-72.40806882690907,"[-12.52241476530597, -72.40806882690907]",Recommended figure,Disaster,total,3,2025-12-27,2025-12-27,2025-12-27,2025,37886,Peru: Flood - Cusco - 01/12/2025,,,2025-12-01,2025-12-31,Weather related,Hydrological,Flood,Flood,,Instituto Nacional de Defensa Civil (INDECI),,"Quellouno, La convención, Cusco","-12.52241476530597, -72.40806882690907",County/City/town/Village/Woreda (ADM3),Origin,,2026-01-07T08:06:08.269347Z,"Peru: 3 displacements (partially destroyed housing), 27 December - 27 December. According to IDMC calculations based on data from INDECI, on 27 December 2025, a total of 3 people were displaced from Quellouno, La Convención, Cusco by Flood which made uninhabitable one house. Instituto Nacional de Defensa Civil (INDECI) - 07 January 2025",,Flood
219273,Peru,PER,-11.8537352,-77.1250998,"[-11.8537352, -77.1250998]",Recommended figure,Disaster,total,3,2025-12-26,2025-12-26,2025-12-26,2025,37888,Peru: Earthquake - Callao - 01/12/2025,,,2025-12-01,2025-12-31,Geophysical,Geophysical,Earthquake,Earthquake,,Instituto Nacional de Defensa Civil (INDECI),,"Mi Perú, Constitutional Province of Callao, Callao Region, Peru","-11.8537352, -77.1250998",County/City/town/Village/Woreda (ADM3),Origin,,2026-01-07T08:06:07.962314Z,"Peru: 3 displacements (destroyed housing), 26 December - 26 December. According to IDMC calculations based on data from INDECI, on 26 December 2025, a total of 3 people were displaced from Mi Peru, Const. Del Callao, Callao by Earthquake which destroyed one house. Instituto Nacional de Defensa Civil (INDECI) - 07 January 2025",,Earthquake
219277,Peru,PER,-12.52241476530597,-72.40806882690907,"[-12.52241476530597, -72.40806882690907]",Recommended figure,Disaster,total,3,2025-12-26,2025-12-26,2025-12-26,2025,37886,Peru: Flood - Cusco - 01/12/2025,,,2025-12-01,2025-12-31,Weather related,Hydrological,Flood,Flood,,Instituto Nacional de Defensa Civil (INDECI),,"Quellouno, La convención, Cusco","-12.52241476530597, -72.40806882690907",County/City/town/Village/Woreda (ADM3),Origin,,2026-01-07T08:06:08.212179Z,"Peru: 3 displacements (partially destroyed housing), 26 December - 26 December. According to IDMC calculations based on data from INDECI, on 26 December 2025, a total of 3 people were displaced from Quellouno, La Convención, Cusco by Flood which made uninhabitable one house. Instituto Nacional de Defensa Civil (INDECI) - 07 January 2025",,Flood
219316,Peru,PER,-10.6463182,-73.2911381,"[-10.6463182, -73.2911381]",Recommended figure,Disaster,total,7,2025-12-22,2025-12-22,2025-12-22,2025,37892,Peru: Storm - Ucayali - 01/12/2025,,,2025-12-01,2025-12-31,Weather related,Meteorological,Storm,Storm,,Instituto Nacional de Defensa Civil (INDECI),,"Raymondi, Province of Atalaya, Ucayali, 25201, Peru","-10.6463182, -73.2911381",County/City/town/Village/Woreda (ADM3),Origin,,2026-01-07T08:09:12.021121Z,"Peru: 7 displacements (partially destroyed housing), 22 December - 22 December. According to IDMC calculations based on data from INDECI, on 22 December 2025, a total of 6 people were displaced from Raymondi, Atalaya, Ucayali by Storm which made uninhabitable 2 houses. Instituto Nacional de Defensa Civil (INDECI) - 07 January 2025",,Storm
219260,Peru,PER,-4.8687816,-78.0195387,"[-4.8687816, -78.0195387]",Recommended figure,Disaster,total,7,2025-12-21,2025-12-21,2025-12-21,2025,37897,Peru: Storm - Amazonas - 01/12/2025,,,2025-12-01,2025-12-31,Weather related,Meteorological,Storm,Storm,,Instituto Nacional de Defensa Civil (INDECI),,"Nieva, Condorcanqui, Amazonas, Peru","-4.8687816, -78.0195387",County/City/town/Village/Woreda (ADM3),Origin,,2026-01-07T08:06:07.205112Z,"Peru: 7 displacements (destroyed housing), 21 December - 21 December. According to IDMC calculations based on data from INDECI, on 21 December 2025, a total of 6 people were displaced from Nieva, Condorcanqui, Amazonas by Storm which destroyed 2 houses. Instituto Nacional de Defensa Civil (INDECI) - 07 January 2025",,Storm
219290,Peru,PER,-11.7553934,-74.3850308,"[-11.7553934, -74.3850308]",Recommended figure,Disaster,total,3,2025-12-18,2025-12-18,2025-12-18,2025,37873,Peru: Dry mass movement - Junín - 01/12/2025,,,2025-12-01,2025-12-31,Geophysical,Geophysical,Mass Movement,Dry mass movement,,Instituto Nacional de Defensa Civil (INDECI),,"Pangoa, Province of Satipo, Junín, Peru","-11.7553934, -74.3850308",County/City/town/Village/Woreda (ADM3),Origin,,2026-01-07T08:06:13.442885Z,"Peru: 3 displacements (partially destroyed housing), 18 December - 18 December. According to IDMC calculations based on data from INDECI, on 18 December 2025, a total of 3 people were displaced from Pangoa, Satipo, Junín by Dry mass movement which made uninhabitable one house. Instituto Nacional de Defensa Civil (INDECI) - 07 January 2025",,Mass Movement
219299,Peru,PER,-10.6364436,-75.9508096,"[-10.6364436, -75.9508096]",Recommended figure,Disaster,total,3,2025-12-17,2025-12-17,2025-12-17,2025,37903,Peru: Hailstorm - Pasco (Huachon) - 17/12/2025,,,2025-12-17,2025-12-17,Weather related,Meteorological,Storm,Hailstorm,,Instituto Nacional de Defensa Civil (INDECI),,"Huachón, Province of Pasco, Pasco, Peru","-10.6364436, -75.9508096",County/City/town/Village/Woreda (ADM3),Origin,,2026-01-07T08:06:14.019384Z,"Peru: 3 displacements (partially destroyed housing), 17 December - 17 December. According to IDMC calculations based on data from INDECI, on 17 December 2025, a total of 3 people were displaced from Huachon, Pasco, Pasco by Hailstorm which made uninhabitable one house. Instituto Nacional de Defensa Civil (INDECI) - 07 January 2025",,Storm
219297,Peru,PER,-12.3312177,-71.3824374,"[-12.3312177, -71.3824374]",Recommended figure,Disaster,total,3,2025-12-16,2025-12-16,2025-12-16,2025,37881,Peru: Flood - Madre de Dios - 01/12/2025,,,2025-12-01,2025-12-31,Weather related,Hydrological,Flood,Flood,,Instituto Nacional de Defensa Civil (INDECI),,"Manu, Manu, Madre de Dios, Peru","-12.3312177, -71.3824374",County/City/town/Village/Woreda (ADM3),Origin,,2026-01-07T08:06:13.893526Z,"Peru: 3 displacements (destroyed housing), 16 December - 16 December. According to IDMC calculations based on data from INDECI, on 16 December 2025, a total of 3 people were displaced from Manu, Manu, Madre De Dios by Flood which destroyed one house. Instituto Nacional de Defensa Civil (INDECI) - 07 January 2025",,Flood
219292,Peru,PER,-8.307586,-77.4230687,"[-8.307586, -77.4230687]",Recommended figure,Disaster,total,10,2025-12-15,2025-12-15,2025-12-15,2025,37895,Peru: Storm - La Libertad - 01/12/2025,,,2025-12-01,2025-12-31,Weather related,Meteorological,Storm,Storm,,Instituto Nacional de Defensa Civil (INDECI),,"Taurija, Province of Pataz, La Libertad, Peru","-8.307586, -77.4230687",County/City/town/Village/Woreda (ADM3),Origin,,2026-01-07T08:06:13.567883Z,"Peru: 10 displacements (destroyed housing), 15 December - 15 December. According to IDMC calculations based on data from INDECI, on 15 December 2025, a total of 10 people were displaced from Taurija, Pataz, La Libertad by Storm which destroyed 3 houses. Instituto Nacional de Defensa Civil (INDECI) - 07 January 2025",,Storm
219305,Peru,PER,-16.28436,-69.90615,"[-16.28436, -69.90615]",Recommended figure,Disaster,total,3,2025-12-15,2025-12-15,2025-12-15,2025,37902,Peru: Storm - Puno - 01/12/2025,,,2025-12-01,2025-12-31,Weather related,Meteorological,Storm,Storm,,Instituto Nacional de Defensa Civil (INDECI),,"Acora, Puno Province, Puno, Peru","-16.28436, -69.90615",County/City/town/Village/Woreda (ADM3),Origin,,2026-01-07T08:06:14.411485Z,"Peru: 3 displacements (partially destroyed housing), 15 December - 15 December. According to IDMC calculations based on data from INDECI, on 15 December 2025, a total of 3 people were displaced from Acora, Puno, Puno by Storm which made uninhabitable one house. Instituto Nacional de Defensa Civil (INDECI) - 07 January 2025",,Storm
219300,Peru,PER,-10.6702605,-76.2544781,"[-10.6702605, -76.2544781]",Recommended figure,Disaster,total,3,2025-12-15,2025-12-15,2025-12-15,2025,37896,Peru: Storm - Pasco - 01/12/2025,,,2025-12-01,2025-12-31,Weather related,Meteorological,Storm,Storm,,Instituto Nacional de Defensa Civil (INDECI),,"Yanacancha, Province of Pasco, Pasco, Peru","-10.6702605, -76.2544781",County/City/town/Village/Woreda (ADM3),Origin,,2026-01-07T08:06:14.076729Z,"Peru: 3 displacements (destroyed housing), 15 December - 15 December. According to IDMC calculations based on data from INDECI, on 15 December 2025, a total of 3 people were displaced from Yanacancha, Pasco, Pasco by Storm which destroyed one house. Instituto Nacional de Defensa Civil (INDECI) - 07 January 2025",,Storm
219303,Peru,PER,-10.7351432,-75.2676019,"[-10.7351432, -75.2676019]",Recommended figure,Disaster,total,17,2025-12-15,2025-12-15,2025-12-15,2025,37872,Peru: Dry mass movement - Pasco - 01/12/2025,,,2025-12-01,2025-12-31,Geophysical,Geophysical,Mass Movement,Dry mass movement,,Instituto Nacional de Defensa Civil (INDECI),,"Villa Rica, Province of Oxapampa, Pasco, Peru","-10.7351432, -75.2676019",County/City/town/Village/Woreda (ADM3),Origin,,2026-01-07T08:06:14.293026Z,"Peru: 17 displacements (partially destroyed housing), 15 December - 15 December. According to IDMC calculations based on data from INDECI, on 15 December 2025, a total of 17 people were displaced from Villa Rica, Oxapampa, Pasco by Dry mass movement which made uninhabitable 5 houses. Instituto Nacional de Defensa Civil (INDECI) - 07 January 2025",,Mass Movement
219315,Peru,PER,-10.6463182,-73.2911381,"[-10.6463182, -73.2911381]",Recommended figure,Disaster,total,3,2025-12-14,2025-12-14,2025-12-14,2025,37880,Peru: Flood - Ucayali - 01/12/2025,,,2025-12-01,2025-12-31,Weather related,Hydrological,Flood,Flood,,Instituto Nacional de Defensa Civil (INDECI),,"Raymondi, Province of Atalaya, Ucayali, 25201, Peru","-10.6463182, -73.2911381",County/City/town/Village/Woreda (ADM3),Origin,,2026-01-07T08:09:11.962511Z,"Peru: 3 displacements (partially destroyed housing), 14 December - 14 December. According to IDMC calculations based on data from INDECI, on 14 December 2025, a total of 3 people were displaced from Raymondi, Atalaya, Ucayali by Flood which made uninhabitable one house. Instituto Nacional de Defensa Civil (INDECI) - 07 January 2025",,Flood
219262,Peru,PER,-9.1148297,-77.3681041,"[-9.1148297, -77.3681041]",Recommended figure,Disaster,total,3,2025-12-14,2025-12-14,2025-12-14,2025,37901,Peru: Storm - Ancash - 01/12/2025,,,2025-12-01,2025-12-31,Weather related,Meteorological,Storm,Storm,,Instituto Nacional de Defensa Civil (INDECI),,"Acochaca, Province of Asunción, Ancash, Peru","-9.1148297, -77.3681041",County/City/town/Village/Woreda (ADM3),Origin,,2026-01-07T08:06:07.321064Z,"Peru: 3 displacements (partially destroyed housing), 14 December - 14 December. According to IDMC calculations based on data from INDECI, on 14 December 2025, a total of 3 people were displaced from Acochaca, Asunción, Ancash by Storm which made uninhabitable one house. Instituto Nacional de Defensa Civil (INDECI) - 07 January 2025",,Storm
219276,Peru,PER,-14.3125299,-71.6895185,"[-14.3125299, -71.6895185]",Recommended figure,Disaster,total,3,2025-12-13,2025-12-13,2025-12-13,2025,37898,Peru: Storm - Cusco - 01/12/2025,,,2025-12-01,2025-12-31,Weather related,Meteorological,Storm,Storm,,Instituto Nacional de Defensa Civil (INDECI),,"Livitaca, Province of Chumbivilcas, Cusco, Peru","-14.3125299, -71.6895185",County/City/town/Village/Woreda (ADM3),Origin,,2026-01-07T08:06:08.140380Z,"Peru: 3 displacements (partially destroyed housing), 13 December - 13 December. According to IDMC calculations based on data from INDECI, on 13 December 2025, a total of 3 people were displaced from Livitaca, Chumbivilcas, Cusco by Storm which made uninhabitable one house. Instituto Nacional de Defensa Civil (INDECI) - 07 January 2025",,Storm
219296,Peru,PER,-4.7735601,-73.387296,"[-4.7735601, -73.387296]",Recommended figure,Disaster,total,3,2025-12-13,2025-12-13,2025-12-13,2025,37904,Peru: Erosion - Loreto - 01/12/2025,,,2025-12-01,2025-12-31,Weather related,Climatological,Erosion,Erosion,,Instituto Nacional de Defensa Civil (INDECI),,"Saquena, Province of Requena, Loreto, Peru","-4.7735601, -73.387296",County/City/town/Village/Woreda (ADM3),Origin,,2026-01-07T08:06:13.821343Z,"Peru: 3 displacements (destroyed housing), 13 December - 13 December. According to IDMC calculations based on data from INDECI, on 13 December 2025, a total of 3 people were displaced from Saquena, Requena, Loreto by Erosion which destroyed one house. Instituto Nacional de Defensa Civil (INDECI) - 07 January 2025",,Erosion
219284,Peru,PER,-12.564374,-74.9472848,"[-12.564374, -74.9472848]",Recommended figure,Disaster,total,3,2025-12-13,2025-12-13,2025-12-13,2025,37894,Peru: Storm - Huancavelica - 01/12/2025,,,2025-12-01,2025-12-31,Weather related,Meteorological,Storm,Storm,,Instituto Nacional de Defensa Civil (INDECI),,"Huando, Province of Huancavelica, Huancavelica, Peru","-12.564374, -74.9472848",County/City/town/Village/Woreda (ADM3),Origin,,2026-01-07T08:06:13.064861Z,"Peru: 3 displacements (partially destroyed housing), 13 December - 13 December. According to IDMC calculations based on data from INDECI, on 13 December 2025, a total of 3 people were displaced from Huando, Huancavelica, Huancavelica by Storm which made uninhabitable one house. Instituto Nacional de Defensa Civil (INDECI) - 07 January 2025",,Storm
219270,Peru,PER,-12.92785,-73.5595851,"[-12.92785, -73.5595851]",Recommended figure,Disaster,total,10,2025-12-12,2025-12-12,2025-12-12,2025,37885,Peru: Flood - Ayacucho - 01/12/2025,,,2025-12-01,2025-12-31,Weather related,Hydrological,Flood,Flood,,Instituto Nacional de Defensa Civil (INDECI),,"Unión Progreso, Province of La Mar, Ayacucho, Peru","-12.92785, -73.5595851",County/City/town/Village/Woreda (ADM3),Origin,,2026-01-07T08:06:07.786803Z,"Peru: 10 displacements (partially destroyed housing), 12 December - 12 December. According to IDMC calculations based on data from INDECI, on 12 December 2025, a total of 10 people were displaced from Union Progreso, La Mar, Ayacucho by Flood which made uninhabitable 3 houses. Instituto Nacional de Defensa Civil (INDECI) - 07 January 2025",,Flood
219263,Peru,PER,-10.0101988,-77.5691553,"[-10.0101988, -77.5691553]",Recommended figure,Disaster,total,3,2025-12-12,2025-12-12,2025-12-12,2025,37878,Peru: Wildfire - Ancash - 01/12/2025,,,2025-12-01,2025-12-31,Weather related,Climatological,Wildfire,Wildfire,,Instituto Nacional de Defensa Civil (INDECI),,"Tapacocha, Province of Recuay, Ancash, Peru","-10.0101988, -77.5691553",County/City/town/Village/Woreda (ADM3),Origin,,2026-01-07T08:06:07.378429Z,"Peru: 3 displacements (partially destroyed housing), 12 December - 12 December. According to IDMC calculations based on data from INDECI, on 12 December 2025, a total of 3 people were displaced from Tapacocha, Recuay, Ancash by Wildfire which made uninhabitable one house. Instituto Nacional de Defensa Civil (INDECI) - 07 January 2025",,Wildfire
219298,Peru,PER,-12.0164673,-70.9139793,"[-12.0164673, -70.9139793]",Recommended figure,Disaster,total,7,2025-12-11,2025-12-11,2025-12-11,2025,37900,Peru: Storm - Madre de Dios - 01/12/2025,,,2025-12-01,2025-12-31,Weather related,Meteorological,Storm,Storm,,Instituto Nacional de Defensa Civil (INDECI),,"Fitzcarrald, Province of Manú, Madre de Dios, Peru","-12.0164673, -70.9139793",County/City/town/Village/Woreda (ADM3),Origin,,2026-01-07T08:06:13.953000Z,"Peru: 7 displacements (partially destroyed housing), 11 December - 11 December. According to IDMC calculations based on data from INDECI, on 11 December 2025, a total of 6 people were displaced from Fitzcarrald, Manu, Madre De Dios by Storm which made uninhabitable 2 houses. Instituto Nacional de Defensa Civil (INDECI) - 07 January 2025",,Storm
219265,Peru,PER,-13.6616515,-73.3767641,"[-13.6616515, -73.3767641]",Recommended figure,Disaster,total,7,2025-12-10,2025-12-10,2025-12-10,2025,37890,Peru: Storm - Apurímac - 01/12/2025,,,2025-12-01,2025-12-31,Weather related,Meteorological,Storm,Storm,,Instituto Nacional de Defensa Civil (INDECI),,"Andahuaylas, Andahuaylas Province, Apurimac, Peru","-13.6616515, -73.3767641",County/City/town/Village/Woreda (ADM3),Origin,,2026-01-07T08:06:07.491397Z,"Peru: 7 displacements (partially destroyed housing), 10 December - 10 December. According to IDMC calculations based on data from INDECI, on 10 December 2025, a total of 6 people were displaced from Andahuaylas, Andahuaylas, Apurímac by Storm which made uninhabitable 2 houses. Instituto Nacional de Defensa Civil (INDECI) - 07 January 2025",,Storm
219272,Peru,PER,-5.3930466,-78.9061426,"[-5.3930466, -78.9061426]",Recommended figure,Disaster,total,48,2025-12-10,2025-12-10,2025-12-10,2025,37899,Peru: Storm - Cajamarca - 01/12/2025,,,2025-12-01,2025-12-31,Weather related,Meteorological,Storm,Storm,,Instituto Nacional de Defensa Civil (INDECI),,"La Coipa, Province of San Ignacio, Cajamarca, Peru","-5.3930466, -78.9061426",County/City/town/Village/Woreda (ADM3),Origin,,2026-01-07T08:06:07.907300Z,"Peru: 48 displacements (partially destroyed housing), 10 December - 10 December. According to IDMC calculations based on data from INDECI, on 10 December 2025, a total of 48 people were displaced from La Coipa, San Ignacio, Cajamarca by Storm which made uninhabitable 14 houses. Instituto Nacional de Defensa Civil (INDECI) - 07 January 2025",,Storm
219288,Peru,PER,-12.0938577,-74.8636269,"[-12.0938577, -74.8636269]",Recommended figure,Disaster,total,3,2025-12-10,2025-12-10,2025-12-10,2025,37894,Peru: Storm - Huancavelica - 01/12/2025,,,2025-12-01,2025-12-31,Weather related,Meteorological,Storm,Storm,,Instituto Nacional de Defensa Civil (INDECI),,"San Marcos de Rocchac, Province of Tayacaja, Huancavelica, Peru","-12.0938577, -74.8636269",County/City/town/Village/Woreda (ADM3),Origin,,2026-01-07T08:06:13.326362Z,"Peru: 3 displacements (partially destroyed housing), 10 December - 10 December. According to IDMC calculations based on data from INDECI, on 10 December 2025, a total of 3 people were displaced from San Marcos De Rocchac, Tayacaja, Huancavelica by Storm which made uninhabitable one house. Instituto Nacional de Defensa Civil (INDECI) - 07 January 2025",,Storm
219286,Peru,PER,-12.9560195,-74.4922582,"[-12.9560195, -74.4922582]",Recommended figure,Disaster,total,3,2025-12-09,2025-12-09,2025-12-09,2025,37894,Peru: Storm - Huancavelica - 01/12/2025,,,2025-12-01,2025-12-31,Weather related,Meteorological,Storm,Storm,,Instituto Nacional de Defensa Civil (INDECI),,"Congalla, Province of Angaraes, Huancavelica, Peru","-12.9560195, -74.4922582",County/City/town/Village/Woreda (ADM3),Origin,,2026-01-07T08:06:13.209392Z,"Peru: 3 displacements (destroyed housing), 09 December - 09 December. According to IDMC calculations based on data from INDECI, on 09 December 2025, a total of 3 people were displaced from Congalla, Angaraes, Huancavelica by Storm which destroyed one house. Instituto Nacional de Defensa Civil (INDECI) - 07 January 2025",,Storm
219282,Peru,PER,-12.3712,-73.813,"[-12.3712, -73.813]",Recommended figure,Disaster,total,7,2025-12-09,2025-12-09,2025-12-09,2025,37898,Peru: Storm - Cusco - 01/12/2025,,,2025-12-01,2025-12-31,Weather related,Meteorological,Storm,Storm,,Instituto Nacional de Defensa Civil (INDECI),,"Unión Asháninka, Pichari, La Convencion, Cuzco, Peru","-12.3712, -73.813",County/City/town/Village/Woreda (ADM3),Origin,,2026-01-07T08:06:08.905020Z,"Peru: 7 displacements, 09 December - 09 December. According to IDMC calculations based on data from INDECI, on 09 December 2025, a total of 6 people were displaced from Union Ashaninka, La Convención, Cusco by Storm which made uninhabitable or destroyed 2 houses. Instituto Nacional de Defensa Civil (INDECI) - 07 January 2025",,Storm
219312,Peru,PER,-7.8964619,-74.1845474,"[-7.8964619, -74.1845474]",Recommended figure,Disaster,total,3,2025-12-08,2025-12-08,2025-12-08,2025,37880,Peru: Flood - Ucayali - 01/12/2025,,,2025-12-01,2025-12-31,Weather related,Hydrological,Flood,Flood,,Instituto Nacional de Defensa Civil (INDECI),,"Callería, Province of Coronel Portillo, Ucayali, Peru","-7.8964619, -74.1845474",County/City/town/Village/Woreda (ADM3),Origin,,2026-01-07T08:09:11.778564Z,"Peru: 3 displacements (partially destroyed housing), 08 December - 08 December. According to IDMC calculations based on data from INDECI, on 08 December 2025, a total of 3 people were displaced from Calleria, Coronel Portillo, Ucayali by Flood which made uninhabitable one house. Instituto Nacional de Defensa Civil (INDECI) - 07 January 2025",,Flood
219318,Peru,PER,-8.8284441,-75.0505816,"[-8.8284441, -75.0505816]",Recommended figure,Disaster,total,3,2025-12-08,2025-12-08,2025-12-08,2025,37880,Peru: Flood - Ucayali - 01/12/2025,,,2025-12-01,2025-12-31,Weather related,Hydrological,Flood,Flood,,Instituto Nacional de Defensa Civil (INDECI),,"Alexander von Humboldt, Province of Padre Abad, Ucayali, Peru","-8.8284441, -75.0505816",County/City/town/Village/Woreda (ADM3),Origin,,2026-01-07T08:09:12.142789Z,"Peru: 3 displacements (destroyed housing), 08 December - 08 December. According to IDMC calculations based on data from INDECI, on 08 December 2025, a total of 3 people were displaced from Alexander Von Humboldt, Padre Abad, Ucayali by Flood which destroyed one house. Instituto Nacional de Defensa Civil (INDECI) - 07 January 2025",,Flood
219267,Peru,PER,-13.8047365,-73.3270027,"[-13.8047365, -73.3270027]",Recommended figure,Disaster,total,7,2025-12-08,2025-12-08,2025-12-08,2025,37890,Peru: Storm - Apurímac - 01/12/2025,,,2025-12-01,2025-12-31,Weather related,Meteorological,Storm,Storm,,Instituto Nacional de Defensa Civil (INDECI),,"José María Arguedas, Province of Andahuaylas, Apurímac, Peru","-13.8047365, -73.3270027",County/City/town/Village/Woreda (ADM3),Origin,,2026-01-07T08:06:07.610071Z,"Peru: 7 displacements (partially destroyed housing), 08 December - 08 December. According to IDMC calculations based on data from INDECI, on 08 December 2025, a total of 6 people were displaced from Jose Maria Arguedas, Andahuaylas, Apurímac by Storm which made uninhabitable 2 houses. Instituto Nacional de Defensa Civil (INDECI) - 07 January 2025",,Storm
219319,Peru,PER,-12.8127753,-75.7831157,"[-12.8127753, -75.7831157]",Recommended figure,Disaster,total,45,2025-12-07,2025-12-07,2025-12-07,2025,37877,Peru: Wildfire - Lima - 01/12/2025,,,2025-12-01,2025-12-31,Weather related,Climatological,Wildfire,Wildfire,,Instituto Nacional de Defensa Civil (INDECI),,"Cacra, Province of Yauyos, Lima, Peru","-12.8127753, -75.7831157",County/City/town/Village/Woreda (ADM3),Origin,,2026-01-07T08:09:12.202144Z,"Peru: 45 displacements (partially destroyed housing), 07 December - 07 December. According to IDMC calculations based on data from INDECI, on 07 December 2025, a total of 44 people were displaced from Cacra, Yauyos, Lima by Wildfire which made uninhabitable 13 houses. Instituto Nacional de Defensa Civil (INDECI) - 07 January 2025",,Wildfire
219301,Peru,PER,-10.4911471,-76.5155834,"[-10.4911471, -76.5155834]",Recommended figure,Disaster,total,3,2025-12-04,2025-12-04,2025-12-04,2025,37884,Peru: Flood - Pasco - 01/12/2025,,,2025-12-01,2025-12-31,Weather related,Hydrological,Flood,Flood,,Instituto Nacional de Defensa Civil (INDECI),,"Yanahuanca, Daniel Alcides Carrión Province, Pasco, Peru","-10.4911471, -76.5155834",County/City/town/Village/Woreda (ADM3),Origin,,2026-01-07T08:06:14.149459Z,"Peru: 3 displacements (partially destroyed housing), 04 December - 04 December. According to IDMC calculations based on data from INDECI, on 04 December 2025, a total of 3 people were displaced from Yanahuanca, Daniel Alcides Carrión, Pasco by Flood which made uninhabitable one house. Instituto Nacional de Defensa Civil (INDECI) - 07 January 2025",,Flood
219274,Peru,PER,-14.057335,-71.4929519,"[-14.057335, -71.4929519]",Recommended figure,Disaster,total,3,2025-12-04,2025-12-04,2025-12-04,2025,37870,Peru: Mixed disasters - Cusco (Acopia) - 04/12/2025,,,2025-12-04,2025-12-04,Mixed disasters,Mixed disasters,Mixed disasters,Mixed disasters,,Instituto Nacional de Defensa Civil (INDECI),,"Acopía, Province of Acomayo, Cusco, Peru","-14.057335, -71.4929519",County/City/town/Village/Woreda (ADM3),Origin,,2026-01-07T08:06:08.020094Z,"Peru: 3 displacements (partially destroyed housing), 04 December - 04 December. According to IDMC calculations based on data from INDECI, on 04 December 2025, a total of 3 people were displaced from Acopia, Acomayo, Cusco by Mixed disasters which made uninhabitable one house. Instituto Nacional de Defensa Civil (INDECI) - 07 January 2025",,Mixed disasters
219275,Peru,PER,-14.3125299,-71.6895185,"[-14.3125299, -71.6895185]",Recommended figure,Disaster,total,7,2025-12-04,2025-12-04,2025-12-04,2025,37898,Peru: Storm - Cusco - 01/12/2025,,,2025-12-01,2025-12-31,Weather related,Meteorological,Storm,Storm,,Instituto Nacional de Defensa Civil (INDECI),,"Livitaca, Province of Chumbivilcas, Cusco, Peru","-14.3125299, -71.6895185",County/City/town/Village/Woreda (ADM3),Origin,,2026-01-07T08:06:08.080618Z,"Peru: 7 displacements (partially destroyed housing), 04 December - 04 December. According to IDMC calculations based on data from INDECI, on 04 December 2025, a total of 6 people were displaced from Livitaca, Chumbivilcas, Cusco by Storm which made uninhabitable 2 houses. Instituto Nacional de Defensa Civil (INDECI) - 07 January 2025",,Storm
219317,Peru,PER,-11.1378792,-73.0452127,"[-11.1378792, -73.0452127]",Recommended figure,Disaster,total,128,2025-12-04,2025-12-04,2025-12-04,2025,37880,Peru: Flood - Ucayali - 01/12/2025,,,2025-12-01,2025-12-31,Weather related,Hydrological,Flood,Flood,,Instituto Nacional de Defensa Civil (INDECI),,"Sepahua, Province of Atalaya, Ucayali, Peru","-11.1378792, -73.0452127",County/City/town/Village/Woreda (ADM3),Origin,,2026-01-07T08:09:12.081335Z,"Peru: 128 displacements (partially destroyed housing), 04 December - 04 December. According to IDMC calculations based on data from INDECI, on 04 December 2025, a total of 128 people were displaced from Sepahua, Atalaya, Ucayali by Flood which made uninhabitable 37 houses. Instituto Nacional de Defensa Civil (INDECI) - 07 January 2025",,Flood
219259,Peru,PER,-4.9924016,-78.3829771,"[-4.9924016, -78.3829771]",Recommended figure,Disaster,total,7,2025-12-04,2025-12-04,2025-12-04,2025,37871,Peru: Dry mass movement - Amazonas - 01/12/2025,,,2025-12-01,2025-12-31,Geophysical,Geophysical,Mass Movement,Dry mass movement,,Instituto Nacional de Defensa Civil (INDECI),,"Imaza, Province of Bagua, Amazonas, Peru","-4.9924016, -78.3829771",County/City/town/Village/Woreda (ADM3),Origin,,2026-01-07T08:06:07.140198Z,"Peru: 7 displacements (partially destroyed housing), 04 December - 04 December. According to IDMC calculations based on data from INDECI, on 04 December 2025, a total of 6 people were displaced from Imaza, Bagua, Amazonas by Dry mass movement which made uninhabitable 2 houses. Instituto Nacional de Defensa Civil (INDECI) - 07 January 2025",,Mass Movement
219271,Peru,PER,-6.095069,-78.8528691,"[-6.095069, -78.8528691]",Recommended figure,Disaster,total,3,2025-12-03,2025-12-03,2025-12-03,2025,37899,Peru: Storm - Cajamarca - 01/12/2025,,,2025-12-01,2025-12-31,Weather related,Meteorological,Storm,Storm,,Instituto Nacional de Defensa Civil (INDECI),,"Santa Cruz, Province of Cutervo, Cajamarca, Peru","-6.095069, -78.8528691",County/City/town/Village/Woreda (ADM3),Origin,,2026-01-07T08:06:07.845609Z,"Peru: 3 displacements (partially destroyed housing), 03 December - 03 December. According to IDMC calculations based on data from INDECI, on 03 December 2025, a total of 3 people were displaced from Santa Cruz, Cutervo, Cajamarca by Storm which made uninhabitable one house. Instituto Nacional de Defensa Civil (INDECI) - 07 January 2025",,Storm
219295,Peru,PER,-4.50561,-73.58026,"[-4.50561, -73.58026]",Recommended figure,Disaster,total,35,2025-12-03,2025-12-03,2025-12-03,2025,37893,Peru: Storm - Loreto - 01/12/2025,,,2025-12-01,2025-12-31,Weather related,Meteorological,Storm,Storm,,Instituto Nacional de Defensa Civil (INDECI),,"Nauta, Loreto Province, Loreto, Peru","-4.50561, -73.58026",County/City/town/Village/Woreda (ADM3),Origin,,2026-01-07T08:06:13.746571Z,"Peru: 35 displacements (partially destroyed housing), 03 December - 03 December. According to IDMC calculations based on data from INDECI, on 03 December 2025, a total of 34 people were displaced from Nauta, Loreto, Loreto by Storm which made uninhabitable 10 houses. Instituto Nacional de Defensa Civil (INDECI) - 07 January 2025",,Storm
219289,Peru,PER,-9.8449412,-75.9030616,"[-9.8449412, -75.9030616]",Recommended figure,Disaster,total,21,2025-12-03,2025-12-03,2025-12-03,2025,37875,Peru: Landslide/Wet mass movement - Huánuco - 01/12/2025,,,2025-12-01,2025-12-31,Weather related,Hydrological,Mass Movement,Landslide/Wet mass movement,,Instituto Nacional de Defensa Civil (INDECI),,"Chaglla, Province of Pachitea, Huánuco, Peru","-9.8449412, -75.9030616",County/City/town/Village/Woreda (ADM3),Origin,,2026-01-07T08:06:13.385657Z,"Peru: 21 displacements, 03 December - 03 December. According to IDMC calculations based on data from INDECI, on 03 December 2025, a total of 20 people were displaced from Chaglla, Pachitea, Huánuco by Landslide/Wet mass movement which made uninhabitable or destroyed 6 houses. Instituto Nacional de Defensa Civil (INDECI) - 07 January 2025",,Mass Movement
219294,Peru,PER,-4.0779873,-73.5219454,"[-4.0779873, -73.5219454]",Recommended figure,Disaster,total,3,2025-12-03,2025-12-03,2025-12-03,2025,37893,Peru: Storm - Loreto - 01/12/2025,,,2025-12-01,2025-12-31,Weather related,Meteorological,Storm,Storm,,Instituto Nacional de Defensa Civil (INDECI),,"San Juan Bautista, Province of Maynas, Loreto, Peru","-4.0779873, -73.5219454",County/City/town/Village/Woreda (ADM3),Origin,,2026-01-07T08:06:13.689811Z,"Peru: 3 displacements (destroyed housing), 03 December - 03 December. According to IDMC calculations based on data from INDECI, on 03 December 2025, a total of 3 people were displaced from San Juan Bautista, Maynas, Loreto by Storm which destroyed one house. Instituto Nacional de Defensa Civil (INDECI) - 07 January 2025",,Storm
219304,Peru,PER,-9.7723755,-74.6466239,"[-9.7723755, -74.6466239]",Recommended figure,Disaster,total,14,2025-12-02,2025-12-02,2025-12-02,2025,37896,Peru: Storm - Pasco - 01/12/2025,,,2025-12-01,2025-12-31,Weather related,Meteorological,Storm,Storm,,Instituto Nacional de Defensa Civil (INDECI),,"Constitución, Province of Oxapampa, Pasco, Peru","-9.7723755, -74.6466239",County/City/town/Village/Woreda (ADM3),Origin,,2026-01-07T08:06:14.349559Z,"Peru: 14 displacements, 02 December - 02 December. According to IDMC calculations based on data from INDECI, on 02 December 2025, a total of 13 people were displaced from Constitucion, Oxapampa, Pasco by Storm which made uninhabitable or destroyed 4 houses. Instituto Nacional de Defensa Civil (INDECI) - 07 January 2025",,Storm
219279,Peru,PER,-12.6203873,-73.7885096,"[-12.6203873, -73.7885096]",Recommended figure,Disaster,total,24,2025-12-02,2025-12-02,2025-12-02,2025,37898,Peru: Storm - Cusco - 01/12/2025,,,2025-12-01,2025-12-31,Weather related,Meteorological,Storm,Storm,,Instituto Nacional de Defensa Civil (INDECI),,"Kimbiri, Province of La Convención, Cusco, Peru","-12.6203873, -73.7885096",County/City/town/Village/Woreda (ADM3),Origin,,2026-01-07T08:06:08.731964Z,"Peru: 24 displacements, 02 December - 02 December. According to IDMC calculations based on data from INDECI, on 02 December 2025, a total of 24 people were displaced from Kimbiri, La Convención, Cusco by Storm which made uninhabitable or destroyed 7 houses. Instituto Nacional de Defensa Civil (INDECI) - 07 January 2025",,Storm
219313,Peru,PER,-8.7161844,-74.3136574,"[-8.7161844, -74.3136574]",Recommended figure,Disaster,total,3,2025-12-02,2025-12-02,2025-12-02,2025,37892,Peru: Storm - Ucayali - 01/12/2025,,,2025-12-01,2025-12-31,Weather related,Meteorological,Storm,Storm,,Instituto Nacional de Defensa Civil (INDECI),,"Masisea, Province of Coronel Portillo, Ucayali, Peru","-8.7161844, -74.3136574",County/City/town/Village/Woreda (ADM3),Origin,,2026-01-07T08:09:11.840635Z,"Peru: 3 displacements (destroyed housing), 02 December - 02 December. According to IDMC calculations based on data from INDECI, on 02 December 2025, a total of 3 people were displaced from Masisea, Coronel Portillo, Ucayali by Storm which destroyed one house. Instituto Nacional de Defensa Civil (INDECI) - 07 January 2025",,Storm
219310,Peru,PER,-5.7219212,-77.6170864,"[-5.7219212, -77.6170864]",Recommended figure,Disaster,total,21,2025-12-02,2025-12-02,2025-12-02,2025,37883,Peru: Flood - San Martín - 01/12/2025,,,2025-12-01,2025-12-31,Weather related,Hydrological,Flood,Flood,,Instituto Nacional de Defensa Civil (INDECI),,"Pardo Miguel, Province of Rioja, San Martín, Peru","-5.7219212, -77.6170864",County/City/town/Village/Woreda (ADM3),Origin,,2026-01-07T08:09:11.645505Z,"Peru: 21 displacements (partially destroyed housing), 02 December - 02 December. According to IDMC calculations based on data from INDECI, on 02 December 2025, a total of 20 people were displaced from Pardo Miguel, Rioja, San Martín by Flood which made uninhabitable 6 houses. Instituto Nacional de Defensa Civil (INDECI) - 07 January 2025",,Flood
219309,Peru,PER,-5.8696697,-77.4574933,"[-5.8696697, -77.4574933]",Recommended figure,Disaster,total,3,2025-12-02,2025-12-02,2025-12-02,2025,37883,Peru: Flood - San Martín - 01/12/2025,,,2025-12-01,2025-12-31,Weather related,Hydrological,Flood,Flood,,Instituto Nacional de Defensa Civil (INDECI),,"Awajún, Province of Rioja, San Martín, Peru","-5.8696697, -77.4574933",County/City/town/Village/Woreda (ADM3),Origin,,2026-01-07T08:09:11.575848Z,"Peru: 3 displacements (partially destroyed housing), 02 December - 02 December. According to IDMC calculations based on data from INDECI, on 02 December 2025, a total of 3 people were displaced from Awajun, Rioja, San Martín by Flood which made uninhabitable one house. Instituto Nacional de Defensa Civil (INDECI) - 07 January 2025",,Flood
219307,Peru,PER,-6.4220812,-76.5164123,"[-6.4220812, -76.5164123]",Recommended figure,Disaster,total,3,2025-12-02,2025-12-02,2025-12-02,2025,37883,Peru: Flood - San Martín - 01/12/2025,,,2025-12-01,2025-12-31,Weather related,Hydrological,Flood,Flood,,Instituto Nacional de Defensa Civil (INDECI),,"Lamas, Province of Lamas, San Martín, Peru","-6.4220812, -76.5164123",County/City/town/Village/Woreda (ADM3),Origin,,2026-01-07T08:06:14.554683Z,"Peru: 3 displacements (partially destroyed housing), 02 December - 02 December. According to IDMC calculations based on data from INDECI, on 02 December 2025, a total of 3 people were displaced from Lamas, Lamas, San Martín by Flood which made uninhabitable one house. Instituto Nacional de Defensa Civil (INDECI) - 07 January 2025",,Flood
219306,Peru,PER,-6.03441,-76.97423,"[-6.03441, -76.97423]",Recommended figure,Disaster,total,7,2025-12-02,2025-12-02,2025-12-02,2025,37891,Peru: Storm - San Martín - 01/12/2025,,,2025-12-01,2025-12-31,Weather related,Meteorological,Storm,Storm,,Instituto Nacional de Defensa Civil (INDECI),,"Moyobamba, Moyobamba Province, San Martín Department, Peru","-6.03441, -76.97423",County/City/town/Village/Woreda (ADM3),Origin,,2026-01-07T08:06:14.489901Z,"Peru: 7 displacements (partially destroyed housing), 02 December - 02 December. According to IDMC calculations based on data from INDECI, on 02 December 2025, a total of 6 people were displaced from Moyobamba, Moyobamba, San Martín by Storm which made uninhabitable 2 houses. Instituto Nacional de Defensa Civil (INDECI) - 07 January 2025",,Storm
219280,Peru,PER,-12.5201296,-73.8282497,"[-12.5201296, -73.8282497]",Recommended figure,Disaster,total,3,2025-12-02,2025-12-02,2025-12-02,2025,37898,Peru: Storm - Cusco - 01/12/2025,,,2025-12-01,2025-12-31,Weather related,Meteorological,Storm,Storm,,Instituto Nacional de Defensa Civil (INDECI),,"Pichari, Province of La Convención, Cusco, Peru","-12.5201296, -73.8282497",County/City/town/Village/Woreda (ADM3),Origin,,2026-01-07T08:06:08.788147Z,"Peru: 3 displacements (partially destroyed housing), 02 December - 02 December. According to IDMC calculations based on data from INDECI, on 02 December 2025, a total of 3 people were displaced from Pichari, La Convención, Cusco by Storm which made uninhabitable one house. Instituto Nacional de Defensa Civil (INDECI) - 07 January 2025",,Storm
219287,Peru,PER,-12.0482665,-74.5945785,"[-12.0482665, -74.5945785]",Recommended figure,Disaster,total,3,2025-12-01,2025-12-01,2025-12-01,2025,37879,Peru: Flood - Huancavelica - 01/12/2025,,,2025-12-01,2025-12-31,Weather related,Hydrological,Flood,Flood,,Instituto Nacional de Defensa Civil (INDECI),,"Huachocolpa, Province of Tayacaja, Huancavelica, Peru","-12.0482665, -74.5945785",County/City/town/Village/Woreda (ADM3),Origin,,2026-01-07T08:06:13.268734Z,"Peru: 3 displacements (destroyed housing), 01 December - 01 December. According to IDMC calculations based on data from INDECI, on 01 December 2025, a total of 3 people were displaced from Huachocolpa, Tayacaja, Huancavelica by Flood which destroyed one house. Instituto Nacional de Defensa Civil (INDECI) - 07 January 2025",,Flood
219311,Peru,PER,-7.9827602,-76.8468839,"[-7.9827602, -76.8468839]",Recommended figure,Disaster,total,3,2025-12-01,2025-12-01,2025-12-01,2025,37891,Peru: Storm - San Martín - 01/12/2025,,,2025-12-01,2025-12-31,Weather related,Meteorological,Storm,Storm,,Instituto Nacional de Defensa Civil (INDECI),,"Pólvora, Province of Tocache, San Martín, Peru","-7.9827602, -76.8468839",County/City/town/Village/Woreda (ADM3),Origin,,2026-01-07T08:09:11.708724Z,"Peru: 3 displacements (destroyed housing), 01 December - 01 December. According to IDMC calculations based on data from INDECI, on 01 December 2025, a total of 3 people were displaced from Polvora, Tocache, San Martín by Storm which destroyed one house. Instituto Nacional de Defensa Civil (INDECI) - 07 January 2025",,Storm
219302,Peru,PER,-10.23767,-75.69016,"[-10.23767, -75.69016]",Recommended figure,Disaster,total,35,2025-12-01,2025-12-01,2025-12-01,2025,37889,Peru: Earthquake - Pasco - 01/12/2025,,,2025-12-01,2025-12-31,Geophysical,Geophysical,Earthquake,Earthquake,,Instituto Nacional de Defensa Civil (INDECI),,"Pozuzo, Oxapampa Province, Pasco, Peru","-10.23767, -75.69016",County/City/town/Village/Woreda (ADM3),Origin,,2026-01-07T08:06:14.221220Z,"Peru: 35 displacements (partially destroyed housing), 01 December - 01 December. According to IDMC calculations based on data from INDECI, on 01 December 2025, a total of 34 people were displaced from Pozuzo, Oxapampa, Pasco by Earthquake which made uninhabitable 10 houses. Instituto Nacional de Defensa Civil (INDECI) - 07 January 2025",,Earthquake
219264,Peru,PER,-13.6373482,-72.8788744,"[-13.6373482, -72.8788744]",Recommended figure,Disaster,total,3,2025-12-01,2025-12-01,2025-12-01,2025,37890,Peru: Storm - Apurímac - 01/12/2025,,,2025-12-01,2025-12-31,Weather related,Meteorological,Storm,Storm,,Instituto Nacional de Defensa Civil (INDECI),,"Abancay, Province of Abancay, Apurímac, Peru","-13.6373482, -72.8788744",County/City/town/Village/Woreda (ADM3),Origin,,2026-01-07T08:06:07.434835Z,"Peru: 3 displacements (destroyed housing), 01 December - 01 December. According to IDMC calculations based on data from INDECI, on 01 December 2025, a total of 3 people were displaced from Abancay, Abancay, Apurímac by Storm which destroyed one house. Instituto Nacional de Defensa Civil (INDECI) - 07 January 2025",,Storm
219269,Peru,PER,-15.7901,-71.45532,"[-15.7901, -71.45532]",Recommended figure,Disaster,total,3,2025-12-01,2025-12-01,2025-12-01,2025,37876,Peru: Wildfire - Arequipa - 01/12/2025,,,2025-12-01,2025-12-31,Weather related,Climatological,Wildfire,Wildfire,,Instituto Nacional de Defensa Civil (INDECI),,"Yanque, Caylloma Province, Arequipa, Peru","-15.7901, -71.45532",County/City/town/Village/Woreda (ADM3),Origin,,2026-01-07T08:06:07.728810Z,"Peru: 3 displacements (partially destroyed housing), 01 December - 01 December. According to IDMC calculations based on data from INDECI, on 01 December 2025, a total of 3 people were displaced from Yanque, Caylloma, Arequipa by Wildfire which made uninhabitable one house. Instituto Nacional de Defensa Civil (INDECI) - 07 January 2025",,Wildfire
215263,Peru,PER,-6.0783357,-77.8704203,"[-6.0783357, -77.8704203]",Recommended figure,Disaster,total,3,2025-11-28,2025-11-28,2025-11-28,2025,37337,Peru: Flood - Amazonas (Valera) - 28/11/2025,,,2025-11-28,2025-11-28,Weather related,Hydrological,Flood,Flood,,Instituto Nacional de Defensa Civil (INDECI),,"Valera, Province of Bongará, Amazonas, Peru","-6.0783357, -77.8704203",County/City/town/Village/Woreda (ADM3),Origin,,2025-12-09T17:18:43.519939Z,"Peru: 3 displacements (partially destroyed housing), 28 November - 28 November. According to IDMC calculations based on data from INDECI, on 28 November 2025, a total of 3 people were displaced from Valera, Bongará, Amazonas by Flood which made uninhabitable one house. Instituto Nacional de Defensa Civil (INDECI) - 08 December 2025",,Flood
215351,Peru,PER,-12.2362041,-74.93875,"[-12.2362041, -74.93875]",Recommended figure,Disaster,total,62,2025-11-28,2025-11-28,2025-11-28,2025,37405,Peru: Storm - Huancavelica (Pichos) - 28/11/2025,,,2025-11-28,2025-11-28,Weather related,Meteorological,Storm,Storm,,Instituto Nacional de Defensa Civil (INDECI),,"Pichos, Province of Tayacaja, Huancavelica, Peru","-12.2362041, -74.93875",County/City/town/Village/Woreda (ADM3),Origin,,2025-12-09T17:28:29.538859Z,"Peru: 62 displacements, 28 November - 28 November. According to IDMC calculations based on data from INDECI, on 28 November 2025, a total of 62 people were displaced from Pichos, Tayacaja, Huancavelica by Storm which made uninhabitable or destroyed 18 houses. Instituto Nacional de Defensa Civil (INDECI) - 08 December 2025",,Storm
215332,Peru,PER,-14.3125299,-71.6895185,"[-14.3125299, -71.6895185]",Recommended figure,Disaster,total,3,2025-11-27,2025-11-27,2025-11-27,2025,37399,Peru: Storm - Cusco (Livitaca) - 27/11/2025,,,2025-11-27,2025-11-27,Weather related,Meteorological,Storm,Storm,,Instituto Nacional de Defensa Civil (INDECI),,"Livitaca, Province of Chumbivilcas, Cusco, Peru","-14.3125299, -71.6895185",County/City/town/Village/Woreda (ADM3),Origin,,2025-12-09T17:28:23.945556Z,"Peru: 3 displacements (partially destroyed housing), 27 November - 27 November. According to IDMC calculations based on data from INDECI, on 27 November 2025, a total of 3 people were displaced from Livitaca, Chumbivilcas, Cusco by Storm which made uninhabitable one house. Instituto Nacional de Defensa Civil (INDECI) - 08 December 2025",,Storm
215315,Peru,PER,-6.5614846,-78.6509551,"[-6.5614846, -78.6509551]",Recommended figure,Disaster,total,3,2025-11-27,2025-11-27,2025-11-27,2025,37298,Peru: Flood - Cajamarca (Chota) - 27/11/2025,,,2025-11-27,2025-11-27,Weather related,Hydrological,Flood,Flood,,Instituto Nacional de Defensa Civil (INDECI),,"Chota, Province of Chota, Cajamarca, Peru","-6.5614846, -78.6509551",County/City/town/Village/Woreda (ADM3),Origin,,2025-12-09T17:28:22.899726Z,"Peru: 3 displacements (destroyed housing), 27 November - 27 November. According to IDMC calculations based on data from INDECI, on 27 November 2025, a total of 3 people were displaced from Chota, Chota, Cajamarca by Flood which destroyed one house. Instituto Nacional de Defensa Civil (INDECI) - 08 December 2025",,Flood
215347,Peru,PER,-12.9560195,-74.4922582,"[-12.9560195, -74.4922582]",Recommended figure,Disaster,total,10,2025-11-27,2025-11-27,2025-11-27,2025,37400,Peru: Storm - Huancavelica (Congalla) - 27/11/2025,,,2025-11-27,2025-11-27,Weather related,Meteorological,Storm,Storm,,Instituto Nacional de Defensa Civil (INDECI),,"Congalla, Province of Angaraes, Huancavelica, Peru","-12.9560195, -74.4922582",County/City/town/Village/Woreda (ADM3),Origin,,2025-12-09T17:28:29.289236Z,"Peru: 10 displacements (partially destroyed housing), 27 November - 27 November. According to IDMC calculations based on data from INDECI, on 27 November 2025, a total of 10 people were displaced from Congalla, Angaraes, Huancavelica by Storm which made uninhabitable 3 houses. Instituto Nacional de Defensa Civil (INDECI) - 08 December 2025",,Storm
215283,Peru,PER,-13.6913922,-73.1186407,"[-13.6913922, -73.1186407]",Recommended figure,Disaster,total,7,2025-11-26,2025-11-26,2025-11-26,2025,37397,Peru: Storm - Apurímac (Kishuara) - 26/11/2025,,,2025-11-26,2025-11-26,Weather related,Meteorological,Storm,Storm,,Instituto Nacional de Defensa Civil (INDECI),,"Kishuara, Province of Andahuaylas, Apurímac, Peru","-13.6913922, -73.1186407",County/City/town/Village/Woreda (ADM3),Origin,,2025-12-09T17:18:44.989598Z,"Peru: 7 displacements (partially destroyed housing), 26 November - 26 November. According to IDMC calculations based on data from INDECI, on 26 November 2025, a total of 6 people were displaced from Kishuara, Andahuaylas, Apurímac by Storm which made uninhabitable 2 houses. Instituto Nacional de Defensa Civil (INDECI) - 08 December 2025",,Storm
215341,Peru,PER,-12.7861978,-74.9764024,"[-12.7861978, -74.9764024]",Recommended figure,Disaster,total,3,2025-11-26,2025-11-26,2025-11-26,2025,37398,Peru: Storm - Huancavelica (Huancavelica) - 26/11/2025,,,2025-11-26,2025-11-26,Weather related,Meteorological,Storm,Storm,,Instituto Nacional de Defensa Civil (INDECI),,"Huancavelica, Huancavelica Province, Huancavelica, Peru","-12.7861978, -74.9764024",County/City/town/Village/Woreda (ADM3),Origin,,2025-12-09T17:28:28.924301Z,"Peru: 3 displacements (partially destroyed housing), 26 November - 26 November. According to IDMC calculations based on data from INDECI, on 26 November 2025, a total of 3 people were displaced from Huancavelica, Huancavelica, Huancavelica by Storm which made uninhabitable one house. Instituto Nacional de Defensa Civil (INDECI) - 08 December 2025",,Storm
215272,Peru,PER,-9.0943804,-77.3291264,"[-9.0943804, -77.3291264]",Recommended figure,Disaster,total,7,2025-11-25,2025-11-25,2025-11-25,2025,37283,Peru: Dry mass movement - Ancash (San Luis) - 25/11/2025,,,2025-11-25,2025-11-25,Geophysical,Geophysical,Mass Movement,Dry mass movement,,Instituto Nacional de Defensa Civil (INDECI),,"San Luis, Province of Carlos Fermín Fitzcarrald, Ancash, Peru","-9.0943804, -77.3291264",County/City/town/Village/Woreda (ADM3),Origin,,2025-12-09T17:18:44.177560Z,"Peru: 7 displacements (partially destroyed housing), 25 November - 25 November. According to IDMC calculations based on data from INDECI, on 25 November 2025, a total of 6 people were displaced from San Luis, Carlos Fermín Fitzcarrald, Ancash by Dry mass movement which made uninhabitable 2 houses. Instituto Nacional de Defensa Civil (INDECI) - 08 December 2025",,Mass Movement
215393,Peru,PER,-6.8500511,-76.3430875,"[-6.8500511, -76.3430875]",Recommended figure,Disaster,total,14,2025-11-25,2025-11-25,2025-11-25,2025,37336,Peru: Flood - San Martín (Pucacaca) - 25/11/2025,,,2025-11-25,2025-11-25,Weather related,Hydrological,Flood,Flood,,Instituto Nacional de Defensa Civil (INDECI),,"Pucacaca, Province of Picota, San Martín, Peru","-6.8500511, -76.3430875",County/City/town/Village/Woreda (ADM3),Origin,,2025-12-09T17:36:36.972432Z,"Peru: 14 displacements (partially destroyed housing), 25 November - 25 November. According to IDMC calculations based on data from INDECI, on 25 November 2025, a total of 13 people were displaced from Pucacaca, Picota, San Martín by Flood which made uninhabitable 4 houses. Instituto Nacional de Defensa Civil (INDECI) - 08 December 2025",,Flood
215382,Peru,PER,-14.4965792,-69.2798767,"[-14.4965792, -69.2798767]",Recommended figure,Disaster,total,3,2025-11-25,2025-11-25,2025-11-25,2025,37396,Peru: Storm - Puno (Sina) - 25/11/2025,,,2025-11-25,2025-11-25,Weather related,Meteorological,Storm,Storm,,Instituto Nacional de Defensa Civil (INDECI),,"Sina, Province of San Antonio de Putina, Puno, Peru","-14.4965792, -69.2798767",County/City/town/Village/Woreda (ADM3),Origin,,2025-12-09T17:36:31.998583Z,"Peru: 3 displacements (partially destroyed housing), 25 November - 25 November. According to IDMC calculations based on data from INDECI, on 25 November 2025, a total of 3 people were displaced from Sina, San Antonio De Putina, Puno by Storm which made uninhabitable one house. Instituto Nacional de Defensa Civil (INDECI) - 08 December 2025",,Storm
215353,Peru,PER,-9.1962396,-75.9736245,"[-9.1962396, -75.9736245]",Recommended figure,Disaster,total,3,2025-11-25,2025-11-25,2025-11-25,2025,37335,Peru: Flood - Huánuco (Luyando) - 25/11/2025,,,2025-11-25,2025-11-25,Weather related,Hydrological,Flood,Flood,,Instituto Nacional de Defensa Civil (INDECI),,"Luyando, Province of Leoncio Prado, Huánuco, Peru","-9.1962396, -75.9736245",County/City/town/Village/Woreda (ADM3),Origin,,2025-12-09T17:28:29.661636Z,"Peru: 3 displacements (partially destroyed housing), 25 November - 25 November. According to IDMC calculations based on data from INDECI, on 25 November 2025, a total of 3 people were displaced from Luyando, Leoncio Prado, Huánuco by Flood which made uninhabitable one house. Instituto Nacional de Defensa Civil (INDECI) - 08 December 2025",,Flood
215390,Peru,PER,-7.4826362,-76.6498915,"[-7.4826362, -76.6498915]",Recommended figure,Disaster,total,3,2025-11-24,2025-11-24,2025-11-24,2025,37273,Peru: Mixed disasters - San Martín (Campanilla) - 24/11/2025,,,2025-11-24,2025-11-24,Mixed disasters,Mixed disasters,Mixed disasters,Mixed disasters,,Instituto Nacional de Defensa Civil (INDECI),,"Campanilla, Province of Mariscal Cáceres, San Martín, Peru","-7.4826362, -76.6498915",County/City/town/Village/Woreda (ADM3),Origin,,2025-12-09T17:36:36.772284Z,"Peru: 3 displacements (partially destroyed housing), 24 November - 24 November. According to IDMC calculations based on data from INDECI, on 24 November 2025, a total of 3 people were displaced from Campanilla, Mariscal Cáceres, San Martín by Mixed disasters which made uninhabitable one house. Instituto Nacional de Defensa Civil (INDECI) - 08 December 2025",,Mixed disasters
215265,Peru,PER,-6.6137726,-78.0042952,"[-6.6137726, -78.0042952]",Recommended figure,Disaster,total,31,2025-11-24,2025-11-24,2025-11-24,2025,37393,Peru: Storm - Amazonas (Cocabamba) - 24/11/2025,,,2025-11-24,2025-11-24,Weather related,Meteorological,Storm,Storm,,Instituto Nacional de Defensa Civil (INDECI),,"Cocabamba, Province of Luya, Amazonas, Peru","-6.6137726, -78.0042952",County/City/town/Village/Woreda (ADM3),Origin,,2025-12-09T17:18:43.658625Z,"Peru: 31 displacements (partially destroyed housing), 24 November - 24 November. According to IDMC calculations based on data from INDECI, on 24 November 2025, a total of 31 people were displaced from Cocabamba, Luya, Amazonas by Storm which made uninhabitable 9 houses. Instituto Nacional de Defensa Civil (INDECI) - 08 December 2025",,Storm
215363,Peru,PER,-3.5107986,-73.4877773,"[-3.5107986, -73.4877773]",Recommended figure,Disaster,total,3,2025-11-24,2025-11-24,2025-11-24,2025,37357,Peru: Storm - Loreto (Punchana) - 24/11/2025,,,2025-11-24,2025-11-24,Weather related,Meteorological,Storm,Storm,,Instituto Nacional de Defensa Civil (INDECI),,"Punchana, Province of Maynas, Loreto, Peru","-3.5107986, -73.4877773",County/City/town/Village/Woreda (ADM3),Origin,,2025-12-09T17:36:31.071514Z,"Peru: 3 displacements (destroyed housing), 24 November - 24 November. According to IDMC calculations based on data from INDECI, on 24 November 2025, a total of 3 people were displaced from Punchana, Maynas, Loreto by Storm which destroyed one house. Instituto Nacional de Defensa Civil (INDECI) - 08 December 2025",,Storm
215273,Peru,PER,-9.3484957,-77.1722483,"[-9.3484957, -77.1722483]",Recommended figure,Disaster,total,7,2025-11-24,2025-11-24,2025-11-24,2025,37334,Peru: Flood - Ancash (Huari) - 24/11/2025,,,2025-11-24,2025-11-24,Weather related,Hydrological,Flood,Flood,,Instituto Nacional de Defensa Civil (INDECI),,"Huari, Province of Huari, Ancash, Peru","-9.3484957, -77.1722483",County/City/town/Village/Woreda (ADM3),Origin,,2025-12-09T17:18:44.239760Z,"Peru: 7 displacements (partially destroyed housing), 24 November - 24 November. According to IDMC calculations based on data from INDECI, on 24 November 2025, a total of 6 people were displaced from Huari, Huari, Ancash by Flood which made uninhabitable 2 houses. Instituto Nacional de Defensa Civil (INDECI) - 08 December 2025",,Flood
215281,Peru,PER,-13.6616515,-73.3767641,"[-13.6616515, -73.3767641]",Recommended figure,Disaster,total,10,2025-11-24,2025-11-24,2025-11-24,2025,37284,Peru: Landslide/Wet mass movement - Apurímac (Andahuaylas) - 24/11/2025,,,2025-11-24,2025-11-24,Weather related,Hydrological,Mass Movement,Landslide/Wet mass movement,,Instituto Nacional de Defensa Civil (INDECI),,"Andahuaylas, Andahuaylas Province, Apurimac, Peru","-13.6616515, -73.3767641",County/City/town/Village/Woreda (ADM3),Origin,,2025-12-09T17:18:44.812668Z,"Peru: 10 displacements (partially destroyed housing), 24 November - 24 November. According to IDMC calculations based on data from INDECI, on 24 November 2025, a total of 10 people were displaced from Andahuaylas, Andahuaylas, Apurímac by Landslide/Wet mass movement which made uninhabitable 3 houses. Instituto Nacional de Defensa Civil (INDECI) - 08 December 2025",,Mass Movement
215291,Peru,PER,-13.9461814,-72.1745097,"[-13.9461814, -72.1745097]",Recommended figure,Disaster,total,3,2025-11-24,2025-11-24,2025-11-24,2025,37394,Peru: Storm - Apurímac (Tambobamba) - 24/11/2025,,,2025-11-24,2025-11-24,Weather related,Meteorological,Storm,Storm,,Instituto Nacional de Defensa Civil (INDECI),,"Tambobamba, Province of Cotabambas, Apurímac, Peru","-13.9461814, -72.1745097",County/City/town/Village/Woreda (ADM3),Origin,,2025-12-09T17:18:50.837754Z,"Peru: 3 displacements (partially destroyed housing), 24 November - 24 November. According to IDMC calculations based on data from INDECI, on 24 November 2025, a total of 3 people were displaced from Tambobamba, Cotabambas, Apurímac by Storm which made uninhabitable one house. Instituto Nacional de Defensa Civil (INDECI) - 08 December 2025",,Storm
215299,Peru,PER,-14.1054248,-72.7079361,"[-14.1054248, -72.7079361]",Recommended figure,Disaster,total,3,2025-11-24,2025-11-24,2025-11-24,2025,37395,Peru: Storm - Apurímac (Chuquibambilla) - 24/11/2025,,,2025-11-24,2025-11-24,Weather related,Meteorological,Storm,Storm,,Instituto Nacional de Defensa Civil (INDECI),,"Chuquibambilla, Province of Grau, Apurímac, Peru","-14.1054248, -72.7079361",County/City/town/Village/Woreda (ADM3),Origin,,2025-12-09T17:18:51.233134Z,"Peru: 3 displacements (partially destroyed housing), 24 November - 24 November. According to IDMC calculations based on data from INDECI, on 24 November 2025, a total of 3 people were displaced from Chuquibambilla, Grau, Apurímac by Storm which made uninhabitable one house. Instituto Nacional de Defensa Civil (INDECI) - 08 December 2025",,Storm
215307,Peru,PER,-12.86025,-73.72074,"[-12.86025, -73.72074]",Recommended figure,Disaster,total,3,2025-11-24,2025-11-24,2025-11-24,2025,37297,Peru: Flood - Ayacucho (Samugari) - 24/11/2025,,,2025-11-24,2025-11-24,Weather related,Hydrological,Flood,Flood,,Instituto Nacional de Defensa Civil (INDECI),,"Samugari, La Mar Province, Ayacucho, Peru","-12.86025, -73.72074",County/City/town/Village/Woreda (ADM3),Origin,,2025-12-09T17:18:51.916281Z,"Peru: 3 displacements (destroyed housing), 24 November - 24 November. According to IDMC calculations based on data from INDECI, on 24 November 2025, a total of 3 people were displaced from Samugari, La Mar, Ayacucho by Flood which destroyed one house. Instituto Nacional de Defensa Civil (INDECI) - 08 December 2025",,Flood
215399,Peru,PER,-10.6463182,-73.2911381,"[-10.6463182, -73.2911381]",Recommended figure,Disaster,total,7,2025-11-24,2025-11-24,2025-11-24,2025,37358,Peru: Storm - Ucayali (Raymondi) - 24/11/2025,,,2025-11-24,2025-11-24,Weather related,Meteorological,Storm,Storm,,Instituto Nacional de Defensa Civil (INDECI),,"Raymondi, Province of Atalaya, Ucayali, 25201, Peru","-10.6463182, -73.2911381",County/City/town/Village/Woreda (ADM3),Origin,,2025-12-09T17:36:37.391742Z,"Peru: 7 displacements (destroyed housing), 24 November - 24 November. According to IDMC calculations based on data from INDECI, on 24 November 2025, a total of 6 people were displaced from Raymondi, Atalaya, Ucayali by Storm which destroyed 2 houses. Instituto Nacional de Defensa Civil (INDECI) - 08 December 2025",,Storm
215354,Peru,PER,-9.3947394,-76.0248833,"[-9.3947394, -76.0248833]",Recommended figure,Disaster,total,3,2025-11-23,2025-11-23,2025-11-23,2025,37282,Peru: Dry mass movement - Huánuco (Mariano Damaso Beraun) - 23/11/2025,,,2025-11-23,2025-11-23,Geophysical,Geophysical,Mass Movement,Dry mass movement,,Instituto Nacional de Defensa Civil (INDECI),,"Mariano Dámaso Beraún, Province of Leoncio Prado, Huánuco, Peru","-9.3947394, -76.0248833",County/City/town/Village/Woreda (ADM3),Origin,,2025-12-09T17:28:29.719663Z,"Peru: 3 displacements (partially destroyed housing), 23 November - 23 November. According to IDMC calculations based on data from INDECI, on 23 November 2025, a total of 3 people were displaced from Mariano Damaso Beraun, Leoncio Prado, Huánuco by Dry mass movement which made uninhabitable one house. Instituto Nacional de Defensa Civil (INDECI) - 08 December 2025",,Mass Movement
215379,Peru,PER,-15.2852382,-70.1614836,"[-15.2852382, -70.1614836]",Recommended figure,Disaster,total,3,2025-11-22,2025-11-22,2025-11-22,2025,37356,Peru: Storm - Puno (Achaya) - 22/11/2025,,,2025-11-22,2025-11-22,Weather related,Meteorological,Storm,Storm,,Instituto Nacional de Defensa Civil (INDECI),,"Achaya, Province of Azángaro, Puno, Peru","-15.2852382, -70.1614836",County/City/town/Village/Woreda (ADM3),Origin,,2025-12-09T17:36:31.860482Z,"Peru: 3 displacements (destroyed housing), 22 November - 22 November. According to IDMC calculations based on data from INDECI, on 22 November 2025, a total of 3 people were displaced from Achaya, Azángaro, Puno by Storm which destroyed one house. Instituto Nacional de Defensa Civil (INDECI) - 08 December 2025",,Storm
215371,Peru,PER,-10.2956757,-74.9369004,"[-10.2956757, -74.9369004]",Recommended figure,Disaster,total,3,2025-11-21,2025-11-21,2025-11-21,2025,37281,Peru: Dry mass movement - Pasco (Puerto Bermudez) - 21/11/2025,,,2025-11-21,2025-11-21,Geophysical,Geophysical,Mass Movement,Dry mass movement,,Instituto Nacional de Defensa Civil (INDECI),,"Puerto Bermúdez, Province of Oxapampa, Pasco, Peru","-10.2956757, -74.9369004",County/City/town/Village/Woreda (ADM3),Origin,,2025-12-09T17:36:31.466822Z,"Peru: 3 displacements (partially destroyed housing), 21 November - 21 November. According to IDMC calculations based on data from INDECI, on 21 November 2025, a total of 3 people were displaced from Puerto Bermudez, Oxapampa, Pasco by Dry mass movement which made uninhabitable one house. Instituto Nacional de Defensa Civil (INDECI) - 08 December 2025",,Mass Movement
215372,Peru,PER,-10.2956757,-74.9369004,"[-10.2956757, -74.9369004]",Recommended figure,Disaster,total,3,2025-11-21,2025-11-21,2025-11-21,2025,37296,Peru: Flood - Pasco (Puerto Bermudez) - 21/11/2025,,,2025-11-21,2025-11-21,Weather related,Hydrological,Flood,Flood,,Instituto Nacional de Defensa Civil (INDECI),,"Puerto Bermúdez, Province of Oxapampa, Pasco, Peru","-10.2956757, -74.9369004",County/City/town/Village/Woreda (ADM3),Origin,,2025-12-09T17:36:31.516314Z,"Peru: 3 displacements (destroyed housing), 21 November - 21 November. According to IDMC calculations based on data from INDECI, on 21 November 2025, a total of 3 people were displaced from Puerto Bermudez, Oxapampa, Pasco by Flood which destroyed one house. Instituto Nacional de Defensa Civil (INDECI) - 08 December 2025",,Flood
215286,Peru,PER,-14.0839961,-73.5909505,"[-14.0839961, -73.5909505]",Recommended figure,Disaster,total,3,2025-11-20,2025-11-20,2025-11-20,2025,37392,Peru: Storm - Apurímac (Pomacocha) - 20/11/2025,,,2025-11-20,2025-11-20,Weather related,Meteorological,Storm,Storm,,Instituto Nacional de Defensa Civil (INDECI),,"Pomacocha, Province of Andahuaylas, Apurímac, Peru","-14.0839961, -73.5909505",County/City/town/Village/Woreda (ADM3),Origin,,2025-12-09T17:18:50.595008Z,"Peru: 3 displacements (partially destroyed housing), 20 November - 20 November. According to IDMC calculations based on data from INDECI, on 20 November 2025, a total of 3 people were displaced from Pomacocha, Andahuaylas, Apurímac by Storm which made uninhabitable one house. Instituto Nacional de Defensa Civil (INDECI) - 08 December 2025",,Storm
215355,Peru,PER,-8.7947478,-76.2493712,"[-8.7947478, -76.2493712]",Recommended figure,Disaster,total,45,2025-11-20,2025-11-20,2025-11-20,2025,37332,Peru: Flood - Huánuco (La Morada) - 20/11/2025,,,2025-11-20,2025-11-20,Weather related,Hydrological,Flood,Flood,,Instituto Nacional de Defensa Civil (INDECI),,"La Morada, Province of Marañón, Huánuco, Peru","-8.7947478, -76.2493712",County/City/town/Village/Woreda (ADM3),Origin,,2025-12-09T17:28:29.778681Z,"Peru: 45 displacements (partially destroyed housing), 20 November - 20 November. According to IDMC calculations based on data from INDECI, on 20 November 2025, a total of 44 people were displaced from La Morada, Marañón, Huánuco by Flood which made uninhabitable 13 houses. Instituto Nacional de Defensa Civil (INDECI) - 08 December 2025",,Flood
215396,Peru,PER,-8.4510319,-76.3259883,"[-8.4510319, -76.3259883]",Recommended figure,Disaster,total,14,2025-11-20,2025-11-20,2025-11-20,2025,37333,Peru: Flood - San Martín (Nuevo Progreso) - 20/11/2025,,,2025-11-20,2025-11-20,Weather related,Hydrological,Flood,Flood,,Instituto Nacional de Defensa Civil (INDECI),,"Nuevo Progreso, Province of Tocache, San Martín, Peru","-8.4510319, -76.3259883",County/City/town/Village/Woreda (ADM3),Origin,,2025-12-09T17:36:37.198272Z,"Peru: 14 displacements (partially destroyed housing), 20 November - 20 November. According to IDMC calculations based on data from INDECI, on 20 November 2025, a total of 13 people were displaced from Nuevo Progreso, Tocache, San Martín by Flood which made uninhabitable 4 houses. Instituto Nacional de Defensa Civil (INDECI) - 08 December 2025",,Flood
215322,Peru,PER,-5.0045531,-79.0876516,"[-5.0045531, -79.0876516]",Recommended figure,Disaster,total,3,2025-11-20,2025-11-20,2025-11-20,2025,37295,Peru: Flood - Cajamarca (Namballe) - 20/11/2025,,,2025-11-20,2025-11-20,Weather related,Hydrological,Flood,Flood,,Instituto Nacional de Defensa Civil (INDECI),,"Namballe, Province of San Ignacio, Cajamarca, Peru","-5.0045531, -79.0876516",County/City/town/Village/Woreda (ADM3),Origin,,2025-12-09T17:28:23.348031Z,"Peru: 3 displacements (destroyed housing), 20 November - 20 November. According to IDMC calculations based on data from INDECI, on 20 November 2025, a total of 3 people were displaced from Namballe, San Ignacio, Cajamarca by Flood which destroyed one house. Instituto Nacional de Defensa Civil (INDECI) - 08 December 2025",,Flood
215325,Peru,PER,-6.7565331,-78.8246992,"[-6.7565331, -78.8246992]",Recommended figure,Disaster,total,3,2025-11-20,2025-11-20,2025-11-20,2025,37280,Peru: Dry mass movement - Cajamarca (Tongod) - 20/11/2025,,,2025-11-20,2025-11-20,Geophysical,Geophysical,Mass Movement,Dry mass movement,,Instituto Nacional de Defensa Civil (INDECI),,"Tongod, Province of San Miguel, Cajamarca, Peru","-6.7565331, -78.8246992",County/City/town/Village/Woreda (ADM3),Origin,,2025-12-09T17:28:23.532060Z,"Peru: 3 displacements (partially destroyed housing), 20 November - 20 November. According to IDMC calculations based on data from INDECI, on 20 November 2025, a total of 3 people were displaced from Tongod, San Miguel, Cajamarca by Dry mass movement which made uninhabitable one house. Instituto Nacional de Defensa Civil (INDECI) - 08 December 2025",,Mass Movement
215260,Peru,PER,-6.2293182,-77.8714631,"[-6.2293182, -77.8714631]",Recommended figure,Disaster,total,125,2025-11-20,2025-11-20,2025-11-20,2025,37331,Peru: Flood - Amazonas (Chachapoyas) - 20/11/2025,,,2025-11-20,2025-11-20,Weather related,Hydrological,Flood,Flood,,Instituto Nacional de Defensa Civil (INDECI),,"Chachapoyas, Province of Chachapoyas, Amazonas, Peru","-6.2293182, -77.8714631",County/City/town/Village/Woreda (ADM3),Origin,,2025-12-09T17:18:43.258412Z,"Peru: 125 displacements (partially destroyed housing), 20 November - 20 November. According to IDMC calculations based on data from INDECI, on 20 November 2025, a total of 124 people were displaced from Chachapoyas, Chachapoyas, Amazonas by Flood which made uninhabitable 36 houses. Instituto Nacional de Defensa Civil (INDECI) - 08 December 2025",,Flood
215375,Peru,PER,-4.9150244,-80.3561593,"[-4.9150244, -80.3561593]",Recommended figure,Disaster,total,3,2025-11-19,2025-11-19,2025-11-19,2025,37355,Peru: Storm - Piura (Tambo Grande) - 19/11/2025,,,2025-11-19,2025-11-19,Weather related,Meteorological,Storm,Storm,,Instituto Nacional de Defensa Civil (INDECI),,"Tambo Grande, Province of Piura, Piura, Peru","-4.9150244, -80.3561593",County/City/town/Village/Woreda (ADM3),Origin,,2025-12-09T17:36:31.665059Z,"Peru: 3 displacements (destroyed housing), 19 November - 19 November. According to IDMC calculations based on data from INDECI, on 19 November 2025, a total of 3 people were displaced from Tambo Grande, Piura, Piura by Storm which destroyed one house. Instituto Nacional de Defensa Civil (INDECI) - 08 December 2025",,Storm
215367,Peru,PER,-10.4911471,-76.5155834,"[-10.4911471, -76.5155834]",Recommended figure,Disaster,total,3,2025-11-19,2025-11-19,2025-11-19,2025,37294,Peru: Flood - Pasco (Yanahuanca) - 19/11/2025,,,2025-11-19,2025-11-19,Weather related,Hydrological,Flood,Flood,,Instituto Nacional de Defensa Civil (INDECI),,"Yanahuanca, Daniel Alcides Carrión Province, Pasco, Peru","-10.4911471, -76.5155834",County/City/town/Village/Woreda (ADM3),Origin,,2025-12-09T17:36:31.272605Z,"Peru: 3 displacements (destroyed housing), 19 November - 19 November. According to IDMC calculations based on data from INDECI, on 19 November 2025, a total of 3 people were displaced from Yanahuanca, Daniel Alcides Carrión, Pasco by Flood which destroyed one house. Instituto Nacional de Defensa Civil (INDECI) - 08 December 2025",,Flood
215276,Peru,PER,-8.3261608,-77.5817182,"[-8.3261608, -77.5817182]",Recommended figure,Disaster,total,3,2025-11-19,2025-11-19,2025-11-19,2025,37329,Peru: Flood - Ancash (Acobamba) - 19/11/2025,,,2025-11-19,2025-11-19,Weather related,Hydrological,Flood,Flood,,Instituto Nacional de Defensa Civil (INDECI),,"Acobamba, Province of Sihuas, Ancash, Peru","-8.3261608, -77.5817182",County/City/town/Village/Woreda (ADM3),Origin,,2025-12-09T17:18:44.448663Z,"Peru: 3 displacements (partially destroyed housing), 19 November - 19 November. According to IDMC calculations based on data from INDECI, on 19 November 2025, a total of 3 people were displaced from Acobamba, Sihuas, Ancash by Flood which made uninhabitable one house. Instituto Nacional de Defensa Civil (INDECI) - 08 December 2025",,Flood
215320,Peru,PER,-5.3930466,-78.9061426,"[-5.3930466, -78.9061426]",Recommended figure,Disaster,total,3,2025-11-19,2025-11-19,2025-11-19,2025,37330,Peru: Flood - Cajamarca (La Coipa) - 19/11/2025,,,2025-11-19,2025-11-19,Weather related,Hydrological,Flood,Flood,,Instituto Nacional de Defensa Civil (INDECI),,"La Coipa, Province of San Ignacio, Cajamarca, Peru","-5.3930466, -78.9061426",County/City/town/Village/Woreda (ADM3),Origin,,2025-12-09T17:28:23.214817Z,"Peru: 3 displacements (partially destroyed housing), 19 November - 19 November. According to IDMC calculations based on data from INDECI, on 19 November 2025, a total of 3 people were displaced from La Coipa, San Ignacio, Cajamarca by Flood which made uninhabitable one house. Instituto Nacional de Defensa Civil (INDECI) - 08 December 2025",,Flood
215324,Peru,PER,-7.0698752,-78.9291686,"[-7.0698752, -78.9291686]",Recommended figure,Disaster,total,7,2025-11-18,2025-11-18,2025-11-18,2025,37327,Peru: Flood - Cajamarca (San Miguel) - 18/11/2025,,,2025-11-18,2025-11-18,Weather related,Hydrological,Flood,Flood,,Instituto Nacional de Defensa Civil (INDECI),,"San Miguel, Province of San Miguel, Cajamarca, Peru","-7.0698752, -78.9291686",County/City/town/Village/Woreda (ADM3),Origin,,2025-12-09T17:28:23.471405Z,"Peru: 7 displacements (partially destroyed housing), 18 November - 18 November. According to IDMC calculations based on data from INDECI, on 18 November 2025, a total of 6 people were displaced from San Miguel, San Miguel, Cajamarca by Flood which made uninhabitable 2 houses. Instituto Nacional de Defensa Civil (INDECI) - 08 December 2025",,Flood
215287,Peru,PER,-13.8047365,-73.3270027,"[-13.8047365, -73.3270027]",Recommended figure,Disaster,total,3,2025-11-18,2025-11-18,2025-11-18,2025,37391,Peru: Storm - Apurímac (Jose Maria Arguedas) - 18/11/2025,,,2025-11-18,2025-11-18,Weather related,Meteorological,Storm,Storm,,Instituto Nacional de Defensa Civil (INDECI),,"José María Arguedas, Province of Andahuaylas, Apurímac, Peru","-13.8047365, -73.3270027",County/City/town/Village/Woreda (ADM3),Origin,,2025-12-09T17:18:50.643947Z,"Peru: 3 displacements (partially destroyed housing), 18 November - 18 November. According to IDMC calculations based on data from INDECI, on 18 November 2025, a total of 3 people were displaced from Jose Maria Arguedas, Andahuaylas, Apurímac by Storm which made uninhabitable one house. Instituto Nacional de Defensa Civil (INDECI) - 08 December 2025",,Storm
215312,Peru,PER,-7.4487528,-78.2686919,"[-7.4487528, -78.2686919]",Recommended figure,Disaster,total,14,2025-11-18,2025-11-18,2025-11-18,2025,37326,Peru: Flood - Cajamarca (Cachachi) - 18/11/2025,,,2025-11-18,2025-11-18,Weather related,Hydrological,Flood,Flood,,Instituto Nacional de Defensa Civil (INDECI),,"Cachachi, Province of Cajabamba, Cajamarca, Peru","-7.4487528, -78.2686919",County/City/town/Village/Woreda (ADM3),Origin,,2025-12-09T17:28:22.717414Z,"Peru: 14 displacements (partially destroyed housing), 18 November - 18 November. According to IDMC calculations based on data from INDECI, on 18 November 2025, a total of 13 people were displaced from Cachachi, Cajabamba, Cajamarca by Flood which made uninhabitable 4 houses. Instituto Nacional de Defensa Civil (INDECI) - 08 December 2025",,Flood
215389,Peru,PER,-6.4220812,-76.5164123,"[-6.4220812, -76.5164123]",Recommended figure,Disaster,total,3,2025-11-18,2025-11-18,2025-11-18,2025,37328,Peru: Flood - San Martín (Lamas) - 18/11/2025,,,2025-11-18,2025-11-18,Weather related,Hydrological,Flood,Flood,,Instituto Nacional de Defensa Civil (INDECI),,"Lamas, Province of Lamas, San Martín, Peru","-6.4220812, -76.5164123",County/City/town/Village/Woreda (ADM3),Origin,,2025-12-09T17:36:36.705897Z,"Peru: 3 displacements (partially destroyed housing), 18 November - 18 November. According to IDMC calculations based on data from INDECI, on 18 November 2025, a total of 3 people were displaced from Lamas, Lamas, San Martín by Flood which made uninhabitable one house. Instituto Nacional de Defensa Civil (INDECI) - 08 December 2025",,Flood
215330,Peru,PER,-14.3005171,-71.84972119999999,"[-14.3005171, -71.84972119999999]",Recommended figure,Disaster,total,3,2025-11-17,2025-11-17,2025-11-17,2025,37288,Peru: Wildfire - Cusco (Chamaca) - 17/11/2025,,,2025-11-17,2025-11-17,Weather related,Climatological,Wildfire,Wildfire,,Instituto Nacional de Defensa Civil (INDECI),,"Chamaca, Chumbivilcas Province, Cusco, Peru","-14.3005171, -71.84972119999999",County/City/town/Village/Woreda (ADM3),Origin,,2025-12-09T17:28:23.829811Z,"Peru: 3 displacements (partially destroyed housing), 17 November - 17 November. According to IDMC calculations based on data from INDECI, on 17 November 2025, a total of 3 people were displaced from Chamaca, Chumbivilcas, Cusco by Wildfire which made uninhabitable one house. Instituto Nacional de Defensa Civil (INDECI) - 08 December 2025",,Wildfire
215275,Peru,PER,-8.3261608,-77.5817182,"[-8.3261608, -77.5817182]",Recommended figure,Disaster,total,7,2025-11-17,2025-11-17,2025-11-17,2025,37324,Peru: Flood - Ancash (Acobamba) - 17/11/2025,,,2025-11-17,2025-11-17,Weather related,Hydrological,Flood,Flood,,Instituto Nacional de Defensa Civil (INDECI),,"Acobamba, Province of Sihuas, Ancash, Peru","-8.3261608, -77.5817182",County/City/town/Village/Woreda (ADM3),Origin,,2025-12-09T17:18:44.376441Z,"Peru: 7 displacements (partially destroyed housing), 17 November - 17 November. According to IDMC calculations based on data from INDECI, on 17 November 2025, a total of 6 people were displaced from Acobamba, Sihuas, Ancash by Flood which made uninhabitable 2 houses. Instituto Nacional de Defensa Civil (INDECI) - 08 December 2025",,Flood
215280,Peru,PER,-13.6616515,-73.3767641,"[-13.6616515, -73.3767641]",Recommended figure,Disaster,total,3,2025-11-17,2025-11-17,2025-11-17,2025,37389,Peru: Storm - Apurímac (Andahuaylas) - 17/11/2025,,,2025-11-17,2025-11-17,Weather related,Meteorological,Storm,Storm,,Instituto Nacional de Defensa Civil (INDECI),,"Andahuaylas, Andahuaylas Province, Apurimac, Peru","-13.6616515, -73.3767641",County/City/town/Village/Woreda (ADM3),Origin,,2025-12-09T17:18:44.734425Z,"Peru: 3 displacements (partially destroyed housing), 17 November - 17 November. According to IDMC calculations based on data from INDECI, on 17 November 2025, a total of 3 people were displaced from Andahuaylas, Andahuaylas, Apurímac by Storm which made uninhabitable one house. Instituto Nacional de Defensa Civil (INDECI) - 08 December 2025",,Storm
215344,Peru,PER,-12.8121624,-74.6385209,"[-12.8121624, -74.6385209]",Recommended figure,Disaster,total,7,2025-11-17,2025-11-17,2025-11-17,2025,37406,Peru: Hailstorm - Huancavelica (Anta) - 17/11/2025,,,2025-11-17,2025-11-17,Weather related,Meteorological,Storm,Hailstorm,,Instituto Nacional de Defensa Civil (INDECI),,"Anta, Province of Acobamba, Huancavelica, Peru","-12.8121624, -74.6385209",County/City/town/Village/Woreda (ADM3),Origin,,2025-12-09T17:28:29.112820Z,"Peru: 7 displacements (destroyed housing), 17 November - 17 November. According to IDMC calculations based on data from INDECI, on 17 November 2025, a total of 6 people were displaced from Anta, Acobamba, Huancavelica by Hailstorm which destroyed 2 houses. Instituto Nacional de Defensa Civil (INDECI) - 08 December 2025",,Storm
215336,Peru,PER,-12.6203873,-73.7885096,"[-12.6203873, -73.7885096]",Recommended figure,Disaster,total,24,2025-11-17,2025-11-17,2025-11-17,2025,37325,Peru: Flood - Cusco (Kimbiri) - 17/11/2025,,,2025-11-17,2025-11-17,Weather related,Hydrological,Flood,Flood,,Instituto Nacional de Defensa Civil (INDECI),,"Kimbiri, Province of La Convención, Cusco, Peru","-12.6203873, -73.7885096",County/City/town/Village/Woreda (ADM3),Origin,,2025-12-09T17:28:28.623340Z,"Peru: 24 displacements (partially destroyed housing), 17 November - 17 November. According to IDMC calculations based on data from INDECI, on 17 November 2025, a total of 24 people were displaced from Kimbiri, La Convención, Cusco by Flood which made uninhabitable 7 houses. Instituto Nacional de Defensa Civil (INDECI) - 08 December 2025",,Flood
215364,Peru,PER,-3.6673043,-70.9051289,"[-3.6673043, -70.9051289]",Recommended figure,Disaster,total,14,2025-11-17,2025-11-17,2025-11-17,2025,37409,Peru: Erosion - Loreto (Ramon Castilla) - 17/11/2025,,,2025-11-17,2025-11-17,Weather related,Climatological,Erosion,Erosion,,Instituto Nacional de Defensa Civil (INDECI),,"Ramón Castilla, Province of Mariscal Ramón Castilla, Loreto, Peru","-3.6673043, -70.9051289",County/City/town/Village/Woreda (ADM3),Origin,,2025-12-09T17:36:31.122796Z,"Peru: 14 displacements (destroyed housing), 17 November - 17 November. According to IDMC calculations based on data from INDECI, on 17 November 2025, a total of 13 people were displaced from Ramon Castilla, Mariscal Ramón Castilla, Loreto by Erosion which destroyed 4 houses. Instituto Nacional de Defensa Civil (INDECI) - 08 December 2025",,Erosion
215321,Peru,PER,-5.0045531,-79.0876516,"[-5.0045531, -79.0876516]",Recommended figure,Disaster,total,3,2025-11-17,2025-11-17,2025-11-17,2025,37293,Peru: Flood - Cajamarca (Namballe) - 17/11/2025,,,2025-11-17,2025-11-17,Weather related,Hydrological,Flood,Flood,,Instituto Nacional de Defensa Civil (INDECI),,"Namballe, Province of San Ignacio, Cajamarca, Peru","-5.0045531, -79.0876516",County/City/town/Village/Woreda (ADM3),Origin,,2025-12-09T17:28:23.275957Z,"Peru: 3 displacements (destroyed housing), 17 November - 17 November. According to IDMC calculations based on data from INDECI, on 17 November 2025, a total of 3 people were displaced from Namballe, San Ignacio, Cajamarca by Flood which destroyed one house. Instituto Nacional de Defensa Civil (INDECI) - 08 December 2025",,Flood
215365,Peru,PER,-16.3867174,-70.8558927,"[-16.3867174, -70.8558927]",Recommended figure,Disaster,total,7,2025-11-17,2025-11-17,2025-11-17,2025,37390,Peru: Storm - Moquegua (Ubinas) - 17/11/2025,,,2025-11-17,2025-11-17,Weather related,Meteorological,Storm,Storm,,Instituto Nacional de Defensa Civil (INDECI),,"Ubinas, Province of General Sánchez Cerro, Moquegua, Peru","-16.3867174, -70.8558927",County/City/town/Village/Woreda (ADM3),Origin,,2025-12-09T17:36:31.173333Z,"Peru: 7 displacements (partially destroyed housing), 17 November - 17 November. According to IDMC calculations based on data from INDECI, on 17 November 2025, a total of 6 people were displaced from Ubinas, General Sánchez Cerro, Moquegua by Storm which made uninhabitable 2 houses. Instituto Nacional de Defensa Civil (INDECI) - 08 December 2025",,Storm
215298,Peru,PER,-14.1054248,-72.7079361,"[-14.1054248, -72.7079361]",Recommended figure,Disaster,total,10,2025-11-16,2025-11-16,2025-11-16,2025,37388,Peru: Storm - Apurímac (Chuquibambilla) - 16/11/2025,,,2025-11-16,2025-11-16,Weather related,Meteorological,Storm,Storm,,Instituto Nacional de Defensa Civil (INDECI),,"Chuquibambilla, Province of Grau, Apurímac, Peru","-14.1054248, -72.7079361",County/City/town/Village/Woreda (ADM3),Origin,,2025-12-09T17:18:51.185495Z,"Peru: 10 displacements (partially destroyed housing), 16 November - 16 November. According to IDMC calculations based on data from INDECI, on 16 November 2025, a total of 10 people were displaced from Chuquibambilla, Grau, Apurímac by Storm which made uninhabitable 3 houses. Instituto Nacional de Defensa Civil (INDECI) - 08 December 2025",,Storm
215366,Peru,PER,-10.6978799,-76.2495433,"[-10.6978799, -76.2495433]",Recommended figure,Disaster,total,3,2025-11-16,2025-11-16,2025-11-16,2025,37272,Peru: Mixed disasters - Pasco (Chaupimarca) - 16/11/2025,,,2025-11-16,2025-11-16,Mixed disasters,Mixed disasters,Mixed disasters,Mixed disasters,,Instituto Nacional de Defensa Civil (INDECI),,"Chaupimarca, Province of Pasco, Pasco, Peru","-10.6978799, -76.2495433",County/City/town/Village/Woreda (ADM3),Origin,,2025-12-09T17:36:31.224242Z,"Peru: 3 displacements (partially destroyed housing), 16 November - 16 November. According to IDMC calculations based on data from INDECI, on 16 November 2025, a total of 3 people were displaced from Chaupimarca, Pasco, Pasco by Mixed disasters which made uninhabitable one house. Instituto Nacional de Defensa Civil (INDECI) - 08 December 2025",,Mixed disasters
215262,Peru,PER,-5.6122226,-78.4373718,"[-5.6122226, -78.4373718]",Recommended figure,Disaster,total,28,2025-11-16,2025-11-16,2025-11-16,2025,37323,Peru: Flood - Amazonas (La Peca) - 16/11/2025,,,2025-11-16,2025-11-16,Weather related,Hydrological,Flood,Flood,,Instituto Nacional de Defensa Civil (INDECI),,"La Peca, Province of Bagua, Amazonas, Peru","-5.6122226, -78.4373718",County/City/town/Village/Woreda (ADM3),Origin,,2025-12-09T17:18:43.442858Z,"Peru: 28 displacements (partially destroyed housing), 16 November - 16 November. According to IDMC calculations based on data from INDECI, on 16 November 2025, a total of 27 people were displaced from La Peca, Bagua, Amazonas by Flood which made uninhabitable 8 houses. Instituto Nacional de Defensa Civil (INDECI) - 08 December 2025",,Flood
215296,Peru,PER,-13.4958904,-73.8084435,"[-13.4958904, -73.8084435]",Recommended figure,Disaster,total,24,2025-11-15,2025-11-15,2025-11-15,2025,37289,Peru: Wildfire - Apurímac (Ahuayro) - 15/11/2025,,,2025-11-15,2025-11-15,Weather related,Climatological,Wildfire,Wildfire,,Instituto Nacional de Defensa Civil (INDECI),,"Ahuayro, Province of Chincheros, Apurímac, Peru","-13.4958904, -73.8084435",County/City/town/Village/Woreda (ADM3),Origin,,2025-12-09T17:18:51.086005Z,"Peru: 24 displacements, 15 November - 15 November. According to IDMC calculations based on data from INDECI, on 15 November 2025, a total of 24 people were displaced from Ahuayro, Chincheros, Apurímac by Wildfire which made uninhabitable or destroyed 7 houses. Instituto Nacional de Defensa Civil (INDECI) - 08 December 2025",,Wildfire
215370,Peru,PER,-10.2956757,-74.9369004,"[-10.2956757, -74.9369004]",Recommended figure,Disaster,total,7,2025-11-15,2025-11-15,2025-11-15,2025,37342,Peru: Flood - Pasco (Puerto Bermudez) - 15/11/2025,,,2025-11-15,2025-11-15,Weather related,Hydrological,Flood,Flood,,Instituto Nacional de Defensa Civil (INDECI),,"Puerto Bermúdez, Province of Oxapampa, Pasco, Peru","-10.2956757, -74.9369004",County/City/town/Village/Woreda (ADM3),Origin,,2025-12-09T17:36:31.420641Z,"Peru: 7 displacements, 15 November - 15 November. According to IDMC calculations based on data from INDECI, on 15 November 2025, a total of 6 people were displaced from Puerto Bermudez, Oxapampa, Pasco by Flood which made uninhabitable or destroyed 2 houses. Instituto Nacional de Defensa Civil (INDECI) - 08 December 2025",,Flood
215317,Peru,PER,-6.2875083,-78.7178366,"[-6.2875083, -78.7178366]",Recommended figure,Disaster,total,10,2025-11-15,2025-11-15,2025-11-15,2025,37341,Peru: Flood - Cajamarca (Socota) - 15/11/2025,,,2025-11-15,2025-11-15,Weather related,Hydrological,Flood,Flood,,Instituto Nacional de Defensa Civil (INDECI),,"Socota, Province of Cutervo, Cajamarca, Peru","-6.2875083, -78.7178366",County/City/town/Village/Woreda (ADM3),Origin,,2025-12-09T17:28:23.023678Z,"Peru: 10 displacements, 15 November - 15 November. According to IDMC calculations based on data from INDECI, on 15 November 2025, a total of 10 people were displaced from Socota, Cutervo, Cajamarca by Flood which made uninhabitable or destroyed 3 houses. Instituto Nacional de Defensa Civil (INDECI) - 08 December 2025",,Flood
215269,Peru,PER,-6.0501628,-78.5284288,"[-6.0501628, -78.5284288]",Recommended figure,Disaster,total,14,2025-11-15,2025-11-15,2025-11-15,2025,37322,Peru: Flood - Amazonas (Yamon) - 15/11/2025,,,2025-11-15,2025-11-15,Weather related,Hydrological,Flood,Flood,,Instituto Nacional de Defensa Civil (INDECI),,"Yamón, Province of Utcubamba, Amazonas, Peru","-6.0501628, -78.5284288",County/City/town/Village/Woreda (ADM3),Origin,,2025-12-09T17:18:43.964021Z,"Peru: 14 displacements (partially destroyed housing), 15 November - 15 November. According to IDMC calculations based on data from INDECI, on 15 November 2025, a total of 13 people were displaced from Yamon, Utcubamba, Amazonas by Flood which made uninhabitable 4 houses. Instituto Nacional de Defensa Civil (INDECI) - 08 December 2025",,Flood
215264,Peru,PER,-5.7356077,-77.9249713,"[-5.7356077, -77.9249713]",Recommended figure,Disaster,total,28,2025-11-14,2025-11-14,2025-11-14,2025,37340,Peru: Flood - Amazonas (Yambrasbamba) - 14/11/2025,,,2025-11-14,2025-11-14,Weather related,Hydrological,Flood,Flood,,Instituto Nacional de Defensa Civil (INDECI),,"Yambrasbamba, Province of Bongará, Amazonas, Peru","-5.7356077, -77.9249713",County/City/town/Village/Woreda (ADM3),Origin,,2025-12-09T17:18:43.588258Z,"Peru: 28 displacements, 14 November - 14 November. According to IDMC calculations based on data from INDECI, on 14 November 2025, a total of 27 people were displaced from Yambrasbamba, Bongará, Amazonas by Flood which made uninhabitable or destroyed 8 houses. Instituto Nacional de Defensa Civil (INDECI) - 08 December 2025",,Flood
215361,Peru,PER,-11.95,-77.06667,"[-11.95, -77.06667]",Recommended figure,Disaster,total,3,2025-11-14,2025-11-14,2025-11-14,2025,37278,Peru: Dry mass movement - Lima (Comas) - 14/11/2025,,,2025-11-14,2025-11-14,Geophysical,Geophysical,Mass Movement,Dry mass movement,,Instituto Nacional de Defensa Civil (INDECI),,"Comas, Lima, Lima region, Peru","-11.95, -77.06667",County/City/town/Village/Woreda (ADM3),Origin,,2025-12-09T17:36:30.969195Z,"Peru: 3 displacements (partially destroyed housing), 14 November - 14 November. According to IDMC calculations based on data from INDECI, on 14 November 2025, a total of 3 people were displaced from Comas, Lima Metropolitana, Lima by Dry mass movement which made uninhabitable one house. Instituto Nacional de Defensa Civil (INDECI) - 08 December 2025",,Mass Movement
215373,Peru,PER,-10.7351432,-75.2676019,"[-10.7351432, -75.2676019]",Recommended figure,Disaster,total,3,2025-11-14,2025-11-14,2025-11-14,2025,37279,Peru: Dry mass movement - Pasco (Villa Rica) - 14/11/2025,,,2025-11-14,2025-11-14,Geophysical,Geophysical,Mass Movement,Dry mass movement,,Instituto Nacional de Defensa Civil (INDECI),,"Villa Rica, Province of Oxapampa, Pasco, Peru","-10.7351432, -75.2676019",County/City/town/Village/Woreda (ADM3),Origin,,2025-12-09T17:36:31.564085Z,"Peru: 3 displacements (partially destroyed housing), 14 November - 14 November. According to IDMC calculations based on data from INDECI, on 14 November 2025, a total of 3 people were displaced from Villa Rica, Oxapampa, Pasco by Dry mass movement which made uninhabitable one house. Instituto Nacional de Defensa Civil (INDECI) - 08 December 2025",,Mass Movement
215301,Peru,PER,-13.0489862,-74.139323,"[-13.0489862, -74.139323]",Recommended figure,Disaster,total,3,2025-11-13,2025-11-13,2025-11-13,2025,37387,Peru: Storm - Ayacucho (Quinua) - 13/11/2025,,,2025-11-13,2025-11-13,Weather related,Meteorological,Storm,Storm,,Instituto Nacional de Defensa Civil (INDECI),,"Quinua, Province of Huamanga, Ayacucho, Peru","-13.0489862, -74.139323",County/City/town/Village/Woreda (ADM3),Origin,,2025-12-09T17:18:51.465725Z,"Peru: 3 displacements (partially destroyed housing), 13 November - 13 November. According to IDMC calculations based on data from INDECI, on 13 November 2025, a total of 3 people were displaced from Quinua, Huamanga, Ayacucho by Storm which made uninhabitable one house. Instituto Nacional de Defensa Civil (INDECI) - 08 December 2025",,Storm
215342,Peru,PER,-12.6428929,-74.8616179,"[-12.6428929, -74.8616179]",Recommended figure,Disaster,total,7,2025-11-13,2025-11-13,2025-11-13,2025,37354,Peru: Storm - Huancavelica (Acoria) - 13/11/2025,,,2025-11-13,2025-11-13,Weather related,Meteorological,Storm,Storm,,Instituto Nacional de Defensa Civil (INDECI),,"Acoria, Province of Huancavelica, Huancavelica, Peru","-12.6428929, -74.8616179",County/City/town/Village/Woreda (ADM3),Origin,,2025-12-09T17:28:28.986189Z,"Peru: 7 displacements (destroyed housing), 13 November - 13 November. According to IDMC calculations based on data from INDECI, on 13 November 2025, a total of 6 people were displaced from Acoria, Huancavelica, Huancavelica by Storm which destroyed 2 houses. Instituto Nacional de Defensa Civil (INDECI) - 08 December 2025",,Storm
215267,Peru,PER,-6.3854681,-77.546239,"[-6.3854681, -77.546239]",Recommended figure,Disaster,total,7,2025-11-13,2025-11-13,2025-11-13,2025,37321,Peru: Flood - Amazonas (Longar) - 13/11/2025,,,2025-11-13,2025-11-13,Weather related,Hydrological,Flood,Flood,,Instituto Nacional de Defensa Civil (INDECI),,"Longar, Province of Rodríguez de Mendoza, Amazonas, Peru","-6.3854681, -77.546239",County/City/town/Village/Woreda (ADM3),Origin,,2025-12-09T17:18:43.810595Z,"Peru: 7 displacements (partially destroyed housing), 13 November - 13 November. According to IDMC calculations based on data from INDECI, on 13 November 2025, a total of 6 people were displaced from Longar, Rodríguez De Mendoza, Amazonas by Flood which made uninhabitable 2 houses. Instituto Nacional de Defensa Civil (INDECI) - 08 December 2025",,Flood
215278,Peru,PER,-13.487246,-72.7993767,"[-13.487246, -72.7993767]",Recommended figure,Disaster,total,7,2025-11-13,2025-11-13,2025-11-13,2025,37386,Peru: Storm - Apurímac (San Pedro de Cachora) - 13/11/2025,,,2025-11-13,2025-11-13,Weather related,Meteorological,Storm,Storm,,Instituto Nacional de Defensa Civil (INDECI),,"San Pedro de Cachora, Province of Abancay, Apurímac, Peru","-13.487246, -72.7993767",County/City/town/Village/Woreda (ADM3),Origin,,2025-12-09T17:18:44.585828Z,"Peru: 7 displacements (partially destroyed housing), 13 November - 13 November. According to IDMC calculations based on data from INDECI, on 13 November 2025, a total of 6 people were displaced from San Pedro De Cachora, Abancay, Apurímac by Storm which made uninhabitable 2 houses. Instituto Nacional de Defensa Civil (INDECI) - 08 December 2025",,Storm
215279,Peru,PER,-13.6616515,-73.3767641,"[-13.6616515, -73.3767641]",Recommended figure,Disaster,total,3,2025-11-12,2025-11-12,2025-11-12,2025,37384,Peru: Storm - Apurímac (Andahuaylas) - 12/11/2025,,,2025-11-12,2025-11-12,Weather related,Meteorological,Storm,Storm,,Instituto Nacional de Defensa Civil (INDECI),,"Andahuaylas, Andahuaylas Province, Apurimac, Peru","-13.6616515, -73.3767641",County/City/town/Village/Woreda (ADM3),Origin,,2025-12-09T17:18:44.657107Z,"Peru: 3 displacements (partially destroyed housing), 12 November - 12 November. According to IDMC calculations based on data from INDECI, on 12 November 2025, a total of 3 people were displaced from Andahuaylas, Andahuaylas, Apurímac by Storm which made uninhabitable one house. Instituto Nacional de Defensa Civil (INDECI) - 08 December 2025",,Storm
215306,Peru,PER,-12.6878911,-73.73748859999999,"[-12.6878911, -73.73748859999999]",Recommended figure,Disaster,total,3,2025-11-12,2025-11-12,2025-11-12,2025,37318,Peru: Flood - Ayacucho (Santa Rosa) - 12/11/2025,,,2025-11-12,2025-11-12,Weather related,Hydrological,Flood,Flood,,Instituto Nacional de Defensa Civil (INDECI),,"Santa Rosa, La Mar Province, Ayacucho, Peru","-12.6878911, -73.73748859999999",County/City/town/Village/Woreda (ADM3),Origin,,2025-12-09T17:18:51.861141Z,"Peru: 3 displacements (partially destroyed housing), 12 November - 12 November. According to IDMC calculations based on data from INDECI, on 12 November 2025, a total of 3 people were displaced from Santa Rosa, La Mar, Ayacucho by Flood which made uninhabitable one house. Instituto Nacional de Defensa Civil (INDECI) - 08 December 2025",,Flood
215311,Peru,PER,-7.4487528,-78.2686919,"[-7.4487528, -78.2686919]",Recommended figure,Disaster,total,3,2025-11-12,2025-11-12,2025-11-12,2025,37319,Peru: Flood - Cajamarca (Cachachi) - 12/11/2025,,,2025-11-12,2025-11-12,Weather related,Hydrological,Flood,Flood,,Instituto Nacional de Defensa Civil (INDECI),,"Cachachi, Province of Cajabamba, Cajamarca, Peru","-7.4487528, -78.2686919",County/City/town/Village/Woreda (ADM3),Origin,,2025-12-09T17:28:22.654560Z,"Peru: 3 displacements (partially destroyed housing), 12 November - 12 November. According to IDMC calculations based on data from INDECI, on 12 November 2025, a total of 3 people were displaced from Cachachi, Cajabamba, Cajamarca by Flood which made uninhabitable one house. Instituto Nacional de Defensa Civil (INDECI) - 08 December 2025",,Flood
215377,Peru,PER,-4.7897345,-79.8451114,"[-4.7897345, -79.8451114]",Recommended figure,Disaster,total,10,2025-11-12,2025-11-12,2025-11-12,2025,37320,Peru: Flood - Piura (Lagunas) - 12/11/2025,,,2025-11-12,2025-11-12,Weather related,Hydrological,Flood,Flood,,Instituto Nacional de Defensa Civil (INDECI),,"Lagunas, Province of Ayabaca, Piura, Peru","-4.7897345, -79.8451114",County/City/town/Village/Woreda (ADM3),Origin,,2025-12-09T17:36:31.760698Z,"Peru: 10 displacements (partially destroyed housing), 12 November - 12 November. According to IDMC calculations based on data from INDECI, on 12 November 2025, a total of 10 people were displaced from Lagunas, Ayabaca, Piura by Flood which made uninhabitable 3 houses. Instituto Nacional de Defensa Civil (INDECI) - 08 December 2025",,Flood
215368,Peru,PER,-10.2268546,-75.2824361,"[-10.2268546, -75.2824361]",Recommended figure,Disaster,total,3,2025-11-12,2025-11-12,2025-11-12,2025,37385,Peru: Storm - Pasco (Palcazu) - 12/11/2025,,,2025-11-12,2025-11-12,Weather related,Meteorological,Storm,Storm,,Instituto Nacional de Defensa Civil (INDECI),,"Palcazu, Province of Oxapampa, Pasco, Peru","-10.2268546, -75.2824361",County/City/town/Village/Woreda (ADM3),Origin,,2025-12-09T17:36:31.320999Z,"Peru: 3 displacements (partially destroyed housing), 12 November - 12 November. According to IDMC calculations based on data from INDECI, on 12 November 2025, a total of 3 people were displaced from Palcazu, Oxapampa, Pasco by Storm which made uninhabitable one house. Instituto Nacional de Defensa Civil (INDECI) - 08 December 2025",,Storm
215303,Peru,PER,-12.4097623,-73.9060381,"[-12.4097623, -73.9060381]",Recommended figure,Disaster,total,55,2025-11-12,2025-11-12,2025-11-12,2025,37339,Peru: Flood - Ayacucho (Llochegua) - 12/11/2025,,,2025-11-12,2025-11-12,Weather related,Hydrological,Flood,Flood,,Instituto Nacional de Defensa Civil (INDECI),,"Llochegua, Province of Huanta, Ayacucho, Peru","-12.4097623, -73.9060381",County/City/town/Village/Woreda (ADM3),Origin,,2025-12-09T17:18:51.671517Z,"Peru: 55 displacements, 12 November - 12 November. According to IDMC calculations based on data from INDECI, on 12 November 2025, a total of 55 people were displaced from Llochegua, Huanta, Ayacucho by Flood which made uninhabitable or destroyed 16 houses. Instituto Nacional de Defensa Civil (INDECI) - 08 December 2025",,Flood
215385,Peru,PER,-15.8266778,-70.6433537,"[-15.8266778, -70.6433537]",Recommended figure,Disaster,total,3,2025-11-11,2025-11-11,2025-11-11,2025,37381,Peru: Storm - Puno (Cabanillas) - 11/11/2025,,,2025-11-11,2025-11-11,Weather related,Meteorological,Storm,Storm,,Instituto Nacional de Defensa Civil (INDECI),,"Cabanillas, Province of San Román, Puno, Peru","-15.8266778, -70.6433537",County/City/town/Village/Woreda (ADM3),Origin,,2025-12-09T17:36:36.441893Z,"Peru: 3 displacements (partially destroyed housing), 11 November - 11 November. According to IDMC calculations based on data from INDECI, on 11 November 2025, a total of 3 people were displaced from Cabanillas, San Román, Puno by Storm which made uninhabitable one house. Instituto Nacional de Defensa Civil (INDECI) - 08 December 2025",,Storm
215398,Peru,PER,-10.6463182,-73.2911381,"[-10.6463182, -73.2911381]",Recommended figure,Disaster,total,7,2025-11-11,2025-11-11,2025-11-11,2025,37383,Peru: Storm - Ucayali (Raymondi) - 11/11/2025,,,2025-11-11,2025-11-11,Weather related,Meteorological,Storm,Storm,,Instituto Nacional de Defensa Civil (INDECI),,"Raymondi, Province of Atalaya, Ucayali, 25201, Peru","-10.6463182, -73.2911381",County/City/town/Village/Woreda (ADM3),Origin,,2025-12-09T17:36:37.326598Z,"Peru: 7 displacements (partially destroyed housing), 11 November - 11 November. According to IDMC calculations based on data from INDECI, on 11 November 2025, a total of 6 people were displaced from Raymondi, Atalaya, Ucayali by Storm which made uninhabitable 2 houses. Instituto Nacional de Defensa Civil (INDECI) - 08 December 2025",,Storm
215305,Peru,PER,-13.03733,-73.6609,"[-13.03733, -73.6609]",Recommended figure,Disaster,total,21,2025-11-11,2025-11-11,2025-11-11,2025,37404,Peru: Storm - Ayacucho (Anco) - 11/11/2025,,,2025-11-11,2025-11-11,Weather related,Meteorological,Storm,Storm,,Instituto Nacional de Defensa Civil (INDECI),,"Anco, La Mar Province, Ayacucho, Peru","-13.03733, -73.6609",County/City/town/Village/Woreda (ADM3),Origin,,2025-12-09T17:18:51.800788Z,"Peru: 21 displacements, 11 November - 11 November. According to IDMC calculations based on data from INDECI, on 11 November 2025, a total of 20 people were displaced from Anco, La Mar, Ayacucho by Storm which made uninhabitable or destroyed 6 houses. Instituto Nacional de Defensa Civil (INDECI) - 08 December 2025",,Storm
215359,Peru,PER,-8.0030772,-78.6043667,"[-8.0030772, -78.6043667]",Recommended figure,Disaster,total,10,2025-11-11,2025-11-11,2025-11-11,2025,37353,Peru: Storm - La Libertad (Salpo) - 11/11/2025,,,2025-11-11,2025-11-11,Weather related,Meteorological,Storm,Storm,,Instituto Nacional de Defensa Civil (INDECI),,"Salpo, Province of Otuzco, La Libertad, Peru","-8.0030772, -78.6043667",County/City/town/Village/Woreda (ADM3),Origin,,2025-12-09T17:28:30.062312Z,"Peru: 10 displacements (destroyed housing), 11 November - 11 November. According to IDMC calculations based on data from INDECI, on 11 November 2025, a total of 10 people were displaced from Salpo, Otuzco, La Libertad by Storm which destroyed 3 houses. Instituto Nacional de Defensa Civil (INDECI) - 08 December 2025",,Storm
215352,Peru,PER,-9.1388577,-75.8828696,"[-9.1388577, -75.8828696]",Recommended figure,Disaster,total,17,2025-11-11,2025-11-11,2025-11-11,2025,37317,Peru: Flood - Huánuco (Hermilio Valdizan) - 11/11/2025,,,2025-11-11,2025-11-11,Weather related,Hydrological,Flood,Flood,,Instituto Nacional de Defensa Civil (INDECI),,"Hermilio Valdizán, Province of Leoncio Prado, Huánuco, Peru","-9.1388577, -75.8828696",County/City/town/Village/Woreda (ADM3),Origin,,2025-12-09T17:28:29.603711Z,"Peru: 17 displacements (partially destroyed housing), 11 November - 11 November. According to IDMC calculations based on data from INDECI, on 11 November 2025, a total of 17 people were displaced from Hermilio Valdizan, Leoncio Prado, Huánuco by Flood which made uninhabitable 5 houses. Instituto Nacional de Defensa Civil (INDECI) - 08 December 2025",,Flood
215337,Peru,PER,-13.1301673,-72.594278,"[-13.1301673, -72.594278]",Recommended figure,Disaster,total,3,2025-11-11,2025-11-11,2025-11-11,2025,37275,Peru: Dry mass movement - Cusco (Santa Teresa) - 11/11/2025,,,2025-11-11,2025-11-11,Geophysical,Geophysical,Mass Movement,Dry mass movement,,Instituto Nacional de Defensa Civil (INDECI),,"Santa Teresa, Province of La Convención, Cusco, Peru","-13.1301673, -72.594278",County/City/town/Village/Woreda (ADM3),Origin,,2025-12-09T17:28:28.682149Z,"Peru: 3 displacements (destroyed housing), 11 November - 11 November. According to IDMC calculations based on data from INDECI, on 11 November 2025, a total of 3 people were displaced from Santa Teresa, La Convención, Cusco by Dry mass movement which destroyed one house. Instituto Nacional de Defensa Civil (INDECI) - 08 December 2025",,Mass Movement
215384,Peru,PER,-15.4932314,-70.1356177,"[-15.4932314, -70.1356177]",Recommended figure,Disaster,total,3,2025-11-11,2025-11-11,2025-11-11,2025,37382,Peru: Storm - Puno (Juliaca) - 11/11/2025,,,2025-11-11,2025-11-11,Weather related,Meteorological,Storm,Storm,,Instituto Nacional de Defensa Civil (INDECI),,"Juliaca, Province of San Román, Puno, Peru","-15.4932314, -70.1356177",County/City/town/Village/Woreda (ADM3),Origin,,2025-12-09T17:36:32.106789Z,"Peru: 3 displacements (partially destroyed housing), 11 November - 11 November. According to IDMC calculations based on data from INDECI, on 11 November 2025, a total of 3 people were displaced from Juliaca, San Román, Puno by Storm which made uninhabitable one house. Instituto Nacional de Defensa Civil (INDECI) - 08 December 2025",,Storm
215300,Peru,PER,-15.6615552,-71.6999231,"[-15.6615552, -71.6999231]",Recommended figure,Disaster,total,3,2025-11-11,2025-11-11,2025-11-11,2025,37352,Peru: Storm - Arequipa (Achoma) - 11/11/2025,,,2025-11-11,2025-11-11,Weather related,Meteorological,Storm,Storm,,Instituto Nacional de Defensa Civil (INDECI),,"Achoma, Province of Caylloma, Arequipa, Peru","-15.6615552, -71.6999231",County/City/town/Village/Woreda (ADM3),Origin,,2025-12-09T17:18:51.354248Z,"Peru: 3 displacements (destroyed housing), 11 November - 11 November. According to IDMC calculations based on data from INDECI, on 11 November 2025, a total of 3 people were displaced from Achoma, Caylloma, Arequipa by Storm which destroyed one house. Instituto Nacional de Defensa Civil (INDECI) - 08 December 2025",,Storm
215388,Peru,PER,-7.3193011,-76.5436165,"[-7.3193011, -76.5436165]",Recommended figure,Disaster,total,21,2025-11-10,2025-11-10,2025-11-10,2025,37313,Peru: Flood - San Martín (Huallaga) - 10/11/2025,,,2025-11-10,2025-11-10,Weather related,Hydrological,Flood,Flood,,Instituto Nacional de Defensa Civil (INDECI),,"Huallaga, Province of Bellavista, San Martín, Peru","-7.3193011, -76.5436165",County/City/town/Village/Woreda (ADM3),Origin,,2025-12-09T17:36:36.635701Z,"Peru: 21 displacements (partially destroyed housing), 10 November - 10 November. According to IDMC calculations based on data from INDECI, on 10 November 2025, a total of 20 people were displaced from Huallaga, Bellavista, San Martín by Flood which made uninhabitable 6 houses. Instituto Nacional de Defensa Civil (INDECI) - 08 December 2025",,Flood
215297,Peru,PER,-14.1054248,-72.7079361,"[-14.1054248, -72.7079361]",Recommended figure,Disaster,total,7,2025-11-10,2025-11-10,2025-11-10,2025,37377,Peru: Storm - Apurímac (Chuquibambilla) - 10/11/2025,,,2025-11-10,2025-11-10,Weather related,Meteorological,Storm,Storm,,Instituto Nacional de Defensa Civil (INDECI),,"Chuquibambilla, Province of Grau, Apurímac, Peru","-14.1054248, -72.7079361",County/City/town/Village/Woreda (ADM3),Origin,,2025-12-09T17:18:51.135121Z,"Peru: 7 displacements (partially destroyed housing), 10 November - 10 November. According to IDMC calculations based on data from INDECI, on 10 November 2025, a total of 6 people were displaced from Chuquibambilla, Grau, Apurímac by Storm which made uninhabitable 2 houses. Instituto Nacional de Defensa Civil (INDECI) - 08 December 2025",,Storm
215284,Peru,PER,-13.59833,-73.30905,"[-13.59833, -73.30905]",Recommended figure,Disaster,total,3,2025-11-10,2025-11-10,2025-11-10,2025,37271,Peru: Mixed disasters - Apurímac (Pacucha) - 10/11/2025,,,2025-11-10,2025-11-10,Mixed disasters,Mixed disasters,Mixed disasters,Mixed disasters,,Instituto Nacional de Defensa Civil (INDECI),,"Pacucha, Andahuaylas Province, Apurímac Department, Peru","-13.59833, -73.30905",County/City/town/Village/Woreda (ADM3),Origin,,2025-12-09T17:18:45.107789Z,"Peru: 3 displacements (partially destroyed housing), 10 November - 10 November. According to IDMC calculations based on data from INDECI, on 10 November 2025, a total of 3 people were displaced from Pacucha, Andahuaylas, Apurímac by Mixed disasters which made uninhabitable one house. Instituto Nacional de Defensa Civil (INDECI) - 08 December 2025",,Mixed disasters
215261,Peru,PER,-6.5823766,-77.7698162,"[-6.5823766, -77.7698162]",Recommended figure,Disaster,total,17,2025-11-10,2025-11-10,2025-11-10,2025,37277,Peru: Dry mass movement - Amazonas (Mariscal Castilla) - 10/11/2025,,,2025-11-10,2025-11-10,Geophysical,Geophysical,Mass Movement,Dry mass movement,,Instituto Nacional de Defensa Civil (INDECI),,"Mariscal Castilla, Province of Chachapoyas, Amazonas, Peru","-6.5823766, -77.7698162",County/City/town/Village/Woreda (ADM3),Origin,,2025-12-09T17:18:43.353977Z,"Peru: 17 displacements (partially destroyed housing), 10 November - 10 November. According to IDMC calculations based on data from INDECI, on 10 November 2025, a total of 17 people were displaced from Mariscal Castilla, Chachapoyas, Amazonas by Dry mass movement which made uninhabitable 5 houses. Instituto Nacional de Defensa Civil (INDECI) - 08 December 2025",,Mass Movement
215348,Peru,PER,-12.4068422,-74.9013577,"[-12.4068422, -74.9013577]",Recommended figure,Disaster,total,10,2025-11-10,2025-11-10,2025-11-10,2025,37380,Peru: Storm - Huancavelica (Acraquia) - 10/11/2025,,,2025-11-10,2025-11-10,Weather related,Meteorological,Storm,Storm,,Instituto Nacional de Defensa Civil (INDECI),,"Acraquia, Province of Tayacaja, Huancavelica, Peru","-12.4068422, -74.9013577",County/City/town/Village/Woreda (ADM3),Origin,,2025-12-09T17:28:29.350415Z,"Peru: 10 displacements (partially destroyed housing), 10 November - 10 November. According to IDMC calculations based on data from INDECI, on 10 November 2025, a total of 10 people were displaced from Acraquia, Tayacaja, Huancavelica by Storm which made uninhabitable 3 houses. Instituto Nacional de Defensa Civil (INDECI) - 08 December 2025",,Storm
215360,Peru,PER,-8.307586,-77.4230687,"[-8.307586, -77.4230687]",Recommended figure,Disaster,total,7,2025-11-10,2025-11-10,2025-11-10,2025,37292,Peru: Flood - La Libertad (Taurija) - 10/11/2025,,,2025-11-10,2025-11-10,Weather related,Hydrological,Flood,Flood,,Instituto Nacional de Defensa Civil (INDECI),,"Taurija, Province of Pataz, La Libertad, Peru","-8.307586, -77.4230687",County/City/town/Village/Woreda (ADM3),Origin,,2025-12-09T17:36:30.914534Z,"Peru: 7 displacements (destroyed housing), 10 November - 10 November. According to IDMC calculations based on data from INDECI, on 10 November 2025, a total of 6 people were displaced from Taurija, Pataz, La Libertad by Flood which destroyed 2 houses. Instituto Nacional de Defensa Civil (INDECI) - 08 December 2025",,Flood
215343,Peru,PER,-12.5005983,-74.997274,"[-12.5005983, -74.997274]",Recommended figure,Disaster,total,24,2025-11-10,2025-11-10,2025-11-10,2025,37379,Peru: Storm - Huancavelica (Izcuchaca) - 10/11/2025,,,2025-11-10,2025-11-10,Weather related,Meteorological,Storm,Storm,,Instituto Nacional de Defensa Civil (INDECI),,"Izcuchaca, Province of Huancavelica, Huancavelica, Peru","-12.5005983, -74.997274",County/City/town/Village/Woreda (ADM3),Origin,,2025-12-09T17:28:29.051634Z,"Peru: 24 displacements (partially destroyed housing), 10 November - 10 November. According to IDMC calculations based on data from INDECI, on 10 November 2025, a total of 24 people were displaced from Izcuchaca, Huancavelica, Huancavelica by Storm which made uninhabitable 7 houses. Instituto Nacional de Defensa Civil (INDECI) - 08 December 2025",,Storm
215395,Peru,PER,-8.1877,-76.52046,"[-8.1877, -76.52046]",Recommended figure,Disaster,total,17,2025-11-10,2025-11-10,2025-11-10,2025,37316,Peru: Flood - San Martín (Tocache) - 10/11/2025,,,2025-11-10,2025-11-10,Weather related,Hydrological,Flood,Flood,,Instituto Nacional de Defensa Civil (INDECI),,"Tocache, Tocache, San Martín Department, Peru","-8.1877, -76.52046",County/City/town/Village/Woreda (ADM3),Origin,,2025-12-09T17:36:37.113229Z,"Peru: 17 displacements (partially destroyed housing), 10 November - 10 November. According to IDMC calculations based on data from INDECI, on 10 November 2025, a total of 17 people were displaced from Tocache, Tocache, San Martín by Flood which made uninhabitable 5 houses. Instituto Nacional de Defensa Civil (INDECI) - 08 December 2025",,Flood
215339,Peru,PER,-13.2868343,-73.2084105,"[-13.2868343, -73.2084105]",Recommended figure,Disaster,total,3,2025-11-10,2025-11-10,2025-11-10,2025,37351,Peru: Storm - Cusco (Inkawasi) - 10/11/2025,,,2025-11-10,2025-11-10,Weather related,Meteorological,Storm,Storm,,Instituto Nacional de Defensa Civil (INDECI),,"Inkawasi, Province of La Convención, Cusco, Peru","-13.2868343, -73.2084105",County/City/town/Village/Woreda (ADM3),Origin,,2025-12-09T17:28:28.803123Z,"Peru: 3 displacements (destroyed housing), 10 November - 10 November. According to IDMC calculations based on data from INDECI, on 10 November 2025, a total of 3 people were displaced from Inkawasi, La Convención, Cusco by Storm which destroyed one house. Instituto Nacional de Defensa Civil (INDECI) - 08 December 2025",,Storm
215392,Peru,PER,-6.8500511,-76.3430875,"[-6.8500511, -76.3430875]",Recommended figure,Disaster,total,38,2025-11-10,2025-11-10,2025-11-10,2025,37315,Peru: Flood - San Martín (Pucacaca) - 10/11/2025,,,2025-11-10,2025-11-10,Weather related,Hydrological,Flood,Flood,,Instituto Nacional de Defensa Civil (INDECI),,"Pucacaca, Province of Picota, San Martín, Peru","-6.8500511, -76.3430875",County/City/town/Village/Woreda (ADM3),Origin,,2025-12-09T17:36:36.897700Z,"Peru: 38 displacements (partially destroyed housing), 10 November - 10 November. According to IDMC calculations based on data from INDECI, on 10 November 2025, a total of 38 people were displaced from Pucacaca, Picota, San Martín by Flood which made uninhabitable 11 houses. Instituto Nacional de Defensa Civil (INDECI) - 08 December 2025",,Flood
215271,Peru,PER,-9.1010476,-77.0168087,"[-9.1010476, -77.0168087]",Recommended figure,Disaster,total,3,2025-11-10,2025-11-10,2025-11-10,2025,37311,Peru: Flood - Ancash (Llamellin) - 10/11/2025,,,2025-11-10,2025-11-10,Weather related,Hydrological,Flood,Flood,,Instituto Nacional de Defensa Civil (INDECI),,"Llamellín, Province of Antonio Raymondi, Ancash, Peru","-9.1010476, -77.0168087",County/City/town/Village/Woreda (ADM3),Origin,,2025-12-09T17:18:44.112727Z,"Peru: 3 displacements (partially destroyed housing), 10 November - 10 November. According to IDMC calculations based on data from INDECI, on 10 November 2025, a total of 3 people were displaced from Llamellin, Antonio Raymondi, Ancash by Flood which made uninhabitable one house. Instituto Nacional de Defensa Civil (INDECI) - 08 December 2025",,Flood
215357,Peru,PER,-10.0781114,-76.6315739,"[-10.0781114, -76.6315739]",Recommended figure,Disaster,total,17,2025-11-10,2025-11-10,2025-11-10,2025,37312,Peru: Flood - Huánuco (Jesus) - 10/11/2025,,,2025-11-10,2025-11-10,Weather related,Hydrological,Flood,Flood,,Instituto Nacional de Defensa Civil (INDECI),,"Jesús, Province of Lauricocha, Huánuco, Peru","-10.0781114, -76.6315739",County/City/town/Village/Woreda (ADM3),Origin,,2025-12-09T17:28:29.913166Z,"Peru: 17 displacements (partially destroyed housing), 10 November - 10 November. According to IDMC calculations based on data from INDECI, on 10 November 2025, a total of 17 people were displaced from Jesus, Lauricocha, Huánuco by Flood which made uninhabitable 5 houses. Instituto Nacional de Defensa Civil (INDECI) - 08 December 2025",,Flood
215292,Peru,PER,-14.2141274,-72.1883066,"[-14.2141274, -72.1883066]",Recommended figure,Disaster,total,3,2025-11-10,2025-11-10,2025-11-10,2025,37376,Peru: Storm - Apurímac (Haquira) - 10/11/2025,,,2025-11-10,2025-11-10,Weather related,Meteorological,Storm,Storm,,Instituto Nacional de Defensa Civil (INDECI),,"Haquira, Province of Cotabambas, Apurímac, Peru","-14.2141274, -72.1883066",County/City/town/Village/Woreda (ADM3),Origin,,2025-12-09T17:18:50.886892Z,"Peru: 3 displacements (partially destroyed housing), 10 November - 10 November. According to IDMC calculations based on data from INDECI, on 10 November 2025, a total of 3 people were displaced from Haquira, Cotabambas, Apurímac by Storm which made uninhabitable one house. Instituto Nacional de Defensa Civil (INDECI) - 08 December 2025",,Storm
215333,Peru,PER,-14.3114158,-72.1383145,"[-14.3114158, -72.1383145]",Recommended figure,Disaster,total,31,2025-11-10,2025-11-10,2025-11-10,2025,37378,Peru: Storm - Cusco (Quiñota) - 10/11/2025,,,2025-11-10,2025-11-10,Weather related,Meteorological,Storm,Storm,,Instituto Nacional de Defensa Civil (INDECI),,"Quiñota, Province of Chumbivilcas, Cusco, Peru","-14.3114158, -72.1383145",County/City/town/Village/Woreda (ADM3),Origin,,2025-12-09T17:28:24.003624Z,"Peru: 31 displacements (partially destroyed housing), 10 November - 10 November. According to IDMC calculations based on data from INDECI, on 10 November 2025, a total of 31 people were displaced from Quiñota, Chumbivilcas, Cusco by Storm which made uninhabitable 9 houses. Instituto Nacional de Defensa Civil (INDECI) - 08 December 2025",,Storm
215391,Peru,PER,-7.2967364,-76.7731047,"[-7.2967364, -76.7731047]",Recommended figure,Disaster,total,21,2025-11-10,2025-11-10,2025-11-10,2025,37314,Peru: Flood - San Martín (Pachiza) - 10/11/2025,,,2025-11-10,2025-11-10,Weather related,Hydrological,Flood,Flood,,Instituto Nacional de Defensa Civil (INDECI),,"Pachiza, Province of Mariscal Cáceres, San Martín, Peru","-7.2967364, -76.7731047",County/City/town/Village/Woreda (ADM3),Origin,,2025-12-09T17:36:36.833080Z,"Peru: 21 displacements (partially destroyed housing), 10 November - 10 November. According to IDMC calculations based on data from INDECI, on 10 November 2025, a total of 20 people were displaced from Pachiza, Mariscal Cáceres, San Martín by Flood which made uninhabitable 6 houses. Instituto Nacional de Defensa Civil (INDECI) - 08 December 2025",,Flood
215349,Peru,PER,-12.259004,-75.0704157,"[-12.259004, -75.0704157]",Recommended figure,Disaster,total,24,2025-11-10,2025-11-10,2025-11-10,2025,37403,Peru: Storm - Huancavelica (Pazos) - 10/11/2025,,,2025-11-10,2025-11-10,Weather related,Meteorological,Storm,Storm,,Instituto Nacional de Defensa Civil (INDECI),,"Pazos, Province of Tayacaja, Huancavelica, Peru","-12.259004, -75.0704157",County/City/town/Village/Woreda (ADM3),Origin,,2025-12-09T17:28:29.411846Z,"Peru: 24 displacements, 10 November - 10 November. According to IDMC calculations based on data from INDECI, on 10 November 2025, a total of 24 people were displaced from Pazos, Tayacaja, Huancavelica by Storm which made uninhabitable or destroyed 7 houses. Instituto Nacional de Defensa Civil (INDECI) - 08 December 2025",,Storm
215268,Peru,PER,-6.4678862,-77.3958835,"[-6.4678862, -77.3958835]",Recommended figure,Disaster,total,3,2025-11-09,2025-11-09,2025-11-09,2025,37370,Peru: Storm - Amazonas (Omia) - 09/11/2025,,,2025-11-09,2025-11-09,Weather related,Meteorological,Storm,Storm,,Instituto Nacional de Defensa Civil (INDECI),,"Omia, Province of Rodríguez de Mendoza, Amazonas, Peru","-6.4678862, -77.3958835",County/City/town/Village/Woreda (ADM3),Origin,,2025-12-09T17:18:43.885064Z,"Peru: 3 displacements (partially destroyed housing), 09 November - 09 November. According to IDMC calculations based on data from INDECI, on 09 November 2025, a total of 3 people were displaced from Omia, Rodríguez De Mendoza, Amazonas by Storm which made uninhabitable one house. Instituto Nacional de Defensa Civil (INDECI) - 08 December 2025",,Storm
215387,Peru,PER,-14.1119359,-69.0477528,"[-14.1119359, -69.0477528]",Recommended figure,Disaster,total,3,2025-11-09,2025-11-09,2025-11-09,2025,37375,Peru: Storm - Puno (San Pedro de Putina Punco) - 09/11/2025,,,2025-11-09,2025-11-09,Weather related,Meteorological,Storm,Storm,,Instituto Nacional de Defensa Civil (INDECI),,"San Pedro de Putina Punco, Province of Sandia, Puno, Peru","-14.1119359, -69.0477528",County/City/town/Village/Woreda (ADM3),Origin,,2025-12-09T17:36:36.573145Z,"Peru: 3 displacements (partially destroyed housing), 09 November - 09 November. According to IDMC calculations based on data from INDECI, on 09 November 2025, a total of 3 people were displaced from San Pedro De Putina Punco, Sandia, Puno by Storm which made uninhabitable one house. Instituto Nacional de Defensa Civil (INDECI) - 08 December 2025",,Storm
215290,Peru,PER,-14.2625992,-72.5543486,"[-14.2625992, -72.5543486]",Recommended figure,Disaster,total,3,2025-11-09,2025-11-09,2025-11-09,2025,37371,Peru: Storm - Apurímac (Oropesa) - 09/11/2025,,,2025-11-09,2025-11-09,Weather related,Meteorological,Storm,Storm,,Instituto Nacional de Defensa Civil (INDECI),,"Oropesa, Province of Antabamba, Apurímac, Peru","-14.2625992, -72.5543486",County/City/town/Village/Woreda (ADM3),Origin,,2025-12-09T17:18:50.789136Z,"Peru: 3 displacements (partially destroyed housing), 09 November - 09 November. According to IDMC calculations based on data from INDECI, on 09 November 2025, a total of 3 people were displaced from Oropesa, Antabamba, Apurímac by Storm which made uninhabitable one house. Instituto Nacional de Defensa Civil (INDECI) - 08 December 2025",,Storm
215400,Peru,PER,-12.2383101,-75.7460249,"[-12.2383101, -75.7460249]",Recommended figure,Disaster,total,59,2025-11-09,2025-11-09,2025-11-09,2025,37310,Peru: Flood - Lima (Tomas) - 09/11/2025,,,2025-11-09,2025-11-09,Weather related,Hydrological,Flood,Flood,,Instituto Nacional de Defensa Civil (INDECI),,"Tomas, Province of Yauyos, Lima, Peru","-12.2383101, -75.7460249",County/City/town/Village/Woreda (ADM3),Origin,,2025-12-09T17:36:37.455643Z,"Peru: 59 displacements (partially destroyed housing), 09 November - 09 November. According to IDMC calculations based on data from INDECI, on 09 November 2025, a total of 58 people were displaced from Tomas, Yauyos, Lima by Flood which made uninhabitable 17 houses. Instituto Nacional de Defensa Civil (INDECI) - 08 December 2025",,Flood
215294,Peru,PER,-13.5443,-73.66927,"[-13.5443, -73.66927]",Recommended figure,Disaster,total,7,2025-11-09,2025-11-09,2025-11-09,2025,37372,Peru: Storm - Apurímac (Anco_huallo) - 09/11/2025,,,2025-11-09,2025-11-09,Weather related,Meteorological,Storm,Storm,,Instituto Nacional de Defensa Civil (INDECI),,"Anco_Huallo, Chincheros, Apurímac Department, Peru","-13.5443, -73.66927",County/City/town/Village/Woreda (ADM3),Origin,,2025-12-09T17:18:50.986982Z,"Peru: 7 displacements (partially destroyed housing), 09 November - 09 November. According to IDMC calculations based on data from INDECI, on 09 November 2025, a total of 6 people were displaced from Anco_huallo, Chincheros, Apurímac by Storm which made uninhabitable 2 houses. Instituto Nacional de Defensa Civil (INDECI) - 08 December 2025",,Storm
215323,Peru,PER,-7.368345,-78.1304423,"[-7.368345, -78.1304423]",Recommended figure,Disaster,total,7,2025-11-09,2025-11-09,2025-11-09,2025,37291,Peru: Flood - Cajamarca (Ichocan) - 09/11/2025,,,2025-11-09,2025-11-09,Weather related,Hydrological,Flood,Flood,,Instituto Nacional de Defensa Civil (INDECI),,"Ichocán, Province of San Marcos, Cajamarca, Peru","-7.368345, -78.1304423",County/City/town/Village/Woreda (ADM3),Origin,,2025-12-09T17:28:23.410089Z,"Peru: 7 displacements (destroyed housing), 09 November - 09 November. According to IDMC calculations based on data from INDECI, on 09 November 2025, a total of 6 people were displaced from Ichocan, San Marcos, Cajamarca by Flood which destroyed 2 houses. Instituto Nacional de Defensa Civil (INDECI) - 08 December 2025",,Flood
215327,Peru,PER,-14.4500414,-72.081998,"[-14.4500414, -72.081998]",Recommended figure,Disaster,total,3,2025-11-09,2025-11-09,2025-11-09,2025,37373,Peru: Storm - Cusco (Santo Tomas) - 09/11/2025,,,2025-11-09,2025-11-09,Weather related,Meteorological,Storm,Storm,,Instituto Nacional de Defensa Civil (INDECI),,"Santo Tomás, Province of Chumbivilcas, Cusco, Peru","-14.4500414, -72.081998",County/City/town/Village/Woreda (ADM3),Origin,,2025-12-09T17:28:23.653968Z,"Peru: 3 displacements (partially destroyed housing), 09 November - 09 November. According to IDMC calculations based on data from INDECI, on 09 November 2025, a total of 3 people were displaced from Santo Tomas, Chumbivilcas, Cusco by Storm which made uninhabitable one house. Instituto Nacional de Defensa Civil (INDECI) - 08 December 2025",,Storm
215383,Peru,PER,-15.4932314,-70.1356177,"[-15.4932314, -70.1356177]",Recommended figure,Disaster,total,10,2025-11-09,2025-11-09,2025-11-09,2025,37287,Peru: Wildfire - Puno (Juliaca) - 09/11/2025,,,2025-11-09,2025-11-09,Weather related,Climatological,Wildfire,Wildfire,,Instituto Nacional de Defensa Civil (INDECI),,"Juliaca, Province of San Román, Puno, Peru","-15.4932314, -70.1356177",County/City/town/Village/Woreda (ADM3),Origin,,2025-12-09T17:36:32.058252Z,"Peru: 10 displacements (partially destroyed housing), 09 November - 09 November. According to IDMC calculations based on data from INDECI, on 09 November 2025, a total of 10 people were displaced from Juliaca, San Román, Puno by Wildfire which made uninhabitable 3 houses. Instituto Nacional de Defensa Civil (INDECI) - 08 December 2025",,Wildfire
215386,Peru,PER,-14.0401468,-69.2981121,"[-14.0401468, -69.2981121]",Recommended figure,Disaster,total,7,2025-11-09,2025-11-09,2025-11-09,2025,37350,Peru: Storm - Puno (Alto Inambari) - 09/11/2025,,,2025-11-09,2025-11-09,Weather related,Meteorological,Storm,Storm,,Instituto Nacional de Defensa Civil (INDECI),,"Alto Inambari, Province of Sandia, Puno, Peru","-14.0401468, -69.2981121",County/City/town/Village/Woreda (ADM3),Origin,,2025-12-09T17:36:36.510607Z,"Peru: 7 displacements (destroyed housing), 09 November - 09 November. According to IDMC calculations based on data from INDECI, on 09 November 2025, a total of 6 people were displaced from Alto Inambari, Sandia, Puno by Storm which destroyed 2 houses. Instituto Nacional de Defensa Civil (INDECI) - 08 December 2025",,Storm
215345,Peru,PER,-12.7270517,-74.7150305,"[-12.7270517, -74.7150305]",Recommended figure,Disaster,total,3,2025-11-09,2025-11-09,2025-11-09,2025,37374,Peru: Storm - Huancavelica (Paucara) - 09/11/2025,,,2025-11-09,2025-11-09,Weather related,Meteorological,Storm,Storm,,Instituto Nacional de Defensa Civil (INDECI),,"Paucará, Province of Acobamba, Huancavelica, Peru","-12.7270517, -74.7150305",County/City/town/Village/Woreda (ADM3),Origin,,2025-12-09T17:28:29.173659Z,"Peru: 3 displacements (partially destroyed housing), 09 November - 09 November. According to IDMC calculations based on data from INDECI, on 09 November 2025, a total of 3 people were displaced from Paucara, Acobamba, Huancavelica by Storm which made uninhabitable one house. Instituto Nacional de Defensa Civil (INDECI) - 08 December 2025",,Storm
215274,Peru,PER,-8.6971912,-77.3984743,"[-8.6971912, -77.3984743]",Recommended figure,Disaster,total,3,2025-11-08,2025-11-08,2025-11-08,2025,37368,Peru: Storm - Ancash (Quinuabamba) - 08/11/2025,,,2025-11-08,2025-11-08,Weather related,Meteorological,Storm,Storm,,Instituto Nacional de Defensa Civil (INDECI),,"Quinuabamba, Province of Pomabamba, Ancash, Peru","-8.6971912, -77.3984743",County/City/town/Village/Woreda (ADM3),Origin,,2025-12-09T17:18:44.307206Z,"Peru: 3 displacements (partially destroyed housing), 08 November - 08 November. According to IDMC calculations based on data from INDECI, on 08 November 2025, a total of 3 people were displaced from Quinuabamba, Pomabamba, Ancash by Storm which made uninhabitable one house. Instituto Nacional de Defensa Civil (INDECI) - 08 December 2025",,Storm
215380,Peru,PER,-13.7911429,-70.2506257,"[-13.7911429, -70.2506257]",Recommended figure,Disaster,total,14,2025-11-08,2025-11-08,2025-11-08,2025,37285,Peru: Landslide/Wet mass movement - Puno (Ituata) - 08/11/2025,,,2025-11-08,2025-11-08,Weather related,Hydrological,Mass Movement,Landslide/Wet mass movement,,Instituto Nacional de Defensa Civil (INDECI),,"Ituata, Province of Carabaya, Puno, Peru","-13.7911429, -70.2506257",County/City/town/Village/Woreda (ADM3),Origin,,2025-12-09T17:36:31.905478Z,"Peru: 14 displacements, 08 November - 08 November. According to IDMC calculations based on data from INDECI, on 08 November 2025, a total of 13 people were displaced from Ituata, Carabaya, Puno by Landslide/Wet mass movement which made uninhabitable or destroyed 4 houses. Instituto Nacional de Defensa Civil (INDECI) - 08 December 2025",,Mass Movement
215277,Peru,PER,-13.487246,-72.7993767,"[-13.487246, -72.7993767]",Recommended figure,Disaster,total,3,2025-11-08,2025-11-08,2025-11-08,2025,37369,Peru: Storm - Apurímac (San Pedro de Cachora) - 08/11/2025,,,2025-11-08,2025-11-08,Weather related,Meteorological,Storm,Storm,,Instituto Nacional de Defensa Civil (INDECI),,"San Pedro de Cachora, Province of Abancay, Apurímac, Peru","-13.487246, -72.7993767",County/City/town/Village/Woreda (ADM3),Origin,,2025-12-09T17:18:44.518148Z,"Peru: 3 displacements (partially destroyed housing), 08 November - 08 November. According to IDMC calculations based on data from INDECI, on 08 November 2025, a total of 3 people were displaced from San Pedro De Cachora, Abancay, Apurímac by Storm which made uninhabitable one house. Instituto Nacional de Defensa Civil (INDECI) - 08 December 2025",,Storm
215293,Peru,PER,-14.0863519,-72.1020964,"[-14.0863519, -72.1020964]",Recommended figure,Disaster,total,3,2025-11-07,2025-11-07,2025-11-07,2025,37270,Peru: Mixed disasters - Apurímac (Mara) - 07/11/2025,,,2025-11-07,2025-11-07,Mixed disasters,Mixed disasters,Mixed disasters,Mixed disasters,,Instituto Nacional de Defensa Civil (INDECI),,"Mara, Province of Cotabambas, Apurímac, Peru","-14.0863519, -72.1020964",County/City/town/Village/Woreda (ADM3),Origin,,2025-12-09T17:18:50.937056Z,"Peru: 3 displacements (partially destroyed housing), 07 November - 07 November. According to IDMC calculations based on data from INDECI, on 07 November 2025, a total of 3 people were displaced from Mara, Cotabambas, Apurímac by Mixed disasters which made uninhabitable one house. Instituto Nacional de Defensa Civil (INDECI) - 08 December 2025",,Mixed disasters
215295,Peru,PER,-13.482545,-73.5603855,"[-13.482545, -73.5603855]",Recommended figure,Disaster,total,3,2025-11-07,2025-11-07,2025-11-07,2025,37367,Peru: Storm - Apurímac (Ocobamba) - 07/11/2025,,,2025-11-07,2025-11-07,Weather related,Meteorological,Storm,Storm,,Instituto Nacional de Defensa Civil (INDECI),,"Ocobamba, Province of Chincheros, Apurímac, Peru","-13.482545, -73.5603855",County/City/town/Village/Woreda (ADM3),Origin,,2025-12-09T17:18:51.037774Z,"Peru: 3 displacements (partially destroyed housing), 07 November - 07 November. According to IDMC calculations based on data from INDECI, on 07 November 2025, a total of 3 people were displaced from Ocobamba, Chincheros, Apurímac by Storm which made uninhabitable one house. Instituto Nacional de Defensa Civil (INDECI) - 08 December 2025",,Storm
215338,Peru,PER,-12.5201296,-73.8282497,"[-12.5201296, -73.8282497]",Recommended figure,Disaster,total,3,2025-11-06,2025-11-06,2025-11-06,2025,37348,Peru: Storm - Cusco (Pichari) - 06/11/2025,,,2025-11-06,2025-11-06,Weather related,Meteorological,Storm,Storm,,Instituto Nacional de Defensa Civil (INDECI),,"Pichari, Province of La Convención, Cusco, Peru","-12.5201296, -73.8282497",County/City/town/Village/Woreda (ADM3),Origin,,2025-12-09T17:28:28.739044Z,"Peru: 3 displacements (destroyed housing), 06 November - 06 November. According to IDMC calculations based on data from INDECI, on 06 November 2025, a total of 3 people were displaced from Pichari, La Convención, Cusco by Storm which destroyed one house. Instituto Nacional de Defensa Civil (INDECI) - 08 December 2025",,Storm
215310,Peru,PER,-7.4487528,-78.2686919,"[-7.4487528, -78.2686919]",Recommended figure,Disaster,total,3,2025-11-06,2025-11-06,2025-11-06,2025,37309,Peru: Flood - Cajamarca (Cachachi) - 06/11/2025,,,2025-11-06,2025-11-06,Weather related,Hydrological,Flood,Flood,,Instituto Nacional de Defensa Civil (INDECI),,"Cachachi, Province of Cajabamba, Cajamarca, Peru","-7.4487528, -78.2686919",County/City/town/Village/Woreda (ADM3),Origin,,2025-12-09T17:28:22.587674Z,"Peru: 3 displacements (partially destroyed housing), 06 November - 06 November. According to IDMC calculations based on data from INDECI, on 06 November 2025, a total of 3 people were displaced from Cachachi, Cajabamba, Cajamarca by Flood which made uninhabitable one house. Instituto Nacional de Defensa Civil (INDECI) - 08 December 2025",,Flood
215362,Peru,PER,-4.2585911,-73.0632445,"[-4.2585911, -73.0632445]",Recommended figure,Disaster,total,21,2025-11-06,2025-11-06,2025-11-06,2025,37408,Peru: Erosion - Loreto (Fernando Lores) - 06/11/2025,,,2025-11-06,2025-11-06,Weather related,Climatological,Erosion,Erosion,,Instituto Nacional de Defensa Civil (INDECI),,"Fernando Lores, Province of Maynas, Loreto, Peru","-4.2585911, -73.0632445",County/City/town/Village/Woreda (ADM3),Origin,,2025-12-09T17:36:31.022139Z,"Peru: 21 displacements (destroyed housing), 06 November - 06 November. According to IDMC calculations based on data from INDECI, on 06 November 2025, a total of 20 people were displaced from Fernando Lores, Maynas, Loreto by Erosion which destroyed 6 houses. Instituto Nacional de Defensa Civil (INDECI) - 08 December 2025",,Erosion
215394,Peru,PER,-6.4179853,-75.7681936,"[-6.4179853, -75.7681936]",Recommended figure,Disaster,total,3,2025-11-06,2025-11-06,2025-11-06,2025,37349,Peru: Storm - San Martín (Huimbayoc) - 06/11/2025,,,2025-11-06,2025-11-06,Weather related,Meteorological,Storm,Storm,,Instituto Nacional de Defensa Civil (INDECI),,"Huimbayoc, Province of San Martín, San Martín, Peru","-6.4179853, -75.7681936",County/City/town/Village/Woreda (ADM3),Origin,,2025-12-09T17:36:37.046468Z,"Peru: 3 displacements (destroyed housing), 06 November - 06 November. According to IDMC calculations based on data from INDECI, on 06 November 2025, a total of 3 people were displaced from Huimbayoc, San Martín, San Martín by Storm which destroyed one house. Instituto Nacional de Defensa Civil (INDECI) - 08 December 2025",,Storm
215282,Peru,PER,-13.757431,-73.5271021,"[-13.757431, -73.5271021]",Recommended figure,Disaster,total,3,2025-11-05,2025-11-05,2025-11-05,2025,37363,Peru: Storm - Apurímac (Huancaray) - 05/11/2025,,,2025-11-05,2025-11-05,Weather related,Meteorological,Storm,Storm,,Instituto Nacional de Defensa Civil (INDECI),,"Huancaray, Province of Andahuaylas, Apurímac, Peru","-13.757431, -73.5271021",County/City/town/Village/Woreda (ADM3),Origin,,2025-12-09T17:18:44.884374Z,"Peru: 3 displacements (partially destroyed housing), 05 November - 05 November. According to IDMC calculations based on data from INDECI, on 05 November 2025, a total of 3 people were displaced from Huancaray, Andahuaylas, Apurímac by Storm which made uninhabitable one house. Instituto Nacional de Defensa Civil (INDECI) - 08 December 2025",,Storm
215285,Peru,PER,-14.0839961,-73.5909505,"[-14.0839961, -73.5909505]",Recommended figure,Disaster,total,3,2025-11-05,2025-11-05,2025-11-05,2025,37364,Peru: Storm - Apurímac (Pomacocha) - 05/11/2025,,,2025-11-05,2025-11-05,Weather related,Meteorological,Storm,Storm,,Instituto Nacional de Defensa Civil (INDECI),,"Pomacocha, Province of Andahuaylas, Apurímac, Peru","-14.0839961, -73.5909505",County/City/town/Village/Woreda (ADM3),Origin,,2025-12-09T17:18:50.539276Z,"Peru: 3 displacements (partially destroyed housing), 05 November - 05 November. According to IDMC calculations based on data from INDECI, on 05 November 2025, a total of 3 people were displaced from Pomacocha, Andahuaylas, Apurímac by Storm which made uninhabitable one house. Instituto Nacional de Defensa Civil (INDECI) - 08 December 2025",,Storm
215289,Peru,PER,-14.2625992,-72.5543486,"[-14.2625992, -72.5543486]",Recommended figure,Disaster,total,3,2025-11-05,2025-11-05,2025-11-05,2025,37365,Peru: Storm - Apurímac (Oropesa) - 05/11/2025,,,2025-11-05,2025-11-05,Weather related,Meteorological,Storm,Storm,,Instituto Nacional de Defensa Civil (INDECI),,"Oropesa, Province of Antabamba, Apurímac, Peru","-14.2625992, -72.5543486",County/City/town/Village/Woreda (ADM3),Origin,,2025-12-09T17:18:50.738796Z,"Peru: 3 displacements (partially destroyed housing), 05 November - 05 November. According to IDMC calculations based on data from INDECI, on 05 November 2025, a total of 3 people were displaced from Oropesa, Antabamba, Apurímac by Storm which made uninhabitable one house. Instituto Nacional de Defensa Civil (INDECI) - 08 December 2025",,Storm
215397,Peru,PER,-10.6463182,-73.2911381,"[-10.6463182, -73.2911381]",Recommended figure,Disaster,total,7,2025-11-05,2025-11-05,2025-11-05,2025,37347,Peru: Storm - Ucayali (Raymondi) - 05/11/2025,,,2025-11-05,2025-11-05,Weather related,Meteorological,Storm,Storm,,Instituto Nacional de Defensa Civil (INDECI),,"Raymondi, Province of Atalaya, Ucayali, 25201, Peru","-10.6463182, -73.2911381",County/City/town/Village/Woreda (ADM3),Origin,,2025-12-09T17:36:37.264435Z,"Peru: 7 displacements (destroyed housing), 05 November - 05 November. According to IDMC calculations based on data from INDECI, on 05 November 2025, a total of 6 people were displaced from Raymondi, Atalaya, Ucayali by Storm which destroyed 2 houses. Instituto Nacional de Defensa Civil (INDECI) - 08 December 2025",,Storm
215326,Peru,PER,-14.4500414,-72.081998,"[-14.4500414, -72.081998]",Recommended figure,Disaster,total,3,2025-11-05,2025-11-05,2025-11-05,2025,37366,Peru: Storm - Cusco (Santo Tomas) - 05/11/2025,,,2025-11-05,2025-11-05,Weather related,Meteorological,Storm,Storm,,Instituto Nacional de Defensa Civil (INDECI),,"Santo Tomás, Province of Chumbivilcas, Cusco, Peru","-14.4500414, -72.081998",County/City/town/Village/Woreda (ADM3),Origin,,2025-12-09T17:28:23.593047Z,"Peru: 3 displacements (partially destroyed housing), 05 November - 05 November. According to IDMC calculations based on data from INDECI, on 05 November 2025, a total of 3 people were displaced from Santo Tomas, Chumbivilcas, Cusco by Storm which made uninhabitable one house. Instituto Nacional de Defensa Civil (INDECI) - 08 December 2025",,Storm
215318,Peru,PER,-5.7086087,-78.8075898,"[-5.7086087, -78.8075898]",Recommended figure,Disaster,total,3,2025-11-05,2025-11-05,2025-11-05,2025,37346,Peru: Storm - Cajamarca (Jaen) - 05/11/2025,,,2025-11-05,2025-11-05,Weather related,Meteorological,Storm,Storm,,Instituto Nacional de Defensa Civil (INDECI),,"Jaén, Province of Jaén, Cajamarca, Peru","-5.7086087, -78.8075898",County/City/town/Village/Woreda (ADM3),Origin,,2025-12-09T17:28:23.083893Z,"Peru: 3 displacements (destroyed housing), 05 November - 05 November. According to IDMC calculations based on data from INDECI, on 05 November 2025, a total of 3 people were displaced from Jaen, Jaén, Cajamarca by Storm which destroyed one house. Instituto Nacional de Defensa Civil (INDECI) - 08 December 2025",,Storm
215308,Peru,PER,-7.0827588,-78.4704848,"[-7.0827588, -78.4704848]",Recommended figure,Disaster,total,10,2025-11-05,2025-11-05,2025-11-05,2025,37308,Peru: Flood - Cajamarca (Los Baños del Inca) - 05/11/2025,,,2025-11-05,2025-11-05,Weather related,Hydrological,Flood,Flood,,Instituto Nacional de Defensa Civil (INDECI),,"Los Baños del Inca, Province of Cajamarca, Cajamarca, Peru","-7.0827588, -78.4704848",County/City/town/Village/Woreda (ADM3),Origin,,2025-12-09T17:18:51.967828Z,"Peru: 10 displacements (partially destroyed housing), 05 November - 05 November. According to IDMC calculations based on data from INDECI, on 05 November 2025, a total of 10 people were displaced from Los Baños Del Inca, Cajamarca, Cajamarca by Flood which made uninhabitable 3 houses. Instituto Nacional de Defensa Civil (INDECI) - 08 December 2025",,Flood
215316,Peru,PER,-6.2445336,-78.8553076,"[-6.2445336, -78.8553076]",Recommended figure,Disaster,total,3,2025-11-04,2025-11-04,2025-11-04,2025,37274,Peru: Dry mass movement - Cajamarca (Santo Domingo de la Capilla) - 04/11/2025,,,2025-11-04,2025-11-04,Geophysical,Geophysical,Mass Movement,Dry mass movement,,Instituto Nacional de Defensa Civil (INDECI),,"Santo Domingo de la Capilla, Province of Cutervo, Cajamarca, Peru","-6.2445336, -78.8553076",County/City/town/Village/Woreda (ADM3),Origin,,2025-12-09T17:28:22.961651Z,"Peru: 3 displacements (destroyed housing), 04 November - 04 November. According to IDMC calculations based on data from INDECI, on 04 November 2025, a total of 3 people were displaced from Santo Domingo De La Capilla, Cutervo, Cajamarca by Dry mass movement which destroyed one house. Instituto Nacional de Defensa Civil (INDECI) - 08 December 2025",,Mass Movement
215334,Peru,PER,-12.2758235,-72.6886897,"[-12.2758235, -72.6886897]",Recommended figure,Disaster,total,3,2025-11-04,2025-11-04,2025-11-04,2025,37290,Peru: Flood - Cusco (Echarate) - 04/11/2025,,,2025-11-04,2025-11-04,Weather related,Hydrological,Flood,Flood,,Instituto Nacional de Defensa Civil (INDECI),,"Echarate, Province of La Convención, Cusco, Peru","-12.2758235, -72.6886897",County/City/town/Village/Woreda (ADM3),Origin,,2025-12-09T17:28:24.062209Z,"Peru: 3 displacements (partially destroyed housing), 04 November - 04 November. According to IDMC calculations based on data from INDECI, on 04 November 2025, a total of 3 people were displaced from Echarate, La Convención, Cusco by Flood which made uninhabitable one house. Instituto Nacional de Defensa Civil (INDECI) - 08 December 2025",,Flood
215335,Peru,PER,-12.2758235,-72.6886897,"[-12.2758235, -72.6886897]",Recommended figure,Disaster,total,3,2025-11-04,2025-11-04,2025-11-04,2025,37290,Peru: Flood - Cusco (Echarate) - 04/11/2025,,,2025-11-04,2025-11-04,Weather related,Hydrological,Flood,Flood,,Instituto Nacional de Defensa Civil (INDECI),,"Echarate, Province of La Convención, Cusco, Peru","-12.2758235, -72.6886897",County/City/town/Village/Woreda (ADM3),Origin,,2025-12-09T17:28:28.562018Z,"Peru: 3 displacements (destroyed housing), 04 November - 04 November. According to IDMC calculations based on data from INDECI, on 04 November 2025, a total of 3 people were displaced from Echarate, La Convención, Cusco by Flood which destroyed one house. Instituto Nacional de Defensa Civil (INDECI) - 08 December 2025",,Flood
215288,Peru,PER,-14.2625992,-72.5543486,"[-14.2625992, -72.5543486]",Recommended figure,Disaster,total,3,2025-11-04,2025-11-04,2025-11-04,2025,37362,Peru: Storm - Apurímac (Oropesa) - 04/11/2025,,,2025-11-04,2025-11-04,Weather related,Meteorological,Storm,Storm,,Instituto Nacional de Defensa Civil (INDECI),,"Oropesa, Province of Antabamba, Apurímac, Peru","-14.2625992, -72.5543486",County/City/town/Village/Woreda (ADM3),Origin,,2025-12-09T17:18:50.689463Z,"Peru: 3 displacements (partially destroyed housing), 04 November - 04 November. According to IDMC calculations based on data from INDECI, on 04 November 2025, a total of 3 people were displaced from Oropesa, Antabamba, Apurímac by Storm which made uninhabitable one house. Instituto Nacional de Defensa Civil (INDECI) - 08 December 2025",,Storm
215266,Peru,PER,-6.1646317,-77.9445731,"[-6.1646317, -77.9445731]",Recommended figure,Disaster,total,3,2025-11-04,2025-11-04,2025-11-04,2025,37306,Peru: Flood - Amazonas (Luya) - 04/11/2025,,,2025-11-04,2025-11-04,Weather related,Hydrological,Flood,Flood,,Instituto Nacional de Defensa Civil (INDECI),,"Luya, Province of Luya, Amazonas, Peru","-6.1646317, -77.9445731",County/City/town/Village/Woreda (ADM3),Origin,,2025-12-09T17:18:43.739986Z,"Peru: 3 displacements (partially destroyed housing), 04 November - 04 November. According to IDMC calculations based on data from INDECI, on 04 November 2025, a total of 3 people were displaced from Luya, Luya, Amazonas by Flood which made uninhabitable one house. Instituto Nacional de Defensa Civil (INDECI) - 08 December 2025",,Flood
215350,Peru,PER,-12.1819148,-74.564408,"[-12.1819148, -74.564408]",Recommended figure,Disaster,total,10,2025-11-04,2025-11-04,2025-11-04,2025,37307,Peru: Flood - Huancavelica (Tintay Puncu) - 04/11/2025,,,2025-11-04,2025-11-04,Weather related,Hydrological,Flood,Flood,,Instituto Nacional de Defensa Civil (INDECI),,"Tintay Puncu, Province of Tayacaja, Huancavelica, Peru","-12.1819148, -74.564408",County/City/town/Village/Woreda (ADM3),Origin,,2025-12-09T17:28:29.476009Z,"Peru: 10 displacements (partially destroyed housing), 04 November - 04 November. According to IDMC calculations based on data from INDECI, on 04 November 2025, a total of 10 people were displaced from Tintay Puncu, Tayacaja, Huancavelica by Flood which made uninhabitable 3 houses. Instituto Nacional de Defensa Civil (INDECI) - 08 December 2025",,Flood
215346,Peru,PER,-12.9560195,-74.4922582,"[-12.9560195, -74.4922582]",Recommended figure,Disaster,total,3,2025-11-03,2025-11-03,2025-11-03,2025,37345,Peru: Storm - Huancavelica (Congalla) - 03/11/2025,,,2025-11-03,2025-11-03,Weather related,Meteorological,Storm,Storm,,Instituto Nacional de Defensa Civil (INDECI),,"Congalla, Province of Angaraes, Huancavelica, Peru","-12.9560195, -74.4922582",County/City/town/Village/Woreda (ADM3),Origin,,2025-12-09T17:28:29.231989Z,"Peru: 3 displacements (destroyed housing), 03 November - 03 November. According to IDMC calculations based on data from INDECI, on 03 November 2025, a total of 3 people were displaced from Congalla, Angaraes, Huancavelica by Storm which destroyed one house. Instituto Nacional de Defensa Civil (INDECI) - 08 December 2025",,Storm
215314,Peru,PER,-6.5614846,-78.6509551,"[-6.5614846, -78.6509551]",Recommended figure,Disaster,total,3,2025-11-03,2025-11-03,2025-11-03,2025,37303,Peru: Flood - Cajamarca (Chota) - 03/11/2025,,,2025-11-03,2025-11-03,Weather related,Hydrological,Flood,Flood,,Instituto Nacional de Defensa Civil (INDECI),,"Chota, Province of Chota, Cajamarca, Peru","-6.5614846, -78.6509551",County/City/town/Village/Woreda (ADM3),Origin,,2025-12-09T17:28:22.838567Z,"Peru: 3 displacements (partially destroyed housing), 03 November - 03 November. According to IDMC calculations based on data from INDECI, on 03 November 2025, a total of 3 people were displaced from Chota, Chota, Cajamarca by Flood which made uninhabitable one house. Instituto Nacional de Defensa Civil (INDECI) - 08 December 2025",,Flood
215304,Peru,PER,-13.03733,-73.6609,"[-13.03733, -73.6609]",Recommended figure,Disaster,total,3,2025-11-03,2025-11-03,2025-11-03,2025,37302,Peru: Flood - Ayacucho (Anco) - 03/11/2025,,,2025-11-03,2025-11-03,Weather related,Hydrological,Flood,Flood,,Instituto Nacional de Defensa Civil (INDECI),,"Anco, La Mar Province, Ayacucho, Peru","-13.03733, -73.6609",County/City/town/Village/Woreda (ADM3),Origin,,2025-12-09T17:18:51.721519Z,"Peru: 3 displacements (partially destroyed housing), 03 November - 03 November. According to IDMC calculations based on data from INDECI, on 03 November 2025, a total of 3 people were displaced from Anco, La Mar, Ayacucho by Flood which made uninhabitable one house. Instituto Nacional de Defensa Civil (INDECI) - 08 December 2025",,Flood
215376,Peru,PER,-4.6853927,-79.6452624,"[-4.6853927, -79.6452624]",Recommended figure,Disaster,total,52,2025-11-03,2025-11-03,2025-11-03,2025,37338,Peru: Flood - Piura (Ayabaca) - 03/11/2025,,,2025-11-03,2025-11-03,Weather related,Hydrological,Flood,Flood,,Instituto Nacional de Defensa Civil (INDECI),,"Distrito de Ayabaca, Province of Ayabaca, Piura, Peru","-4.6853927, -79.6452624",County/City/town/Village/Woreda (ADM3),Origin,,2025-12-09T17:36:31.713618Z,"Peru: 52 displacements, 03 November - 03 November. According to IDMC calculations based on data from INDECI, on 03 November 2025, a total of 51 people were displaced from Ayabaca, Ayabaca, Piura by Flood which made uninhabitable or destroyed 15 houses. Instituto Nacional de Defensa Civil (INDECI) - 08 December 2025",,Flood
215381,Peru,PER,-16.7616495,-69.8556014,"[-16.7616495, -69.8556014]",Recommended figure,Disaster,total,3,2025-11-03,2025-11-03,2025-11-03,2025,37286,Peru: Wildfire - Puno (Santa Rosa) - 03/11/2025,,,2025-11-03,2025-11-03,Weather related,Climatological,Wildfire,Wildfire,,Instituto Nacional de Defensa Civil (INDECI),,"Santa Rosa, Province of El Collao, Puno, Peru","-16.7616495, -69.8556014",County/City/town/Village/Woreda (ADM3),Origin,,2025-12-09T17:36:31.950559Z,"Peru: 3 displacements (partially destroyed housing), 03 November - 03 November. According to IDMC calculations based on data from INDECI, on 03 November 2025, a total of 3 people were displaced from Santa Rosa, El Collao, Puno by Wildfire which made uninhabitable one house. Instituto Nacional de Defensa Civil (INDECI) - 08 December 2025",,Wildfire
215340,Peru,PER,-12.910516,-73.4779876,"[-12.910516, -73.4779876]",Recommended figure,Disaster,total,3,2025-11-03,2025-11-03,2025-11-03,2025,37304,Peru: Flood - Cusco (Villa Kintiarina) - 03/11/2025,,,2025-11-03,2025-11-03,Weather related,Hydrological,Flood,Flood,,Instituto Nacional de Defensa Civil (INDECI),,"Villa Kintiarina, Province of La Convención, Cusco, Peru","-12.910516, -73.4779876",County/City/town/Village/Woreda (ADM3),Origin,,2025-12-09T17:28:28.863128Z,"Peru: 3 displacements (partially destroyed housing), 03 November - 03 November. According to IDMC calculations based on data from INDECI, on 03 November 2025, a total of 3 people were displaced from Villa Kintiarina, La Convención, Cusco by Flood which made uninhabitable one house. Instituto Nacional de Defensa Civil (INDECI) - 08 December 2025",,Flood
215378,Peru,PER,-5.2402325,-79.4488035,"[-5.2402325, -79.4488035]",Recommended figure,Disaster,total,10,2025-11-03,2025-11-03,2025-11-03,2025,37305,Peru: Flood - Piura (Huancabamba) - 03/11/2025,,,2025-11-03,2025-11-03,Weather related,Hydrological,Flood,Flood,,Instituto Nacional de Defensa Civil (INDECI),,"Huancabamba, Province of Huancabamba, Piura, Peru","-5.2402325, -79.4488035",County/City/town/Village/Woreda (ADM3),Origin,,2025-12-09T17:36:31.814922Z,"Peru: 10 displacements (partially destroyed housing), 03 November - 03 November. According to IDMC calculations based on data from INDECI, on 03 November 2025, a total of 10 people were displaced from Huancabamba, Huancabamba, Piura by Flood which made uninhabitable 3 houses. Instituto Nacional de Defensa Civil (INDECI) - 08 December 2025",,Flood
215331,Peru,PER,-14.2846792,-72.0407386,"[-14.2846792, -72.0407386]",Recommended figure,Disaster,total,3,2025-11-03,2025-11-03,2025-11-03,2025,37361,Peru: Storm - Cusco (Colquemarca) - 03/11/2025,,,2025-11-03,2025-11-03,Weather related,Meteorological,Storm,Storm,,Instituto Nacional de Defensa Civil (INDECI),,"Colquemarca, Province of Chumbivilcas, Cusco, Peru","-14.2846792, -72.0407386",County/City/town/Village/Woreda (ADM3),Origin,,2025-12-09T17:28:23.887132Z,"Peru: 3 displacements (partially destroyed housing), 03 November - 03 November. According to IDMC calculations based on data from INDECI, on 03 November 2025, a total of 3 people were displaced from Colquemarca, Chumbivilcas, Cusco by Storm which made uninhabitable one house. Instituto Nacional de Defensa Civil (INDECI) - 08 December 2025",,Storm
215328,Peru,PER,-14.0071868,-72.0028173,"[-14.0071868, -72.0028173]",Recommended figure,Disaster,total,7,2025-11-03,2025-11-03,2025-11-03,2025,37360,Peru: Storm - Cusco (Capacmarca) - 03/11/2025,,,2025-11-03,2025-11-03,Weather related,Meteorological,Storm,Storm,,Instituto Nacional de Defensa Civil (INDECI),,"Capacmarca, Province of Chumbivilcas, Cusco, Peru","-14.0071868, -72.0028173",County/City/town/Village/Woreda (ADM3),Origin,,2025-12-09T17:28:23.711332Z,"Peru: 7 displacements (partially destroyed housing), 03 November - 03 November. According to IDMC calculations based on data from INDECI, on 03 November 2025, a total of 6 people were displaced from Capacmarca, Chumbivilcas, Cusco by Storm which made uninhabitable 2 houses. Instituto Nacional de Defensa Civil (INDECI) - 08 December 2025",,Storm
215270,Peru,PER,-9.4752071,-77.4955004,"[-9.4752071, -77.4955004]",Recommended figure,Disaster,total,3,2025-11-02,2025-11-02,2025-11-02,2025,37276,Peru: Dry mass movement - Ancash (Independencia) - 02/11/2025,,,2025-11-02,2025-11-02,Geophysical,Geophysical,Mass Movement,Dry mass movement,,Instituto Nacional de Defensa Civil (INDECI),,"Independencia, Province of Huaraz, Ancash, Peru","-9.4752071, -77.4955004",County/City/town/Village/Woreda (ADM3),Origin,,2025-12-09T17:18:44.040697Z,"Peru: 3 displacements (partially destroyed housing), 02 November - 02 November. According to IDMC calculations based on data from INDECI, on 02 November 2025, a total of 3 people were displaced from Independencia, Huaraz, Ancash by Dry mass movement which made uninhabitable one house. Instituto Nacional de Defensa Civil (INDECI) - 08 December 2025",,Mass Movement
215329,Peru,PER,-14.0071868,-72.0028173,"[-14.0071868, -72.0028173]",Recommended figure,Disaster,total,10,2025-11-02,2025-11-02,2025-11-02,2025,37401,Peru: Storm - Cusco (Capacmarca) - 02/11/2025,,,2025-11-02,2025-11-02,Weather related,Meteorological,Storm,Storm,,Instituto Nacional de Defensa Civil (INDECI),,"Capacmarca, Province of Chumbivilcas, Cusco, Peru","-14.0071868, -72.0028173",County/City/town/Village/Woreda (ADM3),Origin,,2025-12-09T17:28:23.770250Z,"Peru: 10 displacements, 02 November - 02 November. According to IDMC calculations based on data from INDECI, on 02 November 2025, a total of 10 people were displaced from Capacmarca, Chumbivilcas, Cusco by Storm which made uninhabitable or destroyed 3 houses. Instituto Nacional de Defensa Civil (INDECI) - 08 December 2025",,Storm
215319,Peru,PER,-5.3930466,-78.9061426,"[-5.3930466, -78.9061426]",Recommended figure,Disaster,total,17,2025-11-02,2025-11-02,2025-11-02,2025,37300,Peru: Flood - Cajamarca (La Coipa) - 02/11/2025,,,2025-11-02,2025-11-02,Weather related,Hydrological,Flood,Flood,,Instituto Nacional de Defensa Civil (INDECI),,"La Coipa, Province of San Ignacio, Cajamarca, Peru","-5.3930466, -78.9061426",County/City/town/Village/Woreda (ADM3),Origin,,2025-12-09T17:28:23.149503Z,"Peru: 17 displacements (partially destroyed housing), 02 November - 02 November. According to IDMC calculations based on data from INDECI, on 02 November 2025, a total of 17 people were displaced from La Coipa, San Ignacio, Cajamarca by Flood which made uninhabitable 5 houses. Instituto Nacional de Defensa Civil (INDECI) - 08 December 2025",,Flood
215302,Peru,PER,-13.5678812,-74.5228823,"[-13.5678812, -74.5228823]",Recommended figure,Disaster,total,3,2025-11-02,2025-11-02,2025-11-02,2025,37343,Peru: Storm - Ayacucho (Totos) - 02/11/2025,,,2025-11-02,2025-11-02,Weather related,Meteorological,Storm,Storm,,Instituto Nacional de Defensa Civil (INDECI),,"Totos, Province of Cangallo, Ayacucho, Peru","-13.5678812, -74.5228823",County/City/town/Village/Woreda (ADM3),Origin,,2025-12-09T17:18:51.569864Z,"Peru: 3 displacements (destroyed housing), 02 November - 02 November. According to IDMC calculations based on data from INDECI, on 02 November 2025, a total of 3 people were displaced from Totos, Cangallo, Ayacucho by Storm which destroyed one house. Instituto Nacional de Defensa Civil (INDECI) - 08 December 2025",,Storm
215356,Peru,PER,-10.0781114,-76.6315739,"[-10.0781114, -76.6315739]",Recommended figure,Disaster,total,7,2025-11-02,2025-11-02,2025-11-02,2025,37301,Peru: Flood - Huánuco (Jesus) - 02/11/2025,,,2025-11-02,2025-11-02,Weather related,Hydrological,Flood,Flood,,Instituto Nacional de Defensa Civil (INDECI),,"Jesús, Province of Lauricocha, Huánuco, Peru","-10.0781114, -76.6315739",County/City/town/Village/Woreda (ADM3),Origin,,2025-12-09T17:28:29.852418Z,"Peru: 7 displacements (partially destroyed housing), 02 November - 02 November. According to IDMC calculations based on data from INDECI, on 02 November 2025, a total of 6 people were displaced from Jesus, Lauricocha, Huánuco by Flood which made uninhabitable 2 houses. Instituto Nacional de Defensa Civil (INDECI) - 08 December 2025",,Flood
215369,Peru,PER,-10.2956757,-74.9369004,"[-10.2956757, -74.9369004]",Recommended figure,Disaster,total,14,2025-11-02,2025-11-02,2025-11-02,2025,37344,Peru: Storm - Pasco (Puerto Bermudez) - 02/11/2025,,,2025-11-02,2025-11-02,Weather related,Meteorological,Storm,Storm,,Instituto Nacional de Defensa Civil (INDECI),,"Puerto Bermúdez, Province of Oxapampa, Pasco, Peru","-10.2956757, -74.9369004",County/City/town/Village/Woreda (ADM3),Origin,,2025-12-09T17:36:31.370681Z,"Peru: 14 displacements (destroyed housing), 02 November - 02 November. According to IDMC calculations based on data from INDECI, on 02 November 2025, a total of 13 people were displaced from Puerto Bermudez, Oxapampa, Pasco by Storm which destroyed 4 houses. Instituto Nacional de Defensa Civil (INDECI) - 08 December 2025",,Storm
215358,Peru,PER,-9.8587298,-76.608363,"[-9.8587298, -76.608363]",Recommended figure,Disaster,total,3,2025-11-02,2025-11-02,2025-11-02,2025,37407,Peru: Hailstorm - Huánuco (Chavinillo) - 02/11/2025,,,2025-11-02,2025-11-02,Weather related,Meteorological,Storm,Hailstorm,,Instituto Nacional de Defensa Civil (INDECI),,"Chavinillo, Province of Yarowilca, Huánuco, Peru","-9.8587298, -76.608363",County/City/town/Village/Woreda (ADM3),Origin,,2025-12-09T17:28:29.973492Z,"Peru: 3 displacements (partially destroyed housing), 02 November - 02 November. According to IDMC calculations based on data from INDECI, on 02 November 2025, a total of 3 people were displaced from Chavinillo, Yarowilca, Huánuco by Hailstorm which made uninhabitable one house. Instituto Nacional de Defensa Civil (INDECI) - 08 December 2025",,Storm
215374,Peru,PER,-9.7723755,-74.6466239,"[-9.7723755, -74.6466239]",Recommended figure,Disaster,total,14,2025-11-02,2025-11-02,2025-11-02,2025,37402,Peru: Storm - Pasco (Constitucion) - 02/11/2025,,,2025-11-02,2025-11-02,Weather related,Meteorological,Storm,Storm,,Instituto Nacional de Defensa Civil (INDECI),,"Constitución, Province of Oxapampa, Pasco, Peru","-9.7723755, -74.6466239",County/City/town/Village/Woreda (ADM3),Origin,,2025-12-09T17:36:31.613290Z,"Peru: 14 displacements, 02 November - 02 November. According to IDMC calculations based on data from INDECI, on 02 November 2025, a total of 13 people were displaced from Constitucion, Oxapampa, Pasco by Storm which made uninhabitable or destroyed 4 houses. Instituto Nacional de Defensa Civil (INDECI) - 08 December 2025",,Storm
215313,Peru,PER,-6.8654175,-78.1454655,"[-6.8654175, -78.1454655]",Recommended figure,Disaster,total,3,2025-11-02,2025-11-02,2025-11-02,2025,37299,Peru: Flood - Cajamarca (Celendin) - 02/11/2025,,,2025-11-02,2025-11-02,Weather related,Hydrological,Flood,Flood,,Instituto Nacional de Defensa Civil (INDECI),,"Celendín, Province of Celendín, Cajamarca, Peru","-6.8654175, -78.1454655",County/City/town/Village/Woreda (ADM3),Origin,,2025-12-09T17:28:22.779946Z,"Peru: 3 displacements (partially destroyed housing), 02 November - 02 November. According to IDMC calculations based on data from INDECI, on 02 November 2025, a total of 3 people were displaced from Celendin, Celendín, Cajamarca by Flood which made uninhabitable one house. Instituto Nacional de Defensa Civil (INDECI) - 08 December 2025",,Flood
215309,Peru,PER,-7.4487528,-78.2686919,"[-7.4487528, -78.2686919]",Recommended figure,Disaster,total,3,2025-11-02,2025-11-02,2025-11-02,2025,37359,Peru: Storm - Cajamarca (Cachachi) - 02/11/2025,,,2025-11-02,2025-11-02,Weather related,Meteorological,Storm,Storm,,Instituto Nacional de Defensa Civil (INDECI),,"Cachachi, Province of Cajabamba, Cajamarca, Peru","-7.4487528, -78.2686919",County/City/town/Village/Woreda (ADM3),Origin,,2025-12-09T17:18:52.017336Z,"Peru: 3 displacements (partially destroyed housing), 02 November - 02 November. According to IDMC calculations based on data from INDECI, on 02 November 2025, a total of 3 people were displaced from Cachachi, Cajabamba, Cajamarca by Storm which made uninhabitable one house. Instituto Nacional de Defensa Civil (INDECI) - 08 December 2025",,Storm
214377,Peru,PER,-10.6463182,-73.2911381,"[-10.6463182, -73.2911381]",Recommended figure,Disaster,total,3,2025-10-29,2025-10-29,2025-10-29,2025,37131,Peru: Storm - Ucayali (Raymondi) - 29/10/2025,,,2025-10-29,2025-10-29,Weather related,Meteorological,Storm,Storm,,Instituto Nacional de Defensa Civil (INDECI),,"Raymondi, Province of Atalaya, Ucayali, 25201, Peru","-10.6463182, -73.2911381",County/City/town/Village/Woreda (ADM3),Origin,,2025-12-01T16:57:11.553545Z,"Peru: 3 displacements (destroyed housing), 29 October - 29 October. According to IDMC calculations based on data from INDECI, on 29 October 2025, a total of 3 people were displaced from Raymondi, Atalaya, Ucayali by Storm which destroyed one house. Instituto Nacional de Defensa Civil (INDECI) - 01 December 2025",,Storm
214362,Peru,PER,-6.29343,-76.782173,"[-6.29343, -76.782173]",Recommended figure,Disaster,total,3,2025-10-28,2025-10-28,2025-10-28,2025,37157,Peru: Storm - San Martín (Alonso de Alvarado) - 28/10/2025,,,2025-10-28,2025-10-28,Weather related,Meteorological,Storm,Storm,,Instituto Nacional de Defensa Civil (INDECI),,"Alonso de Alvarado, Province of Lamas, San Martín, Peru","-6.29343, -76.782173",County/City/town/Village/Woreda (ADM3),Origin,,2025-12-01T16:56:01.765953Z,"Peru: 3 displacements (partially destroyed housing), 28 October - 28 October. According to IDMC calculations based on data from INDECI, on 28 October 2025, a total of 3 people were displaced from Alonso De Alvarado, Lamas, San Martín by Storm which made uninhabitable one house. Instituto Nacional de Defensa Civil (INDECI) - 01 December 2025",,Storm
214369,Peru,PER,-7.8964619,-74.1845474,"[-7.8964619, -74.1845474]",Recommended figure,Disaster,total,3,2025-10-28,2025-10-28,2025-10-28,2025,37113,Peru: Flood - Ucayali (Calleria) - 28/10/2025,,,2025-10-28,2025-10-28,Weather related,Hydrological,Flood,Flood,,Instituto Nacional de Defensa Civil (INDECI),,"Callería, Province of Coronel Portillo, Ucayali, Peru","-7.8964619, -74.1845474",County/City/town/Village/Woreda (ADM3),Origin,,2025-12-01T16:56:02.304884Z,"Peru: 3 displacements (partially destroyed housing), 28 October - 28 October. According to IDMC calculations based on data from INDECI, on 28 October 2025, a total of 3 people were displaced from Calleria, Coronel Portillo, Ucayali by Flood which made uninhabitable one house. Instituto Nacional de Defensa Civil (INDECI) - 01 December 2025",,Flood
214367,Peru,PER,-8.1877,-76.52046,"[-8.1877, -76.52046]",Recommended figure,Disaster,total,7,2025-10-28,2025-10-28,2025-10-28,2025,37112,Peru: Flood - San Martín (Tocache) - 28/10/2025,,,2025-10-28,2025-10-28,Weather related,Hydrological,Flood,Flood,,Instituto Nacional de Defensa Civil (INDECI),,"Tocache, Tocache, San Martín Department, Peru","-8.1877, -76.52046",County/City/town/Village/Woreda (ADM3),Origin,,2025-12-01T16:56:02.149340Z,"Peru: 7 displacements (partially destroyed housing), 28 October - 28 October. According to IDMC calculations based on data from INDECI, on 28 October 2025, a total of 6 people were displaced from Tocache, Tocache, San Martín by Flood which made uninhabitable 2 houses. Instituto Nacional de Defensa Civil (INDECI) - 01 December 2025",,Flood
214330,Peru,PER,-11.97218,-75.1473422,"[-11.97218, -75.1473422]",Recommended figure,Disaster,total,3,2025-10-27,2025-10-27,2025-10-27,2025,37087,Peru: Flood - Junín (El Tambo) - 27/10/2025,,,2025-10-27,2025-10-27,Weather related,Hydrological,Flood,Flood,,Instituto Nacional de Defensa Civil (INDECI),,"El Tambo, Province of Huancayo, Junín, Peru","-11.97218, -75.1473422",County/City/town/Village/Woreda (ADM3),Origin,,2025-12-01T16:55:54.759324Z,"Peru: 3 displacements (destroyed housing), 27 October - 27 October. According to IDMC calculations based on data from INDECI, on 27 October 2025, a total of 3 people were displaced from El Tambo, Huancayo, Junín by Flood which destroyed one house. Instituto Nacional de Defensa Civil (INDECI) - 01 December 2025",,Flood
214370,Peru,PER,-8.7161844,-74.3136574,"[-8.7161844, -74.3136574]",Recommended figure,Disaster,total,3,2025-10-27,2025-10-27,2025-10-27,2025,37156,Peru: Storm - Ucayali (Masisea) - 27/10/2025,,,2025-10-27,2025-10-27,Weather related,Meteorological,Storm,Storm,,Instituto Nacional de Defensa Civil (INDECI),,"Masisea, Province of Coronel Portillo, Ucayali, Peru","-8.7161844, -74.3136574",County/City/town/Village/Woreda (ADM3),Origin,,2025-12-01T16:56:02.392094Z,"Peru: 3 displacements (partially destroyed housing), 27 October - 27 October. According to IDMC calculations based on data from INDECI, on 27 October 2025, a total of 3 people were displaced from Masisea, Coronel Portillo, Ucayali by Storm which made uninhabitable one house. Instituto Nacional de Defensa Civil (INDECI) - 01 December 2025",,Storm
214363,Peru,PER,-6.5299906,-76.4942679,"[-6.5299906, -76.4942679]",Recommended figure,Disaster,total,3,2025-10-27,2025-10-27,2025-10-27,2025,37155,Peru: Storm - San Martín (Zapatero) - 27/10/2025,,,2025-10-27,2025-10-27,Weather related,Meteorological,Storm,Storm,,Instituto Nacional de Defensa Civil (INDECI),,"Zapatero, Province of Lamas, San Martín, Peru","-6.5299906, -76.4942679",County/City/town/Village/Woreda (ADM3),Origin,,2025-12-01T16:56:01.844434Z,"Peru: 3 displacements (partially destroyed housing), 27 October - 27 October. According to IDMC calculations based on data from INDECI, on 27 October 2025, a total of 3 people were displaced from Zapatero, Lamas, San Martín by Storm which made uninhabitable one house. Instituto Nacional de Defensa Civil (INDECI) - 01 December 2025",,Storm
214279,Peru,PER,-8.8581048,-77.4357709,"[-8.8581048, -77.4357709]",Recommended figure,Disaster,total,3,2025-10-27,2025-10-27,2025-10-27,2025,37154,Peru: Storm - Ancash (Huayllan) - 27/10/2025,,,2025-10-27,2025-10-27,Weather related,Meteorological,Storm,Storm,,Instituto Nacional de Defensa Civil (INDECI),,"Huayllán, Province of Pomabamba, Ancash, Peru","-8.8581048, -77.4357709",County/City/town/Village/Woreda (ADM3),Origin,,2025-12-01T16:44:48.807933Z,"Peru: 3 displacements (partially destroyed housing), 27 October - 27 October. According to IDMC calculations based on data from INDECI, on 27 October 2025, a total of 3 people were displaced from Huayllan, Pomabamba, Ancash by Storm which made uninhabitable one house. Instituto Nacional de Defensa Civil (INDECI) - 01 December 2025",,Storm
214295,Peru,PER,-6.3790362,-78.8157238,"[-6.3790362, -78.8157238]",Recommended figure,Disaster,total,3,2025-10-26,2025-10-26,2025-10-26,2025,37110,Peru: Flood - Cajamarca (Cutervo) - 26/10/2025,,,2025-10-26,2025-10-26,Weather related,Hydrological,Flood,Flood,,Instituto Nacional de Defensa Civil (INDECI),,"Cutervo, Province of Cutervo, Cajamarca, Peru","-6.3790362, -78.8157238",County/City/town/Village/Woreda (ADM3),Origin,,2025-12-01T16:44:54.410167Z,"Peru: 3 displacements (partially destroyed housing), 26 October - 26 October. According to IDMC calculations based on data from INDECI, on 26 October 2025, a total of 3 people were displaced from Cutervo, Cutervo, Cajamarca by Flood which made uninhabitable one house. Instituto Nacional de Defensa Civil (INDECI) - 01 December 2025",,Flood
214298,Peru,PER,-5.4327549,-78.566755,"[-5.4327549, -78.566755]",Recommended figure,Disaster,total,3,2025-10-26,2025-10-26,2025-10-26,2025,37111,Peru: Flood - Cajamarca (Santa Rosa) - 26/10/2025,,,2025-10-26,2025-10-26,Weather related,Hydrological,Flood,Flood,,Instituto Nacional de Defensa Civil (INDECI),,"Santa Rosa, Province of Jaén, Cajamarca, Peru","-5.4327549, -78.566755",County/City/town/Village/Woreda (ADM3),Origin,,2025-12-01T16:44:54.630114Z,"Peru: 3 displacements (partially destroyed housing), 26 October - 26 October. According to IDMC calculations based on data from INDECI, on 26 October 2025, a total of 3 people were displaced from Santa Rosa, Jaén, Cajamarca by Flood which made uninhabitable one house. Instituto Nacional de Defensa Civil (INDECI) - 01 December 2025",,Flood
214301,Peru,PER,-14.3005171,-71.84972119999999,"[-14.3005171, -71.84972119999999]",Recommended figure,Disaster,total,14,2025-10-26,2025-10-26,2025-10-26,2025,37072,Peru: Wildfire - Cusco (Chamaca) - 26/10/2025,,,2025-10-26,2025-10-26,Weather related,Climatological,Wildfire,Wildfire,,Instituto Nacional de Defensa Civil (INDECI),,"Chamaca, Chumbivilcas Province, Cusco, Peru","-14.3005171, -71.84972119999999",County/City/town/Village/Woreda (ADM3),Origin,,2025-12-01T16:44:54.851758Z,"Peru: 14 displacements (partially destroyed housing), 26 October - 26 October. According to IDMC calculations based on data from INDECI, on 26 October 2025, a total of 13 people were displaced from Chamaca, Chumbivilcas, Cusco by Wildfire which made uninhabitable 4 houses. Instituto Nacional de Defensa Civil (INDECI) - 01 December 2025",,Wildfire
214287,Peru,PER,-13.2419722,-74.3542792,"[-13.2419722, -74.3542792]",Recommended figure,Disaster,total,59,2025-10-26,2025-10-26,2025-10-26,2025,37109,Peru: Flood - Ayacucho (Vinchos) - 26/10/2025,,,2025-10-26,2025-10-26,Weather related,Hydrological,Flood,Flood,,Instituto Nacional de Defensa Civil (INDECI),,"Vinchos, Province of Huamanga, Ayacucho, Peru","-13.2419722, -74.3542792",County/City/town/Village/Woreda (ADM3),Origin,,2025-12-01T16:44:49.280067Z,"Peru: 59 displacements (partially destroyed housing), 26 October - 26 October. According to IDMC calculations based on data from INDECI, on 26 October 2025, a total of 58 people were displaced from Vinchos, Huamanga, Ayacucho by Flood which made uninhabitable 17 houses. Instituto Nacional de Defensa Civil (INDECI) - 01 December 2025",,Flood
214307,Peru,PER,-12.7861978,-74.9764024,"[-12.7861978, -74.9764024]",Recommended figure,Disaster,total,3,2025-10-25,2025-10-25,2025-10-25,2025,37166,Peru: Hailstorm - Huancavelica (Huancavelica) - 25/10/2025,,,2025-10-25,2025-10-25,Weather related,Meteorological,Storm,Hailstorm,,Instituto Nacional de Defensa Civil (INDECI),,"Huancavelica, Huancavelica Province, Huancavelica, Peru","-12.7861978, -74.9764024",County/City/town/Village/Woreda (ADM3),Origin,,2025-12-01T16:44:55.270974Z,"Peru: 3 displacements (partially destroyed housing), 25 October - 25 October. According to IDMC calculations based on data from INDECI, on 25 October 2025, a total of 3 people were displaced from Huancavelica, Huancavelica, Huancavelica by Hailstorm which made uninhabitable one house. Instituto Nacional de Defensa Civil (INDECI) - 01 December 2025",,Storm
214277,Peru,PER,-8.9607926,-77.367346,"[-8.9607926, -77.367346]",Recommended figure,Disaster,total,3,2025-10-24,2025-10-24,2025-10-24,2025,37108,Peru: Flood - Ancash (Llumpa) - 24/10/2025,,,2025-10-24,2025-10-24,Weather related,Hydrological,Flood,Flood,,Instituto Nacional de Defensa Civil (INDECI),,"Llumpa, Province of Mariscal Luzuriaga, Ancash, Peru","-8.9607926, -77.367346",County/City/town/Village/Woreda (ADM3),Origin,,2025-12-01T16:44:48.683689Z,"Peru: 3 displacements (partially destroyed housing), 24 October - 24 October. According to IDMC calculations based on data from INDECI, on 24 October 2025, a total of 3 people were displaced from Llumpa, Mariscal Luzuriaga, Ancash by Flood which made uninhabitable one house. Instituto Nacional de Defensa Civil (INDECI) - 01 December 2025",,Flood
214290,Peru,PER,-13.6112354,-74.532601,"[-13.6112354, -74.532601]",Recommended figure,Disaster,total,28,2025-10-23,2025-10-23,2025-10-23,2025,37107,Peru: Flood - Ayacucho (Vilcanchos) - 23/10/2025,,,2025-10-23,2025-10-23,Weather related,Hydrological,Flood,Flood,,Instituto Nacional de Defensa Civil (INDECI),,"Vilcanchos, Province of Víctor Fajardo, Ayacucho, Peru","-13.6112354, -74.532601",County/City/town/Village/Woreda (ADM3),Origin,,2025-12-01T16:44:49.458235Z,"Peru: 28 displacements (partially destroyed housing), 23 October - 23 October. According to IDMC calculations based on data from INDECI, on 23 October 2025, a total of 27 people were displaced from Vilcanchos, Víctor Fajardo, Ayacucho by Flood which made uninhabitable 8 houses. Instituto Nacional de Defensa Civil (INDECI) - 01 December 2025",,Flood
214302,Peru,PER,-14.3114158,-72.1383145,"[-14.3114158, -72.1383145]",Recommended figure,Disaster,total,10,2025-10-23,2025-10-23,2025-10-23,2025,37153,Peru: Storm - Cusco (Quiñota) - 23/10/2025,,,2025-10-23,2025-10-23,Weather related,Meteorological,Storm,Storm,,Instituto Nacional de Defensa Civil (INDECI),,"Quiñota, Province of Chumbivilcas, Cusco, Peru","-14.3114158, -72.1383145",County/City/town/Village/Woreda (ADM3),Origin,,2025-12-01T16:44:54.932676Z,"Peru: 10 displacements (partially destroyed housing), 23 October - 23 October. According to IDMC calculations based on data from INDECI, on 23 October 2025, a total of 10 people were displaced from Quiñota, Chumbivilcas, Cusco by Storm which made uninhabitable 3 houses. Instituto Nacional de Defensa Civil (INDECI) - 01 December 2025",,Storm
214349,Peru,PER,-10.2956757,-74.9369004,"[-10.2956757, -74.9369004]",Recommended figure,Disaster,total,3,2025-10-23,2025-10-23,2025-10-23,2025,37130,Peru: Storm - Pasco (Puerto Bermudez) - 23/10/2025,,,2025-10-23,2025-10-23,Weather related,Meteorological,Storm,Storm,,Instituto Nacional de Defensa Civil (INDECI),,"Puerto Bermúdez, Province of Oxapampa, Pasco, Peru","-10.2956757, -74.9369004",County/City/town/Village/Woreda (ADM3),Origin,,2025-12-01T16:55:56.060241Z,"Peru: 3 displacements (destroyed housing), 23 October - 23 October. According to IDMC calculations based on data from INDECI, on 23 October 2025, a total of 3 people were displaced from Puerto Bermudez, Oxapampa, Pasco by Storm which destroyed one house. Instituto Nacional de Defensa Civil (INDECI) - 01 December 2025",,Storm
214275,Peru,PER,-6.0965677,-78.4213209,"[-6.0965677, -78.4213209]",Recommended figure,Disaster,total,3,2025-10-22,2025-10-22,2025-10-22,2025,37106,Peru: Flood - Amazonas (Lonya Grande) - 22/10/2025,,,2025-10-22,2025-10-22,Weather related,Hydrological,Flood,Flood,,Instituto Nacional de Defensa Civil (INDECI),,"Lonya Grande, Province of Utcubamba, Amazonas, Peru","-6.0965677, -78.4213209",County/City/town/Village/Woreda (ADM3),Origin,,2025-12-01T16:44:48.555322Z,"Peru: 3 displacements (partially destroyed housing), 22 October - 22 October. According to IDMC calculations based on data from INDECI, on 22 October 2025, a total of 3 people were displaced from Lonya Grande, Utcubamba, Amazonas by Flood which made uninhabitable one house. Instituto Nacional de Defensa Civil (INDECI) - 01 December 2025",,Flood
214356,Peru,PER,-14.853653,-70.7535804,"[-14.853653, -70.7535804]",Recommended figure,Disaster,total,7,2025-10-21,2025-10-21,2025-10-21,2025,37152,Peru: Storm - Puno (Umachiri) - 21/10/2025,,,2025-10-21,2025-10-21,Weather related,Meteorological,Storm,Storm,,Instituto Nacional de Defensa Civil (INDECI),,"Umachiri, Province of Melgar, Puno, Peru","-14.853653, -70.7535804",County/City/town/Village/Woreda (ADM3),Origin,,2025-12-01T16:56:01.334436Z,"Peru: 7 displacements (partially destroyed housing), 21 October - 21 October. According to IDMC calculations based on data from INDECI, on 21 October 2025, a total of 6 people were displaced from Umachiri, Melgar, Puno by Storm which made uninhabitable 2 houses. Instituto Nacional de Defensa Civil (INDECI) - 01 December 2025",,Storm
214281,Peru,PER,-14.1186814,-72.2465114,"[-14.1186814, -72.2465114]",Recommended figure,Disaster,total,3,2025-10-21,2025-10-21,2025-10-21,2025,37085,Peru: Flood - Apurímac (Challhuahuacho) - 21/10/2025,,,2025-10-21,2025-10-21,Weather related,Hydrological,Flood,Flood,,Instituto Nacional de Defensa Civil (INDECI),,"Challhuahuacho, Province of Cotabambas, Apurímac, Peru","-14.1186814, -72.2465114",County/City/town/Village/Woreda (ADM3),Origin,,2025-12-01T16:44:48.927982Z,"Peru: 3 displacements (destroyed housing), 21 October - 21 October. According to IDMC calculations based on data from INDECI, on 21 October 2025, a total of 3 people were displaced from Challhuahuacho, Cotabambas, Apurímac by Flood which destroyed one house. Instituto Nacional de Defensa Civil (INDECI) - 01 December 2025",,Flood
214316,Peru,PER,-12.201982,-74.7807505,"[-12.201982, -74.7807505]",Recommended figure,Disaster,total,3,2025-10-21,2025-10-21,2025-10-21,2025,37086,Peru: Flood - Huancavelica (Salcabamba) - 21/10/2025,,,2025-10-21,2025-10-21,Weather related,Hydrological,Flood,Flood,,Instituto Nacional de Defensa Civil (INDECI),,"Salcabamba, Province of Tayacaja, Huancavelica, Peru","-12.201982, -74.7807505",County/City/town/Village/Woreda (ADM3),Origin,,2025-12-01T16:44:55.901027Z,"Peru: 3 displacements (destroyed housing), 21 October - 21 October. According to IDMC calculations based on data from INDECI, on 21 October 2025, a total of 3 people were displaced from Salcabamba, Tayacaja, Huancavelica by Flood which destroyed one house. Instituto Nacional de Defensa Civil (INDECI) - 01 December 2025",,Flood
214364,Peru,PER,-6.8061644,-76.2326637,"[-6.8061644, -76.2326637]",Recommended figure,Disaster,total,42,2025-10-20,2025-10-20,2025-10-20,2025,37105,Peru: Flood - San Martín (Tres Unidos) - 20/10/2025,,,2025-10-20,2025-10-20,Weather related,Hydrological,Flood,Flood,,Instituto Nacional de Defensa Civil (INDECI),,"Tres Unidos, Province of Picota, San Martín, Peru","-6.8061644, -76.2326637",County/City/town/Village/Woreda (ADM3),Origin,,2025-12-01T16:56:01.921492Z,"Peru: 42 displacements (partially destroyed housing), 20 October - 20 October. According to IDMC calculations based on data from INDECI, on 20 October 2025, a total of 41 people were displaced from Tres Unidos, Picota, San Martín by Flood which made uninhabitable 12 houses. Instituto Nacional de Defensa Civil (INDECI) - 01 December 2025",,Flood
214276,Peru,PER,-9.3484957,-77.1722483,"[-9.3484957, -77.1722483]",Recommended figure,Disaster,total,21,2025-10-20,2025-10-20,2025-10-20,2025,37068,Peru: Dry mass movement - Ancash (Huari) - 20/10/2025,,,2025-10-20,2025-10-20,Geophysical,Geophysical,Mass Movement,Dry mass movement,,Instituto Nacional de Defensa Civil (INDECI),,"Huari, Province of Huari, Ancash, Peru","-9.3484957, -77.1722483",County/City/town/Village/Woreda (ADM3),Origin,,2025-12-01T16:44:48.622405Z,"Peru: 21 displacements, 20 October - 20 October. According to IDMC calculations based on data from INDECI, on 20 October 2025, a total of 20 people were displaced from Huari, Huari, Ancash by Dry mass movement which made uninhabitable or destroyed 6 houses. Instituto Nacional de Defensa Civil (INDECI) - 01 December 2025",,Mass Movement
214341,Peru,PER,-4.50561,-73.58026,"[-4.50561, -73.58026]",Recommended figure,Disaster,total,38,2025-10-20,2025-10-20,2025-10-20,2025,37167,Peru: Erosion - Loreto (Nauta) - 20/10/2025,,,2025-10-20,2025-10-20,Weather related,Climatological,Erosion,Erosion,,Instituto Nacional de Defensa Civil (INDECI),,"Nauta, Loreto Province, Loreto, Peru","-4.50561, -73.58026",County/City/town/Village/Woreda (ADM3),Origin,,2025-12-01T16:55:55.490948Z,"Peru: 38 displacements, 20 October - 20 October. According to IDMC calculations based on data from INDECI, on 20 October 2025, a total of 38 people were displaced from Nauta, Loreto, Loreto by Erosion which made uninhabitable or destroyed 11 houses. Instituto Nacional de Defensa Civil (INDECI) - 01 December 2025",,Erosion
214379,Peru,PER,-8.4339919,-75.1532203,"[-8.4339919, -75.1532203]",Recommended figure,Disaster,total,3,2025-10-20,2025-10-20,2025-10-20,2025,37151,Peru: Storm - Ucayali (Curimana) - 20/10/2025,,,2025-10-20,2025-10-20,Weather related,Meteorological,Storm,Storm,,Instituto Nacional de Defensa Civil (INDECI),,"Curimaná, Province of Padre Abad, Ucayali, Peru","-8.4339919, -75.1532203",County/City/town/Village/Woreda (ADM3),Origin,,2025-12-01T16:57:11.672572Z,"Peru: 3 displacements (partially destroyed housing), 20 October - 20 October. According to IDMC calculations based on data from INDECI, on 20 October 2025, a total of 3 people were displaced from Curimana, Padre Abad, Ucayali by Storm which made uninhabitable one house. Instituto Nacional de Defensa Civil (INDECI) - 01 December 2025",,Storm
214358,Peru,PER,-14.1119359,-69.0477528,"[-14.1119359, -69.0477528]",Recommended figure,Disaster,total,3,2025-10-19,2025-10-19,2025-10-19,2025,37150,Peru: Storm - Puno (San Pedro de Putina Punco) - 19/10/2025,,,2025-10-19,2025-10-19,Weather related,Meteorological,Storm,Storm,,Instituto Nacional de Defensa Civil (INDECI),,"San Pedro de Putina Punco, Province of Sandia, Puno, Peru","-14.1119359, -69.0477528",County/City/town/Village/Woreda (ADM3),Origin,,2025-12-01T16:56:01.464627Z,"Peru: 3 displacements (partially destroyed housing), 19 October - 19 October. According to IDMC calculations based on data from INDECI, on 19 October 2025, a total of 3 people were displaced from San Pedro De Putina Punco, Sandia, Puno by Storm which made uninhabitable one house. Instituto Nacional de Defensa Civil (INDECI) - 01 December 2025",,Storm
214331,Peru,PER,-12.1062776,-75.2167958,"[-12.1062776, -75.2167958]",Recommended figure,Disaster,total,3,2025-10-19,2025-10-19,2025-10-19,2025,37103,Peru: Flood - Junín (Huancan) - 19/10/2025,,,2025-10-19,2025-10-19,Weather related,Hydrological,Flood,Flood,,Instituto Nacional de Defensa Civil (INDECI),,"Huancán, Province of Huancayo, Junín, Peru","-12.1062776, -75.2167958",County/City/town/Village/Woreda (ADM3),Origin,,2025-12-01T16:55:54.831503Z,"Peru: 3 displacements (partially destroyed housing), 19 October - 19 October. According to IDMC calculations based on data from INDECI, on 19 October 2025, a total of 3 people were displaced from Huancan, Huancayo, Junín by Flood which made uninhabitable one house. Instituto Nacional de Defensa Civil (INDECI) - 01 December 2025",,Flood
214310,Peru,PER,-12.4011858,-75.0838268,"[-12.4011858, -75.0838268]",Recommended figure,Disaster,total,7,2025-10-19,2025-10-19,2025-10-19,2025,37165,Peru: Hailstorm - Huancavelica (Pilchaca) - 19/10/2025,,,2025-10-19,2025-10-19,Weather related,Meteorological,Storm,Hailstorm,,Instituto Nacional de Defensa Civil (INDECI),,"Pilchaca, Province of Huancavelica, Huancavelica, Peru","-12.4011858, -75.0838268",County/City/town/Village/Woreda (ADM3),Origin,,2025-12-01T16:44:55.479699Z,"Peru: 7 displacements (destroyed housing), 19 October - 19 October. According to IDMC calculations based on data from INDECI, on 19 October 2025, a total of 6 people were displaced from Pilchaca, Huancavelica, Huancavelica by Hailstorm which destroyed 2 houses. Instituto Nacional de Defensa Civil (INDECI) - 01 December 2025",,Storm
214311,Peru,PER,-12.9560195,-74.4922582,"[-12.9560195, -74.4922582]",Recommended figure,Disaster,total,3,2025-10-19,2025-10-19,2025-10-19,2025,37149,Peru: Storm - Huancavelica (Congalla) - 19/10/2025,,,2025-10-19,2025-10-19,Weather related,Meteorological,Storm,Storm,,Instituto Nacional de Defensa Civil (INDECI),,"Congalla, Province of Angaraes, Huancavelica, Peru","-12.9560195, -74.4922582",County/City/town/Village/Woreda (ADM3),Origin,,2025-12-01T16:44:55.551880Z,"Peru: 3 displacements (partially destroyed housing), 19 October - 19 October. According to IDMC calculations based on data from INDECI, on 19 October 2025, a total of 3 people were displaced from Congalla, Angaraes, Huancavelica by Storm which made uninhabitable one house. Instituto Nacional de Defensa Civil (INDECI) - 01 December 2025",,Storm
214326,Peru,PER,-9.1962396,-75.9736245,"[-9.1962396, -75.9736245]",Recommended figure,Disaster,total,3,2025-10-19,2025-10-19,2025-10-19,2025,37084,Peru: Flood - Huánuco (Luyando) - 19/10/2025,,,2025-10-19,2025-10-19,Weather related,Hydrological,Flood,Flood,,Instituto Nacional de Defensa Civil (INDECI),,"Luyando, Province of Leoncio Prado, Huánuco, Peru","-9.1962396, -75.9736245",County/City/town/Village/Woreda (ADM3),Origin,,2025-12-01T16:55:54.511708Z,"Peru: 3 displacements (destroyed housing), 19 October - 19 October. According to IDMC calculations based on data from INDECI, on 19 October 2025, a total of 3 people were displaced from Luyando, Leoncio Prado, Huánuco by Flood which destroyed one house. Instituto Nacional de Defensa Civil (INDECI) - 01 December 2025",,Flood
214373,Peru,PER,-8.4790181,-74.54632819999999,"[-8.4790181, -74.54632819999999]",Recommended figure,Disaster,total,3,2025-10-19,2025-10-19,2025-10-19,2025,37129,Peru: Storm - Ucayali (Manantay) - 19/10/2025,,,2025-10-19,2025-10-19,Weather related,Meteorological,Storm,Storm,,Instituto Nacional de Defensa Civil (INDECI),,"Manantay, Coronel Portillo, Ucayali, Peru","-8.4790181, -74.54632819999999",County/City/town/Village/Woreda (ADM3),Origin,,2025-12-01T16:56:02.628057Z,"Peru: 3 displacements (destroyed housing), 19 October - 19 October. According to IDMC calculations based on data from INDECI, on 19 October 2025, a total of 3 people were displaced from Manantay, Coronel Portillo, Ucayali by Storm which destroyed one house. Instituto Nacional de Defensa Civil (INDECI) - 01 December 2025",,Storm
214348,Peru,PER,-10.2956757,-74.9369004,"[-10.2956757, -74.9369004]",Recommended figure,Disaster,total,7,2025-10-19,2025-10-19,2025-10-19,2025,37104,Peru: Flood - Pasco (Puerto Bermudez) - 19/10/2025,,,2025-10-19,2025-10-19,Weather related,Hydrological,Flood,Flood,,Instituto Nacional de Defensa Civil (INDECI),,"Puerto Bermúdez, Province of Oxapampa, Pasco, Peru","-10.2956757, -74.9369004",County/City/town/Village/Woreda (ADM3),Origin,,2025-12-01T16:55:55.997930Z,"Peru: 7 displacements (partially destroyed housing), 19 October - 19 October. According to IDMC calculations based on data from INDECI, on 19 October 2025, a total of 6 people were displaced from Puerto Bermudez, Oxapampa, Pasco by Flood which made uninhabitable 2 houses. Instituto Nacional de Defensa Civil (INDECI) - 01 December 2025",,Flood
214319,Peru,PER,-10.03007,-76.27164,"[-10.03007, -76.27164]",Recommended figure,Disaster,total,14,2025-10-16,2025-10-16,2025-10-16,2025,37101,Peru: Flood - Huánuco (Pillco Marca) - 16/10/2025,,,2025-10-16,2025-10-16,Weather related,Hydrological,Flood,Flood,,Instituto Nacional de Defensa Civil (INDECI),,"Pillco Marca, Huánuco Province, Huánuco Department, Peru","-10.03007, -76.27164",County/City/town/Village/Woreda (ADM3),Origin,,2025-12-01T16:44:56.084713Z,"Peru: 14 displacements (partially destroyed housing), 16 October - 16 October. According to IDMC calculations based on data from INDECI, on 16 October 2025, a total of 13 people were displaced from Pillco Marca, Huánuco, Huánuco by Flood which made uninhabitable 4 houses. Instituto Nacional de Defensa Civil (INDECI) - 01 December 2025",,Flood
214343,Peru,PER,-10.6702605,-76.2544781,"[-10.6702605, -76.2544781]",Recommended figure,Disaster,total,3,2025-10-16,2025-10-16,2025-10-16,2025,37102,Peru: Flood - Pasco (Yanacancha) - 16/10/2025,,,2025-10-16,2025-10-16,Weather related,Hydrological,Flood,Flood,,Instituto Nacional de Defensa Civil (INDECI),,"Yanacancha, Province of Pasco, Pasco, Peru","-10.6702605, -76.2544781",County/City/town/Village/Woreda (ADM3),Origin,,2025-12-01T16:55:55.675943Z,"Peru: 3 displacements (partially destroyed housing), 16 October - 16 October. According to IDMC calculations based on data from INDECI, on 16 October 2025, a total of 3 people were displaced from Yanacancha, Pasco, Pasco by Flood which made uninhabitable one house. Instituto Nacional de Defensa Civil (INDECI) - 01 December 2025",,Flood
214376,Peru,PER,-10.6463182,-73.2911381,"[-10.6463182, -73.2911381]",Recommended figure,Disaster,total,3,2025-10-16,2025-10-16,2025-10-16,2025,37148,Peru: Storm - Ucayali (Raymondi) - 16/10/2025,,,2025-10-16,2025-10-16,Weather related,Meteorological,Storm,Storm,,Instituto Nacional de Defensa Civil (INDECI),,"Raymondi, Province of Atalaya, Ucayali, 25201, Peru","-10.6463182, -73.2911381",County/City/town/Village/Woreda (ADM3),Origin,,2025-12-01T16:57:11.489326Z,"Peru: 3 displacements (partially destroyed housing), 16 October - 16 October. According to IDMC calculations based on data from INDECI, on 16 October 2025, a total of 3 people were displaced from Raymondi, Atalaya, Ucayali by Storm which made uninhabitable one house. Instituto Nacional de Defensa Civil (INDECI) - 01 December 2025",,Storm
214283,Peru,PER,-13.482545,-73.5603855,"[-13.482545, -73.5603855]",Recommended figure,Disaster,total,59,2025-10-16,2025-10-16,2025-10-16,2025,37063,Peru: Dry mass movement - Apurímac (Ocobamba) - 16/10/2025,,,2025-10-16,2025-10-16,Geophysical,Geophysical,Mass Movement,Dry mass movement,,Instituto Nacional de Defensa Civil (INDECI),,"Ocobamba, Province of Chincheros, Apurímac, Peru","-13.482545, -73.5603855",County/City/town/Village/Woreda (ADM3),Origin,,2025-12-01T16:44:49.042548Z,"Peru: 59 displacements (destroyed housing), 16 October - 16 October. According to IDMC calculations based on data from INDECI, on 16 October 2025, a total of 58 people were displaced from Ocobamba, Chincheros, Apurímac by Dry mass movement which destroyed 17 houses. Instituto Nacional de Defensa Civil (INDECI) - 01 December 2025",,Mass Movement
214318,Peru,PER,-9.9546102,-76.1800823,"[-9.9546102, -76.1800823]",Recommended figure,Disaster,total,3,2025-10-16,2025-10-16,2025-10-16,2025,37083,Peru: Flood - Huánuco (Amarilis) - 16/10/2025,,,2025-10-16,2025-10-16,Weather related,Hydrological,Flood,Flood,,Instituto Nacional de Defensa Civil (INDECI),,"Amarilis, Province of Huánuco, Huánuco, Peru","-9.9546102, -76.1800823",County/City/town/Village/Woreda (ADM3),Origin,,2025-12-01T16:44:56.027522Z,"Peru: 3 displacements (destroyed housing), 16 October - 16 October. According to IDMC calculations based on data from INDECI, on 16 October 2025, a total of 3 people were displaced from Amarilis, Huánuco, Huánuco by Flood which destroyed one house. Instituto Nacional de Defensa Civil (INDECI) - 01 December 2025",,Flood
214303,Peru,PER,-12.2758235,-72.6886897,"[-12.2758235, -72.6886897]",Recommended figure,Disaster,total,3,2025-10-15,2025-10-15,2025-10-15,2025,37100,Peru: Flood - Cusco (Echarate) - 15/10/2025,,,2025-10-15,2025-10-15,Weather related,Hydrological,Flood,Flood,,Instituto Nacional de Defensa Civil (INDECI),,"Echarate, Province of La Convención, Cusco, Peru","-12.2758235, -72.6886897",County/City/town/Village/Woreda (ADM3),Origin,,2025-12-01T16:44:55.005122Z,"Peru: 3 displacements (partially destroyed housing), 15 October - 15 October. According to IDMC calculations based on data from INDECI, on 15 October 2025, a total of 3 people were displaced from Echarate, La Convención, Cusco by Flood which made uninhabitable one house. Instituto Nacional de Defensa Civil (INDECI) - 01 December 2025",,Flood
214357,Peru,PER,-14.4965792,-69.2798767,"[-14.4965792, -69.2798767]",Recommended figure,Disaster,total,3,2025-10-15,2025-10-15,2025-10-15,2025,37147,Peru: Storm - Puno (Sina) - 15/10/2025,,,2025-10-15,2025-10-15,Weather related,Meteorological,Storm,Storm,,Instituto Nacional de Defensa Civil (INDECI),,"Sina, Province of San Antonio de Putina, Puno, Peru","-14.4965792, -69.2798767",County/City/town/Village/Woreda (ADM3),Origin,,2025-12-01T16:56:01.399953Z,"Peru: 3 displacements (partially destroyed housing), 15 October - 15 October. According to IDMC calculations based on data from INDECI, on 15 October 2025, a total of 3 people were displaced from Sina, San Antonio De Putina, Puno by Storm which made uninhabitable one house. Instituto Nacional de Defensa Civil (INDECI) - 01 December 2025",,Storm
214274,Peru,PER,-5.6376206,-78.55816,"[-5.6376206, -78.55816]",Recommended figure,Disaster,total,3,2025-10-15,2025-10-15,2025-10-15,2025,37066,Peru: Dry mass movement - Amazonas (El Milagro) - 15/10/2025,,,2025-10-15,2025-10-15,Geophysical,Geophysical,Mass Movement,Dry mass movement,,Instituto Nacional de Defensa Civil (INDECI),,"El Milagro, Province of Utcubamba, Amazonas, Peru","-5.6376206, -78.55816",County/City/town/Village/Woreda (ADM3),Origin,,2025-12-01T16:44:48.493059Z,"Peru: 3 displacements (partially destroyed housing), 15 October - 15 October. According to IDMC calculations based on data from INDECI, on 15 October 2025, a total of 3 people were displaced from El Milagro, Utcubamba, Amazonas by Dry mass movement which made uninhabitable one house. Instituto Nacional de Defensa Civil (INDECI) - 01 December 2025",,Mass Movement
214313,Peru,PER,-12.643635,-74.5724185,"[-12.643635, -74.5724185]",Recommended figure,Disaster,total,31,2025-10-15,2025-10-15,2025-10-15,2025,37118,Peru: Flood - Huancavelica (Anco) - 15/10/2025,,,2025-10-15,2025-10-15,Weather related,Hydrological,Flood,Flood,,Instituto Nacional de Defensa Civil (INDECI),,"Anco, Province of Churcampa, Huancavelica, Peru","-12.643635, -74.5724185",County/City/town/Village/Woreda (ADM3),Origin,,2025-12-01T16:44:55.704877Z,"Peru: 31 displacements, 15 October - 15 October. According to IDMC calculations based on data from INDECI, on 15 October 2025, a total of 31 people were displaced from Anco, Churcampa, Huancavelica by Flood which made uninhabitable or destroyed 9 houses. Instituto Nacional de Defensa Civil (INDECI) - 01 December 2025",,Flood
214317,Peru,PER,-9.9546102,-76.1800823,"[-9.9546102, -76.1800823]",Recommended figure,Disaster,total,3,2025-10-14,2025-10-14,2025-10-14,2025,37128,Peru: Storm - Huánuco (Amarilis) - 14/10/2025,,,2025-10-14,2025-10-14,Weather related,Meteorological,Storm,Storm,,Instituto Nacional de Defensa Civil (INDECI),,"Amarilis, Province of Huánuco, Huánuco, Peru","-9.9546102, -76.1800823",County/City/town/Village/Woreda (ADM3),Origin,,2025-12-01T16:44:55.960164Z,"Peru: 3 displacements (destroyed housing), 14 October - 14 October. According to IDMC calculations based on data from INDECI, on 14 October 2025, a total of 3 people were displaced from Amarilis, Huánuco, Huánuco by Storm which destroyed one house. Instituto Nacional de Defensa Civil (INDECI) - 01 December 2025",,Storm
214285,Peru,PER,-13.2028359,-74.2135037,"[-13.2028359, -74.2135037]",Recommended figure,Disaster,total,7,2025-10-14,2025-10-14,2025-10-14,2025,37099,Peru: Flood - Ayacucho (San Juan Bautista) - 14/10/2025,,,2025-10-14,2025-10-14,Weather related,Hydrological,Flood,Flood,,Instituto Nacional de Defensa Civil (INDECI),,"San Juan Bautista, Province of Huamanga, Ayacucho, Peru","-13.2028359, -74.2135037",County/City/town/Village/Woreda (ADM3),Origin,,2025-12-01T16:44:49.159971Z,"Peru: 7 displacements (partially destroyed housing), 14 October - 14 October. According to IDMC calculations based on data from INDECI, on 14 October 2025, a total of 6 people were displaced from San Juan Bautista, Huamanga, Ayacucho by Flood which made uninhabitable 2 houses. Instituto Nacional de Defensa Civil (INDECI) - 01 December 2025",,Flood
214304,Peru,PER,-12.6203873,-73.7885096,"[-12.6203873, -73.7885096]",Recommended figure,Disaster,total,14,2025-10-13,2025-10-13,2025-10-13,2025,37098,Peru: Flood - Cusco (Kimbiri) - 13/10/2025,,,2025-10-13,2025-10-13,Weather related,Hydrological,Flood,Flood,,Instituto Nacional de Defensa Civil (INDECI),,"Kimbiri, Province of La Convención, Cusco, Peru","-12.6203873, -73.7885096",County/City/town/Village/Woreda (ADM3),Origin,,2025-12-01T16:44:55.072015Z,"Peru: 14 displacements (partially destroyed housing), 13 October - 13 October. According to IDMC calculations based on data from INDECI, on 13 October 2025, a total of 13 people were displaced from Kimbiri, La Convención, Cusco by Flood which made uninhabitable 4 houses. Instituto Nacional de Defensa Civil (INDECI) - 01 December 2025",,Flood
214294,Peru,PER,-6.3591933,-79.0346121,"[-6.3591933, -79.0346121]",Recommended figure,Disaster,total,17,2025-10-13,2025-10-13,2025-10-13,2025,37067,Peru: Dry mass movement - Cajamarca (Querocoto) - 13/10/2025,,,2025-10-13,2025-10-13,Geophysical,Geophysical,Mass Movement,Dry mass movement,,Instituto Nacional de Defensa Civil (INDECI),,"Querocoto, Province of Chota, Cajamarca, Peru","-6.3591933, -79.0346121",County/City/town/Village/Woreda (ADM3),Origin,,2025-12-01T16:44:49.722625Z,"Peru: 17 displacements, 13 October - 13 October. According to IDMC calculations based on data from INDECI, on 13 October 2025, a total of 17 people were displaced from Querocoto, Chota, Cajamarca by Dry mass movement which made uninhabitable or destroyed 5 houses. Instituto Nacional de Defensa Civil (INDECI) - 01 December 2025",,Mass Movement
214360,Peru,PER,-6.6137307,-76.6949339,"[-6.6137307, -76.6949339]",Recommended figure,Disaster,total,14,2025-10-13,2025-10-13,2025-10-13,2025,37146,Peru: Storm - San Martín (San Jose de Sisa) - 13/10/2025,,,2025-10-13,2025-10-13,Weather related,Meteorological,Storm,Storm,,Instituto Nacional de Defensa Civil (INDECI),,"San José de Sisa, Province of El Dorado, San Martín, Peru","-6.6137307, -76.6949339",County/City/town/Village/Woreda (ADM3),Origin,,2025-12-01T16:56:01.606528Z,"Peru: 14 displacements (partially destroyed housing), 13 October - 13 October. According to IDMC calculations based on data from INDECI, on 13 October 2025, a total of 13 people were displaced from San Jose De Sisa, El Dorado, San Martín by Storm which made uninhabitable 4 houses. Instituto Nacional de Defensa Civil (INDECI) - 01 December 2025",,Storm
214280,Peru,PER,-13.96215,-73.60301,"[-13.96215, -73.60301]",Recommended figure,Disaster,total,7,2025-10-13,2025-10-13,2025-10-13,2025,37145,Peru: Storm - Apurímac (San Miguel de Chaccrampa) - 13/10/2025,,,2025-10-13,2025-10-13,Weather related,Meteorological,Storm,Storm,,Instituto Nacional de Defensa Civil (INDECI),,"San Miguel De Chaccrampa, Andahuaylas Province, Apurímac Department, Peru","-13.96215, -73.60301",County/City/town/Village/Woreda (ADM3),Origin,,2025-12-01T16:44:48.868314Z,"Peru: 7 displacements (partially destroyed housing), 13 October - 13 October. According to IDMC calculations based on data from INDECI, on 13 October 2025, a total of 6 people were displaced from San Miguel De Chaccrampa, Andahuaylas, Apurímac by Storm which made uninhabitable 2 houses. Instituto Nacional de Defensa Civil (INDECI) - 01 December 2025",,Storm
214339,Peru,PER,-6.16905,-79.70788,"[-6.16905, -79.70788]",Recommended figure,Disaster,total,3,2025-10-12,2025-10-12,2025-10-12,2025,37144,Peru: Storm - Lambayeque (Motupe) - 12/10/2025,,,2025-10-12,2025-10-12,Weather related,Meteorological,Storm,Storm,,Instituto Nacional de Defensa Civil (INDECI),,"Motupe, Lambayeque Province, Lambayeque, Peru","-6.16905, -79.70788",County/City/town/Village/Woreda (ADM3),Origin,,2025-12-01T16:55:55.355808Z,"Peru: 3 displacements (partially destroyed housing), 12 October - 12 October. According to IDMC calculations based on data from INDECI, on 12 October 2025, a total of 3 people were displaced from Motupe, Lambayeque, Lambayeque by Storm which made uninhabitable one house. Instituto Nacional de Defensa Civil (INDECI) - 01 December 2025",,Storm
214272,Peru,PER,-5.754216,-78.4421686,"[-5.754216, -78.4421686]",Recommended figure,Disaster,total,35,2025-10-12,2025-10-12,2025-10-12,2025,37164,Peru: Storm - Amazonas (Bagua Grande) - 12/10/2025,,,2025-10-12,2025-10-12,Weather related,Meteorological,Storm,Storm,,Instituto Nacional de Defensa Civil (INDECI),,"Bagua Grande, Province of Utcubamba, Amazonas, Peru","-5.754216, -78.4421686",County/City/town/Village/Woreda (ADM3),Origin,,2025-12-01T16:44:48.358252Z,"Peru: 35 displacements, 12 October - 12 October. According to IDMC calculations based on data from INDECI, on 12 October 2025, a total of 34 people were displaced from Bagua Grande, Utcubamba, Amazonas by Storm which made uninhabitable or destroyed 10 houses. Instituto Nacional de Defensa Civil (INDECI) - 01 December 2025",,Storm
214297,Peru,PER,-5.6655198,-78.6790967,"[-5.6655198, -78.6790967]",Recommended figure,Disaster,total,10,2025-10-12,2025-10-12,2025-10-12,2025,37094,Peru: Flood - Cajamarca (Bellavista) - 12/10/2025,,,2025-10-12,2025-10-12,Weather related,Hydrological,Flood,Flood,,Instituto Nacional de Defensa Civil (INDECI),,"Bellavista, Province of Jaén, Cajamarca, Peru","-5.6655198, -78.6790967",County/City/town/Village/Woreda (ADM3),Origin,,2025-12-01T16:44:54.570917Z,"Peru: 10 displacements (partially destroyed housing), 12 October - 12 October. According to IDMC calculations based on data from INDECI, on 12 October 2025, a total of 10 people were displaced from Bellavista, Jaén, Cajamarca by Flood which made uninhabitable 3 houses. Instituto Nacional de Defensa Civil (INDECI) - 01 December 2025",,Flood
214328,Peru,PER,-9.8731104,-76.0257002,"[-9.8731104, -76.0257002]",Recommended figure,Disaster,total,3,2025-10-12,2025-10-12,2025-10-12,2025,37096,Peru: Flood - Huánuco (Umari) - 12/10/2025,,,2025-10-12,2025-10-12,Weather related,Hydrological,Flood,Flood,,Instituto Nacional de Defensa Civil (INDECI),,"Umari, Province of Pachitea, Huánuco, Peru","-9.8731104, -76.0257002",County/City/town/Village/Woreda (ADM3),Origin,,2025-12-01T16:55:54.635954Z,"Peru: 3 displacements (partially destroyed housing), 12 October - 12 October. According to IDMC calculations based on data from INDECI, on 12 October 2025, a total of 3 people were displaced from Umari, Pachitea, Huánuco by Flood which made uninhabitable one house. Instituto Nacional de Defensa Civil (INDECI) - 01 December 2025",,Flood
214327,Peru,PER,-9.8449412,-75.9030616,"[-9.8449412, -75.9030616]",Recommended figure,Disaster,total,28,2025-10-12,2025-10-12,2025-10-12,2025,37095,Peru: Flood - Huánuco (Chaglla) - 12/10/2025,,,2025-10-12,2025-10-12,Weather related,Hydrological,Flood,Flood,,Instituto Nacional de Defensa Civil (INDECI),,"Chaglla, Province of Pachitea, Huánuco, Peru","-9.8449412, -75.9030616",County/City/town/Village/Woreda (ADM3),Origin,,2025-12-01T16:55:54.576373Z,"Peru: 28 displacements (partially destroyed housing), 12 October - 12 October. According to IDMC calculations based on data from INDECI, on 12 October 2025, a total of 27 people were displaced from Chaglla, Pachitea, Huánuco by Flood which made uninhabitable 8 houses. Instituto Nacional de Defensa Civil (INDECI) - 01 December 2025",,Flood
214355,Peru,PER,-15.3644309,-70.3666168,"[-15.3644309, -70.3666168]",Recommended figure,Disaster,total,3,2025-10-12,2025-10-12,2025-10-12,2025,37071,Peru: Wildfire - Puno (Lampa) - 12/10/2025,,,2025-10-12,2025-10-12,Weather related,Climatological,Wildfire,Wildfire,,Instituto Nacional de Defensa Civil (INDECI),,"Lampa, Province of Lampa, Puno, Peru","-15.3644309, -70.3666168",County/City/town/Village/Woreda (ADM3),Origin,,2025-12-01T16:56:01.264143Z,"Peru: 3 displacements (partially destroyed housing), 12 October - 12 October. According to IDMC calculations based on data from INDECI, on 12 October 2025, a total of 3 people were displaced from Lampa, Lampa, Puno by Wildfire which made uninhabitable one house. Instituto Nacional de Defensa Civil (INDECI) - 01 December 2025",,Wildfire
214347,Peru,PER,-10.2956757,-74.9369004,"[-10.2956757, -74.9369004]",Recommended figure,Disaster,total,17,2025-10-12,2025-10-12,2025-10-12,2025,37117,Peru: Flood - Pasco (Puerto Bermudez) - 12/10/2025,,,2025-10-12,2025-10-12,Weather related,Hydrological,Flood,Flood,,Instituto Nacional de Defensa Civil (INDECI),,"Puerto Bermúdez, Province of Oxapampa, Pasco, Peru","-10.2956757, -74.9369004",County/City/town/Village/Woreda (ADM3),Origin,,2025-12-01T16:55:55.935037Z,"Peru: 17 displacements, 12 October - 12 October. According to IDMC calculations based on data from INDECI, on 12 October 2025, a total of 17 people were displaced from Puerto Bermudez, Oxapampa, Pasco by Flood which made uninhabitable or destroyed 5 houses. Instituto Nacional de Defensa Civil (INDECI) - 01 December 2025",,Flood
214282,Peru,PER,-13.5443,-73.66927,"[-13.5443, -73.66927]",Recommended figure,Disaster,total,3,2025-10-12,2025-10-12,2025-10-12,2025,37143,Peru: Storm - Apurímac (Anco_huallo) - 12/10/2025,,,2025-10-12,2025-10-12,Weather related,Meteorological,Storm,Storm,,Instituto Nacional de Defensa Civil (INDECI),,"Anco_Huallo, Chincheros, Apurímac Department, Peru","-13.5443, -73.66927",County/City/town/Village/Woreda (ADM3),Origin,,2025-12-01T16:44:48.984760Z,"Peru: 3 displacements (partially destroyed housing), 12 October - 12 October. According to IDMC calculations based on data from INDECI, on 12 October 2025, a total of 3 people were displaced from Anco_huallo, Chincheros, Apurímac by Storm which made uninhabitable one house. Instituto Nacional de Defensa Civil (INDECI) - 01 December 2025",,Storm
214366,Peru,PER,-8.1877,-76.52046,"[-8.1877, -76.52046]",Recommended figure,Disaster,total,73,2025-10-12,2025-10-12,2025-10-12,2025,37097,Peru: Flood - San Martín (Tocache) - 12/10/2025,,,2025-10-12,2025-10-12,Weather related,Hydrological,Flood,Flood,,Instituto Nacional de Defensa Civil (INDECI),,"Tocache, Tocache, San Martín Department, Peru","-8.1877, -76.52046",County/City/town/Village/Woreda (ADM3),Origin,,2025-12-01T16:56:02.068738Z,"Peru: 73 displacements (partially destroyed housing), 12 October - 12 October. According to IDMC calculations based on data from INDECI, on 12 October 2025, a total of 72 people were displaced from Tocache, Tocache, San Martín by Flood which made uninhabitable 21 houses. Instituto Nacional de Defensa Civil (INDECI) - 01 December 2025",,Flood
214375,Peru,PER,-10.6463182,-73.2911381,"[-10.6463182, -73.2911381]",Recommended figure,Disaster,total,3,2025-10-12,2025-10-12,2025-10-12,2025,37126,Peru: Storm - Ucayali (Raymondi) - 12/10/2025,,,2025-10-12,2025-10-12,Weather related,Meteorological,Storm,Storm,,Instituto Nacional de Defensa Civil (INDECI),,"Raymondi, Province of Atalaya, Ucayali, 25201, Peru","-10.6463182, -73.2911381",County/City/town/Village/Woreda (ADM3),Origin,,2025-12-01T16:56:02.775286Z,"Peru: 3 displacements (destroyed housing), 12 October - 12 October. According to IDMC calculations based on data from INDECI, on 12 October 2025, a total of 3 people were displaced from Raymondi, Atalaya, Ucayali by Storm which destroyed one house. Instituto Nacional de Defensa Civil (INDECI) - 01 December 2025",,Storm
214312,Peru,PER,-12.643635,-74.5724185,"[-12.643635, -74.5724185]",Recommended figure,Disaster,total,59,2025-10-11,2025-10-11,2025-10-11,2025,37116,Peru: Flood - Huancavelica (Anco) - 11/10/2025,,,2025-10-11,2025-10-11,Weather related,Hydrological,Flood,Flood,,Instituto Nacional de Defensa Civil (INDECI),,"Anco, Province of Churcampa, Huancavelica, Peru","-12.643635, -74.5724185",County/City/town/Village/Woreda (ADM3),Origin,,2025-12-01T16:44:55.635586Z,"Peru: 59 displacements, 11 October - 11 October. According to IDMC calculations based on data from INDECI, on 11 October 2025, a total of 58 people were displaced from Anco, Churcampa, Huancavelica by Flood which made uninhabitable or destroyed 17 houses. Instituto Nacional de Defensa Civil (INDECI) - 01 December 2025",,Flood
214288,Peru,PER,-12.86025,-73.72074,"[-12.86025, -73.72074]",Recommended figure,Disaster,total,3,2025-10-10,2025-10-10,2025-10-10,2025,37081,Peru: Flood - Ayacucho (Samugari) - 10/10/2025,,,2025-10-10,2025-10-10,Weather related,Hydrological,Flood,Flood,,Instituto Nacional de Defensa Civil (INDECI),,"Samugari, La Mar Province, Ayacucho, Peru","-12.86025, -73.72074",County/City/town/Village/Woreda (ADM3),Origin,,2025-12-01T16:44:49.340084Z,"Peru: 3 displacements (destroyed housing), 10 October - 10 October. According to IDMC calculations based on data from INDECI, on 10 October 2025, a total of 3 people were displaced from Samugari, La Mar, Ayacucho by Flood which destroyed one house. Instituto Nacional de Defensa Civil (INDECI) - 01 December 2025",,Flood
214338,Peru,PER,-11.716655,-75.8196008,"[-11.716655, -75.8196008]",Recommended figure,Disaster,total,3,2025-10-10,2025-10-10,2025-10-10,2025,37082,Peru: Flood - Junín (Chacapalpa) - 10/10/2025,,,2025-10-10,2025-10-10,Weather related,Hydrological,Flood,Flood,,Instituto Nacional de Defensa Civil (INDECI),,"Chacapalpa, Province of Yauli, Junín, Peru","-11.716655, -75.8196008",County/City/town/Village/Woreda (ADM3),Origin,,2025-12-01T16:55:55.295770Z,"Peru: 3 displacements (destroyed housing), 10 October - 10 October. According to IDMC calculations based on data from INDECI, on 10 October 2025, a total of 3 people were displaced from Chacapalpa, Yauli, Junín by Flood which destroyed one house. Instituto Nacional de Defensa Civil (INDECI) - 01 December 2025",,Flood
214344,Peru,PER,-10.2268546,-75.2824361,"[-10.2268546, -75.2824361]",Recommended figure,Disaster,total,10,2025-10-09,2025-10-09,2025-10-09,2025,37142,Peru: Storm - Pasco (Palcazu) - 09/10/2025,,,2025-10-09,2025-10-09,Weather related,Meteorological,Storm,Storm,,Instituto Nacional de Defensa Civil (INDECI),,"Palcazu, Province of Oxapampa, Pasco, Peru","-10.2268546, -75.2824361",County/City/town/Village/Woreda (ADM3),Origin,,2025-12-01T16:55:55.737692Z,"Peru: 10 displacements (partially destroyed housing), 09 October - 09 October. According to IDMC calculations based on data from INDECI, on 09 October 2025, a total of 10 people were displaced from Palcazu, Oxapampa, Pasco by Storm which made uninhabitable 3 houses. Instituto Nacional de Defensa Civil (INDECI) - 01 December 2025",,Storm
214299,Peru,PER,-7.0698752,-78.9291686,"[-7.0698752, -78.9291686]",Recommended figure,Disaster,total,3,2025-10-09,2025-10-09,2025-10-09,2025,37093,Peru: Flood - Cajamarca (San Miguel) - 09/10/2025,,,2025-10-09,2025-10-09,Weather related,Hydrological,Flood,Flood,,Instituto Nacional de Defensa Civil (INDECI),,"San Miguel, Province of San Miguel, Cajamarca, Peru","-7.0698752, -78.9291686",County/City/town/Village/Woreda (ADM3),Origin,,2025-12-01T16:44:54.701874Z,"Peru: 3 displacements (partially destroyed housing), 09 October - 09 October. According to IDMC calculations based on data from INDECI, on 09 October 2025, a total of 3 people were displaced from San Miguel, San Miguel, Cajamarca by Flood which made uninhabitable one house. Instituto Nacional de Defensa Civil (INDECI) - 01 December 2025",,Flood
214289,Peru,PER,-13.6112354,-74.532601,"[-13.6112354, -74.532601]",Recommended figure,Disaster,total,42,2025-10-09,2025-10-09,2025-10-09,2025,37092,Peru: Flood - Ayacucho (Vilcanchos) - 09/10/2025,,,2025-10-09,2025-10-09,Weather related,Hydrological,Flood,Flood,,Instituto Nacional de Defensa Civil (INDECI),,"Vilcanchos, Province of Víctor Fajardo, Ayacucho, Peru","-13.6112354, -74.532601",County/City/town/Village/Woreda (ADM3),Origin,,2025-12-01T16:44:49.400190Z,"Peru: 42 displacements (partially destroyed housing), 09 October - 09 October. According to IDMC calculations based on data from INDECI, on 09 October 2025, a total of 41 people were displaced from Vilcanchos, Víctor Fajardo, Ayacucho by Flood which made uninhabitable 12 houses. Instituto Nacional de Defensa Civil (INDECI) - 01 December 2025",,Flood
214278,Peru,PER,-8.8581048,-77.4357709,"[-8.8581048, -77.4357709]",Recommended figure,Disaster,total,3,2025-10-09,2025-10-09,2025-10-09,2025,37065,Peru: Dry mass movement - Ancash (Huayllan) - 09/10/2025,,,2025-10-09,2025-10-09,Geophysical,Geophysical,Mass Movement,Dry mass movement,,Instituto Nacional de Defensa Civil (INDECI),,"Huayllán, Province of Pomabamba, Ancash, Peru","-8.8581048, -77.4357709",County/City/town/Village/Woreda (ADM3),Origin,,2025-12-01T16:44:48.747428Z,"Peru: 3 displacements (partially destroyed housing), 09 October - 09 October. According to IDMC calculations based on data from INDECI, on 09 October 2025, a total of 3 people were displaced from Huayllan, Pomabamba, Ancash by Dry mass movement which made uninhabitable one house. Instituto Nacional de Defensa Civil (INDECI) - 01 December 2025",,Mass Movement
214284,Peru,PER,-14.0777198,-72.6249943,"[-14.0777198, -72.6249943]",Recommended figure,Disaster,total,3,2025-10-08,2025-10-08,2025-10-08,2025,37070,Peru: Wildfire - Apurímac (Vilcabamba) - 08/10/2025,,,2025-10-08,2025-10-08,Weather related,Climatological,Wildfire,Wildfire,,Instituto Nacional de Defensa Civil (INDECI),,"Vilcabamba, Province of Grau, Apurímac, Peru","-14.0777198, -72.6249943",County/City/town/Village/Woreda (ADM3),Origin,,2025-12-01T16:44:49.100516Z,"Peru: 3 displacements (partially destroyed housing), 08 October - 08 October. According to IDMC calculations based on data from INDECI, on 08 October 2025, a total of 3 people were displaced from Vilcabamba, Grau, Apurímac by Wildfire which made uninhabitable one house. Instituto Nacional de Defensa Civil (INDECI) - 01 December 2025",,Wildfire
214372,Peru,PER,-8.4790181,-74.54632819999999,"[-8.4790181, -74.54632819999999]",Recommended figure,Disaster,total,7,2025-10-08,2025-10-08,2025-10-08,2025,37091,Peru: Flood - Ucayali (Manantay) - 08/10/2025,,,2025-10-08,2025-10-08,Weather related,Hydrological,Flood,Flood,,Instituto Nacional de Defensa Civil (INDECI),,"Manantay, Coronel Portillo, Ucayali, Peru","-8.4790181, -74.54632819999999",County/City/town/Village/Woreda (ADM3),Origin,,2025-12-01T16:56:02.547420Z,"Peru: 7 displacements (partially destroyed housing), 08 October - 08 October. According to IDMC calculations based on data from INDECI, on 08 October 2025, a total of 6 people were displaced from Manantay, Coronel Portillo, Ucayali by Flood which made uninhabitable 2 houses. Instituto Nacional de Defensa Civil (INDECI) - 01 December 2025",,Flood
214346,Peru,PER,-10.2956757,-74.9369004,"[-10.2956757, -74.9369004]",Recommended figure,Disaster,total,3,2025-10-08,2025-10-08,2025-10-08,2025,37080,Peru: Flood - Pasco (Puerto Bermudez) - 08/10/2025,,,2025-10-08,2025-10-08,Weather related,Hydrological,Flood,Flood,,Instituto Nacional de Defensa Civil (INDECI),,"Puerto Bermúdez, Province of Oxapampa, Pasco, Peru","-10.2956757, -74.9369004",County/City/town/Village/Woreda (ADM3),Origin,,2025-12-01T16:55:55.867683Z,"Peru: 3 displacements (destroyed housing), 08 October - 08 October. According to IDMC calculations based on data from INDECI, on 08 October 2025, a total of 3 people were displaced from Puerto Bermudez, Oxapampa, Pasco by Flood which destroyed one house. Instituto Nacional de Defensa Civil (INDECI) - 01 December 2025",,Flood
214354,Peru,PER,-5.1842922,-79.9717204,"[-5.1842922, -79.9717204]",Recommended figure,Disaster,total,3,2025-10-08,2025-10-08,2025-10-08,2025,37141,Peru: Storm - Piura (Morropon) - 08/10/2025,,,2025-10-08,2025-10-08,Weather related,Meteorological,Storm,Storm,,Instituto Nacional de Defensa Civil (INDECI),,"Morropón District, Province of Morropón, Piura, Peru","-5.1842922, -79.9717204",County/City/town/Village/Woreda (ADM3),Origin,,2025-12-01T16:56:01.195897Z,"Peru: 3 displacements (partially destroyed housing), 08 October - 08 October. According to IDMC calculations based on data from INDECI, on 08 October 2025, a total of 3 people were displaced from Morropon, Morropón, Piura by Storm which made uninhabitable one house. Instituto Nacional de Defensa Civil (INDECI) - 01 December 2025",,Storm
214352,Peru,PER,-9.7723755,-74.6466239,"[-9.7723755, -74.6466239]",Recommended figure,Disaster,total,10,2025-10-08,2025-10-08,2025-10-08,2025,37125,Peru: Storm - Pasco (Constitucion) - 08/10/2025,,,2025-10-08,2025-10-08,Weather related,Meteorological,Storm,Storm,,Instituto Nacional de Defensa Civil (INDECI),,"Constitución, Province of Oxapampa, Pasco, Peru","-9.7723755, -74.6466239",County/City/town/Village/Woreda (ADM3),Origin,,2025-12-01T16:56:01.049295Z,"Peru: 10 displacements (destroyed housing), 08 October - 08 October. According to IDMC calculations based on data from INDECI, on 08 October 2025, a total of 10 people were displaced from Constitucion, Oxapampa, Pasco by Storm which destroyed 3 houses. Instituto Nacional de Defensa Civil (INDECI) - 01 December 2025",,Storm
214335,Peru,PER,-11.7553934,-74.3850308,"[-11.7553934, -74.3850308]",Recommended figure,Disaster,total,7,2025-10-08,2025-10-08,2025-10-08,2025,37140,Peru: Storm - Junín (Pangoa) - 08/10/2025,,,2025-10-08,2025-10-08,Weather related,Meteorological,Storm,Storm,,Instituto Nacional de Defensa Civil (INDECI),,"Pangoa, Province of Satipo, Junín, Peru","-11.7553934, -74.3850308",County/City/town/Village/Woreda (ADM3),Origin,,2025-12-01T16:55:55.109452Z,"Peru: 7 displacements (partially destroyed housing), 08 October - 08 October. According to IDMC calculations based on data from INDECI, on 08 October 2025, a total of 6 people were displaced from Pangoa, Satipo, Junín by Storm which made uninhabitable 2 houses. Instituto Nacional de Defensa Civil (INDECI) - 01 December 2025",,Storm
214329,Peru,PER,-10.2906895,-76.6301615,"[-10.2906895, -76.6301615]",Recommended figure,Disaster,total,3,2025-10-08,2025-10-08,2025-10-08,2025,37139,Peru: Storm - Huánuco (San Miguel de Cauri) - 08/10/2025,,,2025-10-08,2025-10-08,Weather related,Meteorological,Storm,Storm,,Instituto Nacional de Defensa Civil (INDECI),,"San Miguel de Cauri, Province of Lauricocha, Huánuco, Peru","-10.2906895, -76.6301615",County/City/town/Village/Woreda (ADM3),Origin,,2025-12-01T16:55:54.696812Z,"Peru: 3 displacements (partially destroyed housing), 08 October - 08 October. According to IDMC calculations based on data from INDECI, on 08 October 2025, a total of 3 people were displaced from San Miguel De Cauri, Lauricocha, Huánuco by Storm which made uninhabitable one house. Instituto Nacional de Defensa Civil (INDECI) - 01 December 2025",,Storm
214336,Peru,PER,-11.5601313,-73.7843043,"[-11.5601313, -73.7843043]",Recommended figure,Disaster,total,3,2025-10-08,2025-10-08,2025-10-08,2025,37124,Peru: Storm - Junín (Rio Tambo) - 08/10/2025,,,2025-10-08,2025-10-08,Weather related,Meteorological,Storm,Storm,,Instituto Nacional de Defensa Civil (INDECI),,"Río Tambo, Province of Satipo, Junín, Peru","-11.5601313, -73.7843043",County/City/town/Village/Woreda (ADM3),Origin,,2025-12-01T16:55:55.175625Z,"Peru: 3 displacements (destroyed housing), 08 October - 08 October. According to IDMC calculations based on data from INDECI, on 08 October 2025, a total of 3 people were displaced from Rio Tambo, Satipo, Junín by Storm which destroyed one house. Instituto Nacional de Defensa Civil (INDECI) - 01 December 2025",,Storm
214300,Peru,PER,-13.4722091,-72.14827749999999,"[-13.4722091, -72.14827749999999]",Recommended figure,Disaster,total,3,2025-10-08,2025-10-08,2025-10-08,2025,37062,Peru: Mixed disasters - Cusco (Anta) - 08/10/2025,,,2025-10-08,2025-10-08,Mixed disasters,Mixed disasters,Mixed disasters,Mixed disasters,,Instituto Nacional de Defensa Civil (INDECI),,"Anta, Anta Province, Cusco, Peru","-13.4722091, -72.14827749999999",County/City/town/Village/Woreda (ADM3),Origin,,2025-12-01T16:44:54.773818Z,"Peru: 3 displacements (partially destroyed housing), 08 October - 08 October. According to IDMC calculations based on data from INDECI, on 08 October 2025, a total of 3 people were displaced from Anta, Anta, Cusco by Mixed disasters which made uninhabitable one house. Instituto Nacional de Defensa Civil (INDECI) - 01 December 2025",,Mixed disasters
214292,Peru,PER,-6.8654175,-78.1454655,"[-6.8654175, -78.1454655]",Recommended figure,Disaster,total,3,2025-10-08,2025-10-08,2025-10-08,2025,37137,Peru: Storm - Cajamarca (Celendin) - 08/10/2025,,,2025-10-08,2025-10-08,Weather related,Meteorological,Storm,Storm,,Instituto Nacional de Defensa Civil (INDECI),,"Celendín, Province of Celendín, Cajamarca, Peru","-6.8654175, -78.1454655",County/City/town/Village/Woreda (ADM3),Origin,,2025-12-01T16:44:49.575689Z,"Peru: 3 displacements (partially destroyed housing), 08 October - 08 October. According to IDMC calculations based on data from INDECI, on 08 October 2025, a total of 3 people were displaced from Celendin, Celendín, Cajamarca by Storm which made uninhabitable one house. Instituto Nacional de Defensa Civil (INDECI) - 01 December 2025",,Storm
214296,Peru,PER,-5.6655198,-78.6790967,"[-5.6655198, -78.6790967]",Recommended figure,Disaster,total,28,2025-10-08,2025-10-08,2025-10-08,2025,37138,Peru: Storm - Cajamarca (Bellavista) - 08/10/2025,,,2025-10-08,2025-10-08,Weather related,Meteorological,Storm,Storm,,Instituto Nacional de Defensa Civil (INDECI),,"Bellavista, Province of Jaén, Cajamarca, Peru","-5.6655198, -78.6790967",County/City/town/Village/Woreda (ADM3),Origin,,2025-12-01T16:44:54.496060Z,"Peru: 28 displacements (partially destroyed housing), 08 October - 08 October. According to IDMC calculations based on data from INDECI, on 08 October 2025, a total of 27 people were displaced from Bellavista, Jaén, Cajamarca by Storm which made uninhabitable 8 houses. Instituto Nacional de Defensa Civil (INDECI) - 01 December 2025",,Storm
214368,Peru,PER,-7.8964619,-74.1845474,"[-7.8964619, -74.1845474]",Recommended figure,Disaster,total,31,2025-10-08,2025-10-08,2025-10-08,2025,37115,Peru: Flood - Ucayali (Calleria) - 08/10/2025,,,2025-10-08,2025-10-08,Weather related,Hydrological,Flood,Flood,,Instituto Nacional de Defensa Civil (INDECI),,"Callería, Province of Coronel Portillo, Ucayali, Peru","-7.8964619, -74.1845474",County/City/town/Village/Woreda (ADM3),Origin,,2025-12-01T16:56:02.226543Z,"Peru: 31 displacements, 08 October - 08 October. According to IDMC calculations based on data from INDECI, on 08 October 2025, a total of 31 people were displaced from Calleria, Coronel Portillo, Ucayali by Flood which made uninhabitable or destroyed 9 houses. Instituto Nacional de Defensa Civil (INDECI) - 01 December 2025",,Flood
214293,Peru,PER,-6.5132567,-78.3289876,"[-6.5132567, -78.3289876]",Recommended figure,Disaster,total,69,2025-10-08,2025-10-08,2025-10-08,2025,37114,Peru: Flood - Cajamarca (Cortegana) - 08/10/2025,,,2025-10-08,2025-10-08,Weather related,Hydrological,Flood,Flood,,Instituto Nacional de Defensa Civil (INDECI),,"Cortegana, Province of Celendín, Cajamarca, Peru","-6.5132567, -78.3289876",County/City/town/Village/Woreda (ADM3),Origin,,2025-12-01T16:44:49.656009Z,"Peru: 69 displacements, 08 October - 08 October. According to IDMC calculations based on data from INDECI, on 08 October 2025, a total of 69 people were displaced from Cortegana, Celendín, Cajamarca by Flood which made uninhabitable or destroyed 20 houses. Instituto Nacional de Defensa Civil (INDECI) - 01 December 2025",,Flood
214365,Peru,PER,-8.1877,-76.52046,"[-8.1877, -76.52046]",Recommended figure,Disaster,total,114,2025-10-07,2025-10-07,2025-10-07,2025,37136,Peru: Storm - San Martín (Tocache) - 07/10/2025,,,2025-10-07,2025-10-07,Weather related,Meteorological,Storm,Storm,,Instituto Nacional de Defensa Civil (INDECI),,"Tocache, Tocache, San Martín Department, Peru","-8.1877, -76.52046",County/City/town/Village/Woreda (ADM3),Origin,,2025-12-01T16:56:01.992207Z,"Peru: 114 displacements (partially destroyed housing), 07 October - 07 October. According to IDMC calculations based on data from INDECI, on 07 October 2025, a total of 114 people were displaced from Tocache, Tocache, San Martín by Storm which made uninhabitable 33 houses. Instituto Nacional de Defensa Civil (INDECI) - 01 December 2025",,Storm
214306,Peru,PER,-11.7170773,-72.9098103,"[-11.7170773, -72.9098103]",Recommended figure,Disaster,total,28,2025-10-07,2025-10-07,2025-10-07,2025,37163,Peru: Storm - Cusco (Megantoni) - 07/10/2025,,,2025-10-07,2025-10-07,Weather related,Meteorological,Storm,Storm,,Instituto Nacional de Defensa Civil (INDECI),,"Megantoni, Province of La Convención, Cusco, Peru","-11.7170773, -72.9098103",County/City/town/Village/Woreda (ADM3),Origin,,2025-12-01T16:44:55.198180Z,"Peru: 28 displacements, 07 October - 07 October. According to IDMC calculations based on data from INDECI, on 07 October 2025, a total of 27 people were displaced from Megantoni, La Convención, Cusco by Storm which made uninhabitable or destroyed 8 houses. Instituto Nacional de Defensa Civil (INDECI) - 01 December 2025",,Storm
214305,Peru,PER,-13.1301673,-72.594278,"[-13.1301673, -72.594278]",Recommended figure,Disaster,total,3,2025-10-07,2025-10-07,2025-10-07,2025,37064,Peru: Dry mass movement - Cusco (Santa Teresa) - 07/10/2025,,,2025-10-07,2025-10-07,Geophysical,Geophysical,Mass Movement,Dry mass movement,,Instituto Nacional de Defensa Civil (INDECI),,"Santa Teresa, Province of La Convención, Cusco, Peru","-13.1301673, -72.594278",County/City/town/Village/Woreda (ADM3),Origin,,2025-12-01T16:44:55.139239Z,"Peru: 3 displacements (partially destroyed housing), 07 October - 07 October. According to IDMC calculations based on data from INDECI, on 07 October 2025, a total of 3 people were displaced from Santa Teresa, La Convención, Cusco by Dry mass movement which made uninhabitable one house. Instituto Nacional de Defensa Civil (INDECI) - 01 December 2025",,Mass Movement
214334,Peru,PER,-11.3288086,-74.5306852,"[-11.3288086, -74.5306852]",Recommended figure,Disaster,total,7,2025-10-07,2025-10-07,2025-10-07,2025,37123,Peru: Storm - Junín (Mazamari) - 07/10/2025,,,2025-10-07,2025-10-07,Weather related,Meteorological,Storm,Storm,,Instituto Nacional de Defensa Civil (INDECI),,"Mazamari, Province of Satipo, Junín, Peru","-11.3288086, -74.5306852",County/City/town/Village/Woreda (ADM3),Origin,,2025-12-01T16:55:55.040252Z,"Peru: 7 displacements (destroyed housing), 07 October - 07 October. According to IDMC calculations based on data from INDECI, on 07 October 2025, a total of 6 people were displaced from Mazamari, Satipo, Junín by Storm which destroyed 2 houses. Instituto Nacional de Defensa Civil (INDECI) - 01 December 2025",,Storm
214286,Peru,PER,-13.2419722,-74.3542792,"[-13.2419722, -74.3542792]",Recommended figure,Disaster,total,3,2025-10-07,2025-10-07,2025-10-07,2025,37079,Peru: Flood - Ayacucho (Vinchos) - 07/10/2025,,,2025-10-07,2025-10-07,Weather related,Hydrological,Flood,Flood,,Instituto Nacional de Defensa Civil (INDECI),,"Vinchos, Province of Huamanga, Ayacucho, Peru","-13.2419722, -74.3542792",County/City/town/Village/Woreda (ADM3),Origin,,2025-12-01T16:44:49.219510Z,"Peru: 3 displacements (destroyed housing), 07 October - 07 October. According to IDMC calculations based on data from INDECI, on 07 October 2025, a total of 3 people were displaced from Vinchos, Huamanga, Ayacucho by Flood which destroyed one house. Instituto Nacional de Defensa Civil (INDECI) - 01 December 2025",,Flood
214371,Peru,PER,-8.4790181,-74.54632819999999,"[-8.4790181, -74.54632819999999]",Recommended figure,Disaster,total,7,2025-10-07,2025-10-07,2025-10-07,2025,37090,Peru: Flood - Ucayali (Manantay) - 07/10/2025,,,2025-10-07,2025-10-07,Weather related,Hydrological,Flood,Flood,,Instituto Nacional de Defensa Civil (INDECI),,"Manantay, Coronel Portillo, Ucayali, Peru","-8.4790181, -74.54632819999999",County/City/town/Village/Woreda (ADM3),Origin,,2025-12-01T16:56:02.471532Z,"Peru: 7 displacements (partially destroyed housing), 07 October - 07 October. According to IDMC calculations based on data from INDECI, on 07 October 2025, a total of 6 people were displaced from Manantay, Coronel Portillo, Ucayali by Flood which made uninhabitable 2 houses. Instituto Nacional de Defensa Civil (INDECI) - 01 December 2025",,Flood
214315,Peru,PER,-12.4109277,-74.6809318,"[-12.4109277, -74.6809318]",Recommended figure,Disaster,total,97,2025-10-07,2025-10-07,2025-10-07,2025,37089,Peru: Flood - Huancavelica (Colcabamba) - 07/10/2025,,,2025-10-07,2025-10-07,Weather related,Hydrological,Flood,Flood,,Instituto Nacional de Defensa Civil (INDECI),,"Colcabamba, Province of Tayacaja, Huancavelica, Peru","-12.4109277, -74.6809318",County/City/town/Village/Woreda (ADM3),Origin,,2025-12-01T16:44:55.839961Z,"Peru: 97 displacements (partially destroyed housing), 07 October - 07 October. According to IDMC calculations based on data from INDECI, on 07 October 2025, a total of 96 people were displaced from Colcabamba, Tayacaja, Huancavelica by Flood which made uninhabitable 28 houses. Instituto Nacional de Defensa Civil (INDECI) - 01 December 2025",,Flood
214374,Peru,PER,-10.6463182,-73.2911381,"[-10.6463182, -73.2911381]",Recommended figure,Disaster,total,3,2025-10-06,2025-10-06,2025-10-06,2025,37135,Peru: Storm - Ucayali (Raymondi) - 06/10/2025,,,2025-10-06,2025-10-06,Weather related,Meteorological,Storm,Storm,,Instituto Nacional de Defensa Civil (INDECI),,"Raymondi, Province of Atalaya, Ucayali, 25201, Peru","-10.6463182, -73.2911381",County/City/town/Village/Woreda (ADM3),Origin,,2025-12-01T16:56:02.703332Z,"Peru: 3 displacements (partially destroyed housing), 06 October - 06 October. According to IDMC calculations based on data from INDECI, on 06 October 2025, a total of 3 people were displaced from Raymondi, Atalaya, Ucayali by Storm which made uninhabitable one house. Instituto Nacional de Defensa Civil (INDECI) - 01 December 2025",,Storm
214359,Peru,PER,-6.6137307,-76.6949339,"[-6.6137307, -76.6949339]",Recommended figure,Disaster,total,35,2025-10-06,2025-10-06,2025-10-06,2025,37162,Peru: Storm - San Martín (San Jose de Sisa) - 06/10/2025,,,2025-10-06,2025-10-06,Weather related,Meteorological,Storm,Storm,,Instituto Nacional de Defensa Civil (INDECI),,"San José de Sisa, Province of El Dorado, San Martín, Peru","-6.6137307, -76.6949339",County/City/town/Village/Woreda (ADM3),Origin,,2025-12-01T16:56:01.531145Z,"Peru: 35 displacements, 06 October - 06 October. According to IDMC calculations based on data from INDECI, on 06 October 2025, a total of 34 people were displaced from San Jose De Sisa, El Dorado, San Martín by Storm which made uninhabitable or destroyed 10 houses. Instituto Nacional de Defensa Civil (INDECI) - 01 December 2025",,Storm
214345,Peru,PER,-10.2956757,-74.9369004,"[-10.2956757, -74.9369004]",Recommended figure,Disaster,total,7,2025-10-06,2025-10-06,2025-10-06,2025,37161,Peru: Storm - Pasco (Puerto Bermudez) - 06/10/2025,,,2025-10-06,2025-10-06,Weather related,Meteorological,Storm,Storm,,Instituto Nacional de Defensa Civil (INDECI),,"Puerto Bermúdez, Province of Oxapampa, Pasco, Peru","-10.2956757, -74.9369004",County/City/town/Village/Woreda (ADM3),Origin,,2025-12-01T16:55:55.801363Z,"Peru: 7 displacements, 06 October - 06 October. According to IDMC calculations based on data from INDECI, on 06 October 2025, a total of 6 people were displaced from Puerto Bermudez, Oxapampa, Pasco by Storm which made uninhabitable or destroyed 2 houses. Instituto Nacional de Defensa Civil (INDECI) - 01 December 2025",,Storm
214337,Peru,PER,-11.716655,-75.8196008,"[-11.716655, -75.8196008]",Recommended figure,Disaster,total,7,2025-10-06,2025-10-06,2025-10-06,2025,37078,Peru: Flood - Junín (Chacapalpa) - 06/10/2025,,,2025-10-06,2025-10-06,Weather related,Hydrological,Flood,Flood,,Instituto Nacional de Defensa Civil (INDECI),,"Chacapalpa, Province of Yauli, Junín, Peru","-11.716655, -75.8196008",County/City/town/Village/Woreda (ADM3),Origin,,2025-12-01T16:55:55.235768Z,"Peru: 7 displacements (destroyed housing), 06 October - 06 October. According to IDMC calculations based on data from INDECI, on 06 October 2025, a total of 6 people were displaced from Chacapalpa, Yauli, Junín by Flood which destroyed 2 houses. Instituto Nacional de Defensa Civil (INDECI) - 01 December 2025",,Flood
214309,Peru,PER,-12.4011858,-75.0838268,"[-12.4011858, -75.0838268]",Recommended figure,Disaster,total,10,2025-10-06,2025-10-06,2025-10-06,2025,37077,Peru: Flood - Huancavelica (Pilchaca) - 06/10/2025,,,2025-10-06,2025-10-06,Weather related,Hydrological,Flood,Flood,,Instituto Nacional de Defensa Civil (INDECI),,"Pilchaca, Province of Huancavelica, Huancavelica, Peru","-12.4011858, -75.0838268",County/City/town/Village/Woreda (ADM3),Origin,,2025-12-01T16:44:55.397548Z,"Peru: 10 displacements (destroyed housing), 06 October - 06 October. According to IDMC calculations based on data from INDECI, on 06 October 2025, a total of 10 people were displaced from Pilchaca, Huancavelica, Huancavelica by Flood which destroyed 3 houses. Instituto Nacional de Defensa Civil (INDECI) - 01 December 2025",,Flood
214291,Peru,PER,-7.0849697,-78.3428527,"[-7.0849697, -78.3428527]",Recommended figure,Disaster,total,3,2025-10-06,2025-10-06,2025-10-06,2025,37133,Peru: Storm - Cajamarca (Encañada) - 06/10/2025,,,2025-10-06,2025-10-06,Weather related,Meteorological,Storm,Storm,,Instituto Nacional de Defensa Civil (INDECI),,"Encañada, Province of Cajamarca, Cajamarca, Peru","-7.0849697, -78.3428527",County/City/town/Village/Woreda (ADM3),Origin,,2025-12-01T16:44:49.518191Z,"Peru: 3 displacements (partially destroyed housing), 06 October - 06 October. According to IDMC calculations based on data from INDECI, on 06 October 2025, a total of 3 people were displaced from Encañada, Cajamarca, Cajamarca by Storm which made uninhabitable one house. Instituto Nacional de Defensa Civil (INDECI) - 01 December 2025",,Storm
214273,Peru,PER,-5.6376206,-78.55816,"[-5.6376206, -78.55816]",Recommended figure,Disaster,total,7,2025-10-06,2025-10-06,2025-10-06,2025,37122,Peru: Storm - Amazonas (El Milagro) - 06/10/2025,,,2025-10-06,2025-10-06,Weather related,Meteorological,Storm,Storm,,Instituto Nacional de Defensa Civil (INDECI),,"El Milagro, Province of Utcubamba, Amazonas, Peru","-5.6376206, -78.55816",County/City/town/Village/Woreda (ADM3),Origin,,2025-12-01T16:44:48.429930Z,"Peru: 7 displacements (destroyed housing), 06 October - 06 October. According to IDMC calculations based on data from INDECI, on 06 October 2025, a total of 6 people were displaced from El Milagro, Utcubamba, Amazonas by Storm which destroyed 2 houses. Instituto Nacional de Defensa Civil (INDECI) - 01 December 2025",,Storm
214271,Peru,PER,-4.9924016,-78.3829771,"[-4.9924016, -78.3829771]",Recommended figure,Disaster,total,7,2025-10-06,2025-10-06,2025-10-06,2025,37076,Peru: Flood - Amazonas (Imaza) - 06/10/2025,,,2025-10-06,2025-10-06,Weather related,Hydrological,Flood,Flood,,Instituto Nacional de Defensa Civil (INDECI),,"Imaza, Province of Bagua, Amazonas, Peru","-4.9924016, -78.3829771",County/City/town/Village/Woreda (ADM3),Origin,,2025-12-01T16:44:48.297515Z,"Peru: 7 displacements (destroyed housing), 06 October - 06 October. According to IDMC calculations based on data from INDECI, on 06 October 2025, a total of 6 people were displaced from Imaza, Bagua, Amazonas by Flood which destroyed 2 houses. Instituto Nacional de Defensa Civil (INDECI) - 01 December 2025",,Flood
214270,Peru,PER,-5.6251674,-78.4756715,"[-5.6251674, -78.4756715]",Recommended figure,Disaster,total,17,2025-10-06,2025-10-06,2025-10-06,2025,37160,Peru: Storm - Amazonas (El Parco) - 06/10/2025,,,2025-10-06,2025-10-06,Weather related,Meteorological,Storm,Storm,,Instituto Nacional de Defensa Civil (INDECI),,"El Parco, Province of Bagua, Amazonas, Peru","-5.6251674, -78.4756715",County/City/town/Village/Woreda (ADM3),Origin,,2025-12-01T16:44:48.230408Z,"Peru: 17 displacements, 06 October - 06 October. According to IDMC calculations based on data from INDECI, on 06 October 2025, a total of 17 people were displaced from El Parco, Bagua, Amazonas by Storm which made uninhabitable or destroyed 5 houses. Instituto Nacional de Defensa Civil (INDECI) - 01 December 2025",,Storm
214332,Peru,PER,-11.6578955,-74.9817936,"[-11.6578955, -74.9817936]",Recommended figure,Disaster,total,3,2025-10-05,2025-10-05,2025-10-05,2025,37075,Peru: Flood - Junín (Comas) - 05/10/2025,,,2025-10-05,2025-10-05,Weather related,Hydrological,Flood,Flood,,Instituto Nacional de Defensa Civil (INDECI),,"Comas, Province of Concepción, Junín, Peru","-11.6578955, -74.9817936",County/City/town/Village/Woreda (ADM3),Origin,,2025-12-01T16:55:54.892677Z,"Peru: 3 displacements (destroyed housing), 05 October - 05 October. According to IDMC calculations based on data from INDECI, on 05 October 2025, a total of 3 people were displaced from Comas, Concepción, Junín by Flood which destroyed one house. Instituto Nacional de Defensa Civil (INDECI) - 01 December 2025",,Flood
214333,Peru,PER,-11.002808,-74.815139,"[-11.002808, -74.815139]",Recommended figure,Disaster,total,3,2025-10-05,2025-10-05,2025-10-05,2025,37121,Peru: Storm - Junín (Pichanaqui) - 05/10/2025,,,2025-10-05,2025-10-05,Weather related,Meteorological,Storm,Storm,,Instituto Nacional de Defensa Civil (INDECI),,"Pichanaqui, Province of Chanchamayo, Junín, Peru","-11.002808, -74.815139",County/City/town/Village/Woreda (ADM3),Origin,,2025-12-01T16:55:54.956319Z,"Peru: 3 displacements (destroyed housing), 05 October - 05 October. According to IDMC calculations based on data from INDECI, on 05 October 2025, a total of 3 people were displaced from Pichanaqui, Chanchamayo, Junín by Storm which destroyed one house. Instituto Nacional de Defensa Civil (INDECI) - 01 December 2025",,Storm
214361,Peru,PER,-6.7463029,-76.6233355,"[-6.7463029, -76.6233355]",Recommended figure,Disaster,total,7,2025-10-04,2025-10-04,2025-10-04,2025,37132,Peru: Storm - San Martín (Santa Rosa) - 04/10/2025,,,2025-10-04,2025-10-04,Weather related,Meteorological,Storm,Storm,,Instituto Nacional de Defensa Civil (INDECI),,"Santa Rosa, Province of El Dorado, San Martín, Peru","-6.7463029, -76.6233355",County/City/town/Village/Woreda (ADM3),Origin,,2025-12-01T16:56:01.686038Z,"Peru: 7 displacements (partially destroyed housing), 04 October - 04 October. According to IDMC calculations based on data from INDECI, on 04 October 2025, a total of 6 people were displaced from Santa Rosa, El Dorado, San Martín by Storm which made uninhabitable 2 houses. Instituto Nacional de Defensa Civil (INDECI) - 01 December 2025",,Storm
214351,Peru,PER,-9.7723755,-74.6466239,"[-9.7723755, -74.6466239]",Recommended figure,Disaster,total,17,2025-10-03,2025-10-03,2025-10-03,2025,37159,Peru: Storm - Pasco (Constitucion) - 03/10/2025,,,2025-10-03,2025-10-03,Weather related,Meteorological,Storm,Storm,,Instituto Nacional de Defensa Civil (INDECI),,"Constitución, Province of Oxapampa, Pasco, Peru","-9.7723755, -74.6466239",County/City/town/Village/Woreda (ADM3),Origin,,2025-12-01T16:56:00.970718Z,"Peru: 17 displacements, 03 October - 03 October. According to IDMC calculations based on data from INDECI, on 03 October 2025, a total of 17 people were displaced from Constitucion, Oxapampa, Pasco by Storm which made uninhabitable or destroyed 5 houses. Instituto Nacional de Defensa Civil (INDECI) - 01 December 2025",,Storm
214308,Peru,PER,-12.5612405,-75.0368788,"[-12.5612405, -75.0368788]",Recommended figure,Disaster,total,14,2025-10-03,2025-10-03,2025-10-03,2025,37074,Peru: Flood - Huancavelica (Laria) - 03/10/2025,,,2025-10-03,2025-10-03,Weather related,Hydrological,Flood,Flood,,Instituto Nacional de Defensa Civil (INDECI),,"Laria, Province of Huancavelica, Huancavelica, Peru","-12.5612405, -75.0368788",County/City/town/Village/Woreda (ADM3),Origin,,2025-12-01T16:44:55.330496Z,"Peru: 14 displacements (destroyed housing), 03 October - 03 October. According to IDMC calculations based on data from INDECI, on 03 October 2025, a total of 13 people were displaced from Laria, Huancavelica, Huancavelica by Flood which destroyed 4 houses. Instituto Nacional de Defensa Civil (INDECI) - 01 December 2025",,Flood
214342,Peru,PER,-10.4420288,-76.1894722,"[-10.4420288, -76.1894722]",Recommended figure,Disaster,total,3,2025-10-02,2025-10-02,2025-10-02,2025,37073,Peru: Flood - Pasco (Huariaca) - 02/10/2025,,,2025-10-02,2025-10-02,Weather related,Hydrological,Flood,Flood,,Instituto Nacional de Defensa Civil (INDECI),,"Huariaca, Province of Pasco, Pasco, Peru","-10.4420288, -76.1894722",County/City/town/Village/Woreda (ADM3),Origin,,2025-12-01T16:55:55.567807Z,"Peru: 3 displacements (destroyed housing), 02 October - 02 October. According to IDMC calculations based on data from INDECI, on 02 October 2025, a total of 3 people were displaced from Huariaca, Pasco, Pasco by Flood which destroyed one house. Instituto Nacional de Defensa Civil (INDECI) - 01 December 2025",,Flood
214350,Peru,PER,-9.7723755,-74.6466239,"[-9.7723755, -74.6466239]",Recommended figure,Disaster,total,7,2025-10-02,2025-10-02,2025-10-02,2025,37158,Peru: Storm - Pasco (Constitucion) - 02/10/2025,,,2025-10-02,2025-10-02,Weather related,Meteorological,Storm,Storm,,Instituto Nacional de Defensa Civil (INDECI),,"Constitución, Province of Oxapampa, Pasco, Peru","-9.7723755, -74.6466239",County/City/town/Village/Woreda (ADM3),Origin,,2025-12-01T16:55:56.129613Z,"Peru: 7 displacements, 02 October - 02 October. According to IDMC calculations based on data from INDECI, on 02 October 2025, a total of 6 people were displaced from Constitucion, Oxapampa, Pasco by Storm which made uninhabitable or destroyed 2 houses. Instituto Nacional de Defensa Civil (INDECI) - 01 December 2025",,Storm
214378,Peru,PER,-8.4339919,-75.1532203,"[-8.4339919, -75.1532203]",Recommended figure,Disaster,total,3,2025-10-01,2025-10-01,2025-10-01,2025,37088,Peru: Flood - Ucayali (Curimana) - 01/10/2025,,,2025-10-01,2025-10-01,Weather related,Hydrological,Flood,Flood,,Instituto Nacional de Defensa Civil (INDECI),,"Curimaná, Province of Padre Abad, Ucayali, Peru","-8.4339919, -75.1532203",County/City/town/Village/Woreda (ADM3),Origin,,2025-12-01T16:57:11.614240Z,"Peru: 3 displacements (partially destroyed housing), 01 October - 01 October. According to IDMC calculations based on data from INDECI, on 01 October 2025, a total of 3 people were displaced from Curimana, Padre Abad, Ucayali by Flood which made uninhabitable one house. Instituto Nacional de Defensa Civil (INDECI) - 01 December 2025",,Flood
214353,Peru,PER,-4.9150244,-80.3561593,"[-4.9150244, -80.3561593]",Recommended figure,Disaster,total,3,2025-10-01,2025-10-01,2025-10-01,2025,37120,Peru: Storm - Piura (Tambo Grande) - 01/10/2025,,,2025-10-01,2025-10-01,Weather related,Meteorological,Storm,Storm,,Instituto Nacional de Defensa Civil (INDECI),,"Tambo Grande, Province of Piura, Piura, Peru","-4.9150244, -80.3561593",County/City/town/Village/Woreda (ADM3),Origin,,2025-12-01T16:56:01.128161Z,"Peru: 3 displacements (destroyed housing), 01 October - 01 October. According to IDMC calculations based on data from INDECI, on 01 October 2025, a total of 3 people were displaced from Tambo Grande, Piura, Piura by Storm which destroyed one house. Instituto Nacional de Defensa Civil (INDECI) - 01 December 2025",,Storm
214340,Peru,PER,-5.9950227,-79.7341347,"[-5.9950227, -79.7341347]",Recommended figure,Disaster,total,3,2025-10-01,2025-10-01,2025-10-01,2025,37069,Peru: Wildfire - Lambayeque (Olmos) - 01/10/2025,,,2025-10-01,2025-10-01,Weather related,Climatological,Wildfire,Wildfire,,Instituto Nacional de Defensa Civil (INDECI),,"Olmos, Province of Lambayeque, Lambayeque, Peru","-5.9950227, -79.7341347",County/City/town/Village/Woreda (ADM3),Origin,,2025-12-01T16:55:55.424517Z,"Peru: 3 displacements (destroyed housing), 01 October - 01 October. According to IDMC calculations based on data from INDECI, on 01 October 2025, a total of 3 people were displaced from Olmos, Lambayeque, Lambayeque by Wildfire which destroyed one house. Instituto Nacional de Defensa Civil (INDECI) - 01 December 2025",,Wildfire
214314,Peru,PER,-14.0558994,-74.9765288,"[-14.0558994, -74.9765288]",Recommended figure,Disaster,total,7,2025-10-01,2025-10-01,2025-10-01,2025,37119,Peru: Storm - Huancavelica (Santiago de Quirahuara) - 01/10/2025,,,2025-10-01,2025-10-01,Weather related,Meteorological,Storm,Storm,,Instituto Nacional de Defensa Civil (INDECI),,"Santiago de Quirahuara, Province of Huaytará, Huancavelica, Peru","-14.0558994, -74.9765288",County/City/town/Village/Woreda (ADM3),Origin,,2025-12-01T16:44:55.770997Z,"Peru: 7 displacements (destroyed housing), 01 October - 01 October. According to IDMC calculations based on data from INDECI, on 01 October 2025, a total of 6 people were displaced from Santiago De Quirahuara, Huaytará, Huancavelica by Storm which destroyed 2 houses. Instituto Nacional de Defensa Civil (INDECI) - 01 December 2025",,Storm
204376,Peru,PER,-12.963611,-72.6646521,"[-12.963611, -72.6646521]",Recommended figure,Disaster,total,3,2025-09-30,2025-09-30,2025-09-30,2025,36838,Peru: Storm - Cusco (Maranura) - 30/09/2025,,,2025-09-30,2025-09-30,Weather related,Meteorological,Storm,Storm,,Instituto Nacional de Defensa Civil (INDECI),,"Maranura, Province of La Convención, Cusco, Peru","-12.963611, -72.6646521",County/City/town/Village/Woreda (ADM3),Origin,,2025-11-06T10:05:29.496715Z,"Peru: 3 displacements (partially destroyed housing), 30 September - 30 September. According to IDMC calculations based on data from INDECI, on 30 September 2025, a total of 3 people were displaced from Maranura, La Convención, Cusco by Storm which made uninhabitable one house. Instituto Nacional de Defensa Civil (INDECI) - 23 October 2025",,Storm
204371,Peru,PER,-14.5267446,-71.2943347,"[-14.5267446, -71.2943347]",Recommended figure,Disaster,total,28,2025-09-28,2025-09-28,2025-09-28,2025,36761,Peru: Wildfire - Cusco (Kunturkanki) - 28/09/2025,,,2025-09-28,2025-09-28,Weather related,Climatological,Wildfire,Wildfire,,Instituto Nacional de Defensa Civil (INDECI),,"Kunturkanki, Province of Canas, Cusco, Peru","-14.5267446, -71.2943347",County/City/town/Village/Woreda (ADM3),Origin,,2025-11-06T10:05:26.070088Z,"Peru: 28 displacements (partially destroyed housing), 28 September - 28 September. According to IDMC calculations based on data from INDECI, on 28 September 2025, a total of 27 people were displaced from Kunturkanki, Canas, Cusco by Wildfire which made uninhabitable 8 houses. Instituto Nacional de Defensa Civil (INDECI) - 23 October 2025",,Wildfire
204439,Peru,PER,-6.03441,-76.97423,"[-6.03441, -76.97423]",Recommended figure,Disaster,total,14,2025-09-28,2025-09-28,2025-09-28,2025,36837,Peru: Storm - San Martín (Moyobamba) - 28/09/2025,,,2025-09-28,2025-09-28,Weather related,Meteorological,Storm,Storm,,Instituto Nacional de Defensa Civil (INDECI),,"Moyobamba, Moyobamba Province, San Martín Department, Peru","-6.03441, -76.97423",County/City/town/Village/Woreda (ADM3),Origin,,2025-11-06T10:15:58.657690Z,"Peru: 14 displacements (partially destroyed housing), 28 September - 28 September. According to IDMC calculations based on data from INDECI, on 28 September 2025, a total of 13 people were displaced from Moyobamba, Moyobamba, San Martín by Storm which made uninhabitable 4 houses. Instituto Nacional de Defensa Civil (INDECI) - 23 October 2025",,Storm
204443,Peru,PER,-6.7249951,-76.6954671,"[-6.7249951, -76.6954671]",Recommended figure,Disaster,total,21,2025-09-28,2025-09-28,2025-09-28,2025,36842,Peru: Storm - San Martín (Agua Blanca) - 28/09/2025,,,2025-09-28,2025-09-28,Weather related,Meteorological,Storm,Storm,,Instituto Nacional de Defensa Civil (INDECI),,"Agua Blanca, Province of El Dorado, San Martín, Peru","-6.7249951, -76.6954671",County/City/town/Village/Woreda (ADM3),Origin,,2025-11-06T10:15:58.855837Z,"Peru: 21 displacements, 28 September - 28 September. According to IDMC calculations based on data from INDECI, on 28 September 2025, a total of 20 people were displaced from Agua Blanca, El Dorado, San Martín by Storm which made uninhabitable or destroyed 6 houses. Instituto Nacional de Defensa Civil (INDECI) - 23 October 2025",,Storm
204409,Peru,PER,-4.0779873,-73.5219454,"[-4.0779873, -73.5219454]",Recommended figure,Disaster,total,7,2025-09-27,2025-09-27,2025-09-27,2025,36836,Peru: Storm - Loreto (San Juan Bautista) - 27/09/2025,,,2025-09-27,2025-09-27,Weather related,Meteorological,Storm,Storm,,Instituto Nacional de Defensa Civil (INDECI),,"San Juan Bautista, Province of Maynas, Loreto, Peru","-4.0779873, -73.5219454",County/City/town/Village/Woreda (ADM3),Origin,,2025-11-06T10:15:53.989977Z,"Peru: 7 displacements (partially destroyed housing), 27 September - 27 September. According to IDMC calculations based on data from INDECI, on 27 September 2025, a total of 6 people were displaced from San Juan Bautista, Maynas, Loreto by Storm which made uninhabitable 2 houses. Instituto Nacional de Defensa Civil (INDECI) - 23 October 2025",,Storm
204459,Peru,PER,-8.4790181,-74.54632819999999,"[-8.4790181, -74.54632819999999]",Recommended figure,Disaster,total,3,2025-09-26,2025-09-26,2025-09-26,2025,36799,Peru: Storm - Ucayali (Manantay) - 26/09/2025,,,2025-09-26,2025-09-26,Weather related,Meteorological,Storm,Storm,,Instituto Nacional de Defensa Civil (INDECI),,"Manantay, Coronel Portillo, Ucayali, Peru","-8.4790181, -74.54632819999999",County/City/town/Village/Woreda (ADM3),Origin,,2025-11-06T10:17:57.069764Z,"Peru: 3 displacements (destroyed housing), 26 September - 26 September. According to IDMC calculations based on data from INDECI, on 26 September 2025, a total of 3 people were displaced from Manantay, Coronel Portillo, Ucayali by Storm which destroyed one house. Instituto Nacional de Defensa Civil (INDECI) - 23 October 2025",,Storm
204464,Peru,PER,-8.8284441,-75.0505816,"[-8.8284441, -75.0505816]",Recommended figure,Disaster,total,3,2025-09-25,2025-09-25,2025-09-25,2025,36835,Peru: Storm - Ucayali (Alexander Von Humboldt) - 25/09/2025,,,2025-09-25,2025-09-25,Weather related,Meteorological,Storm,Storm,,Instituto Nacional de Defensa Civil (INDECI),,"Alexander von Humboldt, Province of Padre Abad, Ucayali, Peru","-8.8284441, -75.0505816",County/City/town/Village/Woreda (ADM3),Origin,,2025-11-06T10:17:57.557153Z,"Peru: 3 displacements (partially destroyed housing), 25 September - 25 September. According to IDMC calculations based on data from INDECI, on 25 September 2025, a total of 3 people were displaced from Alexander Von Humboldt, Padre Abad, Ucayali by Storm which made uninhabitable one house. Instituto Nacional de Defensa Civil (INDECI) - 23 October 2025",,Storm
204457,Peru,PER,-8.7161844,-74.3136574,"[-8.7161844, -74.3136574]",Recommended figure,Disaster,total,3,2025-09-24,2025-09-24,2025-09-24,2025,36798,Peru: Storm - Ucayali (Masisea) - 24/09/2025,,,2025-09-24,2025-09-24,Weather related,Meteorological,Storm,Storm,,Instituto Nacional de Defensa Civil (INDECI),,"Masisea, Province of Coronel Portillo, Ucayali, Peru","-8.7161844, -74.3136574",County/City/town/Village/Woreda (ADM3),Origin,,2025-11-06T10:15:59.608856Z,"Peru: 3 displacements (destroyed housing), 24 September - 24 September. According to IDMC calculations based on data from INDECI, on 24 September 2025, a total of 3 people were displaced from Masisea, Coronel Portillo, Ucayali by Storm which destroyed one house. Instituto Nacional de Defensa Civil (INDECI) - 23 October 2025",,Storm
204463,Peru,PER,-9.953112,-73.8384946,"[-9.953112, -73.8384946]",Recommended figure,Disaster,total,3,2025-09-24,2025-09-24,2025-09-24,2025,36797,Peru: Storm - Ucayali (Tahuania) - 24/09/2025,,,2025-09-24,2025-09-24,Weather related,Meteorological,Storm,Storm,,Instituto Nacional de Defensa Civil (INDECI),,"Tahuanía, Province of Atalaya, Ucayali, Peru","-9.953112, -73.8384946",County/City/town/Village/Woreda (ADM3),Origin,,2025-11-06T10:17:57.438035Z,"Peru: 3 displacements (destroyed housing), 24 September - 24 September. According to IDMC calculations based on data from INDECI, on 24 September 2025, a total of 3 people were displaced from Tahuania, Atalaya, Ucayali by Storm which destroyed one house. Instituto Nacional de Defensa Civil (INDECI) - 23 October 2025",,Storm
204412,Peru,PER,-3.3206285,-71.8617562,"[-3.3206285, -71.8617562]",Recommended figure,Disaster,total,3,2025-09-24,2025-09-24,2025-09-24,2025,36834,Peru: Storm - Loreto (Pebas) - 24/09/2025,,,2025-09-24,2025-09-24,Weather related,Meteorological,Storm,Storm,,Instituto Nacional de Defensa Civil (INDECI),,"Pebas, Province of Mariscal Ramón Castilla, Loreto, Peru","-3.3206285, -71.8617562",County/City/town/Village/Woreda (ADM3),Origin,,2025-11-06T10:15:54.157507Z,"Peru: 3 displacements (partially destroyed housing), 24 September - 24 September. According to IDMC calculations based on data from INDECI, on 24 September 2025, a total of 3 people were displaced from Pebas, Mariscal Ramón Castilla, Loreto by Storm which made uninhabitable one house. Instituto Nacional de Defensa Civil (INDECI) - 23 October 2025",,Storm
204396,Peru,PER,-8.307586,-77.4230687,"[-8.307586, -77.4230687]",Recommended figure,Disaster,total,14,2025-09-24,2025-09-24,2025-09-24,2025,36764,Peru: Flood - La Libertad (Taurija) - 24/09/2025,,,2025-09-24,2025-09-24,Weather related,Hydrological,Flood,Flood,,Instituto Nacional de Defensa Civil (INDECI),,"Taurija, Province of Pataz, La Libertad, Peru","-8.307586, -77.4230687",County/City/town/Village/Woreda (ADM3),Origin,,2025-11-06T10:05:30.870072Z,"Peru: 14 displacements (destroyed housing), 24 September - 24 September. According to IDMC calculations based on data from INDECI, on 24 September 2025, a total of 13 people were displaced from Taurija, Pataz, La Libertad by Flood which destroyed 4 houses. Instituto Nacional de Defensa Civil (INDECI) - 23 October 2025",,Flood
204447,Peru,PER,-6.3793836,-76.6043562,"[-6.3793836, -76.6043562]",Recommended figure,Disaster,total,3,2025-09-23,2025-09-23,2025-09-23,2025,36832,Peru: Storm - San Martín (Pinto Recodo) - 23/09/2025,,,2025-09-23,2025-09-23,Weather related,Meteorological,Storm,Storm,,Instituto Nacional de Defensa Civil (INDECI),,"Pinto Recodo, Province of Lamas, San Martín, Peru","-6.3793836, -76.6043562",County/City/town/Village/Woreda (ADM3),Origin,,2025-11-06T10:15:59.066031Z,"Peru: 3 displacements (partially destroyed housing), 23 September - 23 September. According to IDMC calculations based on data from INDECI, on 23 September 2025, a total of 3 people were displaced from Pinto Recodo, Lamas, San Martín by Storm which made uninhabitable one house. Instituto Nacional de Defensa Civil (INDECI) - 23 October 2025",,Storm
204450,Peru,PER,-7.2967364,-76.7731047,"[-7.2967364, -76.7731047]",Recommended figure,Disaster,total,17,2025-09-23,2025-09-23,2025-09-23,2025,36833,Peru: Storm - San Martín (Pachiza) - 23/09/2025,,,2025-09-23,2025-09-23,Weather related,Meteorological,Storm,Storm,,Instituto Nacional de Defensa Civil (INDECI),,"Pachiza, Province of Mariscal Cáceres, San Martín, Peru","-7.2967364, -76.7731047",County/City/town/Village/Woreda (ADM3),Origin,,2025-11-06T10:15:59.224808Z,"Peru: 17 displacements (partially destroyed housing), 23 September - 23 September. According to IDMC calculations based on data from INDECI, on 23 September 2025, a total of 17 people were displaced from Pachiza, Mariscal Cáceres, San Martín by Storm which made uninhabitable 5 houses. Instituto Nacional de Defensa Civil (INDECI) - 23 October 2025",,Storm
204462,Peru,PER,-10.6463182,-73.2911381,"[-10.6463182, -73.2911381]",Recommended figure,Disaster,total,3,2025-09-23,2025-09-23,2025-09-23,2025,36796,Peru: Storm - Ucayali (Raymondi) - 23/09/2025,,,2025-09-23,2025-09-23,Weather related,Meteorological,Storm,Storm,,Instituto Nacional de Defensa Civil (INDECI),,"Raymondi, Province of Atalaya, Ucayali, 25201, Peru","-10.6463182, -73.2911381",County/City/town/Village/Woreda (ADM3),Origin,,2025-11-06T10:17:57.334369Z,"Peru: 3 displacements (destroyed housing), 23 September - 23 September. According to IDMC calculations based on data from INDECI, on 23 September 2025, a total of 3 people were displaced from Raymondi, Atalaya, Ucayali by Storm which destroyed one house. Instituto Nacional de Defensa Civil (INDECI) - 23 October 2025",,Storm
204395,Peru,PER,-11.5601313,-73.7843043,"[-11.5601313, -73.7843043]",Recommended figure,Disaster,total,10,2025-09-23,2025-09-23,2025-09-23,2025,36795,Peru: Storm - Junín (Rio Tambo) - 23/09/2025,,,2025-09-23,2025-09-23,Weather related,Meteorological,Storm,Storm,,Instituto Nacional de Defensa Civil (INDECI),,"Río Tambo, Province of Satipo, Junín, Peru","-11.5601313, -73.7843043",County/City/town/Village/Woreda (ADM3),Origin,,2025-11-06T10:05:30.799507Z,"Peru: 10 displacements (destroyed housing), 23 September - 23 September. According to IDMC calculations based on data from INDECI, on 23 September 2025, a total of 10 people were displaced from Rio Tambo, Satipo, Junín by Storm which destroyed 3 houses. Instituto Nacional de Defensa Civil (INDECI) - 23 October 2025",,Storm
204390,Peru,PER,-9.8449412,-75.9030616,"[-9.8449412, -75.9030616]",Recommended figure,Disaster,total,10,2025-09-23,2025-09-23,2025-09-23,2025,36771,Peru: Flood - Huánuco (Chaglla) - 23/09/2025,,,2025-09-23,2025-09-23,Weather related,Hydrological,Flood,Flood,,Instituto Nacional de Defensa Civil (INDECI),,"Chaglla, Province of Pachitea, Huánuco, Peru","-9.8449412, -75.9030616",County/City/town/Village/Woreda (ADM3),Origin,,2025-11-06T10:05:30.483275Z,"Peru: 10 displacements (partially destroyed housing), 23 September - 23 September. According to IDMC calculations based on data from INDECI, on 23 September 2025, a total of 10 people were displaced from Chaglla, Pachitea, Huánuco by Flood which made uninhabitable 3 houses. Instituto Nacional de Defensa Civil (INDECI) - 23 October 2025",,Flood
204377,Peru,PER,-12.6203873,-73.7885096,"[-12.6203873, -73.7885096]",Recommended figure,Disaster,total,17,2025-09-23,2025-09-23,2025-09-23,2025,36770,Peru: Flood - Cusco (Kimbiri) - 23/09/2025,,,2025-09-23,2025-09-23,Weather related,Hydrological,Flood,Flood,,Instituto Nacional de Defensa Civil (INDECI),,"Kimbiri, Province of La Convención, Cusco, Peru","-12.6203873, -73.7885096",County/City/town/Village/Woreda (ADM3),Origin,,2025-11-06T10:05:29.573154Z,"Peru: 17 displacements (partially destroyed housing), 23 September - 23 September. According to IDMC calculations based on data from INDECI, on 23 September 2025, a total of 17 people were displaced from Kimbiri, La Convención, Cusco by Flood which made uninhabitable 5 houses. Instituto Nacional de Defensa Civil (INDECI) - 23 October 2025",,Flood
204375,Peru,PER,-14.3125299,-71.6895185,"[-14.3125299, -71.6895185]",Recommended figure,Disaster,total,14,2025-09-23,2025-09-23,2025-09-23,2025,36760,Peru: Wildfire - Cusco (Livitaca) - 23/09/2025,,,2025-09-23,2025-09-23,Weather related,Climatological,Wildfire,Wildfire,,Instituto Nacional de Defensa Civil (INDECI),,"Livitaca, Province of Chumbivilcas, Cusco, Peru","-14.3125299, -71.6895185",County/City/town/Village/Woreda (ADM3),Origin,,2025-11-06T10:05:26.274978Z,"Peru: 14 displacements (partially destroyed housing), 23 September - 23 September. According to IDMC calculations based on data from INDECI, on 23 September 2025, a total of 13 people were displaced from Livitaca, Chumbivilcas, Cusco by Wildfire which made uninhabitable 4 houses. Instituto Nacional de Defensa Civil (INDECI) - 23 October 2025",,Wildfire
204370,Peru,PER,-14.5267446,-71.2943347,"[-14.5267446, -71.2943347]",Recommended figure,Disaster,total,48,2025-09-23,2025-09-23,2025-09-23,2025,36759,Peru: Wildfire - Cusco (Kunturkanki) - 23/09/2025,,,2025-09-23,2025-09-23,Weather related,Climatological,Wildfire,Wildfire,,Instituto Nacional de Defensa Civil (INDECI),,"Kunturkanki, Province of Canas, Cusco, Peru","-14.5267446, -71.2943347",County/City/town/Village/Woreda (ADM3),Origin,,2025-11-06T10:05:26.013784Z,"Peru: 48 displacements (partially destroyed housing), 23 September - 23 September. According to IDMC calculations based on data from INDECI, on 23 September 2025, a total of 48 people were displaced from Kunturkanki, Canas, Cusco by Wildfire which made uninhabitable 14 houses. Instituto Nacional de Defensa Civil (INDECI) - 23 October 2025",,Wildfire
204357,Peru,PER,-5.8942887,-78.2383681,"[-5.8942887, -78.2383681]",Recommended figure,Disaster,total,7,2025-09-23,2025-09-23,2025-09-23,2025,36831,Peru: Storm - Amazonas (Jamalca) - 23/09/2025,,,2025-09-23,2025-09-23,Weather related,Meteorological,Storm,Storm,,Instituto Nacional de Defensa Civil (INDECI),,"Jamalca, Province of Utcubamba, Amazonas, Peru","-5.8942887, -78.2383681",County/City/town/Village/Woreda (ADM3),Origin,,2025-11-06T10:05:25.381542Z,"Peru: 7 displacements (partially destroyed housing), 23 September - 23 September. According to IDMC calculations based on data from INDECI, on 23 September 2025, a total of 6 people were displaced from Jamalca, Utcubamba, Amazonas by Storm which made uninhabitable 2 houses. Instituto Nacional de Defensa Civil (INDECI) - 23 October 2025",,Storm
204361,Peru,PER,-13.8374408,-72.4321251,"[-13.8374408, -72.4321251]",Recommended figure,Disaster,total,3,2025-09-22,2025-09-22,2025-09-22,2025,36769,Peru: Flood - Apurímac (Coyllurqui) - 22/09/2025,,,2025-09-22,2025-09-22,Weather related,Hydrological,Flood,Flood,,Instituto Nacional de Defensa Civil (INDECI),,"Coyllurqui, Province of Cotabambas, Apurímac, Peru","-13.8374408, -72.4321251",County/City/town/Village/Woreda (ADM3),Origin,,2025-11-06T10:05:25.575946Z,"Peru: 3 displacements (partially destroyed housing), 22 September - 22 September. According to IDMC calculations based on data from INDECI, on 22 September 2025, a total of 3 people were displaced from Coyllurqui, Cotabambas, Apurímac by Flood which made uninhabitable one house. Instituto Nacional de Defensa Civil (INDECI) - 23 October 2025",,Flood
204428,Peru,PER,-4.7897345,-79.8451114,"[-4.7897345, -79.8451114]",Recommended figure,Disaster,total,14,2025-09-22,2025-09-22,2025-09-22,2025,36829,Peru: Storm - Piura (Lagunas) - 22/09/2025,,,2025-09-22,2025-09-22,Weather related,Meteorological,Storm,Storm,,Instituto Nacional de Defensa Civil (INDECI),,"Lagunas, Province of Ayabaca, Piura, Peru","-4.7897345, -79.8451114",County/City/town/Village/Woreda (ADM3),Origin,,2025-11-06T10:15:54.988029Z,"Peru: 14 displacements (partially destroyed housing), 22 September - 22 September. According to IDMC calculations based on data from INDECI, on 22 September 2025, a total of 13 people were displaced from Lagunas, Ayabaca, Piura by Storm which made uninhabitable 4 houses. Instituto Nacional de Defensa Civil (INDECI) - 23 October 2025",,Storm
204356,Peru,PER,-5.754216,-78.4421686,"[-5.754216, -78.4421686]",Recommended figure,Disaster,total,14,2025-09-22,2025-09-22,2025-09-22,2025,36826,Peru: Storm - Amazonas (Bagua Grande) - 22/09/2025,,,2025-09-22,2025-09-22,Weather related,Meteorological,Storm,Storm,,Instituto Nacional de Defensa Civil (INDECI),,"Bagua Grande, Province of Utcubamba, Amazonas, Peru","-5.754216, -78.4421686",County/City/town/Village/Woreda (ADM3),Origin,,2025-11-06T10:05:25.332815Z,"Peru: 14 displacements (partially destroyed housing), 22 September - 22 September. According to IDMC calculations based on data from INDECI, on 22 September 2025, a total of 13 people were displaced from Bagua Grande, Utcubamba, Amazonas by Storm which made uninhabitable 4 houses. Instituto Nacional de Defensa Civil (INDECI) - 23 October 2025",,Storm
204381,Peru,PER,-12.6428929,-74.8616179,"[-12.6428929, -74.8616179]",Recommended figure,Disaster,total,3,2025-09-22,2025-09-22,2025-09-22,2025,36794,Peru: Storm - Huancavelica (Acoria) - 22/09/2025,,,2025-09-22,2025-09-22,Weather related,Meteorological,Storm,Storm,,Instituto Nacional de Defensa Civil (INDECI),,"Acoria, Province of Huancavelica, Huancavelica, Peru","-12.6428929, -74.8616179",County/City/town/Village/Woreda (ADM3),Origin,,2025-11-06T10:05:29.866505Z,"Peru: 3 displacements (destroyed housing), 22 September - 22 September. According to IDMC calculations based on data from INDECI, on 22 September 2025, a total of 3 people were displaced from Acoria, Huancavelica, Huancavelica by Storm which destroyed one house. Instituto Nacional de Defensa Civil (INDECI) - 23 October 2025",,Storm
204384,Peru,PER,-12.9560195,-74.4922582,"[-12.9560195, -74.4922582]",Recommended figure,Disaster,total,3,2025-09-22,2025-09-22,2025-09-22,2025,36827,Peru: Storm - Huancavelica (Congalla) - 22/09/2025,,,2025-09-22,2025-09-22,Weather related,Meteorological,Storm,Storm,,Instituto Nacional de Defensa Civil (INDECI),,"Congalla, Province of Angaraes, Huancavelica, Peru","-12.9560195, -74.4922582",County/City/town/Village/Woreda (ADM3),Origin,,2025-11-06T10:05:30.077289Z,"Peru: 3 displacements (partially destroyed housing), 22 September - 22 September. According to IDMC calculations based on data from INDECI, on 22 September 2025, a total of 3 people were displaced from Congalla, Angaraes, Huancavelica by Storm which made uninhabitable one house. Instituto Nacional de Defensa Civil (INDECI) - 23 October 2025",,Storm
204442,Peru,PER,-6.7249951,-76.6954671,"[-6.7249951, -76.6954671]",Recommended figure,Disaster,total,3,2025-09-22,2025-09-22,2025-09-22,2025,36830,Peru: Storm - San Martín (Agua Blanca) - 22/09/2025,,,2025-09-22,2025-09-22,Weather related,Meteorological,Storm,Storm,,Instituto Nacional de Defensa Civil (INDECI),,"Agua Blanca, Province of El Dorado, San Martín, Peru","-6.7249951, -76.6954671",County/City/town/Village/Woreda (ADM3),Origin,,2025-11-06T10:15:58.801923Z,"Peru: 3 displacements (partially destroyed housing), 22 September - 22 September. According to IDMC calculations based on data from INDECI, on 22 September 2025, a total of 3 people were displaced from Agua Blanca, El Dorado, San Martín by Storm which made uninhabitable one house. Instituto Nacional de Defensa Civil (INDECI) - 23 October 2025",,Storm
204420,Peru,PER,-10.4388098,-76.4960691,"[-10.4388098, -76.4960691]",Recommended figure,Disaster,total,3,2025-09-22,2025-09-22,2025-09-22,2025,36828,Peru: Storm - Pasco (San Pedro de Pillao) - 22/09/2025,,,2025-09-22,2025-09-22,Weather related,Meteorological,Storm,Storm,,Instituto Nacional de Defensa Civil (INDECI),,"San Pedro de Pillao, Daniel Alcides Carrión Province, Pasco, Peru","-10.4388098, -76.4960691",County/City/town/Village/Woreda (ADM3),Origin,,2025-11-06T10:15:54.583747Z,"Peru: 3 displacements (partially destroyed housing), 22 September - 22 September. According to IDMC calculations based on data from INDECI, on 22 September 2025, a total of 3 people were displaced from San Pedro De Pillao, Daniel Alcides Carrión, Pasco by Storm which made uninhabitable one house. Instituto Nacional de Defensa Civil (INDECI) - 23 October 2025",,Storm
204388,Peru,PER,-9.4997731,-76.8829418,"[-9.4997731, -76.8829418]",Recommended figure,Disaster,total,7,2025-09-21,2025-09-21,2025-09-21,2025,36758,Peru: Wildfire - Huánuco (Puños) - 21/09/2025,,,2025-09-21,2025-09-21,Weather related,Climatological,Wildfire,Wildfire,,Instituto Nacional de Defensa Civil (INDECI),,"Puños, Province of Huamalíes, Huánuco, Peru","-9.4997731, -76.8829418",County/City/town/Village/Woreda (ADM3),Origin,,2025-11-06T10:05:30.352623Z,"Peru: 7 displacements (partially destroyed housing), 21 September - 21 September. According to IDMC calculations based on data from INDECI, on 21 September 2025, a total of 6 people were displaced from Puños, Huamalíes, Huánuco by Wildfire which made uninhabitable 2 houses. Instituto Nacional de Defensa Civil (INDECI) - 23 October 2025",,Wildfire
204449,Peru,PER,-7.3195036,-76.77693239999999,"[-7.3195036, -76.77693239999999]",Recommended figure,Disaster,total,10,2025-09-21,2025-09-21,2025-09-21,2025,36793,Peru: Storm - San Martín (Huicungo) - 21/09/2025,,,2025-09-21,2025-09-21,Weather related,Meteorological,Storm,Storm,,Instituto Nacional de Defensa Civil (INDECI),,"Huicungo, Mariscal Cáceres Province, San Martin, Peru","-7.3195036, -76.77693239999999",County/City/town/Village/Woreda (ADM3),Origin,,2025-11-06T10:15:59.170078Z,"Peru: 10 displacements (destroyed housing), 21 September - 21 September. According to IDMC calculations based on data from INDECI, on 21 September 2025, a total of 10 people were displaced from Huicungo, Mariscal Cáceres, San Martín by Storm which destroyed 3 houses. Instituto Nacional de Defensa Civil (INDECI) - 23 October 2025",,Storm
204429,Peru,PER,-4.9955057,-79.6679997,"[-4.9955057, -79.6679997]",Recommended figure,Disaster,total,7,2025-09-20,2025-09-20,2025-09-20,2025,36825,Peru: Storm - Piura (Pacaipampa) - 20/09/2025,,,2025-09-20,2025-09-20,Weather related,Meteorological,Storm,Storm,,Instituto Nacional de Defensa Civil (INDECI),,"Pacaipampa, Province of Ayabaca, Piura, Peru","-4.9955057, -79.6679997",County/City/town/Village/Woreda (ADM3),Origin,,2025-11-06T10:15:55.048047Z,"Peru: 7 displacements (partially destroyed housing), 20 September - 20 September. According to IDMC calculations based on data from INDECI, on 20 September 2025, a total of 6 people were displaced from Pacaipampa, Ayabaca, Piura by Storm which made uninhabitable 2 houses. Instituto Nacional de Defensa Civil (INDECI) - 23 October 2025",,Storm
204373,Peru,PER,-14.3801173,-71.4553181,"[-14.3801173, -71.4553181]",Recommended figure,Disaster,total,35,2025-09-20,2025-09-20,2025-09-20,2025,36757,Peru: Wildfire - Cusco (Quehue) - 20/09/2025,,,2025-09-20,2025-09-20,Weather related,Climatological,Wildfire,Wildfire,,Instituto Nacional de Defensa Civil (INDECI),,"Quehue, Province of Canas, Cusco, Peru","-14.3801173, -71.4553181",County/City/town/Village/Woreda (ADM3),Origin,,2025-11-06T10:05:26.166985Z,"Peru: 35 displacements (partially destroyed housing), 20 September - 20 September. According to IDMC calculations based on data from INDECI, on 20 September 2025, a total of 34 people were displaced from Quehue, Canas, Cusco by Wildfire which made uninhabitable 10 houses. Instituto Nacional de Defensa Civil (INDECI) - 23 October 2025",,Wildfire
204416,Peru,PER,-12.5686798,-69.1755331,"[-12.5686798, -69.1755331]",Recommended figure,Disaster,total,3,2025-09-18,2025-09-18,2025-09-18,2025,36750,Peru: Wildfire - Madre de Dios (Las Piedras) - 18/09/2025,,,2025-09-18,2025-09-18,Weather related,Climatological,Wildfire,Wildfire,,Instituto Nacional de Defensa Civil (INDECI),,"Las Piedras, Province of Tambopata, Madre de Dios, Peru","-12.5686798, -69.1755331",County/City/town/Village/Woreda (ADM3),Origin,,2025-11-06T10:15:54.394288Z,"Peru: 3 displacements (destroyed housing), 18 September - 18 September. According to IDMC calculations based on data from INDECI, on 18 September 2025, a total of 3 people were displaced from Las Piedras, Tambopata, Madre De Dios by Wildfire which destroyed one house. Instituto Nacional de Defensa Civil (INDECI) - 23 October 2025",,Wildfire
204454,Peru,PER,-8.4510319,-76.3259883,"[-8.4510319, -76.3259883]",Recommended figure,Disaster,total,10,2025-09-18,2025-09-18,2025-09-18,2025,36824,Peru: Storm - San Martín (Nuevo Progreso) - 18/09/2025,,,2025-09-18,2025-09-18,Weather related,Meteorological,Storm,Storm,,Instituto Nacional de Defensa Civil (INDECI),,"Nuevo Progreso, Province of Tocache, San Martín, Peru","-8.4510319, -76.3259883",County/City/town/Village/Woreda (ADM3),Origin,,2025-11-06T10:15:59.462593Z,"Peru: 10 displacements (partially destroyed housing), 18 September - 18 September. According to IDMC calculations based on data from INDECI, on 18 September 2025, a total of 10 people were displaced from Nuevo Progreso, Tocache, San Martín by Storm which made uninhabitable 3 houses. Instituto Nacional de Defensa Civil (INDECI) - 23 October 2025",,Storm
204374,Peru,PER,-14.3125299,-71.6895185,"[-14.3125299, -71.6895185]",Recommended figure,Disaster,total,3,2025-09-18,2025-09-18,2025-09-18,2025,36756,Peru: Wildfire - Cusco (Livitaca) - 18/09/2025,,,2025-09-18,2025-09-18,Weather related,Climatological,Wildfire,Wildfire,,Instituto Nacional de Defensa Civil (INDECI),,"Livitaca, Province of Chumbivilcas, Cusco, Peru","-14.3125299, -71.6895185",County/City/town/Village/Woreda (ADM3),Origin,,2025-11-06T10:05:26.223027Z,"Peru: 3 displacements (partially destroyed housing), 18 September - 18 September. According to IDMC calculations based on data from INDECI, on 18 September 2025, a total of 3 people were displaced from Livitaca, Chumbivilcas, Cusco by Wildfire which made uninhabitable one house. Instituto Nacional de Defensa Civil (INDECI) - 23 October 2025",,Wildfire
204369,Peru,PER,-6.6739084,-79.0326561,"[-6.6739084, -79.0326561]",Recommended figure,Disaster,total,3,2025-09-18,2025-09-18,2025-09-18,2025,36843,Peru: Hailstorm - Cajamarca (Catache) - 18/09/2025,,,2025-09-18,2025-09-18,Weather related,Meteorological,Storm,Hailstorm,,Instituto Nacional de Defensa Civil (INDECI),,"Catache, Province of Santa Cruz, Cajamarca, Peru","-6.6739084, -79.0326561",County/City/town/Village/Woreda (ADM3),Origin,,2025-11-06T10:05:25.968721Z,"Peru: 3 displacements (partially destroyed housing), 18 September - 18 September. According to IDMC calculations based on data from INDECI, on 18 September 2025, a total of 3 people were displaced from Catache, Santa Cruz, Cajamarca by Hailstorm which made uninhabitable one house. Instituto Nacional de Defensa Civil (INDECI) - 23 October 2025",,Storm
204434,Peru,PER,-14.9911593,-70.105616,"[-14.9911593, -70.105616]",Recommended figure,Disaster,total,3,2025-09-17,2025-09-17,2025-09-17,2025,36755,Peru: Wildfire - Puno (San Juan de Salinas) - 17/09/2025,,,2025-09-17,2025-09-17,Weather related,Climatological,Wildfire,Wildfire,,Instituto Nacional de Defensa Civil (INDECI),,"San Juan de Salinas, Province of Azángaro, Puno, Peru","-14.9911593, -70.105616",County/City/town/Village/Woreda (ADM3),Origin,,2025-11-06T10:15:58.406608Z,"Peru: 3 displacements (partially destroyed housing), 17 September - 17 September. According to IDMC calculations based on data from INDECI, on 17 September 2025, a total of 3 people were displaced from San Juan De Salinas, Azángaro, Puno by Wildfire which made uninhabitable one house. Instituto Nacional de Defensa Civil (INDECI) - 23 October 2025",,Wildfire
204399,Peru,PER,-8.0017432,-78.3098616,"[-8.0017432, -78.3098616]",Recommended figure,Disaster,total,14,2025-09-17,2025-09-17,2025-09-17,2025,36768,Peru: Flood - La Libertad (Quiruvilca) - 17/09/2025,,,2025-09-17,2025-09-17,Weather related,Hydrological,Flood,Flood,,Instituto Nacional de Defensa Civil (INDECI),,"Quiruvilca, Province of Santiago de Chuco, La Libertad, Peru","-8.0017432, -78.3098616",County/City/town/Village/Woreda (ADM3),Origin,,2025-11-06T10:05:31.094617Z,"Peru: 14 displacements (partially destroyed housing), 17 September - 17 September. According to IDMC calculations based on data from INDECI, on 17 September 2025, a total of 13 people were displaced from Quiruvilca, Santiago De Chuco, La Libertad by Flood which made uninhabitable 4 houses. Instituto Nacional de Defensa Civil (INDECI) - 23 October 2025",,Flood
204438,Peru,PER,-14.1119359,-69.0477528,"[-14.1119359, -69.0477528]",Recommended figure,Disaster,total,17,2025-09-17,2025-09-17,2025-09-17,2025,36792,Peru: Storm - Puno (San Pedro de Putina Punco) - 17/09/2025,,,2025-09-17,2025-09-17,Weather related,Meteorological,Storm,Storm,,Instituto Nacional de Defensa Civil (INDECI),,"San Pedro de Putina Punco, Province of Sandia, Puno, Peru","-14.1119359, -69.0477528",County/City/town/Village/Woreda (ADM3),Origin,,2025-11-06T10:15:58.595122Z,"Peru: 17 displacements (destroyed housing), 17 September - 17 September. According to IDMC calculations based on data from INDECI, on 17 September 2025, a total of 17 people were displaced from San Pedro De Putina Punco, Sandia, Puno by Storm which destroyed 5 houses. Instituto Nacional de Defensa Civil (INDECI) - 23 October 2025",,Storm
204366,Peru,PER,-5.2728294,-78.7758172,"[-5.2728294, -78.7758172]",Recommended figure,Disaster,total,3,2025-09-17,2025-09-17,2025-09-17,2025,36823,Peru: Storm - Cajamarca (Huarango) - 17/09/2025,,,2025-09-17,2025-09-17,Weather related,Meteorological,Storm,Storm,,Instituto Nacional de Defensa Civil (INDECI),,"Huarango, Province of San Ignacio, Cajamarca, Peru","-5.2728294, -78.7758172",County/City/town/Village/Woreda (ADM3),Origin,,2025-11-06T10:05:25.819292Z,"Peru: 3 displacements (partially destroyed housing), 17 September - 17 September. According to IDMC calculations based on data from INDECI, on 17 September 2025, a total of 3 people were displaced from Huarango, San Ignacio, Cajamarca by Storm which made uninhabitable one house. Instituto Nacional de Defensa Civil (INDECI) - 23 October 2025",,Storm
204392,Peru,PER,-11.97218,-75.1473422,"[-11.97218, -75.1473422]",Recommended figure,Disaster,total,3,2025-09-16,2025-09-16,2025-09-16,2025,36763,Peru: Flood - Junín (El Tambo) - 16/09/2025,,,2025-09-16,2025-09-16,Weather related,Hydrological,Flood,Flood,,Instituto Nacional de Defensa Civil (INDECI),,"El Tambo, Province of Huancayo, Junín, Peru","-11.97218, -75.1473422",County/City/town/Village/Woreda (ADM3),Origin,,2025-11-06T10:05:30.613165Z,"Peru: 3 displacements (destroyed housing), 16 September - 16 September. According to IDMC calculations based on data from INDECI, on 16 September 2025, a total of 3 people were displaced from El Tambo, Huancayo, Junín by Flood which destroyed one house. Instituto Nacional de Defensa Civil (INDECI) - 23 October 2025",,Flood
204387,Peru,PER,-9.279636,-76.3963652,"[-9.279636, -76.3963652]",Recommended figure,Disaster,total,260,2025-09-16,2025-09-16,2025-09-16,2025,36841,Peru: Storm - Huánuco (Monzon) - 16/09/2025,,,2025-09-16,2025-09-16,Weather related,Meteorological,Storm,Storm,,Instituto Nacional de Defensa Civil (INDECI),,"Monzón, Province of Huamalíes, Huánuco, Peru","-9.279636, -76.3963652",County/City/town/Village/Woreda (ADM3),Origin,,2025-11-06T10:05:30.285729Z,"Peru: 260 displacements, 16 September - 16 September. According to IDMC calculations based on data from INDECI, on 16 September 2025, a total of 259 people were displaced from Monzon, Huamalíes, Huánuco by Storm which made uninhabitable or destroyed 75 houses. Instituto Nacional de Defensa Civil (INDECI) - 23 October 2025",,Storm
204372,Peru,PER,-14.493941,-71.1551204,"[-14.493941, -71.1551204]",Recommended figure,Disaster,total,3,2025-09-16,2025-09-16,2025-09-16,2025,36791,Peru: Storm - Cusco (Layo) - 16/09/2025,,,2025-09-16,2025-09-16,Weather related,Meteorological,Storm,Storm,,Instituto Nacional de Defensa Civil (INDECI),,"Layo, Province of Canas, Cusco, Peru","-14.493941, -71.1551204",County/City/town/Village/Woreda (ADM3),Origin,,2025-11-06T10:05:26.117960Z,"Peru: 3 displacements (destroyed housing), 16 September - 16 September. According to IDMC calculations based on data from INDECI, on 16 September 2025, a total of 3 people were displaced from Layo, Canas, Cusco by Storm which destroyed one house. Instituto Nacional de Defensa Civil (INDECI) - 23 October 2025",,Storm
204413,Peru,PER,-3.7162678,-71.3968802,"[-3.7162678, -71.3968802]",Recommended figure,Disaster,total,38,2025-09-15,2025-09-15,2025-09-15,2025,36820,Peru: Storm - Loreto (San Pablo) - 15/09/2025,,,2025-09-15,2025-09-15,Weather related,Meteorological,Storm,Storm,,Instituto Nacional de Defensa Civil (INDECI),,"San Pablo, Province of Mariscal Ramón Castilla, Loreto, Peru","-3.7162678, -71.3968802",County/City/town/Village/Woreda (ADM3),Origin,,2025-11-06T10:15:54.210573Z,"Peru: 38 displacements (partially destroyed housing), 15 September - 15 September. According to IDMC calculations based on data from INDECI, on 15 September 2025, a total of 38 people were displaced from San Pablo, Mariscal Ramón Castilla, Loreto by Storm which made uninhabitable 11 houses. Instituto Nacional de Defensa Civil (INDECI) - 23 October 2025",,Storm
204414,Peru,PER,-7.8670293,-74.8994093,"[-7.8670293, -74.8994093]",Recommended figure,Disaster,total,45,2025-09-15,2025-09-15,2025-09-15,2025,36821,Peru: Storm - Loreto (Padre Marquez) - 15/09/2025,,,2025-09-15,2025-09-15,Weather related,Meteorological,Storm,Storm,,Instituto Nacional de Defensa Civil (INDECI),,"Padre Márquez, Province of Ucayali, Loreto, Peru","-7.8670293, -74.8994093",County/City/town/Village/Woreda (ADM3),Origin,,2025-11-06T10:15:54.292177Z,"Peru: 45 displacements (partially destroyed housing), 15 September - 15 September. According to IDMC calculations based on data from INDECI, on 15 September 2025, a total of 44 people were displaced from Padre Marquez, Ucayali, Loreto by Storm which made uninhabitable 13 houses. Instituto Nacional de Defensa Civil (INDECI) - 23 October 2025",,Storm
204382,Peru,PER,-12.8260078,-75.2177268,"[-12.8260078, -75.2177268]",Recommended figure,Disaster,total,7,2025-09-15,2025-09-15,2025-09-15,2025,36819,Peru: Storm - Huancavelica (Ascension) - 15/09/2025,,,2025-09-15,2025-09-15,Weather related,Meteorological,Storm,Storm,,Instituto Nacional de Defensa Civil (INDECI),,"Ascensión, Province of Huancavelica, Huancavelica, Peru","-12.8260078, -75.2177268",County/City/town/Village/Woreda (ADM3),Origin,,2025-11-06T10:05:29.938445Z,"Peru: 7 displacements (partially destroyed housing), 15 September - 15 September. According to IDMC calculations based on data from INDECI, on 15 September 2025, a total of 6 people were displaced from Ascension, Huancavelica, Huancavelica by Storm which made uninhabitable 2 houses. Instituto Nacional de Defensa Civil (INDECI) - 23 October 2025",,Storm
204456,Peru,PER,-8.7161844,-74.3136574,"[-8.7161844, -74.3136574]",Recommended figure,Disaster,total,3,2025-09-15,2025-09-15,2025-09-15,2025,36790,Peru: Storm - Ucayali (Masisea) - 15/09/2025,,,2025-09-15,2025-09-15,Weather related,Meteorological,Storm,Storm,,Instituto Nacional de Defensa Civil (INDECI),,"Masisea, Province of Coronel Portillo, Ucayali, Peru","-8.7161844, -74.3136574",County/City/town/Village/Woreda (ADM3),Origin,,2025-11-06T10:15:59.563086Z,"Peru: 3 displacements (destroyed housing), 15 September - 15 September. According to IDMC calculations based on data from INDECI, on 15 September 2025, a total of 3 people were displaced from Masisea, Coronel Portillo, Ucayali by Storm which destroyed one house. Instituto Nacional de Defensa Civil (INDECI) - 23 October 2025",,Storm
204435,Peru,PER,-16.4971752,-69.1032019,"[-16.4971752, -69.1032019]",Recommended figure,Disaster,total,3,2025-09-15,2025-09-15,2025-09-15,2025,36754,Peru: Wildfire - Puno (Zepita) - 15/09/2025,,,2025-09-15,2025-09-15,Weather related,Climatological,Wildfire,Wildfire,,Instituto Nacional de Defensa Civil (INDECI),,"Zepita, Province of Chucuito, Puno, Peru","-16.4971752, -69.1032019",County/City/town/Village/Woreda (ADM3),Origin,,2025-11-06T10:15:58.456715Z,"Peru: 3 displacements (partially destroyed housing), 15 September - 15 September. According to IDMC calculations based on data from INDECI, on 15 September 2025, a total of 3 people were displaced from Zepita, Chucuito, Puno by Wildfire which made uninhabitable one house. Instituto Nacional de Defensa Civil (INDECI) - 23 October 2025",,Wildfire
204400,Peru,PER,-4.0779873,-73.5219454,"[-4.0779873, -73.5219454]",Recommended figure,Disaster,total,3,2025-09-15,2025-09-15,2025-09-15,2025,36789,Peru: Storm - Loreto (San Juan Bautista) - 15/09/2025,,,2025-09-15,2025-09-15,Weather related,Meteorological,Storm,Storm,,Instituto Nacional de Defensa Civil (INDECI),,"San Juan Bautista, Province of Maynas, Loreto, Peru","-4.0779873, -73.5219454",County/City/town/Village/Woreda (ADM3),Origin,,2025-11-06T10:05:31.164931Z,"Peru: 3 displacements (destroyed housing), 15 September - 15 September. According to IDMC calculations based on data from INDECI, on 15 September 2025, a total of 3 people were displaced from San Juan Bautista, Maynas, Loreto by Storm which destroyed one house. Instituto Nacional de Defensa Civil (INDECI) - 23 October 2025",,Storm
204419,Peru,PER,-10.34087,-76.41728,"[-10.34087, -76.41728]",Recommended figure,Disaster,total,3,2025-09-15,2025-09-15,2025-09-15,2025,36822,Peru: Storm - Pasco (Paucar) - 15/09/2025,,,2025-09-15,2025-09-15,Weather related,Meteorological,Storm,Storm,,Instituto Nacional de Defensa Civil (INDECI),,"Paucar, Daniel Alcides Carrión Province, Pasco, Peru","-10.34087, -76.41728",County/City/town/Village/Woreda (ADM3),Origin,,2025-11-06T10:15:54.535362Z,"Peru: 3 displacements (partially destroyed housing), 15 September - 15 September. According to IDMC calculations based on data from INDECI, on 15 September 2025, a total of 3 people were displaced from Paucar, Daniel Alcides Carrión, Pasco by Storm which made uninhabitable one house. Instituto Nacional de Defensa Civil (INDECI) - 23 October 2025",,Storm
204432,Peru,PER,-15.1059765,-69.9865962,"[-15.1059765, -69.9865962]",Recommended figure,Disaster,total,21,2025-09-15,2025-09-15,2025-09-15,2025,36753,Peru: Wildfire - Puno (Chupa) - 15/09/2025,,,2025-09-15,2025-09-15,Weather related,Climatological,Wildfire,Wildfire,,Instituto Nacional de Defensa Civil (INDECI),,"Chupa, Province of Azángaro, Puno, Peru","-15.1059765, -69.9865962",County/City/town/Village/Woreda (ADM3),Origin,,2025-11-06T10:15:55.192632Z,"Peru: 21 displacements (partially destroyed housing), 15 September - 15 September. According to IDMC calculations based on data from INDECI, on 15 September 2025, a total of 20 people were displaced from Chupa, Azángaro, Puno by Wildfire which made uninhabitable 6 houses. Instituto Nacional de Defensa Civil (INDECI) - 23 October 2025",,Wildfire
204397,Peru,PER,-7.7060639,-78.0333428,"[-7.7060639, -78.0333428]",Recommended figure,Disaster,total,7,2025-09-15,2025-09-15,2025-09-15,2025,36739,Peru: Mixed disasters - La Libertad (Marcabal) - 15/09/2025,,,2025-09-15,2025-09-15,Mixed disasters,Mixed disasters,Mixed disasters,Mixed disasters,,Instituto Nacional de Defensa Civil (INDECI),,"Marcabal, Province of Sánchez Carrión, La Libertad, Peru","-7.7060639, -78.0333428",County/City/town/Village/Woreda (ADM3),Origin,,2025-11-06T10:05:30.944092Z,"Peru: 7 displacements (partially destroyed housing), 15 September - 15 September. According to IDMC calculations based on data from INDECI, on 15 September 2025, a total of 6 people were displaced from Marcabal, Sánchez Carrión, La Libertad by Mixed disasters which made uninhabitable 2 houses. Instituto Nacional de Defensa Civil (INDECI) - 23 October 2025",,Mixed disasters
204365,Peru,PER,-15.7973073,-72.860528,"[-15.7973073, -72.860528]",Recommended figure,Disaster,total,3,2025-09-15,2025-09-15,2025-09-15,2025,36738,Peru: Mixed disasters - Arequipa (Andaray) - 15/09/2025,,,2025-09-15,2025-09-15,Mixed disasters,Mixed disasters,Mixed disasters,Mixed disasters,,Instituto Nacional de Defensa Civil (INDECI),,"Andaray, Province of Condesuyos, Arequipa, Peru","-15.7973073, -72.860528",County/City/town/Village/Woreda (ADM3),Origin,,2025-11-06T10:05:25.767113Z,"Peru: 3 displacements (partially destroyed housing), 15 September - 15 September. According to IDMC calculations based on data from INDECI, on 15 September 2025, a total of 3 people were displaced from Andaray, Condesuyos, Arequipa by Mixed disasters which made uninhabitable one house. Instituto Nacional de Defensa Civil (INDECI) - 23 October 2025",,Mixed disasters
204379,Peru,PER,-12.7861978,-74.9764024,"[-12.7861978, -74.9764024]",Recommended figure,Disaster,total,7,2025-09-14,2025-09-14,2025-09-14,2025,36744,Peru: Dry mass movement - Huancavelica (Huancavelica) - 14/09/2025,,,2025-09-14,2025-09-14,Geophysical,Geophysical,Mass Movement,Dry mass movement,,Instituto Nacional de Defensa Civil (INDECI),,"Huancavelica, Huancavelica Province, Huancavelica, Peru","-12.7861978, -74.9764024",County/City/town/Village/Woreda (ADM3),Origin,,2025-11-06T10:05:29.716590Z,"Peru: 7 displacements (partially destroyed housing), 14 September - 14 September. According to IDMC calculations based on data from INDECI, on 14 September 2025, a total of 6 people were displaced from Huancavelica, Huancavelica, Huancavelica by Dry mass movement which made uninhabitable 2 houses. Instituto Nacional de Defensa Civil (INDECI) - 23 October 2025",,Mass Movement
204355,Peru,PER,-5.754216,-78.4421686,"[-5.754216, -78.4421686]",Recommended figure,Disaster,total,7,2025-09-14,2025-09-14,2025-09-14,2025,36817,Peru: Storm - Amazonas (Bagua Grande) - 14/09/2025,,,2025-09-14,2025-09-14,Weather related,Meteorological,Storm,Storm,,Instituto Nacional de Defensa Civil (INDECI),,"Bagua Grande, Province of Utcubamba, Amazonas, Peru","-5.754216, -78.4421686",County/City/town/Village/Woreda (ADM3),Origin,,2025-11-06T10:05:25.285030Z,"Peru: 7 displacements (partially destroyed housing), 14 September - 14 September. According to IDMC calculations based on data from INDECI, on 14 September 2025, a total of 6 people were displaced from Bagua Grande, Utcubamba, Amazonas by Storm which made uninhabitable 2 houses. Instituto Nacional de Defensa Civil (INDECI) - 23 October 2025",,Storm
204362,Peru,PER,-14.1054248,-72.7079361,"[-14.1054248, -72.7079361]",Recommended figure,Disaster,total,3,2025-09-14,2025-09-14,2025-09-14,2025,36818,Peru: Storm - Apurímac (Chuquibambilla) - 14/09/2025,,,2025-09-14,2025-09-14,Weather related,Meteorological,Storm,Storm,,Instituto Nacional de Defensa Civil (INDECI),,"Chuquibambilla, Province of Grau, Apurímac, Peru","-14.1054248, -72.7079361",County/City/town/Village/Woreda (ADM3),Origin,,2025-11-06T10:05:25.626072Z,"Peru: 3 displacements (partially destroyed housing), 14 September - 14 September. According to IDMC calculations based on data from INDECI, on 14 September 2025, a total of 3 people were displaced from Chuquibambilla, Grau, Apurímac by Storm which made uninhabitable one house. Instituto Nacional de Defensa Civil (INDECI) - 23 October 2025",,Storm
204358,Peru,PER,-8.8204778,-77.4603745,"[-8.8204778, -77.4603745]",Recommended figure,Disaster,total,3,2025-09-13,2025-09-13,2025-09-13,2025,36816,Peru: Storm - Ancash (Pomabamba) - 13/09/2025,,,2025-09-13,2025-09-13,Weather related,Meteorological,Storm,Storm,,Instituto Nacional de Defensa Civil (INDECI),,"Pomabamba, Province of Pomabamba, Ancash, Peru","-8.8204778, -77.4603745",County/City/town/Village/Woreda (ADM3),Origin,,2025-11-06T10:05:25.435758Z,"Peru: 3 displacements (partially destroyed housing), 13 September - 13 September. According to IDMC calculations based on data from INDECI, on 13 September 2025, a total of 3 people were displaced from Pomabamba, Pomabamba, Ancash by Storm which made uninhabitable one house. Instituto Nacional de Defensa Civil (INDECI) - 23 October 2025",,Storm
204421,Peru,PER,-10.5744337,-75.4044786,"[-10.5744337, -75.4044786]",Recommended figure,Disaster,total,3,2025-09-12,2025-09-12,2025-09-12,2025,36787,Peru: Storm - Pasco (Oxapampa) - 12/09/2025,,,2025-09-12,2025-09-12,Weather related,Meteorological,Storm,Storm,,Instituto Nacional de Defensa Civil (INDECI),,"Oxapampa, Province of Oxapampa, Pasco, Peru","-10.5744337, -75.4044786",County/City/town/Village/Woreda (ADM3),Origin,,2025-11-06T10:15:54.630074Z,"Peru: 3 displacements (destroyed housing), 12 September - 12 September. According to IDMC calculations based on data from INDECI, on 12 September 2025, a total of 3 people were displaced from Oxapampa, Oxapampa, Pasco by Storm which destroyed one house. Instituto Nacional de Defensa Civil (INDECI) - 23 October 2025",,Storm
204410,Peru,PER,-4.50561,-73.58026,"[-4.50561, -73.58026]",Recommended figure,Disaster,total,3,2025-09-12,2025-09-12,2025-09-12,2025,36815,Peru: Storm - Loreto (Nauta) - 12/09/2025,,,2025-09-12,2025-09-12,Weather related,Meteorological,Storm,Storm,,Instituto Nacional de Defensa Civil (INDECI),,"Nauta, Loreto Province, Loreto, Peru","-4.50561, -73.58026",County/City/town/Village/Woreda (ADM3),Origin,,2025-11-06T10:15:54.056507Z,"Peru: 3 displacements (partially destroyed housing), 12 September - 12 September. According to IDMC calculations based on data from INDECI, on 12 September 2025, a total of 3 people were displaced from Nauta, Loreto, Loreto by Storm which made uninhabitable one house. Instituto Nacional de Defensa Civil (INDECI) - 23 October 2025",,Storm
204415,Peru,PER,-12.9734018,-69.9280397,"[-12.9734018, -69.9280397]",Recommended figure,Disaster,total,7,2025-09-12,2025-09-12,2025-09-12,2025,36786,Peru: Storm - Madre de Dios (Inambari) - 12/09/2025,,,2025-09-12,2025-09-12,Weather related,Meteorological,Storm,Storm,,Instituto Nacional de Defensa Civil (INDECI),,"Inambari, Province of Tambopata, Madre de Dios, Peru","-12.9734018, -69.9280397",County/City/town/Village/Woreda (ADM3),Origin,,2025-11-06T10:15:54.346860Z,"Peru: 7 displacements (destroyed housing), 12 September - 12 September. According to IDMC calculations based on data from INDECI, on 12 September 2025, a total of 6 people were displaced from Inambari, Tambopata, Madre De Dios by Storm which destroyed 2 houses. Instituto Nacional de Defensa Civil (INDECI) - 23 October 2025",,Storm
204461,Peru,PER,-10.6463182,-73.2911381,"[-10.6463182, -73.2911381]",Recommended figure,Disaster,total,7,2025-09-12,2025-09-12,2025-09-12,2025,36788,Peru: Storm - Ucayali (Raymondi) - 12/09/2025,,,2025-09-12,2025-09-12,Weather related,Meteorological,Storm,Storm,,Instituto Nacional de Defensa Civil (INDECI),,"Raymondi, Province of Atalaya, Ucayali, 25201, Peru","-10.6463182, -73.2911381",County/City/town/Village/Woreda (ADM3),Origin,,2025-11-06T10:17:57.205162Z,"Peru: 7 displacements (destroyed housing), 12 September - 12 September. According to IDMC calculations based on data from INDECI, on 12 September 2025, a total of 6 people were displaced from Raymondi, Atalaya, Ucayali by Storm which destroyed 2 houses. Instituto Nacional de Defensa Civil (INDECI) - 23 October 2025",,Storm
204460,Peru,PER,-10.6463182,-73.2911381,"[-10.6463182, -73.2911381]",Recommended figure,Disaster,total,35,2025-09-11,2025-09-11,2025-09-11,2025,36785,Peru: Storm - Ucayali (Raymondi) - 11/09/2025,,,2025-09-11,2025-09-11,Weather related,Meteorological,Storm,Storm,,Instituto Nacional de Defensa Civil (INDECI),,"Raymondi, Province of Atalaya, Ucayali, 25201, Peru","-10.6463182, -73.2911381",County/City/town/Village/Woreda (ADM3),Origin,,2025-11-06T10:17:57.140872Z,"Peru: 35 displacements (destroyed housing), 11 September - 11 September. According to IDMC calculations based on data from INDECI, on 11 September 2025, a total of 34 people were displaced from Raymondi, Atalaya, Ucayali by Storm which destroyed 10 houses. Instituto Nacional de Defensa Civil (INDECI) - 23 October 2025",,Storm
204441,Peru,PER,-6.7249951,-76.6954671,"[-6.7249951, -76.6954671]",Recommended figure,Disaster,total,3,2025-09-11,2025-09-11,2025-09-11,2025,36767,Peru: Flood - San Martín (Agua Blanca) - 11/09/2025,,,2025-09-11,2025-09-11,Weather related,Hydrological,Flood,Flood,,Instituto Nacional de Defensa Civil (INDECI),,"Agua Blanca, Province of El Dorado, San Martín, Peru","-6.7249951, -76.6954671",County/City/town/Village/Woreda (ADM3),Origin,,2025-11-06T10:15:58.752421Z,"Peru: 3 displacements (partially destroyed housing), 11 September - 11 September. According to IDMC calculations based on data from INDECI, on 11 September 2025, a total of 3 people were displaced from Agua Blanca, El Dorado, San Martín by Flood which made uninhabitable one house. Instituto Nacional de Defensa Civil (INDECI) - 23 October 2025",,Flood
204359,Peru,PER,-14.4155851,-73.2051918,"[-14.4155851, -73.2051918]",Recommended figure,Disaster,total,3,2025-09-11,2025-09-11,2025-09-11,2025,36749,Peru: Wildfire - Apurímac (Cotaruse) - 11/09/2025,,,2025-09-11,2025-09-11,Weather related,Climatological,Wildfire,Wildfire,,Instituto Nacional de Defensa Civil (INDECI),,"Cotaruse, Province of Aymaraes, Apurímac, Peru","-14.4155851, -73.2051918",County/City/town/Village/Woreda (ADM3),Origin,,2025-11-06T10:05:25.481806Z,"Peru: 3 displacements (destroyed housing), 11 September - 11 September. According to IDMC calculations based on data from INDECI, on 11 September 2025, a total of 3 people were displaced from Cotaruse, Aymaraes, Apurímac by Wildfire which destroyed one house. Instituto Nacional de Defensa Civil (INDECI) - 23 October 2025",,Wildfire
204354,Peru,PER,-6.6137726,-78.0042952,"[-6.6137726, -78.0042952]",Recommended figure,Disaster,total,7,2025-09-11,2025-09-11,2025-09-11,2025,36772,Peru: Flood - Amazonas (Cocabamba) - 11/09/2025,,,2025-09-11,2025-09-11,Weather related,Hydrological,Flood,Flood,,Instituto Nacional de Defensa Civil (INDECI),,"Cocabamba, Province of Luya, Amazonas, Peru","-6.6137726, -78.0042952",County/City/town/Village/Woreda (ADM3),Origin,,2025-11-06T10:05:25.238923Z,"Peru: 7 displacements, 11 September - 11 September. According to IDMC calculations based on data from INDECI, on 11 September 2025, a total of 6 people were displaced from Cocabamba, Luya, Amazonas by Flood which made uninhabitable or destroyed 2 houses. Instituto Nacional de Defensa Civil (INDECI) - 23 October 2025",,Flood
204393,Peru,PER,-11.002808,-74.815139,"[-11.002808, -74.815139]",Recommended figure,Disaster,total,3,2025-09-11,2025-09-11,2025-09-11,2025,36784,Peru: Storm - Junín (Pichanaqui) - 11/09/2025,,,2025-09-11,2025-09-11,Weather related,Meteorological,Storm,Storm,,Instituto Nacional de Defensa Civil (INDECI),,"Pichanaqui, Province of Chanchamayo, Junín, Peru","-11.002808, -74.815139",County/City/town/Village/Woreda (ADM3),Origin,,2025-11-06T10:05:30.673896Z,"Peru: 3 displacements (destroyed housing), 11 September - 11 September. According to IDMC calculations based on data from INDECI, on 11 September 2025, a total of 3 people were displaced from Pichanaqui, Chanchamayo, Junín by Storm which destroyed one house. Instituto Nacional de Defensa Civil (INDECI) - 23 October 2025",,Storm
204398,Peru,PER,-8.1453677,-78.1732575,"[-8.1453677, -78.1732575]",Recommended figure,Disaster,total,3,2025-09-10,2025-09-10,2025-09-10,2025,36813,Peru: Storm - La Libertad (Santiago de Chuco) - 10/09/2025,,,2025-09-10,2025-09-10,Weather related,Meteorological,Storm,Storm,,Instituto Nacional de Defensa Civil (INDECI),,"Santiago de Chuco, Province of Santiago de Chuco, La Libertad, Peru","-8.1453677, -78.1732575",County/City/town/Village/Woreda (ADM3),Origin,,2025-11-06T10:05:31.023750Z,"Peru: 3 displacements (partially destroyed housing), 10 September - 10 September. According to IDMC calculations based on data from INDECI, on 10 September 2025, a total of 3 people were displaced from Santiago De Chuco, Santiago De Chuco, La Libertad by Storm which made uninhabitable one house. Instituto Nacional de Defensa Civil (INDECI) - 23 October 2025",,Storm
204444,Peru,PER,-6.7463029,-76.6233355,"[-6.7463029, -76.6233355]",Recommended figure,Disaster,total,42,2025-09-10,2025-09-10,2025-09-10,2025,36766,Peru: Flood - San Martín (Santa Rosa) - 10/09/2025,,,2025-09-10,2025-09-10,Weather related,Hydrological,Flood,Flood,,Instituto Nacional de Defensa Civil (INDECI),,"Santa Rosa, Province of El Dorado, San Martín, Peru","-6.7463029, -76.6233355",County/City/town/Village/Woreda (ADM3),Origin,,2025-11-06T10:15:58.907763Z,"Peru: 42 displacements (partially destroyed housing), 10 September - 10 September. According to IDMC calculations based on data from INDECI, on 10 September 2025, a total of 41 people were displaced from Santa Rosa, El Dorado, San Martín by Flood which made uninhabitable 12 houses. Instituto Nacional de Defensa Civil (INDECI) - 23 October 2025",,Flood
204418,Peru,PER,-10.4911471,-76.5155834,"[-10.4911471, -76.5155834]",Recommended figure,Disaster,total,3,2025-09-10,2025-09-10,2025-09-10,2025,36737,Peru: Mixed disasters - Pasco (Yanahuanca) - 10/09/2025,,,2025-09-10,2025-09-10,Mixed disasters,Mixed disasters,Mixed disasters,Mixed disasters,,Instituto Nacional de Defensa Civil (INDECI),,"Yanahuanca, Daniel Alcides Carrión Province, Pasco, Peru","-10.4911471, -76.5155834",County/City/town/Village/Woreda (ADM3),Origin,,2025-11-06T10:15:54.490769Z,"Peru: 3 displacements (partially destroyed housing), 10 September - 10 September. According to IDMC calculations based on data from INDECI, on 10 September 2025, a total of 3 people were displaced from Yanahuanca, Daniel Alcides Carrión, Pasco by Mixed disasters which made uninhabitable one house. Instituto Nacional de Defensa Civil (INDECI) - 23 October 2025",,Mixed disasters
204424,Peru,PER,-10.2956757,-74.9369004,"[-10.2956757, -74.9369004]",Recommended figure,Disaster,total,3,2025-09-10,2025-09-10,2025-09-10,2025,36814,Peru: Storm - Pasco (Puerto Bermudez) - 10/09/2025,,,2025-09-10,2025-09-10,Weather related,Meteorological,Storm,Storm,,Instituto Nacional de Defensa Civil (INDECI),,"Puerto Bermúdez, Province of Oxapampa, Pasco, Peru","-10.2956757, -74.9369004",County/City/town/Village/Woreda (ADM3),Origin,,2025-11-06T10:15:54.774903Z,"Peru: 3 displacements (partially destroyed housing), 10 September - 10 September. According to IDMC calculations based on data from INDECI, on 10 September 2025, a total of 3 people were displaced from Puerto Bermudez, Oxapampa, Pasco by Storm which made uninhabitable one house. Instituto Nacional de Defensa Civil (INDECI) - 23 October 2025",,Storm
204353,Peru,PER,-3.7542916,-77.9181529,"[-3.7542916, -77.9181529]",Recommended figure,Disaster,total,21,2025-09-09,2025-09-09,2025-09-09,2025,36840,Peru: Storm - Amazonas (Rio Santiago) - 09/09/2025,,,2025-09-09,2025-09-09,Weather related,Meteorological,Storm,Storm,,Instituto Nacional de Defensa Civil (INDECI),,"Río Santiago, Province of Condorcanqui, Amazonas, Peru","-3.7542916, -77.9181529",County/City/town/Village/Woreda (ADM3),Origin,,2025-11-06T10:05:25.187084Z,"Peru: 21 displacements, 09 September - 09 September. According to IDMC calculations based on data from INDECI, on 09 September 2025, a total of 20 people were displaced from Rio Santiago, Condorcanqui, Amazonas by Storm which made uninhabitable or destroyed 6 houses. Instituto Nacional de Defensa Civil (INDECI) - 23 October 2025",,Storm
204411,Peru,PER,-3.3206285,-71.8617562,"[-3.3206285, -71.8617562]",Recommended figure,Disaster,total,3,2025-09-09,2025-09-09,2025-09-09,2025,36812,Peru: Storm - Loreto (Pebas) - 09/09/2025,,,2025-09-09,2025-09-09,Weather related,Meteorological,Storm,Storm,,Instituto Nacional de Defensa Civil (INDECI),,"Pebas, Province of Mariscal Ramón Castilla, Loreto, Peru","-3.3206285, -71.8617562",County/City/town/Village/Woreda (ADM3),Origin,,2025-11-06T10:15:54.107548Z,"Peru: 3 displacements (partially destroyed housing), 09 September - 09 September. According to IDMC calculations based on data from INDECI, on 09 September 2025, a total of 3 people were displaced from Pebas, Mariscal Ramón Castilla, Loreto by Storm which made uninhabitable one house. Instituto Nacional de Defensa Civil (INDECI) - 23 October 2025",,Storm
204458,Peru,PER,-8.4790181,-74.54632819999999,"[-8.4790181, -74.54632819999999]",Recommended figure,Disaster,total,3,2025-09-08,2025-09-08,2025-09-08,2025,36748,Peru: Wildfire - Ucayali (Manantay) - 08/09/2025,,,2025-09-08,2025-09-08,Weather related,Climatological,Wildfire,Wildfire,,Instituto Nacional de Defensa Civil (INDECI),,"Manantay, Coronel Portillo, Ucayali, Peru","-8.4790181, -74.54632819999999",County/City/town/Village/Woreda (ADM3),Origin,,2025-11-06T10:15:59.656167Z,"Peru: 3 displacements (destroyed housing), 08 September - 08 September. According to IDMC calculations based on data from INDECI, on 08 September 2025, a total of 3 people were displaced from Manantay, Coronel Portillo, Ucayali by Wildfire which destroyed one house. Instituto Nacional de Defensa Civil (INDECI) - 23 October 2025",,Wildfire
204426,Peru,PER,-9.7723755,-74.6466239,"[-9.7723755, -74.6466239]",Recommended figure,Disaster,total,3,2025-09-08,2025-09-08,2025-09-08,2025,36783,Peru: Storm - Pasco (Constitucion) - 08/09/2025,,,2025-09-08,2025-09-08,Weather related,Meteorological,Storm,Storm,,Instituto Nacional de Defensa Civil (INDECI),,"Constitución, Province of Oxapampa, Pasco, Peru","-9.7723755, -74.6466239",County/City/town/Village/Woreda (ADM3),Origin,,2025-11-06T10:15:54.887262Z,"Peru: 3 displacements (destroyed housing), 08 September - 08 September. According to IDMC calculations based on data from INDECI, on 08 September 2025, a total of 3 people were displaced from Constitucion, Oxapampa, Pasco by Storm which destroyed one house. Instituto Nacional de Defensa Civil (INDECI) - 23 October 2025",,Storm
204391,Peru,PER,-9.9773301,-76.6289428,"[-9.9773301, -76.6289428]",Recommended figure,Disaster,total,28,2025-09-08,2025-09-08,2025-09-08,2025,36747,Peru: Wildfire - Huánuco (San Francisco de Asis) - 08/09/2025,,,2025-09-08,2025-09-08,Weather related,Climatological,Wildfire,Wildfire,,Instituto Nacional de Defensa Civil (INDECI),,"San Francisco de Asís, Province of Lauricocha, Huánuco, Peru","-9.9773301, -76.6289428",County/City/town/Village/Woreda (ADM3),Origin,,2025-11-06T10:05:30.545938Z,"Peru: 28 displacements (destroyed housing), 08 September - 08 September. According to IDMC calculations based on data from INDECI, on 08 September 2025, a total of 27 people were displaced from San Francisco De Asis, Lauricocha, Huánuco by Wildfire which destroyed 8 houses. Instituto Nacional de Defensa Civil (INDECI) - 23 October 2025",,Wildfire
204352,Peru,PER,-4.0445016,-78.3559023,"[-4.0445016, -78.3559023]",Recommended figure,Disaster,total,3,2025-09-08,2025-09-08,2025-09-08,2025,36782,Peru: Storm - Amazonas (El Cenepa) - 08/09/2025,,,2025-09-08,2025-09-08,Weather related,Meteorological,Storm,Storm,,Instituto Nacional de Defensa Civil (INDECI),,"El Cenepa, Province of Condorcanqui, Amazonas, Peru","-4.0445016, -78.3559023",County/City/town/Village/Woreda (ADM3),Origin,,2025-11-06T10:05:25.135625Z,"Peru: 3 displacements (destroyed housing), 08 September - 08 September. According to IDMC calculations based on data from INDECI, on 08 September 2025, a total of 3 people were displaced from El Cenepa, Condorcanqui, Amazonas by Storm which destroyed one house. Instituto Nacional de Defensa Civil (INDECI) - 23 October 2025",,Storm
204437,Peru,PER,-15.6495195,-70.3219267,"[-15.6495195, -70.3219267]",Recommended figure,Disaster,total,3,2025-09-07,2025-09-07,2025-09-07,2025,36811,Peru: Storm - Puno (Cabana) - 07/09/2025,,,2025-09-07,2025-09-07,Weather related,Meteorological,Storm,Storm,,Instituto Nacional de Defensa Civil (INDECI),,"Cabana, Province of San Román, Puno, Peru","-15.6495195, -70.3219267",County/City/town/Village/Woreda (ADM3),Origin,,2025-11-06T10:15:58.548837Z,"Peru: 3 displacements (partially destroyed housing), 07 September - 07 September. According to IDMC calculations based on data from INDECI, on 07 September 2025, a total of 3 people were displaced from Cabana, San Román, Puno by Storm which made uninhabitable one house. Instituto Nacional de Defensa Civil (INDECI) - 23 October 2025",,Storm
204448,Peru,PER,-7.4826362,-76.6498915,"[-7.4826362, -76.6498915]",Recommended figure,Disaster,total,7,2025-09-06,2025-09-06,2025-09-06,2025,36809,Peru: Storm - San Martín (Campanilla) - 06/09/2025,,,2025-09-06,2025-09-06,Weather related,Meteorological,Storm,Storm,,Instituto Nacional de Defensa Civil (INDECI),,"Campanilla, Province of Mariscal Cáceres, San Martín, Peru","-7.4826362, -76.6498915",County/City/town/Village/Woreda (ADM3),Origin,,2025-11-06T10:15:59.118813Z,"Peru: 7 displacements (partially destroyed housing), 06 September - 06 September. According to IDMC calculations based on data from INDECI, on 06 September 2025, a total of 6 people were displaced from Campanilla, Mariscal Cáceres, San Martín by Storm which made uninhabitable 2 houses. Instituto Nacional de Defensa Civil (INDECI) - 23 October 2025",,Storm
204453,Peru,PER,-6.46767,-76.2716973,"[-6.46767, -76.2716973]",Recommended figure,Disaster,total,10,2025-09-06,2025-09-06,2025-09-06,2025,36810,Peru: Storm - San Martín (La Banda de Shilcayo) - 06/09/2025,,,2025-09-06,2025-09-06,Weather related,Meteorological,Storm,Storm,,Instituto Nacional de Defensa Civil (INDECI),,"La Banda de Shilcayo, Province of San Martín, San Martín, Peru","-6.46767, -76.2716973",County/City/town/Village/Woreda (ADM3),Origin,,2025-11-06T10:15:59.416446Z,"Peru: 10 displacements (partially destroyed housing), 06 September - 06 September. According to IDMC calculations based on data from INDECI, on 06 September 2025, a total of 10 people were displaced from La Banda De Shilcayo, San Martín, San Martín by Storm which made uninhabitable 3 houses. Instituto Nacional de Defensa Civil (INDECI) - 23 October 2025",,Storm
204445,Peru,PER,-6.9318423,-76.7724793,"[-6.9318423, -76.7724793]",Recommended figure,Disaster,total,3,2025-09-06,2025-09-06,2025-09-06,2025,36781,Peru: Storm - San Martín (Saposoa) - 06/09/2025,,,2025-09-06,2025-09-06,Weather related,Meteorological,Storm,Storm,,Instituto Nacional de Defensa Civil (INDECI),,"Saposoa, Province of Huallaga, San Martín, Peru","-6.9318423, -76.7724793",County/City/town/Village/Woreda (ADM3),Origin,,2025-11-06T10:15:58.965267Z,"Peru: 3 displacements (destroyed housing), 06 September - 06 September. According to IDMC calculations based on data from INDECI, on 06 September 2025, a total of 3 people were displaced from Saposoa, Huallaga, San Martín by Storm which destroyed one house. Instituto Nacional de Defensa Civil (INDECI) - 23 October 2025",,Storm
204440,Peru,PER,-7.0554379,-76.5881865,"[-7.0554379, -76.5881865]",Recommended figure,Disaster,total,3,2025-09-05,2025-09-05,2025-09-05,2025,36806,Peru: Storm - San Martín (Bellavista) - 05/09/2025,,,2025-09-05,2025-09-05,Weather related,Meteorological,Storm,Storm,,Instituto Nacional de Defensa Civil (INDECI),,"Bellavista, Province of Bellavista, San Martín, Peru","-7.0554379, -76.5881865",County/City/town/Village/Woreda (ADM3),Origin,,2025-11-06T10:15:58.703874Z,"Peru: 3 displacements (partially destroyed housing), 05 September - 05 September. According to IDMC calculations based on data from INDECI, on 05 September 2025, a total of 3 people were displaced from Bellavista, Bellavista, San Martín by Storm which made uninhabitable one house. Instituto Nacional de Defensa Civil (INDECI) - 23 October 2025",,Storm
204452,Peru,PER,-6.5719404,-76.1342717,"[-6.5719404, -76.1342717]",Recommended figure,Disaster,total,7,2025-09-05,2025-09-05,2025-09-05,2025,36808,Peru: Storm - San Martín (Chazuta) - 05/09/2025,,,2025-09-05,2025-09-05,Weather related,Meteorological,Storm,Storm,,Instituto Nacional de Defensa Civil (INDECI),,"Chazuta, Province of San Martín, San Martín, Peru","-6.5719404, -76.1342717",County/City/town/Village/Woreda (ADM3),Origin,,2025-11-06T10:15:59.370580Z,"Peru: 7 displacements (partially destroyed housing), 05 September - 05 September. According to IDMC calculations based on data from INDECI, on 05 September 2025, a total of 6 people were displaced from Chazuta, San Martín, San Martín by Storm which made uninhabitable 2 houses. Instituto Nacional de Defensa Civil (INDECI) - 23 October 2025",,Storm
204446,Peru,PER,-6.5884417,-76.4338015,"[-6.5884417, -76.4338015]",Recommended figure,Disaster,total,3,2025-09-05,2025-09-05,2025-09-05,2025,36807,Peru: Storm - San Martín (Cuñumbuqui) - 05/09/2025,,,2025-09-05,2025-09-05,Weather related,Meteorological,Storm,Storm,,Instituto Nacional de Defensa Civil (INDECI),,"Cuñumbuqui, Province of Lamas, San Martín, Peru","-6.5884417, -76.4338015",County/City/town/Village/Woreda (ADM3),Origin,,2025-11-06T10:15:59.016896Z,"Peru: 3 displacements (partially destroyed housing), 05 September - 05 September. According to IDMC calculations based on data from INDECI, on 05 September 2025, a total of 3 people were displaced from Cuñumbuqui, Lamas, San Martín by Storm which made uninhabitable one house. Instituto Nacional de Defensa Civil (INDECI) - 23 October 2025",,Storm
204427,Peru,PER,-4.9150244,-80.3561593,"[-4.9150244, -80.3561593]",Recommended figure,Disaster,total,3,2025-09-05,2025-09-05,2025-09-05,2025,36780,Peru: Storm - Piura (Tambo Grande) - 05/09/2025,,,2025-09-05,2025-09-05,Weather related,Meteorological,Storm,Storm,,Instituto Nacional de Defensa Civil (INDECI),,"Tambo Grande, Province of Piura, Piura, Peru","-4.9150244, -80.3561593",County/City/town/Village/Woreda (ADM3),Origin,,2025-11-06T10:15:54.938239Z,"Peru: 3 displacements (destroyed housing), 05 September - 05 September. According to IDMC calculations based on data from INDECI, on 05 September 2025, a total of 3 people were displaced from Tambo Grande, Piura, Piura by Storm which destroyed one house. Instituto Nacional de Defensa Civil (INDECI) - 23 October 2025",,Storm
204455,Peru,PER,-8.5588272,-74.8123395,"[-8.5588272, -74.8123395]",Recommended figure,Disaster,total,10,2025-09-04,2025-09-04,2025-09-04,2025,36779,Peru: Storm - Ucayali (Campoverde) - 04/09/2025,,,2025-09-04,2025-09-04,Weather related,Meteorological,Storm,Storm,,Instituto Nacional de Defensa Civil (INDECI),,"Campoverde, Province of Coronel Portillo, Ucayali, Peru","-8.5588272, -74.8123395",County/City/town/Village/Woreda (ADM3),Origin,,2025-11-06T10:15:59.516441Z,"Peru: 10 displacements (destroyed housing), 04 September - 04 September. According to IDMC calculations based on data from INDECI, on 04 September 2025, a total of 10 people were displaced from Campoverde, Coronel Portillo, Ucayali by Storm which destroyed 3 houses. Instituto Nacional de Defensa Civil (INDECI) - 23 October 2025",,Storm
204451,Peru,PER,-6.97034,-76.21212,"[-6.97034, -76.21212]",Recommended figure,Disaster,total,28,2025-09-04,2025-09-04,2025-09-04,2025,36805,Peru: Storm - San Martín (Tingo de Ponasa) - 04/09/2025,,,2025-09-04,2025-09-04,Weather related,Meteorological,Storm,Storm,,Instituto Nacional de Defensa Civil (INDECI),,"Tingo De Ponasa, Picota, San Martín Department, Peru","-6.97034, -76.21212",County/City/town/Village/Woreda (ADM3),Origin,,2025-11-06T10:15:59.323361Z,"Peru: 28 displacements (partially destroyed housing), 04 September - 04 September. According to IDMC calculations based on data from INDECI, on 04 September 2025, a total of 27 people were displaced from Tingo De Ponasa, Picota, San Martín by Storm which made uninhabitable 8 houses. Instituto Nacional de Defensa Civil (INDECI) - 23 October 2025",,Storm
204363,Peru,PER,-16.5469355,-71.4752051,"[-16.5469355, -71.4752051]",Recommended figure,Disaster,total,3,2025-09-04,2025-09-04,2025-09-04,2025,36803,Peru: Storm - Arequipa (Yarabamba) - 04/09/2025,,,2025-09-04,2025-09-04,Weather related,Meteorological,Storm,Storm,,Instituto Nacional de Defensa Civil (INDECI),,"Yarabamba, Province of Arequipa, Arequipa, Peru","-16.5469355, -71.4752051",County/City/town/Village/Woreda (ADM3),Origin,,2025-11-06T10:05:25.671147Z,"Peru: 3 displacements (partially destroyed housing), 04 September - 04 September. According to IDMC calculations based on data from INDECI, on 04 September 2025, a total of 3 people were displaced from Yarabamba, Arequipa, Arequipa by Storm which made uninhabitable one house. Instituto Nacional de Defensa Civil (INDECI) - 23 October 2025",,Storm
204466,Peru,PER,-10.7925972,-76.9089114,"[-10.7925972, -76.9089114]",Recommended figure,Disaster,total,28,2025-09-04,2025-09-04,2025-09-04,2025,36740,Peru: Dry mass movement - Lima (Andajes) - 04/09/2025,,,2025-09-04,2025-09-04,Geophysical,Geophysical,Mass Movement,Dry mass movement,,Instituto Nacional de Defensa Civil (INDECI),,"Andajes, Province of Oyón, Lima, Peru","-10.7925972, -76.9089114",County/City/town/Village/Woreda (ADM3),Origin,,2025-11-06T10:17:57.688664Z,"Peru: 28 displacements (destroyed housing), 04 September - 04 September. According to IDMC calculations based on data from INDECI, on 04 September 2025, a total of 27 people were displaced from Andajes, Oyón, Lima by Dry mass movement which destroyed 8 houses. Instituto Nacional de Defensa Civil (INDECI) - 23 October 2025",,Mass Movement
204367,Peru,PER,-7.0698752,-78.9291686,"[-7.0698752, -78.9291686]",Recommended figure,Disaster,total,7,2025-09-04,2025-09-04,2025-09-04,2025,36804,Peru: Storm - Cajamarca (San Miguel) - 04/09/2025,,,2025-09-04,2025-09-04,Weather related,Meteorological,Storm,Storm,,Instituto Nacional de Defensa Civil (INDECI),,"San Miguel, Province of San Miguel, Cajamarca, Peru","-7.0698752, -78.9291686",County/City/town/Village/Woreda (ADM3),Origin,,2025-11-06T10:05:25.866566Z,"Peru: 7 displacements (partially destroyed housing), 04 September - 04 September. According to IDMC calculations based on data from INDECI, on 04 September 2025, a total of 6 people were displaced from San Miguel, San Miguel, Cajamarca by Storm which made uninhabitable 2 houses. Instituto Nacional de Defensa Civil (INDECI) - 23 October 2025",,Storm
204368,Peru,PER,-7.1183111,-78.823435,"[-7.1183111, -78.823435]",Recommended figure,Disaster,total,3,2025-09-04,2025-09-04,2025-09-04,2025,36743,Peru: Dry mass movement - Cajamarca (San Pablo) - 04/09/2025,,,2025-09-04,2025-09-04,Geophysical,Geophysical,Mass Movement,Dry mass movement,,Instituto Nacional de Defensa Civil (INDECI),,"San Pablo, Province of San Pablo, Cajamarca, Peru","-7.1183111, -78.823435",County/City/town/Village/Woreda (ADM3),Origin,,2025-11-06T10:05:25.920137Z,"Peru: 3 displacements (partially destroyed housing), 04 September - 04 September. According to IDMC calculations based on data from INDECI, on 04 September 2025, a total of 3 people were displaced from San Pablo, San Pablo, Cajamarca by Dry mass movement which made uninhabitable one house. Instituto Nacional de Defensa Civil (INDECI) - 23 October 2025",,Mass Movement
204430,Peru,PER,-4.2679,-81.2191059,"[-4.2679, -81.2191059]",Recommended figure,Disaster,total,3,2025-09-03,2025-09-03,2025-09-03,2025,36802,Peru: Storm - Piura (El Alto) - 03/09/2025,,,2025-09-03,2025-09-03,Weather related,Meteorological,Storm,Storm,,Instituto Nacional de Defensa Civil (INDECI),,"El Alto, Province of Talara, Piura, Peru","-4.2679, -81.2191059",County/City/town/Village/Woreda (ADM3),Origin,,2025-11-06T10:15:55.097172Z,"Peru: 3 displacements (partially destroyed housing), 03 September - 03 September. According to IDMC calculations based on data from INDECI, on 03 September 2025, a total of 3 people were displaced from El Alto, Talara, Piura by Storm which made uninhabitable one house. Instituto Nacional de Defensa Civil (INDECI) - 23 October 2025",,Storm
204383,Peru,PER,-12.8121624,-74.6385209,"[-12.8121624, -74.6385209]",Recommended figure,Disaster,total,3,2025-09-03,2025-09-03,2025-09-03,2025,36778,Peru: Storm - Huancavelica (Anta) - 03/09/2025,,,2025-09-03,2025-09-03,Weather related,Meteorological,Storm,Storm,,Instituto Nacional de Defensa Civil (INDECI),,"Anta, Province of Acobamba, Huancavelica, Peru","-12.8121624, -74.6385209",County/City/town/Village/Woreda (ADM3),Origin,,2025-11-06T10:05:30.005809Z,"Peru: 3 displacements (destroyed housing), 03 September - 03 September. According to IDMC calculations based on data from INDECI, on 03 September 2025, a total of 3 people were displaced from Anta, Acobamba, Huancavelica by Storm which destroyed one house. Instituto Nacional de Defensa Civil (INDECI) - 23 October 2025",,Storm
204360,Peru,PER,-13.9596179,-73.1851069,"[-13.9596179, -73.1851069]",Recommended figure,Disaster,total,7,2025-09-03,2025-09-03,2025-09-03,2025,36736,Peru: Mixed disasters - Apurímac (Tintay) - 03/09/2025,,,2025-09-03,2025-09-03,Mixed disasters,Mixed disasters,Mixed disasters,Mixed disasters,,Instituto Nacional de Defensa Civil (INDECI),,"Tintay, Province of Aymaraes, Apurímac, Peru","-13.9596179, -73.1851069",County/City/town/Village/Woreda (ADM3),Origin,,2025-11-06T10:05:25.528423Z,"Peru: 7 displacements (destroyed housing), 03 September - 03 September. According to IDMC calculations based on data from INDECI, on 03 September 2025, a total of 6 people were displaced from Tintay, Aymaraes, Apurímac by Mixed disasters which destroyed 2 houses. Instituto Nacional de Defensa Civil (INDECI) - 23 October 2025",,Mixed disasters
204417,Peru,PER,-10.9470805,-69.5761211,"[-10.9470805, -69.5761211]",Recommended figure,Disaster,total,3,2025-09-03,2025-09-03,2025-09-03,2025,36746,Peru: Wildfire - Madre de Dios (Iñapari) - 03/09/2025,,,2025-09-03,2025-09-03,Weather related,Climatological,Wildfire,Wildfire,,Instituto Nacional de Defensa Civil (INDECI),,"Iñapari, Tahuamanu Province, Madre de Dios, Peru","-10.9470805, -69.5761211",County/City/town/Village/Woreda (ADM3),Origin,,2025-11-06T10:15:54.442781Z,"Peru: 3 displacements (destroyed housing), 03 September - 03 September. According to IDMC calculations based on data from INDECI, on 03 September 2025, a total of 3 people were displaced from Iñapari, Tahuamanu, Madre De Dios by Wildfire which destroyed one house. Instituto Nacional de Defensa Civil (INDECI) - 23 October 2025",,Wildfire
204389,Peru,PER,-9.1388577,-75.8828696,"[-9.1388577, -75.8828696]",Recommended figure,Disaster,total,3,2025-09-02,2025-09-02,2025-09-02,2025,36765,Peru: Flood - Huánuco (Hermilio Valdizan) - 02/09/2025,,,2025-09-02,2025-09-02,Weather related,Hydrological,Flood,Flood,,Instituto Nacional de Defensa Civil (INDECI),,"Hermilio Valdizán, Province of Leoncio Prado, Huánuco, Peru","-9.1388577, -75.8828696",County/City/town/Village/Woreda (ADM3),Origin,,2025-11-06T10:05:30.418480Z,"Peru: 3 displacements (partially destroyed housing), 02 September - 02 September. According to IDMC calculations based on data from INDECI, on 02 September 2025, a total of 3 people were displaced from Hermilio Valdizan, Leoncio Prado, Huánuco by Flood which made uninhabitable one house. Instituto Nacional de Defensa Civil (INDECI) - 23 October 2025",,Flood
204422,Peru,PER,-10.2268546,-75.2824361,"[-10.2268546, -75.2824361]",Recommended figure,Disaster,total,7,2025-09-02,2025-09-02,2025-09-02,2025,36839,Peru: Storm - Pasco (Palcazu) - 02/09/2025,,,2025-09-02,2025-09-02,Weather related,Meteorological,Storm,Storm,,Instituto Nacional de Defensa Civil (INDECI),,"Palcazu, Province of Oxapampa, Pasco, Peru","-10.2268546, -75.2824361",County/City/town/Village/Woreda (ADM3),Origin,,2025-11-06T10:15:54.678077Z,"Peru: 7 displacements, 02 September - 02 September. According to IDMC calculations based on data from INDECI, on 02 September 2025, a total of 6 people were displaced from Palcazu, Oxapampa, Pasco by Storm which made uninhabitable or destroyed 2 houses. Instituto Nacional de Defensa Civil (INDECI) - 23 October 2025",,Storm
204433,Peru,PER,-14.3899129,-70.104701,"[-14.3899129, -70.104701]",Recommended figure,Disaster,total,3,2025-09-02,2025-09-02,2025-09-02,2025,36776,Peru: Storm - Puno (Potoni) - 02/09/2025,,,2025-09-02,2025-09-02,Weather related,Meteorological,Storm,Storm,,Instituto Nacional de Defensa Civil (INDECI),,"Potoni, Province of Azángaro, Puno, Peru","-14.3899129, -70.104701",County/City/town/Village/Woreda (ADM3),Origin,,2025-11-06T10:15:55.241934Z,"Peru: 3 displacements (destroyed housing), 02 September - 02 September. According to IDMC calculations based on data from INDECI, on 02 September 2025, a total of 3 people were displaced from Potoni, Azángaro, Puno by Storm which destroyed one house. Instituto Nacional de Defensa Civil (INDECI) - 23 October 2025",,Storm
204465,Peru,PER,-8.9778326,-75.4474695,"[-8.9778326, -75.4474695]",Recommended figure,Disaster,total,7,2025-09-02,2025-09-02,2025-09-02,2025,36777,Peru: Storm - Ucayali (Huipoca) - 02/09/2025,,,2025-09-02,2025-09-02,Weather related,Meteorological,Storm,Storm,,Instituto Nacional de Defensa Civil (INDECI),,"Huipoca, Province of Padre Abad, Ucayali, Peru","-8.9778326, -75.4474695",County/City/town/Village/Woreda (ADM3),Origin,,2025-11-06T10:17:57.622502Z,"Peru: 7 displacements (destroyed housing), 02 September - 02 September. According to IDMC calculations based on data from INDECI, on 02 September 2025, a total of 6 people were displaced from Huipoca, Padre Abad, Ucayali by Storm which destroyed 2 houses. Instituto Nacional de Defensa Civil (INDECI) - 23 October 2025",,Storm
204364,Peru,PER,-15.3472746,-71.446627,"[-15.3472746, -71.446627]",Recommended figure,Disaster,total,3,2025-09-02,2025-09-02,2025-09-02,2025,36800,Peru: Storm - Arequipa (Tisco) - 02/09/2025,,,2025-09-02,2025-09-02,Weather related,Meteorological,Storm,Storm,,Instituto Nacional de Defensa Civil (INDECI),,"Tisco, Province of Caylloma, Arequipa, Peru","-15.3472746, -71.446627",County/City/town/Village/Woreda (ADM3),Origin,,2025-11-06T10:05:25.718890Z,"Peru: 3 displacements (partially destroyed housing), 02 September - 02 September. According to IDMC calculations based on data from INDECI, on 02 September 2025, a total of 3 people were displaced from Tisco, Caylloma, Arequipa by Storm which made uninhabitable one house. Instituto Nacional de Defensa Civil (INDECI) - 23 October 2025",,Storm
204425,Peru,PER,-9.7723755,-74.6466239,"[-9.7723755, -74.6466239]",Recommended figure,Disaster,total,3,2025-09-02,2025-09-02,2025-09-02,2025,36775,Peru: Storm - Pasco (Constitucion) - 02/09/2025,,,2025-09-02,2025-09-02,Weather related,Meteorological,Storm,Storm,,Instituto Nacional de Defensa Civil (INDECI),,"Constitución, Province of Oxapampa, Pasco, Peru","-9.7723755, -74.6466239",County/City/town/Village/Woreda (ADM3),Origin,,2025-11-06T10:15:54.836687Z,"Peru: 3 displacements (destroyed housing), 02 September - 02 September. According to IDMC calculations based on data from INDECI, on 02 September 2025, a total of 3 people were displaced from Constitucion, Oxapampa, Pasco by Storm which destroyed one house. Instituto Nacional de Defensa Civil (INDECI) - 23 October 2025",,Storm
204380,Peru,PER,-12.6428929,-74.8616179,"[-12.6428929, -74.8616179]",Recommended figure,Disaster,total,3,2025-09-02,2025-09-02,2025-09-02,2025,36762,Peru: Flood - Huancavelica (Acoria) - 02/09/2025,,,2025-09-02,2025-09-02,Weather related,Hydrological,Flood,Flood,,Instituto Nacional de Defensa Civil (INDECI),,"Acoria, Province of Huancavelica, Huancavelica, Peru","-12.6428929, -74.8616179",County/City/town/Village/Woreda (ADM3),Origin,,2025-11-06T10:05:29.790551Z,"Peru: 3 displacements (destroyed housing), 02 September - 02 September. According to IDMC calculations based on data from INDECI, on 02 September 2025, a total of 3 people were displaced from Acoria, Huancavelica, Huancavelica by Flood which destroyed one house. Instituto Nacional de Defensa Civil (INDECI) - 23 October 2025",,Flood
204423,Peru,PER,-10.2956757,-74.9369004,"[-10.2956757, -74.9369004]",Recommended figure,Disaster,total,3,2025-09-02,2025-09-02,2025-09-02,2025,36801,Peru: Storm - Pasco (Puerto Bermudez) - 02/09/2025,,,2025-09-02,2025-09-02,Weather related,Meteorological,Storm,Storm,,Instituto Nacional de Defensa Civil (INDECI),,"Puerto Bermúdez, Province of Oxapampa, Pasco, Peru","-10.2956757, -74.9369004",County/City/town/Village/Woreda (ADM3),Origin,,2025-11-06T10:15:54.726021Z,"Peru: 3 displacements (partially destroyed housing), 02 September - 02 September. According to IDMC calculations based on data from INDECI, on 02 September 2025, a total of 3 people were displaced from Puerto Bermudez, Oxapampa, Pasco by Storm which made uninhabitable one house. Instituto Nacional de Defensa Civil (INDECI) - 23 October 2025",,Storm
204378,Peru,PER,-13.60507,-71.5636,"[-13.60507, -71.5636]",Recommended figure,Disaster,total,10,2025-09-02,2025-09-02,2025-09-02,2025,36742,Peru: Dry mass movement - Cusco (Ccatca) - 02/09/2025,,,2025-09-02,2025-09-02,Geophysical,Geophysical,Mass Movement,Dry mass movement,,Instituto Nacional de Defensa Civil (INDECI),,"Ccatca, Quispicanchi Province, Cuzco Department, Peru","-13.60507, -71.5636",County/City/town/Village/Woreda (ADM3),Origin,,2025-11-06T10:05:29.644043Z,"Peru: 10 displacements (partially destroyed housing), 02 September - 02 September. According to IDMC calculations based on data from INDECI, on 02 September 2025, a total of 10 people were displaced from Ccatca, Quispicanchi, Cusco by Dry mass movement which made uninhabitable 3 houses. Instituto Nacional de Defensa Civil (INDECI) - 23 October 2025",,Mass Movement
204385,Peru,PER,-12.7882357,-74.3589274,"[-12.7882357, -74.3589274]",Recommended figure,Disaster,total,7,2025-09-02,2025-09-02,2025-09-02,2025,36774,Peru: Storm - Huancavelica (La Merced) - 02/09/2025,,,2025-09-02,2025-09-02,Weather related,Meteorological,Storm,Storm,,Instituto Nacional de Defensa Civil (INDECI),,"La Merced, Province of Churcampa, Huancavelica, Peru","-12.7882357, -74.3589274",County/City/town/Village/Woreda (ADM3),Origin,,2025-11-06T10:05:30.145970Z,"Peru: 7 displacements (destroyed housing), 02 September - 02 September. According to IDMC calculations based on data from INDECI, on 02 September 2025, a total of 6 people were displaced from La Merced, Churcampa, Huancavelica by Storm which destroyed 2 houses. Instituto Nacional de Defensa Civil (INDECI) - 23 October 2025",,Storm
204431,Peru,PER,-15.1059765,-69.9865962,"[-15.1059765, -69.9865962]",Recommended figure,Disaster,total,3,2025-09-02,2025-09-02,2025-09-02,2025,36752,Peru: Wildfire - Puno (Chupa) - 02/09/2025,,,2025-09-02,2025-09-02,Weather related,Climatological,Wildfire,Wildfire,,Instituto Nacional de Defensa Civil (INDECI),,"Chupa, Province of Azángaro, Puno, Peru","-15.1059765, -69.9865962",County/City/town/Village/Woreda (ADM3),Origin,,2025-11-06T10:15:55.146151Z,"Peru: 3 displacements (partially destroyed housing), 02 September - 02 September. According to IDMC calculations based on data from INDECI, on 02 September 2025, a total of 3 people were displaced from Chupa, Azángaro, Puno by Wildfire which made uninhabitable one house. Instituto Nacional de Defensa Civil (INDECI) - 23 October 2025",,Wildfire
204436,Peru,PER,-15.3644309,-70.3666168,"[-15.3644309, -70.3666168]",Recommended figure,Disaster,total,17,2025-09-01,2025-09-01,2025-09-01,2025,36751,Peru: Wildfire - Puno (Lampa) - 01/09/2025,,,2025-09-01,2025-09-01,Weather related,Climatological,Wildfire,Wildfire,,Instituto Nacional de Defensa Civil (INDECI),,"Lampa, Province of Lampa, Puno, Peru","-15.3644309, -70.3666168",County/City/town/Village/Woreda (ADM3),Origin,,2025-11-06T10:15:58.503716Z,"Peru: 17 displacements (partially destroyed housing), 01 September - 01 September. According to IDMC calculations based on data from INDECI, on 01 September 2025, a total of 17 people were displaced from Lampa, Lampa, Puno by Wildfire which made uninhabitable 5 houses. Instituto Nacional de Defensa Civil (INDECI) - 23 October 2025",,Wildfire
204351,Peru,PER,-5.7356077,-77.9249713,"[-5.7356077, -77.9249713]",Recommended figure,Disaster,total,7,2025-09-01,2025-09-01,2025-09-01,2025,36741,Peru: Dry mass movement - Amazonas (Yambrasbamba) - 01/09/2025,,,2025-09-01,2025-09-01,Geophysical,Geophysical,Mass Movement,Dry mass movement,,Instituto Nacional de Defensa Civil (INDECI),,"Yambrasbamba, Province of Bongará, Amazonas, Peru","-5.7356077, -77.9249713",County/City/town/Village/Woreda (ADM3),Origin,,2025-11-06T10:05:25.077564Z,"Peru: 7 displacements (partially destroyed housing), 01 September - 01 September. According to IDMC calculations based on data from INDECI, on 01 September 2025, a total of 6 people were displaced from Yambrasbamba, Bongará, Amazonas by Dry mass movement which made uninhabitable 2 houses. Instituto Nacional de Defensa Civil (INDECI) - 23 October 2025",,Mass Movement
204386,Peru,PER,-9.5399908,-76.7370621,"[-9.5399908, -76.7370621]",Recommended figure,Disaster,total,3,2025-09-01,2025-09-01,2025-09-01,2025,36745,Peru: Wildfire - Huánuco (Jacas Grande) - 01/09/2025,,,2025-09-01,2025-09-01,Weather related,Climatological,Wildfire,Wildfire,,Instituto Nacional de Defensa Civil (INDECI),,"Jacas Grande, Province of Huamalíes, Huánuco, Peru","-9.5399908, -76.7370621",County/City/town/Village/Woreda (ADM3),Origin,,2025-11-06T10:05:30.215666Z,"Peru: 3 displacements (destroyed housing), 01 September - 01 September. According to IDMC calculations based on data from INDECI, on 01 September 2025, a total of 3 people were displaced from Jacas Grande, Huamalíes, Huánuco by Wildfire which destroyed one house. Instituto Nacional de Defensa Civil (INDECI) - 23 October 2025",,Wildfire
204394,Peru,PER,-11.3288086,-74.5306852,"[-11.3288086, -74.5306852]",Recommended figure,Disaster,total,3,2025-09-01,2025-09-01,2025-09-01,2025,36773,Peru: Storm - Junín (Mazamari) - 01/09/2025,,,2025-09-01,2025-09-01,Weather related,Meteorological,Storm,Storm,,Instituto Nacional de Defensa Civil (INDECI),,"Mazamari, Province of Satipo, Junín, Peru","-11.3288086, -74.5306852",County/City/town/Village/Woreda (ADM3),Origin,,2025-11-06T10:05:30.736783Z,"Peru: 3 displacements (destroyed housing), 01 September - 01 September. According to IDMC calculations based on data from INDECI, on 01 September 2025, a total of 3 people were displaced from Mazamari, Satipo, Junín by Storm which destroyed one house. Instituto Nacional de Defensa Civil (INDECI) - 23 October 2025",,Storm
204504,Peru,PER,-7.8236151,-78.4478236,"[-7.8236151, -78.4478236]",Recommended figure,Disaster,total,17,2025-08-28,2025-08-28,2025-08-28,2025,36714,Peru: Storm - La Libertad (Charat) - 28/08/2025,,,2025-08-28,2025-08-28,Weather related,Meteorological,Storm,Storm,,Instituto Nacional de Defensa Civil (INDECI),,"Charat, Province of Otuzco, La Libertad, Peru","-7.8236151, -78.4478236",County/City/town/Village/Woreda (ADM3),Origin,,2025-11-06T10:45:20.787046Z,"Peru: 17 displacements (partially destroyed housing), 28 August - 28 August. According to IDMC calculations based on data from INDECI, on 28 August 2025, a total of 17 people were displaced from Charat, Otuzco, La Libertad by Storm which made uninhabitable 5 houses. Instituto Nacional de Defensa Civil (INDECI) - 23 October 2025",,Storm
