id,country,iso3,latitude,longitude,centroid,role,displacement_type,qualifier,figure,displacement_date,displacement_start_date,displacement_end_date,year,event_id,event_name,event_codes,event_code_types,event_start_date,event_end_date,category,subcategory,type,subtype,old_id,sources,source_url,locations_name,locations_coordinates,locations_accuracy,locations_type,displacement_occurred,created_at,description,link,combined_type
224745,Dem. Rep. Congo,COD,-2.96905,29.004779499999998,"[-2.96905, 29.004779499999998]",Recommended figure,Conflict,approximately,2400,2026-01-18,2026-01-18,2026-01-18,2026,39315,Dem. Rep. Congo: Unclear/Unknown - South Kivu - 2026,,,2026-01-01,2026-01-18,,,,,,Office for the Coordination of Humanitarian Affairs (OCHA),,"Kamanyola, Ngweshe (chefferie), Walungu, South Kivu, Democratic Republic of the Congo; Uvira, South Kivu, Democratic Republic of the Congo","-2.73985, 29.00242; -3.19825, 29.007139",County/City/town/Village/Woreda (ADM3); District/Zone/Department (ADM2),Destination; Origin,Displacement without preventive evacuations reported,2026-02-03T00:47:38.462438Z,"Dem. Rep. Congo: 2,400 displacements (forced to flee), 18 January - 18 January. An unclear conflict resulted in approximately 2,400 people being internally displaced from Uvira to Kamanyola (Walungu territory) on 18 January 2026, according to OCHA. Office for the Coordination of Humanitarian Affairs (OCHA) - 20 January 2026",,Conflict
225568,Dem. Rep. Congo,COD,-0.06505,28.771351,"[-0.06505, 28.771351]",Recommended figure,Conflict,approximately,6000,2026-01-17,2026-01-17,2026-01-17,2026,39319,Dem. Rep. Congo: Non-International armed conflict (NIAC) - North Kivu (ADF) - 2026,,,2026-01-01,2026-01-17,,,,,,Local Authorities; United Nations High Commissioner for Refugees (UNHCR),,"Lubero, North Kivu, Democratic Republic of the Congo","-0.06505, 28.771351",District/Zone/Department (ADM2),Origin,Displacement without preventive evacuations reported,2026-02-04T16:29:48.916414Z,"Dem. Rep. Congo: 6,000 displacements, 17 January - 17 January. According to local authorities cited by the UNHCR, approximately 6,000 people were displaced internally from Mavwe-Mavwe on January 17 due to non-international armed conflict. United Nations High Commissioner for Refugees (UNHCR) - 03 February 2026",,Conflict
224292,Dem. Rep. Congo,COD,0.57137,29.38818,"[0.57137, 29.38818]",Triangulation,Disaster,more than or equal to,52,2026-01-13,2026-01-13,2026-01-13,2026,39175,Dem. Rep. Congo: Landslide/Wet mass movement - North Kivu (Burutsi) - 13/01/2026,,,2026-01-13,2026-01-13,Weather related,Hydrological,Mass Movement,Landslide/Wet mass movement,,European Civil Protection and Humanitarian Aid Operations (ECHO),,"Burutsu, Beni, Beni, North Kivu, Democratic Republic of the Congo","0.57137, 29.38818",County/City/town/Village/Woreda (ADM3),Origin,,2026-01-26T16:53:55.107058Z,"Dem. Rep. Congo: 52 displacements (destroyed housing), 13 January - 13 January. According to the ECHO Daily Flash, more than ten households were displaced from Burutsi Village in North Kivu Province on January 13 due to a landslide. European Civil Protection and Humanitarian Aid Operations (ECHO) - 14 January 2026",,Mass Movement
225619,Dem. Rep. Congo,COD,-2.96905,29.004779499999998,"[-2.96905, 29.004779499999998]",Recommended figure,Conflict,approximately,3000,2026-01-31,2026-01-01,2026-01-31,2026,39320,Dem. Rep. Congo: Non-International armed conflict (NIAC) - South Kivu (M23) - 2026,,,2026-01-01,2026-01-31,,,,,,United Nations High Commissioner for Refugees (UNHCR),,"Kamanyola, Ngweshe (chefferie), Walungu, South Kivu, Democratic Republic of the Congo; Uvira, South Kivu, Democratic Republic of the Congo","-2.73985, 29.00242; -3.19825, 29.007139",County/City/town/Village/Woreda (ADM3); District/Zone/Department (ADM2),Destination; Origin,Displacement without preventive evacuations reported,2026-02-04T16:41:25.773017Z,"Dem. Rep. Congo: 3,000 displacements, 01 January - 31 January. According to UNHCR, around 3,000 people were internally displaced from Uvira to Kamanyola January due to non-international armed conflict. United Nations High Commissioner for Refugees (UNHCR) - 03 February 2026",,Conflict
235420,Dem. Rep. Congo,COD,-3.1982504,29.0071409,"[-3.1982504, 29.0071409]",Recommended figure,Conflict,approximately,7851,2025-12-31,2025-12-31,2025-12-31,2025,30448,Dem. Rep. Congo: Non-International armed conflict (NIAC) - South Kivu (M23) - 2025,,,2025-01-05,2025-07-18,,,,,,OCHA - DRC,,"Uvira, South Kivu, Democratic Republic of the Congo","-3.1982504, 29.0071409",District/Zone/Department (ADM2),Destination,Displacement without preventive evacuations reported,2026-02-13T17:42:44.043273Z,"Dem. Rep. Congo: 7,851 displacements, 31 December - 31 December. According to the Office for the Coordination of Humanitarian Affairs (OCHA), a total of 7850 people were internally displaced to Uvira, South Kivu due to Non-International armed conflict (NIAC) between 31 December 2025 and 31 December 2025. OCHA - DRC - 12 February 2026",,Conflict
235421,Dem. Rep. Congo,COD,-2.0518682,28.5686692,"[-2.0518682, 28.5686692]",Recommended figure,Conflict,approximately,1384,2025-12-27,2025-12-23,2025-12-27,2025,30448,Dem. Rep. Congo: Non-International armed conflict (NIAC) - South Kivu (M23) - 2025,,,2025-01-05,2025-07-18,,,,,,OCHA - DRC,,"Kalehe, South Kivu, Democratic Republic of the Congo","-2.0518682, 28.5686692",District/Zone/Department (ADM2),Destination,Displacement without preventive evacuations reported,2026-02-13T17:42:44.103674Z,"Dem. Rep. Congo: 1,384 displacements, 23 December - 27 December. According to the Office for the Coordination of Humanitarian Affairs (OCHA), a total of 1384 people were internally displaced to Kalehe, South Kivu due to Non-International armed conflict (NIAC) between 23 December 2025 and 27 December 2025. OCHA - DRC - 12 February 2026",,Conflict
235404,Dem. Rep. Congo,COD,-5.9460209,29.1967172,"[-5.9460209, 29.1967172]",Recommended figure,Conflict,total,3498,2025-12-31,2025-12-22,2025-12-31,2025,40150,Dem. Rep. Congo: Non-International armed conflict (NIAC) - Tanganyika (M23) - 2025,M23,Local Identifier,2025-01-01,2025-12-31,,,,,,OCHA - DRC,,"Kalemie, Tanganyika, Democratic Republic of the Congo","-5.9460209, 29.1967172",District/Zone/Department (ADM2),Destination,Displacement without preventive evacuations reported,2026-02-13T17:42:43.073402Z,"Dem. Rep. Congo: 3,498 displacements, 22 December - 31 December. According to the Office for the Coordination of Humanitarian Affairs (OCHA), a total of 3498 people were internally displaced to Kalemie, Tanganyika due to Non-International armed conflict (NIAC) between 22 December 2025 and 31 December 2025. OCHA - DRC - 12 February 2026",,Conflict
235405,Dem. Rep. Congo,COD,-5.9460209,29.1967172,"[-5.9460209, 29.1967172]",Recommended figure,Conflict,approximately,9972,2025-12-20,2025-12-20,2025-12-20,2025,40150,Dem. Rep. Congo: Non-International armed conflict (NIAC) - Tanganyika (M23) - 2025,M23,Local Identifier,2025-01-01,2025-12-31,,,,,,OCHA - DRC,,"Kalemie, Tanganyika, Democratic Republic of the Congo","-5.9460209, 29.1967172",District/Zone/Department (ADM2),Destination,Displacement without preventive evacuations reported,2026-02-13T17:42:43.133890Z,"Dem. Rep. Congo: 9,972 displacements, 20 December - 20 December. According to the Office for the Coordination of Humanitarian Affairs (OCHA), a total of 9971 people were internally displaced to Kalemie, Tanganyika due to Non-International armed conflict (NIAC) between 20 December 2025 and 20 December 2025. OCHA - DRC - 12 February 2026",,Conflict
223465,Dem. Rep. Congo,COD,-2.05211,28.535299,"[-2.05211, 28.535299]",Triangulation,Conflict,more than or equal to,13442,2025-12-26,2025-12-19,2025-12-26,2025,30448,Dem. Rep. Congo: Non-International armed conflict (NIAC) - South Kivu (M23) - 2025,,,2025-01-05,2025-07-18,,,,,,OCHA - DRC,,"Kalehe, South Kivu, Democratic Republic of the Congo","-2.05211, 28.535299",District/Zone/Department (ADM2),Origin and destination,Displacement without preventive evacuations reported,2026-01-22T17:13:56.246392Z,"Dem. Rep. Congo: 13,442 displacements, 19 December - 26 December. According to OCHA (citing local sources), more than 2,600 households were internally displaced from localities in Kalehe territory to Kalehe Centre and six health areas between December 19-26, 2025, due to non-international armed conflict. Office for the Coordination of Humanitarian Affairs (OCHA) - 26 December 2026",,Conflict
224750,Dem. Rep. Congo,COD,-2.05211,28.535299,"[-2.05211, 28.535299]",Recommended figure,Conflict,total,14993,2025-12-22,2025-12-19,2025-12-22,2025,30448,Dem. Rep. Congo: Non-International armed conflict (NIAC) - South Kivu (M23) - 2025,,,2025-01-05,2025-07-18,,,,,,OCHA - DRC,,"Kalehe, South Kivu, Democratic Republic of the Congo","-2.05211, 28.535299",District/Zone/Department (ADM2),Origin and destination,Displacement without preventive evacuations reported,2026-02-03T03:38:55.712160Z,"Dem. Rep. Congo: 14,993 displacements, 19 December - 22 December. According to OCHA, 2,900 households were internally displaced from the highlands localities of health areas of Bunyakiri et Minova to the littoral health areas of Lemera, Luzira, Kasheke, Kalehe Centre, Bushushu, Nyamukubi, and Tchofi of Kalehe territory between 19-22 December due to non-international armed conflict. Office for the Coordination of Humanitarian Affairs (OCHA) - 24 February 2025",,Conflict
235765,Dem. Rep. Congo,COD,-1.1869031,29.4461316,"[-1.1869031, 29.4461316]",Recommended figure,Conflict,approximately,30565,2025-12-31,2025-12-15,2025-12-31,2025,37029,Dem. Rep. Congo: Unclear/Unknown - North Kivu - 2025,,,2025-01-05,2025-09-30,,,,,,OCHA - DRC,,"Rutshuru, North Kivu, Democratic Republic of the Congo","-1.1869031, 29.4461316",District/Zone/Department (ADM2),Destination,Displacement without preventive evacuations reported,2026-02-14T10:37:32.932436Z,"Dem. Rep. Congo: 30,565 displacements, 15 December - 31 December. According to the Office for the Coordination of Humanitarian Affairs (OCHA), a total of 30565 people were internally displaced to Rutshuru, North Kivu due to Conflict between 15 December 2025 and 15 January 2026. OCHA - DRC - 12 February 2026",,Conflict
235422,Dem. Rep. Congo,COD,-3.1982504,29.0071409,"[-3.1982504, 29.0071409]",Recommended figure,Conflict,more than or equal to,73000,2025-12-15,2025-12-15,2025-12-15,2025,30448,Dem. Rep. Congo: Non-International armed conflict (NIAC) - South Kivu (M23) - 2025,,,2025-01-05,2025-07-18,,,,,,OCHA - DRC,,"Uvira, South Kivu, Democratic Republic of the Congo","-3.1982504, 29.0071409",District/Zone/Department (ADM2),Destination,Displacement without preventive evacuations reported,2026-02-13T17:42:44.171554Z,"Dem. Rep. Congo: 73,000 displacements, 15 December - 15 December. According to the Office for the Coordination of Humanitarian Affairs (OCHA), a total of 73000 people were internally displaced to Uvira, South Kivu due to Non-International armed conflict (NIAC) between 15 December 2025 and 15 December 2025. OCHA - DRC - 12 February 2026",,Conflict
235530,Dem. Rep. Congo,COD,-1.1869031,29.4461316,"[-1.1869031, 29.4461316]",Recommended figure,Conflict,more than or equal to,23580,2025-12-13,2025-12-13,2025-12-13,2025,37029,Dem. Rep. Congo: Unclear/Unknown - North Kivu - 2025,,,2025-01-05,2025-09-30,,,,,,OCHA - DRC,,"Rutshuru, North Kivu, Democratic Republic of the Congo","-1.1869031, 29.4461316",District/Zone/Department (ADM2),Destination,Displacement without preventive evacuations reported,2026-02-13T17:56:35.916438Z,"Dem. Rep. Congo: 23,580 displacements, 13 December - 13 December. According to the Office for the Coordination of Humanitarian Affairs (OCHA), a total of 23580 people were internally displaced to Rutshuru, North Kivu due to Conflict between 13 December 2025 and 13 December 2025. OCHA - DRC - 12 February 2026",,Conflict
220271,Dem. Rep. Congo,COD,-3.8601525,29.0552525,"[-3.8601525, 29.0552525]",Recommended figure,Conflict,approximately,56000,2025-12-15,2025-12-12,2025-12-15,2025,30675,Dem. Rep. Congo: Unclear/Unknown - South Kivu - 2025,,,2025-02-05,2025-07-26,,,,,,OCHA - DRC,,"Fizi, South Kivu, Democratic Republic of the Congo; KENYA, Tanganyika, Fizi, South Kivu, Democratic Republic of the Congo; Makobola, Fizi, South Kivu, Democratic Republic of the Congo; Mboko, Tanganyika, Fizi, South Kivu, Democratic Republic of the Congo","-4.26968, 28.88063; -3.83167, 29.098419; -3.55257, 29.148491; -3.78669, 29.09347",District/Zone/Department (ADM2); County/City/town/Village/Woreda (ADM3); County/City/town/Village/Woreda (ADM3); County/City/town/Village/Woreda (ADM3),Origin; Destination; Origin; Destination,Displacement without preventive evacuations reported,2026-01-20T19:28:48.551594Z,"Dem. Rep. Congo: 56,000 displacements, 12 December - 15 December. According to OCHA, an unclear conflict resulted in more than 56,000 people being internally displaced from Makobola, Munene, Swima, Ake, and Kabumbe to Mboko and the Kenya health area in Fizi territory, South Kivu, between 12-15 December. Office for the Coordination of Humanitarian Affairs (OCHA) - 16 December 2025",,Conflict
220272,Dem. Rep. Congo,COD,-3.69685,29.06522633333333,"[-3.69685, 29.06522633333333]",Recommended figure,Conflict,approximately,30000,2025-12-15,2025-12-12,2025-12-15,2025,30675,Dem. Rep. Congo: Unclear/Unknown - South Kivu - 2025,,,2025-02-05,2025-07-26,,,,,,OCHA - DRC,,"Baraka, Mutambala, Fizi, South Kivu, Democratic Republic of the Congo; Mboko, Tanganyika, Fizi, South Kivu, Democratic Republic of the Congo; Uvira, South Kivu, Democratic Republic of the Congo","-4.10561, 29.09507; -3.78669, 29.09347; -3.19825, 29.007139",County/City/town/Village/Woreda (ADM3); County/City/town/Village/Woreda (ADM3); District/Zone/Department (ADM2),Destination; Origin; Origin,Displacement without preventive evacuations reported,2026-01-20T19:34:51.000726Z,"Dem. Rep. Congo: 30,000 displacements, 12 December - 15 December. According to OCHA, an unclear conflict resulted in over 30,000 people being internally displaced, mainly from Uvira and Mboko to Baraka, South Kivu, between 12-15 December. Office for the Coordination of Humanitarian Affairs (OCHA) - 16 December 2025",,Conflict
235406,Dem. Rep. Congo,COD,-5.9460209,29.1967172,"[-5.9460209, 29.1967172]",Recommended figure,Conflict,approximately,19155,2025-12-11,2025-12-11,2025-12-11,2025,40150,Dem. Rep. Congo: Non-International armed conflict (NIAC) - Tanganyika (M23) - 2025,M23,Local Identifier,2025-01-01,2025-12-31,,,,,,OCHA - DRC,,"Kalemie, Tanganyika, Democratic Republic of the Congo","-5.9460209, 29.1967172",District/Zone/Department (ADM2),Destination,Displacement without preventive evacuations reported,2026-02-13T17:42:43.185026Z,"Dem. Rep. Congo: 19,155 displacements, 11 December - 11 December. According to the Office for the Coordination of Humanitarian Affairs (OCHA), a total of 19155 people were internally displaced to Kalemie, Tanganyika due to Non-International armed conflict (NIAC) between 11 December 2025 and 11 December 2025. OCHA - DRC - 12 February 2026",,Conflict
235407,Dem. Rep. Congo,COD,-5.9460209,29.1967172,"[-5.9460209, 29.1967172]",Recommended figure,Conflict,more than or equal to,8529,2025-12-11,2025-12-11,2025-12-11,2025,40150,Dem. Rep. Congo: Non-International armed conflict (NIAC) - Tanganyika (M23) - 2025,M23,Local Identifier,2025-01-01,2025-12-31,,,,,,OCHA - DRC,,"Kalemie, Tanganyika, Democratic Republic of the Congo","-5.9460209, 29.1967172",District/Zone/Department (ADM2),Destination,Displacement without preventive evacuations reported,2026-02-13T17:42:43.236223Z,"Dem. Rep. Congo: 8,529 displacements, 11 December - 11 December. According to the Office for the Coordination of Humanitarian Affairs (OCHA), a total of 8528 people were internally displaced to Kalemie, Tanganyika due to Non-International armed conflict (NIAC) between 11 December 2025 and 11 December 2025. OCHA - DRC - 12 February 2026",,Conflict
235408,Dem. Rep. Congo,COD,-5.9460209,29.1967172,"[-5.9460209, 29.1967172]",Recommended figure,Conflict,approximately,11813,2025-12-10,2025-12-10,2025-12-10,2025,40150,Dem. Rep. Congo: Non-International armed conflict (NIAC) - Tanganyika (M23) - 2025,M23,Local Identifier,2025-01-01,2025-12-31,,,,,,OCHA - DRC,,"Kalemie, Tanganyika, Democratic Republic of the Congo","-5.9460209, 29.1967172",District/Zone/Department (ADM2),Destination,Displacement without preventive evacuations reported,2026-02-13T17:42:43.285802Z,"Dem. Rep. Congo: 11,813 displacements, 10 December - 10 December. According to the Office for the Coordination of Humanitarian Affairs (OCHA), a total of 11425 people were internally displaced to Kalemie, Tanganyika due to Non-International armed conflict (NIAC) between 10 December 2025 and 10 December 2025. OCHA - DRC - 12 February 2026",,Conflict
220640,Dem. Rep. Congo,COD,-5.70126,13.14346,"[-5.70126, 13.14346]",Recommended figure,Disaster,approximately,3600,2025-12-10,2025-12-09,2025-12-10,2025,39067,Dem. Rep. Congo: Flood – Kongo Central (Boma) – 10/12/2025,,,2025-12-09,2025-12-10,Weather related,Hydrological,Flood,Flood,,International Federation of the Red Cross (IFRC),,"Boma, Kongo-Central, Democratic Republic of the Congo","-5.70126, 13.14346",District/Zone/Department (ADM2),Origin,Displacement without preventive evacuations reported,2026-01-21T08:00:41.243940Z,"Dem. Rep. Congo: 3,600 displacements, 09 December - 10 December. According to the DRC Red Cross/Kongo Central Branch, 3,600 people were internally displaced in Boma, Kongo Central Province between 09 and 10 December 2025 due to flooding caused by torrential rains. International Federation of the Red Cross (IFRC) - 12 December 2025",,Flood
235409,Dem. Rep. Congo,COD,-5.9460209,29.1967172,"[-5.9460209, 29.1967172]",Recommended figure,Conflict,approximately,8575,2025-12-09,2025-12-09,2025-12-09,2025,40150,Dem. Rep. Congo: Non-International armed conflict (NIAC) - Tanganyika (M23) - 2025,M23,Local Identifier,2025-01-01,2025-12-31,,,,,,OCHA - DRC,,"Kalemie, Tanganyika, Democratic Republic of the Congo","-5.9460209, 29.1967172",District/Zone/Department (ADM2),Destination,Displacement without preventive evacuations reported,2026-02-13T17:42:43.341114Z,"Dem. Rep. Congo: 8,575 displacements, 09 December - 09 December. According to the Office for the Coordination of Humanitarian Affairs (OCHA), a total of 8575 people were internally displaced to Kalemie, Tanganyika due to Non-International armed conflict (NIAC) between 09 December 2025 and 09 December 2025. OCHA - DRC - 12 February 2026",,Conflict
224641,Dem. Rep. Congo,COD,1.45283,29.87483,"[1.45283, 29.87483]",Recommended figure,Conflict,more than or equal to,1200,2025-12-13,2025-12-06,2025-12-13,2025,30480,Dem. Rep. Congo: Non-International armed conflict (NIAC) - Ituri (ADF) - 2025,,,2025-01-30,2025-09-30,,,,,,Local civil society organisations (CSOs); OCHA - DRC,,"Irumu, Ituri, Democratic Republic of the Congo","1.45283, 29.87483",County/City/town/Village/Woreda (ADM3),Origin,Displacement without preventive evacuations reported,2026-01-30T11:22:38.794805Z,"Dem. Rep. Congo: 1,200 displacements, 06 December - 13 December. According to local civil society (cited by OCHA), more than 1,200 people were internally displaced from the Idohu health area in Irumu territory between December 6 and 13, 2025, due to non-international armed conflict. Office for the Coordination of Humanitarian Affairs (OCHA) - 16 January 2026",,Conflict
235772,Dem. Rep. Congo,COD,-0.7403356,26.5815525,"[-0.7403356, 26.5815525]",Recommended figure,Conflict,approximately,16680,2025-12-07,2025-12-06,2025-12-07,2025,40159,Dem. Rep. Congo: Unclear/Unknown - Maniema - 2025,,,2025-01-01,2025-12-31,,,,,,OCHA - DRC,,"Lubutu, Maniema, Democratic Republic of the Congo","-0.7403356, 26.5815525",District/Zone/Department (ADM2),Destination,Displacement without preventive evacuations reported,2026-02-14T10:37:33.300664Z,"Dem. Rep. Congo: 16,680 displacements, 06 December - 07 December. According to the Office for the Coordination of Humanitarian Affairs (OCHA), a total of 16680 people were internally displaced to Lubutu, Maniema due to Conflict between 06 December 2025 and 07 December 2025. OCHA - DRC - 12 February 2026",,Conflict
224642,Dem. Rep. Congo,COD,1.3551250000000001,29.265404500000002,"[1.3551250000000001, 29.265404500000002]",Recommended figure,Conflict,more than or equal to,672,2025-12-06,2025-12-06,2025-12-06,2025,30480,Dem. Rep. Congo: Non-International armed conflict (NIAC) - Ituri (ADF) - 2025,,,2025-01-30,2025-09-30,,,,,,OCHA - DRC,,"Lolwa, Ituri, Democratic Republic of the Congo; Mambasa, Ituri, Democratic Republic of the Congo","1.34992, 29.49539; 1.36033, 29.035419",County/City/town/Village/Woreda (ADM3); County/City/town/Village/Woreda (ADM3),Origin; Origin and destination,Displacement without preventive evacuations reported,2026-01-30T11:34:53.343981Z,"Dem. Rep. Congo: 672 displacements (forced to flee), 06 December - 06 December. According to OCHA, approximately 130 households were internally displaced form villages in Sitarudi and Kadika localities to Lwemba and Teturi health areas in Mandima health zone on December 6, 2025, due to non-international armed conflict. Office for the Coordination of Humanitarian Affairs (OCHA) - 16 January 2026",,Conflict
224640,Dem. Rep. Congo,COD,1.94927,30.529395285714283,"[1.94927, 30.529395285714283]",Recommended figure,Conflict,more than or equal to,100000,2025-12-31,2025-12-02,2025-12-31,2025,30538,Dem. Rep. Congo: Non-International armed conflict (NIAC) - Ituri (CODECO) - 2025,,,2025-01-01,2025-09-28,,,,,,Local Authorities; OCHA - DRC,,"Bambu, Ituri, Democratic Republic of the Congo; Djugu, Ituri, Democratic Republic of the Congo; Fataki, Ituri, Democratic Republic of the Congo; Kilo, Ituri, Democratic Republic of the Congo; Linga, Ituri, Democratic Republic of the Congo; Nizi, Ituri, Democratic Republic of the Congo; Rethy, Ituri, Democratic Republic of the Congo","1.80157, 30.23662; 1.91525, 30.503839; 1.98918, 30.58531; 1.81167, 30.121389; 2.27556, 31.08806; 1.76833, 30.28722; 2.08333, 30.883329",County/City/town/Village/Woreda (ADM3); County/City/town/Village/Woreda (ADM3); County/City/town/Village/Woreda (ADM3); County/City/town/Village/Woreda (ADM3); County/City/town/Village/Woreda (ADM3); County/City/town/Village/Woreda (ADM3); County/City/town/Village/Woreda (ADM3),Origin; Origin; Destination; Origin; Destination; Destination; Destination,Displacement without preventive evacuations reported,2026-01-30T11:12:45.772116Z,"Dem. Rep. Congo: 100,000 displacements (forced to flee), 02 December - 31 December. According to OCHA, more than 100,000 person were displaced from Zones de santé of Fataki, Damas, Mangala, Bambu, and Kilo (Djugu territory, Ituri province) to Plaine Savo displacement site (ZS Fataki), Linga, Nizi, Rethy in December due to non-international armed conflict. Office for the Coordination of Humanitarian Affairs (OCHA) - 16 January 2026",,Conflict
219538,Dem. Rep. Congo,COD,-3.0152771428571428,28.507226857142857,"[-3.0152771428571428, 28.507226857142857]",Recommended figure,Conflict,more than or equal to,500000,2025-12-12,2025-12-02,2025-12-12,2025,30448,Dem. Rep. Congo: Non-International armed conflict (NIAC) - South Kivu (M23) - 2025,,,2025-01-05,2025-07-18,,,,,,OCHA - DRC,,"Fizi, South Kivu, Democratic Republic of the Congo; Kabare, South Kivu, Democratic Republic of the Congo; Kalehe, South Kivu, Democratic Republic of the Congo; Mwenga, South Kivu, Democratic Republic of the Congo; Shabunda, South Kivu, Democratic Republic of the Congo; Uvira, South Kivu, Democratic Republic of the Congo; Walungu, South Kivu, Democratic Republic of the Congo","-4.26968, 28.88063; -2.4132, 28.746889; -2.05211, 28.535299; -3.39341, 28.31061; -3.00949, 27.469971; -3.19825, 29.007139; -2.7708, 28.60005",District/Zone/Department (ADM2); District/Zone/Department (ADM2); District/Zone/Department (ADM2); District/Zone/Department (ADM2); District/Zone/Department (ADM2); District/Zone/Department (ADM2); District/Zone/Department (ADM2),Origin; Origin; Origin; Origin; Origin; Origin; Origin,Displacement without preventive evacuations reported,2026-01-10T06:05:17.541436Z,"Dem. Rep. Congo: 500,000 displacements, 02 December - 12 December. According to OCHA, more than 500,000 people have been inrernally displaced across South Kivu province since December 2, 2025, due to an escalation of armed clashes in the territories of Uvira, Walungu, Mwenga, Shabunda, Kabare, Fizi, and Kalehe. Office for the Coordination of Humanitarian Affairs (OCHA) - 12 December 2025",,Conflict
220275,Dem. Rep. Congo,COD,1.902,30.441923000000003,"[1.902, 30.441923000000003]",Recommended figure,Conflict,approximately,45000,2025-12-10,2025-12-02,2025-12-10,2025,30538,Dem. Rep. Congo: Non-International armed conflict (NIAC) - Ituri (CODECO) - 2025,,,2025-01-01,2025-09-28,,,,,,Office for the Coordination of Humanitarian Affairs (OCHA),,"Bambu, Ituri, Democratic Republic of the Congo; Djugu, Ituri, Democratic Republic of the Congo; Fataki, Ituri, Democratic Republic of the Congo","1.80157, 30.23662; 1.91525, 30.503839; 1.98918, 30.58531",County/City/town/Village/Woreda (ADM3); County/City/town/Village/Woreda (ADM3); County/City/town/Village/Woreda (ADM3),Origin; Origin and destination; Origin,Displacement without preventive evacuations reported,2026-01-20T19:45:05.933214Z,"Dem. Rep. Congo: 45,000 displacements, 02 December - 10 December. According to OCHA, approximately 45,000 internally displaced people were recorded from the health zones of Damas, Fataki, Mangala, and Bambu to Damas, Fataki, Bambu, and Bule in Djugu Territory, Ituri, between 2-10 December due to non-international armed conflict. Office for the Coordination of Humanitarian Affairs (OCHA) - 16 December 2025",,Conflict
219468,Dem. Rep. Congo,COD,-3.015277142857143,28.507226857142854,"[-3.015277142857143, 28.507226857142854]",Triangulation,Conflict,more than or equal to,200000,2025-12-07,2025-12-02,2025-12-07,2025,30448,Dem. Rep. Congo: Non-International armed conflict (NIAC) - South Kivu (M23) - 2025,,,2025-01-05,2025-07-18,,,,,,OCHA - DRC,,"Fizi, South Kivu, Democratic Republic of the Congo; Kabare, South Kivu, Democratic Republic of the Congo; Kalehe, South Kivu, Democratic Republic of the Congo; Mwenga, South Kivu, Democratic Republic of the Congo; Shabunda, South Kivu, Democratic Republic of the Congo; Uvira, South Kivu, Democratic Republic of the Congo; Walungu, South Kivu, Democratic Republic of the Congo","-4.26968, 28.88063; -2.4132, 28.746889; -2.05211, 28.535299; -3.39341, 28.31061; -3.00949, 27.469971; -3.19825, 29.007139; -2.7708, 28.60005",District/Zone/Department (ADM2); District/Zone/Department (ADM2); District/Zone/Department (ADM2); District/Zone/Department (ADM2); District/Zone/Department (ADM2); District/Zone/Department (ADM2); District/Zone/Department (ADM2),Origin; Origin; Origin; Origin; Origin; Origin; Origin,Displacement without preventive evacuations reported,2026-01-08T20:50:51.547055Z,"Dem. Rep. Congo: 200,000 displacements, 02 December - 07 December. According to OCHA, more than 200,000 people were displaced within South Kivu province between 2 and 7 December 2025 due to non-international armed conflict. Office for the Coordination of Humanitarian Affairs (OCHA) - 08 December 2025",,Conflict
224614,Dem. Rep. Congo,COD,-1.08844,29.235136,"[-1.08844, 29.235136]",Recommended figure,Conflict,more than or equal to,1277,2025-12-31,2025-12-01,2025-12-31,2025,29179,Dem. Rep. Congo: Non-International armed conflict (NIAC) - North Kivu (M23) - 2025,,,2025-01-01,2025-12-31,,,,,,OCHA - DRC,,"Kashalira, Bwito, Rutshuru, North Kivu, Democratic Republic of the Congo; Katsiru, Bwito, Rutshuru, North Kivu, Democratic Republic of the Congo; Kiwanja, Bwisha, Rutshuru, North Kivu, Democratic Republic of the Congo","-0.98641, 29.166229; -1.12124, 29.10796; -1.15767, 29.431219",County/City/town/Village/Woreda (ADM3); County/City/town/Village/Woreda (ADM3); County/City/town/Village/Woreda (ADM3),Origin; Origin; Destination,Displacement without preventive evacuations reported,2026-01-29T14:08:38.585421Z,"Dem. Rep. Congo: 1,277 displacements, 01 December - 31 December. According to OCHA, at least 247 households were internally displaced from Kashalira, Katsiru, and Ihula to Kiwanja city in Rutshuru territory during December 2025 due to non-international armed conflict. Office for the Coordination of Humanitarian Affairs (OCHA) - 16 January 2026",,Conflict
224751,Dem. Rep. Congo,COD,-2.3190999999999997,28.789429499999997,"[-2.3190999999999997, 28.789429499999997]",Recommended figure,Conflict,more than or equal to,36102,2025-12-31,2025-12-01,2025-12-31,2025,30675,Dem. Rep. Congo: Unclear/Unknown - South Kivu - 2025,,,2025-02-05,2025-07-26,,,,,,OCHA - DRC,,"Kabare, South Kivu, Democratic Republic of the Congo; Katana centre, Kabare (chefferie), Kabare, South Kivu, Democratic Republic of the Congo","-2.4132, 28.746889; -2.225, 28.83197",District/Zone/Department (ADM2); County/City/town/Village/Woreda (ADM3),Origin and destination; Destination,Displacement without preventive evacuations reported,2026-02-03T03:55:51.492031Z,"Dem. Rep. Congo: 36,102 displacements (forced to flee), 01 December - 31 December. According to OCHA, an unclear conflict resulted in the internal displacement of more than 6,983 households to the Katana health zone in Kabare territory in December 2025. Office for the Coordination of Humanitarian Affairs (OCHA) - 24 February 2025",,Conflict
235398,Dem. Rep. Congo,COD,-5.9460209,29.1967172,"[-5.9460209, 29.1967172]",Recommended figure,Conflict,more than or equal to,8000,2025-12-01,2025-11-28,2025-12-01,2025,40155,Dem. Rep. Congo: Unclear/Unknown - Tanganyika - 2025,,,2025-01-01,2025-12-31,,,,,,OCHA - DRC,,"Kalemie, Tanganyika, Democratic Republic of the Congo","-5.9460209, 29.1967172",District/Zone/Department (ADM2),Destination,Displacement without preventive evacuations reported,2026-02-13T17:29:36.316931Z,"Dem. Rep. Congo: 8,000 displacements, 28 November - 01 December. According to the Office for the Coordination of Humanitarian Affairs (OCHA), a total of 8000 people were internally displaced to Kalemie, Tanganyika due to Conflict between 28 November 2025 and 01 December 2025. OCHA - DRC - 12 February 2026",,Conflict
235773,Dem. Rep. Congo,COD,-2.9493766,25.9184499,"[-2.9493766, 25.9184499]",Recommended figure,Disaster,more than or equal to,11600,2025-11-27,2025-11-27,2025-11-27,2025,40193,Dem. Rep. Congo: Flood - Maniema - 01/11/2025,,,2025-11-01,2025-11-30,Weather related,Hydrological,Flood,Flood,,OCHA - DRC,,"Kindu, Maniema, Democratic Republic of the Congo","-2.9493766, 25.9184499",District/Zone/Department (ADM2),Destination,,2026-02-14T10:37:33.353807Z,"Dem. Rep. Congo: 11,600 displacements (uninhabitable housing), 27 November - 27 November. According to the Office for the Coordination of Humanitarian Affairs (OCHA), a total of 11600 people were internally displaced to Kindu, Maniema due to Flood between 27 November 2025 and 27 November 2025. OCHA - DRC - 12 February 2026",,Flood
219824,Dem. Rep. Congo,COD,-0.93516,29.264304000000003,"[-0.93516, 29.264304000000003]",Recommended figure,Conflict,approximately,6000,2025-11-30,2025-11-26,2025-11-30,2025,30448,Dem. Rep. Congo: Non-International armed conflict (NIAC) - South Kivu (M23) - 2025,,,2025-01-05,2025-07-18,,,,,,OCHA - DRC,,"Kibirizi, Bwito, Rutshuru, North Kivu, Democratic Republic of the Congo; Rutshuru, North Kivu, Democratic Republic of the Congo","-0.90812, 29.203039; -0.9622, 29.325569",County/City/town/Village/Woreda (ADM3); District/Zone/Department (ADM2),Destination; Origin,Displacement without preventive evacuations reported,2026-01-14T14:29:23.770932Z,"Dem. Rep. Congo: 6,000 displacements, 26 November - 30 November. According to OCHA, approximately 6,000 people were internally displaced from Bukombo and Kihondo groupements in Rutshuru territory to Kibirizi and Kabanda between 26 and 30 November 2025 due to non-international armed confltct. Office for the Coordination of Humanitarian Affairs (OCHA) - 12 November 2025",,Conflict
235550,Dem. Rep. Congo,COD,-1.1869031,29.4461316,"[-1.1869031, 29.4461316]",Recommended figure,Conflict,approximately,6070,2025-11-26,2025-11-26,2025-11-26,2025,29179,Dem. Rep. Congo: Non-International armed conflict (NIAC) - North Kivu (M23) - 2025,,,2025-01-01,2025-12-31,,,,,,OCHA - DRC,,"Rutshuru, North Kivu, Democratic Republic of the Congo","-1.1869031, 29.4461316",District/Zone/Department (ADM2),Destination,Displacement without preventive evacuations reported,2026-02-13T18:11:06.368337Z,"Dem. Rep. Congo: 6,070 displacements, 26 November - 26 November. According to the Office for the Coordination of Humanitarian Affairs (OCHA), a total of 6070 people were internally displaced to Rutshuru, North Kivu due to Non-International armed conflict (NIAC) between 26 November 2025 and 26 November 2025. OCHA - DRC - 12 February 2026",,Conflict
221326,Dem. Rep. Congo,COD,-3.00949,27.469971,"[-3.00949, 27.469971]",Recommended figure,Conflict,total,6313,2025-11-25,2025-11-25,2025-11-25,2025,39091,Dem. Rep. Congo: Communal violence - South Kivu (Shabunda) - 23/11/2025,,,2025-11-23,2025-11-25,,,,,,OCHA - DRC,,"Shabunda, South Kivu, Democratic Republic of the Congo","-3.00949, 27.469971",District/Zone/Department (ADM2),Origin,Displacement without preventive evacuations reported,2026-01-21T13:44:47.194056Z,"Dem. Rep. Congo: 6,313 displacements (forced to flee), 25 November - 25 November. According to OCHA, communal violence in Wankenge, Shabunda territory lead to the internal displacement of 1,221 households to the bush from on 25 November 2025. Office for the Coordination of Humanitarian Affairs (OCHA) - 17 December 2025",,Conflict
235425,Dem. Rep. Congo,COD,-2.0518682,28.5686692,"[-2.0518682, 28.5686692]",Recommended figure,Conflict,approximately,9414,2025-11-25,2025-11-25,2025-11-25,2025,30448,Dem. Rep. Congo: Non-International armed conflict (NIAC) - South Kivu (M23) - 2025,,,2025-01-05,2025-07-18,,,,,,OCHA - DRC,,"Kalehe, South Kivu, Democratic Republic of the Congo","-2.0518682, 28.5686692",District/Zone/Department (ADM2),Destination,Displacement without preventive evacuations reported,2026-02-13T17:42:44.363182Z,"Dem. Rep. Congo: 9,414 displacements, 25 November - 25 November. According to the Office for the Coordination of Humanitarian Affairs (OCHA), a total of 9414 people were internally displaced to Kalehe, South Kivu due to Non-International armed conflict (NIAC) between 25 November 2025 and 25 November 2025. OCHA - DRC - 12 February 2026",,Conflict
219458,Dem. Rep. Congo,COD,-3.18207,16.2045,"[-3.18207, 16.2045]",Recommended figure,Conflict,approximately,155,2025-11-23,2025-11-23,2025-11-23,2025,37923,Dem. Rep. Congo: Communal violence - Mai Ndombe (Kwamouth) - 23/11/2025,,,2025-11-23,2025-11-23,,,,,,OCHA - DRC,,"Kwamouth, Plateaux, Mai-Ndombe, Democratic Republic of the Congo","-3.18207, 16.2045",County/City/town/Village/Woreda (ADM3),Origin,,2026-01-08T16:29:56.511715Z,"Dem. Rep. Congo: 155 displacements (destroyed housing), 23 November - 23 November. According to OCHA, approximately 30 households were burned, resulting in the internal displacement of more than 155 people from Nkana village to the outskirts of Kinshasa on November 23, 2025, due to communal violence. Office for the Coordination of Humanitarian Affairs (OCHA) - 02 December 2026",,Conflict
221308,Dem. Rep. Congo,COD,-3.00949,27.469971,"[-3.00949, 27.469971]",Recommended figure,Conflict,total,538,2025-11-23,2025-11-23,2025-11-23,2025,39091,Dem. Rep. Congo: Communal violence - South Kivu (Shabunda) - 23/11/2025,,,2025-11-23,2025-11-25,,,,,,OCHA - DRC,,"Shabunda, South Kivu, Democratic Republic of the Congo","-3.00949, 27.469971",District/Zone/Department (ADM2),Origin,Displacement without preventive evacuations reported,2026-01-21T13:38:26.207462Z,"Dem. Rep. Congo: 538 displacements, 23 November - 23 November. According to OCHA, exactly 104 households were internally displaced from Chateka, Shabunda territory on 23 November 2025 after communal violence. Office for the Coordination of Humanitarian Affairs (OCHA) - 17 December 2025",,Conflict
219846,Dem. Rep. Congo,COD,-3.2168499999999995,28.992976666666667,"[-3.2168499999999995, 28.992976666666667]",Recommended figure,Conflict,more than or equal to,5000,2025-11-30,2025-11-22,2025-11-30,2025,30448,Dem. Rep. Congo: Non-International armed conflict (NIAC) - South Kivu (M23) - 2025,,,2025-01-05,2025-07-18,,,,,,OCHA - DRC,,"Kashebere, Osso, Masisi, North Kivu, Democratic Republic of the Congo; Ngenge, Walikale, North Kivu, Democratic Republic of the Congo; Ntoto, Tanganyika, Democratic Republic of the Congo","-1.31223, 28.67277; -1.36996, 28.5758; -6.96836, 29.73036",County/City/town/Village/Woreda (ADM3); County/City/town/Village/Woreda (ADM3); County/City/town/Village/Woreda (ADM3),Destination; Origin; Destination,Displacement without preventive evacuations reported,2026-01-15T11:48:38.353210Z,"Dem. Rep. Congo: 5,000 displacements, 22 November - 30 November. According to OCHA, more than 5,000 people were displaced from Ngenge locality in Walikale territory to Lushali, Kashebere and Ntoto between 22 and 30 November 2025 due to non-international armed conflict. Office for the Coordination of Humanitarian Affairs (OCHA) - 12 November 2025",,Conflict
235832,Dem. Rep. Congo,COD,-8.853504,26.1179557,"[-8.853504, 26.1179557]",Recommended figure,Conflict,approximately,17892,2025-11-22,2025-11-22,2025-11-22,2025,40158,Dem. Rep. Congo: Unclear/Unknown - Haut-Lomami - 2025,,,2025-01-01,2025-12-31,,,,,,OCHA - DRC,,"Bukama, Haut-Lomami, Democratic Republic of the Congo","-8.853504, 26.1179557",District/Zone/Department (ADM2),Destination,Displacement without preventive evacuations reported,2026-02-14T10:53:22.865994Z,"Dem. Rep. Congo: 17,892 displacements, 22 November - 22 November. According to the Office for the Coordination of Humanitarian Affairs (OCHA), a total of 17892 people were internally displaced to Bukama, Haut-Lomami due to Conflict between 22 November 2025 and 22 November 2025. OCHA - DRC - 12 February 2026",,Conflict
219536,Dem. Rep. Congo,COD,1.34992,29.49539,"[1.34992, 29.49539]",Recommended figure,Conflict,more than or equal to,5600,2025-11-22,2025-11-22,2025-11-22,2025,30480,Dem. Rep. Congo: Non-International armed conflict (NIAC) - Ituri (ADF) - 2025,,,2025-01-30,2025-09-30,,,,,,OCHA - DRC,,"Lolwa, Ituri, Democratic Republic of the Congo","1.34992, 29.49539",County/City/town/Village/Woreda (ADM3),Origin,Displacement reporting preventive evacuations,2026-01-09T18:01:33.957826Z,"Dem. Rep. Congo: 5,600 displacements (forced to flee), 22 November - 22 November. According to a local partner, approximately 5,600 people internally displaced from Lolwa health area, Mambasa territory, on November 22, 2025, due to non-international armed conflict. Office for the Coordination of Humanitarian Affairs (OCHA) - 12 December 2026",,Conflict
235429,Dem. Rep. Congo,COD,-2.993575,27.4702053,"[-2.993575, 27.4702053]",Recommended figure,Conflict,approximately,10614,2025-11-20,2025-11-20,2025-11-20,2025,30448,Dem. Rep. Congo: Non-International armed conflict (NIAC) - South Kivu (M23) - 2025,,,2025-01-05,2025-07-18,,,,,,OCHA - DRC,,"Shabunda, South Kivu, Democratic Republic of the Congo","-2.993575, 27.4702053",District/Zone/Department (ADM2),Destination,Displacement without preventive evacuations reported,2026-02-13T17:42:48.159558Z,"Dem. Rep. Congo: 10,614 displacements, 20 November - 20 November. According to the Office for the Coordination of Humanitarian Affairs (OCHA), a total of 10614 people were internally displaced to Shabunda, South Kivu due to Non-International armed conflict (NIAC) between 20 November 2025 and 20 November 2025. OCHA - DRC - 12 February 2026",,Conflict
235756,Dem. Rep. Congo,COD,-1.0728008,27.9753698,"[-1.0728008, 27.9753698]",Recommended figure,Conflict,approximately,12110,2025-11-20,2025-11-20,2025-11-20,2025,29179,Dem. Rep. Congo: Non-International armed conflict (NIAC) - North Kivu (M23) - 2025,,,2025-01-01,2025-12-31,,,,,,OCHA - DRC,,"Walikale, North Kivu, Democratic Republic of the Congo","-1.0728008, 27.9753698",District/Zone/Department (ADM2),Destination,Displacement without preventive evacuations reported,2026-02-14T10:37:30.331582Z,"Dem. Rep. Congo: 12,110 displacements, 20 November - 20 November. According to the Office for the Coordination of Humanitarian Affairs (OCHA), a total of 12110 people were internally displaced to Walikale, North Kivu due to Non-International armed conflict (NIAC) between 20 November 2025 and 20 November 2025. OCHA - DRC - 12 February 2026",,Conflict
235549,Dem. Rep. Congo,COD,-1.3972123,28.8170537,"[-1.3972123, 28.8170537]",Recommended figure,Conflict,approximately,24300,2025-11-20,2025-11-20,2025-11-20,2025,29179,Dem. Rep. Congo: Non-International armed conflict (NIAC) - North Kivu (M23) - 2025,,,2025-01-01,2025-12-31,,,,,,OCHA - DRC,,"Masisi, North Kivu, Democratic Republic of the Congo","-1.3972123, 28.8170537",District/Zone/Department (ADM2),Destination,Displacement without preventive evacuations reported,2026-02-13T18:11:06.258278Z,"Dem. Rep. Congo: 24,300 displacements, 20 November - 20 November. According to the Office for the Coordination of Humanitarian Affairs (OCHA), a total of 24300 people were internally displaced to Masisi, North Kivu due to Non-International armed conflict (NIAC) between 20 November 2025 and 20 November 2025. OCHA - DRC - 12 February 2026",,Conflict
235428,Dem. Rep. Congo,COD,-3.0408087,28.4315154,"[-3.0408087, 28.4315154]",Recommended figure,Conflict,approximately,13200,2025-11-20,2025-11-20,2025-11-20,2025,30448,Dem. Rep. Congo: Non-International armed conflict (NIAC) - South Kivu (M23) - 2025,,,2025-01-05,2025-07-18,,,,,,OCHA - DRC,,"Mwenga, South Kivu, Democratic Republic of the Congo","-3.0408087, 28.4315154",District/Zone/Department (ADM2),Destination,Displacement without preventive evacuations reported,2026-02-13T17:42:48.106030Z,"Dem. Rep. Congo: 13,200 displacements, 20 November - 20 November. According to the Office for the Coordination of Humanitarian Affairs (OCHA), a total of 13200 people were internally displaced to Mwenga, South Kivu due to Non-International armed conflict (NIAC) between 20 November 2025 and 20 November 2025. OCHA - DRC - 12 February 2026",,Conflict
219535,Dem. Rep. Congo,COD,2.30035,30.991739,"[2.30035, 30.991739]",Recommended figure,Conflict,approximately,1000,2025-11-18,2025-11-18,2025-11-18,2025,37936,Dem. Rep. Congo: Communal violence - Mahagi - 01/11/2025,,,2025-11-01,2025-11-30,,,,,,OCHA - DRC,,"Mahagi, Ituri, Democratic Republic of the Congo","2.30035, 30.991739",County/City/town/Village/Woreda (ADM3),Origin and destination,Displacement without preventive evacuations reported,2026-01-09T17:53:19.836817Z,"Dem. Rep. Congo: 1,000 displacements, 18 November - 18 November. According to OCHA, approximately 1,000 people were displaced from Musongwa health area to Muswa health area on November 18, 2025, due to communal violence in Mahagi territory, Ituri province. Office for the Coordination of Humanitarian Affairs (OCHA) - 12 December 2026",,Conflict
219848,Dem. Rep. Congo,COD,-1.177515,28.7919905,"[-1.177515, 28.7919905]",Recommended figure,Conflict,approximately,3000,2025-11-17,2025-11-16,2025-11-17,2025,30448,Dem. Rep. Congo: Non-International armed conflict (NIAC) - South Kivu (M23) - 2025,,,2025-01-05,2025-07-18,,,,,,OCHA - DRC,,"Masisi, North Kivu, Democratic Republic of the Congo; Pinga, Walikale, North Kivu, Democratic Republic of the Congo","-1.37107, 28.882; -0.98396, 28.701981",District/Zone/Department (ADM2); County/City/town/Village/Woreda (ADM3),Origin; Destination,Displacement without preventive evacuations reported,2026-01-15T12:02:51.862660Z,"Dem. Rep. Congo: 3,000 displacements (forced to flee), 16 November - 17 November. According to OCHA, approximately 3,000 people were displaced from Masisi territory to Pinga health zone in Walikale territory on 16 and 17 November due to non-international armed conflict. Office for the Coordination of Humanitarian Affairs (OCHA) - 12 November 2025",,Conflict
235556,Dem. Rep. Congo,COD,-1.0728008,27.9753698,"[-1.0728008, 27.9753698]",Recommended figure,Conflict,approximately,2987,2025-11-17,2025-11-16,2025-11-17,2025,29179,Dem. Rep. Congo: Non-International armed conflict (NIAC) - North Kivu (M23) - 2025,,,2025-01-01,2025-12-31,,,,,,OCHA - DRC,,"Walikale, North Kivu, Democratic Republic of the Congo","-1.0728008, 27.9753698",District/Zone/Department (ADM2),Destination,Displacement without preventive evacuations reported,2026-02-13T18:11:06.908118Z,"Dem. Rep. Congo: 2,987 displacements, 16 November - 17 November. According to the Office for the Coordination of Humanitarian Affairs (OCHA), a total of 2987 people were internally displaced to Walikale, North Kivu due to Non-International armed conflict (NIAC) between 16 November 2025 and 17 November 2025. OCHA - DRC - 12 February 2026",,Conflict
235307,Dem. Rep. Congo,COD,-5.9460209,29.1967172,"[-5.9460209, 29.1967172]",Recommended figure,Conflict,more than or equal to,7000,2025-11-16,2025-11-16,2025-11-16,2025,40155,Dem. Rep. Congo: Unclear/Unknown - Tanganyika - 2025,,,2025-01-01,2025-12-31,,,,,,OCHA - DRC,,"Kalemie, Tanganyika, Democratic Republic of the Congo","-5.9460209, 29.1967172",District/Zone/Department (ADM2),Destination,Displacement without preventive evacuations reported,2026-02-13T17:16:51.973452Z,"Dem. Rep. Congo: 7,000 displacements, 16 November - 16 November. According to the Office for the Coordination of Humanitarian Affairs (OCHA), a total of 7000 people were internally displaced to Kalemie, Tanganyika due to Conflict between 16 November 2025 and 16 November 2025. OCHA - DRC - 12 February 2026",,Conflict
219847,Dem. Rep. Congo,COD,-3.2168499999999995,28.992976666666667,"[-3.2168499999999995, 28.992976666666667]",Recommended figure,Conflict,more than or equal to,2400,2025-11-16,2025-11-16,2025-11-16,2025,30448,Dem. Rep. Congo: Non-International armed conflict (NIAC) - South Kivu (M23) - 2025,,,2025-01-05,2025-07-18,,,,,,OCHA - DRC,,"Kashebere, Osso, Masisi, North Kivu, Democratic Republic of the Congo; Ngenge, Walikale, North Kivu, Democratic Republic of the Congo; Ntoto, Tanganyika, Democratic Republic of the Congo","-1.31223, 28.67277; -1.36996, 28.5758; -6.96836, 29.73036",County/City/town/Village/Woreda (ADM3); County/City/town/Village/Woreda (ADM3); County/City/town/Village/Woreda (ADM3),Destination; Origin; Destination,Displacement without preventive evacuations reported,2026-01-15T11:54:26.735917Z,"Dem. Rep. Congo: 2,400 displacements (forced to flee), 16 November - 16 November. According to OCHA, more than 2,400 people were internally displaced from Bukumbirwa locality in Walikale territory to the bush and then to Langira, Ntoto, Kashebere and Mungazi on 16 November due to non-international armed conflict. Office for the Coordination of Humanitarian Affairs (OCHA) - 12 November 2025",,Conflict
224638,Dem. Rep. Congo,COD,-1.3645800000000001,28.34655,"[-1.3645800000000001, 28.34655]",Recommended figure,Conflict,more than or equal to,24300,2025-12-31,2025-11-15,2025-12-31,2025,29179,Dem. Rep. Congo: Non-International armed conflict (NIAC) - North Kivu (M23) - 2025,,,2025-01-01,2025-12-31,,,,,,OCHA - DRC,,"Katoyi, Masisi, North Kivu, Democratic Republic of the Congo; Walikale, North Kivu, Democratic Republic of the Congo","-1.65595, 28.715099; -1.07321, 27.978001",County/City/town/Village/Woreda (ADM3); District/Zone/Department (ADM2),Origin and destination; Destination,Displacement without preventive evacuations reported,2026-01-30T08:48:06.457510Z,"Dem. Rep. Congo: 24,300 displacements, 15 November - 31 December. According to OCHA (citing humanitarian partners), at least 24,300 people were internally displaced to Nyalipe and Mobeko in Katoyi sector, Masisi territory, since mid-November 2025 due to non-international armed conflict. Office for the Coordination of Humanitarian Affairs (OCHA) - 16 January 2026",,Conflict
235304,Dem. Rep. Congo,COD,-5.9460209,29.1967172,"[-5.9460209, 29.1967172]",Recommended figure,Disaster,approximately,2625,2025-11-15,2025-11-14,2025-11-15,2025,40197,Dem. Rep. Congo: Flood - Tanganyika - 01/11/2025,,,2025-11-01,2025-11-30,Weather related,Hydrological,Flood,Flood,,OCHA - DRC,,"Kalemie, Tanganyika, Democratic Republic of the Congo","-5.9460209, 29.1967172",District/Zone/Department (ADM2),Destination,,2026-02-13T17:16:51.761873Z,"Dem. Rep. Congo: 2,625 displacements (uninhabitable housing), 14 November - 15 November. According to the Office for the Coordination of Humanitarian Affairs (OCHA), a total of 2625 people were internally displaced to Kalemie, Tanganyika due to Flood between 14 November 2025 and 15 November 2025. OCHA - DRC - 12 February 2026",,Flood
218238,Dem. Rep. Congo,COD,-0.06505,28.771351,"[-0.06505, 28.771351]",Recommended figure,Conflict,more than or equal to,2500,2025-11-13,2025-11-13,2025-11-13,2025,31275,Dem. Rep. Congo: Non-International armed conflict (NIAC) - North Kivu (ADF) - 2025,,,2025-01-01,2025-08-15,,,,,,Local Authorities; Office for the Coordination of Humanitarian Affairs (OCHA),,"Lubero, North Kivu, Democratic Republic of the Congo","-0.06505, 28.771351",District/Zone/Department (ADM2),Origin,Displacement without preventive evacuations reported,2025-12-17T15:27:29.500806Z,"Dem. Rep. Congo: 2,500 displacements, 13 November - 13 November. According to OCHA, more than or equal to 2500 persons were displaced from multiple villages across Lubero Territory, North Kivu Province to Nearby localities during since 13 November due to non-international armed conflict. Office for the Coordination of Humanitarian Affairs (OCHA) - 18 November 2025",,Conflict
218209,Dem. Rep. Congo,COD,-4.47928,15.78344,"[-4.47928, 15.78344]",Recommended figure,Disaster,total,63330,2025-11-12,2025-11-12,2025-11-12,2025,37653,Dem. Rep. Congo: Flood - Kinshasa - 12/11/2025,,,2025-11-12,2025-11-12,Weather related,Hydrological,Flood,Flood,,International Federation of the Red Cross (IFRC),,"Kinshasa, Democratic Republic of the Congo","-4.47928, 15.78344",State/Region/Province (ADM1),Origin,Displacement without preventive evacuations reported,2025-12-17T14:20:05.775596Z,"Dem. Rep. Congo: 63,330 displacements, 12 November - 12 November. According to the International Federation of Red Cross and Red Crescent Societies (IFRC), a total of 63,330 people were internally displaced Kinshasa on November 12, 2025, due to flooding. International Federation of the Red Cross (IFRC) - 13 November 2025",,Flood
235775,Dem. Rep. Congo,COD,-4.4142078,27.7764193,"[-4.4142078, 27.7764193]",Recommended figure,Conflict,approximately,3619,2025-11-13,2025-11-11,2025-11-13,2025,40172,Dem. Rep. Congo: Communal violence - Maniema - 11/11/2025,,,2025-11-11,2025-11-11,,,,,,OCHA - DRC,,"Kabambare, Maniema, Democratic Republic of the Congo","-4.4142078, 27.7764193",District/Zone/Department (ADM2),Destination,Displacement without preventive evacuations reported,2026-02-14T10:37:33.453586Z,"Dem. Rep. Congo: 3,619 displacements, 11 November - 13 November. According to the Office for the Coordination of Humanitarian Affairs (OCHA), a total of 3619 people were internally displaced to Kabambare, Maniema due to Communal violence between 11 November 2025 and 13 November 2025. OCHA - DRC - 12 February 2026",,Conflict
235558,Dem. Rep. Congo,COD,-1.0728008,27.9753698,"[-1.0728008, 27.9753698]",Recommended figure,Conflict,approximately,2493,2025-11-11,2025-11-09,2025-11-11,2025,29179,Dem. Rep. Congo: Non-International armed conflict (NIAC) - North Kivu (M23) - 2025,,,2025-01-01,2025-12-31,,,,,,OCHA - DRC,,"Walikale, North Kivu, Democratic Republic of the Congo","-1.0728008, 27.9753698",District/Zone/Department (ADM2),Destination,Displacement without preventive evacuations reported,2026-02-13T18:11:07.085869Z,"Dem. Rep. Congo: 2,493 displacements, 09 November - 11 November. According to the Office for the Coordination of Humanitarian Affairs (OCHA), a total of 2493 people were internally displaced to Walikale, North Kivu due to Non-International armed conflict (NIAC) between 09 November 2025 and 11 November 2025. OCHA - DRC - 12 February 2026",,Conflict
219849,Dem. Rep. Congo,COD,-1.30252,28.649125,"[-1.30252, 28.649125]",Recommended figure,Conflict,more than or equal to,4136,2025-11-11,2025-11-09,2025-11-11,2025,30448,Dem. Rep. Congo: Non-International armed conflict (NIAC) - South Kivu (M23) - 2025,,,2025-01-05,2025-07-18,,,,,,OCHA - DRC,,"Kibua, Walikale, North Kivu, Democratic Republic of the Congo; Masisi, North Kivu, Democratic Republic of the Congo","-1.23397, 28.41625; -1.37107, 28.882",County/City/town/Village/Woreda (ADM3); District/Zone/Department (ADM2),Destination; Origin,Displacement without preventive evacuations reported,2026-01-15T12:10:26.661899Z,"Dem. Rep. Congo: 4,136 displacements (forced to flee), 09 November - 11 November. According to OCHA, more than 800 households (approximately 4,000 persons) were displaced from Nyamaboko groupement in Masisi territory to Kibua health zone in Walikale territory between 9-11 November due to non-international armed conflict. Office for the Coordination of Humanitarian Affairs (OCHA) - 12 November 2025",,Conflict
235318,Dem. Rep. Congo,COD,0.4939335,29.4653222,"[0.4939335, 29.4653222]",Recommended figure,Conflict,more than or equal to,6243,2025-11-07,2025-11-07,2025-11-07,2025,31275,Dem. Rep. Congo: Non-International armed conflict (NIAC) - North Kivu (ADF) - 2025,,,2025-01-01,2025-08-15,,,,,,OCHA - DRC,,"Beni, North Kivu, Democratic Republic of the Congo","0.4939335, 29.4653222",District/Zone/Department (ADM2),Destination,Displacement without preventive evacuations reported,2026-02-13T17:16:53.077579Z,"Dem. Rep. Congo: 6,243 displacements, 07 November - 07 November. According to the Office for the Coordination of Humanitarian Affairs (OCHA), a total of 6243 people were internally displaced to Beni, North Kivu due to Non-International armed conflict (NIAC) between 07 November 2025 and 07 November 2025. OCHA - DRC - 12 February 2026",,Conflict
235562,Dem. Rep. Congo,COD,-0.0623332,28.7540799,"[-0.0623332, 28.7540799]",Recommended figure,Conflict,approximately,49550,2025-11-07,2025-11-07,2025-11-07,2025,31275,Dem. Rep. Congo: Non-International armed conflict (NIAC) - North Kivu (ADF) - 2025,,,2025-01-01,2025-08-15,,,,,,OCHA - DRC,,"Lubero, North Kivu, Democratic Republic of the Congo","-0.0623332, 28.7540799",District/Zone/Department (ADM2),Destination,Displacement without preventive evacuations reported,2026-02-13T18:11:10.199540Z,"Dem. Rep. Congo: 49,550 displacements, 07 November - 07 November. According to the Office for the Coordination of Humanitarian Affairs (OCHA), a total of 49550 people were internally displaced to Lubero, North Kivu due to Non-International armed conflict (NIAC) between 07 November 2025 and 07 November 2025. OCHA - DRC - 12 February 2026",,Conflict
235548,Dem. Rep. Congo,COD,-1.1869031,29.4461316,"[-1.1869031, 29.4461316]",Recommended figure,Conflict,approximately,9925,2025-11-26,2025-11-05,2025-11-26,2025,29179,Dem. Rep. Congo: Non-International armed conflict (NIAC) - North Kivu (M23) - 2025,,,2025-01-01,2025-12-31,,,,,,OCHA - DRC,,"Rutshuru, North Kivu, Democratic Republic of the Congo","-1.1869031, 29.4461316",District/Zone/Department (ADM2),Destination,Displacement without preventive evacuations reported,2026-02-13T18:11:06.132317Z,"Dem. Rep. Congo: 9,925 displacements, 05 November - 26 November. According to the Office for the Coordination of Humanitarian Affairs (OCHA), a total of 9925 people were internally displaced to Rutshuru, North Kivu due to Non-International armed conflict (NIAC) between 05 November 2025 and 26 November 2025. OCHA - DRC - 12 February 2026",,Conflict
219825,Dem. Rep. Congo,COD,-1.00335,28.788840000000004,"[-1.00335, 28.788840000000004]",Recommended figure,Conflict,approximately,10262,2025-11-26,2025-11-05,2025-11-26,2025,30448,Dem. Rep. Congo: Non-International armed conflict (NIAC) - South Kivu (M23) - 2025,,,2025-01-05,2025-07-18,,,,,,OCHA - DRC,,"Kikuku, Bwito, Rutshuru, North Kivu, Democratic Republic of the Congo; Rutshuru, North Kivu, Democratic Republic of the Congo; Walikale, North Kivu, Democratic Republic of the Congo","-0.97464, 29.06295; -0.9622, 29.325569; -1.07321, 27.978001",County/City/town/Village/Woreda (ADM3); District/Zone/Department (ADM2); District/Zone/Department (ADM2),Destination; Origin; Origin,Displacement without preventive evacuations reported,2026-01-14T14:38:58.781028Z,"Dem. Rep. Congo: 10,262 displacements, 05 November - 26 November. According to OCHA, approximately 10,262 people were internally displaced from Kisimba groupement in Walikale territory and Mutanda groupement in Rutshuru territory to Kikuku locality between 5 and 26 November 2025 due to non-international armed conflict. Office for the Coordination of Humanitarian Affairs (OCHA) - 12 November 2025",,Conflict
220641,Dem. Rep. Congo,COD,-2.4132,28.746889,"[-2.4132, 28.746889]",Recommended figure,Conflict,total,4833,2025-11-10,2025-11-05,2025-11-10,2025,30675,Dem. Rep. Congo: Unclear/Unknown - South Kivu - 2025,,,2025-02-05,2025-07-26,,,,,,ACTED; OCHA - DRC,,"Kabare, South Kivu, Democratic Republic of the Congo","-2.4132, 28.746889",District/Zone/Department (ADM2),Origin,Displacement without preventive evacuations reported,2026-01-21T08:15:13.568656Z,"Dem. Rep. Congo: 4,833 displacements, 05 November - 10 November. An unclear conflict resulted in 4,833 households being internally displaced in Kabare territory (localities of Kahungu, Cegera, Mabingu, Chahoboka, Mwanda and Ciranga) between 5 and 10 November 2025, according to OCHA Office for the Coordination of Humanitarian Affairs (OCHA) - 17 December 2025",,Conflict
235319,Dem. Rep. Congo,COD,-4.2696783,28.8806316,"[-4.2696783, 28.8806316]",Recommended figure,Conflict,approximately,14187,2025-11-06,2025-11-05,2025-11-06,2025,30448,Dem. Rep. Congo: Non-International armed conflict (NIAC) - South Kivu (M23) - 2025,,,2025-01-05,2025-07-18,,,,,,OCHA - DRC,,"Fizi, South Kivu, Democratic Republic of the Congo","-4.2696783, 28.8806316",District/Zone/Department (ADM2),Destination,Displacement without preventive evacuations reported,2026-02-13T17:16:53.158518Z,"Dem. Rep. Congo: 14,187 displacements, 05 November - 06 November. According to the Office for the Coordination of Humanitarian Affairs (OCHA), a total of 14187 people were internally displaced to Fizi, South Kivu due to Non-International armed conflict (NIAC) between 05 November 2025 and 06 November 2025. OCHA - DRC - 12 February 2026",,Conflict
235777,Dem. Rep. Congo,COD,-2.9493766,25.9184499,"[-2.9493766, 25.9184499]",Recommended figure,Disaster,more than or equal to,9200,2025-11-05,2025-11-05,2025-11-05,2025,40193,Dem. Rep. Congo: Flood - Maniema - 01/11/2025,,,2025-11-01,2025-11-30,Weather related,Hydrological,Flood,Flood,,OCHA - DRC,,"Kindu, Maniema, Democratic Republic of the Congo","-2.9493766, 25.9184499",District/Zone/Department (ADM2),Destination,Displacement without preventive evacuations reported,2026-02-14T10:37:33.559704Z,"Dem. Rep. Congo: 9,200 displacements, 05 November - 05 November. According to the Office for the Coordination of Humanitarian Affairs (OCHA), a total of 9200 people were internally displaced to Kindu, Maniema due to Flood between 05 November 2025 and 05 November 2025. OCHA - DRC - 12 February 2026",,Flood
216264,Dem. Rep. Congo,COD,-3.39341,28.31061,"[-3.39341, 28.31061]",Recommended figure,Conflict,more than or equal to,72000,2025-11-06,2025-11-04,2025-11-06,2025,30448,Dem. Rep. Congo: Non-International armed conflict (NIAC) - South Kivu (M23) - 2025,,,2025-01-05,2025-07-18,,,,,,Office for the Coordination of Humanitarian Affairs (OCHA),,"Mwenga, South Kivu, Democratic Republic of the Congo","-3.39341, 28.31061",District/Zone/Department (ADM2),Origin and destination,Displacement without preventive evacuations reported,2025-12-12T18:31:55.405464Z,"Dem. Rep. Congo: 72,000 displacements, 04 November - 06 November. According to OCHA, more than 72,000 people were displaced within Mwenga Territory during 4 to 6 November 2025 due to non-international armed conflict. Office for the Coordination of Humanitarian Affairs (OCHA) - 11 November 2025",,Conflict
235308,Dem. Rep. Congo,COD,-7.2981166,27.396517,"[-7.2981166, 27.396517]",Recommended figure,Conflict,approximately,4700,2025-11-04,2025-11-04,2025-11-04,2025,40155,Dem. Rep. Congo: Unclear/Unknown - Tanganyika - 2025,,,2025-01-01,2025-12-31,,,,,,OCHA - DRC,,"Manono, Tanganyika, Democratic Republic of the Congo","-7.2981166, 27.396517",District/Zone/Department (ADM2),Destination,Displacement without preventive evacuations reported,2026-02-13T17:16:52.066222Z,"Dem. Rep. Congo: 4,700 displacements, 04 November - 04 November. According to the Office for the Coordination of Humanitarian Affairs (OCHA), a total of 4700 people were internally displaced to Manono, Tanganyika due to Conflict between 04 November 2025 and 04 November 2025. OCHA - DRC - 12 February 2026",,Conflict
235310,Dem. Rep. Congo,COD,-7.2981166,27.396517,"[-7.2981166, 27.396517]",Recommended figure,Conflict,approximately,6800,2025-11-04,2025-11-04,2025-11-04,2025,40155,Dem. Rep. Congo: Unclear/Unknown - Tanganyika - 2025,,,2025-01-01,2025-12-31,,,,,,OCHA - DRC,,"Manono, Tanganyika, Democratic Republic of the Congo","-7.2981166, 27.396517",District/Zone/Department (ADM2),Destination,Displacement without preventive evacuations reported,2026-02-13T17:16:52.226917Z,"Dem. Rep. Congo: 6,800 displacements, 04 November - 04 November. According to the Office for the Coordination of Humanitarian Affairs (OCHA), a total of 6800 people were internally displaced to Manono, Tanganyika due to Conflict between 04 November 2025 and 04 November 2025. OCHA - DRC - 12 February 2026",,Conflict
219826,Dem. Rep. Congo,COD,-0.3788766666666667,29.189149666666665,"[-0.3788766666666667, 29.189149666666665]",Recommended figure,Conflict,more than or equal to,25850,2025-11-06,2025-11-03,2025-11-06,2025,31275,Dem. Rep. Congo: Non-International armed conflict (NIAC) - North Kivu (ADF) - 2025,,,2025-01-01,2025-08-15,,,,,,OCHA - DRC,,"Alimbongo, Lubero, North Kivu, Democratic Republic of the Congo; Kayna, Lubero, North Kivu, Democratic Republic of the Congo; Lubero, Baswaga, Lubero, North Kivu, Democratic Republic of the Congo","-0.36879, 29.156179; -0.60917, 29.17267; -0.15867, 29.2386",County/City/town/Village/Woreda (ADM3); County/City/town/Village/Woreda (ADM3); County/City/town/Village/Woreda (ADM3),Destination; Destination; Origin and destination,Displacement without preventive evacuations reported,2026-01-14T15:24:41.151591Z,"Dem. Rep. Congo: 25,850 displacements, 03 November - 06 November. According to OCHA, more than 5,000 households were inteernally displaced from Muhanga village in Alimbongo health zone to Alimbongo and Kayna health zones between 3 and 6 November 2025 due to armed clashes between armed groups. Office for the Coordination of Humanitarian Affairs (OCHA) - 12 November 2025",,Conflict
235311,Dem. Rep. Congo,COD,-7.2981166,27.396517,"[-7.2981166, 27.396517]",Recommended figure,Conflict,approximately,5900,2025-11-03,2025-11-03,2025-11-03,2025,40155,Dem. Rep. Congo: Unclear/Unknown - Tanganyika - 2025,,,2025-01-01,2025-12-31,,,,,,OCHA - DRC,,"Manono, Tanganyika, Democratic Republic of the Congo","-7.2981166, 27.396517",District/Zone/Department (ADM2),Destination,Displacement without preventive evacuations reported,2026-02-13T17:16:52.554390Z,"Dem. Rep. Congo: 5,900 displacements, 03 November - 03 November. According to the Office for the Coordination of Humanitarian Affairs (OCHA), a total of 5900 people were internally displaced to Manono, Tanganyika due to Conflict between 03 November 2025 and 03 November 2025. OCHA - DRC - 12 February 2026",,Conflict
220642,Dem. Rep. Congo,COD,-2.05211,28.535299,"[-2.05211, 28.535299]",Recommended figure,Disaster,total,817,2025-11-03,2025-11-02,2025-11-03,2025,39087,Dem. Rep. Congo: Storm - South Kivu (Mbinga Nord) - 02/11/2025,,,2025-11-02,2025-11-03,Weather related,Hydrological,Flood,Flood,,OCHA - DRC,,"Kalehe, South Kivu, Democratic Republic of the Congo","-2.05211, 28.535299",District/Zone/Department (ADM2),Origin,,2026-01-21T08:37:06.228786Z,"Dem. Rep. Congo: 817 displacements (destroyed housing), 02 November - 03 November. According to the OCHA, 158 households were displaced due to the destruction of their shelters in the Mbinga Nord groupement in the Kalehe territory on November 2-3, 2025, due to heavy rains. Office for the Coordination of Humanitarian Affairs (OCHA) - 17 December 2025",,Flood
219844,Dem. Rep. Congo,COD,-1.37107,28.882,"[-1.37107, 28.882]",Recommended figure,Conflict,more than or equal to,40000,2025-11-30,2025-11-01,2025-11-30,2025,30448,Dem. Rep. Congo: Non-International armed conflict (NIAC) - South Kivu (M23) - 2025,,,2025-01-05,2025-07-18,,,,,,OCHA - DRC,,"Masisi, North Kivu, Democratic Republic of the Congo","-1.37107, 28.882",District/Zone/Department (ADM2),Destination,Displacement without preventive evacuations reported,2026-01-15T11:12:18.931703Z,"Dem. Rep. Congo: 40,000 displacements, 01 November - 30 November. According to OCHA, more than 40,000 displaced persons (6,685 households) were hosted in Mweso town and Bukama 1 village during November 2025 due to non-international armed conflict. Office for the Coordination of Humanitarian Affairs (OCHA) - 12 November 2025",,Conflict
221127,Dem. Rep. Congo,COD,-3.39341,28.31061,"[-3.39341, 28.31061]",Recommended figure,Conflict,approximately,13200,2025-11-30,2025-11-01,2025-11-30,2025,30675,Dem. Rep. Congo: Unclear/Unknown - South Kivu - 2025,,,2025-02-05,2025-07-26,,,,,,OCHA - DRC,,"Mwenga, South Kivu, Democratic Republic of the Congo","-3.39341, 28.31061",District/Zone/Department (ADM2),Origin and destination,Displacement without preventive evacuations reported,2026-01-21T13:02:59.235352Z,"Dem. Rep. Congo: 13,200 displacements, 01 November - 30 November. An unclear conflict resulted in approximately 13,200 people being internally displaced from villages in Mwenga territory (Mudubwe, Kilungutwe, Burhinyi, Kitwabaluzi, Tcheshero, Mulanga and neighboring localities) to Kakwende during November, according to OCHA. Office for the Coordination of Humanitarian Affairs (OCHA) - 17 December 2025",,Conflict
235314,Dem. Rep. Congo,COD,-7.2981166,27.396517,"[-7.2981166, 27.396517]",Recommended figure,Conflict,approximately,8000,2025-10-31,2025-10-31,2025-10-31,2025,40155,Dem. Rep. Congo: Unclear/Unknown - Tanganyika - 2025,,,2025-01-01,2025-12-31,,,,,,OCHA - DRC,,"Manono, Tanganyika, Democratic Republic of the Congo","-7.2981166, 27.396517",District/Zone/Department (ADM2),Destination,Displacement without preventive evacuations reported,2026-02-13T17:16:52.789654Z,"Dem. Rep. Congo: 8,000 displacements, 31 October - 31 October. According to the Office for the Coordination of Humanitarian Affairs (OCHA), a total of 8000 people were internally displaced to Manono, Tanganyika due to Conflict between 31 October 2025 and 31 October 2025. OCHA - DRC - 12 February 2026",,Conflict
235551,Dem. Rep. Congo,COD,-1.3972123,28.8170537,"[-1.3972123, 28.8170537]",Recommended figure,Conflict,approximately,24714,2025-10-30,2025-10-30,2025-10-30,2025,29179,Dem. Rep. Congo: Non-International armed conflict (NIAC) - North Kivu (M23) - 2025,,,2025-01-01,2025-12-31,,,,,,OCHA - DRC,,"Masisi, North Kivu, Democratic Republic of the Congo","-1.3972123, 28.8170537",District/Zone/Department (ADM2),Destination,Displacement without preventive evacuations reported,2026-02-13T18:11:06.470260Z,"Dem. Rep. Congo: 24,714 displacements, 30 October - 30 October. According to the Office for the Coordination of Humanitarian Affairs (OCHA), a total of 24714 people were internally displaced to Masisi, North Kivu due to Non-International armed conflict (NIAC) between 30 October 2025 and 30 October 2025. OCHA - DRC - 12 February 2026",,Conflict
235547,Dem. Rep. Congo,COD,-0.0623332,28.7540799,"[-0.0623332, 28.7540799]",Recommended figure,Conflict,approximately,22806,2025-10-29,2025-10-29,2025-10-29,2025,31275,Dem. Rep. Congo: Non-International armed conflict (NIAC) - North Kivu (ADF) - 2025,,,2025-01-01,2025-08-15,,,,,,OCHA - DRC,,"Lubero, North Kivu, Democratic Republic of the Congo","-0.0623332, 28.7540799",District/Zone/Department (ADM2),Destination,Displacement without preventive evacuations reported,2026-02-13T18:11:06.033874Z,"Dem. Rep. Congo: 22,806 displacements, 29 October - 29 October. According to the Office for the Coordination of Humanitarian Affairs (OCHA), a total of 22806 people were internally displaced to Lubero, North Kivu due to Non-International armed conflict (NIAC) between 29 October 2025 and 29 October 2025. OCHA - DRC - 12 February 2026",,Conflict
235312,Dem. Rep. Congo,COD,-7.2981166,27.396517,"[-7.2981166, 27.396517]",Recommended figure,Conflict,approximately,7400,2025-10-29,2025-10-29,2025-10-29,2025,40155,Dem. Rep. Congo: Unclear/Unknown - Tanganyika - 2025,,,2025-01-01,2025-12-31,,,,,,OCHA - DRC,,"Manono, Tanganyika, Democratic Republic of the Congo","-7.2981166, 27.396517",District/Zone/Department (ADM2),Destination,Displacement without preventive evacuations reported,2026-02-13T17:16:52.627817Z,"Dem. Rep. Congo: 7,400 displacements, 29 October - 29 October. According to the Office for the Coordination of Humanitarian Affairs (OCHA), a total of 7400 people were internally displaced to Manono, Tanganyika due to Conflict between 29 October 2025 and 29 October 2025. OCHA - DRC - 12 February 2026",,Conflict
235320,Dem. Rep. Congo,COD,-1.1869031,29.4461316,"[-1.1869031, 29.4461316]",Recommended figure,Conflict,total,18425,2025-10-28,2025-10-28,2025-10-28,2025,29179,Dem. Rep. Congo: Non-International armed conflict (NIAC) - North Kivu (M23) - 2025,,,2025-01-01,2025-12-31,,,,,,OCHA - DRC,,"Rutshuru, North Kivu, Democratic Republic of the Congo","-1.1869031, 29.4461316",District/Zone/Department (ADM2),Destination,Displacement without preventive evacuations reported,2026-02-13T17:16:53.239041Z,"Dem. Rep. Congo: 18,425 displacements, 28 October - 28 October. According to the Office for the Coordination of Humanitarian Affairs (OCHA), a total of 18425 people were internally displaced to Rutshuru, North Kivu due to Non-International armed conflict (NIAC) between 28 October 2025 and 28 October 2025. OCHA - DRC - 12 February 2026",,Conflict
235766,Dem. Rep. Congo,COD,-4.4142078,27.7764193,"[-4.4142078, 27.7764193]",Recommended figure,Conflict,more than or equal to,4600,2025-10-27,2025-10-27,2025-10-27,2025,40159,Dem. Rep. Congo: Unclear/Unknown - Maniema - 2025,,,2025-01-01,2025-12-31,,,,,,OCHA - DRC,,"Kabambare, Maniema, Democratic Republic of the Congo","-4.4142078, 27.7764193",District/Zone/Department (ADM2),Destination,Displacement without preventive evacuations reported,2026-02-14T10:37:32.990311Z,"Dem. Rep. Congo: 4,600 displacements, 27 October - 27 October. According to the Office for the Coordination of Humanitarian Affairs (OCHA), a total of 4600 people were internally displaced to Kabambare, Maniema due to Conflict between 27 October 2025 and 27 October 2025. OCHA - DRC - 12 February 2026",,Conflict
235345,Dem. Rep. Congo,COD,-1.1869031,29.4461316,"[-1.1869031, 29.4461316]",Recommended figure,Conflict,total,44750,2025-10-27,2025-10-27,2025-10-27,2025,29179,Dem. Rep. Congo: Non-International armed conflict (NIAC) - North Kivu (M23) - 2025,,,2025-01-01,2025-12-31,,,,,,OCHA - DRC,,"Rutshuru, North Kivu, Democratic Republic of the Congo","-1.1869031, 29.4461316",District/Zone/Department (ADM2),Destination,Displacement without preventive evacuations reported,2026-02-13T17:16:58.426571Z,"Dem. Rep. Congo: 44,750 displacements, 27 October - 27 October. According to the Office for the Coordination of Humanitarian Affairs (OCHA), a total of 44750 people were internally displaced to Rutshuru, North Kivu due to Non-International armed conflict (NIAC) between 27 October 2025 and 27 October 2025. OCHA - DRC - 12 February 2026",,Conflict
218576,Dem. Rep. Congo,COD,-1.24417,28.816367,"[-1.24417, 28.816367]",Recommended figure,Conflict,more than or equal to,7200,2025-10-27,2025-10-25,2025-10-27,2025,29179,Dem. Rep. Congo: Non-International armed conflict (NIAC) - North Kivu (M23) - 2025,,,2025-01-01,2025-12-31,,,,,,OCHA - DRC,,"Kaandja, Osso, Masisi, North Kivu, Democratic Republic of the Congo; Mbuhi-Pilote, Bashali, Masisi, North Kivu, Democratic Republic of the Congo; Nyabiondo, Osso, Masisi, North Kivu, Democratic Republic of the Congo","-1.34053, 28.71163; -1.07961, 29.00638; -1.31237, 28.731091",County/City/town/Village/Woreda (ADM3); County/City/town/Village/Woreda (ADM3); County/City/town/Village/Woreda (ADM3),Origin; Origin; Origin,Displacement without preventive evacuations reported,2025-12-22T08:39:01.640530Z,"Dem. Rep. Congo: 7,200 displacements (forced to flee), 25 October - 27 October. According to OCHA RDC, more than 7200 person were internally displaced from Nyabiondo, Kaandja, and Mbuhí (Masisi health zone, Masisi territory) during 25-27 October 2025 due to non-international armed conflict. Office for the Coordination of Humanitarian Affairs (OCHA) - 18 November 2025",,Conflict
235767,Dem. Rep. Congo,COD,-4.4142078,27.7764193,"[-4.4142078, 27.7764193]",Recommended figure,Conflict,approximately,6822,2025-10-26,2025-10-25,2025-10-26,2025,40159,Dem. Rep. Congo: Unclear/Unknown - Maniema - 2025,,,2025-01-01,2025-12-31,,,,,,OCHA - DRC,,"Kabambare, Maniema, Democratic Republic of the Congo","-4.4142078, 27.7764193",District/Zone/Department (ADM2),Destination,Displacement without preventive evacuations reported,2026-02-14T10:37:33.047199Z,"Dem. Rep. Congo: 6,822 displacements, 25 October - 26 October. According to the Office for the Coordination of Humanitarian Affairs (OCHA), a total of 6822 people were internally displaced to Kabambare, Maniema due to Conflict between 25 October 2025 and 26 October 2025. OCHA - DRC - 12 February 2026",,Conflict
235330,Dem. Rep. Congo,COD,-4.2696783,28.8806316,"[-4.2696783, 28.8806316]",Recommended figure,Conflict,total,7063,2025-10-24,2025-10-24,2025-10-24,2025,30448,Dem. Rep. Congo: Non-International armed conflict (NIAC) - South Kivu (M23) - 2025,,,2025-01-05,2025-07-18,,,,,,OCHA - DRC,,"Fizi, South Kivu, Democratic Republic of the Congo","-4.2696783, 28.8806316",District/Zone/Department (ADM2),Destination,Displacement without preventive evacuations reported,2026-02-13T17:16:57.701915Z,"Dem. Rep. Congo: 7,063 displacements, 24 October - 24 October. According to the Office for the Coordination of Humanitarian Affairs (OCHA), a total of 7063 people were internally displaced to Fizi, South Kivu due to Non-International armed conflict (NIAC) between 24 October 2025 and 24 October 2025. OCHA - DRC - 12 February 2026",,Conflict
235424,Dem. Rep. Congo,COD,-2.4089028,28.7497468,"[-2.4089028, 28.7497468]",Recommended figure,Conflict,more than or equal to,23538,2025-11-13,2025-10-23,2025-11-13,2025,30448,Dem. Rep. Congo: Non-International armed conflict (NIAC) - South Kivu (M23) - 2025,,,2025-01-05,2025-07-18,,,,,,OCHA - DRC,,"Kabare, South Kivu, Democratic Republic of the Congo","-2.4089028, 28.7497468",District/Zone/Department (ADM2),Destination,Displacement without preventive evacuations reported,2026-02-13T17:42:44.303474Z,"Dem. Rep. Congo: 23,538 displacements, 23 October - 13 November. According to the Office for the Coordination of Humanitarian Affairs (OCHA), a total of 23538 people were internally displaced to Kabare, South Kivu due to Non-International armed conflict (NIAC) between 23 October 2025 and 13 November 2025. OCHA - DRC - 12 February 2026",,Conflict
235543,Dem. Rep. Congo,COD,0.4939335,29.4653222,"[0.4939335, 29.4653222]",Recommended figure,Disaster,total,6552,2025-10-24,2025-10-22,2025-10-24,2025,40192,Dem. Rep. Congo: Flood - North Kivu - 01/10/2025,,,2025-10-01,2025-10-31,Weather related,Hydrological,Flood,Flood,,OCHA - DRC,,"Beni, North Kivu, Democratic Republic of the Congo","0.4939335, 29.4653222",District/Zone/Department (ADM2),Destination,Displacement without preventive evacuations reported,2026-02-13T17:56:36.895458Z,"Dem. Rep. Congo: 6,552 displacements, 22 October - 24 October. According to the Office for the Coordination of Humanitarian Affairs (OCHA), a total of 6552 people were internally displaced to Beni, North Kivu due to Flood between 22 October 2025 and 24 October 2025. OCHA - DRC - 12 February 2026",,Flood
235322,Dem. Rep. Congo,COD,-1.0728008,27.9753698,"[-1.0728008, 27.9753698]",Recommended figure,Conflict,approximately,8184,2025-10-21,2025-10-21,2025-10-21,2025,29179,Dem. Rep. Congo: Non-International armed conflict (NIAC) - North Kivu (M23) - 2025,,,2025-01-01,2025-12-31,,,,,,OCHA - DRC,,"Walikale, North Kivu, Democratic Republic of the Congo","-1.0728008, 27.9753698",District/Zone/Department (ADM2),Destination,Displacement without preventive evacuations reported,2026-02-13T17:16:53.398139Z,"Dem. Rep. Congo: 8,184 displacements, 21 October - 21 October. According to the Office for the Coordination of Humanitarian Affairs (OCHA), a total of 8184 people were internally displaced to Walikale, North Kivu due to Non-International armed conflict (NIAC) between 21 October 2025 and 21 October 2025. OCHA - DRC - 12 February 2026",,Conflict
235360,Dem. Rep. Congo,COD,-1.3972123,28.8170537,"[-1.3972123, 28.8170537]",Recommended figure,Conflict,approximately,36258,2025-10-20,2025-10-19,2025-10-20,2025,29179,Dem. Rep. Congo: Non-International armed conflict (NIAC) - North Kivu (M23) - 2025,,,2025-01-01,2025-12-31,,,,,,OCHA - DRC,,"Masisi, North Kivu, Democratic Republic of the Congo","-1.3972123, 28.8170537",District/Zone/Department (ADM2),Destination,Displacement without preventive evacuations reported,2026-02-13T17:29:31.321385Z,"Dem. Rep. Congo: 36,258 displacements, 19 October - 20 October. According to the Office for the Coordination of Humanitarian Affairs (OCHA), a total of 36258 people were internally displaced to Masisi, North Kivu due to Non-International armed conflict (NIAC) between 19 October 2025 and 20 October 2025. OCHA - DRC - 12 February 2026",,Conflict
218580,Dem. Rep. Congo,COD,-1.602765,29.223959999999998,"[-1.602765, 29.223959999999998]",Recommended figure,Conflict,more than or equal to,776,2025-10-20,2025-10-19,2025-10-20,2025,29179,Dem. Rep. Congo: Non-International armed conflict (NIAC) - North Kivu (M23) - 2025,,,2025-01-01,2025-12-31,,,,,,OCHA - DRC,,"Goma, North Kivu, Democratic Republic of the Congo; Nyiragongo, North Kivu, Democratic Republic of the Congo","-1.65551, 29.20195; -1.55002, 29.24597",District/Zone/Department (ADM2); District/Zone/Department (ADM2),Destination; Origin,Displacement without preventive evacuations reported,2025-12-22T09:48:48.458056Z,"Dem. Rep. Congo: 776 displacements (forced to flee), 19 October - 20 October. According to OCHA RDC, more than 150 households were displaced internally from the Virunga Park (Nyiragongo Territory) to Goma on October 19-20, 2025, due to non-international armed conlfict. Office for the Coordination of Humanitarian Affairs (OCHA) - 18 November 2025",,Conflict
219845,Dem. Rep. Congo,COD,0.14419,28.7684155,"[0.14419, 28.7684155]",Recommended figure,Conflict,approximately,162000,2025-11-30,2025-10-15,2025-11-30,2025,31275,Dem. Rep. Congo: Non-International armed conflict (NIAC) - North Kivu (ADF) - 2025,,,2025-01-01,2025-08-15,,,,,,OCHA - DRC,,"Lubero, North Kivu, Democratic Republic of the Congo; Manguredjipa, Bapere, Lubero, North Kivu, Democratic Republic of the Congo","-0.06505, 28.771351; 0.35343, 28.76548",District/Zone/Department (ADM2); County/City/town/Village/Woreda (ADM3),Origin; Origin,Displacement without preventive evacuations reported,2026-01-15T11:35:23.610971Z,"Dem. Rep. Congo: 162,000 displacements, 15 October - 30 November. According to OCHA, approximately 162,000 people (32,000 households) were displaced from the health zones of Manguredjipa, Musienene, and Biena to about 20 localities, including Manguredjipa, Ndjipanda, and Butembo, between October and November due to non-international armed conflict. Office for the Coordination of Humanitarian Affairs (OCHA) - 12 November 2025",,Conflict
235554,Dem. Rep. Congo,COD,-0.0623332,28.7540799,"[-0.0623332, 28.7540799]",Recommended figure,Conflict,approximately,87894,2025-10-15,2025-10-15,2025-10-15,2025,31275,Dem. Rep. Congo: Non-International armed conflict (NIAC) - North Kivu (ADF) - 2025,,,2025-01-01,2025-08-15,,,,,,OCHA - DRC,,"Lubero, North Kivu, Democratic Republic of the Congo","-0.0623332, 28.7540799",District/Zone/Department (ADM2),Destination,Displacement without preventive evacuations reported,2026-02-13T18:11:06.727507Z,"Dem. Rep. Congo: 87,894 displacements, 15 October - 15 October. According to the Office for the Coordination of Humanitarian Affairs (OCHA), a total of 88167 people were internally displaced to Lubero, North Kivu due to Non-International armed conflict (NIAC) between 15 October 2025 and 15 October 2025. OCHA - DRC - 12 February 2026",,Conflict
235553,Dem. Rep. Congo,COD,-0.0623332,28.7540799,"[-0.0623332, 28.7540799]",Recommended figure,Conflict,approximately,25125,2025-10-15,2025-10-15,2025-10-15,2025,31275,Dem. Rep. Congo: Non-International armed conflict (NIAC) - North Kivu (ADF) - 2025,,,2025-01-01,2025-08-15,,,,,,OCHA - DRC,,"Lubero, North Kivu, Democratic Republic of the Congo","-0.0623332, 28.7540799",District/Zone/Department (ADM2),Destination,Displacement without preventive evacuations reported,2026-02-13T18:11:06.641131Z,"Dem. Rep. Congo: 25,125 displacements, 15 October - 15 October. According to the Office for the Coordination of Humanitarian Affairs (OCHA), a total of 25125 people were internally displaced to Lubero, North Kivu due to Non-International armed conflict (NIAC) between 15 October 2025 and 15 October 2025. OCHA - DRC - 12 February 2026",,Conflict
235555,Dem. Rep. Congo,COD,-0.0623332,28.7540799,"[-0.0623332, 28.7540799]",Recommended figure,Conflict,approximately,49750,2025-10-15,2025-10-15,2025-10-15,2025,31275,Dem. Rep. Congo: Non-International armed conflict (NIAC) - North Kivu (ADF) - 2025,,,2025-01-01,2025-08-15,,,,,,OCHA - DRC,,"Lubero, North Kivu, Democratic Republic of the Congo","-0.0623332, 28.7540799",District/Zone/Department (ADM2),Destination,Displacement without preventive evacuations reported,2026-02-13T18:11:06.837034Z,"Dem. Rep. Congo: 49,750 displacements, 15 October - 15 October. According to the Office for the Coordination of Humanitarian Affairs (OCHA), a total of 49750 people were internally displaced to Lubero, North Kivu due to Non-International armed conflict (NIAC) between 15 October 2025 and 15 October 2025. OCHA - DRC - 12 February 2026",,Conflict
235552,Dem. Rep. Congo,COD,-1.3972123,28.8170537,"[-1.3972123, 28.8170537]",Recommended figure,Conflict,approximately,10494,2025-10-15,2025-10-15,2025-10-15,2025,29179,Dem. Rep. Congo: Non-International armed conflict (NIAC) - North Kivu (M23) - 2025,,,2025-01-01,2025-12-31,,,,,,OCHA - DRC,,"Masisi, North Kivu, Democratic Republic of the Congo","-1.3972123, 28.8170537",District/Zone/Department (ADM2),Destination,Displacement without preventive evacuations reported,2026-02-13T18:11:06.563017Z,"Dem. Rep. Congo: 10,494 displacements, 15 October - 15 October. According to the Office for the Coordination of Humanitarian Affairs (OCHA), a total of 10494 people were internally displaced to Masisi, North Kivu due to Non-International armed conflict (NIAC) between 15 October 2025 and 15 October 2025. OCHA - DRC - 12 February 2026",,Conflict
235333,Dem. Rep. Congo,COD,-2.7708003,28.6000504,"[-2.7708003, 28.6000504]",Recommended figure,Conflict,total,14838,2025-10-14,2025-10-14,2025-10-14,2025,30448,Dem. Rep. Congo: Non-International armed conflict (NIAC) - South Kivu (M23) - 2025,,,2025-01-05,2025-07-18,,,,,,OCHA - DRC,,"Walungu, South Kivu, Democratic Republic of the Congo","-2.7708003, 28.6000504",District/Zone/Department (ADM2),Destination,Displacement without preventive evacuations reported,2026-02-13T17:16:57.842188Z,"Dem. Rep. Congo: 14,838 displacements, 14 October - 14 October. According to the Office for the Coordination of Humanitarian Affairs (OCHA), a total of 14838 people were internally displaced to Walungu, South Kivu due to Non-International armed conflict (NIAC) between 14 October 2025 and 14 October 2025. OCHA - DRC - 12 February 2026",,Conflict
235334,Dem. Rep. Congo,COD,-2.7708003,28.6000504,"[-2.7708003, 28.6000504]",Recommended figure,Conflict,approximately,21042,2025-10-14,2025-10-14,2025-10-14,2025,30448,Dem. Rep. Congo: Non-International armed conflict (NIAC) - South Kivu (M23) - 2025,,,2025-01-05,2025-07-18,,,,,,OCHA - DRC,,"Walungu, South Kivu, Democratic Republic of the Congo","-2.7708003, 28.6000504",District/Zone/Department (ADM2),Destination,Displacement without preventive evacuations reported,2026-02-13T17:16:57.891428Z,"Dem. Rep. Congo: 21,042 displacements, 14 October - 14 October. According to the Office for the Coordination of Humanitarian Affairs (OCHA), a total of 21042 people were internally displaced to Walungu, South Kivu due to Non-International armed conflict (NIAC) between 14 October 2025 and 14 October 2025. OCHA - DRC - 12 February 2026",,Conflict
235337,Dem. Rep. Congo,COD,-1.1869031,29.4461316,"[-1.1869031, 29.4461316]",Recommended figure,Conflict,more than or equal to,10000,2025-10-14,2025-10-14,2025-10-14,2025,29179,Dem. Rep. Congo: Non-International armed conflict (NIAC) - North Kivu (M23) - 2025,,,2025-01-01,2025-12-31,,,,,,OCHA - DRC,,"Rutshuru, North Kivu, Democratic Republic of the Congo","-1.1869031, 29.4461316",District/Zone/Department (ADM2),Destination,Displacement without preventive evacuations reported,2026-02-13T17:16:58.046298Z,"Dem. Rep. Congo: 10,000 displacements, 14 October - 14 October. According to the Office for the Coordination of Humanitarian Affairs (OCHA), a total of 10000 people were internally displaced to Rutshuru, North Kivu due to Non-International armed conflict (NIAC) between 14 October 2025 and 14 October 2025. OCHA - DRC - 12 February 2026",,Conflict
235328,Dem. Rep. Congo,COD,-0.0623332,28.7540799,"[-0.0623332, 28.7540799]",Recommended figure,Conflict,approximately,3415,2025-10-14,2025-10-14,2025-10-14,2025,31275,Dem. Rep. Congo: Non-International armed conflict (NIAC) - North Kivu (ADF) - 2025,,,2025-01-01,2025-08-15,,,,,,OCHA - DRC,,"Lubero, North Kivu, Democratic Republic of the Congo","-0.0623332, 28.7540799",District/Zone/Department (ADM2),Destination,Displacement without preventive evacuations reported,2026-02-13T17:16:53.885902Z,"Dem. Rep. Congo: 3,415 displacements, 14 October - 14 October. According to the Office for the Coordination of Humanitarian Affairs (OCHA), a total of 3415 people were internally displaced to Lubero, North Kivu due to Non-International armed conflict (NIAC) between 14 October 2025 and 14 October 2025. OCHA - DRC - 12 February 2026",,Conflict
235768,Dem. Rep. Congo,COD,-1.7030109,26.9225194,"[-1.7030109, 26.9225194]",Recommended figure,Conflict,approximately,15468,2025-10-14,2025-10-14,2025-10-14,2025,40159,Dem. Rep. Congo: Unclear/Unknown - Maniema - 2025,,,2025-01-01,2025-12-31,,,,,,OCHA - DRC,,"Punia, Maniema, Democratic Republic of the Congo","-1.7030109, 26.9225194",District/Zone/Department (ADM2),Destination,Displacement without preventive evacuations reported,2026-02-14T10:37:33.099407Z,"Dem. Rep. Congo: 15,468 displacements, 14 October - 14 October. According to the Office for the Coordination of Humanitarian Affairs (OCHA), a total of 15468 people were internally displaced to Punia, Maniema due to Conflict between 14 October 2025 and 14 October 2025. OCHA - DRC - 12 February 2026",,Conflict
235557,Dem. Rep. Congo,COD,-1.0728008,27.9753698,"[-1.0728008, 27.9753698]",Recommended figure,Conflict,approximately,10690,2025-11-08,2025-10-12,2025-11-08,2025,29179,Dem. Rep. Congo: Non-International armed conflict (NIAC) - North Kivu (M23) - 2025,,,2025-01-01,2025-12-31,,,,,,OCHA - DRC,,"Walikale, North Kivu, Democratic Republic of the Congo","-1.0728008, 27.9753698",District/Zone/Department (ADM2),Destination,Displacement without preventive evacuations reported,2026-02-13T18:11:06.998698Z,"Dem. Rep. Congo: 10,690 displacements, 12 October - 08 November. According to the Office for the Coordination of Humanitarian Affairs (OCHA), a total of 10690 people were internally displaced to Walikale, North Kivu due to Non-International armed conflict (NIAC) between 12 October 2025 and 08 November 2025. OCHA - DRC - 12 February 2026",,Conflict
235339,Dem. Rep. Congo,COD,-2.0518682,28.5686692,"[-2.0518682, 28.5686692]",Recommended figure,Conflict,approximately,33000,2025-10-15,2025-10-12,2025-10-15,2025,30448,Dem. Rep. Congo: Non-International armed conflict (NIAC) - South Kivu (M23) - 2025,,,2025-01-05,2025-07-18,,,,,,OCHA - DRC,,"Kalehe, South Kivu, Democratic Republic of the Congo","-2.0518682, 28.5686692",District/Zone/Department (ADM2),Destination,Displacement without preventive evacuations reported,2026-02-13T17:16:58.139862Z,"Dem. Rep. Congo: 33,000 displacements, 12 October - 15 October. According to the Office for the Coordination of Humanitarian Affairs (OCHA), a total of 33000 people were internally displaced to Kalehe, South Kivu due to Non-International armed conflict (NIAC) between 12 October 2025 and 15 October 2025. OCHA - DRC - 12 February 2026",,Conflict
218288,Dem. Rep. Congo,COD,-2.10655,28.918619,"[-2.10655, 28.918619]",Recommended figure,Conflict,approximately,27700,2025-10-15,2025-10-12,2025-10-15,2025,30448,Dem. Rep. Congo: Non-International armed conflict (NIAC) - South Kivu (M23) - 2025,,,2025-01-05,2025-07-18,,,,,,OCHA - DRC,,"Kalehe, Buhavu (chefferie), Kalehe, South Kivu, Democratic Republic of the Congo","-2.10655, 28.918619",County/City/town/Village/Woreda (ADM3),Origin and destination,Displacement without preventive evacuations reported,2025-12-17T16:02:46.341999Z,"Dem. Rep. Congo: 27,700 displacements (forced to flee), 12 October - 15 October. According to OCHA-DRC, approximately 27,700 people were displaced from the mountains overlooking Katasomwa, Mbesho, Kashihe, Katoki, Mweya, Bwangala, Kilijiwe, Kasasa, Kaitoleya, and Bushushu 1 and 2 to Kalehe centre, Kasheke, Tchoki, Luzira, Ishovu, Bushushu, Muhongoza, Munanira, Cigera and Lushebere (Kalehe territory) between 12 and 15 October 2025 due to non-international armed conflict. Office for the Coordination of Humanitarian Affairs (OCHA) - 18 November 2025",,Conflict
235338,Dem. Rep. Congo,COD,-2.4089028,28.7497468,"[-2.4089028, 28.7497468]",Recommended figure,Conflict,approximately,1557,2025-10-12,2025-10-12,2025-10-12,2025,30448,Dem. Rep. Congo: Non-International armed conflict (NIAC) - South Kivu (M23) - 2025,,,2025-01-05,2025-07-18,,,,,,OCHA - DRC,,"Kabare, South Kivu, Democratic Republic of the Congo","-2.4089028, 28.7497468",District/Zone/Department (ADM2),Destination,Displacement without preventive evacuations reported,2026-02-13T17:16:58.092987Z,"Dem. Rep. Congo: 1,557 displacements, 12 October - 12 October. According to the Office for the Coordination of Humanitarian Affairs (OCHA), a total of 1557 people were internally displaced to Kabare, South Kivu due to Non-International armed conflict (NIAC) between 12 October 2025 and 12 October 2025. OCHA - DRC - 12 February 2026",,Conflict
235327,Dem. Rep. Congo,COD,-0.0623332,28.7540799,"[-0.0623332, 28.7540799]",Recommended figure,Conflict,approximately,24600,2025-10-12,2025-10-12,2025-10-12,2025,31275,Dem. Rep. Congo: Non-International armed conflict (NIAC) - North Kivu (ADF) - 2025,,,2025-01-01,2025-08-15,,,,,,OCHA - DRC,,"Lubero, North Kivu, Democratic Republic of the Congo","-0.0623332, 28.7540799",District/Zone/Department (ADM2),Destination,Displacement without preventive evacuations reported,2026-02-13T17:16:53.813596Z,"Dem. Rep. Congo: 24,600 displacements, 12 October - 12 October. According to the Office for the Coordination of Humanitarian Affairs (OCHA), a total of 24600 people were internally displaced to Lubero, North Kivu due to Non-International armed conflict (NIAC) between 12 October 2025 and 12 October 2025. OCHA - DRC - 12 February 2026",,Conflict
218575,Dem. Rep. Congo,COD,-1.1081733333333335,29.443403333333332,"[-1.1081733333333335, 29.443403333333332]",Recommended figure,Conflict,more than or equal to,10340,2025-10-12,2025-10-12,2025-10-12,2025,29179,Dem. Rep. Congo: Non-International armed conflict (NIAC) - North Kivu (M23) - 2025,,,2025-01-01,2025-12-31,,,,,,OCHA - DRC,,"Bwisha, Rutshuru, North Kivu, Democratic Republic of the Congo; Kinyandoni, Bwisha, Rutshuru, North Kivu, Democratic Republic of the Congo; Kiwanja, Bwisha, Rutshuru, North Kivu, Democratic Republic of the Congo","-1.08807, 29.464621; -1.07878, 29.43437; -1.15767, 29.431219",County/City/town/Village/Woreda (ADM3); County/City/town/Village/Woreda (ADM3); County/City/town/Village/Woreda (ADM3),Origin; Destination; Origin,Displacement without preventive evacuations reported,2025-12-22T08:27:30.855651Z,"Dem. Rep. Congo: 10,340 displacements, 12 October - 12 October. According to OCHA - DRC, more than 2,000 households were displaced from Nyamagana and Kiwanja to Kinyandoni in Rutshuru territory on October 12, due to non-international armed conflict. Office for the Coordination of Humanitarian Affairs (OCHA) - 18 November 2025",,Conflict
218272,Dem. Rep. Congo,COD,-2.384923333333333,28.777472666666668,"[-2.384923333333333, 28.777472666666668]",Recommended figure,Conflict,approximately,2700,2025-10-12,2025-10-12,2025-10-12,2025,30448,Dem. Rep. Congo: Non-International armed conflict (NIAC) - South Kivu (M23) - 2025,,,2025-01-05,2025-07-18,,,,,,OCHA - DRC,,"Kabare, South Kivu, Democratic Republic of the Congo; Miti, Kabare (chefferie), Kabare, South Kivu, Democratic Republic of the Congo; Murhesa, Kabare (chefferie), Kabare, South Kivu, Democratic Republic of the Congo","-2.4132, 28.746889; -2.35558, 28.793699; -2.38599, 28.79183",District/Zone/Department (ADM2); County/City/town/Village/Woreda (ADM3); County/City/town/Village/Woreda (ADM3),Origin; Destination; Destination,Displacement without preventive evacuations reported,2025-12-17T15:51:53.950955Z,"Dem. Rep. Congo: 2,700 displacements (forced to flee), 12 October - 12 October. According to OCHA, approximately 2,700 people (450 households) were displaced from Civanga and Kasirusiru localities to Miti and Murhesa in Miti-Murhesa Health Zone (Kabare territory) on 12 October 2025 due to non-international armed conflict. Office for the Coordination of Humanitarian Affairs (OCHA) - 18 November 2025",,Conflict
235317,Dem. Rep. Congo,COD,-7.2981166,27.396517,"[-7.2981166, 27.396517]",Recommended figure,Conflict,approximately,8000,2025-10-15,2025-10-11,2025-10-15,2025,40171,Dem. Rep. Congo: Communal violence - Tanganyika - 11/10/2025,,,2025-10-11,2025-10-11,,,,,,OCHA - DRC,,"Manono, Tanganyika, Democratic Republic of the Congo","-7.2981166, 27.396517",District/Zone/Department (ADM2),Destination,Displacement without preventive evacuations reported,2026-02-13T17:16:52.999205Z,"Dem. Rep. Congo: 8,000 displacements, 11 October - 15 October. According to the Office for the Coordination of Humanitarian Affairs (OCHA), a total of 8000 people were internally displaced to Manono, Tanganyika due to Communal violence between 11 October 2025 and 15 October 2025. OCHA - DRC - 12 February 2026",,Conflict
207466,Dem. Rep. Congo,COD,-2.85981,29.030251,"[-2.85981, 29.030251]",Recommended figure,Disaster,approximately,4200,2025-10-13,2025-10-08,2025-10-13,2025,36961,Dem. Rep. Congo: Flood - South Kivu (Uvira) - 08/10/2025,,,2025-10-08,2025-10-08,Weather related,Hydrological,Flood,Flood,,Office for the Coordination of Humanitarian Affairs (OCHA),,"Luvungi, Bafuliro (chefferie), Uvira, South Kivu, Democratic Republic of the Congo","-2.85981, 29.030251",County/City/town/Village/Woreda (ADM3),Origin,,2025-11-14T11:06:48.780158Z,"Dem. Rep. Congo: 4,200 displacements (uninhabitable housing), 08 October - 13 October. Heavy rain fell in the town of Luvungi in the Uvira territory (South Kivu) on 8 October. According to civil society organisations, This caused more than 800 houses to collapse and led to 4,200 people being displaced internally. Office for the Coordination of Humanitarian Affairs (OCHA) - 14 October 2025",,Flood
218577,Dem. Rep. Congo,COD,-0.132236,28.8439886,"[-0.132236, 28.8439886]",Recommended figure,Conflict,more than or equal to,50000,2025-10-29,2025-10-07,2025-10-29,2025,31275,Dem. Rep. Congo: Non-International armed conflict (NIAC) - North Kivu (ADF) - 2025,,,2025-01-01,2025-08-15,,,,,,Local civil society organisations (CSOs); OCHA - DRC,,"Butembo, North Kivu, Democratic Republic of the Congo; Katanga, Walikale, North Kivu, Democratic Republic of the Congo; Lubero, North Kivu, Democratic Republic of the Congo; Manguredjipa, Bapere, Lubero, North Kivu, Democratic Republic of the Congo; Mukondo, Butembo, North Kivu, Democratic Republic of the Congo","0.13523, 29.28154; -1.23457, 28.092751; -0.06505, 28.771351; 0.35343, 28.76548; 0.14978, 29.308821",District/Zone/Department (ADM2); County/City/town/Village/Woreda (ADM3); District/Zone/Department (ADM2); County/City/town/Village/Woreda (ADM3); County/City/town/Village/Woreda (ADM3),Destination; Origin; Origin and destination; Origin; Origin,Displacement without preventive evacuations reported,2025-12-22T09:02:57.595141Z,"Dem. Rep. Congo: 50,000 displacements (forced to flee), 07 October - 29 October. According to the DRC's Office for the Coordination of Humanitarian Affairs (OCHA), which cites local civil society sources, more than 50,000 people were displaced internally from Katanga, Rizerie, Itembo, Mukondo, and Manguredjipa (Manguredjipa Health Zone, Lubero Territory) to Butembo and other surrounding areas from October 7 to 29, 2025, due to a non-international armed conflict. Office for the Coordination of Humanitarian Affairs (OCHA) - 18 November 2025",,Conflict
235335,Dem. Rep. Congo,COD,-1.1869031,29.4461316,"[-1.1869031, 29.4461316]",Recommended figure,Conflict,approximately,9375,2025-10-15,2025-10-07,2025-10-15,2025,29179,Dem. Rep. Congo: Non-International armed conflict (NIAC) - North Kivu (M23) - 2025,,,2025-01-01,2025-12-31,,,,,,OCHA - DRC,,"Rutshuru, North Kivu, Democratic Republic of the Congo","-1.1869031, 29.4461316",District/Zone/Department (ADM2),Destination,Displacement without preventive evacuations reported,2026-02-13T17:16:57.938130Z,"Dem. Rep. Congo: 9,375 displacements, 07 October - 15 October. According to the Office for the Coordination of Humanitarian Affairs (OCHA), a total of 9375 people were internally displaced to Rutshuru, North Kivu due to Non-International armed conflict (NIAC) between 07 October 2025 and 15 October 2025. OCHA - DRC - 12 February 2026",,Conflict
218292,Dem. Rep. Congo,COD,-2.084085,28.7129695,"[-2.084085, 28.7129695]",Recommended figure,Conflict,approximately,19900,2025-10-12,2025-10-07,2025-10-12,2025,30448,Dem. Rep. Congo: Non-International armed conflict (NIAC) - South Kivu (M23) - 2025,,,2025-01-05,2025-07-18,,,,,,Caritas Congo; OCHA - DRC,,"Kalehe, South Kivu, Democratic Republic of the Congo; Luzira, Buhavu (chefferie), Kalehe, South Kivu, Democratic Republic of the Congo","-2.05211, 28.535299; -2.11606, 28.89064",District/Zone/Department (ADM2); County/City/town/Village/Woreda (ADM3),Origin and destination; Origin,Displacement without preventive evacuations reported,2025-12-17T16:09:55.615914Z,"Dem. Rep. Congo: 19,900 displacements (forced to flee), 07 October - 12 October. According to OCHA-DRC who cites CARITAS Bukavu, approximately 19,900 people were displaced from the Moyens and Hauts Plateaux of Kalehe to the Luzira and Kasheke health areas (Kalehe Health Zone, Kalehe territory) between 7 and 12 October 2025 due to non-international armed conflict. Office for the Coordination of Humanitarian Affairs (OCHA) - 18 November 2025",,Conflict
235423,Dem. Rep. Congo,COD,-2.0518682,28.5686692,"[-2.0518682, 28.5686692]",Recommended figure,Conflict,more than or equal to,14930,2025-10-21,2025-10-06,2025-10-21,2025,30448,Dem. Rep. Congo: Non-International armed conflict (NIAC) - South Kivu (M23) - 2025,,,2025-01-05,2025-07-18,,,,,,OCHA - DRC,,"Kalehe, South Kivu, Democratic Republic of the Congo","-2.0518682, 28.5686692",District/Zone/Department (ADM2),Destination,Displacement without preventive evacuations reported,2026-02-13T17:42:44.235786Z,"Dem. Rep. Congo: 14,930 displacements, 06 October - 21 October. According to the Office for the Coordination of Humanitarian Affairs (OCHA), a total of 14929 people were internally displaced to Kalehe, South Kivu due to Non-International armed conflict (NIAC) between 06 October 2025 and 21 October 2025. OCHA - DRC - 12 February 2026",,Conflict
235343,Dem. Rep. Congo,COD,-0.0623332,28.7540799,"[-0.0623332, 28.7540799]",Recommended figure,Conflict,approximately,8650,2025-10-06,2025-10-06,2025-10-06,2025,31275,Dem. Rep. Congo: Non-International armed conflict (NIAC) - North Kivu (ADF) - 2025,,,2025-01-01,2025-08-15,,,,,,OCHA - DRC,,"Lubero, North Kivu, Democratic Republic of the Congo","-0.0623332, 28.7540799",District/Zone/Department (ADM2),Destination,Displacement without preventive evacuations reported,2026-02-13T17:16:58.330145Z,"Dem. Rep. Congo: 8,650 displacements, 06 October - 06 October. According to the Office for the Coordination of Humanitarian Affairs (OCHA), a total of 8650 people were internally displaced to Lubero, North Kivu due to Non-International armed conflict (NIAC) between 06 October 2025 and 06 October 2025. OCHA - DRC - 12 February 2026",,Conflict
218298,Dem. Rep. Congo,COD,-4.26968,28.88063,"[-4.26968, 28.88063]",Recommended figure,Conflict,approximately,6580,2025-10-07,2025-10-05,2025-10-07,2025,30675,Dem. Rep. Congo: Unclear/Unknown - South Kivu - 2025,,,2025-02-05,2025-07-26,,,,,,OCHA - DRC,,"Fizi, South Kivu, Democratic Republic of the Congo","-4.26968, 28.88063",District/Zone/Department (ADM2),Origin and destination,Displacement without preventive evacuations reported,2025-12-17T16:42:33.893683Z,"Dem. Rep. Congo: 6,580 displacements (in relief camp), 05 October - 07 October. According to the Office for the Coordination of Humanitarian Affairs (OCHA), approximately 6,580 people were displaced from Katupu village to multiple villages in the Lulenge sector (Fizi territory) between October 5 and 7 due to armed clashes. OCHA cites the NGO HEKS/EPER as the source of this information. Office for the Coordination of Humanitarian Affairs (OCHA) - 18 November 2025",,Conflict
235560,Dem. Rep. Congo,COD,-1.1869031,29.4461316,"[-1.1869031, 29.4461316]",Recommended figure,Conflict,approximately,6629,2025-10-05,2025-10-05,2025-10-05,2025,29179,Dem. Rep. Congo: Non-International armed conflict (NIAC) - North Kivu (M23) - 2025,,,2025-01-01,2025-12-31,,,,,,OCHA - DRC,,"Rutshuru, North Kivu, Democratic Republic of the Congo","-1.1869031, 29.4461316",District/Zone/Department (ADM2),Destination,Displacement without preventive evacuations reported,2026-02-13T18:11:07.266589Z,"Dem. Rep. Congo: 6,629 displacements, 05 October - 05 October. According to the Office for the Coordination of Humanitarian Affairs (OCHA), a total of 6629 people were internally displaced to Rutshuru, North Kivu due to Non-International armed conflict (NIAC) between 05 October 2025 and 05 October 2025. OCHA - DRC - 12 February 2026",,Conflict
235342,Dem. Rep. Congo,COD,1.8747968,30.3928689,"[1.8747968, 30.3928689]",Recommended figure,Conflict,approximately,4032,2025-10-04,2025-10-03,2025-10-04,2025,30538,Dem. Rep. Congo: Non-International armed conflict (NIAC) - Ituri (CODECO) - 2025,,,2025-01-01,2025-09-28,,,,,,OCHA - DRC,,"Djugu, Ituri, Democratic Republic of the Congo","1.8747968, 30.3928689",District/Zone/Department (ADM2),Destination,Displacement without preventive evacuations reported,2026-02-13T17:16:58.283625Z,"Dem. Rep. Congo: 4,032 displacements (sheltered), 03 October - 04 October. According to the Office for the Coordination of Humanitarian Affairs (OCHA), a total of 4032 people were internally displaced to Djugu, Ituri due to Non-International armed conflict (NIAC) between 03 October 2025 and 04 October 2025. OCHA - DRC - 12 February 2026",,Conflict
218592,Dem. Rep. Congo,COD,2.077405,30.893115,"[2.077405, 30.893115]",Recommended figure,Conflict,more than or equal to,4000,2025-10-04,2025-10-03,2025-10-04,2025,30538,Dem. Rep. Congo: Non-International armed conflict (NIAC) - Ituri (CODECO) - 2025,,,2025-01-01,2025-09-28,,,,,,Local civil society organisations (CSOs); OCHA - DRC,,"Jiba, Ituri, Democratic Republic of the Congo; Linga, Ituri, Democratic Republic of the Congo","1.87925, 30.69817; 2.27556, 31.08806",County/City/town/Village/Woreda (ADM3); County/City/town/Village/Woreda (ADM3),Origin; Destination,Displacement without preventive evacuations reported,2025-12-22T20:03:40.457386Z,"Dem. Rep. Congo: 4,000 displacements (forced to flee), 03 October - 04 October. According to OCHA, more than 4,000 people were forced to flee from Jiba to neighboring Linga during October 3-4, 2025, due to fighting between two factions of the same armed group in Djugu territory. Office for the Coordination of Humanitarian Affairs (OCHA) - 18 November 2025",,Conflict
218596,Dem. Rep. Congo,COD,2.6589766666666668,30.724002666666667,"[2.6589766666666668, 30.724002666666667]",Recommended figure,Conflict,approximately,11000,2025-10-03,2025-10-03,2025-10-03,2025,37673,Dem. Rep. Congo: Communal violence - Ituri (Aru and Mahagi) - 03/10/2025,,,2025-10-03,2025-10-03,,,,,,OCHA - DRC,,"Aru, Ituri, Democratic Republic of the Congo; Biringi, Ituri, Democratic Republic of the Congo; Mahagi, Ituri, Democratic Republic of the Congo","2.85944, 30.824169; 2.81714, 30.3561; 2.30035, 30.991739",County/City/town/Village/Woreda (ADM3); County/City/town/Village/Woreda (ADM3); County/City/town/Village/Woreda (ADM3),Origin; Origin; Origin,Displacement without preventive evacuations reported,2025-12-22T20:26:02.967735Z,"Dem. Rep. Congo: 11,000 displacements, 03 October - 03 October. According to OCHA-DRC, approximately 11,000 people were displaced internally from the villages of Nyatsa and Adravu in the Aru and Biringi zones of health (ZS) in the Aru and Mahagi territories of the Ituri province to neighboring villages deemed relatively safe on October 3 due to communal violence. Office for the Coordination of Humanitarian Affairs (OCHA) - 18 November 2025",,Conflict
235336,Dem. Rep. Congo,COD,1.2701851,30.0166393,"[1.2701851, 30.0166393]",Recommended figure,Conflict,approximately,8900,2025-10-11,2025-10-02,2025-10-11,2025,30480,Dem. Rep. Congo: Non-International armed conflict (NIAC) - Ituri (ADF) - 2025,,,2025-01-30,2025-09-30,,,,,,OCHA - DRC,,"Irumu, Ituri, Democratic Republic of the Congo","1.2701851, 30.0166393",District/Zone/Department (ADM2),Destination,Displacement without preventive evacuations reported,2026-02-13T17:16:57.987191Z,"Dem. Rep. Congo: 8,900 displacements, 02 October - 11 October. According to the Office for the Coordination of Humanitarian Affairs (OCHA), a total of 8900 people were internally displaced to Irumu, Ituri due to Non-International armed conflict (NIAC) between 02 October 2025 and 11 October 2025. OCHA - DRC - 12 February 2026",,Conflict
218593,Dem. Rep. Congo,COD,1.35888,29.49674966666667,"[1.35888, 29.49674966666667]",Recommended figure,Conflict,approximately,8900,2025-10-11,2025-10-02,2025-10-11,2025,30480,Dem. Rep. Congo: Non-International armed conflict (NIAC) - Ituri (ADF) - 2025,,,2025-01-30,2025-09-30,,,,,,OCHA - DRC,,"Komanda, Ituri, Democratic Republic of the Congo; Lolwa, Ituri, Democratic Republic of the Congo; Mambasa, Ituri, Democratic Republic of the Congo","1.36639, 29.95944; 1.34992, 29.49539; 1.36033, 29.035419",County/City/town/Village/Woreda (ADM3); County/City/town/Village/Woreda (ADM3); County/City/town/Village/Woreda (ADM3),Destination; Origin; Origin,Displacement without preventive evacuations reported,2025-12-22T20:16:05.984965Z,"Dem. Rep. Congo: 8,900 displacements, 02 October - 11 October. According to OCHA-DRC, approximately 8,900 person were internally displaced from Lolwa and Mabangifo, Zone de Santé (ZS) Lolwa, Mambasa territory to Lolwa centre (ZS Lolwa) and Mungamba (ZS Komanda) during 2-11 October due to non-international armed conflict. Office for the Coordination of Humanitarian Affairs (OCHA) - 18 November 2025",,Conflict
235559,Dem. Rep. Congo,COD,-0.0623332,28.7540799,"[-0.0623332, 28.7540799]",Recommended figure,Conflict,approximately,3330,2025-11-30,2025-10-01,2025-11-30,2025,29179,Dem. Rep. Congo: Non-International armed conflict (NIAC) - North Kivu (M23) - 2025,,,2025-01-01,2025-12-31,,,,,,OCHA - DRC,,"Lubero, North Kivu, Democratic Republic of the Congo","-0.0623332, 28.7540799",District/Zone/Department (ADM2),Destination,Displacement without preventive evacuations reported,2026-02-13T18:11:07.166578Z,"Dem. Rep. Congo: 3,330 displacements, 01 October - 30 November. According to the Office for the Coordination of Humanitarian Affairs (OCHA), a total of 3330 people were internally displaced to Lubero, North Kivu due to Non-International armed conflict (NIAC) between 01 October 2025 and 30 November 2025. OCHA - DRC - 12 February 2026",,Conflict
235315,Dem. Rep. Congo,COD,-2.0518682,28.5686692,"[-2.0518682, 28.5686692]",Recommended figure,Disaster,approximately,11148,2025-11-30,2025-10-01,2025-11-30,2025,40194,Dem. Rep. Congo: Flood - South Kivu - 01/10/2025,,,2025-10-01,2025-10-31,Weather related,Hydrological,Flood,Flood,,OCHA - DRC,,"Kalehe, South Kivu, Democratic Republic of the Congo","-2.0518682, 28.5686692",District/Zone/Department (ADM2),Destination,Displacement without preventive evacuations reported,2026-02-13T17:16:52.862754Z,"Dem. Rep. Congo: 11,148 displacements, 01 October - 30 November. According to the Office for the Coordination of Humanitarian Affairs (OCHA), a total of 11148 people were internally displaced to Kalehe, South Kivu due to Flood between 01 October 2025 and 30 November 2025. OCHA - DRC - 12 February 2026",,Flood
235531,Dem. Rep. Congo,COD,0.1246035,29.289273,"[0.1246035, 29.289273]",Recommended figure,Conflict,approximately,71000,2025-11-22,2025-10-01,2025-11-22,2025,37029,Dem. Rep. Congo: Unclear/Unknown - North Kivu - 2025,,,2025-01-05,2025-09-30,,,,,,OCHA - DRC,,"Butembo, North Kivu, Democratic Republic of the Congo","0.1246035, 29.289273",District/Zone/Department (ADM2),Destination,Displacement without preventive evacuations reported,2026-02-13T17:56:35.983022Z,"Dem. Rep. Congo: 71,000 displacements, 01 October - 22 November. According to the Office for the Coordination of Humanitarian Affairs (OCHA), a total of 71000 people were internally displaced to Butembo, North Kivu due to Conflict between 01 October 2025 and 22 November 2025. OCHA - DRC - 12 February 2026",,Conflict
235323,Dem. Rep. Congo,COD,-0.0623332,28.7540799,"[-0.0623332, 28.7540799]",Recommended figure,Conflict,approximately,1980,2025-10-31,2025-10-01,2025-10-31,2025,29179,Dem. Rep. Congo: Non-International armed conflict (NIAC) - North Kivu (M23) - 2025,,,2025-01-01,2025-12-31,,,,,,OCHA - DRC,,"Lubero, North Kivu, Democratic Republic of the Congo","-0.0623332, 28.7540799",District/Zone/Department (ADM2),Destination,Displacement without preventive evacuations reported,2026-02-13T17:16:53.476552Z,"Dem. Rep. Congo: 1,980 displacements, 01 October - 31 October. According to the Office for the Coordination of Humanitarian Affairs (OCHA), a total of 1980 people were internally displaced to Lubero, North Kivu due to Non-International armed conflict (NIAC) between 01 October 2025 and 31 October 2025. OCHA - DRC - 12 February 2026",,Conflict
235324,Dem. Rep. Congo,COD,-0.0623332,28.7540799,"[-0.0623332, 28.7540799]",Recommended figure,Conflict,approximately,1910,2025-10-31,2025-10-01,2025-10-31,2025,29179,Dem. Rep. Congo: Non-International armed conflict (NIAC) - North Kivu (M23) - 2025,,,2025-01-01,2025-12-31,,,,,,OCHA - DRC,,"Lubero, North Kivu, Democratic Republic of the Congo","-0.0623332, 28.7540799",District/Zone/Department (ADM2),Destination,Displacement without preventive evacuations reported,2026-02-13T17:16:53.558020Z,"Dem. Rep. Congo: 1,910 displacements, 01 October - 31 October. According to the Office for the Coordination of Humanitarian Affairs (OCHA), a total of 1910 people were internally displaced to Lubero, North Kivu due to Non-International armed conflict (NIAC) between 01 October 2025 and 31 October 2025. OCHA - DRC - 12 February 2026",,Conflict
218579,Dem. Rep. Congo,COD,-1.1512449999999999,28.657249999999998,"[-1.1512449999999999, 28.657249999999998]",Recommended figure,Conflict,total,14802,2025-10-31,2025-10-01,2025-10-31,2025,29179,Dem. Rep. Congo: Non-International armed conflict (NIAC) - North Kivu (M23) - 2025,,,2025-01-01,2025-12-31,,,,,,OCHA - DRC,,"Kalonge, Osso, Masisi, North Kivu, Democratic Republic of the Congo; Katobi, Walikale, North Kivu, Democratic Republic of the Congo; Kibua, Walikale, North Kivu, Democratic Republic of the Congo; Pinga, Walikale, North Kivu, Democratic Republic of the Congo","-1.42373, 28.709749; -0.96332, 28.80102; -1.23397, 28.41625; -0.98396, 28.701981",County/City/town/Village/Woreda (ADM3); County/City/town/Village/Woreda (ADM3); County/City/town/Village/Woreda (ADM3); County/City/town/Village/Woreda (ADM3),Destination; Destination; Origin; Origin,Displacement without preventive evacuations reported,2025-12-22T09:38:07.390279Z,"Dem. Rep. Congo: 14,802 displacements (forced to flee), 01 October - 31 October. According to OCHA RDC, a total of 2,863 households (approximately 14,315 people) were forced to flee from Ihula (in the Kibua and Pinga health zones of the Walikale territory) to Katobi, Kalonge, and Matenge in October 2025 due to non-international armed conflict. Office for the Coordination of Humanitarian Affairs (OCHA) - 18 November 2025",,Conflict
218573,Dem. Rep. Congo,COD,-0.9987900000000001,29.15989025,"[-0.9987900000000001, 29.15989025]",Recommended figure,Conflict,more than or equal to,6478,2025-10-31,2025-10-01,2025-10-31,2025,29179,Dem. Rep. Congo: Non-International armed conflict (NIAC) - North Kivu (M23) - 2025,,,2025-01-01,2025-12-31,,,,,,OCHA - DRC,,"Bwito, Rutshuru, North Kivu, Democratic Republic of the Congo; Kibirizi, Bwito, Rutshuru, North Kivu, Democratic Republic of the Congo; Kikuku, Bwito, Rutshuru, North Kivu, Democratic Republic of the Congo; Ruza, Bwito, Rutshuru, North Kivu, Democratic Republic of the Congo","-0.98733, 29.132561; -0.90812, 29.203039; -0.97464, 29.06295; -1.12507, 29.241011",County/City/town/Village/Woreda (ADM3); County/City/town/Village/Woreda (ADM3); County/City/town/Village/Woreda (ADM3); County/City/town/Village/Woreda (ADM3),Origin and destination; Origin; Origin; Destination,Displacement without preventive evacuations reported,2025-12-22T08:03:14.063666Z,"Dem. Rep. Congo: 6,478 displacements, 01 October - 31 October. According to humanitarian partners, more than 1,253 households were internally displaced from the Bwito chiefdom (health zones of Kibirizi, Bambo and Birambizo) to Kyahala, Ruza, Kodjo, Kashovu, Kikuku and Mumo in Rutshuru territory during October 2025 due to non-international armed conflict. Office for the Coordination of Humanitarian Affairs (OCHA) - 18 November 2025",,Conflict
218574,Dem. Rep. Congo,COD,-0.98733,29.132561,"[-0.98733, 29.132561]",Recommended figure,Conflict,total,6013,2025-10-31,2025-10-01,2025-10-31,2025,29179,Dem. Rep. Congo: Non-International armed conflict (NIAC) - North Kivu (M23) - 2025,,,2025-01-01,2025-12-31,,,,,,OCHA - DRC,,"Bwito, Rutshuru, North Kivu, Democratic Republic of the Congo","-0.98733, 29.132561",County/City/town/Village/Woreda (ADM3),Origin and destination,Displacement without preventive evacuations reported,2025-12-22T08:12:55.531556Z,"Dem. Rep. Congo: 6,013 displacements, 01 October - 31 October. According to OCHA - DRC, 1,163 households were registered at the Bambo center in Rutshuru territory during October 2025 after fleeing non-international armed conflict. Office for the Coordination of Humanitarian Affairs (OCHA) - 18 November 2025",,Conflict
235325,Dem. Rep. Congo,COD,-2.4089028,28.7497468,"[-2.4089028, 28.7497468]",Recommended figure,Conflict,approximately,24888,2025-10-15,2025-10-01,2025-10-15,2025,30448,Dem. Rep. Congo: Non-International armed conflict (NIAC) - South Kivu (M23) - 2025,,,2025-01-05,2025-07-18,,,,,,OCHA - DRC,,"Kabare, South Kivu, Democratic Republic of the Congo","-2.4089028, 28.7497468",District/Zone/Department (ADM2),Destination,Displacement without preventive evacuations reported,2026-02-13T17:16:53.642702Z,"Dem. Rep. Congo: 24,888 displacements, 01 October - 15 October. According to the Office for the Coordination of Humanitarian Affairs (OCHA), a total of 24887 people were internally displaced to Kabare, South Kivu due to Non-International armed conflict (NIAC) between 01 October 2025 and 15 October 2025. OCHA - DRC - 12 February 2026",,Conflict
235341,Dem. Rep. Congo,COD,-1.1869031,29.4461316,"[-1.1869031, 29.4461316]",Recommended figure,Conflict,approximately,25723,2025-10-12,2025-09-29,2025-10-12,2025,29179,Dem. Rep. Congo: Non-International armed conflict (NIAC) - North Kivu (M23) - 2025,,,2025-01-01,2025-12-31,,,,,,OCHA - DRC,,"Rutshuru, North Kivu, Democratic Republic of the Congo","-1.1869031, 29.4461316",District/Zone/Department (ADM2),Destination,Displacement without preventive evacuations reported,2026-02-13T17:16:58.236458Z,"Dem. Rep. Congo: 25,723 displacements, 29 September - 12 October. According to the Office for the Coordination of Humanitarian Affairs (OCHA), a total of 25723 people were internally displaced to Rutshuru, North Kivu due to Non-International armed conflict (NIAC) between 29 September 2025 and 12 October 2025. OCHA - DRC - 12 February 2026",,Conflict
235340,Dem. Rep. Congo,COD,-1.1869031,29.4461316,"[-1.1869031, 29.4461316]",Recommended figure,Conflict,approximately,6125,2025-09-29,2025-09-29,2025-09-29,2025,29179,Dem. Rep. Congo: Non-International armed conflict (NIAC) - North Kivu (M23) - 2025,,,2025-01-01,2025-12-31,,,,,,OCHA - DRC,,"Rutshuru, North Kivu, Democratic Republic of the Congo","-1.1869031, 29.4461316",District/Zone/Department (ADM2),Destination,Displacement without preventive evacuations reported,2026-02-13T17:16:58.187670Z,"Dem. Rep. Congo: 6,125 displacements, 29 September - 29 September. According to the Office for the Coordination of Humanitarian Affairs (OCHA), a total of 6125 people were internally displaced to Rutshuru, North Kivu due to Non-International armed conflict (NIAC) between 29 September 2025 and 29 September 2025. OCHA - DRC - 12 February 2026",,Conflict
214772,Dem. Rep. Congo,COD,1.794665,30.411699,"[1.794665, 30.411699]",Recommended figure,Conflict,more than or equal to,14900,2025-09-30,2025-09-27,2025-09-30,2025,30538,Dem. Rep. Congo: Non-International armed conflict (NIAC) - Ituri (CODECO) - 2025,,,2025-01-01,2025-09-28,,,,,,OCHA - DRC,,"Gina, Ituri, Democratic Republic of the Congo; Nyampala, Ituri, Democratic Republic of the Congo","1.77159, 30.388809; 1.81774, 30.434589",County/City/town/Village/Woreda (ADM3); County/City/town/Village/Woreda (ADM3),Origin and destination; Origin,Displacement without preventive evacuations reported,2025-12-03T15:31:49.539177Z,"Dem. Rep. Congo: 14,900 displacements (forced to flee), 27 September - 30 September. According to the OCHA, more than 14,900 people fled their villages in the Nyampala and Jako Ndahura areas between 27 and 30 September 2025, seeking shelter in community centres in Jina due to non-international armed conflict. Office for the Coordination of Humanitarian Affairs (OCHA) - 22 October 2025",,Conflict
208500,Dem. Rep. Congo,COD,-1.028585,28.339990999999998,"[-1.028585, 28.339990999999998]",Recommended figure,Conflict,more than or equal to,124,2025-09-26,2025-09-26,2025-09-26,2025,37029,Dem. Rep. Congo: Unclear/Unknown - North Kivu - 2025,,,2025-01-05,2025-09-30,,,,,,OCHA - DRC,,"Pinga, Walikale, North Kivu, Democratic Republic of the Congo; Walikale, North Kivu, Democratic Republic of the Congo","-0.98396, 28.701981; -1.07321, 27.978001",County/City/town/Village/Woreda (ADM3); District/Zone/Department (ADM2),Origin; Destination,Displacement without preventive evacuations reported,2025-11-27T08:15:18.183345Z,"Dem. Rep. Congo: 124 displacements, 26 September - 26 September. According to OCHA-DRC, following orders from an armed group, at least twelve villages in the Kisimba group in the Pinga security zone were deserted by their populations. They headed for the towns of Rusamambu, Kateku, and Buleusa. OCHA - DRC - 15 October 2025",,Conflict
235769,Dem. Rep. Congo,COD,-1.7030109,26.9225194,"[-1.7030109, 26.9225194]",Recommended figure,Conflict,approximately,9000,2025-09-26,2025-09-26,2025-09-26,2025,40159,Dem. Rep. Congo: Unclear/Unknown - Maniema - 2025,,,2025-01-01,2025-12-31,,,,,,OCHA - DRC,,"Punia, Maniema, Democratic Republic of the Congo","-1.7030109, 26.9225194",District/Zone/Department (ADM2),Destination,Displacement without preventive evacuations reported,2026-02-14T10:37:33.150350Z,"Dem. Rep. Congo: 9,000 displacements, 26 September - 26 September. According to the Office for the Coordination of Humanitarian Affairs (OCHA), a total of 9000 people were internally displaced to Punia, Maniema due to Conflict between 26 September 2025 and 26 September 2025. OCHA - DRC - 12 February 2026",,Conflict
214707,Dem. Rep. Congo,COD,-2.4132,28.746889,"[-2.4132, 28.746889]",Recommended figure,Conflict,total,3549,2025-10-17,2025-09-25,2025-10-17,2025,30448,Dem. Rep. Congo: Non-International armed conflict (NIAC) - South Kivu (M23) - 2025,,,2025-01-05,2025-07-18,,,,,,IOM DTM - DRC,,"Kabare, South Kivu, Democratic Republic of the Congo","-2.4132, 28.746889",District/Zone/Department (ADM2),Origin and destination,Displacement without preventive evacuations reported,2025-12-03T08:20:28.876798Z,"Dem. Rep. Congo: 3,549 displacements, 25 September - 17 October. According to IOM DTM - DRC, a total of 3,549 people were displaced from Chulwe village, to Culwe, Luhago and Luhagu in Kabare territory, on mid-September due to non-international armed conflict. Office for the Coordination of Humanitarian Affairs (OCHA) - 17 September 2025",,Conflict
208511,Dem. Rep. Congo,COD,-2.114135,28.736745,"[-2.114135, 28.736745]",Recommended figure,Conflict,total,2962,2025-10-17,2025-09-25,2025-10-17,2025,30448,Dem. Rep. Congo: Non-International armed conflict (NIAC) - South Kivu (M23) - 2025,,,2025-01-05,2025-07-18,,,,,,IOM DTM - DRC,,"Kabare, South Kivu, Democratic Republic of the Congo; Kusisa, Buhavu (chefferie), Kalehe, South Kivu, Democratic Republic of the Congo","-2.4132, 28.746889; -1.81507, 28.726601",District/Zone/Department (ADM2); County/City/town/Village/Woreda (ADM3),Origin; Destination,Displacement without preventive evacuations reported,2025-11-27T16:18:18.128287Z,"Dem. Rep. Congo: 2,962 displacements, 25 September - 17 October. According to IOM DTM - DRC, a total of 2,962 people were displaced from Chulwe village, to Kusisa, on mid-September due to non-international armed conflict. Office for the Coordination of Humanitarian Affairs (OCHA) - 17 September 2025",,Conflict
235305,Dem. Rep. Congo,COD,-5.9577181,28.0117894,"[-5.9577181, 28.0117894]",Recommended figure,Conflict,approximately,3030,2025-09-27,2025-09-25,2025-09-27,2025,40155,Dem. Rep. Congo: Unclear/Unknown - Tanganyika - 2025,,,2025-01-01,2025-12-31,,,,,,OCHA - DRC,,"Nyunzu, Tanganyika, Democratic Republic of the Congo","-5.9577181, 28.0117894",District/Zone/Department (ADM2),Destination,Displacement without preventive evacuations reported,2026-02-13T17:16:51.843010Z,"Dem. Rep. Congo: 3,030 displacements, 25 September - 27 September. According to the Office for the Coordination of Humanitarian Affairs (OCHA), a total of 3030 people were internally displaced to Nyunzu, Tanganyika due to Conflict between 25 September 2025 and 27 September 2025. OCHA - DRC - 12 February 2026",,Conflict
235770,Dem. Rep. Congo,COD,-3.1359015,26.6024543,"[-3.1359015, 26.6024543]",Recommended figure,Conflict,approximately,10000,2025-09-24,2025-09-24,2025-09-24,2025,40159,Dem. Rep. Congo: Unclear/Unknown - Maniema - 2025,,,2025-01-01,2025-12-31,,,,,,OCHA - DRC,,"Pangi, Maniema, Democratic Republic of the Congo","-3.1359015, 26.6024543",District/Zone/Department (ADM2),Destination,Displacement without preventive evacuations reported,2026-02-14T10:37:33.200036Z,"Dem. Rep. Congo: 10,000 displacements, 24 September - 24 September. According to the Office for the Coordination of Humanitarian Affairs (OCHA), a total of 10000 people were internally displaced to Pangi, Maniema due to Conflict between 24 September 2025 and 24 September 2025. OCHA - DRC - 12 February 2026",,Conflict
235546,Dem. Rep. Congo,COD,-4.0816247,25.4898832,"[-4.0816247, 25.4898832]",Recommended figure,Disaster,more than or equal to,7,2025-09-24,2025-09-24,2025-09-24,2025,40202,Dem. Rep. Congo: Storm - Maniema - 01/09/2025,,,2025-09-01,2025-09-30,Weather related,Meteorological,Storm,Storm,,OCHA - DRC,,"Kibombo, Maniema, Democratic Republic of the Congo","-4.0816247, 25.4898832",District/Zone/Department (ADM2),Destination,Displacement without preventive evacuations reported,2026-02-13T18:11:05.939212Z,"Dem. Rep. Congo: 7 displacements, 24 September - 24 September. According to the Office for the Coordination of Humanitarian Affairs (OCHA), a total of 6 people were internally displaced to Kibombo, Maniema due to Storm between 24 September 2025 and 24 September 2025. OCHA - DRC - 12 February 2026",,Storm
235346,Dem. Rep. Congo,COD,-2.4089028,28.7497468,"[-2.4089028, 28.7497468]",Recommended figure,Conflict,approximately,25000,2025-09-28,2025-09-23,2025-09-28,2025,30448,Dem. Rep. Congo: Non-International armed conflict (NIAC) - South Kivu (M23) - 2025,,,2025-01-05,2025-07-18,,,,,,OCHA - DRC,,"Kabare, South Kivu, Democratic Republic of the Congo","-2.4089028, 28.7497468",District/Zone/Department (ADM2),Destination,Displacement without preventive evacuations reported,2026-02-13T17:16:58.475691Z,"Dem. Rep. Congo: 25,000 displacements, 23 September - 28 September. According to the Office for the Coordination of Humanitarian Affairs (OCHA), a total of 25000 people were internally displaced to Kabare, South Kivu due to Non-International armed conflict (NIAC) between 23 September 2025 and 28 September 2025. OCHA - DRC - 12 February 2026",,Conflict
235430,Dem. Rep. Congo,COD,-2.4089028,28.7497468,"[-2.4089028, 28.7497468]",Recommended figure,Conflict,approximately,2500,2025-09-23,2025-09-23,2025-09-23,2025,30448,Dem. Rep. Congo: Non-International armed conflict (NIAC) - South Kivu (M23) - 2025,,,2025-01-05,2025-07-18,,,,,,OCHA - DRC,,"Kabare, South Kivu, Democratic Republic of the Congo","-2.4089028, 28.7497468",District/Zone/Department (ADM2),Destination,Displacement without preventive evacuations reported,2026-02-13T17:42:48.206763Z,"Dem. Rep. Congo: 2,500 displacements, 23 September - 23 September. According to the Office for the Coordination of Humanitarian Affairs (OCHA), a total of 2500 people were internally displaced to Kabare, South Kivu due to Non-International armed conflict (NIAC) between 23 September 2025 and 23 September 2025. OCHA - DRC - 12 February 2026",,Conflict
216267,Dem. Rep. Congo,COD,1.7709166666666667,30.380076666666668,"[1.7709166666666667, 30.380076666666668]",Recommended figure,Conflict,total,9707,2025-09-30,2025-09-22,2025-09-30,2025,30538,Dem. Rep. Congo: Non-International armed conflict (NIAC) - Ituri (CODECO) - 2025,,,2025-01-01,2025-09-28,,,,,,IOM DTM - DRC,,"Djugu, Ituri, Democratic Republic of the Congo; Mandro, Ituri, Democratic Republic of the Congo; Nizi, Ituri, Democratic Republic of the Congo","1.91525, 30.503839; 1.62917, 30.349171; 1.76833, 30.28722",County/City/town/Village/Woreda (ADM3); County/City/town/Village/Woreda (ADM3); County/City/town/Village/Woreda (ADM3),Origin and destination; Destination; Origin,Displacement without preventive evacuations reported,2025-12-12T22:13:49.658857Z,"Dem. Rep. Congo: 9,707 displacements, 22 September - 30 September. According to IOM DTM, 9,707 people were displaced from the Nizi and Lita health zones to the D'idjo and Mandro health areas in Ituri province between 22-30 September 2025 due to non-international armed conflict. IOM DTM - DRC - 14 November 2025",,Conflict
208457,Dem. Rep. Congo,COD,-1.2966280000000001,28.6823624,"[-1.2966280000000001, 28.6823624]",Recommended figure,Conflict,more than or equal to,2,2025-09-23,2025-09-22,2025-09-23,2025,37029,Dem. Rep. Congo: Unclear/Unknown - North Kivu - 2025,,,2025-01-05,2025-09-30,,,,,,OCHA - DRC,,"Lukweti, Bashali, Masisi, North Kivu, Democratic Republic of the Congo; Masisi, Osso, Masisi, North Kivu, Democratic Republic of the Congo; Mweso, Bwito, Rutshuru, North Kivu, Democratic Republic of the Congo; Nyabiondo, Osso, Masisi, North Kivu, Democratic Republic of the Congo; Walikale, Walikale, North Kivu, Democratic Republic of the Congo","-1.21605, 28.74468; -1.39721, 28.817051; -1.12743, 29.042589; -1.31237, 28.731091; -1.43008, 28.076401",County/City/town/Village/Woreda (ADM3); County/City/town/Village/Woreda (ADM3); County/City/town/Village/Woreda (ADM3); County/City/town/Village/Woreda (ADM3); County/City/town/Village/Woreda (ADM3),Origin; Origin; Origin; Destination; Destination,Displacement without preventive evacuations reported,2025-11-25T13:22:46.662975Z,"Dem. Rep. Congo: 2 displacements, 22 September - 23 September. According to the DRC Office for the Coordination of Humanitarian Affairs (OCHA), clashes in Ndeté and Lukwet (Masisi Territory) and in Bibwe and Nyabikeri (Mweso Health Zone) between 22 and 23 September resulted in some people being displaced internally to Nyabiondo and Walikale. OCHA - DRC - 15 October 2025",,Conflict
235801,Dem. Rep. Congo,COD,1.8747968,30.3928689,"[1.8747968, 30.3928689]",Recommended figure,Conflict,approximately,17664,2025-09-22,2025-09-22,2025-09-22,2025,37619,Dem. Rep. Congo: Non-International armed conflict (NIAC) - Ituri (CRP) - 2025,,,2025-01-01,2025-12-31,,,,,,OCHA - DRC,,"Djugu, Ituri, Democratic Republic of the Congo","1.8747968, 30.3928689",District/Zone/Department (ADM2),Destination,Displacement without preventive evacuations reported,2026-02-14T10:53:14.399834Z,"Dem. Rep. Congo: 17,664 displacements, 22 September - 22 September. According to the Office for the Coordination of Humanitarian Affairs (OCHA), a total of 17664 people were internally displaced to Djugu, Ituri due to Non-International armed conflict (NIAC) between 22 September 2025 and 22 September 2025. OCHA - DRC - 12 February 2026",,Conflict
235316,Dem. Rep. Congo,COD,-5.9460209,29.1967172,"[-5.9460209, 29.1967172]",Recommended figure,Conflict,total,5765,2025-09-22,2025-09-22,2025-09-22,2025,40155,Dem. Rep. Congo: Unclear/Unknown - Tanganyika - 2025,,,2025-01-01,2025-12-31,,,,,,OCHA - DRC,,"Kalemie, Tanganyika, Democratic Republic of the Congo","-5.9460209, 29.1967172",District/Zone/Department (ADM2),Destination,Displacement without preventive evacuations reported,2026-02-13T17:16:52.932929Z,"Dem. Rep. Congo: 5,765 displacements, 22 September - 22 September. According to the Office for the Coordination of Humanitarian Affairs (OCHA), a total of 5765 people were internally displaced to Kalemie, Tanganyika due to Conflict between 22 September 2025 and 22 September 2025. OCHA - DRC - 12 February 2026",,Conflict
218297,Dem. Rep. Congo,COD,-2.6911,28.61450333333333,"[-2.6911, 28.61450333333333]",Recommended figure,Conflict,total,24900,2025-09-22,2025-09-22,2025-09-22,2025,30675,Dem. Rep. Congo: Unclear/Unknown - South Kivu - 2025,,,2025-02-05,2025-07-26,,,,,,OCHA - DRC,,"Bwahungu, Ngweshe (chefferie), Walungu, South Kivu, Democratic Republic of the Congo; Mulamba, Ngweshe (chefferie), Walungu, South Kivu, Democratic Republic of the Congo; Walungu, Ngweshe (chefferie), Walungu, South Kivu, Democratic Republic of the Congo","-2.75389, 28.598061; -2.69579, 28.57202; -2.62362, 28.673429",County/City/town/Village/Woreda (ADM3); County/City/town/Village/Woreda (ADM3); County/City/town/Village/Woreda (ADM3),Origin; Origin and destination; Origin and destination,Displacement without preventive evacuations reported,2025-12-17T16:29:56.557530Z,"Dem. Rep. Congo: 24,900 displacements (forced to flee), 22 September - 22 September. According to OCHA who cites ONG ADSSE, 24,900 people were displaced from Muzinzi, Bwahungu, and Mulamba localities to Mulamba health area (Walungu HZ) and Muzinzi, Burhuza, Bwahungu, Lubona and Cihusi health areas (Mubumbano HZ) in Walungu territory on 22 September 2025 due to armed clashes. Office for the Coordination of Humanitarian Affairs (OCHA) - 18 November 2025",,Conflict
214840,Dem. Rep. Congo,COD,-2.673006666666667,28.553789999999996,"[-2.673006666666667, 28.553789999999996]",Recommended figure,Conflict,approximately,16606,2025-09-26,2025-09-21,2025-09-26,2025,30448,Dem. Rep. Congo: Non-International armed conflict (NIAC) - South Kivu (M23) - 2025,,,2025-01-05,2025-07-18,,,,,,OCHA - DRC,,"Kaniola, Ngweshe (chefferie), Walungu, South Kivu, Democratic Republic of the Congo; Luntukulu, Ngweshe (chefferie), Walungu, South Kivu, Democratic Republic of the Congo; Mulamba, Ngweshe (chefferie), Walungu, South Kivu, Democratic Republic of the Congo","-2.59363, 28.61458; -2.7296, 28.47477; -2.69579, 28.57202",County/City/town/Village/Woreda (ADM3); County/City/town/Village/Woreda (ADM3); County/City/town/Village/Woreda (ADM3),Origin; Destination; Origin,Displacement without preventive evacuations reported,2025-12-04T11:31:17.190845Z,"Dem. Rep. Congo: 16,606 displacements, 21 September - 26 September. According to OCHA, around 16,606 people (3,212 households) were internally displaced from the Kaniola and Mulamba groupements to Luntukulu due to non-international armed conflict. Office for the Coordination of Humanitarian Affairs (OCHA) - 22 October 2025",,Conflict
235329,Dem. Rep. Congo,COD,-0.0623332,28.7540799,"[-0.0623332, 28.7540799]",Recommended figure,Conflict,approximately,4619,2025-10-07,2025-09-18,2025-10-07,2025,29179,Dem. Rep. Congo: Non-International armed conflict (NIAC) - North Kivu (M23) - 2025,,,2025-01-01,2025-12-31,,,,,,OCHA - DRC,,"Lubero, North Kivu, Democratic Republic of the Congo","-0.0623332, 28.7540799",District/Zone/Department (ADM2),Destination,Displacement without preventive evacuations reported,2026-02-13T17:16:57.649013Z,"Dem. Rep. Congo: 4,619 displacements, 18 September - 07 October. According to the Office for the Coordination of Humanitarian Affairs (OCHA), a total of 4619 people were internally displaced to Lubero, North Kivu due to Non-International armed conflict (NIAC) between 18 September 2025 and 07 October 2025. OCHA - DRC - 12 February 2026",,Conflict
214838,Dem. Rep. Congo,COD,-1.8404,28.848912333333335,"[-1.8404, 28.848912333333335]",Triangulation,Conflict,more than or equal to,1500,2025-09-30,2025-09-18,2025-09-30,2025,30448,Dem. Rep. Congo: Non-International armed conflict (NIAC) - South Kivu (M23) - 2025,,,2025-01-05,2025-07-18,,,,,,OCHA - DRC,,"Kalehe, South Kivu, Democratic Republic of the Congo; Kalungu, Buhavu (chefferie), Kalehe, South Kivu, Democratic Republic of the Congo; Minova, Buhavu (chefferie), Kalehe, South Kivu, Democratic Republic of the Congo","-2.05211, 28.535299; -1.7613, 28.987169; -1.70779, 29.024269",District/Zone/Department (ADM2); County/City/town/Village/Woreda (ADM3); County/City/town/Village/Woreda (ADM3),Origin and destination; Origin; Origin,Displacement without preventive evacuations reported,2025-12-04T11:06:23.065459Z,"Dem. Rep. Congo: 1,500 displacements (forced to flee), 18 September - 30 September. According to OCHA, more than 1,500 people were forced to flee to the localities of Tushunguti, Matutira, Lumbishi, and Shanje from the health zones of Minova, Nyamasasa, Chambombo, Keya, and Kalungu between 18 and 30 September 2025 due to non-international armed conflict. Office for the Coordination of Humanitarian Affairs (OCHA) - 22 October 2025",,Conflict
235321,Dem. Rep. Congo,COD,-1.0728008,27.9753698,"[-1.0728008, 27.9753698]",Recommended figure,Conflict,approximately,4445,2025-10-25,2025-09-17,2025-10-25,2025,29179,Dem. Rep. Congo: Non-International armed conflict (NIAC) - North Kivu (M23) - 2025,,,2025-01-01,2025-12-31,,,,,,OCHA - DRC,,"Walikale, North Kivu, Democratic Republic of the Congo","-1.0728008, 27.9753698",District/Zone/Department (ADM2),Destination,Displacement without preventive evacuations reported,2026-02-13T17:16:53.313559Z,"Dem. Rep. Congo: 4,445 displacements, 17 September - 25 October. According to the Office for the Coordination of Humanitarian Affairs (OCHA), a total of 4445 people were internally displaced to Walikale, North Kivu due to Non-International armed conflict (NIAC) between 17 September 2025 and 25 October 2025. OCHA - DRC - 12 February 2026",,Conflict
235350,Dem. Rep. Congo,COD,-1.0728008,27.9753698,"[-1.0728008, 27.9753698]",Recommended figure,Conflict,more than or equal to,5221,2025-09-17,2025-09-17,2025-09-17,2025,29179,Dem. Rep. Congo: Non-International armed conflict (NIAC) - North Kivu (M23) - 2025,,,2025-01-01,2025-12-31,,,,,,OCHA - DRC,,"Walikale, North Kivu, Democratic Republic of the Congo","-1.0728008, 27.9753698",District/Zone/Department (ADM2),Destination,Displacement without preventive evacuations reported,2026-02-13T17:16:58.684294Z,"Dem. Rep. Congo: 5,221 displacements, 17 September - 17 September. According to the Office for the Coordination of Humanitarian Affairs (OCHA), a total of 5221 people were internally displaced to Walikale, North Kivu due to Non-International armed conflict (NIAC) between 17 September 2025 and 17 September 2025. OCHA - DRC - 12 February 2026",,Conflict
208505,Dem. Rep. Congo,COD,-2.00308,29.085569,"[-2.00308, 29.085569]",Recommended figure,Conflict,total,432,2025-10-16,2025-09-15,2025-10-16,2025,30448,Dem. Rep. Congo: Non-International armed conflict (NIAC) - South Kivu (M23) - 2025,,,2025-01-05,2025-07-18,,,,,,IOM DTM - DRC,,"Bunyakiri, Rubenga (chefferie)","-2.00308, 29.085569",County/City/town/Village/Woreda (ADM3),Origin and destination,Displacement without preventive evacuations reported,2025-11-27T13:42:36.860233Z,"Dem. Rep. Congo: 432 displacements, 15 September - 16 October. Non-international armed conflict (NIAC) resulted in a total of 432 people being displaced in Bunyakiri, Rubenga (chefferie) on mid-septembre, according to IOM DTM - DRC. Office for the Coordination of Humanitarian Affairs (OCHA) - 16 September 2025",,Conflict
208502,Dem. Rep. Congo,COD,-1.909075,28.906084999999997,"[-1.909075, 28.906084999999997]",Recommended figure,Conflict,total,8507,2025-10-16,2025-09-15,2025-10-16,2025,30448,Dem. Rep. Congo: Non-International armed conflict (NIAC) - South Kivu (M23) - 2025,,,2025-01-05,2025-07-18,,,,,,IOM DTM - DRC,,"Bunyakiri, Rubenga (chefferie); Kusisa, Buhavu (chefferie), Kalehe, South Kivu, Democratic Republic of the Congo","-2.00308, 29.085569; -1.81507, 28.726601",County/City/town/Village/Woreda (ADM3); County/City/town/Village/Woreda (ADM3),Origin; Destination,Displacement without preventive evacuations reported,2025-11-27T13:25:55.513158Z,"Dem. Rep. Congo: 8,507 displacements, 15 September - 16 October. A total of 8,507 people were displaced from Bunyakiri and Rubenga (Chefferie) to Kusisa due to a non-international armed conflict in mid-September. Office for the Coordination of Humanitarian Affairs (OCHA) - 16 September 2025",,Conflict
208501,Dem. Rep. Congo,COD,-2.3132,28.876724,"[-2.3132, 28.876724]",Recommended figure,Conflict,total,1508,2025-10-16,2025-09-15,2025-10-16,2025,30448,Dem. Rep. Congo: Non-International armed conflict (NIAC) - South Kivu (M23) - 2025,,,2025-01-05,2025-07-18,,,,,,IOM DTM - DRC,,"Bunyakiri, Rubenga (chefferie); Cibanda, Ngweshe (chefferie), Walungu, South Kivu, Democratic Republic of the Congo","-2.00308, 29.085569; -2.62332, 28.667879",County/City/town/Village/Woreda (ADM3); County/City/town/Village/Woreda (ADM3),Origin; Destination,Displacement without preventive evacuations reported,2025-11-27T13:19:17.002771Z,"Dem. Rep. Congo: 1,508 displacements, 15 September - 16 October. According to IOM DTM - DRC, a total of 1,508 people were displaced from Bunyakiri, Rubenga (chefferie), to Cibanda, Ngweshe (chefferie), on mid-September due to non-international armed conflict. Office for the Coordination of Humanitarian Affairs (OCHA) - 16 September 2025",,Conflict
208506,Dem. Rep. Congo,COD,-2.04806,28.8353145,"[-2.04806, 28.8353145]",Recommended figure,Conflict,total,1437,2025-10-16,2025-09-15,2025-10-16,2025,30448,Dem. Rep. Congo: Non-International armed conflict (NIAC) - South Kivu (M23) - 2025,,,2025-01-05,2025-07-18,,,,,,IOM DTM - DRC,,"Bunyakiri, Rubenga (chefferie); Mafuo, Buloho (chefferie), Kalehe, South Kivu, Democratic Republic of the Congo","-2.00308, 29.085569; -2.09304, 28.58506",County/City/town/Village/Woreda (ADM3); County/City/town/Village/Woreda (ADM3),Origin and destination; Origin and destination,Displacement without preventive evacuations reported,2025-11-27T13:50:13.616956Z,"Dem. Rep. Congo: 1,437 displacements, 15 September - 16 October. According to IOM DTM - DRC, a total of 1,437 people were displaced from Bunyakiri, Rubenga (chefferie), to Mafuo, on mid-September due to non-international armed conflict. Office for the Coordination of Humanitarian Affairs (OCHA) - 16 September 2025",,Conflict
214841,Dem. Rep. Congo,COD,-3.60747,27.129009,"[-3.60747, 27.129009]",Recommended figure,Conflict,more than or equal to,5361,2025-09-17,2025-09-15,2025-09-17,2025,30448,Dem. Rep. Congo: Non-International armed conflict (NIAC) - South Kivu (M23) - 2025,,,2025-01-05,2025-07-18,,,,,,OCHA - DRC,,"Lusenge, Wakabango (chefferie), Shabunda, South Kivu, Democratic Republic of the Congo","-3.60747, 27.129009",County/City/town/Village/Woreda (ADM3),Origin,Displacement without preventive evacuations reported,2025-12-04T11:36:37.878813Z,"Dem. Rep. Congo: 5,361 displacements, 15 September - 17 September. According to OCHA, around 5,361 people (1,037 households) were internally displaced from Lusenge in Shabunda territory to surrounding areas and nearby localities between 15 and 17 September 2025 due to non-international armed conflict. Office for the Coordination of Humanitarian Affairs (OCHA) - 22 October 2025",,Conflict
235326,Dem. Rep. Congo,COD,-0.0623332,28.7540799,"[-0.0623332, 28.7540799]",Recommended figure,Conflict,approximately,12248,2025-09-15,2025-09-15,2025-09-15,2025,29179,Dem. Rep. Congo: Non-International armed conflict (NIAC) - North Kivu (M23) - 2025,,,2025-01-01,2025-12-31,,,,,,OCHA - DRC,,"Lubero, North Kivu, Democratic Republic of the Congo","-0.0623332, 28.7540799",District/Zone/Department (ADM2),Destination,Displacement without preventive evacuations reported,2026-02-13T17:16:53.740380Z,"Dem. Rep. Congo: 12,248 displacements, 15 September - 15 September. According to the Office for the Coordination of Humanitarian Affairs (OCHA), a total of 12248 people were internally displaced to Lubero, North Kivu due to Non-International armed conflict (NIAC) between 15 September 2025 and 15 September 2025. OCHA - DRC - 12 February 2026",,Conflict
235762,Dem. Rep. Congo,COD,-2.5042,25.6863,"[-2.5042, 25.6863]",Recommended figure,Disaster,total,3510,2025-09-15,2025-09-15,2025-09-15,2025,40196,Dem. Rep. Congo: Flood - Maniema - 01/09/2025,,,2025-09-01,2025-09-30,Weather related,Hydrological,Flood,Flood,,OCHA - DRC,,"Kailo, Maniema, DR Congo","-2.5042, 25.6863",District/Zone/Department (ADM2),Destination,,2026-02-14T10:37:32.724145Z,"Dem. Rep. Congo: 3,510 displacements (uninhabitable housing), 15 September - 15 September. According to the Office for the Coordination of Humanitarian Affairs (OCHA), a total of 3510 people were internally displaced to Kailo, Maniema due to Flood between 15 September 2025 and 15 September 2025. OCHA - DRC - 12 February 2026",,Flood
235771,Dem. Rep. Congo,COD,-4.1751014,26.5409549,"[-4.1751014, 26.5409549]",Recommended figure,Conflict,more than or equal to,7800,2025-09-15,2025-09-15,2025-09-15,2025,40159,Dem. Rep. Congo: Unclear/Unknown - Maniema - 2025,,,2025-01-01,2025-12-31,,,,,,OCHA - DRC,,"Kasongo, Maniema, Democratic Republic of the Congo","-4.1751014, 26.5409549",District/Zone/Department (ADM2),Destination,Displacement without preventive evacuations reported,2026-02-14T10:37:33.249907Z,"Dem. Rep. Congo: 7,800 displacements, 15 September - 15 September. According to the Office for the Coordination of Humanitarian Affairs (OCHA), a total of 7800 people were internally displaced to Kasongo, Maniema due to Conflict between 15 September 2025 and 15 September 2025. OCHA - DRC - 12 February 2026",,Conflict
235331,Dem. Rep. Congo,COD,-1.1869031,29.4461316,"[-1.1869031, 29.4461316]",Recommended figure,Conflict,approximately,37475,2025-09-27,2025-09-14,2025-09-27,2025,29179,Dem. Rep. Congo: Non-International armed conflict (NIAC) - North Kivu (M23) - 2025,,,2025-01-01,2025-12-31,,,,,,OCHA - DRC,,"Rutshuru, North Kivu, Democratic Republic of the Congo","-1.1869031, 29.4461316",District/Zone/Department (ADM2),Destination,Displacement without preventive evacuations reported,2026-02-13T17:16:57.748154Z,"Dem. Rep. Congo: 37,475 displacements, 14 September - 27 September. According to the Office for the Coordination of Humanitarian Affairs (OCHA), a total of 37475 people were internally displaced to Rutshuru, North Kivu due to Non-International armed conflict (NIAC) between 14 September 2025 and 27 September 2025. OCHA - DRC - 12 February 2026",,Conflict
235354,Dem. Rep. Congo,COD,-1.0728008,27.9753698,"[-1.0728008, 27.9753698]",Recommended figure,Conflict,approximately,9651,2025-09-17,2025-09-13,2025-09-17,2025,29179,Dem. Rep. Congo: Non-International armed conflict (NIAC) - North Kivu (M23) - 2025,,,2025-01-01,2025-12-31,,,,,,OCHA - DRC,,"Walikale, North Kivu, Democratic Republic of the Congo","-1.0728008, 27.9753698",District/Zone/Department (ADM2),Destination,Displacement without preventive evacuations reported,2026-02-13T17:29:30.957644Z,"Dem. Rep. Congo: 9,651 displacements, 13 September - 17 September. According to the Office for the Coordination of Humanitarian Affairs (OCHA), a total of 9651 people were internally displaced to Walikale, North Kivu due to Non-International armed conflict (NIAC) between 13 September 2025 and 17 September 2025. OCHA - DRC - 12 February 2026",,Conflict
235352,Dem. Rep. Congo,COD,-4.2696783,28.8806316,"[-4.2696783, 28.8806316]",Recommended figure,Conflict,approximately,20188,2025-09-14,2025-09-13,2025-09-14,2025,30448,Dem. Rep. Congo: Non-International armed conflict (NIAC) - South Kivu (M23) - 2025,,,2025-01-05,2025-07-18,,,,,,OCHA - DRC,,"Fizi, South Kivu, Democratic Republic of the Congo","-4.2696783, 28.8806316",District/Zone/Department (ADM2),Destination,Displacement without preventive evacuations reported,2026-02-13T17:16:58.781390Z,"Dem. Rep. Congo: 20,188 displacements, 13 September - 14 September. According to the Office for the Coordination of Humanitarian Affairs (OCHA), a total of 20188 people were internally displaced to Fizi, South Kivu due to Non-International armed conflict (NIAC) between 13 September 2025 and 14 September 2025. OCHA - DRC - 12 February 2026",,Conflict
235348,Dem. Rep. Congo,COD,-2.0518682,28.5686692,"[-2.0518682, 28.5686692]",Recommended figure,Conflict,approximately,1535,2025-09-18,2025-09-12,2025-09-18,2025,30448,Dem. Rep. Congo: Non-International armed conflict (NIAC) - South Kivu (M23) - 2025,,,2025-01-05,2025-07-18,,,,,,OCHA - DRC,,"Kalehe, South Kivu, Democratic Republic of the Congo","-2.0518682, 28.5686692",District/Zone/Department (ADM2),Destination,Displacement without preventive evacuations reported,2026-02-13T17:16:58.591246Z,"Dem. Rep. Congo: 1,535 displacements, 12 September - 18 September. According to the Office for the Coordination of Humanitarian Affairs (OCHA), a total of 1535 people were internally displaced to Kalehe, South Kivu due to Non-International armed conflict (NIAC) between 12 September 2025 and 18 September 2025. OCHA - DRC - 12 February 2026",,Conflict
235347,Dem. Rep. Congo,COD,-1.1869031,29.4461316,"[-1.1869031, 29.4461316]",Recommended figure,Conflict,more than or equal to,7720,2025-09-12,2025-09-12,2025-09-12,2025,29179,Dem. Rep. Congo: Non-International armed conflict (NIAC) - North Kivu (M23) - 2025,,,2025-01-01,2025-12-31,,,,,,OCHA - DRC,,"Rutshuru, North Kivu, Democratic Republic of the Congo","-1.1869031, 29.4461316",District/Zone/Department (ADM2),Destination,Displacement without preventive evacuations reported,2026-02-13T17:16:58.542725Z,"Dem. Rep. Congo: 7,720 displacements, 12 September - 12 September. According to the Office for the Coordination of Humanitarian Affairs (OCHA), a total of 7720 people were internally displaced to Rutshuru, North Kivu due to Non-International armed conflict (NIAC) between 12 September 2025 and 12 September 2025. OCHA - DRC - 12 February 2026",,Conflict
208462,Dem. Rep. Congo,COD,0.041265,28.935215,"[0.041265, 28.935215]",Recommended figure,Conflict,more than or equal to,2,2025-09-30,2025-09-10,2025-09-30,2025,37029,Dem. Rep. Congo: Unclear/Unknown - North Kivu - 2025,,,2025-01-05,2025-09-30,,,,,,OCHA - DRC,,"Bapere, Lubero, North Kivu, Democratic Republic of the Congo; Butembo, Butembo, North Kivu, Democratic Republic of the Congo; Lubero-Centre, Baswaga, Lubero, North Kivu, Democratic Republic of the Congo; Lubero, North Kivu, Democratic Republic of the Congo","0.26381, 28.438959; 0.12497, 29.29195; -0.15867, 29.2386; -0.06505, 28.771351",County/City/town/Village/Woreda (ADM3); County/City/town/Village/Woreda (ADM3); County/City/town/Village/Woreda (ADM3); District/Zone/Department (ADM2),Origin; Destination; Destination; Destination,Displacement without preventive evacuations reported,2025-11-25T15:19:51.240731Z,"Dem. Rep. Congo: 2 displacements, 10 September - 30 September. According to the DRC Office for the Coordination of Humanitarian Affairs (OCHA), clashes in Ntoyo, Kasanga and Kenge from 10 to 30 September led to the displacement of some people to Mangurejipa, Butembo town and Lubero-Centre. OCHA - DRC - 15 October 2025",,Conflict
214814,Dem. Rep. Congo,COD,1.56205,30.247881,"[1.56205, 30.247881]",Recommended figure,Disaster,more than or equal to,1500,2025-09-10,2025-09-10,2025-09-10,2025,37200,Dem. Rep. Congo: Storm - Ituru (Irumu) - 10/09/2025,,,2025-09-10,2025-09-10,Weather related,Meteorological,Storm,Storm,,OCHA - DRC,,"Bunia, Ituri, Democratic Republic of the Congo","1.56205, 30.247881",County/City/town/Village/Woreda (ADM3),Origin,,2025-12-04T09:04:53.982244Z,"Dem. Rep. Congo: 1,500 displacements (uninhabitable housing), 10 September - 10 September. According to OCHA - DRC, more than 1,500 people were internally displaced in Kigonze within Bunia health area due to a storm on 10 September. Office for the Coordination of Humanitarian Affairs (OCHA) - 22 October 2025",,Storm
235351,Dem. Rep. Congo,COD,-1.3972123,28.8170537,"[-1.3972123, 28.8170537]",Recommended figure,Conflict,approximately,8184,2025-09-10,2025-09-10,2025-09-10,2025,29179,Dem. Rep. Congo: Non-International armed conflict (NIAC) - North Kivu (M23) - 2025,,,2025-01-01,2025-12-31,,,,,,OCHA - DRC,,"Masisi, North Kivu, Democratic Republic of the Congo","-1.3972123, 28.8170537",District/Zone/Department (ADM2),Destination,Displacement without preventive evacuations reported,2026-02-13T17:16:58.732284Z,"Dem. Rep. Congo: 8,184 displacements, 10 September - 10 September. According to the Office for the Coordination of Humanitarian Affairs (OCHA), a total of 8184 people were internally displaced to Masisi, North Kivu due to Non-International armed conflict (NIAC) between 10 September 2025 and 10 September 2025. OCHA - DRC - 12 February 2026",,Conflict
235353,Dem. Rep. Congo,COD,-2.0518682,28.5686692,"[-2.0518682, 28.5686692]",Recommended figure,Conflict,total,7862,2025-09-15,2025-09-08,2025-09-15,2025,30448,Dem. Rep. Congo: Non-International armed conflict (NIAC) - South Kivu (M23) - 2025,,,2025-01-05,2025-07-18,,,,,,OCHA - DRC,,"Kalehe, South Kivu, Democratic Republic of the Congo","-2.0518682, 28.5686692",District/Zone/Department (ADM2),Destination,Displacement without preventive evacuations reported,2026-02-13T17:16:58.828958Z,"Dem. Rep. Congo: 7,862 displacements, 08 September - 15 September. According to the Office for the Coordination of Humanitarian Affairs (OCHA), a total of 7862 people were internally displaced to Kalehe, South Kivu due to Non-International armed conflict (NIAC) between 08 September 2025 and 15 September 2025. OCHA - DRC - 12 February 2026",,Conflict
208481,Dem. Rep. Congo,COD,-1.07321,27.978001,"[-1.07321, 27.978001]",Recommended figure,Conflict,more than or equal to,2,2025-09-07,2025-09-07,2025-09-07,2025,37029,Dem. Rep. Congo: Unclear/Unknown - North Kivu - 2025,,,2025-01-05,2025-09-30,,,,,,OCHA - DRC,,"Walikale, North Kivu, Democratic Republic of the Congo","-1.07321, 27.978001",District/Zone/Department (ADM2),Origin,Displacement without preventive evacuations reported,2025-11-26T12:38:58.450264Z,"Dem. Rep. Congo: 2 displacements, 07 September - 07 September. According to the Office for the Coordination of Humanitarian Affairs (OCHA) in the DRC, the conflict in Mpeti (Walikale territory) on 7 September resulted in widespread internal displacement. OCHA - DRC - 15 October 2025",,Conflict
235363,Dem. Rep. Congo,COD,-2.7708003,28.6000504,"[-2.7708003, 28.6000504]",Recommended figure,Conflict,approximately,8557,2025-09-07,2025-09-07,2025-09-07,2025,30448,Dem. Rep. Congo: Non-International armed conflict (NIAC) - South Kivu (M23) - 2025,,,2025-01-05,2025-07-18,,,,,,OCHA - DRC,,"Walungu, South Kivu, Democratic Republic of the Congo","-2.7708003, 28.6000504",District/Zone/Department (ADM2),Destination,Displacement without preventive evacuations reported,2026-02-13T17:29:31.500436Z,"Dem. Rep. Congo: 8,557 displacements, 07 September - 07 September. According to the Office for the Coordination of Humanitarian Affairs (OCHA), a total of 8556 people were internally displaced to Walungu, South Kivu due to Non-International armed conflict (NIAC) between 07 September 2025 and 07 September 2025. OCHA - DRC - 12 February 2026",,Conflict
235364,Dem. Rep. Congo,COD,-2.7708003,28.6000504,"[-2.7708003, 28.6000504]",Recommended figure,Conflict,total,3578,2025-09-07,2025-09-07,2025-09-07,2025,30448,Dem. Rep. Congo: Non-International armed conflict (NIAC) - South Kivu (M23) - 2025,,,2025-01-05,2025-07-18,,,,,,OCHA - DRC,,"Walungu, South Kivu, Democratic Republic of the Congo","-2.7708003, 28.6000504",District/Zone/Department (ADM2),Destination,Displacement without preventive evacuations reported,2026-02-13T17:29:31.560874Z,"Dem. Rep. Congo: 3,578 displacements, 07 September - 07 September. According to the Office for the Coordination of Humanitarian Affairs (OCHA), a total of 3577 people were internally displaced to Walungu, South Kivu due to Non-International armed conflict (NIAC) between 07 September 2025 and 07 September 2025. OCHA - DRC - 12 February 2026",,Conflict
235833,Dem. Rep. Congo,COD,-8.853504,26.1179557,"[-8.853504, 26.1179557]",Recommended figure,Conflict,approximately,9000,2025-09-07,2025-09-07,2025-09-07,2025,40158,Dem. Rep. Congo: Unclear/Unknown - Haut-Lomami - 2025,,,2025-01-01,2025-12-31,,,,,,OCHA - DRC,,"Bukama, Haut-Lomami, Democratic Republic of the Congo","-8.853504, 26.1179557",District/Zone/Department (ADM2),Destination,Displacement without preventive evacuations reported,2026-02-14T10:53:22.923827Z,"Dem. Rep. Congo: 9,000 displacements, 07 September - 07 September. According to the Office for the Coordination of Humanitarian Affairs (OCHA), a total of 9000 people were internally displaced to Bukama, Haut-Lomami due to Conflict between 07 September 2025 and 07 September 2025. OCHA - DRC - 12 February 2026",,Conflict
235369,Dem. Rep. Congo,COD,-3.0408087,28.4315154,"[-3.0408087, 28.4315154]",Recommended figure,Conflict,approximately,9000,2025-09-06,2025-09-06,2025-09-06,2025,30448,Dem. Rep. Congo: Non-International armed conflict (NIAC) - South Kivu (M23) - 2025,,,2025-01-05,2025-07-18,,,,,,OCHA - DRC,,"Mwenga, South Kivu, Democratic Republic of the Congo","-3.0408087, 28.4315154",District/Zone/Department (ADM2),Destination,Displacement without preventive evacuations reported,2026-02-13T17:29:31.840905Z,"Dem. Rep. Congo: 9,000 displacements, 06 September - 06 September. According to the Office for the Coordination of Humanitarian Affairs (OCHA), a total of 9000 people were internally displaced to Mwenga, South Kivu due to Non-International armed conflict (NIAC) between 06 September 2025 and 06 September 2025. OCHA - DRC - 12 February 2026",,Conflict
235357,Dem. Rep. Congo,COD,-2.7708003,28.6000504,"[-2.7708003, 28.6000504]",Recommended figure,Conflict,total,19726,2025-09-13,2025-09-05,2025-09-13,2025,30448,Dem. Rep. Congo: Non-International armed conflict (NIAC) - South Kivu (M23) - 2025,,,2025-01-05,2025-07-18,,,,,,OCHA - DRC,,"Walungu, South Kivu, Democratic Republic of the Congo","-2.7708003, 28.6000504",District/Zone/Department (ADM2),Destination,Displacement without preventive evacuations reported,2026-02-13T17:29:31.149212Z,"Dem. Rep. Congo: 19,726 displacements, 05 September - 13 September. According to the Office for the Coordination of Humanitarian Affairs (OCHA), a total of 19726 people were internally displaced to Walungu, South Kivu due to Non-International armed conflict (NIAC) between 05 September 2025 and 13 September 2025. OCHA - DRC - 12 February 2026",,Conflict
214846,Dem. Rep. Congo,COD,-3.1267880000000003,29.113214399999997,"[-3.1267880000000003, 29.113214399999997]",Recommended figure,Conflict,more than or equal to,21714,2025-09-06,2025-09-05,2025-09-06,2025,37201,Dem. Rep. Congo: Communal violence - South Kivu (Uvira) - 05/09/2025,,,2025-09-05,2025-09-06,,,,,,OCHA - DRC,,"Kiliba, Plaine de la Ruzizi (chefferie), Uvira, South Kivu, Democratic Republic of the Congo; Luberizi, Bafuliro (chefferie), Uvira, South Kivu, Democratic Republic of the Congo; Luvungi, Bafuliro (chefferie), Uvira, South Kivu, Democratic Republic of the Congo; Sange, Plaine de la Ruzizi (chefferie), Uvira, South Kivu, Democratic Republic of the Congo; Uvira, Bavira (chefferie), Uvira, South Kivu, Democratic Republic of the Congo","-3.26095, 29.19408; -3.04583, 29.032591; -2.85981, 29.030251; -3.06024, 29.17275; -3.40711, 29.1364",Point; Point; County/City/town/Village/Woreda (ADM3); Point; County/City/town/Village/Woreda (ADM3),Destination; Destination; Destination; Destination; Origin and destination,Displacement without preventive evacuations reported,2025-12-04T11:55:40.021360Z,"Dem. Rep. Congo: 21,714 displacements, 05 September - 06 September. According to OCHA, more than 21,714 people (4,200 households) were internally displaced from Lusenge within Uvira territory to Kiliba, Sange, Luberizi, and Luvungi due to communal violence. Office for the Coordination of Humanitarian Affairs (OCHA) - 22 October 2025",,Conflict
208391,Dem. Rep. Congo,COD,-1.2812449999999997,28.56895275,"[-1.2812449999999997, 28.56895275]",Recommended figure,Conflict,more than or equal to,2,2025-09-27,2025-09-04,2025-09-27,2025,37029,Dem. Rep. Congo: Unclear/Unknown - North Kivu - 2025,,,2025-01-05,2025-09-30,,,,,,OCHA - DRC,,"Lwibo, Osso, Masisi, North Kivu, Democratic Republic of the Congo; Masisi-Center Osso, Masisi, North Kivu, Democratic Republic of the Congo; Osso, Masisi, North Kivu, Democratic Republic of the Congo; Walikale, North Kivu, Democratic Republic of the Congo","-1.26263, 28.744419; -1.39721, 28.817051; -1.39193, 28.73634; -1.07321, 27.978001",County/City/town/Village/Woreda (ADM3); County/City/town/Village/Woreda (ADM3); County/City/town/Village/Woreda (ADM3); District/Zone/Department (ADM2),Origin; Destination; Origin; Destination,Displacement without preventive evacuations reported,2025-11-25T11:46:55.665819Z,"Dem. Rep. Congo: 2 displacements, 04 September - 27 September. clashes between 4 and 27 September in the Masisi health zones (Lwibo, Buabo, Kasopo and Kinyaongo) resulted in new internally displaced people arriving in the Ihana groupement in the neighbouring Walikale territory and in Masisi Centre. OCHA - DRC - 15 October 2025",,Conflict
235370,Dem. Rep. Congo,COD,-2.0518682,28.5686692,"[-2.0518682, 28.5686692]",Recommended figure,Conflict,more than or equal to,7643,2025-09-04,2025-09-04,2025-09-04,2025,30448,Dem. Rep. Congo: Non-International armed conflict (NIAC) - South Kivu (M23) - 2025,,,2025-01-05,2025-07-18,,,,,,OCHA - DRC,,"Kalehe, South Kivu, Democratic Republic of the Congo","-2.0518682, 28.5686692",District/Zone/Department (ADM2),Destination,Displacement without preventive evacuations reported,2026-02-13T17:29:31.897915Z,"Dem. Rep. Congo: 7,643 displacements, 04 September - 04 September. According to the Office for the Coordination of Humanitarian Affairs (OCHA), a total of 7643 people were internally displaced to Kalehe, South Kivu due to Non-International armed conflict (NIAC) between 04 September 2025 and 04 September 2025. OCHA - DRC - 12 February 2026",,Conflict
215661,Dem. Rep. Congo,COD,-0.9622,29.325569,"[-0.9622, 29.325569]",Recommended figure,Conflict,more than or equal to,37000,2025-11-03,2025-09-01,2025-11-03,2025,31275,Dem. Rep. Congo: Non-International armed conflict (NIAC) - North Kivu (ADF) - 2025,,,2025-01-01,2025-08-15,,,,,,Office for the Coordination of Humanitarian Affairs (OCHA),,"Rutshuru, North Kivu, Democratic Republic of the Congo","-0.9622, 29.325569",District/Zone/Department (ADM2),Origin and destination,Displacement without preventive evacuations reported,2025-12-11T14:42:56.914065Z,"Dem. Rep. Congo: 37,000 displacements, 01 September - 03 November. According to the OCHA, at least 37,000 people have been displaced internally in the Bambo Health Zone of the Rutshuru Territory in the North Kivu Province since September 2025 due to non-international armed conflicts. Office for the Coordination of Humanitarian Affairs (OCHA) - 04 November 2025",,Conflict
235561,Dem. Rep. Congo,COD,-0.0623332,28.7540799,"[-0.0623332, 28.7540799]",Recommended figure,Conflict,approximately,5782,2025-10-31,2025-09-01,2025-10-31,2025,31275,Dem. Rep. Congo: Non-International armed conflict (NIAC) - North Kivu (ADF) - 2025,,,2025-01-01,2025-08-15,,,,,,OCHA - DRC,,"Lubero, North Kivu, Democratic Republic of the Congo","-0.0623332, 28.7540799",District/Zone/Department (ADM2),Destination,Displacement without preventive evacuations reported,2026-02-13T18:11:07.345866Z,"Dem. Rep. Congo: 5,782 displacements, 01 September - 31 October. According to the Office for the Coordination of Humanitarian Affairs (OCHA), a total of 5781 people were internally displaced to Lubero, North Kivu due to Non-International armed conflict (NIAC) between 01 September 2025 and 31 October 2025. OCHA - DRC - 12 February 2026",,Conflict
214713,Dem. Rep. Congo,COD,-2.05211,28.535299,"[-2.05211, 28.535299]",Recommended figure,Conflict,total,6956,2025-10-18,2025-09-01,2025-10-18,2025,30448,Dem. Rep. Congo: Non-International armed conflict (NIAC) - South Kivu (M23) - 2025,,,2025-01-05,2025-07-18,,,,,,IOM DTM - DRC,,"Kalehe, South Kivu, Democratic Republic of the Congo","-2.05211, 28.535299",District/Zone/Department (ADM2),Origin and destination,Displacement without preventive evacuations reported,2025-12-03T09:01:47.091920Z,"Dem. Rep. Congo: 6,956 displacements, 01 September - 18 October. According to the IOM DTM, 6,956 internally displaced people fled from Ziralo to the villages of Bundje (1,381 people), Kasasa (1,929 people) and Nyalugusha (3,646 people) in the Kalehe territory between the beginning of September and 18 October, due to non-international armed conflict. Office for the Coordination of Humanitarian Affairs (OCHA) - 18 October 2025",,Conflict
208669,Dem. Rep. Congo,COD,-2.62362,28.673429,"[-2.62362, 28.673429]",Recommended figure,Conflict,total,204,2025-10-16,2025-09-01,2025-10-16,2025,30448,Dem. Rep. Congo: Non-International armed conflict (NIAC) - South Kivu (M23) - 2025,,,2025-01-05,2025-07-18,,,,,,IOM DTM - DRC,,"Walungu, Ngweshe (chefferie), Walungu, South Kivu, Democratic Republic of the Congo","-2.62362, 28.673429",County/City/town/Village/Woreda (ADM3),Destination,Displacement without preventive evacuations reported,2025-11-28T13:10:44.231614Z,"Dem. Rep. Congo: 204 displacements, 01 September - 16 October. According to IOM DTM, 204 internally displaced people fled from Ntondo to Walungu Health Zone in South Kivu due to non-international armed conflict between 1 September and 16 October 2025. Office for the Coordination of Humanitarian Affairs (OCHA) - 16 October 2025",,Conflict
208668,Dem. Rep. Congo,COD,-3.04079,28.431511,"[-3.04079, 28.431511]",Recommended figure,Conflict,total,5224,2025-10-16,2025-09-01,2025-10-16,2025,30448,Dem. Rep. Congo: Non-International armed conflict (NIAC) - South Kivu (M23) - 2025,,,2025-01-05,2025-07-18,,,,,,IOM DTM - DRC,,"Mwenga, Basile (chefferie), Mwenga, South Kivu, Democratic Republic of the Congo","-3.04079, 28.431511",County/City/town/Village/Woreda (ADM3),Destination,Displacement without preventive evacuations reported,2025-11-28T13:06:22.806949Z,"Dem. Rep. Congo: 5,224 displacements, 01 September - 16 October. According to IOM DTM, at least 5,224 internally displaced people fled from Ntondo to Mwenga Health Zone in South Kivu due to non-international armed conflict between 1 September and 16 October 2025. Office for the Coordination of Humanitarian Affairs (OCHA) - 16 October 2025",,Conflict
208480,Dem. Rep. Congo,COD,0.6748449999999999,29.50801,"[0.6748449999999999, 29.50801]",Recommended figure,Conflict,more than or equal to,2,2025-09-30,2025-09-01,2025-09-30,2025,37029,Dem. Rep. Congo: Unclear/Unknown - North Kivu - 2025,,,2025-01-05,2025-09-30,,,,,,OCHA - DRC,,"Mbau, Beni, Beni, North Kivu, Democratic Republic of the Congo; Oicha, Beni, Beni, North Kivu, Democratic Republic of the Congo","0.65291, 29.498751; 0.69678, 29.517269",County/City/town/Village/Woreda (ADM3); County/City/town/Village/Woreda (ADM3),Origin; Origin and destination,Displacement without preventive evacuations reported,2025-11-26T12:13:14.661236Z,"Dem. Rep. Congo: 2 displacements, 01 September - 30 September. According to the DRC Office for the Coordination of Humanitarian Affairs (OCHA), conflicts in the villages of Mbau, Fotodu, Sabu and Wese in Oicha in September led to the displacement of people within the area. OCHA - DRC - 15 October 2025",,Conflict
214837,Dem. Rep. Congo,COD,2.240635,30.958289999999998,"[2.240635, 30.958289999999998]",Recommended figure,Conflict,more than or equal to,3000,2025-09-30,2025-09-01,2025-09-30,2025,30538,Dem. Rep. Congo: Non-International armed conflict (NIAC) - Ituri (CODECO) - 2025,,,2025-01-01,2025-09-28,,,,,,OCHA - DRC,,"Logo, Ituri, Democratic Republic of the Congo; Mahagi, Ituri, Democratic Republic of the Congo","2.18092, 30.924841; 2.30035, 30.991739",County/City/town/Village/Woreda (ADM3); County/City/town/Village/Woreda (ADM3),Origin; Origin,Displacement reporting preventive evacuations,2025-12-04T10:10:25.823643Z,"Dem. Rep. Congo: 3,000 displacements, 01 September - 30 September. According to OCHA, more than 3,000 people were internally displaced from Ngbamu in Mahagi territory to nearby villages in September 2025 due to non-international armed conflict. Office for the Coordination of Humanitarian Affairs (OCHA) - 22 October 2025",,Conflict
208463,Dem. Rep. Congo,COD,-0.8899033333333334,28.761077333333333,"[-0.8899033333333334, 28.761077333333333]",Recommended figure,Conflict,more than or equal to,77550,2025-09-30,2025-09-01,2025-09-30,2025,37029,Dem. Rep. Congo: Unclear/Unknown - North Kivu - 2025,,,2025-01-05,2025-09-30,,,,,,OCHA - DRC,,"Bwito, Rutshuru, North Kivu, Democratic Republic of the Congo; Kayna, Lubero, North Kivu, Democratic Republic of the Congo; Walikale, North Kivu, Democratic Republic of the Congo","-0.98733, 29.132561; -0.60917, 29.17267; -1.07321, 27.978001",County/City/town/Village/Woreda (ADM3); County/City/town/Village/Woreda (ADM3); District/Zone/Department (ADM2),Origin; Destination; Origin,Displacement without preventive evacuations reported,2025-11-25T15:42:53.896053Z,"Dem. Rep. Congo: 77,550 displacements, 01 September - 30 September. According to the DRC Office for the Coordination of Humanitarian Affairs (OCHA), clashes in Bwito chiefdom (Rutshuru territory) and Ikobo groupment (Walikale territory) in September led to the displacement of 15,000 households (77,550 people) to Kayna health area. OCHA - DRC - 15 October 2025",,Conflict
218081,Dem. Rep. Congo,COD,1.3551250000000001,29.265404500000002,"[1.3551250000000001, 29.265404500000002]",Recommended figure,Conflict,total,1748,2025-09-29,2025-09-01,2025-09-29,2025,30480,Dem. Rep. Congo: Non-International armed conflict (NIAC) - Ituri (ADF) - 2025,,,2025-01-30,2025-09-30,,,,,,IOM DTM - DRC,,"Lolwa, Ituri, Democratic Republic of the Congo; Mambasa, Ituri, Democratic Republic of the Congo","1.34992, 29.49539; 1.36033, 29.035419",County/City/town/Village/Woreda (ADM3); County/City/town/Village/Woreda (ADM3),Origin; Origin and destination,Displacement without preventive evacuations reported,2025-12-15T19:45:45.993337Z,"Dem. Rep. Congo: 1,748 displacements, 01 September - 29 September. According to IOM DTM, 1,748 people (397 households) were displaced from Mabitane, Elake, Mutufeli, Aweki, Masongo, and neighboring villages to 16 villages in the Andekwakwa-Bapwele groupement, Mambasa territory, between 1 and 29 September 2025 due to non-international armed conflict in the Lolwa health zone, Ituri province. IOM DTM - DRC - 14 November 2025",,Conflict
235373,Dem. Rep. Congo,COD,-3.0408087,28.4315154,"[-3.0408087, 28.4315154]",Recommended figure,Conflict,approximately,7086,2025-09-01,2025-09-01,2025-09-01,2025,30448,Dem. Rep. Congo: Non-International armed conflict (NIAC) - South Kivu (M23) - 2025,,,2025-01-05,2025-07-18,,,,,,OCHA - DRC,,"Mwenga, South Kivu, Democratic Republic of the Congo","-3.0408087, 28.4315154",District/Zone/Department (ADM2),Destination,Displacement without preventive evacuations reported,2026-02-13T17:29:32.073479Z,"Dem. Rep. Congo: 7,086 displacements, 01 September - 01 September. According to the Office for the Coordination of Humanitarian Affairs (OCHA), a total of 7086 people were internally displaced to Mwenga, South Kivu due to Non-International armed conflict (NIAC) between 01 September 2025 and 01 September 2025. OCHA - DRC - 12 February 2026",,Conflict
235366,Dem. Rep. Congo,COD,-4.2696783,28.8806316,"[-4.2696783, 28.8806316]",Recommended figure,Conflict,approximately,12252,2025-08-31,2025-08-31,2025-08-31,2025,30448,Dem. Rep. Congo: Non-International armed conflict (NIAC) - South Kivu (M23) - 2025,,,2025-01-05,2025-07-18,,,,,,OCHA - DRC,,"Fizi, South Kivu, Democratic Republic of the Congo","-4.2696783, 28.8806316",District/Zone/Department (ADM2),Destination,Displacement without preventive evacuations reported,2026-02-13T17:29:31.671924Z,"Dem. Rep. Congo: 12,252 displacements, 31 August - 31 August. According to the Office for the Coordination of Humanitarian Affairs (OCHA), a total of 12252 people were internally displaced to Fizi, South Kivu due to Non-International armed conflict (NIAC) between 31 August 2025 and 31 August 2025. OCHA - DRC - 12 February 2026",,Conflict
235344,Dem. Rep. Congo,COD,-4.2696783,28.8806316,"[-4.2696783, 28.8806316]",Recommended figure,Conflict,approximately,4800,2025-08-31,2025-08-31,2025-08-31,2025,30448,Dem. Rep. Congo: Non-International armed conflict (NIAC) - South Kivu (M23) - 2025,,,2025-01-05,2025-07-18,,,,,,OCHA - DRC,,"Fizi, South Kivu, Democratic Republic of the Congo","-4.2696783, 28.8806316",District/Zone/Department (ADM2),Destination,Displacement without preventive evacuations reported,2026-02-13T17:16:58.377319Z,"Dem. Rep. Congo: 4,800 displacements, 31 August - 31 August. According to the Office for the Coordination of Humanitarian Affairs (OCHA), a total of 4800 people were internally displaced to Fizi, South Kivu due to Non-International armed conflict (NIAC) between 31 August 2025 and 31 August 2025. OCHA - DRC - 12 February 2026",,Conflict
235365,Dem. Rep. Congo,COD,-4.2696783,28.8806316,"[-4.2696783, 28.8806316]",Recommended figure,Conflict,approximately,8058,2025-08-31,2025-08-31,2025-08-31,2025,30448,Dem. Rep. Congo: Non-International armed conflict (NIAC) - South Kivu (M23) - 2025,,,2025-01-05,2025-07-18,,,,,,OCHA - DRC,,"Fizi, South Kivu, Democratic Republic of the Congo","-4.2696783, 28.8806316",District/Zone/Department (ADM2),Destination,Displacement without preventive evacuations reported,2026-02-13T17:29:31.617567Z,"Dem. Rep. Congo: 8,058 displacements, 31 August - 31 August. According to the Office for the Coordination of Humanitarian Affairs (OCHA), a total of 8058 people were internally displaced to Fizi, South Kivu due to Non-International armed conflict (NIAC) between 31 August 2025 and 31 August 2025. OCHA - DRC - 12 February 2026",,Conflict
216266,Dem. Rep. Congo,COD,-6.586336,28.5106178,"[-6.586336, 28.5106178]",Recommended figure,Conflict,total,16239,2025-09-06,2025-08-25,2025-09-06,2025,37616,Dem. Rep. Congo: Communal violence - Tanganyika (Kiambi) - 25/08/2025,,,2025-08-25,2025-09-06,,,,,,IOM DTM - DRC,,"Kabanga, Tanganyika, Democratic Republic of the Congo; Kayumba, Tanganyika, Democratic Republic of the Congo; Kazingu, Tanganyika, Democratic Republic of the Congo; Kiambi, Tanganyika, Democratic Republic of the Congo; Senge-Tshimbo, Tanganyika, Democratic Republic of the Congo","-5.8142, 29.13291; -5.54496, 28.99054; -7.45, 28.1; -7.32252, 28.01297; -6.8, 28.316669",County/City/town/Village/Woreda (ADM3); County/City/town/Village/Woreda (ADM3); County/City/town/Village/Woreda (ADM3); County/City/town/Village/Woreda (ADM3); County/City/town/Village/Woreda (ADM3),Destination; Destination; Destination; Origin and destination; Destination,Displacement without preventive evacuations reported,2025-12-12T20:50:41.163144Z,"Dem. Rep. Congo: 16,239 displacements, 25 August - 06 September. According to IOM DTM, 16,239 people (3,379 households) were displaced from Kayumba, Mambwe, and other groupements to 28 villages across five groupements (Kabanga, Kayumba, Kazingu/Mwika, Senga-Tshimbu, and Kiyombo) in Kiambi health zone between 25 August and 6 September 2025 due to communal violence IOM DTM - DRC - 12 November 2025",,Conflict
235374,Dem. Rep. Congo,COD,-2.0518682,28.5686692,"[-2.0518682, 28.5686692]",Recommended figure,Conflict,approximately,10462,2025-09-16,2025-08-22,2025-09-16,2025,30448,Dem. Rep. Congo: Non-International armed conflict (NIAC) - South Kivu (M23) - 2025,,,2025-01-05,2025-07-18,,,,,,OCHA - DRC,,"Kalehe, South Kivu, Democratic Republic of the Congo","-2.0518682, 28.5686692",District/Zone/Department (ADM2),Destination,Displacement without preventive evacuations reported,2026-02-13T17:29:32.132136Z,"Dem. Rep. Congo: 10,462 displacements, 22 August - 16 September. According to the Office for the Coordination of Humanitarian Affairs (OCHA), a total of 10462 people were internally displaced to Kalehe, South Kivu due to Non-International armed conflict (NIAC) between 22 August 2025 and 16 September 2025. OCHA - DRC - 12 February 2026",,Conflict
235349,Dem. Rep. Congo,COD,-1.0728008,27.9753698,"[-1.0728008, 27.9753698]",Recommended figure,Conflict,approximately,5000,2025-09-15,2025-08-15,2025-09-15,2025,29179,Dem. Rep. Congo: Non-International armed conflict (NIAC) - North Kivu (M23) - 2025,,,2025-01-01,2025-12-31,,,,,,OCHA - DRC,,"Walikale, North Kivu, Democratic Republic of the Congo","-1.0728008, 27.9753698",District/Zone/Department (ADM2),Destination,Displacement without preventive evacuations reported,2026-02-13T17:16:58.637950Z,"Dem. Rep. Congo: 5,000 displacements, 15 August - 15 September. According to the Office for the Coordination of Humanitarian Affairs (OCHA), a total of 5000 people were internally displaced to Walikale, North Kivu due to Non-International armed conflict (NIAC) between 15 August 2025 and 15 September 2025. OCHA - DRC - 12 February 2026",,Conflict
235356,Dem. Rep. Congo,COD,-0.0623332,28.7540799,"[-0.0623332, 28.7540799]",Recommended figure,Conflict,approximately,16260,2025-09-15,2025-08-15,2025-09-15,2025,29179,Dem. Rep. Congo: Non-International armed conflict (NIAC) - North Kivu (M23) - 2025,,,2025-01-01,2025-12-31,,,,,,OCHA - DRC,,"Lubero, North Kivu, Democratic Republic of the Congo","-0.0623332, 28.7540799",District/Zone/Department (ADM2),Destination,Displacement without preventive evacuations reported,2026-02-13T17:29:31.092648Z,"Dem. Rep. Congo: 16,260 displacements, 15 August - 15 September. According to the Office for the Coordination of Humanitarian Affairs (OCHA), a total of 18870 people were internally displaced to Lubero, North Kivu due to Non-International armed conflict (NIAC) between 15 August 2025 and 15 September 2025. OCHA - DRC - 12 February 2026",,Conflict
235361,Dem. Rep. Congo,COD,-0.0623332,28.7540799,"[-0.0623332, 28.7540799]",Recommended figure,Conflict,approximately,15126,2025-10-20,2025-08-12,2025-10-20,2025,29179,Dem. Rep. Congo: Non-International armed conflict (NIAC) - North Kivu (M23) - 2025,,,2025-01-01,2025-12-31,,,,,,OCHA - DRC,,"Lubero, North Kivu, Democratic Republic of the Congo","-0.0623332, 28.7540799",District/Zone/Department (ADM2),Destination,Displacement without preventive evacuations reported,2026-02-13T17:29:31.382519Z,"Dem. Rep. Congo: 15,126 displacements, 12 August - 20 October. According to the Office for the Coordination of Humanitarian Affairs (OCHA), a total of 15126 people were internally displaced to Lubero, North Kivu due to Non-International armed conflict (NIAC) between 12 August 2025 and 20 October 2025. OCHA - DRC - 12 February 2026",,Conflict
235355,Dem. Rep. Congo,COD,-0.0623332,28.7540799,"[-0.0623332, 28.7540799]",Recommended figure,Conflict,approximately,14946,2025-09-15,2025-08-12,2025-09-15,2025,29179,Dem. Rep. Congo: Non-International armed conflict (NIAC) - North Kivu (M23) - 2025,,,2025-01-01,2025-12-31,,,,,,OCHA - DRC,,"Lubero, North Kivu, Democratic Republic of the Congo","-0.0623332, 28.7540799",District/Zone/Department (ADM2),Destination,Displacement without preventive evacuations reported,2026-02-13T17:29:31.029692Z,"Dem. Rep. Congo: 14,946 displacements, 12 August - 15 September. According to the Office for the Coordination of Humanitarian Affairs (OCHA), a total of 16412 people were internally displaced to Lubero, North Kivu due to Non-International armed conflict (NIAC) between 12 August 2025 and 15 September 2025. OCHA - DRC - 12 February 2026",,Conflict
235358,Dem. Rep. Congo,COD,-0.0623332,28.7540799,"[-0.0623332, 28.7540799]",Recommended figure,Conflict,approximately,8868,2025-09-15,2025-08-12,2025-09-15,2025,29179,Dem. Rep. Congo: Non-International armed conflict (NIAC) - North Kivu (M23) - 2025,,,2025-01-01,2025-12-31,,,,,,OCHA - DRC,,"Lubero, North Kivu, Democratic Republic of the Congo","-0.0623332, 28.7540799",District/Zone/Department (ADM2),Destination,Displacement without preventive evacuations reported,2026-02-13T17:29:31.204491Z,"Dem. Rep. Congo: 8,868 displacements, 12 August - 15 September. According to the Office for the Coordination of Humanitarian Affairs (OCHA), a total of 8868 people were internally displaced to Lubero, North Kivu due to Non-International armed conflict (NIAC) between 12 August 2025 and 15 September 2025. OCHA - DRC - 12 February 2026",,Conflict
235359,Dem. Rep. Congo,COD,-0.0623332,28.7540799,"[-0.0623332, 28.7540799]",Recommended figure,Conflict,approximately,8964,2025-09-08,2025-08-12,2025-09-08,2025,29179,Dem. Rep. Congo: Non-International armed conflict (NIAC) - North Kivu (M23) - 2025,,,2025-01-01,2025-12-31,,,,,,OCHA - DRC,,"Lubero, North Kivu, Democratic Republic of the Congo","-0.0623332, 28.7540799",District/Zone/Department (ADM2),Destination,Displacement without preventive evacuations reported,2026-02-13T17:29:31.265365Z,"Dem. Rep. Congo: 8,964 displacements, 12 August - 08 September. According to the Office for the Coordination of Humanitarian Affairs (OCHA), a total of 8964 people were internally displaced to Lubero, North Kivu due to Non-International armed conflict (NIAC) between 12 August 2025 and 08 September 2025. OCHA - DRC - 12 February 2026",,Conflict
235800,Dem. Rep. Congo,COD,1.5353045,28.7584771,"[1.5353045, 28.7584771]",Recommended figure,Conflict,approximately,13685,2025-10-31,2025-08-01,2025-10-31,2025,30480,Dem. Rep. Congo: Non-International armed conflict (NIAC) - Ituri (ADF) - 2025,,,2025-01-30,2025-09-30,,,,,,OCHA - DRC,,"Mambasa, Ituri, Democratic Republic of the Congo","1.5353045, 28.7584771",District/Zone/Department (ADM2),Destination,Displacement without preventive evacuations reported,2026-02-14T10:53:14.328945Z,"Dem. Rep. Congo: 13,685 displacements, 01 August - 31 October. According to the Office for the Coordination of Humanitarian Affairs (OCHA), a total of 13685 people were internally displaced to Mambasa, Ituri due to Non-International armed conflict (NIAC) between 01 August 2025 and 31 October 2025. OCHA - DRC - 12 February 2026",,Conflict
218299,Dem. Rep. Congo,COD,-4.26968,28.88063,"[-4.26968, 28.88063]",Recommended figure,Conflict,approximately,21885,2025-10-27,2025-08-01,2025-10-27,2025,30675,Dem. Rep. Congo: Unclear/Unknown - South Kivu - 2025,,,2025-02-05,2025-07-26,,,,,,OCHA - DRC,,"Fizi, South Kivu, Democratic Republic of the Congo","-4.26968, 28.88063",District/Zone/Department (ADM2),Origin and destination,Displacement without preventive evacuations reported,2025-12-17T16:52:44.801092Z,"Dem. Rep. Congo: 21,885 displacements, 01 August - 27 October. According to OCHA, 21,885 people were displaced from villages of the Fizi and Itombwe high plateaus to Baraka city in the Fizi territory between August and October due to recurring armed clashes between armed groups. Office for the Coordination of Humanitarian Affairs (OCHA) - 18 November 2025",,Conflict
214810,Dem. Rep. Congo,COD,1.3497025,29.240082249999997,"[1.3497025, 29.240082249999997]",Recommended figure,Conflict,more than or equal to,15600,2025-09-30,2025-08-01,2025-09-30,2025,30480,Dem. Rep. Congo: Non-International armed conflict (NIAC) - Ituri (ADF) - 2025,,,2025-01-30,2025-09-30,,,,,,Local civil society organisations (CSOs); OCHA - DRC,,"Lolwa, Ituri, Democratic Republic of the Congo; Mabukulu, Ituri, Democratic Republic of the Congo; Manya, Ituri, Democratic Republic of the Congo; Pekele, Ituri, Democratic Republic of the Congo","1.34992, 29.49539; 1.34528, 29.215969; 1.35011, 29.155861; 1.3535, 29.093109",County/City/town/Village/Woreda (ADM3); County/City/town/Village/Woreda (ADM3); County/City/town/Village/Woreda (ADM3); County/City/town/Village/Woreda (ADM3),Origin and destination; Destination; Destination; Destination,Displacement without preventive evacuations reported,2025-12-04T08:12:20.490330Z,"Dem. Rep. Congo: 15,600 displacements, 01 August - 30 September. According to OCHA citing local partners, more than 15,600 people have fled their villages in Lolwa Health Zone of Mambasa territory to seek refuge in Bandibwame, Mabukulu, Manya and Pekele between August and September 2025 due to non-international armed conflict. Office for the Coordination of Humanitarian Affairs (OCHA) - 22 October 2025",,Conflict
235434,Dem. Rep. Congo,COD,-2.0518682,28.5686692,"[-2.0518682, 28.5686692]",Recommended figure,Conflict,approximately,10578,2025-08-30,2025-08-01,2025-08-30,2025,30448,Dem. Rep. Congo: Non-International armed conflict (NIAC) - South Kivu (M23) - 2025,,,2025-01-05,2025-07-18,,,,,,OCHA - DRC,,"Kalehe, South Kivu, Democratic Republic of the Congo","-2.0518682, 28.5686692",District/Zone/Department (ADM2),Destination,Displacement without preventive evacuations reported,2026-02-13T17:42:48.438224Z,"Dem. Rep. Congo: 10,578 displacements, 01 August - 30 August. According to the Office for the Coordination of Humanitarian Affairs (OCHA), a total of 10578 people were internally displaced to Kalehe, South Kivu due to Non-International armed conflict (NIAC) between 01 August 2025 and 30 August 2025. OCHA - DRC - 12 February 2026",,Conflict
218027,Dem. Rep. Congo,COD,1.39554,29.0396145,"[1.39554, 29.0396145]",Recommended figure,Conflict,total,2220,2025-08-31,2025-07-23,2025-08-31,2025,30480,Dem. Rep. Congo: Non-International armed conflict (NIAC) - Ituri (ADF) - 2025,,,2025-01-30,2025-09-30,,,,,,IOM DTM - DRC,,"Makoko 2, Ituri, Democratic Republic of the Congo; Mambasa, Ituri, Democratic Republic of the Congo","1.43075, 29.04381; 1.36033, 29.035419",County/City/town/Village/Woreda (ADM3); County/City/town/Village/Woreda (ADM3),Destination; Origin and destination,Displacement without preventive evacuations reported,2025-12-15T16:32:54.778540Z,"Dem. Rep. Congo: 2,220 displacements, 23 July - 31 August. According to IOM DTM, 2,220 people were displaced within Mambasa territory in Ituri province between 23 July and 31 August due to non-international armed conflict. The displaced populations found refuge in 28 villages across three groupements (Mputu, Binase, and Nyangwe), all residing with host families. IOM DTM - DRC - 14 November 2025",,Conflict
214811,Dem. Rep. Congo,COD,1.7485433333333333,30.34631333333333,"[1.7485433333333333, 30.34631333333333]",Recommended figure,Conflict,more than or equal to,27000,2025-09-30,2025-07-01,2025-09-30,2025,30538,Dem. Rep. Congo: Non-International armed conflict (NIAC) - Ituri (CODECO) - 2025,,,2025-01-01,2025-09-28,,,,,,Local humanitarian organisations; OCHA - DRC,,"Bunia, Ituri, Democratic Republic of the Congo; Djugu, Ituri, Democratic Republic of the Congo; Nizi, Ituri, Democratic Republic of the Congo","1.56205, 30.247881; 1.91525, 30.503839; 1.76833, 30.28722",County/City/town/Village/Woreda (ADM3); County/City/town/Village/Woreda (ADM3); County/City/town/Village/Woreda (ADM3),Destination; Origin; Origin,Displacement without preventive evacuations reported,2025-12-04T08:34:16.907239Z,"Dem. Rep. Congo: 27,000 displacements (forced to flee), 01 July - 30 September. According to OCHA citing humanitarian partners, more than 27,000 people have been displaced from the Nizi, Mangala and Lita health areas in Djugu territory to the Bunia health area between July and September 2025 due to non-international armed conflict. Office for the Coordination of Humanitarian Affairs (OCHA) - 22 October 2025",,Conflict
208340,Dem. Rep. Congo,COD,-1.0195133333333333,29.247827444444447,"[-1.0195133333333333, 29.247827444444447]",Recommended figure,Conflict,more than or equal to,41102,2025-09-23,2025-06-01,2025-09-23,2025,37029,Dem. Rep. Congo: Unclear/Unknown - North Kivu - 2025,,,2025-01-05,2025-09-30,,,,,,OCHA - DRC,,"Bwito (chefferie), Rutshuru, North Kivu, Democratic Republic of the Congo; Kagando, Bwito, Rutshuru, North Kivu, Democratic Republic of the Congo; Kashalira, Bwito, Rutshuru, North Kivu, Democratic Republic of the Congo; Kibirizi-centre, Bwito, Rutshuru, North Kivu, Democratic Republic of the Congo; Kinyandoni, Bwisha, Rutshuru, North Kivu, Democratic Republic of the Congo; Kirima, Bwito, Rutshuru, North Kivu, Democratic Republic of the Congo; Kirumba, Bwito, Rutshuru, North Kivu, Democratic Republic of the Congo; Kiwanja, Bwisha, Rutshuru, North Kivu, Democratic Republic of the Congo; Mirangi, Bwito, Rutshuru, North Kivu, Democratic Republic of the Congo","-0.98733, 29.132561; -1.101, 29.28367; -0.98641, 29.166229; -0.90812, 29.203039; -1.07878, 29.43437; -0.98234, 29.19241; -1.08075, 29.286539; -1.15767, 29.431219; -0.89322, 29.10041",County/City/town/Village/Woreda (ADM3); County/City/town/Village/Woreda (ADM3); County/City/town/Village/Woreda (ADM3); County/City/town/Village/Woreda (ADM3); County/City/town/Village/Woreda (ADM3); County/City/town/Village/Woreda (ADM3); County/City/town/Village/Woreda (ADM3); County/City/town/Village/Woreda (ADM3); County/City/town/Village/Woreda (ADM3),Origin; Origin; Destination; Destination; Destination; Destination; Origin; Destination; Origin,Displacement without preventive evacuations reported,2025-11-25T10:05:55.394184Z,"Dem. Rep. Congo: 41,102 displacements, 01 June - 23 September. According to OCHA - DRC, more than 7,950 households (41,102 people) were internally displaced due to an unknown conflict between June and September from several villages in Bwito, within the Rutshuru territory. OCHA - DRC - 15 October 2025",,Conflict
235332,Dem. Rep. Congo,COD,-2.0518682,28.5686692,"[-2.0518682, 28.5686692]",Recommended figure,Conflict,more than or equal to,14185,2025-10-15,2025-04-05,2025-10-15,2025,30448,Dem. Rep. Congo: Non-International armed conflict (NIAC) - South Kivu (M23) - 2025,,,2025-01-05,2025-07-18,,,,,,OCHA - DRC,,"Kalehe, South Kivu, Democratic Republic of the Congo","-2.0518682, 28.5686692",District/Zone/Department (ADM2),Destination,Displacement without preventive evacuations reported,2026-02-13T17:16:57.793782Z,"Dem. Rep. Congo: 14,185 displacements, 05 April - 15 October. According to the Office for the Coordination of Humanitarian Affairs (OCHA), a total of 14185 people were internally displaced to Kalehe, South Kivu due to Non-International armed conflict (NIAC) between 05 April 2025 and 15 October 2025. OCHA - DRC - 12 February 2026",,Conflict
