country,iso2c,iso3c,year,status,lastupdated,SP.POP.TOTL,NY.GDP.PCAP.CD,SI.POV.DDAY,SP.DYN.LE00.IN,AG.LND.AGRI.ZS,SP.RUR.TOTL.ZS,region,capital,longitude,latitude,income,lending
Afghanistan,AF,AFG,2021,,2025-10-07,40000412,356.496214115892,NA,60.417,58.7415482268525,73.686,South Asia,Kabul,69.1761,34.5228,Low income,IDA
Afghanistan,AF,AFG,2020,,2025-10-07,39068979,510.787063366811,NA,61.454,58.7415482268525,73.974,South Asia,Kabul,69.1761,34.5228,Low income,IDA
Afghanistan,AF,AFG,2023,,2025-10-07,41454761,413.757894705303,NA,66.035,58.4395075356853,73.067,South Asia,Kabul,69.1761,34.5228,Low income,IDA
Afghanistan,AF,AFG,2022,,2025-10-07,40578842,357.261152798144,NA,65.617,58.7415482268525,73.384,South Asia,Kabul,69.1761,34.5228,Low income,IDA
Africa Eastern and Southern,ZH,AFE,2023,,2025-10-07,750503764,1510.74295082335,NA,65.146290855385,NA,61.5751019469744,Aggregates,,,,Aggregates,Aggregates
Africa Eastern and Southern,ZH,AFE,2020,,2025-10-07,694446100,1344.10320999294,NA,63.7664840026943,46.4569755495826,63.1159655182641,Aggregates,,,,Aggregates,Aggregates
Africa Eastern and Southern,ZH,AFE,2022,,2025-10-07,731821393,1628.31894446307,NA,64.4870195456608,46.541210005602,62.0909879788168,Aggregates,,,,Aggregates,Aggregates
Africa Eastern and Southern,ZH,AFE,2021,,2025-10-07,713090928,1522.3933455926,NA,62.9799991857494,46.5105662241913,62.6063674708283,Aggregates,,,,Aggregates,Aggregates
Africa Western and Central,ZI,AFW,2020,,2025-10-07,474569351,1680.03933212698,NA,57.3644254011107,41.1203255554806,52.0689790424203,Aggregates,,,,Aggregates,Aggregates
Africa Western and Central,ZI,AFW,2023,,2025-10-07,509398589,1599.39298291654,NA,58.8557215483276,NA,50.2888158752654,Aggregates,,,,Aggregates,Aggregates
Africa Western and Central,ZI,AFW,2022,,2025-10-07,497387180,1796.66863273368,NA,57.9878133945189,41.4328200143868,50.8701920131637,Aggregates,,,,Aggregates,Aggregates
Africa Western and Central,ZI,AFW,2021,,2025-10-07,485920997,1765.9547879785,NA,57.3625716910274,41.3739993917601,51.4680289409535,Aggregates,,,,Aggregates,Aggregates
Albania,AL,ALB,2022,,2025-10-07,2777689,6846.42669381643,NA,78.769,41.4452554744526,36.201,Europe & Central Asia,Tirane,19.8172,41.3317,Upper middle income,IBRD
Albania,AL,ALB,2023,,2025-10-07,2745972,8575.17134637222,NA,79.602,38.1240875912409,35.397,Europe & Central Asia,Tirane,19.8172,41.3317,Upper middle income,IBRD
Albania,AL,ALB,2021,,2025-10-07,2811666,6413.28280828537,NA,76.844,41.471897810219,37.031,Europe & Central Asia,Tirane,19.8172,41.3317,Upper middle income,IBRD
Albania,AL,ALB,2020,,2025-10-07,2837849,5370.77749956875,0.3,77.824,42.538503649635,37.888,Europe & Central Asia,Tirane,19.8172,41.3317,Upper middle income,IBRD
Algeria,DZ,DZA,2021,,2025-10-07,44761099,4160.55926736925,NA,75.208,17.3306070351928,25.739,Middle East & North Africa,Algiers,3.05097,36.7397,Upper middle income,IBRD
Algeria,DZ,DZA,2022,,2025-10-07,45477389,4961.55257664733,NA,76.129,17.351348174024,25.228,Middle East & North Africa,Algiers,3.05097,36.7397,Upper middle income,IBRD
Algeria,DZ,DZA,2020,,2025-10-07,44042091,3743.5419522929,NA,73.257,17.3352255074022,26.267,Middle East & North Africa,Algiers,3.05097,36.7397,Upper middle income,IBRD
Algeria,DZ,DZA,2023,,2025-10-07,46164219,5364.02795022731,NA,76.261,17.359031632336,24.732,Middle East & North Africa,Algiers,3.05097,36.7397,Upper middle income,IBRD
American Samoa,AS,ASM,2023,,2025-10-07,47521,NA,NA,72.852,14.8,12.765,East Asia & Pacific,Pago Pago,-170.691,-14.2846,High income,Not classified
American Samoa,AS,ASM,2022,,2025-10-07,48342,18017.4589383973,NA,72.752,14.5,12.804,East Asia & Pacific,Pago Pago,-170.691,-14.2846,High income,Not classified
American Samoa,AS,ASM,2021,,2025-10-07,49225,15236.1604875571,NA,72.708,14.5,12.831,East Asia & Pacific,Pago Pago,-170.691,-14.2846,High income,Not classified
American Samoa,AS,ASM,2020,,2025-10-07,49761,14489.2586563775,NA,72.672,14.35,12.847,East Asia & Pacific,Pago Pago,-170.691,-14.2846,High income,Not classified
Andorra,AD,AND,2020,,2025-10-07,77380,37361.0900666982,NA,79.418,39.9517021276596,12.084,Europe & Central Asia,Andorra la Vella,1.5218,42.5075,High income,Not classified
Andorra,AD,AND,2022,,2025-10-07,79705,42414.0590092117,NA,84.016,39.9068085106383,12.189,Europe & Central Asia,Andorra la Vella,1.5218,42.5075,High income,Not classified
Andorra,AD,AND,2023,,2025-10-07,80856,46812.4484486309,NA,84.041,39.8740425531915,12.226,Europe & Central Asia,Andorra la Vella,1.5218,42.5075,High income,Not classified
Andorra,AD,AND,2021,,2025-10-07,78364,42425.6996756291,NA,82.331,39.9068085106383,12.142,Europe & Central Asia,Andorra la Vella,1.5218,42.5075,High income,Not classified
Angola,AO,AGO,2022,,2025-10-07,35635029,2929.69445467272,NA,64.246,36.9471404507901,31.919,Sub-Saharan Africa,Luanda,13.242,-8.81155,Lower middle income,IBRD
Angola,AO,AGO,2020,,2025-10-07,33451132,1449.92286669308,NA,63.116,36.7883211678832,33.175,Sub-Saharan Africa,Luanda,13.242,-8.81155,Lower middle income,IBRD
Angola,AO,AGO,2023,,2025-10-07,36749906,2309.53413042773,NA,64.617,36.9479425683805,31.312,Sub-Saharan Africa,Luanda,13.242,-8.81155,Lower middle income,IBRD
Angola,AO,AGO,2021,,2025-10-07,34532429,1925.87466082167,NA,62.958,36.8308334001765,32.54,Sub-Saharan Africa,Luanda,13.242,-8.81155,Lower middle income,IBRD
Antigua and Barbuda,AG,ATG,2023,,2025-10-07,93316,21494.5474000727,NA,77.598,20.4545454545455,75.668,Latin America & Caribbean,Saint John's,-61.8456,17.1175,High income,IBRD
Antigua and Barbuda,AG,ATG,2022,,2025-10-07,92840,20105.1989085164,NA,77.483,20.4545454545455,75.654,Latin America & Caribbean,Saint John's,-61.8456,17.1175,High income,IBRD
Antigua and Barbuda,AG,ATG,2020,,2025-10-07,91846,15369.6082250401,NA,77.161,20.4545454545455,75.567,Latin America & Caribbean,Saint John's,-61.8456,17.1175,High income,IBRD
Antigua and Barbuda,AG,ATG,2021,,2025-10-07,92349,17348.6006987182,NA,77.197,20.4545454545455,75.62,Latin America & Caribbean,Saint John's,-61.8456,17.1175,High income,IBRD
Arab World,1A,ARB,2021,,2025-10-07,460646603,6681.70895180141,NA,70.4041144889903,39.9673366228113,41.3370733978559,Aggregates,,,,Aggregates,Aggregates
Arab World,1A,ARB,2020,,2025-10-07,453723239,5722.48099531674,NA,70.7265588103862,39.9687286082438,41.5033258694911,Aggregates,,,,Aggregates,Aggregates
Arab World,1A,ARB,2022,,2025-10-07,471352066,7931.61789279006,NA,71.8760955992222,40.8754671298261,40.9457329828591,Aggregates,,,,Aggregates,Aggregates
Arab World,1A,ARB,2023,,2025-10-07,482105978,7479.68809103279,NA,72.4446783578531,NA,40.5329497041437,Aggregates,,,,Aggregates,Aggregates
Argentina,AR,ARG,2020,,2025-10-07,45191965,8535.59938004389,2.2,75.878,43.0004859885482,7.889,Latin America & Caribbean,Buenos Aires,-58.4173,-34.6118,Upper middle income,IBRD
Argentina,AR,ARG,2021,,2025-10-07,45312281,10738.0179223384,1.4,73.948,43.1097420606645,7.771,Latin America & Caribbean,Buenos Aires,-58.4173,-34.6118,Upper middle income,IBRD
Argentina,AR,ARG,2022,,2025-10-07,45407904,13935.6811110049,1.3,75.806,43.4276443440799,7.65300000000001,Latin America & Caribbean,Buenos Aires,-58.4173,-34.6118,Upper middle income,IBRD
Argentina,AR,ARG,2023,,2025-10-07,45538401,14187.4827252965,1.2,77.395,42.4367915620695,7.53700000000001,Latin America & Caribbean,Buenos Aires,-58.4173,-34.6118,Upper middle income,IBRD
Armenia,AM,ARM,2021,,2025-10-07,2962300,4685.17997128509,2.1,72.2780487804878,59.3969093973882,36.569,Europe & Central Asia,Yerevan,44.509,40.1596,Upper middle income,IBRD
Armenia,AM,ARM,2023,,2025-10-07,2964300,8125.27395754003,1.9,77.4658536585366,58.5933621376878,36.261,Europe & Central Asia,Yerevan,44.509,40.1596,Upper middle income,IBRD
Armenia,AM,ARM,2022,,2025-10-07,2969200,6571.97445545099,1.9,74.7658536585366,58.6134209413894,36.427,Europe & Central Asia,Yerevan,44.509,40.1596,Upper middle income,IBRD
Armenia,AM,ARM,2020,,2025-10-07,2961500,4268.68093304583,1.5,73.3756097560976,59.4380831430972,36.687,Europe & Central Asia,Yerevan,44.509,40.1596,Upper middle income,IBRD
Aruba,AW,ABW,2022,,2025-10-07,107310,30559.5335346581,NA,76.226,11.1111111111111,55.948,Latin America & Caribbean,Oranjestad,-70.0167,12.5167,High income,Not classified
Aruba,AW,ABW,2020,,2025-10-07,108587,22855.9323200761,NA,75.406,11.1111111111111,56.303,Latin America & Caribbean,Oranjestad,-70.0167,12.5167,High income,Not classified
Aruba,AW,ABW,2021,,2025-10-07,107700,27200.0610793969,NA,73.655,11.1111111111111,56.134,Latin America & Caribbean,Oranjestad,-70.0167,12.5167,High income,Not classified
Aruba,AW,ABW,2023,,2025-10-07,107359,33984.7906198041,NA,76.353,11.1111111111111,55.746,Latin America & Caribbean,Oranjestad,-70.0167,12.5167,High income,Not classified
Australia,AU,AUS,2022,,2025-10-07,26014399,64997.0136536475,NA,83.2,47.2592374954823,13.512,East Asia & Pacific,Canberra,149.129,-35.282,High income,Not classified
Australia,AU,AUS,2023,,2025-10-07,26652777,64835.9199754535,NA,83.0512195121951,47.2234443228177,13.383,East Asia & Pacific,Canberra,149.129,-35.282,High income,Not classified
Australia,AU,AUS,2020,,2025-10-07,25649248,51791.540179984,1,83.2,46.2524798427461,13.759,East Asia & Pacific,Canberra,149.129,-35.282,High income,Not classified
Australia,AU,AUS,2021,,2025-10-07,25685412,60607.7788605166,NA,83.3,47.2592374954823,13.638,East Asia & Pacific,Canberra,149.129,-35.282,High income,Not classified
Austria,AT,AUT,2023,,2025-10-07,9131761,56033.573792065,0.5,81.5414634146342,31.4743456131847,40.47,Europe & Central Asia,Vienna,16.3798,48.2201,High income,Not classified
Austria,AT,AUT,2022,,2025-10-07,9041851,52176.6649141178,0.6,81.2951219512195,31.4765838584586,40.744,Europe & Central Asia,Vienna,16.3798,48.2201,High income,Not classified
Austria,AT,AUT,2021,,2025-10-07,8955797,53648.7190742245,0.5,81.190243902439,31.5376684440136,41.005,Europe & Central Asia,Vienna,16.3798,48.2201,High income,Not classified
Austria,AT,AUT,2020,,2025-10-07,8916864,48716.4098900349,0.7,81.1926829268293,31.5398121667475,41.252,Europe & Central Asia,Vienna,16.3798,48.2201,High income,Not classified
Azerbaijan,AZ,AZE,2020,,2025-10-07,10093121,4229.91064904503,NA,70.312,57.8382498850519,43.603,Europe & Central Asia,Baku,49.8932,40.3834,Upper middle income,IBRD
Azerbaijan,AZ,AZE,2023,,2025-10-07,10153958,7133.02838048328,NA,74.429,57.8294010889292,42.423,Europe & Central Asia,Baku,49.8932,40.3834,Upper middle income,IBRD
Azerbaijan,AZ,AZE,2022,,2025-10-07,10141756,7770.594223351,NA,74.125,57.8402903811252,42.83,Europe & Central Asia,Baku,49.8932,40.3834,Upper middle income,IBRD
Azerbaijan,AZ,AZE,2021,,2025-10-07,10137750,5408.04535175023,NA,70.999,57.8415003024803,43.224,Europe & Central Asia,Baku,49.8932,40.3834,Upper middle income,IBRD
"Bahamas, The",BS,BHS,2020,,2025-10-07,395863,26178.7537607708,NA,72.994,1.2987012987013,16.755,Latin America & Caribbean,Nassau,-77.339,25.0661,High income,Not classified
"Bahamas, The",BS,BHS,2023,,2025-10-07,399440,38231.774484278,NA,74.552,1.2987012987013,16.375,Latin America & Caribbean,Nassau,-77.339,25.0661,High income,Not classified
"Bahamas, The",BS,BHS,2021,,2025-10-07,396373,30367.8605757708,NA,70.752,1.2987012987013,16.635,Latin America & Caribbean,Nassau,-77.339,25.0661,High income,Not classified
"Bahamas, The",BS,BHS,2022,,2025-10-07,397538,34957.1613279737,NA,74.491,1.2987012987013,16.508,Latin America & Caribbean,Nassau,-77.339,25.0661,High income,Not classified
Bahrain,BH,BHR,2020,,2025-10-07,1472204,24342.8444554718,NA,78.683,10.3184713375796,10.494,Middle East & North Africa,Manama,50.5354,26.1921,High income,Not classified
Bahrain,BH,BHR,2023,,2025-10-07,1577059,29290.1284215098,NA,81.284,10.125,10.131,Middle East & North Africa,Manama,50.5354,26.1921,High income,Not classified
Bahrain,BH,BHR,2021,,2025-10-07,1504365,27147.8083882286,NA,78.083,10.253164556962,10.378,Middle East & North Africa,Manama,50.5354,26.1921,High income,Not classified
Bahrain,BH,BHR,2022,,2025-10-07,1524693,30470.5219276023,NA,80.992,10.253164556962,10.257,Middle East & North Africa,Manama,50.5354,26.1921,High income,Not classified
Bangladesh,BD,BGD,2021,,2025-10-07,167658854,2482.84917843357,NA,71.103,72.3515402934624,61.054,South Asia,Dhaka,90.4113,23.7055,Lower middle income,IDA
Bangladesh,BD,BGD,2020,,2025-10-07,166298024,2248.85078828233,NA,71.421,72.4437274333564,61.823,South Asia,Dhaka,90.4113,23.7055,Lower middle income,IDA
Bangladesh,BD,BGD,2023,,2025-10-07,171466990,2551.01773827307,NA,74.672,72.311124788429,59.527,South Asia,Dhaka,90.4113,23.7055,Lower middle income,IDA
Bangladesh,BD,BGD,2022,,2025-10-07,169384897,2716.48592780431,5.9,74.265,72.3706433287272,60.289,South Asia,Dhaka,90.4113,23.7055,Lower middle income,IDA
Barbados,BB,BRB,2022,,2025-10-07,282318,22164.0260273876,NA,75.676,23.2558139534884,68.676,Latin America & Caribbean,Bridgetown,-59.6105,13.0935,High income,IBRD
Barbados,BB,BRB,2021,,2025-10-07,282147,18696.7858952957,NA,76.58,23.2558139534884,68.754,Latin America & Caribbean,Bridgetown,-59.6105,13.0935,High income,IBRD
Barbados,BB,BRB,2020,,2025-10-07,281698,18347.1109131055,NA,76.647,23.2558139534884,68.809,Latin America & Caribbean,Bridgetown,-59.6105,13.0935,High income,IBRD
Barbados,BB,BRB,2023,,2025-10-07,282336,23804.0249914995,NA,76.178,23.2558139534884,68.575,Latin America & Caribbean,Bridgetown,-59.6105,13.0935,High income,IBRD
Belarus,BY,BLR,2022,,2025-10-07,9228071,7994.64806074889,NA,74.1033658536585,39.8738854130745,19.674,Europe & Central Asia,Minsk,27.5766,53.9678,Upper middle income,IBRD
Belarus,BY,BLR,2021,,2025-10-07,9302585,7489.71894713888,NA,72.0714634146342,40.2759300320276,20.09,Europe & Central Asia,Minsk,27.5766,53.9678,Upper middle income,IBRD
Belarus,BY,BLR,2023,,2025-10-07,9178298,7896.75388295584,NA,74.1837804878049,39.5796692333841,19.269,Europe & Central Asia,Minsk,27.5766,53.9678,Upper middle income,IBRD
Belarus,BY,BLR,2020,,2025-10-07,9379952,6542.85579976768,0,72.1385609756098,40.7971228692482,20.517,Europe & Central Asia,Minsk,27.5766,53.9678,Upper middle income,IBRD
Belgium,BE,BEL,2020,,2025-10-07,11538604,45906.2875805246,0.1,80.6951219512195,44.7500918213419,1.92100000000001,Europe & Central Asia,Brussels,4.36761,50.8371,High income,Not classified
Belgium,BE,BEL,2023,,2025-10-07,11787423,54690.0942734964,0.1,82.3975609756098,44.3792221420607,1.81100000000001,Europe & Central Asia,Brussels,4.36761,50.8371,High income,Not classified
Belgium,BE,BEL,2021,,2025-10-07,11586195,51658.238294958,0,81.790243902439,44.7848757132551,1.883,Europe & Central Asia,Brussels,4.36761,50.8371,High income,Not classified
Belgium,BE,BEL,2022,,2025-10-07,11680210,50822.2518538518,0,81.7487804878049,44.5661441595068,1.84699999999999,Europe & Central Asia,Brussels,4.36761,50.8371,High income,Not classified
Belize,BZ,BLZ,2022,,2025-10-07,402733,7068.45478269722,NA,72.19,7.97895659798334,53.604,Latin America & Caribbean,Belmopan,-88.7713,17.2534,Upper middle income,Blend
Belize,BZ,BLZ,2023,,2025-10-07,411106,7459.99815132837,NA,73.566,7.97895659798334,53.392,Latin America & Caribbean,Belmopan,-88.7713,17.2534,Upper middle income,Blend
Belize,BZ,BLZ,2021,,2025-10-07,395346,6122.61158580079,NA,70.917,7.97895659798334,53.799,Latin America & Caribbean,Belmopan,-88.7713,17.2534,Upper middle income,Blend
Belize,BZ,BLZ,2020,,2025-10-07,390812,5227.19363786168,NA,71.58,7.89127575624726,53.975,Latin America & Caribbean,Belmopan,-88.7713,17.2534,Upper middle income,Blend
Benin,BJ,BEN,2022,,2025-10-07,13759501,1266.42710981159,NA,60.475,43.0623652004257,50.466,Sub-Saharan Africa,Porto-Novo,2.6323,6.4779,Lower middle income,IDA
Benin,BJ,BEN,2023,,2025-10-07,14111034,1394.17784663045,NA,60.774,41.8300133025896,49.9,Sub-Saharan Africa,Porto-Novo,2.6323,6.4779,Lower middle income,IDA
Benin,BJ,BEN,2020,,2025-10-07,13070169,1200.19426631122,NA,60.154,39.3140173820504,51.585,Sub-Saharan Africa,Porto-Novo,2.6323,6.4779,Lower middle income,IDA
Benin,BJ,BEN,2021,,2025-10-07,13413417,1318.65158107487,27.2,59.61,41.002345689961,51.028,Sub-Saharan Africa,Porto-Novo,2.6323,6.4779,Lower middle income,IDA
Bermuda,BM,BMU,2023,,2025-10-07,64698,132604.439086216,NA,82.309,5.55555555555556,0,North America,Hamilton,-64.706,32.3293,High income,Not classified
Bermuda,BM,BMU,2021,,2025-10-07,64648,112765.08167306,NA,81.745,5.55555555555556,0,North America,Hamilton,-64.706,32.3293,High income,Not classified
Bermuda,BM,BMU,2022,,2025-10-07,64749,121613.939983629,NA,82.062,5.55555555555556,0,North America,Hamilton,-64.706,32.3293,High income,Not classified
Bermuda,BM,BMU,2020,,2025-10-07,64382,106976.546239632,NA,81.456,5.55555555555556,0,North America,Hamilton,-64.706,32.3293,High income,Not classified
Bhutan,BT,BTN,2023,,2025-10-07,786385,3839.4093039286,NA,72.975,13.8175144205558,55.65,South Asia,Thimphu,89.6177,27.5768,Lower middle income,IDA
Bhutan,BT,BTN,2022,,2025-10-07,780914,3711.32767981591,0,72.754,13.7257472469848,56.314,South Asia,Thimphu,89.6177,27.5768,Lower middle income,IDA
Bhutan,BT,BTN,2021,,2025-10-07,775442,3570.61257980872,NA,72.448,13.6339800734137,56.992,South Asia,Thimphu,89.6177,27.5768,Lower middle income,IDA
Bhutan,BT,BTN,2020,,2025-10-07,770006,3191.66906999331,NA,72.253,13.5422128998427,57.684,South Asia,Thimphu,89.6177,27.5768,Lower middle income,IDA
Bolivia,BO,BOL,2021,,2025-10-07,11937360,3384.84486462654,3.1,61.427,35.6827879627065,29.525,Latin America & Caribbean,La Paz,-66.1936,-13.9908,Lower middle income,IBRD
Bolivia,BO,BOL,2022,,2025-10-07,12077154,3643.92826984604,3.3,67.434,35.8307014677375,29.17,Latin America & Caribbean,La Paz,-66.1936,-13.9908,Lower middle income,IBRD
Bolivia,BO,BOL,2020,,2025-10-07,11816299,3099.94219053514,4.2,62.906,35.5645909720299,29.877,Latin America & Caribbean,La Paz,-66.1936,-13.9908,Lower middle income,IBRD
Bolivia,BO,BOL,2023,,2025-10-07,12244159,3686.27996442176,2.8,68.581,35.8307014677375,28.814,Latin America & Caribbean,La Paz,-66.1936,-13.9908,Lower middle income,IBRD
Bosnia and Herzegovina,BA,BIH,2021,,2025-10-07,3244907,7295.3438240957,NA,74.567,44.19921875,50.575,Europe & Central Asia,Sarajevo,18.4214,43.8607,Upper middle income,IBRD
Bosnia and Herzegovina,BA,BIH,2020,,2025-10-07,3299349,6130.31133245161,NA,76.04,43.7890625,50.98,Europe & Central Asia,Sarajevo,18.4214,43.8607,Upper middle income,IBRD
Bosnia and Herzegovina,BA,BIH,2023,,2025-10-07,3185073,8663.02322987879,NA,77.85,21.73828125,49.731,Europe & Central Asia,Sarajevo,18.4214,43.8607,Upper middle income,IBRD
Bosnia and Herzegovina,BA,BIH,2022,,2025-10-07,3204802,7655.59421024383,NA,76.777,21.81640625,50.159,Europe & Central Asia,Sarajevo,18.4214,43.8607,Upper middle income,IBRD
Botswana,BW,BWA,2021,,2025-10-07,2401441,7807.88794500125,NA,63.303,45.63372328975,28.44,Sub-Saharan Africa,Gaborone,25.9201,-24.6544,Upper middle income,IBRD
Botswana,BW,BWA,2022,,2025-10-07,2439892,8328.70905682185,NA,68.749,45.63372328975,27.776,Sub-Saharan Africa,Gaborone,25.9201,-24.6544,Upper middle income,IBRD
Botswana,BW,BWA,2023,,2025-10-07,2480244,7826.35376483298,NA,69.163,45.63372328975,27.133,Sub-Saharan Africa,Gaborone,25.9201,-24.6544,Upper middle income,IBRD
Botswana,BW,BWA,2020,,2025-10-07,2365894,6323.29749806946,NA,67.643,45.63372328975,29.123,Sub-Saharan Africa,Gaborone,25.9201,-24.6544,Upper middle income,IBRD
Brazil,BR,BRA,2022,,2025-10-07,210306415,9281.33334441234,4.9,74.872,28.3267329812614,12.445,Latin America & Caribbean,Brasilia,-47.9292,-15.7801,Upper middle income,IBRD
Brazil,BR,BRA,2021,,2025-10-07,209550294,7972.5366498646,7.5,73.038,28.3296044335223,12.683,Latin America & Caribbean,Brasilia,-47.9292,-15.7801,Upper middle income,IBRD
Brazil,BR,BRA,2020,,2025-10-07,208660842,7074.19378337644,2.8,74.506,28.3324758857832,12.927,Latin America & Caribbean,Brasilia,-47.9292,-15.7801,Upper middle income,IBRD
Brazil,BR,BRA,2023,,2025-10-07,211140729,10377.5892792557,3.8,75.848,28.3267329812614,12.212,Latin America & Caribbean,Brasilia,-47.9292,-15.7801,Upper middle income,IBRD
British Virgin Islands,VG,VGB,2022,,2025-10-07,38319,NA,NA,77.177,46.6666666666667,50.669,Latin America & Caribbean,Road Town,-64.623056,18.431389,High income,Not classified
British Virgin Islands,VG,VGB,2021,,2025-10-07,37809,NA,NA,75.297,46.6666666666667,51.08,Latin America & Caribbean,Road Town,-64.623056,18.431389,High income,Not classified
British Virgin Islands,VG,VGB,2020,,2025-10-07,37135,NA,NA,76.894,46.6666666666667,51.485,Latin America & Caribbean,Road Town,-64.623056,18.431389,High income,Not classified
British Virgin Islands,VG,VGB,2023,,2025-10-07,38985,NA,NA,77.276,46.6666666666667,50.252,Latin America & Caribbean,Road Town,-64.623056,18.431389,High income,Not classified
Brunei Darussalam,BN,BRN,2020,,2025-10-07,447404,26834.3592463839,NA,75.114,2.5426944971537,21.75,East Asia & Pacific,Bandar Seri Begawan,114.946,4.94199,High income,Not classified
Brunei Darussalam,BN,BRN,2023,,2025-10-07,458949,32890.5492465722,NA,75.327,2.5426944971537,20.851,East Asia & Pacific,Bandar Seri Begawan,114.946,4.94199,High income,Not classified
Brunei Darussalam,BN,BRN,2021,,2025-10-07,451721,31006.9636220576,NA,74.869,2.5426944971537,21.446,East Asia & Pacific,Bandar Seri Begawan,114.946,4.94199,High income,Not classified
Brunei Darussalam,BN,BRN,2022,,2025-10-07,455370,36632.9280421411,NA,72.917,2.5426944971537,21.146,East Asia & Pacific,Bandar Seri Begawan,114.946,4.94199,High income,Not classified
Bulgaria,BG,BGR,2023,,2025-10-07,6446596,15883.8618545581,1,75.7073170731707,46.0850221075903,23.299,Europe & Central Asia,Sofia,23.3238,42.7105,High income,IBRD
Bulgaria,BG,BGR,2021,,2025-10-07,6507301,12972.2173356002,1.2,71.2121951219512,46.4904200442152,23.975,Europe & Central Asia,Sofia,23.3238,42.7105,High income,IBRD
Bulgaria,BG,BGR,2022,,2025-10-07,6465097,13999.6719197289,1.1,74.1609756097561,46.2601326455416,23.637,Europe & Central Asia,Sofia,23.3238,42.7105,High income,IBRD
Bulgaria,BG,BGR,2020,,2025-10-07,6550696,10769.9475699414,0.7,73.3560975609756,46.4904200442152,24.314,Europe & Central Asia,Sofia,23.3238,42.7105,High income,IBRD
Burkina Faso,BF,BFA,2023,,2025-10-07,23025776,882.689810086163,NA,61.092,53.4020054824561,67.48,Sub-Saharan Africa,Ouagadougou,-1.53395,12.3605,Low income,IDA
Burkina Faso,BF,BFA,2022,,2025-10-07,22509038,836.118304593682,NA,60.7,53.3497394005848,68.123,Sub-Saharan Africa,Ouagadougou,-1.53395,12.3605,Low income,IDA
Burkina Faso,BF,BFA,2021,,2025-10-07,21995243,895.535288442991,42.1,60.046,52.6708998538012,68.76,Sub-Saharan Africa,Ouagadougou,-1.53395,12.3605,Low income,IDA
Burkina Faso,BF,BFA,2020,,2025-10-07,21478690,825.237038782475,NA,60.454,52.1594579678363,69.393,Sub-Saharan Africa,Ouagadougou,-1.53395,12.3605,Low income,IDA
Burundi,BI,BDI,2020,,2025-10-07,12617036,210.008139902508,74.2,62.569,80.8411214953271,86.292,Sub-Saharan Africa,Bujumbura,29.3639,-3.3784,Low income,IDA
Burundi,BI,BDI,2022,,2025-10-07,13321097,250.634225368744,NA,62.882,82.8079633956386,85.583,Sub-Saharan Africa,Bujumbura,29.3639,-3.3784,Low income,IDA
Burundi,BI,BDI,2023,,2025-10-07,13689450,192.074305359351,NA,63.651,83.8865576323987,85.216,Sub-Saharan Africa,Bujumbura,29.3639,-3.3784,Low income,IDA
Burundi,BI,BDI,2021,,2025-10-07,12965481,214.091455416133,NA,62.101,81.892523364486,85.942,Sub-Saharan Africa,Bujumbura,29.3639,-3.3784,Low income,IDA
Cabo Verde,CV,CPV,2023,,2025-10-07,522331,4861.29184126229,NA,76.059,19.6029776674938,32.018,Sub-Saharan Africa,Praia,-23.5087,14.9218,Lower middle income,Blend
Cabo Verde,CV,CPV,2022,,2025-10-07,519741,4323.31362032709,NA,75.907,19.6029776674938,32.455,Sub-Saharan Africa,Praia,-23.5087,14.9218,Lower middle income,Blend
Cabo Verde,CV,CPV,2020,,2025-10-07,514679,3539.22661248299,NA,73.818,19.6029776674938,33.348,Sub-Saharan Africa,Praia,-23.5087,14.9218,Lower middle income,Blend
Cabo Verde,CV,CPV,2021,,2025-10-07,516649,3971.44409203423,NA,74.424,19.6029776674938,32.898,Sub-Saharan Africa,Praia,-23.5087,14.9218,Lower middle income,Blend
Cambodia,KH,KHM,2021,,2025-10-07,16974305,2167.40324198499,NA,69.301,34.6999756401541,75.332,East Asia & Pacific,Phnom Penh,104.874,11.5556,Lower middle income,IDA
Cambodia,KH,KHM,2023,,2025-10-07,17423880,2429.74853452838,NA,70.668,34.8648294810786,74.43,East Asia & Pacific,Phnom Penh,104.874,11.5556,Lower middle income,IDA
Cambodia,KH,KHM,2020,,2025-10-07,16725474,2081.73914242939,NA,70.059,34.3013919102651,75.768,East Asia & Pacific,Phnom Penh,104.874,11.5556,Lower middle income,IDA
Cambodia,KH,KHM,2022,,2025-10-07,17201724,2325.03050040841,NA,70.528,34.8115777249037,74.886,East Asia & Pacific,Phnom Penh,104.874,11.5556,Lower middle income,IDA
Cameroon,CM,CMR,2020,,2025-10-07,26210558,1555.60370660749,NA,61.674,20.8033316409638,42.44,Sub-Saharan Africa,Yaounde,11.5174,3.8721,Lower middle income,Blend
Cameroon,CM,CMR,2023,,2025-10-07,28372687,1736.86091073524,NA,63.7,20.9365149880476,40.685,Sub-Saharan Africa,Yaounde,11.5174,3.8721,Lower middle income,Blend
Cameroon,CM,CMR,2021,,2025-10-07,26915758,1672.32657340872,26.7,61.146,20.8477260899917,41.852,Sub-Saharan Africa,Yaounde,11.5174,3.8721,Lower middle income,Blend
Cameroon,CM,CMR,2022,,2025-10-07,27632771,1604.87726954895,NA,62.443,20.8921205390197,41.267,Sub-Saharan Africa,Yaounde,11.5174,3.8721,Lower middle income,Blend
Canada,CA,CAN,2023,,2025-10-07,40083484,54220.3285039875,NA,81.6465853658537,6.47137801950231,18.138,North America,Ottawa,-75.6919,45.4215,High income,Not classified
Canada,CA,CAN,2021,,2025-10-07,38239864,52886.6616372703,0.2,81.5168292682927,6.48457678610033,18.347,North America,Ottawa,-75.6919,45.4215,High income,Not classified
Canada,CA,CAN,2022,,2025-10-07,38935934,56256.8007264015,NA,81.2453658536585,6.49436207857817,18.248,North America,Ottawa,-75.6919,45.4215,High income,Not classified
Canada,CA,CAN,2020,,2025-10-07,38028638,43537.839298904,0.2,81.5351219512195,6.37073522211031,18.438,North America,Ottawa,-75.6919,45.4215,High income,Not classified
Caribbean small states,S3,CSS,2022,,2025-10-07,4497310,17355.8366579795,NA,72.8322921090608,3.61064067806996,51.3470627328336,Aggregates,,,,Aggregates,Aggregates
Caribbean small states,S3,CSS,2021,,2025-10-07,4479167,13833.3099303464,NA,69.9228107471769,3.62569609668951,51.4478789754881,Aggregates,,,,Aggregates,Aggregates
Caribbean small states,S3,CSS,2023,,2025-10-07,4519904,17582.2636796878,NA,73.1716450013098,NA,51.2120860120038,Aggregates,,,,Aggregates,Aggregates
Caribbean small states,S3,CSS,2020,,2025-10-07,4459302,11925.7573950011,NA,71.9394359303317,3.62318686025292,51.5210615923748,Aggregates,,,,Aggregates,Aggregates
Cayman Islands,KY,CYM,2021,,2025-10-07,70108,86438.445257404,NA,79.3,11.25,0,Latin America & Caribbean,George Town,-81.3857,19.3022,High income,Not classified
Cayman Islands,KY,CYM,2022,,2025-10-07,71591,92202.1478031576,NA,79.984,11.25,0,Latin America & Caribbean,George Town,-81.3857,19.3022,High income,Not classified
Cayman Islands,KY,CYM,2020,,2025-10-07,68684,82338.7982853661,NA,79.23,11.25,0,Latin America & Caribbean,George Town,-81.3857,19.3022,High income,Not classified
Cayman Islands,KY,CYM,2023,,2025-10-07,73038,97749.5078960846,NA,80.358,11.25,0,Latin America & Caribbean,George Town,-81.3857,19.3022,High income,Not classified
Central African Republic,CF,CAF,2022,,2025-10-07,5098039,467.359825026238,NA,18.818,9.04218433978619,56.88,Sub-Saharan Africa,Bangui,21.6407,5.63056,Low income,IDA
Central African Republic,CF,CAF,2020,,2025-10-07,5026628,462.879071294011,NA,50.596,8.96866673087418,57.802,Sub-Saharan Africa,Bangui,21.6407,5.63056,Low income,IDA
Central African Republic,CF,CAF,2023,,2025-10-07,5152421,495.978897288721,NA,57.408,9.09948955022633,56.386,Sub-Saharan Africa,Bangui,21.6407,5.63056,Low income,IDA
Central African Republic,CF,CAF,2021,,2025-10-07,5112100,492.263142830507,71.6,40.279,9.00526501653344,57.352,Sub-Saharan Africa,Bangui,21.6407,5.63056,Low income,IDA
Central Europe and the Baltics,B8,CEB,2023,,2025-10-07,100175859,22699.5351734821,NA,77.8967836493153,NA,36.9645467600233,Aggregates,,,,Aggregates,Aggregates
Central Europe and the Baltics,B8,CEB,2021,,2025-10-07,100205732,19239.8185020397,NA,74.7232827859077,46.1888715416489,37.3464328698282,Aggregates,,,,Aggregates,Aggregates
Central Europe and the Baltics,B8,CEB,2022,,2025-10-07,100071871,19548.6930479638,NA,76.6522987292583,45.4859443523745,37.164068403128,Aggregates,,,,Aggregates,Aggregates
Central Europe and the Baltics,B8,CEB,2020,,2025-10-07,101215763,16595.9352698049,NA,76.0162701269145,46.3028102508104,37.4786580724289,Aggregates,,,,Aggregates,Aggregates
Chad,TD,TCD,2023,,2025-10-07,19319064,989.058528968588,NA,55.069,39.9756194409149,75.634,Sub-Saharan Africa,N'Djamena,15.0445,12.1048,Low income,IDA
Chad,TD,TCD,2021,,2025-10-07,17828273,946.358500208374,NA,53.136,39.9761753494282,76.219,Sub-Saharan Africa,N'Djamena,15.0445,12.1048,Low income,IDA
Chad,TD,TCD,2020,,2025-10-07,17224679,866.947814890409,NA,53.082,39.9761753494282,76.48,Sub-Saharan Africa,N'Djamena,15.0445,12.1048,Low income,IDA
Chad,TD,TCD,2022,,2025-10-07,18455316,966.036468278568,39.5,54.528,39.9761753494282,75.937,Sub-Saharan Africa,N'Djamena,15.0445,12.1048,Low income,IDA
Channel Islands,JG,CHI,2020,,2025-10-07,166235,56785.9402005039,NA,80.9,43.2828282828283,69.037,Europe & Central Asia,,,,High income,Not classified
Channel Islands,JG,CHI,2023,,2025-10-07,167691,74589.1381155014,NA,81.1,NA,68.841,Europe & Central Asia,,,,High income,Not classified
Channel Islands,JG,CHI,2022,,2025-10-07,167215,67627.3084478235,NA,81,NA,68.923,Europe & Central Asia,,,,High income,Not classified
Channel Islands,JG,CHI,2021,,2025-10-07,166741,66912.1753241171,NA,80.3,43.2828282828283,68.988,Europe & Central Asia,,,,High income,Not classified
Chile,CL,CHL,2021,,2025-10-07,19456334,16206.8325493421,NA,78.876,14.5631870231053,12.183,Latin America & Caribbean,Santiago,-70.6475,-33.475,High income,IBRD
Chile,CL,CHL,2020,,2025-10-07,19370624,13114.815470545,1.7,79.349,14.9026289456383,12.273,Latin America & Caribbean,Santiago,-70.6475,-33.475,High income,IBRD
Chile,CL,CHL,2023,,2025-10-07,19658835,17067.0364799154,NA,81.167,14.4010249751882,11.988,Latin America & Caribbean,Santiago,-70.6475,-33.475,High income,IBRD
Chile,CL,CHL,2022,,2025-10-07,19553036,15405.6165774073,0.5,79.176,14.3199327104591,12.088,Latin America & Caribbean,Santiago,-70.6475,-33.475,High income,IBRD
China,CN,CHN,2021,,2025-10-07,1412360000,12887.4357242941,0,78.117,55.4426243128349,37.488,East Asia & Pacific,Beijing,116.286,40.0495,Upper middle income,IBRD
China,CN,CHN,2023,,2025-10-07,1410710000,12951.1782397043,NA,77.953,55.4326117545304,35.43,East Asia & Pacific,Beijing,116.286,40.0495,Upper middle income,IBRD
China,CN,CHN,2022,,2025-10-07,1412175000,12970.6056414327,0,78.202,55.4326117545304,36.44,East Asia & Pacific,Beijing,116.286,40.0495,Upper middle income,IBRD
China,CN,CHN,2020,,2025-10-07,1411100000,10627.4637989619,0,78.019,55.4526368711394,38.572,East Asia & Pacific,Beijing,116.286,40.0495,Upper middle income,IBRD
Colombia,CO,COL,2020,,2025-10-07,50629997,5339.68711357943,13.5,74.757,39.8467278954484,18.575,Latin America & Caribbean,Bogota,-74.082,4.60987,Upper middle income,IBRD
Colombia,CO,COL,2021,,2025-10-07,51188173,6222.62164397614,11.2,72.698,38.7691151870212,18.26,Latin America & Caribbean,Bogota,-74.082,4.60987,Upper middle income,IBRD
Colombia,CO,COL,2022,,2025-10-07,51737944,6680.44506854481,9.3,76.508,37.6412798557909,17.95,Latin America & Caribbean,Bogota,-74.082,4.60987,Upper middle income,IBRD
Colombia,CO,COL,2023,,2025-10-07,52321152,7000.83660501046,7.7,77.725,36.4876070301938,17.646,Latin America & Caribbean,Bogota,-74.082,4.60987,Upper middle income,IBRD
Comoros,KM,COM,2021,,2025-10-07,818174,1587.72988601478,NA,65.201,71.4669532509404,70.387,Sub-Saharan Africa,Moroni,43.2418,-11.6986,Lower middle income,IDA
Comoros,KM,COM,2020,,2025-10-07,802163,1527.16990927956,NA,65.756,71.4669532509404,70.62,Sub-Saharan Africa,Moroni,43.2418,-11.6986,Lower middle income,IDA
Comoros,KM,COM,2022,,2025-10-07,834188,1533.87755332151,NA,66.481,71.4669532509404,70.136,Sub-Saharan Africa,Moroni,43.2418,-11.6986,Lower middle income,IDA
Comoros,KM,COM,2023,,2025-10-07,850387,1682.20285095721,NA,66.777,71.4669532509404,69.868,Sub-Saharan Africa,Moroni,43.2418,-11.6986,Lower middle income,IDA
"Congo, Dem. Rep.",CD,COD,2023,,2025-10-07,105789731,633.395661686298,NA,61.895,15.480763018019,52.556,Sub-Saharan Africa,Kinshasa,15.3222,-4.325,Low income,IDA
"Congo, Dem. Rep.",CD,COD,2022,,2025-10-07,102396968,642.612267148918,NA,60.979,15.3036258573918,53.163,Sub-Saharan Africa,Kinshasa,15.3222,-4.325,Low income,IDA
"Congo, Dem. Rep.",CD,COD,2021,,2025-10-07,99148932,558.034077296358,NA,60.044,14.9450533953817,53.765,Sub-Saharan Africa,Kinshasa,15.3222,-4.325,Low income,IDA
"Congo, Dem. Rep.",CD,COD,2020,,2025-10-07,95989998,507.521230077872,85.3,60.428,14.9434286848548,54.362,Sub-Saharan Africa,Kinshasa,15.3222,-4.325,Low income,IDA
"Congo, Rep.",CG,COG,2023,,2025-10-07,6182885,2477.97845477092,NA,65.772,31.1900439238653,30.812,Sub-Saharan Africa,Brazzaville,15.2662,-4.2767,Lower middle income,Blend
"Congo, Rep.",CG,COG,2022,,2025-10-07,6035104,2620.83804304713,NA,65,31.1897510980966,31.264,Sub-Saharan Africa,Brazzaville,15.2662,-4.2767,Lower middle income,Blend
"Congo, Rep.",CG,COG,2021,,2025-10-07,5892183,2516.16255145432,NA,64.192,31.2521229868228,31.717,Sub-Saharan Africa,Brazzaville,15.2662,-4.2767,Lower middle income,Blend
"Congo, Rep.",CG,COG,2020,,2025-10-07,5752791,1993.586671931,NA,64.391,31.1645680819912,32.171,Sub-Saharan Africa,Brazzaville,15.2662,-4.2767,Lower middle income,Blend
Costa Rica,CR,CRI,2021,,2025-10-07,5059988,12838.1185359009,2.2,78.05,33.342687034861,18.575,Latin America & Caribbean,San Jose,-84.0089,9.63701,Upper middle income,IBRD
Costa Rica,CR,CRI,2022,,2025-10-07,5081765,13625.9008491478,1.6,79.316,33.1439992166079,17.958,Latin America & Caribbean,San Jose,-84.0089,9.63701,Upper middle income,IBRD
Costa Rica,CR,CRI,2020,,2025-10-07,5034320,12394.0493969354,3.4,79.725,33.541374853114,19.229,Latin America & Caribbean,San Jose,-84.0089,9.63701,Upper middle income,IBRD
Costa Rica,CR,CRI,2023,,2025-10-07,5105525,16942.0268119304,1.5,80.799,33.1439992166079,17.378,Latin America & Caribbean,San Jose,-84.0089,9.63701,Upper middle income,IBRD
Cote d'Ivoire,CI,CIV,2023,,2025-10-07,31165654,2554.67304885576,NA,61.944,86.4758163522013,46.851,Sub-Saharan Africa,Yamoussoukro,-4.0305,5.332,Lower middle income,IDA
Cote d'Ivoire,CI,CIV,2022,,2025-10-07,30395002,2333.37128334477,NA,61.562,84.1568125786164,47.339,Sub-Saharan Africa,Yamoussoukro,-4.0305,5.332,Lower middle income,IDA
Cote d'Ivoire,CI,CIV,2021,,2025-10-07,29639736,2455.98127626488,20.9,60.29,84.3928672955975,47.82,Sub-Saharan Africa,Yamoussoukro,-4.0305,5.332,Lower middle income,IDA
Cote d'Ivoire,CI,CIV,2020,,2025-10-07,28915449,2179.72934832935,NA,60.14,82.6258229559748,48.294,Sub-Saharan Africa,Yamoussoukro,-4.0305,5.332,Lower middle income,IDA
Croatia,HR,HRV,2020,,2025-10-07,3914206,14808.4620188819,0.4,77.5243902439024,26.8942101501072,42.447,Europe & Central Asia,Zagreb,15.9614,45.8069,High income,IBRD
Croatia,HR,HRV,2023,,2025-10-07,3859686,21865.4562838641,0.3,78.4731707317073,26.554681915654,41.425,Europe & Central Asia,Zagreb,15.9614,45.8069,High income,IBRD
Croatia,HR,HRV,2021,,2025-10-07,3878981,17789.9304736722,0.3,76.4243902439025,26.3759828448892,42.122,Europe & Central Asia,Zagreb,15.9614,45.8069,High income,IBRD
Croatia,HR,HRV,2022,,2025-10-07,3855641,18466.0955472648,0.4,77.5756097560976,25.8756254467477,41.781,Europe & Central Asia,Zagreb,15.9614,45.8069,High income,IBRD
Cuba,CU,CUB,2023,,2025-10-07,11019931,NA,NA,78.085,61.6666666666667,22.477,Latin America & Caribbean,Havana,-82.3667,23.1333,Upper middle income,Not classified
Cuba,CU,CUB,2020,,2025-10-07,11176354,9605.26125067263,NA,77.407,61.6666666666667,22.806,Latin America & Caribbean,Havana,-82.3667,23.1333,Upper middle income,Not classified
Cuba,CU,CUB,2022,,2025-10-07,11059820,NA,NA,77.629,61.6666666666667,22.599,Latin America & Caribbean,Havana,-82.3667,23.1333,Upper middle income,Not classified
Cuba,CU,CUB,2021,,2025-10-07,11122168,NA,NA,73.201,61.6666666666667,22.708,Latin America & Caribbean,Havana,-82.3667,23.1333,Upper middle income,Not classified
Curacao,CW,CUW,2021,,2025-10-07,152369,17979.9982909306,NA,75.686,NA,10.962,Latin America & Caribbean,Willemstad,,,High income,Not classified
Curacao,CW,CUW,2023,,2025-10-07,155800,21061.741639092,NA,76.8,NA,10.977,Latin America & Caribbean,Willemstad,,,High income,Not classified
Curacao,CW,CUW,2020,,2025-10-07,154947,16356.0933254541,NA,76.501,NA,10.938,Latin America & Caribbean,Willemstad,,,High income,Not classified
Curacao,CW,CUW,2022,,2025-10-07,149996,20501.7522782219,NA,76.729,NA,10.975,Latin America & Caribbean,Willemstad,,,High income,Not classified
Cyprus,CY,CYP,2022,,2025-10-07,1331370,33894.44921875,0,80.434,13.3160497835498,33.089,Europe & Central Asia,Nicosia,33.3736,35.1676,High income,Not classified
Cyprus,CY,CYP,2021,,2025-10-07,1317309,33734.03515625,0,80.573,13.160854978355,33.144,Europe & Central Asia,Nicosia,33.3736,35.1676,High income,Not classified
Cyprus,CY,CYP,2023,,2025-10-07,1344976,36551.41796875,0,81.648,13.9606385281385,33.013,Europe & Central Asia,Nicosia,33.3736,35.1676,High income,Not classified
Cyprus,CY,CYP,2020,,2025-10-07,1302247,28649.015625,0,81.23,13.8147186147186,33.179,Europe & Central Asia,Nicosia,33.3736,35.1676,High income,Not classified
Czechia,CZ,CZE,2022,,2025-10-07,10672118,28282.2236715857,0,78.9292682926829,45.7476202749375,25.623,Europe & Central Asia,Prague,14.4205,50.0878,High income,Not classified
Czechia,CZ,CZE,2021,,2025-10-07,10505772,27696.4619527544,0.1,77.2219512195122,45.730560511424,25.786,Europe & Central Asia,Prague,14.4205,50.0878,High income,Not classified
Czechia,CZ,CZE,2020,,2025-10-07,10697858,23472.8915454417,0,78.2268292682927,45.6468665918898,25.939,Europe & Central Asia,Prague,14.4205,50.0878,High income,Not classified
Czechia,CZ,CZE,2023,,2025-10-07,10864042,31591.0568216357,0,79.8780487804878,45.8019594048309,25.448,Europe & Central Asia,Prague,14.4205,50.0878,High income,Not classified
Denmark,DK,DNK,2023,,2025-10-07,5946952,68453.8769281145,0.4,81.8536585365854,65.525,11.505,Europe & Central Asia,Copenhagen,12.5681,55.6763,High income,Not classified
Denmark,DK,DNK,2020,,2025-10-07,5831404,60985.4885601514,0.2,81.6024390243903,65.499675,11.884,Europe & Central Asia,Copenhagen,12.5681,55.6763,High income,Not classified
Denmark,DK,DNK,2022,,2025-10-07,5903037,68091.3191138669,0.2,81.3048780487805,65.6,11.633,Europe & Central Asia,Copenhagen,12.5681,55.6763,High income,Not classified
Denmark,DK,DNK,2021,,2025-10-07,5856733,69727.9873677012,0.2,81.4048780487805,65.45,11.76,Europe & Central Asia,Copenhagen,12.5681,55.6763,High income,Not classified
Djibouti,DJ,DJI,2023,,2025-10-07,1152944,3397.52015779588,NA,65.987,73.5073339085419,21.448,Middle East & North Africa,Djibouti,43.1425,11.5806,Lower middle income,IDA
Djibouti,DJ,DJI,2022,,2025-10-07,1137096,3133.25779772463,NA,65.54,73.5030198446937,21.62,Middle East & North Africa,Djibouti,43.1425,11.5806,Lower middle income,IDA
Djibouti,DJ,DJI,2021,,2025-10-07,1121248,3025.91126413549,NA,63.83,73.5030198446937,21.783,Middle East & North Africa,Djibouti,43.1425,11.5806,Lower middle income,IDA
Djibouti,DJ,DJI,2020,,2025-10-07,1105188,2844.88810647853,NA,64.2,73.5030198446937,21.938,Middle East & North Africa,Djibouti,43.1425,11.5806,Lower middle income,IDA
Dominica,DM,DMA,2023,,2025-10-07,66510,9912.96212766668,NA,71.132,33.3333333333333,27.994,Latin America & Caribbean,Roseau,-61.39,15.2976,Upper middle income,Blend
Dominica,DM,DMA,2022,,2025-10-07,66826,9323.66089490562,NA,71.081,33.3333333333333,28.3,Latin America & Caribbean,Roseau,-61.39,15.2976,Upper middle income,Blend
Dominica,DM,DMA,2020,,2025-10-07,67573,7827.74842680426,NA,71.269,33.3333333333333,28.91,Latin America & Caribbean,Roseau,-61.39,15.2976,Upper middle income,Blend
Dominica,DM,DMA,2021,,2025-10-07,67202,8376.40414141113,NA,69.832,33.3333333333333,28.605,Latin America & Caribbean,Roseau,-61.39,15.2976,Upper middle income,Blend
Dominican Republic,DO,DOM,2021,,2025-10-07,11123476,8527.0754858205,1.3,71.757,52.4107297353709,16.787,Latin America & Caribbean,Santo Domingo,-69.8908,18.479,Upper middle income,IBRD
Dominican Republic,DO,DOM,2022,,2025-10-07,11230734,10104.2449349081,1,74.211,54.6941243644449,16.152,Latin America & Caribbean,Santo Domingo,-69.8908,18.479,Upper middle income,IBRD
Dominican Republic,DO,DOM,2020,,2025-10-07,11008300,7135.22273255899,1.3,72.636,52.3243921638275,17.46,Latin America & Caribbean,Santo Domingo,-69.8908,18.479,Upper middle income,IBRD
Dominican Republic,DO,DOM,2023,,2025-10-07,11331265,10630.431743829,1.3,73.72,55.3530808941944,15.554,Latin America & Caribbean,Santo Domingo,-69.8908,18.479,Upper middle income,IBRD
Early-demographic dividend,V2,EAR,2023,,2025-10-07,3511607650,4313.64804240795,NA,71.7962449795855,NA,52.9258456756623,Aggregates,,,,Aggregates,Aggregates
Early-demographic dividend,V2,EAR,2021,,2025-10-07,3432026092,3765.51079786712,NA,68.1790994839633,39.8697318911314,53.814590307277,Aggregates,,,,Aggregates,Aggregates
Early-demographic dividend,V2,EAR,2022,,2025-10-07,3470644834,4113.00084852322,NA,71.4304552508694,39.892602057568,53.3748453976328,Aggregates,,,,Aggregates,Aggregates
Early-demographic dividend,V2,EAR,2020,,2025-10-07,3396051187,3250.74974734387,NA,69.8801308490982,39.8510935330681,54.2121850742687,Aggregates,,,,Aggregates,Aggregates
East Asia & Pacific,Z4,EAS,2021,,2025-10-07,2375144416,13282.7636699758,2.6,76.1530093756951,47.1081221878722,38.5405997659988,Aggregates,,,,Aggregates,Aggregates
East Asia & Pacific,Z4,EAS,2023,,2025-10-07,2384479340,13117.90954458,2.2,76.6595183258032,NA,37.0174597286597,Aggregates,,,,Aggregates,Aggregates
East Asia & Pacific,Z4,EAS,2022,,2025-10-07,2379648196,13084.2848090909,2.4,76.6767834400676,47.1231204973794,37.7742687348895,Aggregates,,,,Aggregates,Aggregates
East Asia & Pacific,Z4,EAS,2020,,2025-10-07,2369438682,11595.2940923559,2.7,76.5434376080231,46.8123125830232,39.3177654845111,Aggregates,,,,Aggregates,Aggregates
East Asia & Pacific (excluding high income),4E,EAP,2020,,2025-10-07,2121866294,8391.36838432689,NA,75.6976393295064,48.3027668027108,42.5154603191058,Aggregates,,,,Aggregates,Aggregates
East Asia & Pacific (excluding high income),4E,EAP,2021,,2025-10-07,2128553744,9974.63640001599,NA,75.2781418410849,48.2714805560941,41.6344630996364,Aggregates,,,,Aggregates,Aggregates
East Asia & Pacific (excluding high income),4E,EAP,2023,,2025-10-07,2137527754,10125.7668065643,NA,75.8806830895266,NA,39.9510582318596,Aggregates,,,,Aggregates,Aggregates
East Asia & Pacific (excluding high income),4E,EAP,2022,,2025-10-07,2133560408,10106.8725194012,NA,75.9325409436903,48.2659257034793,40.7785158362209,Aggregates,,,,Aggregates,Aggregates
East Asia & Pacific (IDA & IBRD countries),T4,TEA,2020,,2025-10-07,2095759417,8485.42025780464,NA,75.7338497054699,48.504528532633,42.5760885727567,Aggregates,,,,Aggregates,Aggregates
East Asia & Pacific (IDA & IBRD countries),T4,TEA,2021,,2025-10-07,2102350702,10086.4785164265,NA,75.3009806060199,48.4728899832917,41.6873961653616,Aggregates,,,,Aggregates,Aggregates
East Asia & Pacific (IDA & IBRD countries),T4,TEA,2023,,2025-10-07,2111139152,10239.674334039,NA,75.9085643603807,NA,39.9901147648585,Aggregates,,,,Aggregates,Aggregates
East Asia & Pacific (IDA & IBRD countries),T4,TEA,2022,,2025-10-07,2107261123,10220.360503609,NA,75.9610347461336,48.4673517446187,40.8242564253761,Aggregates,,,,Aggregates,Aggregates
Ecuador,EC,ECU,2022,,2025-10-07,17823897,6515.58528418336,4.4,76.577,21.5332581736189,35.43,Latin America & Caribbean,Quito,-78.5243,-0.229498,Upper middle income,IBRD
Ecuador,EC,ECU,2021,,2025-10-07,17682454,6061.32350181711,5.3,72.746,22.024480592688,35.639,Latin America & Caribbean,Quito,-78.5243,-0.229498,Upper middle income,IBRD
Ecuador,EC,ECU,2023,,2025-10-07,17980083,6737.84748379638,4.7,77.392,21.5413110001611,35.208,Latin America & Caribbean,Quito,-78.5243,-0.229498,Upper middle income,IBRD
Ecuador,EC,ECU,2020,,2025-10-07,17546065,5463.64515348598,8.4,72.004,21.8231599291351,35.834,Latin America & Caribbean,Quito,-78.5243,-0.229498,Upper middle income,IBRD
"Egypt, Arab Rep.",EG,EGY,2020,,2025-10-07,109315124,3511.11381026379,NA,69.79,3.98915063539103,57.217,Middle East & North Africa,Cairo,31.2461,30.0982,Lower middle income,IBRD
"Egypt, Arab Rep.",EG,EGY,2021,,2025-10-07,110957008,3827.35415374308,1.4,68.976,4.04942488321865,57.138,Middle East & North Africa,Cairo,31.2461,30.0982,Lower middle income,IBRD
"Egypt, Arab Rep.",EG,EGY,2022,,2025-10-07,112618250,4233.30783744856,NA,71.01,4.07654829474107,57.033,Middle East & North Africa,Cairo,31.2461,30.0982,Lower middle income,IBRD
"Egypt, Arab Rep.",EG,EGY,2023,,2025-10-07,114535772,3456.78968456253,NA,71.633,4.07654829474107,56.9,Middle East & North Africa,Cairo,31.2461,30.0982,Lower middle income,IBRD
El Salvador,SV,SLV,2020,,2025-10-07,6234673,3997.19279583709,NA,70.244,57.707528957529,26.556,Latin America & Caribbean,San Salvador,-89.2073,13.7034,Upper middle income,IBRD
El Salvador,SV,SLV,2022,,2025-10-07,6280319,5074.60210221806,5.2,71.969,57.707528957529,25.233,Latin America & Caribbean,San Salvador,-89.2073,13.7034,Upper middle income,IBRD
El Salvador,SV,SLV,2021,,2025-10-07,6255782,4642.60743101342,5.1,69.941,57.707528957529,25.882,Latin America & Caribbean,San Salvador,-89.2073,13.7034,Upper middle income,IBRD
El Salvador,SV,SLV,2023,,2025-10-07,6309624,5365.44491399171,4.6,72.099,57.707528957529,24.607,Latin America & Caribbean,San Salvador,-89.2073,13.7034,Upper middle income,IBRD
Equatorial Guinea,GQ,GNQ,2023,,2025-10-07,1847549,6677.793435386,NA,63.707,3.73333333333333,25.552,Sub-Saharan Africa,Malabo,8.7741,3.7523,Upper middle income,IBRD
Equatorial Guinea,GQ,GNQ,2022,,2025-10-07,1803545,7589.29964909381,8.8,63.355,3.74046345811052,25.99,Sub-Saharan Africa,Malabo,8.7741,3.7523,Upper middle income,IBRD
Equatorial Guinea,GQ,GNQ,2021,,2025-10-07,1758786,6945.63069794539,NA,62.447,3.74046345811052,26.439,Sub-Saharan Africa,Malabo,8.7741,3.7523,Upper middle income,IBRD
Equatorial Guinea,GQ,GNQ,2020,,2025-10-07,1716468,5764.05502912947,NA,62.141,3.74046345811052,26.9,Sub-Saharan Africa,Malabo,8.7741,3.7523,Upper middle income,IBRD
Eritrea,ER,ERI,2022,,2025-10-07,3409447,NA,NA,67.789,62.6515330315189,57.375,Sub-Saharan Africa,Asmara,38.9183,15.3315,Low income,IDA
Eritrea,ER,ERI,2020,,2025-10-07,3291271,NA,NA,66.98,62.7226371689837,58.653,Sub-Saharan Africa,Asmara,38.9183,15.3315,Low income,IDA
Eritrea,ER,ERI,2021,,2025-10-07,3350183,NA,NA,66.94,62.6515330315189,58.015,Sub-Saharan Africa,Asmara,38.9183,15.3315,Low income,IDA
Eritrea,ER,ERI,2023,,2025-10-07,3470390,NA,NA,68.624,62.6515330315189,56.733,Sub-Saharan Africa,Asmara,38.9183,15.3315,Low income,IDA
Estonia,EE,EST,2023,,2025-10-07,1370286,30133.304450454,0.3,78.490243902439,23.1219283875497,30.19,Europe & Central Asia,Tallinn,24.7586,59.4392,High income,Not classified
Estonia,EE,EST,2021,,2025-10-07,1330932,27953.7670230126,0.3,76.9439024390244,23.0877192982456,30.585,Europe & Central Asia,Tallinn,24.7586,59.4392,High income,Not classified
Estonia,EE,EST,2020,,2025-10-07,1329522,23933.9939421065,0.4,78.5951219512195,23.0409356725146,30.771,Europe & Central Asia,Tallinn,24.7586,59.4392,High income,Not classified
Estonia,EE,EST,2022,,2025-10-07,1348840,28451.1477825175,0.5,77.8439024390244,23.075122864498,30.391,Europe & Central Asia,Tallinn,24.7586,59.4392,High income,Not classified
Eswatini,SZ,SWZ,2023,,2025-10-07,1230506,3741.69010745416,NA,64.123,69.4767441860465,75.21,Sub-Saharan Africa,Mbabane,31.4659,-26.5225,Lower middle income,Blend
Eswatini,SZ,SWZ,2022,,2025-10-07,1218917,3889.65276959161,NA,63.028,69.4767441860465,75.424,Sub-Saharan Africa,Mbabane,31.4659,-26.5225,Lower middle income,Blend
Eswatini,SZ,SWZ,2021,,2025-10-07,1206593,3966.29863253832,NA,58.228,69.4767441860465,75.631,Sub-Saharan Africa,Mbabane,31.4659,-26.5225,Lower middle income,Blend
Eswatini,SZ,SWZ,2020,,2025-10-07,1192729,3454.784217446,NA,59.862,69.4767441860465,75.829,Sub-Saharan Africa,Mbabane,31.4659,-26.5225,Lower middle income,Blend
Ethiopia,ET,ETH,2020,,2025-10-07,118917671,905.313159254148,NA,65.969,34.0927476985506,78.305,Sub-Saharan Africa,Addis Ababa,38.7468,9.02274,Low income,IDA
Ethiopia,ET,ETH,2021,,2025-10-07,122138588,910.947887074508,38.6,65.33,34.3554706330212,77.826,Sub-Saharan Africa,Addis Ababa,38.7468,9.02274,Low income,IDA
Ethiopia,ET,ETH,2022,,2025-10-07,125384287,1011.07332413462,NA,66.897,34.0779564851996,77.339,Sub-Saharan Africa,Addis Ababa,38.7468,9.02274,Low income,IDA
Ethiopia,ET,ETH,2023,,2025-10-07,128691692,NA,NA,67.315,34.0779564851996,76.843,Sub-Saharan Africa,Addis Ababa,38.7468,9.02274,Low income,IDA
Euro area,XC,EMU,2021,,2025-10-07,347207191,42967.2551656434,NA,81.5839330415712,42.3590047918146,22.5283759492873,Aggregates,,,,Aggregates,Aggregates
Euro area,XC,EMU,2020,,2025-10-07,346986142,38234.5335889285,NA,81.4873571657503,42.4270924905662,22.7650186406349,Aggregates,,,,Aggregates,Aggregates
Euro area,XC,EMU,2023,,2025-10-07,350292725,45068.7010930397,NA,82.1920076156423,NA,22.0439588735336,Aggregates,,,,Aggregates,Aggregates
Euro area,XC,EMU,2022,,2025-10-07,348700885,41446.4322827569,NA,81.6212237452298,42.6163618554284,22.2873169881803,Aggregates,,,,Aggregates,Aggregates
Europe & Central Asia,Z7,ECS,2022,,2025-10-07,925061269,27782.8616206223,0.7,77.8361130850842,29.2035477166433,26.9603798709394,Aggregates,,,,Aggregates,Aggregates
Europe & Central Asia,Z7,ECS,2021,,2025-10-07,924702975,27591.4108786977,0.8,76.7287266936821,29.1970713688698,27.2001424487227,Aggregates,,,,Aggregates,Aggregates
Europe & Central Asia,Z7,ECS,2020,,2025-10-07,923973838,24121.4791035767,0.8,77.1757484533311,29.1960571455365,27.4153713344444,Aggregates,,,,Aggregates,Aggregates
Europe & Central Asia,Z7,ECS,2023,,2025-10-07,925640799,29835.7180523654,0.6,78.3870183177038,NA,26.716513826047,Aggregates,,,,Aggregates,Aggregates
Europe & Central Asia (excluding high income),7E,ECA,2022,,2025-10-07,250840400,7247.60981221236,NA,74.5786223390478,67.9744935129301,35.830274123734,Aggregates,,,,Aggregates,Aggregates
Europe & Central Asia (excluding high income),7E,ECA,2023,,2025-10-07,249053262,8571.4101866164,NA,74.7987152767476,NA,35.6743691954631,Aggregates,,,,Aggregates,Aggregates
Europe & Central Asia (excluding high income),7E,ECA,2021,,2025-10-07,252189631,6623.35137698536,NA,72.8874329657208,67.8760596385148,36.0080209090165,Aggregates,,,,Aggregates,Aggregates
Europe & Central Asia (excluding high income),7E,ECA,2020,,2025-10-07,250660609,5733.41761868436,NA,73.5589573506665,67.819782608232,36.2368846212273,Aggregates,,,,Aggregates,Aggregates
Europe & Central Asia (IDA & IBRD countries),T7,TEC,2021,,2025-10-07,463426293,9987.98864443054,NA,72.1539007720004,28.3046653298449,33.1729634611533,Aggregates,,,,Aggregates,Aggregates
Europe & Central Asia (IDA & IBRD countries),T7,TEC,2020,,2025-10-07,463151657,8456.58174660206,NA,73.1523738187621,28.3001805073015,33.3622324085876,Aggregates,,,,Aggregates,Aggregates
Europe & Central Asia (IDA & IBRD countries),T7,TEC,2022,,2025-10-07,461268322,11410.4415323006,NA,74.1916033602425,28.2960923828226,32.9941919440057,Aggregates,,,,Aggregates,Aggregates
Europe & Central Asia (IDA & IBRD countries),T7,TEC,2023,,2025-10-07,458932506,12106.9240912296,NA,74.7300564025194,NA,32.8187055002062,Aggregates,,,,Aggregates,Aggregates
European Union,EU,EUU,2021,,2025-10-07,446227358,39214.3660784805,NA,80.3071964400875,40.7146016537221,24.7798192503405,Aggregates,,,,Aggregates,Aggregates
European Union,EU,EUU,2022,,2025-10-07,447703403,37962.8295010744,NA,80.7129818383208,40.7113015792169,24.5379425295858,Aggregates,,,,Aggregates,Aggregates
European Union,EU,EUU,2020,,2025-10-07,446870959,34698.4032089427,NA,80.4414754678551,40.7796713967613,25.0240127840082,Aggregates,,,,Aggregates,Aggregates
European Union,EU,EUU,2023,,2025-10-07,449425965,41392.0743803078,NA,81.4114503796876,NA,24.2961194674544,Aggregates,,,,Aggregates,Aggregates
Faroe Islands,FO,FRO,2023,,2025-10-07,54439,71774.3522353393,NA,83.1439024390244,70.1240875912409,57.013,Europe & Central Asia,Torshavn,-6.91181,61.8926,High income,Not classified
Faroe Islands,FO,FRO,2020,,2025-10-07,52567,62240.822409175,NA,82.6439024390244,70.3294289897511,57.602,Europe & Central Asia,Torshavn,-6.91181,61.8926,High income,Not classified
Faroe Islands,FO,FRO,2021,,2025-10-07,53305,68749.4005557957,NA,82.8439024390244,70.1240875912409,57.417,Europe & Central Asia,Torshavn,-6.91181,61.8926,High income,Not classified
Faroe Islands,FO,FRO,2022,,2025-10-07,53927,66139.3809716876,NA,82.9439024390244,70.0729927007299,57.221,Europe & Central Asia,Torshavn,-6.91181,61.8926,High income,Not classified
Fiji,FJ,FJI,2020,,2025-10-07,914963,4844.42127154524,NA,66.924,17.0552818828681,42.753,East Asia & Pacific,Suva,178.399,-18.1149,Upper middle income,Blend
Fiji,FJ,FJI,2023,,2025-10-07,924145,5888.73667332429,NA,67.316,17.0552818828681,41.287,East Asia & Pacific,Suva,178.399,-18.1149,Upper middle income,Blend
Fiji,FJ,FJI,2022,,2025-10-07,919422,5405.03006162671,NA,67.148,17.0552818828681,41.771,East Asia & Pacific,Suva,178.399,-18.1149,Upper middle income,Blend
Fiji,FJ,FJI,2021,,2025-10-07,916711,4696.17103944634,NA,64.904,17.0552818828681,42.26,East Asia & Pacific,Suva,178.399,-18.1149,Upper middle income,Blend
Finland,FI,FIN,2020,,2025-10-07,5529543,48828.6846862799,0,81.9317073170732,7.46857932486675,14.483,Europe & Central Asia,Helsinki,24.9525,60.1608,High income,Not classified
Finland,FI,FIN,2022,,2025-10-07,5556106,50440.560224974,0.1,81.1878048780488,7.45522996225995,14.319,Europe & Central Asia,Helsinki,24.9525,60.1608,High income,Not classified
Finland,FI,FIN,2023,,2025-10-07,5583911,52821.5114340717,0.2,81.6853658536585,7.44176865377023,14.227,Europe & Central Asia,Helsinki,24.9525,60.1608,High income,Not classified
Finland,FI,FIN,2021,,2025-10-07,5541017,53099.1351400148,0,81.8853658536585,7.46181004166177,14.404,Europe & Central Asia,Helsinki,24.9525,60.1608,High income,Not classified
Fragile and conflict affected situations,F1,FCS,2023,,2025-10-07,1057033168,1722.02197897444,41.5,63.3499447771075,NA,55.2314128728116,Aggregates,,,,Aggregates,Aggregates
Fragile and conflict affected situations,F1,FCS,2022,,2025-10-07,1036390026,1897.94911362527,40.8,62.702271566254,37.0825847264518,55.598353504693,Aggregates,,,,Aggregates,Aggregates
Fragile and conflict affected situations,F1,FCS,2021,,2025-10-07,1016906998,1757.35640223069,40.8,61.6086810439385,37.0030609020076,55.9578929085922,Aggregates,,,,Aggregates,Aggregates
Fragile and conflict affected situations,F1,FCS,2020,,2025-10-07,994901090,1685.09795088858,39.5,62.0663682854031,36.9084955652092,56.3605770033733,Aggregates,,,,Aggregates,Aggregates
France,FR,FRA,2020,,2025-10-07,67601110,39169.8606000707,0.1,82.1756097560976,52.729670655905,19.025,Europe & Central Asia,Paris,2.35097,48.8566,High income,Not classified
France,FR,FRA,2021,,2025-10-07,67842811,43725.0999521245,0.1,82.3243902439024,52.7417272474256,18.758,Europe & Central Asia,Paris,2.35097,48.8566,High income,Not classified
France,FR,FRA,2022,,2025-10-07,68065015,41082.8119320747,0.1,82.1292682926829,52.6738892290565,18.491,Europe & Central Asia,Paris,2.35097,48.8566,High income,Not classified
France,FR,FRA,2023,,2025-10-07,68287487,44690.9345395117,0.1,82.9292682926829,52.5043974394656,18.223,Europe & Central Asia,Paris,2.35097,48.8566,High income,Not classified
French Polynesia,PF,PYF,2020,,2025-10-07,279209,19966.4838503859,NA,82.459,9.085738980121,38.025,East Asia & Pacific,Papeete,-149.57,-17.535,High income,Not classified
French Polynesia,PF,PYF,2023,,2025-10-07,281118,22774.1418988734,NA,84.07,8.66176894266782,37.712,East Asia & Pacific,Papeete,-149.57,-17.535,High income,Not classified
French Polynesia,PF,PYF,2021,,2025-10-07,279792,21982.9038942614,NA,79.571,8.94442523768367,37.934,East Asia & Pacific,Papeete,-149.57,-17.535,High income,Not classified
French Polynesia,PF,PYF,2022,,2025-10-07,280378,20738.6499971661,NA,83.859,8.80308268510516,37.83,East Asia & Pacific,Papeete,-149.57,-17.535,High income,Not classified
Gabon,GA,GAB,2022,,2025-10-07,2430747,8409.20741452279,NA,67.713,8.35656459812939,9.265,Sub-Saharan Africa,Libreville,9.45162,0.38832,Upper middle income,IBRD
Gabon,GA,GAB,2020,,2025-10-07,2322539,6605.80346077904,NA,67.073,8.35656459812939,9.908,Sub-Saharan Africa,Libreville,9.45162,0.38832,Upper middle income,IBRD
Gabon,GA,GAB,2021,,2025-10-07,2376722,8181.40914134398,NA,67.072,8.35656459812939,9.577,Sub-Saharan Africa,Libreville,9.45162,0.38832,Upper middle income,IBRD
Gabon,GA,GAB,2023,,2025-10-07,2484789,8071.39777400455,NA,68.337,8.35656459812939,8.971,Sub-Saharan Africa,Libreville,9.45162,0.38832,Upper middle income,IBRD
"Gambia, The",GM,GMB,2023,,2025-10-07,2697845,888.157407441902,NA,65.86,62.6482213438735,35.528,Sub-Saharan Africa,Banjul,-16.5885,13.4495,Low income,IDA
"Gambia, The",GM,GMB,2022,,2025-10-07,2636470,836.244875582631,NA,64.859,62.6482213438735,36.148,Sub-Saharan Africa,Banjul,-16.5885,13.4495,Low income,IDA
"Gambia, The",GM,GMB,2021,,2025-10-07,2576010,781.890925169531,NA,63.847,62.6482213438735,36.778,Sub-Saharan Africa,Banjul,-16.5885,13.4495,Low income,IDA
"Gambia, The",GM,GMB,2020,,2025-10-07,2515733,720.335143352133,22,64.418,62.6482213438735,37.418,Sub-Saharan Africa,Banjul,-16.5885,13.4495,Low income,IDA
Georgia,GE,GEO,2023,,2025-10-07,3715483,8283.66960652261,5.8,74.496,34.1329687724852,39.273,Europe & Central Asia,Tbilisi,44.793,41.71,Upper middle income,IBRD
Georgia,GE,GEO,2022,,2025-10-07,3712502,6729.84659930283,7.7,74.141,34.3056554899986,39.703,Europe & Central Asia,Tbilisi,44.793,41.71,Upper middle income,IBRD
Georgia,GE,GEO,2020,,2025-10-07,3722716,4300.85701291207,12,73.509,34.2193121312419,40.547,Europe & Central Asia,Tbilisi,44.793,41.71,Upper middle income,IBRD
Georgia,GE,GEO,2021,,2025-10-07,3708610,5083.60695484577,10.8,71.635,34.2480932508275,40.128,Europe & Central Asia,Tbilisi,44.793,41.71,Upper middle income,IBRD
Germany,DE,DEU,2021,,2025-10-07,83196078,52265.6541620571,NA,80.790243902439,47.4856177910072,22.456,Europe & Central Asia,Berlin,13.4115,52.5235,High income,Not classified
Germany,DE,DEU,2023,,2025-10-07,83901923,53940.4073447462,NA,80.5414634146342,47.4658729931603,22.235,Europe & Central Asia,Berlin,13.4115,52.5235,High income,Not classified
Germany,DE,DEU,2022,,2025-10-07,83797985,49686.1154582583,NA,80.6080487804878,47.5011449507671,22.352,Europe & Central Asia,Berlin,13.4115,52.5235,High income,Not classified
Germany,DE,DEU,2020,,2025-10-07,83160871,47379.765194548,0.2,81.0414634146342,47.4970663155786,22.547,Europe & Central Asia,Berlin,13.4115,52.5235,High income,Not classified
Ghana,GH,GHA,2023,,2025-10-07,33787914,2383.90410483418,NA,65.498,55.393019913595,40.762,Sub-Saharan Africa,Accra,-0.20795,5.57045,Lower middle income,IDA
Ghana,GH,GHA,2020,,2025-10-07,31887809,2195.45481659987,NA,64.309,55.393750274689,42.651,Sub-Saharan Africa,Accra,-0.20795,5.57045,Lower middle income,IDA
Ghana,GH,GHA,2021,,2025-10-07,32518665,2445.18662529344,NA,64.286,55.393019913595,42.015,Sub-Saharan Africa,Accra,-0.20795,5.57045,Lower middle income,IDA
Ghana,GH,GHA,2022,,2025-10-07,33149152,2229.89122647803,NA,65.246,55.393019913595,41.385,Sub-Saharan Africa,Accra,-0.20795,5.57045,Lower middle income,IDA
Gibraltar,GI,GIB,2020,,2025-10-07,36173,NA,NA,83.07,NA,0,Europe & Central Asia,,,,High income,Not classified
Gibraltar,GI,GIB,2023,,2025-10-07,38471,NA,NA,83.553,NA,0,Europe & Central Asia,,,,High income,Not classified
Gibraltar,GI,GIB,2021,,2025-10-07,36858,NA,NA,80.274,NA,0,Europe & Central Asia,,,,High income,Not classified
Gibraltar,GI,GIB,2022,,2025-10-07,37609,NA,NA,83.517,NA,0,Europe & Central Asia,,,,High income,Not classified
Greece,GR,GRC,2020,,2025-10-07,10698599,17886.733165236,1.1,81.2878048780488,43.6358456167572,20.285,Europe & Central Asia,Athens,23.7166,37.9792,High income,Not classified
Greece,GR,GRC,2022,,2025-10-07,10436882,20971.8349258283,0.6,80.7878048780488,41.6760170674942,19.643,Europe & Central Asia,Athens,23.7166,37.9792,High income,Not classified
Greece,GR,GRC,2023,,2025-10-07,10405588,23400.7278817691,0.6,81.5365853658537,41.6760178432894,19.327,Europe & Central Asia,Athens,23.7166,37.9792,High income,Not classified
Greece,GR,GRC,2021,,2025-10-07,10569207,20654.7001960815,0.7,80.0829268292683,44.3128673390225,19.962,Europe & Central Asia,Athens,23.7166,37.9792,High income,Not classified
Greenland,GL,GRL,2023,,2025-10-07,56865,58498.9743142433,NA,71.549756097561,0.592301132902911,12.06,Europe & Central Asia,Nuuk,-51.7214,64.1836,High income,Not classified
Greenland,GL,GRL,2022,,2025-10-07,56661,55635.0006491223,NA,71.5404878048781,0.592301132902911,12.273,Europe & Central Asia,Nuuk,-51.7214,64.1836,High income,Not classified
Greenland,GL,GRL,2021,,2025-10-07,56653,58135.9939910203,NA,71.8139024390244,0.592301132902911,12.493,Europe & Central Asia,Nuuk,-51.7214,64.1836,High income,Not classified
Greenland,GL,GRL,2020,,2025-10-07,56367,54812.6661771023,NA,71.8507317073171,0.592301132902911,12.718,Europe & Central Asia,Nuuk,-51.7214,64.1836,High income,Not classified
Grenada,GD,GRD,2021,,2025-10-07,116688,9622.24050459345,NA,74.522,23.5294117647059,63.306,Latin America & Caribbean,Saint George's,-61.7449,12.0653,Upper middle income,Blend
Grenada,GD,GRD,2022,,2025-10-07,116913,10535.4588771454,NA,75.151,23.5294117647059,63.132,Latin America & Caribbean,Saint George's,-61.7449,12.0653,Upper middle income,Blend
Grenada,GD,GRD,2023,,2025-10-07,117081,11308.2874249451,NA,75.205,23.5294117647059,62.941,Latin America & Caribbean,Saint George's,-61.7449,12.0653,Upper middle income,Blend
Grenada,GD,GRD,2020,,2025-10-07,116341,8968.55890108484,NA,75.019,23.5294117647059,63.463,Latin America & Caribbean,Saint George's,-61.7449,12.0653,Upper middle income,Blend
Guam,GU,GUM,2021,,2025-10-07,163730,38074.8793745801,NA,75.434,29.6296296296296,4.985,East Asia & Pacific,Agana,144.794,13.4443,High income,Not classified
Guam,GU,GUM,2022,,2025-10-07,165180,41833.1517132825,NA,77.102,29.6296296296296,4.90900000000001,East Asia & Pacific,Agana,144.794,13.4443,High income,Not classified
Guam,GU,GUM,2020,,2025-10-07,162158,36482.9363953675,NA,75.529,29.6296296296296,5.062,East Asia & Pacific,Agana,144.794,13.4443,High income,Not classified
Guam,GU,GUM,2023,,2025-10-07,166506,NA,NA,77.209,29.6296296296296,4.834,East Asia & Pacific,Agana,144.794,13.4443,High income,Not classified
Guatemala,GT,GTM,2020,,2025-10-07,17357325,4477.61761796418,NA,69.971,43.0384471817842,48.164,Latin America & Caribbean,Guatemala City,-90.5328,14.6248,Upper middle income,IBRD
Guatemala,GT,GTM,2021,,2025-10-07,17598650,4912.62225721201,NA,67.858,43.0384471817842,47.755,Latin America & Caribbean,Guatemala City,-90.5328,14.6248,Upper middle income,IBRD
Guatemala,GT,GTM,2022,,2025-10-07,17847877,5358.70127494396,NA,71.206,43.0384471817842,47.334,Latin America & Caribbean,Guatemala City,-90.5328,14.6248,Upper middle income,IBRD
Guatemala,GT,GTM,2023,,2025-10-07,18124838,5758.30876298845,9.7,72.602,43.0384471817842,46.902,Latin America & Caribbean,Guatemala City,-90.5328,14.6248,Upper middle income,IBRD
Guinea,GN,GIN,2023,,2025-10-07,14405468,1555.49375806861,NA,60.74,73.2292487384014,61.915,Sub-Saharan Africa,Conakry,-13.7,9.51667,Lower middle income,IDA
Guinea,GN,GIN,2022,,2025-10-07,14055137,1416.59612011764,NA,60.432,71.948919501872,62.332,Sub-Saharan Africa,Conakry,-13.7,9.51667,Lower middle income,IDA
Guinea,GN,GIN,2020,,2025-10-07,13371183,1053.66097696415,NA,59.35,69.0970645450106,63.125,Sub-Saharan Africa,Conakry,-13.7,9.51667,Lower middle income,IDA
Guinea,GN,GIN,2021,,2025-10-07,13710513,1244.96550477914,NA,59.373,70.5533212599707,62.736,Sub-Saharan Africa,Conakry,-13.7,9.51667,Lower middle income,IDA
Guinea-Bissau,GW,GNB,2021,,2025-10-07,2058841,912.484104692847,39.9,61.653,29.8490327169275,55.383,Sub-Saharan Africa,Bissau,-15.1804,11.8037,Low income,IDA
Guinea-Bissau,GW,GNB,2022,,2025-10-07,2105529,873.437861875428,NA,63.605,29.6239118065434,54.959,Sub-Saharan Africa,Bissau,-15.1804,11.8037,Low income,IDA
Guinea-Bissau,GW,GNB,2020,,2025-10-07,2013255,836.26731423732,NA,61.343,29.3353982930299,55.804,Sub-Saharan Africa,Bissau,-15.1804,11.8037,Low income,IDA
Guinea-Bissau,GW,GNB,2023,,2025-10-07,2153339,964.927554218909,NA,64.085,29.8908428165007,54.534,Sub-Saharan Africa,Bissau,-15.1804,11.8037,Low income,IDA
Guyana,GY,GUY,2023,,2025-10-07,826353,20473.7002190617,NA,70.18,3.41005967604433,72.838,Latin America & Caribbean,Georgetown,-58.1548,6.80461,High income,IDA
Guyana,GY,GUY,2020,,2025-10-07,807481,6775.70939096303,NA,67.751,3.40532348204982,73.214,Latin America & Caribbean,Georgetown,-58.1548,6.80461,High income,IDA
Guyana,GY,GUY,2021,,2025-10-07,815482,9860.87014834386,NA,64.323,3.41005967604433,73.103,Latin America & Caribbean,Georgetown,-58.1548,6.80461,High income,IDA
Guyana,GY,GUY,2022,,2025-10-07,821637,17913.4928066879,NA,69.888,3.41005967604433,72.978,Latin America & Caribbean,Georgetown,-58.1548,6.80461,High income,IDA
Haiti,HT,HTI,2023,,2025-10-07,11637398,1705.75808460999,NA,64.936,65.1306240928882,40.344,Latin America & Caribbean,Port-au-Prince,-72.3288,18.5392,Lower middle income,IDA
Haiti,HT,HTI,2022,,2025-10-07,11503606,1760.62635668777,NA,63.948,65.1306240928882,41.18,Latin America & Caribbean,Port-au-Prince,-72.3288,18.5392,Lower middle income,IDA
Haiti,HT,HTI,2021,,2025-10-07,11374586,1835.44394078496,NA,62.613,65.1306240928882,42.036,Latin America & Caribbean,Port-au-Prince,-72.3288,18.5392,Lower middle income,IDA
Haiti,HT,HTI,2020,,2025-10-07,11243848,1290.32538667383,NA,63.773,64.9492017416546,42.912,Latin America & Caribbean,Port-au-Prince,-72.3288,18.5392,Lower middle income,IDA
Heavily indebted poor countries (HIPC),XE,HPC,2020,,2025-10-07,847743308,968.074022023344,NA,63.0726319690016,41.0471335432254,62.9534610338912,Aggregates,,,,Aggregates,Aggregates
Heavily indebted poor countries (HIPC),XE,HPC,2023,,2025-10-07,917304254,1140.19606998258,NA,64.7159054177481,NA,61.4523014954447,Aggregates,,,,Aggregates,Aggregates
Heavily indebted poor countries (HIPC),XE,HPC,2021,,2025-10-07,870930036,1049.99987506014,NA,62.5313735700637,41.1723375972432,62.4631306189973,Aggregates,,,,Aggregates,Aggregates
Heavily indebted poor countries (HIPC),XE,HPC,2022,,2025-10-07,893906294,1111.39185793698,NA,63.8404458555462,41.2343038403941,61.9601304521064,Aggregates,,,,Aggregates,Aggregates
High income,XD,,2020,,2025-10-07,1393490142,40219.1360185556,0.4,79.2043516940348,27.9412793814311,19.4556141361493,NA,NA,NA,NA,NA,NA
High income,XD,,2021,,2025-10-07,1391839631,45211.9410454249,0.3,78.8000564470189,28.150915463499,19.267788854706,NA,NA,NA,NA,NA,NA
High income,XD,,2022,,2025-10-07,1398530204,46655.1648590412,0.6,79.4313242226593,28.2563005785498,19.058037861665,NA,NA,NA,NA,NA,NA
High income,XD,,2023,,2025-10-07,1408764584,48708.4624685822,0.6,80.1500151183354,NA,18.8385301138399,NA,NA,NA,NA,NA,NA
Honduras,HN,HND,2020,,2025-10-07,10119640,2307.61494319511,NA,70.864,31.6203414067388,41.641,Latin America & Caribbean,Tegucigalpa,-87.4667,15.1333,Lower middle income,IDA
Honduras,HN,HND,2022,,2025-10-07,10463872,3003.28996826399,NA,72.715,31.9599606756636,40.4,Latin America & Caribbean,Tegucigalpa,-87.4667,15.1333,Lower middle income,IDA
Honduras,HN,HND,2023,,2025-10-07,10644851,3227.45762509776,17,72.884,31.9599606756636,39.788,Latin America & Caribbean,Tegucigalpa,-87.4667,15.1333,Lower middle income,IDA
Honduras,HN,HND,2021,,2025-10-07,10289877,2735.14751503977,NA,69.492,31.9599606756636,41.018,Latin America & Caribbean,Tegucigalpa,-87.4667,15.1333,Lower middle income,IDA
"Hong Kong SAR, China",HK,HKG,2020,,2025-10-07,7481000,46109.2299946609,NA,85.4963414634146,3.80952380952381,0,East Asia & Pacific,,114.109,22.3964,High income,Not classified
"Hong Kong SAR, China",HK,HKG,2021,,2025-10-07,7413100,49770.564237473904,NA,85.5326829268293,3.80952380952381,0,East Asia & Pacific,,114.109,22.3964,High income,Not classified
"Hong Kong SAR, China",HK,HKG,2023,,2025-10-07,7536100,50565.4647717265,NA,85.2473170731707,3.80952380952381,0,East Asia & Pacific,,114.109,22.3964,High income,Not classified
"Hong Kong SAR, China",HK,HKG,2022,,2025-10-07,7346100,48825.8441873536,NA,83.6609756097561,3.80952380952381,0,East Asia & Pacific,,114.109,22.3964,High income,Not classified
Hungary,HU,HUN,2022,,2025-10-07,9605074,18483.6366867035,NA,75.8682926829268,55.6214332675871,27.448,Europe & Central Asia,Budapest,19.0408,47.4984,High income,Not classified
Hungary,HU,HUN,2021,,2025-10-07,9630932,19030.628130329,NA,74.0658536585366,55.2672430418584,27.755,Europe & Central Asia,Budapest,19.0408,47.4984,High income,Not classified
Hungary,HU,HUN,2023,,2025-10-07,9592186,22312.1790289763,NA,76.7707317073171,55.6985097523559,27.136,Europe & Central Asia,Budapest,19.0408,47.4984,High income,Not classified
Hungary,HU,HUN,2020,,2025-10-07,9670419,16386.9308821258,NA,75.419512195122,53.8754394039009,28.058,Europe & Central Asia,Budapest,19.0408,47.4984,High income,Not classified
IBRD only,XF,IBD,2023,,2025-10-07,4952554878,7964.73675347128,NA,74.5209699459191,NA,42.0413915052598,Aggregates,,,,Aggregates,Aggregates
IBRD only,XF,IBD,2020,,2025-10-07,4878606096,6236.68120499036,NA,73.29542288776,35.8162435273847,43.7427616002593,Aggregates,,,,Aggregates,Aggregates
IBRD only,XF,IBD,2021,,2025-10-07,4905534420,7366.1147382175,NA,71.974522937271,35.7691949920153,43.1630972115896,Aggregates,,,,Aggregates,Aggregates
IBRD only,XF,IBD,2022,,2025-10-07,4928522353,7745.39306575372,NA,74.251561351988,35.6902219691441,42.5948050594267,Aggregates,,,,Aggregates,Aggregates
Iceland,IS,ISL,2020,,2025-10-07,366463,59023.5663465778,NA,83.0634146341463,18.565903005058,6.102,Europe & Central Asia,Reykjavik,-21.8952,64.1353,High income,Not classified
Iceland,IS,ISL,2022,,2025-10-07,382003,75121.0152280628,NA,82.119512195122,18.565903005058,6.008,Europe & Central Asia,Reykjavik,-21.8952,64.1353,High income,Not classified
Iceland,IS,ISL,2023,,2025-10-07,393349,79960.0961535662,NA,82.6073170731707,16.2451651294258,5.958,Europe & Central Asia,Reykjavik,-21.8952,64.1353,High income,Not classified
Iceland,IS,ISL,2021,,2025-10-07,372520,69178.4046960961,NA,83.1658536585366,18.565903005058,6.056,Europe & Central Asia,Reykjavik,-21.8952,64.1353,High income,Not classified
IDA & IBRD total,ZT,IBT,2020,,2025-10-07,6666779721,4932.64621363092,NA,70.7491565630532,37.4051352954114,48.6714040304875,Aggregates,,,,Aggregates,Aggregates
IDA & IBRD total,ZT,IBT,2022,,2025-10-07,6795050443,6043.77728725502,NA,71.6779222363782,37.360328421551,47.6738220747783,Aggregates,,,,Aggregates,Aggregates
IDA & IBRD total,ZT,IBT,2023,,2025-10-07,6858864199,6157.39821498709,NA,72.0008209186498,NA,47.1858086870034,Aggregates,,,,Aggregates,Aggregates
IDA & IBRD total,ZT,IBT,2021,,2025-10-07,6732972939,5764.25548879941,NA,69.6682599282971,37.3960646006915,48.1698215728553,Aggregates,,,,Aggregates,Aggregates
IDA blend,XH,IDB,2020,,2025-10-07,626440308,1735.42504387769,NA,60.8180066140619,45.9456982077238,56.473419658144,Aggregates,,,,Aggregates,Aggregates
IDA blend,XH,IDB,2021,,2025-10-07,639196319,1857.19734593257,NA,60.876535738179,46.1024938870762,55.9888333304232,Aggregates,,,,Aggregates,Aggregates
IDA blend,XH,IDB,2022,,2025-10-07,651895919,1962.52152270807,NA,62.1288641416852,46.0800795349982,55.4943237450502,Aggregates,,,,Aggregates,Aggregates
IDA blend,XH,IDB,2023,,2025-10-07,664395892,1729.91982930792,NA,62.4621643327349,NA,54.98815233186,Aggregates,,,,Aggregates,Aggregates
IDA only,XI,IDX,2020,,2025-10-07,1161733317,1179.86645615956,NA,65.411479068422,40.8668438104436,65.1872200582403,Aggregates,,,,Aggregates,Aggregates
IDA only,XI,IDX,2021,,2025-10-07,1188242200,1254.09572124934,NA,64.8764634139942,40.9509203917527,64.6582317261929,Aggregates,,,,Aggregates,Aggregates
IDA only,XI,IDX,2023,,2025-10-07,1241913429,1319.43444336952,NA,67.0538318903115,NA,63.5490242920841,Aggregates,,,,Aggregates,Aggregates
IDA only,XI,IDX,2022,,2025-10-07,1214632171,1330.40253875948,NA,66.3600605315493,41.061717958723,64.1092134586351,Aggregates,,,,Aggregates,Aggregates
IDA total,XG,IDA,2021,,2025-10-07,1827438519,1465.04691576142,35.5,63.4773799318061,41.9497191853724,61.6229072465124,Aggregates,,,,Aggregates,Aggregates
IDA total,XG,IDA,2020,,2025-10-07,1788173625,1374.49201596905,35.3,63.8022749850664,41.8515432909684,62.1315067212467,Aggregates,,,,Aggregates,Aggregates
IDA total,XG,IDA,2023,,2025-10-07,1906309321,1458.94469071737,35.2,65.4535223135408,NA,60.5627129573394,Aggregates,,,,Aggregates,Aggregates
IDA total,XG,IDA,2022,,2025-10-07,1866528090,1551.17381360191,35.1,64.8822902939527,42.0346295429793,61.0975596989067,Aggregates,,,,Aggregates,Aggregates
India,IN,IND,2023,,2025-10-07,1438069596,2530.12031278204,NA,72.003,60.0604064994165,63.636,South Asia,New Delhi,77.225,28.6353,Lower middle income,IBRD
India,IN,IND,2021,,2025-10-07,1414203896,2239.61384367482,NA,67.282,60.0507647678083,64.607,South Asia,New Delhi,77.225,28.6353,Lower middle income,IBRD
India,IN,IND,2022,,2025-10-07,1425423212,2347.44829434623,5.3,71.698,60.0555856504293,64.128,South Asia,New Delhi,77.225,28.6353,Lower middle income,IBRD
India,IN,IND,2020,,2025-10-07,1402617695,1907.04251637669,NA,70.156,60.0459439188212,65.074,South Asia,New Delhi,77.225,28.6353,Lower middle income,IBRD
Indonesia,ID,IDN,2021,,2025-10-07,276758053,4287.17313995098,8.6,67.452,28.9558492042508,42.71,East Asia & Pacific,Jakarta,106.83,-6.19752,Upper middle income,IBRD
Indonesia,ID,IDN,2023,,2025-10-07,281190067,4876.30774512252,6.7,71.146,29.1258057551148,41.428,East Asia & Pacific,Jakarta,106.83,-6.19752,Upper middle income,IBRD
Indonesia,ID,IDN,2022,,2025-10-07,278830529,4730.83484836107,7.9,70.925,29.0073830174182,42.066,East Asia & Pacific,Jakarta,106.83,-6.19752,Upper middle income,IBRD
Indonesia,ID,IDN,2020,,2025-10-07,274814866,3853.70288774146,9.8,68.817,28.9649906072855,43.359,East Asia & Pacific,Jakarta,106.83,-6.19752,Upper middle income,IBRD
"Iran, Islamic Rep.",IR,IRN,2021,,2025-10-07,88455488,4334.79268631354,3.7,73.752,29.008936825886,23.655,Middle East & North Africa,Tehran,51.4447,35.6878,Upper middle income,IBRD
"Iran, Islamic Rep.",IR,IRN,2022,,2025-10-07,89524246,4405.09291519791,2.8,76.799,29.008936825886,23.193,Middle East & North Africa,Tehran,51.4447,35.6878,Upper middle income,IBRD
"Iran, Islamic Rep.",IR,IRN,2023,,2025-10-07,90608707,4465.63766853306,2.5,77.654,29.008936825886,22.743,Middle East & North Africa,Tehran,51.4447,35.6878,Upper middle income,IBRD
"Iran, Islamic Rep.",IR,IRN,2020,,2025-10-07,87723443,2988.78122414716,4.6,74.141,28.9848998459168,24.126,Middle East & North Africa,Tehran,51.4447,35.6878,Upper middle income,IBRD
Iraq,IQ,IRQ,2021,,2025-10-07,43071211,4868.49431080783,NA,70.704,21.8439177204985,28.881,Middle East & North Africa,Baghdad,44.394,33.3302,Upper middle income,IBRD
Iraq,IQ,IRQ,2023,,2025-10-07,45074049,5965.31835077761,0.5,72.324,21.8307880128072,28.401,Middle East & North Africa,Baghdad,44.394,33.3302,Upper middle income,IBRD
Iraq,IQ,IRQ,2022,,2025-10-07,44070551,6520.73154560584,NA,72.037,21.7784995277912,28.646,Middle East & North Africa,Baghdad,44.394,33.3302,Upper middle income,IBRD
Iraq,IQ,IRQ,2020,,2025-10-07,42116605,4295.18945121228,NA,69.651,21.7755050330546,29.107,Middle East & North Africa,Baghdad,44.394,33.3302,Upper middle income,IBRD
Ireland,IE,IRL,2023,,2025-10-07,5307600,103887.800388081,0.1,82.8609756097561,60.8070837567136,35.534,Europe & Central Asia,Dublin,-6.26749,53.3441,High income,Not classified
Ireland,IE,IRL,2022,,2025-10-07,5212836,105234.511567597,0.2,82.509756097561,63.115111046596,35.817,Europe & Central Asia,Dublin,-6.26749,53.3441,High income,Not classified
Ireland,IE,IRL,2021,,2025-10-07,5110585,103961.976350649,0.1,82.2536585365854,62.9554362026419,36.088,Europe & Central Asia,Dublin,-6.26749,53.3441,High income,Not classified
Ireland,IE,IRL,2020,,2025-10-07,5039747,86622.5067251295,0.2,82.4560975609756,65.495717811003,36.347,Europe & Central Asia,Dublin,-6.26749,53.3441,High income,Not classified
Isle of Man,IM,IMN,2023,,2025-10-07,84165,NA,NA,80.999,69.0898245614035,46.518,Europe & Central Asia,Douglas,-4.47928,54.1509,High income,Not classified
Isle of Man,IM,IMN,2022,,2025-10-07,84132,88328.548125887,NA,80.956,71.4035087719298,46.729,Europe & Central Asia,Douglas,-4.47928,54.1509,High income,Not classified
Isle of Man,IM,IMN,2020,,2025-10-07,84064,79513.5330346598,NA,80.591,70.5263157894737,47.102,Europe & Central Asia,Douglas,-4.47928,54.1509,High income,Not classified
Isle of Man,IM,IMN,2021,,2025-10-07,84106,94299.969348965,NA,80.42,68.7719298245614,46.924,Europe & Central Asia,Douglas,-4.47928,54.1509,High income,Not classified
Israel,IL,ISR,2020,,2025-10-07,9215100,44575.5719045492,0.7,82.6487804878049,25.0369685767098,7.413,Middle East & North Africa,,35.2035,31.7717,High income,Not classified
Israel,IL,ISR,2023,,2025-10-07,9849000,52003.7200729997,NA,83.1951219512195,24.8012939001848,7.146,Middle East & North Africa,,35.2035,31.7717,High income,Not classified
Israel,IL,ISR,2021,,2025-10-07,9371400,52270.9040241956,0.7,82.5,24.9075785582255,7.32599999999999,Middle East & North Africa,,35.2035,31.7717,High income,Not classified
Israel,IL,ISR,2022,,2025-10-07,9557500,54949.621556429,NA,82.7,24.7042513863216,7.23699999999999,Middle East & North Africa,,35.2035,31.7717,High income,Not classified
Italy,IT,ITA,2021,,2025-10-07,59133173,36852.5425414951,0.9,82.6463414634146,41.9422315930434,28.654,Europe & Central Asia,Rome,12.4823,41.8955,High income,Not classified
Italy,IT,ITA,2020,,2025-10-07,59438851,32091.4866621366,0.9,82.1951219512195,42.332263616904,28.961,Europe & Central Asia,Rome,12.4823,41.8955,High income,Not classified
Italy,IT,ITA,2023,,2025-10-07,58993475,39065.4244365633,0.9,83.7,44.2565839307453,28.027,Europe & Central Asia,Rome,12.4823,41.8955,High income,Not classified
Italy,IT,ITA,2022,,2025-10-07,59013667,35653.9042103495,0.7,82.7,43.9631475720276,28.343,Europe & Central Asia,Rome,12.4823,41.8955,High income,Not classified
Jamaica,JM,JAM,2021,,2025-10-07,2837682,5165.33782130331,1.4,69.085,38.5041551246537,43.348,Latin America & Caribbean,Kingston,-76.792,17.9927,Upper middle income,IBRD
Jamaica,JM,JAM,2020,,2025-10-07,2830739,4879.44025773374,NA,71.452,38.5041551246537,43.689,Latin America & Caribbean,Kingston,-76.792,17.9927,Upper middle income,IBRD
Jamaica,JM,JAM,2023,,2025-10-07,2839786,6839.72502408181,NA,71.479,38.5041551246537,42.622,Latin America & Caribbean,Kingston,-76.792,17.9927,Upper middle income,IBRD
Jamaica,JM,JAM,2022,,2025-10-07,2839144,6022.15339791763,NA,71.481,38.5041551246537,42.992,Latin America & Caribbean,Kingston,-76.792,17.9927,Upper middle income,IBRD
Japan,JP,JPN,2021,,2025-10-07,125681593,40094.5599795288,NA,84.4456097560976,12.7818930041152,8.133,East Asia & Pacific,Tokyo,139.77,35.67,High income,Not classified
Japan,JP,JPN,2022,,2025-10-07,125124989,34065.6438962526,NA,83.9963414634146,12.716049382716,8.045,East Asia & Pacific,Tokyo,139.77,35.67,High income,Not classified
Japan,JP,JPN,2020,,2025-10-07,126261000,40028.7341726762,1.2,84.56,12.8449931412894,8.218,East Asia & Pacific,Tokyo,139.77,35.67,High income,Not classified
Japan,JP,JPN,2023,,2025-10-07,124516650,33836.1756271617,NA,84.0412195121951,12.6368303066246,7.95699999999999,East Asia & Pacific,Tokyo,139.77,35.67,High income,Not classified
Jordan,JO,JOR,2023,,2025-10-07,11439213,4466.08314208575,NA,77.814,11.5323107417168,7.98,Middle East & North Africa,Amman,35.9263,31.9497,Lower middle income,IBRD
Jordan,JO,JOR,2021,,2025-10-07,11066356,4183.49998326866,NA,74.204,11.5210487195081,8.374,Middle East & North Africa,Amman,35.9263,31.9497,Lower middle income,IBRD
Jordan,JO,JOR,2022,,2025-10-07,11256263,4332.25159897931,NA,77.088,11.7462891636822,8.173,Middle East & North Africa,Amman,35.9263,31.9497,Lower middle income,IBRD
Jordan,JO,JOR,2020,,2025-10-07,10865228,4022.0401356135,NA,75.583,11.5886208527603,8.58199999999999,Middle East & North Africa,Amman,35.9263,31.9497,Lower middle income,IBRD
Kazakhstan,KZ,KAZ,2023,,2025-10-07,20330104,12879.4275257974,NA,74.402,79.3664851650183,41.821,Europe & Central Asia,Astana,71.4382,51.1879,Upper middle income,IBRD
Kazakhstan,KZ,KAZ,2022,,2025-10-07,20034609,11255.3396437881,NA,73.503,79.3664851650183,42.01,Europe & Central Asia,Astana,71.4382,51.1879,Upper middle income,IBRD
Kazakhstan,KZ,KAZ,2021,,2025-10-07,19743603,9983.60103576902,0,70.131,79.3664851650183,42.179,Europe & Central Asia,Astana,71.4382,51.1879,Upper middle income,IBRD
Kazakhstan,KZ,KAZ,2020,,2025-10-07,19482117,8781.50797787648,0,71.195,79.3233322220988,42.329,Europe & Central Asia,Astana,71.4382,51.1879,Upper middle income,IBRD
Kenya,KE,KEN,2023,,2025-10-07,55339003,1952.30457929636,NA,63.646,49.5263223856783,70.48,Sub-Saharan Africa,Nairobi,36.8126,-1.27975,Lower middle income,Blend
Kenya,KE,KEN,2022,,2025-10-07,54252461,2109.56288513137,46.9,63.549,49.4830453575056,70.998,Sub-Saharan Africa,Nairobi,36.8126,-1.27975,Lower middle income,Blend
Kenya,KE,KEN,2020,,2025-10-07,52217334,1927.66459027849,44.4,61.596,49.3892110936528,72.005,Sub-Saharan Africa,Nairobi,36.8126,-1.27975,Lower middle income,Blend
Kenya,KE,KEN,2021,,2025-10-07,53219166,2061.35622089594,46.4,61.225,49.4013975092459,71.507,Sub-Saharan Africa,Nairobi,36.8126,-1.27975,Lower middle income,Blend
Kiribati,KI,KIR,2023,,2025-10-07,132530,2177.70114080416,NA,66.473,41.9753086419753,42.238,East Asia & Pacific,Tarawa,172.979,1.32905,Lower middle income,IDA
Kiribati,KI,KIR,2021,,2025-10-07,128377,2222.04829512346,NA,64.148,41.9753086419753,43.665,East Asia & Pacific,Tarawa,172.979,1.32905,Lower middle income,IDA
Kiribati,KI,KIR,2022,,2025-10-07,130469,2069.76720110559,NA,66.269,41.9753086419753,42.942,East Asia & Pacific,Tarawa,172.979,1.32905,Lower middle income,IDA
Kiribati,KI,KIR,2020,,2025-10-07,126099,1751.7823197053,NA,65.205,41.9753086419753,44.406,East Asia & Pacific,Tarawa,172.979,1.32905,Lower middle income,IDA
"Korea, Dem. People's Rep.",KP,PRK,2020,,2025-10-07,26136312,NA,NA,72.783,21.5638236026908,37.619,East Asia & Pacific,Pyongyang,125.754,39.0319,Low income,Not classified
"Korea, Dem. People's Rep.",KP,PRK,2021,,2025-10-07,26232534,NA,NA,73.437,21.5596711236608,37.358,East Asia & Pacific,Pyongyang,125.754,39.0319,Low income,Not classified
"Korea, Dem. People's Rep.",KP,PRK,2022,,2025-10-07,26328845,NA,NA,73.641,21.5530271572129,37.084,East Asia & Pacific,Pyongyang,125.754,39.0319,Low income,Not classified
"Korea, Dem. People's Rep.",KP,PRK,2023,,2025-10-07,26418204,NA,NA,73.642,21.5538576530189,36.797,East Asia & Pacific,Pyongyang,125.754,39.0319,Low income,Not classified
"Korea, Rep.",KR,KOR,2023,,2025-10-07,51712619,33121.3712885508,NA,83.4292682926829,16.0655737704918,18.544,East Asia & Pacific,Seoul,126.957,37.5323,High income,Not classified
"Korea, Rep.",KR,KOR,2021,,2025-10-07,51769539,35125.5224984723,0.2,83.5268292682927,16.4241803278689,18.586,East Asia & Pacific,Seoul,126.957,37.5323,High income,Not classified
"Korea, Rep.",KR,KOR,2022,,2025-10-07,51672569,32394.6833725203,NA,82.6804878048781,16.2295081967213,18.573,East Asia & Pacific,Seoul,126.957,37.5323,High income,Not classified
"Korea, Rep.",KR,KOR,2020,,2025-10-07,51836239,31721.2989141857,0,83.4268292682927,16.608606557377,18.586,East Asia & Pacific,Seoul,126.957,37.5323,High income,Not classified
Kosovo,XK,XKX,2020,,2025-10-07,1790151,4310.89065548799,16.8,74.212,NA,NA,Europe & Central Asia,Pristina,20.926,42.565,Upper middle income,IDA
Kosovo,XK,XKX,2023,,2025-10-07,1682668,6221.20365212094,NA,78.033,NA,NA,Europe & Central Asia,Pristina,20.926,42.565,Upper middle income,IDA
Kosovo,XK,XKX,2021,,2025-10-07,1786079,5270.42965289833,25,74.981,NA,NA,Europe & Central Asia,Pristina,20.926,42.565,Upper middle income,IDA
Kosovo,XK,XKX,2022,,2025-10-07,1768096,5290.94747224687,10,77.623,NA,NA,Europe & Central Asia,Pristina,20.926,42.565,Upper middle income,IDA
Kuwait,KW,KWT,2021,,2025-10-07,4360865,34018.6342879647,NA,78.7365853658537,8.41750841750842,0,Middle East & North Africa,Kuwait City,47.9824,29.3721,High income,Not classified
Kuwait,KW,KWT,2022,,2025-10-07,4589643,39981.7690981957,NA,80.5878048780488,8.41750841750842,0,Middle East & North Africa,Kuwait City,47.9824,29.3721,High income,Not classified
Kuwait,KW,KWT,2020,,2025-10-07,4400267,25236.0755520534,NA,78.7609756097561,8.41750841750842,0,Middle East & North Africa,Kuwait City,47.9824,29.3721,High income,Not classified
Kuwait,KW,KWT,2023,,2025-10-07,4853420,34075.8490439847,NA,83.1878048780488,8.41750841750842,0,Middle East & North Africa,Kuwait City,47.9824,29.3721,High income,Not classified
Kyrgyz Republic,KG,KGZ,2023,,2025-10-07,7099750,2138.2221021147798,2.7,72.2487804878049,54.0085714285714,62.199,Europe & Central Asia,Bishkek,74.6057,42.8851,Lower middle income,IDA
Kyrgyz Republic,KG,KGZ,2020,,2025-10-07,6726596,1229.51766602907,9.4,71.8,54.0552659019812,63.144,Europe & Central Asia,Bishkek,74.6057,42.8851,Lower middle income,IDA
Kyrgyz Republic,KG,KGZ,2022,,2025-10-07,6975220,1739.72018344174,4.5,72.0487804878049,55.2526068821689,62.539,Europe & Central Asia,Bishkek,74.6057,42.8851,Lower middle income,IDA
Kyrgyz Republic,KG,KGZ,2021,,2025-10-07,6851224,1349.99730650542,5.6,71.9,54.0464025026069,62.854,Europe & Central Asia,Bishkek,74.6057,42.8851,Lower middle income,IDA
Lao PDR,LA,LAO,2021,,2025-10-07,7453194,2526.05105018529,NA,67.807,9.57712305025997,63.061,East Asia & Pacific,Vientiane,102.177,18.5826,Lower middle income,IDA
Lao PDR,LA,LAO,2020,,2025-10-07,7346533,2583.77730696131,NA,68.339,9.56629116117851,63.71,East Asia & Pacific,Vientiane,102.177,18.5826,Lower middle income,IDA
Lao PDR,LA,LAO,2022,,2025-10-07,7559007,2046.40440255621,NA,68.715,9.79116117850953,62.408,East Asia & Pacific,Vientiane,102.177,18.5826,Lower middle income,IDA
Lao PDR,LA,LAO,2023,,2025-10-07,7664993,2066.94979776957,NA,68.964,9.90987868284229,61.753,East Asia & Pacific,Vientiane,102.177,18.5826,Lower middle income,IDA
Late-demographic dividend,V3,LTE,2021,,2025-10-07,2320449542,11755.4245358535,NA,76.306088329774,34.1263121066997,35.1818441260362,Aggregates,,,,Aggregates,Aggregates
Late-demographic dividend,V3,LTE,2023,,2025-10-07,2326636900,12422.7253981593,NA,77.130120543495,NA,33.6296450864374,Aggregates,,,,Aggregates,Aggregates
Late-demographic dividend,V3,LTE,2020,,2025-10-07,2316461820,9869.54019951006,NA,76.6937147799405,34.228177183671,35.9670303368138,Aggregates,,,,Aggregates,Aggregates
Late-demographic dividend,V3,LTE,2022,,2025-10-07,2324125644,12280.1075352976,NA,76.9545802485126,34.2127152121853,34.3964683596013,Aggregates,,,,Aggregates,Aggregates
Latin America & Caribbean,ZJ,LCN,2021,,2025-10-07,649234493,8597.53194021339,6.3,71.8141668022872,32.2827240093129,18.6727719232142,NA,NA,NA,NA,NA,NA
Latin America & Caribbean,ZJ,LCN,2022,,2025-10-07,653104795,9716.03266743823,5,74.647198943632,32.03794487597,18.4350846435443,NA,NA,NA,NA,NA,NA
Latin America & Caribbean,ZJ,LCN,2023,,2025-10-07,657617663,10838.827948659,4.6,75.6435293327332,NA,18.1987813206578,NA,NA,NA,NA,NA,NA
Latin America & Caribbean,ZJ,LCN,2020,,2025-10-07,645497651,7445.29645309345,5.6,73.188934023043,32.4346554641747,18.9122030743113,NA,NA,NA,NA,NA,NA
Latin America & Caribbean (excluding high income),XJ,LAC,2022,,2025-10-07,585648822,9093.65274220086,NA,74.4897262626476,33.0054062426481,18.8557389489943,Aggregates,,,,Aggregates,Aggregates
Latin America & Caribbean (excluding high income),XJ,LAC,2020,,2025-10-07,578091505,6892.38171560913,NA,72.8759217271338,33.4309126226007,19.3700054518981,Aggregates,,,,Aggregates,Aggregates
Latin America & Caribbean (excluding high income),XJ,LAC,2021,,2025-10-07,581884231,7955.36133413771,NA,71.4377016432982,33.2739299512425,19.1105685385827,Aggregates,,,,Aggregates,Aggregates
Latin America & Caribbean (excluding high income),XJ,LAC,2023,,2025-10-07,589889543,10166.928671097,NA,75.4986013301866,NA,18.604678952356,Aggregates,,,,Aggregates,Aggregates
Latin America & the Caribbean (IDA & IBRD countries),T2,TLA,2021,,2025-10-07,633862610,8382.42554035091,NA,71.7449274626405,32.1532909235878,18.6665679044076,Aggregates,,,,Aggregates,Aggregates
Latin America & the Caribbean (IDA & IBRD countries),T2,TLA,2022,,2025-10-07,637837815,9482.77639942335,NA,74.5684293540859,31.9069727065201,18.4249941918354,Aggregates,,,,Aggregates,Aggregates
Latin America & the Caribbean (IDA & IBRD countries),T2,TLA,2020,,2025-10-07,630051021,7240.2967237639205,NA,73.0747493617473,32.3061724125868,18.9098342950467,Aggregates,,,,Aggregates,Aggregates
Latin America & the Caribbean (IDA & IBRD countries),T2,TLA,2023,,2025-10-07,642397939,10593.1164302324,NA,75.5699258379688,NA,18.1856006679109,Aggregates,,,,Aggregates,Aggregates
Latvia,LV,LVA,2020,,2025-10-07,1900449,17564.2321549354,0.5,75.1853658536585,31.6406877711715,31.685,Europe & Central Asia,Riga,24.1048,56.9465,High income,Not classified
Latvia,LV,LVA,2023,,2025-10-07,1877445,22675.5786295407,0.4,75.6780487804878,31.6728266109593,31.329,Europe & Central Asia,Riga,24.1048,56.9465,High income,Not classified
Latvia,LV,LVA,2021,,2025-10-07,1884490,20261.8887788916,0.5,72.9804878048781,31.6567571910654,31.579,Europe & Central Asia,Riga,24.1048,56.9465,High income,Not classified
Latvia,LV,LVA,2022,,2025-10-07,1879383,20227.2307431581,0.4,74.2780487804878,31.6567571910654,31.46,Europe & Central Asia,Riga,24.1048,56.9465,High income,Not classified
Least developed countries: UN classification,XL,LDC,2023,,2025-10-07,1160824674,1220.23843928653,NA,66.5161002597788,NA,63.5870301032506,Aggregates,,,,Aggregates,Aggregates
Least developed countries: UN classification,XL,LDC,2020,,2025-10-07,1083636132,1088.70490856513,NA,64.8323585417323,40.5363356116756,65.2590771214687,Aggregates,,,,Aggregates,Aggregates
Least developed countries: UN classification,XL,LDC,2022,,2025-10-07,1134585604,1273.78979194705,NA,65.7631857632163,40.675027919323,64.1502864224708,Aggregates,,,,Aggregates,Aggregates
Least developed countries: UN classification,XL,LDC,2021,,2025-10-07,1109175268,1161.529354921,NA,64.267342334044,40.6199944564175,64.7109271308707,Aggregates,,,,Aggregates,Aggregates
Lebanon,LB,LBN,2020,,2025-10-07,5702398,5561.19166950397,NA,76.299,65.8958944281525,11.075,Middle East & North Africa,Beirut,35.5134,33.8872,Lower middle income,IBRD
Lebanon,LB,LBN,2021,,2025-10-07,5718122,4045.37391066234,NA,73.65,66.6294916911046,10.907,Middle East & North Africa,Beirut,35.5134,33.8872,Lower middle income,IBRD
Lebanon,LB,LBN,2023,,2025-10-07,5773493,3477.72489842684,NA,77.817,65.9055522971652,10.568,Middle East & North Africa,Beirut,35.5134,33.8872,Lower middle income,IBRD
Lebanon,LB,LBN,2022,,2025-10-07,5744489,3654.35845534878,5.9,78.003,66.1275659824047,10.738,Middle East & North Africa,Beirut,35.5134,33.8872,Lower middle income,IBRD
Lesotho,LS,LSO,2023,,2025-10-07,2311472,916.282970463888,NA,57.375,77.7584980237154,69.585,Sub-Saharan Africa,Maseru,27.7167,-29.5208,Lower middle income,IDA
Lesotho,LS,LSO,2020,,2025-10-07,2235727,918.582577421982,NA,55.133,77.3847167325428,70.972,Sub-Saharan Africa,Maseru,27.7167,-29.5208,Lower middle income,IDA
Lesotho,LS,LSO,2021,,2025-10-07,2261542,1066.58643600093,NA,54.209,73.4321475625823,70.52,Sub-Saharan Africa,Maseru,27.7167,-29.5208,Lower middle income,IDA
Lesotho,LS,LSO,2022,,2025-10-07,2286110,1030.12579628833,NA,56.812,74.9472990777339,70.057,Sub-Saharan Africa,Maseru,27.7167,-29.5208,Lower middle income,IDA
Liberia,LR,LBR,2020,,2025-10-07,5149463,616.787867006715,NA,61.267,19.9651162790698,47.911,Sub-Saharan Africa,Monrovia,-10.7957,6.30039,Low income,IDA
Liberia,LR,LBR,2023,,2025-10-07,5493031,799.194470229642,NA,62.163,19.9651162790698,46.433,Sub-Saharan Africa,Monrovia,-10.7957,6.30039,Low income,IDA
Liberia,LR,LBR,2021,,2025-10-07,5259323,667.96610514319,NA,61.166,19.9651162790698,47.427,Sub-Saharan Africa,Monrovia,-10.7957,6.30039,Low income,IDA
Liberia,LR,LBR,2022,,2025-10-07,5373294,744.617175237387,NA,61.934,19.9651162790698,46.935,Sub-Saharan Africa,Monrovia,-10.7957,6.30039,Low income,IDA
Libya,LY,LBY,2022,,2025-10-07,7223805,5986.63694851258,NA,74.462,8.72387101174171,18.698,Middle East & North Africa,Tripoli,13.1072,32.8578,Upper middle income,IBRD
Libya,LY,LBY,2021,,2025-10-07,7135175,4935.82787349801,NA,72.062,8.72387101174171,19.006,Middle East & North Africa,Tripoli,13.1072,32.8578,Upper middle income,IBRD
Libya,LY,LBY,2023,,2025-10-07,7305659,6172.81246940233,NA,69.339,8.72387101174171,18.394,Middle East & North Africa,Tripoli,13.1072,32.8578,Upper middle income,IBRD
Libya,LY,LBY,2020,,2025-10-07,7045399,6650.33810585348,NA,72.388,8.72387101174171,19.309,Middle East & North Africa,Tripoli,13.1072,32.8578,Upper middle income,IBRD
Liechtenstein,LI,LIE,2023,,2025-10-07,39850,207973.617746758,NA,84.8414634146342,32.3125,85.383,Europe & Central Asia,Vaduz,9.52148,47.1411,High income,Not classified
Liechtenstein,LI,LIE,2022,,2025-10-07,39493,186821.881757157,NA,84.1219512195122,32.3125,85.462,Europe & Central Asia,Vaduz,9.52148,47.1411,High income,Not classified
Liechtenstein,LI,LIE,2020,,2025-10-07,38901,164671.093553454,NA,81.6585365853659,32.3125,85.584,Europe & Central Asia,Vaduz,9.52148,47.1411,High income,Not classified
Liechtenstein,LI,LIE,2021,,2025-10-07,39182,201944.830335076,NA,84.4024390243902,32.3125,85.529,Europe & Central Asia,Vaduz,9.52148,47.1411,High income,Not classified
Lithuania,LT,LTU,2021,,2025-10-07,2808380,23870.4594851722,0.3,74.0365853658537,46.9222168982591,31.751,Europe & Central Asia,Vilnius,25.2799,54.6896,High income,Not classified
Lithuania,LT,LTU,2020,,2025-10-07,2810369,20428.6478157394,0.5,75.0292682926829,46.9945704247844,31.954,Europe & Central Asia,Vilnius,25.2799,54.6896,High income,Not classified
Lithuania,LT,LTU,2022,,2025-10-07,2831639,25085.784063499,0.8,75.6439024390244,46.503418311929,31.535,Europe & Central Asia,Vilnius,25.2799,54.6896,High income,Not classified
Lithuania,LT,LTU,2023,,2025-10-07,2871585,27786.0057829276,1.1,76.9878048780488,45.8945686900959,31.306,Europe & Central Asia,Vilnius,25.2799,54.6896,High income,Not classified
Low & middle income,XO,LMY,2023,,2025-10-07,6499219471,5819.84086254913,12.2,71.9740048771462,NA,47.381959916837,Aggregates,,,,Aggregates,Aggregates
Low & middle income,XO,LMY,2021,,2025-10-07,6378645843,5485.92472057214,13.1,69.6717843895896,42.9434538649589,48.4272647778197,Aggregates,,,,Aggregates,Aggregates
Low & middle income,XO,LMY,2020,,2025-10-07,6314223170,4698.5175297673,13.4,70.7486800091755,42.9539814348274,48.9641307884911,Aggregates,,,,Aggregates,Aggregates
Low & middle income,XO,LMY,2022,,2025-10-07,6438272260,5702.28344160279,12.5,71.6852818823469,42.9121543426043,47.8993582001509,Aggregates,,,,Aggregates,Aggregates
Low income,XM,,2020,,2025-10-07,560643073,607.964753680008,55.5,62.8180995019214,42.7776548728898,63.8081611086132,NA,NA,NA,NA,NA,NA
Low income,XM,,2021,,2025-10-07,576076618,643.369305022958,56.2,62.3799887227483,42.8488574259971,63.3450565831436,NA,NA,NA,NA,NA,NA
Low income,XM,,2022,,2025-10-07,591481496,723.504638939919,55.6,63.4583102800447,42.9929994294262,62.8579619417071,NA,NA,NA,NA,NA,NA
Low income,XM,,2023,,2025-10-07,607774703,697.171191535478,56.3,64.5178957936853,NA,62.3661166455919,NA,NA,NA,NA,NA,NA
Lower middle income,XN,,2020,,2025-10-07,2968398856,2058.43459982702,15.2,68.040356336938,43.3836153111403,60.5630272071237,NA,NA,NA,NA,NA,NA
Lower middle income,XN,,2021,,2025-10-07,3006243027,2302.44736874388,14.4,66.3662902978306,43.455697961788204,60.0622779759675,NA,NA,NA,NA,NA,NA
Lower middle income,XN,,2022,,2025-10-07,3043358377,2424.15054696003,13.4,69.3010946755529,43.4778458277651,59.5483624751118,NA,NA,NA,NA,NA,NA
Lower middle income,XN,,2023,,2025-10-07,3082002881,2443.40827649123,12.6,69.5963746571515,NA,59.022851560897,NA,NA,NA,NA,NA,NA
Luxembourg,LU,LUX,2020,,2025-10-07,630419,116860.02817236,0,82.1439024390244,51.3218694405817,8.547,Europe & Central Asia,Luxembourg,6.1296,49.61,High income,Not classified
Luxembourg,LU,LUX,2021,,2025-10-07,640064,134965.815442152,0.1,82.5975609756098,51.5843322483161,8.328,Europe & Central Asia,Luxembourg,6.1296,49.61,High income,Not classified
Luxembourg,LU,LUX,2023,,2025-10-07,666430,131407.681364513,0.1,83.3585365853659,51.6606200912036,7.922,Europe & Central Asia,Luxembourg,6.1296,49.61,High income,Not classified
Luxembourg,LU,LUX,2022,,2025-10-07,653103,123719.658915996,0.1,82.9463414634147,51.4711434630952,8.119,Europe & Central Asia,Luxembourg,6.1296,49.61,High income,Not classified
"Macao SAR, China",MO,MAC,2020,,2025-10-07,685400,36976.2561071429,NA,84.1292682926829,NA,0,East Asia & Pacific,,113.55,22.1667,High income,Not classified
"Macao SAR, China",MO,MAC,2021,,2025-10-07,682500,45376.314586156,NA,83.7292682926829,NA,0,East Asia & Pacific,,113.55,22.1667,High income,Not classified
"Macao SAR, China",MO,MAC,2022,,2025-10-07,677300,36909.9564090312,NA,83.0804878048781,NA,0,East Asia & Pacific,,113.55,22.1667,High income,Not classified
"Macao SAR, China",MO,MAC,2023,,2025-10-07,678800,67476.5290813306,NA,83.1804878048781,NA,0,East Asia & Pacific,,113.55,22.1667,High income,Not classified
Madagascar,MG,MDG,2020,,2025-10-07,28953556,450.771615201509,NA,62.706,70.2904778274321,61.466,Sub-Saharan Africa,Antananarivo,45.7167,-20.4667,Low income,IDA
Madagascar,MG,MDG,2022,,2025-10-07,30437261,503.514533472879,NA,63.068,70.2904778274321,60.118,Sub-Saharan Africa,Antananarivo,45.7167,-20.4667,Low income,IDA
Madagascar,MG,MDG,2023,,2025-10-07,31195932,508.718427705736,NA,63.632,70.2904778274321,59.444,Sub-Saharan Africa,Antananarivo,45.7167,-20.4667,Low income,IDA
Madagascar,MG,MDG,2021,,2025-10-07,29691083,483.469463351371,69.2,62.516,70.2904778274321,60.793,Sub-Saharan Africa,Antananarivo,45.7167,-20.4667,Low income,IDA
Malawi,MW,MWI,2023,,2025-10-07,21104482,602.343619809252,NA,67.353,64.1705557912601,81.72,Sub-Saharan Africa,Lilongwe,33.7703,-13.9899,Low income,IDA
Malawi,MW,MWI,2020,,2025-10-07,19533888,602.507478176106,NA,65.216,63.4705133644463,82.573,Sub-Saharan Africa,Lilongwe,33.7703,-13.9899,Low income,IDA
Malawi,MW,MWI,2022,,2025-10-07,20568728,604.269751184515,NA,66.037,64.1705557912601,82.02,Sub-Saharan Africa,Lilongwe,33.7703,-13.9899,Low income,IDA
Malawi,MW,MWI,2021,,2025-10-07,20047258,617.447520802454,NA,64.782,64.1705557912601,82.305,Sub-Saharan Africa,Lilongwe,33.7703,-13.9899,Low income,IDA
Malaysia,MY,MYS,2022,,2025-10-07,34695493,11748.0919307944,NA,75.444,26.0873535230558,21.786,East Asia & Pacific,Kuala Lumpur,101.684,3.12433,Upper middle income,IBRD
Malaysia,MY,MYS,2023,,2025-10-07,35126298,11379.0851923557,NA,76.657,26.0873535230558,21.284,East Asia & Pacific,Kuala Lumpur,101.684,3.12433,Upper middle income,IBRD
Malaysia,MY,MYS,2021,,2025-10-07,34282399,10903.1116425938,0,73.917,26.0873535230558,22.304,East Asia & Pacific,Kuala Lumpur,101.684,3.12433,Upper middle income,IBRD
Malaysia,MY,MYS,2020,,2025-10-07,33889558,9957.52626697613,NA,76.057,26.0873535230558,22.84,East Asia & Pacific,Kuala Lumpur,101.684,3.12433,Upper middle income,IBRD
Maldives,MV,MDV,2020,,2025-10-07,502118,7393.8886543933,NA,78.713,21.3333333333333,59.331,South Asia,Male,73.5109,4.1742,Upper middle income,IDA
Maldives,MV,MDV,2021,,2025-10-07,516154,10176.143882547,NA,78.052,19.6666666666667,58.898,South Asia,Male,73.5109,4.1742,Upper middle income,IDA
Maldives,MV,MDV,2023,,2025-10-07,525994,12530.3602359683,NA,81.041,19.7986577181208,58.029,South Asia,Male,73.5109,4.1742,Upper middle income,IDA
Maldives,MV,MDV,2022,,2025-10-07,524106,11786.0091545343,NA,80.76,19.6666666666667,58.464,South Asia,Male,73.5109,4.1742,Upper middle income,IDA
Mali,ML,MLI,2021,,2025-10-07,22388630,1027.27345365357,36.1,59.116,35.4343856284677,55.323,Sub-Saharan Africa,Bamako,-7.50034,13.5667,Low income,IDA
Mali,ML,MLI,2020,,2025-10-07,21713836,953.242943290974,NA,58.858,35.2476788860751,56.091,Sub-Saharan Africa,Bamako,-7.50034,13.5667,Low income,IDA
Mali,ML,MLI,2022,,2025-10-07,23072640,969.72220560562,NA,60.035,35.466125849253,54.563,Sub-Saharan Africa,Bamako,-7.50034,13.5667,Low income,IDA
Mali,ML,MLI,2023,,2025-10-07,23769127,1035.86242628411,NA,60.439,35.4694668863046,53.811,Sub-Saharan Africa,Bamako,-7.50034,13.5667,Low income,IDA
Malta,MT,MLT,2023,,2025-10-07,552747,40182.4313854634,NA,83.5073170731707,25.909375,5.059,Middle East & North Africa,Valletta,14.5189,35.9042,High income,Not classified
Malta,MT,MLT,2022,,2025-10-07,531113,36224.2819955817,0.1,82.4487804878049,27.34375,5.125,Middle East & North Africa,Valletta,14.5189,35.9042,High income,Not classified
Malta,MT,MLT,2020,,2025-10-07,515490,31833.596382464,0.4,82.0975609756098,28.46875,5.256,Middle East & North Africa,Valletta,14.5189,35.9042,High income,Not classified
Malta,MT,MLT,2021,,2025-10-07,518150,38065.354346575,0.1,82.2585365853659,27.34375,5.19,Middle East & North Africa,Valletta,14.5189,35.9042,High income,Not classified
Marshall Islands,MH,MHL,2022,,2025-10-07,40077,6322.82855503156,NA,66.725,38.8888888888889,21.48,East Asia & Pacific,Majuro,171.135,7.11046,Upper middle income,IDA
Marshall Islands,MH,MHL,2021,,2025-10-07,41367,6258.61193705127,NA,65.421,38.8888888888889,21.838,East Asia & Pacific,Majuro,171.135,7.11046,Upper middle income,IDA
Marshall Islands,MH,MHL,2023,,2025-10-07,38827,6678.34239060448,NA,66.945,38.8888888888889,21.132,East Asia & Pacific,Majuro,171.135,7.11046,Upper middle income,IDA
Marshall Islands,MH,MHL,2020,,2025-10-07,42706,5661.96787336674,NA,65.387,38.8888888888889,22.206,East Asia & Pacific,Majuro,171.135,7.11046,Upper middle income,IDA
Mauritania,MR,MRT,2020,,2025-10-07,4600131,1795.76459566714,NA,66.794,38.5272145144077,44.673,Sub-Saharan Africa,Nouakchott,-15.9824,18.2367,Lower middle income,IDA
Mauritania,MR,MRT,2022,,2025-10-07,4875637,1960.35240077424,NA,68.281,38.5272145144077,43.077,Sub-Saharan Africa,Nouakchott,-15.9824,18.2367,Lower middle income,IDA
Mauritania,MR,MRT,2023,,2025-10-07,5022441,2120.82318421747,NA,68.484,38.5272145144077,42.301,Sub-Saharan Africa,Nouakchott,-15.9824,18.2367,Lower middle income,IDA
Mauritania,MR,MRT,2021,,2025-10-07,4734874,1947.78918383313,NA,66.762,38.5272145144077,43.867,Sub-Saharan Africa,Nouakchott,-15.9824,18.2367,Lower middle income,IDA
Mauritius,MU,MUS,2020,,2025-10-07,1266014,9011.04288445023,NA,74.1770731707317,43.064596895343,59.24,Sub-Saharan Africa,Port Louis,57.4977,-20.1605,Upper middle income,IBRD
Mauritius,MU,MUS,2021,,2025-10-07,1266334,9068.97300226707,NA,73.680243902439,43.064596895343,59.225,Sub-Saharan Africa,Port Louis,57.4977,-20.1605,Upper middle income,IBRD
Mauritius,MU,MUS,2023,,2025-10-07,1261041,11182.186568616,NA,73.4121951219512,43.043264897346,59.133,Sub-Saharan Africa,Port Louis,57.4977,-20.1605,Upper middle income,IBRD
Mauritius,MU,MUS,2022,,2025-10-07,1262523,10223.7882316574,NA,73.5146341463415,43.064596895343,59.19,Sub-Saharan Africa,Port Louis,57.4977,-20.1605,Upper middle income,IBRD
Mexico,MX,MEX,2023,,2025-10-07,129739759,13826.1306570122,NA,75.069,50.6933879986625,18.418,Latin America & Caribbean,Mexico City,-99.1276,19.427,Upper middle income,IBRD
Mexico,MX,MEX,2021,,2025-10-07,127648148,10314.0506725979,NA,69.75,51.5064078294195,18.984,Latin America & Caribbean,Mexico City,-99.1276,19.427,Upper middle income,IBRD
Mexico,MX,MEX,2020,,2025-10-07,126799054,8841.2707511328,4.3,70.449,51.5149441086448,19.269,Latin America & Caribbean,Mexico City,-99.1276,19.427,Upper middle income,IBRD
Mexico,MX,MEX,2022,,2025-10-07,128613117,11402.1410374782,2.3,73.973,50.8701226883407,18.7,Latin America & Caribbean,Mexico City,-99.1276,19.427,Upper middle income,IBRD
"Micronesia, Fed. Sts.",FM,FSM,2023,,2025-10-07,112630,3941.37247887414,NA,67.198,7.14285714285714,76.621,East Asia & Pacific,Palikir,158.185,6.91771,Lower middle income,IDA
"Micronesia, Fed. Sts.",FM,FSM,2022,,2025-10-07,112114,3710.12448453257,NA,66.961,7.14285714285714,76.783,East Asia & Pacific,Palikir,158.185,6.91771,Lower middle income,IDA
"Micronesia, Fed. Sts.",FM,FSM,2020,,2025-10-07,110916,3362.02793142215,NA,65.878,7.14285714285714,77.067,East Asia & Pacific,Palikir,158.185,6.91771,Lower middle income,IDA
"Micronesia, Fed. Sts.",FM,FSM,2021,,2025-10-07,111624,3508.22356270221,NA,66.152,7.14285714285714,76.932,East Asia & Pacific,Palikir,158.185,6.91771,Lower middle income,IDA
"Middle East, North Africa, Afghanistan & Pakistan",ZQ,MEA,2022,,2025-10-07,782349366,6383.39839256713,NA,71.6918319737772,36.3568120898912,45.0335146906683,NA,NA,NA,NA,NA,NA
"Middle East, North Africa, Afghanistan & Pakistan",ZQ,MEA,2023,,2025-10-07,797801454,6063.05247657864,NA,72.0839412410497,NA,44.6549853499853,NA,NA,NA,NA,NA,NA
"Middle East, North Africa, Afghanistan & Pakistan",ZQ,MEA,2020,,2025-10-07,756405281,4707.81986084887,NA,69.9110789555644,35.5726162555108,45.5925615145765,NA,NA,NA,NA,NA,NA
"Middle East, North Africa, Afghanistan & Pakistan",ZQ,MEA,2021,,2025-10-07,767578451,5575.27298626728,NA,69.711319347950493,35.5218166555224,45.4071774199834,NA,NA,NA,NA,NA,NA
"Middle East, North Africa, Afghanistan & Pakistan (excluding high income)",XQ,MNA,2020,,2025-10-07,692532027,2381.42542469934,NA,69.0506342866219,27.1696932069577,48.6883373230232,NA,NA,NA,NA,NA,NA
"Middle East, North Africa, Afghanistan & Pakistan (excluding high income)",XQ,MNA,2021,,2025-10-07,704458802,2719.53126773593,NA,68.9280214782653,27.1053342040203,48.4172711466681,NA,NA,NA,NA,NA,NA
"Middle East, North Africa, Afghanistan & Pakistan (excluding high income)",XQ,MNA,2022,,2025-10-07,716508657,2975.95566292741,NA,71.0055315443397,27.1633891960176,48.1052162716172,NA,NA,NA,NA,NA,NA
"Middle East, North Africa, Afghanistan & Pakistan (excluding high income)",XQ,MNA,2023,,2025-10-07,729077445,2797.40730719316,NA,71.2758849884582,NA,47.7878209703388,NA,NA,NA,NA,NA,NA
"Middle East, North Africa, Afghanistan & Pakistan (IDA & IBRD)",T3,TMN,2021,,2025-10-07,699536053,2712.78189413176,NA,68.893103228232,27.0826629067265,48.5961577298976,NA,NA,NA,NA,NA,NA
"Middle East, North Africa, Afghanistan & Pakistan (IDA & IBRD)",T3,TMN,2020,,2025-10-07,687728758,2375.4738441756,NA,69.0090964026373,27.1453892201629,48.8657884973657,NA,NA,NA,NA,NA,NA
"Middle East, North Africa, Afghanistan & Pakistan (IDA & IBRD)",T3,TMN,2022,,2025-10-07,711465045,2970.11428767476,NA,70.965432550888,27.1633891960176,48.2852513443763,NA,NA,NA,NA,NA,NA
"Middle East, North Africa, Afghanistan & Pakistan (IDA & IBRD)",T3,TMN,2023,,2025-10-07,723911670,2792.71457545742,NA,71.3194560888195,NA,47.9688579564161,NA,NA,NA,NA,NA,NA
Middle income,XP,MIC,2020,,2025-10-07,5753580097,5096.7359040376,NA,71.5214553857761,42.9924977392443,47.5172415848675,Aggregates,,,,Aggregates,Aggregates
Middle income,XP,MIC,2022,,2025-10-07,5846790764,6205.5459977675,NA,72.5175506717212,42.8944949437169,46.3856365566805,Aggregates,,,,Aggregates,Aggregates
Middle income,XP,MIC,2023,,2025-10-07,5891444768,6347.75391928371,NA,72.7431938727471,NA,45.835718956523,Aggregates,,,,Aggregates,Aggregates
Middle income,XP,MIC,2021,,2025-10-07,5802569225,5966.0001578766,NA,70.3957107787488,42.9641122526019,46.9457767037198,Aggregates,,,,Aggregates,Aggregates
Moldova,MD,MDA,2023,,2025-10-07,2457783,6799.58594644576,0.1,71.198,74.096568478591,56.627,Europe & Central Asia,Chisinau,28.8497,47.0167,Upper middle income,IBRD
Moldova,MD,MDA,2022,,2025-10-07,2528654,5744.29618434435,0,71.546,74.9695863746959,56.827,Europe & Central Asia,Chisinau,28.8497,47.0167,Upper middle income,IBRD
Moldova,MD,MDA,2020,,2025-10-07,2635130,4375.7788930524,0,69.914,75.1445965588756,57.151,Europe & Central Asia,Chisinau,28.8497,47.0167,Upper middle income,IBRD
Moldova,MD,MDA,2021,,2025-10-07,2595809,5274.60582195352,0.2,68.991,75.0684098510185,57.002,Europe & Central Asia,Chisinau,28.8497,47.0167,Upper middle income,IBRD
Monaco,MC,MCO,2023,,2025-10-07,38956,256580.515122745,NA,86.372,NA,0,Europe & Central Asia,Monaco,7.41891,43.7325,High income,Not classified
Monaco,MC,MCO,2020,,2025-10-07,38050,176891.886538492,NA,86.089,NA,0,Europe & Central Asia,Monaco,7.41891,43.7325,High income,Not classified
Monaco,MC,MCO,2022,,2025-10-07,38931,226052.001905201,NA,85.746,NA,0,Europe & Central Asia,Monaco,7.41891,43.7325,High income,Not classified
Monaco,MC,MCO,2021,,2025-10-07,38527,223823.363960226,NA,85.113,NA,0,Europe & Central Asia,Monaco,7.41891,43.7325,High income,Not classified
Mongolia,MN,MNG,2020,,2025-10-07,3327204,4001.25193077703,NA,71.3490243902439,72.2189891455646,31.343,East Asia & Pacific,Ulaanbaatar,106.937,47.9129,Upper middle income,IBRD
Mongolia,MN,MNG,2023,,2025-10-07,3481145,5838.63108083902,NA,72.1224390243902,68.9555729589301,30.911,East Asia & Pacific,Ulaanbaatar,106.937,47.9129,Upper middle income,IBRD
Mongolia,MN,MNG,2021,,2025-10-07,3383741,4517.61578018785,NA,71.6451219512195,72.1791744756203,31.215,East Asia & Pacific,Ulaanbaatar,106.937,47.9129,Upper middle income,IBRD
Mongolia,MN,MNG,2022,,2025-10-07,3433748,4993.51487463495,0.4,71.9007317073171,71.9096506603489,31.07,East Asia & Pacific,Ulaanbaatar,106.937,47.9129,Upper middle income,IBRD
Montenegro,ME,MNE,2020,,2025-10-07,626590,7612.62845881291,2.2,75.9317073170732,19.17843866171,32.512,Europe & Central Asia,Podgorica,19.2595,42.4602,Upper middle income,IBRD
Montenegro,ME,MNE,2021,,2025-10-07,625053,9377.48879714989,2.5,73.8243902439024,19.0007434944238,32.174,Europe & Central Asia,Podgorica,19.2595,42.4602,Upper middle income,IBRD
Montenegro,ME,MNE,2023,,2025-10-07,623529,12077.3747094687,NA,77.5878048780488,19.5925650557621,31.498,Europe & Central Asia,Podgorica,19.2595,42.4602,Upper middle income,IBRD
Montenegro,ME,MNE,2022,,2025-10-07,623591,9990.20444616996,NA,76.1878048780488,18.8847583643123,31.836,Europe & Central Asia,Podgorica,19.2595,42.4602,Upper middle income,IBRD
Morocco,MA,MAR,2020,,2025-10-07,36584208,3268.0302734375,NA,73.133,67.0205229666144,36.468,Middle East & North Africa,Rabat,-6.8704,33.9905,Lower middle income,IBRD
Morocco,MA,MAR,2023,,2025-10-07,37712505,3771.4462890625,NA,75.313,66.7449381581896,34.879,Middle East & North Africa,Rabat,-6.8704,33.9905,Lower middle income,IBRD
Morocco,MA,MAR,2021,,2025-10-07,36954442,3785.93627929688,NA,73.385,67.0350365225185,35.935,Middle East & North Africa,Rabat,-6.8704,33.9905,Lower middle income,IBRD
Morocco,MA,MAR,2022,,2025-10-07,37329064,3455.39624023438,NA,75.161,65.8091218911046,35.404,Middle East & North Africa,Rabat,-6.8704,33.9905,Lower middle income,IBRD
Mozambique,MZ,MOZ,2022,,2025-10-07,32656246,578.251663751351,81.4,63.011,52.7726188356774,61.813,Sub-Saharan Africa,Maputo,32.5713,-25.9664,Low income,IDA
Mozambique,MZ,MOZ,2020,,2025-10-07,30783688,462.433876479921,NA,61.39,52.7793585798215,62.926,Sub-Saharan Africa,Maputo,32.5713,-25.9664,Low income,IDA
Mozambique,MZ,MOZ,2023,,2025-10-07,33635160,622.985619320596,NA,63.611,52.7891502835779,61.247,Sub-Saharan Africa,Maputo,32.5713,-25.9664,Low income,IDA
Mozambique,MZ,MOZ,2021,,2025-10-07,31707800,509.907829475551,NA,60.268,52.7742719804675,62.372,Sub-Saharan Africa,Maputo,32.5713,-25.9664,Low income,IDA
Myanmar,MM,MMR,2021,,2025-10-07,53387102,1242.72134419599,NA,65.553,19.8875388787596,68.552,East Asia & Pacific,Naypyidaw,95.9562,21.914,Lower middle income,IDA
Myanmar,MM,MMR,2022,,2025-10-07,53756787,1158.05005034332,NA,66.506,19.8875388787596,68.229,East Asia & Pacific,Naypyidaw,95.9562,21.914,Lower middle income,IDA
Myanmar,MM,MMR,2020,,2025-10-07,53016522,1490.21683548367,NA,66.612,19.8875388787596,68.859,East Asia & Pacific,Naypyidaw,95.9562,21.914,Lower middle income,IDA
Myanmar,MM,MMR,2023,,2025-10-07,54133798,1233.19666209269,NA,66.889,19.9140944121838,67.888,East Asia & Pacific,Naypyidaw,95.9562,21.914,Lower middle income,IDA
Namibia,NA,NAM,2021,,2025-10-07,2810548,4412.8355693052,NA,60.85,47.142562159142,46.995,Sub-Saharan Africa,Windhoek,17.0931,-22.5648,Upper middle income,IBRD
Namibia,NA,NAM,2022,,2025-10-07,2889662,4349.79908493314,NA,64.19,47.142562159142,46.044,Sub-Saharan Africa,Windhoek,17.0931,-22.5648,Upper middle income,IBRD
Namibia,NA,NAM,2023,,2025-10-07,2963095,4187.60500350786,NA,67.385,47.142562159142,45.114,Sub-Saharan Africa,Windhoek,17.0931,-22.5648,Upper middle income,IBRD
Namibia,NA,NAM,2020,,2025-10-07,2728762,3878.58982993966,NA,64.071,47.1413475203148,47.967,Sub-Saharan Africa,Windhoek,17.0931,-22.5648,Upper middle income,IBRD
Nauru,NR,NRU,2023,,2025-10-07,11875,12754.1867566585,NA,62.109,20,0,East Asia & Pacific,Yaren District,166.920867,-0.5477,High income,IBRD
Nauru,NR,NRU,2020,,2025-10-07,11643,10695.6993301601,NA,61.527,20,0,East Asia & Pacific,Yaren District,166.920867,-0.5477,High income,IBRD
Nauru,NR,NRU,2021,,2025-10-07,11709,14989.6647450751,NA,61.331,20,0,East Asia & Pacific,Yaren District,166.920867,-0.5477,High income,IBRD
Nauru,NR,NRU,2022,,2025-10-07,11801,12896.4341046481,NA,61.93,20,0,East Asia & Pacific,Yaren District,166.920867,-0.5477,High income,IBRD
Nepal,NP,NPL,2023,,2025-10-07,29694614,1382.33055769304,NA,70.354,26.1185908615277,78.097,South Asia,Kathmandu,85.3157,27.6939,Lower middle income,IDA
Nepal,NP,NPL,2020,,2025-10-07,28966574,1154.21517578318,NA,69.106,26.5011008022323,79.424,South Asia,Kathmandu,85.3157,27.6939,Lower middle income,IDA
Nepal,NP,NPL,2021,,2025-10-07,29475010,1252.75076731986,NA,68.385,26.3199051273108,78.992,South Asia,Kathmandu,85.3157,27.6939,Lower middle income,IDA
Nepal,NP,NPL,2022,,2025-10-07,29715436,1385.91066274851,2.4,70.087,26.1213812347401,78.549,South Asia,Kathmandu,85.3157,27.6939,Lower middle income,IDA
Netherlands,NL,NLD,2021,,2025-10-07,17533044,60141.9880911492,0.1,81.309756097561,53.8164538164538,7.428,Europe & Central Asia,Amsterdam,4.89095,52.3738,High income,Not classified
Netherlands,NL,NLD,2023,,2025-10-07,17877117,64572.0059558854,NA,81.9146341463415,53.5491535491536,6.821,Europe & Central Asia,Amsterdam,4.89095,52.3738,High income,Not classified
Netherlands,NL,NLD,2020,,2025-10-07,17441500,53467.9277413737,0,81.3585365853659,53.8892188892189,7.764,Europe & Central Asia,Amsterdam,4.89095,52.3738,High income,Not classified
Netherlands,NL,NLD,2022,,2025-10-07,17700982,59123.318556487,NA,81.6146341463415,53.5788535788536,7.114,Europe & Central Asia,Amsterdam,4.89095,52.3738,High income,Not classified
New Caledonia,NC,NCL,2022,,2025-10-07,287123,33516.363085906,NA,77.698,10.0672866520788,27.675,East Asia & Pacific,Noum'ea,166.464,-22.2677,High income,Not classified
New Caledonia,NC,NCL,2020,,2025-10-07,284176,33270.330597637,NA,77.049,10.0672866520788,28.482,East Asia & Pacific,Noum'ea,166.464,-22.2677,High income,Not classified
New Caledonia,NC,NCL,2023,,2025-10-07,289870,NA,NA,78.766,10.0672866520788,27.281,East Asia & Pacific,Noum'ea,166.464,-22.2677,High income,Not classified
New Caledonia,NC,NCL,2021,,2025-10-07,285214,35311.5543551452,NA,77.113,10.0672866520788,28.075,East Asia & Pacific,Noum'ea,166.464,-22.2677,High income,Not classified
New Zealand,NZ,NZL,2020,,2025-10-07,5090200,41850.92032802,NA,82.2560975609756,38.5629106376514,13.301,East Asia & Pacific,Wellington,174.776,-41.2865,High income,Not classified
New Zealand,NZ,NZL,2021,,2025-10-07,5111300,49689.498134519,NA,82.2073170731707,38.6426645398959,13.211,East Asia & Pacific,Wellington,174.776,-41.2865,High income,Not classified
New Zealand,NZ,NZL,2022,,2025-10-07,5117100,48760.0381935936,NA,81.9585365853658,37.0172040560556,13.116,East Asia & Pacific,Wellington,174.776,-41.2865,High income,Not classified
New Zealand,NZ,NZL,2023,,2025-10-07,5245000,48654.904227478,NA,83.0048780487805,36.8804830807793,13.015,East Asia & Pacific,Wellington,174.776,-41.2865,High income,Not classified
Nicaragua,NI,NIC,2020,,2025-10-07,6565267,1938.44704754382,NA,70.766,42.3051354495596,40.988,Latin America & Caribbean,Managua,-86.2734,12.1475,Lower middle income,IDA
Nicaragua,NI,NIC,2023,,2025-10-07,6823613,2609.44492072931,NA,74.947,42.3051354495596,40.151,Latin America & Caribbean,Managua,-86.2734,12.1475,Lower middle income,IDA
Nicaragua,NI,NIC,2022,,2025-10-07,6730654,2322.89053964583,NA,74.463,42.3051354495596,40.444,Latin America & Caribbean,Managua,-86.2734,12.1475,Lower middle income,IDA
Nicaragua,NI,NIC,2021,,2025-10-07,6644741,2138.38588469449,NA,70.478,42.3051354495596,40.723,Latin America & Caribbean,Managua,-86.2734,12.1475,Lower middle income,IDA
Niger,NE,NER,2020,,2025-10-07,23717613,579.512495758236,NA,59.89,36.786689823952,83.374,Sub-Saharan Africa,Niamey,2.1073,13.514,Low income,IDA
Niger,NE,NER,2021,,2025-10-07,24502140,608.722439593808,60.5,59.542,36.7873213862793,83.249,Sub-Saharan Africa,Niamey,2.1073,13.514,Low income,IDA
Niger,NE,NER,2022,,2025-10-07,25311973,609.745147661683,NA,60.398,36.7877950580248,83.106,Sub-Saharan Africa,Niamey,2.1073,13.514,Low income,IDA
Niger,NE,NER,2023,,2025-10-07,26159867,638.336080723299,NA,61.183,36.7873213862793,82.946,Sub-Saharan Africa,Niamey,2.1073,13.514,Low income,IDA
Nigeria,NG,NGA,2020,,2025-10-07,213996181,2019.65706326224,NA,53.072,75.4191119602095,48.042,Sub-Saharan Africa,Abuja,7.48906,9.05804,Lower middle income,Blend
Nigeria,NG,NGA,2021,,2025-10-07,218529286,2017.27486481527,NA,53.455,75.6659597922637,47.254,Sub-Saharan Africa,Abuja,7.48906,9.05804,Lower middle income,Blend
Nigeria,NG,NGA,2022,,2025-10-07,223150896,2139.37478476974,41.8,54.079,75.9658687703811,46.479,Sub-Saharan Africa,Abuja,7.48906,9.05804,Lower middle income,Blend
Nigeria,NG,NGA,2023,,2025-10-07,227882945,1596.63696129001,NA,54.462,76.1972932793131,45.717,Sub-Saharan Africa,Abuja,7.48906,9.05804,Lower middle income,Blend
North America,XU,NAC,2020,,2025-10-07,369670740,62262.642409838,0.3,77.4498099795241,26.0480164427178,17.4463453108677,Aggregates,,,,Aggregates,Aggregates
North America,XU,NAC,2023,,2025-10-07,376954413,79326.9076599571,1,78.7328213732191,NA,16.8518305765371,Aggregates,,,,Aggregates,Aggregates
North America,XU,NAC,2022,,2025-10-07,373018004,75613.4507146586,1.1,77.8327679594239,26.1755999244878,17.0520989803699,Aggregates,,,,Aggregates,Aggregates
North America,XU,NAC,2021,,2025-10-07,370404272,69412.9137512303,0.2,76.8657678890549,26.2343324668907,17.2499613458238,Aggregates,,,,Aggregates,Aggregates
North Macedonia,MK,MKD,2021,,2025-10-07,1837114,7620.80296977508,NA,73.2463414634146,49.9603489294211,41.214,Europe & Central Asia,Skopje,21.4361,42.0024,Upper middle income,IBRD
North Macedonia,MK,MKD,2022,,2025-10-07,1831712,7606.2375253797,NA,74.4248780487805,49.8413957176844,40.882,Europe & Central Asia,Skopje,21.4361,42.0024,Upper middle income,IBRD
North Macedonia,MK,MKD,2023,,2025-10-07,1827816,8624.28400232117,NA,75.3160975609756,49.6034892942109,40.521,Europe & Central Asia,Skopje,21.4361,42.0024,Upper middle income,IBRD
North Macedonia,MK,MKD,2020,,2025-10-07,1856124,6659.59651070776,NA,74.3951219512195,50.0396510705789,41.518,Europe & Central Asia,Skopje,21.4361,42.0024,Upper middle income,IBRD
Northern Mariana Islands,MP,MNP,2023,,2025-10-07,45143,NA,NA,78.808,1.17391304347826,7.92400000000001,East Asia & Pacific,Saipan,145.765,15.1935,High income,Not classified
Northern Mariana Islands,MP,MNP,2020,,2025-10-07,47528,18220.8382427201,NA,78.03,1.17391304347826,8.202,East Asia & Pacific,Saipan,145.765,15.1935,High income,Not classified
Northern Mariana Islands,MP,MNP,2021,,2025-10-07,46979,19455.50139424,NA,78.16,1.17391304347826,8.11,East Asia & Pacific,Saipan,145.765,15.1935,High income,Not classified
Northern Mariana Islands,MP,MNP,2022,,2025-10-07,46078,23785.754590043,NA,78.531,1.17391304347826,8.017,East Asia & Pacific,Saipan,145.765,15.1935,High income,Not classified
Norway,NO,NOR,2023,,2025-10-07,5519594,87497.3289297342,0.2,83.1121951219512,2.69580256403217,16.005,Europe & Central Asia,Oslo,10.7387,59.9138,High income,Not classified
Norway,NO,NOR,2020,,2025-10-07,5379475,68340.0181033702,0.3,83.209756097561,2.70656765993659,17.026,Europe & Central Asia,Oslo,10.7387,59.9138,High income,Not classified
Norway,NO,NOR,2021,,2025-10-07,5408320,93072.8925119571,0.2,83.1634146341463,2.70403821341313,16.677,Europe & Central Asia,Oslo,10.7387,59.9138,High income,Not classified
Norway,NO,NOR,2022,,2025-10-07,5457127,109269.520580298,0.3,82.509756097561,2.70403821341313,16.336,Europe & Central Asia,Oslo,10.7387,59.9138,High income,Not classified
Not classified,XY,,2020,,2025-10-07,NA,NA,NA,NA,NA,NA,NA,NA,NA,NA,NA,NA
Not classified,XY,,2021,,2025-10-07,NA,NA,NA,NA,NA,NA,NA,NA,NA,NA,NA,NA
Not classified,XY,,2022,,2025-10-07,NA,NA,NA,NA,NA,NA,NA,NA,NA,NA,NA,NA
Not classified,XY,,2023,,2025-10-07,NA,NA,NA,NA,NA,NA,NA,NA,NA,NA,NA,NA
OECD members,OE,OED,2023,,2025-10-07,1388472514,46672.5139916762,NA,80.1615573011432,NA,18.3133718862619,Aggregates,,,,Aggregates,Aggregates
OECD members,OE,OED,2020,,2025-10-07,1369327995,38704.9773091343,NA,78.958047957323,33.8367924686978,18.967234667537,Aggregates,,,,Aggregates,Aggregates
OECD members,OE,OED,2022,,2025-10-07,1379097485,44046.426245598,NA,79.5215684599377,34.0485737178821,18.5343227045164,Aggregates,,,,Aggregates,Aggregates
OECD members,OE,OED,2021,,2025-10-07,1371811773,43149.6072484462,NA,78.5886217634772,34.1483506849387,18.7486851714736,Aggregates,,,,Aggregates,Aggregates
Oman,OM,OMN,2020,,2025-10-07,4522497,16784.8630630058,NA,77.763,4.71382875605816,13.724,Middle East & North Africa,Muscat,58.5874,23.6105,High income,Not classified
Oman,OM,OMN,2021,,2025-10-07,4500424,19403.4600160211,NA,75.969,4.73738287560582,12.956,Middle East & North Africa,Muscat,58.5874,23.6105,High income,Not classified
Oman,OM,OMN,2022,,2025-10-07,4730226,23223.5829405935,NA,77.911,4.73738287560582,12.25,Middle East & North Africa,Muscat,58.5874,23.6105,High income,Not classified
Oman,OM,OMN,2023,,2025-10-07,5049269,20972.4830886637,NA,80.031,4.75518578352181,11.6,Middle East & North Africa,Muscat,58.5874,23.6105,High income,Not classified
Other small states,S4,OSS,2020,,2025-10-07,12417333,11728.9524519274,NA,72.5097097789427,26.780866294677,44.9203696597329,Aggregates,,,,Aggregates,Aggregates
Other small states,S4,OSS,2021,,2025-10-07,12541889,13671.456548983,NA,71.7699719301416,26.6998003040907,44.728227284024,Aggregates,,,,Aggregates,Aggregates
Other small states,S4,OSS,2023,,2025-10-07,12842214,15151.4664915358,NA,73.5646945094343,NA,44.1000261755489,Aggregates,,,,Aggregates,Aggregates
Other small states,S4,OSS,2022,,2025-10-07,12699005,14298.1028214028,NA,72.9049248661262,26.6839649615494,44.4402972329722,Aggregates,,,,Aggregates,Aggregates
Pacific island small states,S2,PSS,2020,,2025-10-07,2595522,3666.08926363725,NA,68.3568108792759,11.7772408417771,61.1814883622639,Aggregates,,,,Aggregates,Aggregates
Pacific island small states,S2,PSS,2021,,2025-10-07,2625493,3649.53388709298,NA,67.4810209240703,11.7772408417771,60.9619189058969,Aggregates,,,,Aggregates,Aggregates
Pacific island small states,S2,PSS,2023,,2025-10-07,2689224,4153.19706628517,NA,69.2745949035856,NA,60.4804386633467,Aggregates,,,,Aggregates,Aggregates
Pacific island small states,S2,PSS,2022,,2025-10-07,2656049,3888.62868011839,NA,69.1004348993561,11.7772408417771,60.7285313215231,Aggregates,,,,Aggregates,Aggregates
Pakistan,PK,PAK,2023,,2025-10-07,247504495,1365.16927410976,NA,67.649,46.6933893731839,61.96,South Asia,Islamabad,72.8,30.5167,Lower middle income,Blend
Pakistan,PK,PAK,2022,,2025-10-07,243700667,1538.3228133171,NA,67.417,46.6311228725612,62.269,South Asia,Islamabad,72.8,30.5167,Lower middle income,Blend
Pakistan,PK,PAK,2020,,2025-10-07,235001746,1278.39735206896,NA,65.701,47.572903694479,62.835,South Asia,Islamabad,72.8,30.5167,Lower middle income,Blend
Pakistan,PK,PAK,2021,,2025-10-07,239477801,1455.31922370186,NA,65.773,46.7180365296804,62.56,South Asia,Islamabad,72.8,30.5167,Lower middle income,Blend
Palau,PW,PLW,2022,,2025-10-07,17759,14392.2011374514,NA,68.922,9.34782608695652,18.044,East Asia & Pacific,Koror,134.479,7.34194,High income,IBRD
Palau,PW,PLW,2021,,2025-10-07,17783,13257.2063206433,NA,68.563,9.34782608695652,18.517,East Asia & Pacific,Koror,134.479,7.34194,High income,IBRD
Palau,PW,PLW,2023,,2025-10-07,17727,15899.4246065324,NA,69.269,9.34782608695652,17.592,East Asia & Pacific,Koror,134.479,7.34194,High income,IBRD
Palau,PW,PLW,2020,,2025-10-07,17792,14556.5872302158,NA,68.689,9.34782608695652,19.012,East Asia & Pacific,Koror,134.479,7.34194,High income,IBRD
Panama,PA,PAN,2023,,2025-10-07,4458759,18686.4050961265,3.7,79.594,29.522326772715,30.488,Latin America & Caribbean,Panama City,-79.5188,8.99427,High income,IBRD
Panama,PA,PAN,2020,,2025-10-07,4293261,13290.5608347594,NA,76.33,29.3084389323268,31.586,Latin America & Caribbean,Panama City,-79.5188,8.99427,High income,IBRD
Panama,PA,PAN,2022,,2025-10-07,4400773,17332.4360742988,NA,79.324,29.4057158263683,30.859,Latin America & Caribbean,Panama City,-79.5188,8.99427,High income,IBRD
Panama,PA,PAN,2021,,2025-10-07,4345405,15509.8069109784,3.3,77.004,29.4057158263683,31.225,Latin America & Caribbean,Panama City,-79.5188,8.99427,High income,IBRD
Papua New Guinea,PG,PNG,2021,,2025-10-07,10012896,2607.57861874444,NA,64.358,3.10250408514773,86.544,East Asia & Pacific,Port Moresby,147.194,-9.47357,Lower middle income,Blend
Papua New Guinea,PG,PNG,2023,,2025-10-07,10389635,2966.06830432055,NA,66.134,3.10250408514773,86.277,East Asia & Pacific,Port Moresby,147.194,-9.47357,Lower middle income,Blend
Papua New Guinea,PG,PNG,2020,,2025-10-07,9815746,2429.61134585269,NA,65.075,3.10250408514773,86.655,East Asia & Pacific,Port Moresby,147.194,-9.47357,Lower middle income,Blend
Papua New Guinea,PG,PNG,2022,,2025-10-07,10203169,3102.28968594061,NA,65.274,3.10250408514773,86.418,East Asia & Pacific,Port Moresby,147.194,-9.47357,Lower middle income,Blend
Paraguay,PY,PRY,2021,,2025-10-07,6684182,5976.9317978996,1.9,68.108,53.2711832368487,37.504,Latin America & Caribbean,Asuncion,-57.6362,-25.3005,Upper middle income,IBRD
Paraguay,PY,PRY,2023,,2025-10-07,6844146,6299.99026533643,2.4,73.844,54.1069421552674,36.851,Latin America & Caribbean,Asuncion,-57.6362,-25.3005,Upper middle income,IBRD
Paraguay,PY,PRY,2020,,2025-10-07,6603739,5365.47220721191,2.6,72.72,52.7540030203876,37.817,Latin America & Caribbean,Asuncion,-57.6362,-25.3005,Upper middle income,IBRD
Paraguay,PY,PRY,2022,,2025-10-07,6760464,6205.6259537937,3.2,72.319,54.1069405157129,37.182,Latin America & Caribbean,Asuncion,-57.6362,-25.3005,Upper middle income,IBRD
Peru,PE,PER,2023,,2025-10-07,33845617,7887.54185920108,5.9,77.74,19.05121875,21.078,Latin America & Caribbean,Lima,-77.0465,-12.0931,Upper middle income,IBRD
Peru,PE,PER,2022,,2025-10-07,33475438,7350.63034300417,4.8,76.834,19.05121875,21.292,Latin America & Caribbean,Lima,-77.0465,-12.0931,Upper middle income,IBRD
Peru,PE,PER,2020,,2025-10-07,32838579,6133.32552410183,10.3,73.832,19.125773046875,21.703,Latin America & Caribbean,Lima,-77.0465,-12.0931,Upper middle income,IBRD
Peru,PE,PER,2021,,2025-10-07,33155882,6826.20255614477,5.2,71.596,19.60835078125,21.5,Latin America & Caribbean,Lima,-77.0465,-12.0931,Upper middle income,IBRD
Philippines,PH,PHL,2023,,2025-10-07,114891199,3804.08274131097,5.3,69.833,42.6689472448603,51.713,East Asia & Pacific,Manila,121.035,14.5515,Lower middle income,IBRD
Philippines,PH,PHL,2021,,2025-10-07,113100950,3484.38593882819,8.1,66.675,42.5361371029949,52.316,East Asia & Pacific,Manila,121.035,14.5515,Lower middle income,IBRD
Philippines,PH,PHL,2022,,2025-10-07,113964338,3548.06930572116,NA,69.472,42.3925948284536,52.023,East Asia & Pacific,Manila,121.035,14.5515,Lower middle income,IBRD
Philippines,PH,PHL,2020,,2025-10-07,112081264,3227.57910235199,NA,70.097,42.455646107925,52.592,East Asia & Pacific,Manila,121.035,14.5515,Lower middle income,IBRD
Poland,PL,POL,2020,,2025-10-07,37515748,16150.9291009726,0.2,76.4,48.1266128768824,39.957,Europe & Central Asia,Warsaw,21.02,52.26,High income,IBRD
Poland,PL,POL,2021,,2025-10-07,36981559,18635.5088812509,0.1,75.3512195121951,47.3691604050964,39.925,Europe & Central Asia,Warsaw,21.02,52.26,High income,IBRD
Poland,PL,POL,2022,,2025-10-07,36821749,18891.213529396,0.3,77.1560975609756,46.3131758633082,39.866,Europe & Central Asia,Warsaw,21.02,52.26,High income,IBRD
Poland,PL,POL,2023,,2025-10-07,36687353,22145.2643088909,0.2,78.5073170731707,47.6050543637967,39.782,Europe & Central Asia,Warsaw,21.02,52.26,High income,IBRD
Portugal,PT,PRT,2023,,2025-10-07,10578174,27386.2920595024,0.4,82.2804878048781,43.33752194189,32.094,Europe & Central Asia,Lisbon,-9.13552,38.7072,High income,Not classified
Portugal,PT,PRT,2022,,2025-10-07,10434332,24620.519556875,0.2,81.6317073170732,42.7894964936641,32.619,Europe & Central Asia,Lisbon,-9.13552,38.7072,High income,Not classified
Portugal,PT,PRT,2021,,2025-10-07,10361831,24711.4510062111,0.3,81.3780487804878,43.2538567511157,33.151,Europe & Central Asia,Lisbon,-9.13552,38.7072,High income,Not classified
Portugal,PT,PRT,2020,,2025-10-07,10297081,22299.4044062173,0.6,81.3292682926829,43.1660902826901,33.69,Europe & Central Asia,Lisbon,-9.13552,38.7072,High income,Not classified
Post-demographic dividend,V4,PST,2021,,2025-10-07,1116609473,50022.0389228787,NA,79.7955815488505,33.8239948384087,18.1506397166801,Aggregates,,,,Aggregates,Aggregates
Post-demographic dividend,V4,PST,2020,,2025-10-07,1117025276,44887.3835189149,NA,80.0659140743109,33.4265905595446,18.3372962576793,Aggregates,,,,Aggregates,Aggregates
Post-demographic dividend,V4,PST,2022,,2025-10-07,1117926537,51102.3562661077,NA,80.1978532076615,33.7837147030631,17.9261213114615,Aggregates,,,,Aggregates,Aggregates
Post-demographic dividend,V4,PST,2023,,2025-10-07,1121892872,53961.341810452,NA,80.8228346378274,NA,17.69115850876,Aggregates,,,,Aggregates,Aggregates
Pre-demographic dividend,V1,PRE,2020,,2025-10-07,998624261,1320.70911111119,NA,60.5012070014439,43.0487515269991,57.4733501843342,Aggregates,,,,Aggregates,Aggregates
Pre-demographic dividend,V1,PRE,2023,,2025-10-07,1078224044,1416.33353040951,NA,62.1636298902791,NA,55.8027317893553,Aggregates,,,,Aggregates,Aggregates
Pre-demographic dividend,V1,PRE,2021,,2025-10-07,1024960313,1412.70908920903,NA,60.2752505117259,43.1916796850301,56.9210649773334,Aggregates,,,,Aggregates,Aggregates
Pre-demographic dividend,V1,PRE,2022,,2025-10-07,1051201551,1577.71627123527,NA,61.3832880029503,43.2550222464783,56.3581298632483,Aggregates,,,,Aggregates,Aggregates
Puerto Rico (US),PR,PRI,2020,,2025-10-07,3281590,31427.1130762831,NA,80.009,19.0417136414882,6.419,NA,NA,NA,NA,NA,NA
Puerto Rico (US),PR,PRI,2022,,2025-10-07,3220137,35353.6821570014,NA,79.427,19.0417136414882,6.39,NA,NA,NA,NA,NA,NA
Puerto Rico (US),PR,PRI,2023,,2025-10-07,3203792,36948.4036416846,NA,81.69,19.0417136414882,6.366,NA,NA,NA,NA,NA,NA
Puerto Rico (US),PR,PRI,2021,,2025-10-07,3262711,32619.0704601174,NA,79.77,19.0417136414882,6.408,NA,NA,NA,NA,NA,NA
Qatar,QA,QAT,2021,,2025-10-07,2504910,71751.8831257169,NA,81.083,6.44038294168842,0.721999999999994,Middle East & North Africa,Doha,51.5082,25.2948,High income,Not classified
Qatar,QA,QAT,2020,,2025-10-07,2794148,51683.5054376677,NA,80.409,6.44038294168842,0.765000000000001,Middle East & North Africa,Doha,51.5082,25.2948,High income,Not classified
Qatar,QA,QAT,2022,,2025-10-07,2657333,88701.463352273,NA,81.857,6.44038294168842,0.682000000000002,Middle East & North Africa,Doha,51.5082,25.2948,High income,Not classified
Qatar,QA,QAT,2023,,2025-10-07,2656032,80195.8746508549,NA,82.368,6.44038294168842,0.646000000000001,Middle East & North Africa,Doha,51.5082,25.2948,High income,Not classified
Romania,RO,ROU,2021,,2025-10-07,19122059,14986.7854904274,2,72.809756097561,56.8454450625869,45.671,Europe & Central Asia,Bucharest,26.0979,44.4479,High income,IBRD
Romania,RO,ROU,2020,,2025-10-07,19265250,13082.3006559554,2.4,74.2536585365854,56.7150556328234,45.806,Europe & Central Asia,Bucharest,26.0979,44.4479,High income,IBRD
Romania,RO,ROU,2022,,2025-10-07,19048502,15557.8826247584,1.5,75.1536585365854,55.1025730180807,45.511,Europe & Central Asia,Bucharest,26.0979,44.4479,High income,IBRD
Romania,RO,ROU,2023,,2025-10-07,19059479,18404.2730871704,0.7,76.6073170731707,55.2633866481224,45.328,Europe & Central Asia,Bucharest,26.0979,44.4479,High income,IBRD
Russian Federation,RU,RUS,2021,,2025-10-07,144746762,12425.029296875,0.2,69.900243902439,13.1584362579663,25.066,Europe & Central Asia,Moscow,37.6176,55.7558,High income,IBRD
Russian Federation,RU,RUS,2020,,2025-10-07,145245148,10108.3271484375,0.1,71.3387804878049,13.1584362579663,25.246,Europe & Central Asia,Moscow,37.6176,55.7558,High income,IBRD
Russian Federation,RU,RUS,2022,,2025-10-07,144236933,15619.6142578125,0.1,72.5456097560976,13.1584362579663,24.874,Europe & Central Asia,Moscow,37.6176,55.7558,High income,IBRD
Russian Federation,RU,RUS,2023,,2025-10-07,143826130,14159.3876953125,0.1,73.2546341463415,13.171076035897,24.669,Europe & Central Asia,Moscow,37.6176,55.7558,High income,IBRD
Rwanda,RW,RWA,2022,,2025-10-07,13651030,975.469323979541,NA,67.528,80.0367774625051,82.279,Sub-Saharan Africa,Kigali,30.0587,-1.95325,Low income,IDA
Rwanda,RW,RWA,2020,,2025-10-07,13065837,778.701498787411,NA,66.953,79.3919740575598,82.568,Sub-Saharan Africa,Kigali,30.0587,-1.95325,Low income,IDA
Rwanda,RW,RWA,2021,,2025-10-07,13355260,829.544845639777,NA,66.85,81.2509120389137,82.432,Sub-Saharan Africa,Kigali,30.0587,-1.95325,Low income,IDA
Rwanda,RW,RWA,2023,,2025-10-07,13954471,1027.03446804432,38.6,67.785,76.3328334008918,82.108,Sub-Saharan Africa,Kigali,30.0587,-1.95325,Low income,IDA
Samoa,WS,WSM,2021,,2025-10-07,213779,3947.64517905415,NA,71.096,17.773381294964,82.258,East Asia & Pacific,Apia,-171.752,-13.8314,Lower middle income,IDA
Samoa,WS,WSM,2023,,2025-10-07,216663,4330.17840531329,NA,71.698,17.5647482014388,82.492,East Asia & Pacific,Apia,-171.752,-13.8314,Lower middle income,IDA
Samoa,WS,WSM,2020,,2025-10-07,211944,4099.6600907147,NA,70.727,17.773381294964,82.111,East Asia & Pacific,Apia,-171.752,-13.8314,Lower middle income,IDA
Samoa,WS,WSM,2022,,2025-10-07,215261,3869.46639492144,NA,71.55,17.773381294964,82.384,East Asia & Pacific,Apia,-171.752,-13.8314,Lower middle income,IDA
San Marino,SM,SMR,2022,,2025-10-07,33755,54264.570495898,NA,85.708,38.3333333333333,2.268,Europe & Central Asia,San Marino,12.4486,43.9322,High income,Not classified
San Marino,SM,SMR,2023,,2025-10-07,33860,NA,NA,85.706,38.3333333333333,2.164,Europe & Central Asia,San Marino,12.4486,43.9322,High income,Not classified
San Marino,SM,SMR,2021,,2025-10-07,34252,54168.9828262684,NA,83.539,38.3333333333333,2.38,Europe & Central Asia,San Marino,12.4486,43.9322,High income,Not classified
San Marino,SM,SMR,2020,,2025-10-07,34770,44426.6463400658,NA,82.65,38.3333333333333,2.501,Europe & Central Asia,San Marino,12.4486,43.9322,High income,Not classified
Sao Tome and Principe,ST,STP,2023,,2025-10-07,230871,2940.93352926715,NA,69.718,44.7916666666667,23.599,Sub-Saharan Africa,Sao Tome,6.6071,0.20618,Lower middle income,IDA
Sao Tome and Principe,ST,STP,2021,,2025-10-07,221961,2362.58827248102,NA,68.026,44.7916666666667,24.927,Sub-Saharan Africa,Sao Tome,6.6071,0.20618,Lower middle income,IDA
Sao Tome and Principe,ST,STP,2022,,2025-10-07,226305,2389.73729784737,NA,69.237,44.7916666666667,24.245,Sub-Saharan Africa,Sao Tome,6.6071,0.20618,Lower middle income,IDA
Sao Tome and Principe,ST,STP,2020,,2025-10-07,217435,2167.22001796925,NA,67.979,43.75,25.646,Sub-Saharan Africa,Sao Tome,6.6071,0.20618,Lower middle income,IDA
Saudi Arabia,SA,SAU,2020,,2025-10-07,31552510,24338.8307301067,NA,77.596,80.7734077936819,15.713,Middle East & North Africa,Riyadh,46.6977,24.6748,High income,Not classified
Saudi Arabia,SA,SAU,2023,,2025-10-07,33702731,36156.848337701,NA,78.732,80.7732356758416,15.05,Middle East & North Africa,Riyadh,46.6977,24.6748,High income,Not classified
Saudi Arabia,SA,SAU,2021,,2025-10-07,30784383,31920.7653655643,NA,77.089,80.7732356758416,15.492,Middle East & North Africa,Riyadh,46.6977,24.6748,High income,Not classified
Saudi Arabia,SA,SAU,2022,,2025-10-07,32175224,38510.2276211037,NA,77.31,80.7732356758416,15.271,Middle East & North Africa,Riyadh,46.6977,24.6748,High income,Not classified
Senegal,SN,SEN,2022,,2025-10-07,17651103,1574.0281059306,NA,67.788,49.4000934919233,50.914,Sub-Saharan Africa,Dakar,-17.4734,14.7247,Lower middle income,IDA
Senegal,SN,SEN,2023,,2025-10-07,18077573,1698.03387300843,NA,68.683,49.4000934919233,50.421,Sub-Saharan Africa,Dakar,-17.4734,14.7247,Lower middle income,IDA
Senegal,SN,SEN,2020,,2025-10-07,16789219,1461.08720350553,NA,67.496,48.9793798369085,51.878,Sub-Saharan Africa,Dakar,-17.4734,14.7247,Lower middle income,IDA
Senegal,SN,SEN,2021,,2025-10-07,17220867,1598.10676952274,17.9,66.868,49.4000934919233,51.4,Sub-Saharan Africa,Dakar,-17.4734,14.7247,Lower middle income,IDA
Serbia,RS,SRB,2023,,2025-10-07,6623183,12281.5058488303,NA,76.2209756097561,40.3853014627185,42.887,Europe & Central Asia,Belgrade,20.4656,44.8024,Upper middle income,IBRD
Serbia,RS,SRB,2020,,2025-10-07,6899126,8098.70955668849,2,74.4780487804878,41.4080152217862,43.554,Europe & Central Asia,Belgrade,20.4656,44.8024,Upper middle income,IBRD
Serbia,RS,SRB,2021,,2025-10-07,6834326,9680.52798074468,1.7,72.780487804878,41.443691283149,43.349,Europe & Central Asia,Belgrade,20.4656,44.8024,Upper middle income,IBRD
Serbia,RS,SRB,2022,,2025-10-07,6664449,10022.9688543402,2,75.2365853658537,41.2534189558806,43.127,Europe & Central Asia,Belgrade,20.4656,44.8024,Upper middle income,IBRD
Seychelles,SC,SYC,2021,,2025-10-07,99258,14982.9111487767,NA,73.3975609756097,3.3695652173913,42.028,Sub-Saharan Africa,Victoria,55.4466,-4.6309,High income,IBRD
Seychelles,SC,SYC,2020,,2025-10-07,98462,14041.4754074575,NA,77.2365853658537,3.3695652173913,42.454,Sub-Saharan Africa,Victoria,55.4466,-4.6309,High income,IBRD
Seychelles,SC,SYC,2022,,2025-10-07,119878,16836.6721895387,NA,73.7024390243903,3.3695652173913,41.604,Sub-Saharan Africa,Victoria,55.4466,-4.6309,High income,IBRD
Seychelles,SC,SYC,2023,,2025-10-07,119773,18262.7115849287,NA,74.9585365853659,3.3695652173913,41.18,Sub-Saharan Africa,Victoria,55.4466,-4.6309,High income,IBRD
Sierra Leone,SL,SLE,2021,,2025-10-07,8094602,886.192939104469,NA,60.26,54.7104461069548,56.628,Sub-Saharan Africa,Freetown,-13.2134,8.4821,Low income,IDA
Sierra Leone,SL,SLE,2020,,2025-10-07,7912558,845.982914284565,NA,59.694,54.7104461069548,57.077,Sub-Saharan Africa,Freetown,-13.2134,8.4821,Low income,IDA
Sierra Leone,SL,SLE,2022,,2025-10-07,8276807,860.774590932595,NA,61.275,54.7104461069548,56.169,Sub-Saharan Africa,Freetown,-13.2134,8.4821,Low income,IDA
Sierra Leone,SL,SLE,2023,,2025-10-07,8460512,757.848680560444,NA,61.786,54.7104461069548,55.7,Sub-Saharan Africa,Freetown,-13.2134,8.4821,Low income,IDA
Singapore,SG,SGP,2021,,2025-10-07,5453566,80056.1288247844,NA,83.0926829268293,0.919220055710306,0,East Asia & Pacific,Singapore,103.85,1.28941,High income,Not classified
Singapore,SG,SGP,2020,,2025-10-07,5685807,61410.0792630788,NA,83.5439024390244,0.919220055710306,0,East Asia & Pacific,Singapore,103.85,1.28941,High income,Not classified
Singapore,SG,SGP,2022,,2025-10-07,5637022,90299.0694637269,NA,82.8951219512195,0.919220055710306,0,East Asia & Pacific,Singapore,103.85,1.28941,High income,Not classified
Singapore,SG,SGP,2023,,2025-10-07,5917648,85412.230345235,NA,82.8951219512195,0.919220055710306,0,East Asia & Pacific,Singapore,103.85,1.28941,High income,Not classified
Sint Maarten (Dutch part),SX,SXM,2022,,2025-10-07,42139,36476.6300833859,NA,76.18,NA,0,Latin America & Caribbean,Philipsburg,,,High income,Not classified
Sint Maarten (Dutch part),SX,SXM,2020,,2025-10-07,41008,30150.8998380477,NA,75.002,NA,0,Latin America & Caribbean,Philipsburg,,,High income,Not classified
Sint Maarten (Dutch part),SX,SXM,2021,,2025-10-07,41571,32548.4366854902,NA,74.505,NA,0,Latin America & Caribbean,Philipsburg,,,High income,Not classified
Sint Maarten (Dutch part),SX,SXM,2023,,2025-10-07,42749,38077.5444869761,NA,76.371,NA,0,Latin America & Caribbean,Philipsburg,,,High income,Not classified
Slovak Republic,SK,SVK,2021,,2025-10-07,5447247,22132.4483028948,0.3,74.6146341463415,38.6023294509151,46.18,Europe & Central Asia,Bratislava,17.1073,48.1484,High income,Not classified
Slovak Republic,SK,SVK,2023,,2025-10-07,5426740,24673.5482979144,0.5,78.0170731707317,37.9575707154742,45.973,Europe & Central Asia,Bratislava,17.1073,48.1484,High income,Not classified
Slovak Republic,SK,SVK,2020,,2025-10-07,5458827,19735.4858280801,0.3,76.8658536585366,39.1638935108153,46.24,Europe & Central Asia,Bratislava,17.1073,48.1484,High income,Not classified
Slovak Republic,SK,SVK,2022,,2025-10-07,5431752,21334.6011006572,0.7,76.9658536585366,38.4567387687188,46.091,Europe & Central Asia,Bratislava,17.1073,48.1484,High income,Not classified
Slovenia,SI,SVN,2022,,2025-10-07,2112076,28373.8382265999,0,81.2829268292683,30.3291551617965,44.249,Europe & Central Asia,Ljubljana,14.5044,46.0546,High income,Not classified
Slovenia,SI,SVN,2023,,2025-10-07,2120461,32610.110922729,0,81.9780487804878,30.355856862599,43.912,Europe & Central Asia,Ljubljana,14.5044,46.0546,High income,Not classified
Slovenia,SI,SVN,2021,,2025-10-07,2108079,29187.369382785,0,80.6756097560976,30.3410738761646,44.573,Europe & Central Asia,Ljubljana,14.5044,46.0546,High income,Not classified
Slovenia,SI,SVN,2020,,2025-10-07,2102419,25392.0651093612,0,80.5317073170732,30.3177330605272,44.882,Europe & Central Asia,Ljubljana,14.5044,46.0546,High income,Not classified
Small states,S1,SST,2023,,2025-10-07,20051342,14222.966048012,NA,72.9007197557042,NA,47.9000923304784,Aggregates,,,,Aggregates,Aggregates
Small states,S1,SST,2021,,2025-10-07,19646549,12369.0639776112,NA,70.7756825891382,12.9348732159618,48.4296348862083,Aggregates,,,,Aggregates,Aggregates
Small states,S1,SST,2022,,2025-10-07,19852364,13598.1107991474,NA,72.3794678577605,12.920463300027,48.1841442334021,Aggregates,,,,Aggregates,Aggregates
Small states,S1,SST,2020,,2025-10-07,19472157,10699.2911713647,NA,71.8255552822673,12.9637325254688,48.5994982777717,Aggregates,,,,Aggregates,Aggregates
Solomon Islands,SB,SLB,2020,,2025-10-07,744498,2063.33101522108,NA,69.258,3.73704894605216,75.33,East Asia & Pacific,Honiara,159.949,-9.42676,Lower middle income,IDA
Solomon Islands,SB,SLB,2023,,2025-10-07,800005,2076.10768772563,NA,70.528,3.90139335476956,73.963,East Asia & Pacific,Honiara,159.949,-9.42676,Lower middle income,IDA
Solomon Islands,SB,SLB,2021,,2025-10-07,762591,1996.86976779348,NA,68.89,3.89067524115756,74.872,East Asia & Pacific,Honiara,159.949,-9.42676,Lower middle income,IDA
Solomon Islands,SB,SLB,2022,,2025-10-07,781066,2005.4139933198,NA,70.409,3.8335119685602,74.416,East Asia & Pacific,Honiara,159.949,-9.42676,Lower middle income,IDA
"Somalia, Fed. Rep.",SO,SOM,2020,,2025-10-07,16651191,518.184778494334,NA,57.095,70.341601045685,53.859,NA,NA,NA,NA,NA,NA
"Somalia, Fed. Rep.",SO,SOM,2021,,2025-10-07,17271431,549.114742721701,NA,55.703,70.3414416424905,53.269,NA,NA,NA,NA,NA,NA
"Somalia, Fed. Rep.",SO,SOM,2022,,2025-10-07,17801897,573.128092472349,NA,53.931,70.3430356744349,52.676,NA,NA,NA,NA,NA,NA
"Somalia, Fed. Rep.",SO,SOM,2023,,2025-10-07,18358615,597.458854603043,NA,58.816,70.3433544808238,52.08,NA,NA,NA,NA,NA,NA
South Africa,ZA,ZAF,2023,,2025-10-07,63212384,6022.54254192335,NA,66.139,79.4178502831612,31.181,Sub-Saharan Africa,Pretoria,28.1871,-25.746,Upper middle income,IBRD
South Africa,ZA,ZAF,2020,,2025-10-07,60562381,5580.60383075189,NA,65.15,79.4178502831612,32.646,Sub-Saharan Africa,Pretoria,28.1871,-25.746,Upper middle income,IBRD
South Africa,ZA,ZAF,2021,,2025-10-07,61502603,6843.39941886204,NA,62.01,79.4178502831612,32.153,Sub-Saharan Africa,Pretoria,28.1871,-25.746,Upper middle income,IBRD
South Africa,ZA,ZAF,2022,,2025-10-07,62378410,6523.41097815853,NA,65.454,79.4178502831612,31.665,Sub-Saharan Africa,Pretoria,28.1871,-25.746,Upper middle income,IBRD
South Asia,8S,SAS,2021,,2025-10-07,1634785356,2273.72055798689,7.9,67.8215299767513,58.2695288630748,64.7206293176901,Aggregates,,,,Aggregates,Aggregates
South Asia,8S,SAS,2020,,2025-10-07,1621073417,1957.20343722686,9.4,70.3622206982499,58.2854476084625,65.2108440180042,Aggregates,,,,Aggregates,Aggregates
South Asia,8S,SAS,2022,,2025-10-07,1648009565,2385.08341578414,6.1,72.0115731308447,58.2599025100015,64.2146792363508,Aggregates,,,,Aggregates,Aggregates
South Asia,8S,SAS,2023,,2025-10-07,1662580579,2532.37560051691,4.7,72.3247648783903,NA,63.6923144393472,Aggregates,,,,Aggregates,Aggregates
South Asia (IDA & IBRD),T5,TSA,2022,,2025-10-07,1648009565,2385.08341578414,NA,72.0115731308447,58.2599025100015,64.2146792363508,Aggregates,,,,Aggregates,Aggregates
South Asia (IDA & IBRD),T5,TSA,2020,,2025-10-07,1621073417,1957.20343722686,NA,70.3622206982499,58.2854476084625,65.2108440180042,Aggregates,,,,Aggregates,Aggregates
South Asia (IDA & IBRD),T5,TSA,2021,,2025-10-07,1634785356,2273.72055798689,NA,67.8215299767513,58.2695288630748,64.7206293176901,Aggregates,,,,Aggregates,Aggregates
South Asia (IDA & IBRD),T5,TSA,2023,,2025-10-07,1662580579,2532.37560051691,NA,72.3247648783903,NA,63.6923144393472,Aggregates,,,,Aggregates,Aggregates
South Sudan,SS,SSD,2020,,2025-10-07,10698467,NA,NA,57.648,44.7054262339183,79.801,Sub-Saharan Africa,Juba,31.6,4.85,Low income,IDA
South Sudan,SS,SSD,2021,,2025-10-07,10865780,NA,NA,57.047,44.7085911414239,79.486,Sub-Saharan Africa,Juba,31.6,4.85,Low income,IDA
South Sudan,SS,SSD,2022,,2025-10-07,11021177,NA,NA,57.203,44.7085911414239,79.154,Sub-Saharan Africa,Juba,31.6,4.85,Low income,IDA
South Sudan,SS,SSD,2023,,2025-10-07,11483374,NA,NA,57.617,44.8581857167724,78.805,Sub-Saharan Africa,Juba,31.6,4.85,Low income,IDA
Spain,ES,ESP,2022,,2025-10-07,47786102,30270.2687017458,0.8,83.1341463414634,53.3572810066811,18.696,Europe & Central Asia,Madrid,-3.70327,40.4167,High income,Not classified
Spain,ES,ESP,2020,,2025-10-07,47359424,27233.942646160802,1.1,82.2317073170732,52.3316792232841,19.19,Europe & Central Asia,Madrid,-3.70327,40.4167,High income,Not classified
Spain,ES,ESP,2021,,2025-10-07,47443821,30799.4775937775,0.7,83.1780487804878,52.4848941208322,18.944,Europe & Central Asia,Madrid,-3.70327,40.4167,High income,Not classified
Spain,ES,ESP,2023,,2025-10-07,48347910,33509.0127982139,0.8,83.8829268292683,49.5753269878931,18.448,Europe & Central Asia,Madrid,-3.70327,40.4167,High income,Not classified
Sri Lanka,LK,LKA,2023,,2025-10-07,22037000,3798.89016573011,NA,77.483,48.6081474296799,80.789,South Asia,Colombo,79.8528,6.92148,Lower middle income,IDA
Sri Lanka,LK,LKA,2022,,2025-10-07,22181000,3342.63650253855,NA,77.3,45.4574846427417,80.974,South Asia,Colombo,79.8528,6.92148,Lower middle income,IDA
Sri Lanka,LK,LKA,2020,,2025-10-07,21919000,3847.60137695639,NA,76.928,45.4574846427417,81.287,South Asia,Colombo,79.8528,6.92148,Lower middle income,IDA
Sri Lanka,LK,LKA,2021,,2025-10-07,22156000,3996.96240014909,NA,76.278,45.4574846427417,81.14,South Asia,Colombo,79.8528,6.92148,Lower middle income,IDA
St. Kitts and Nevis,KN,KNA,2021,,2025-10-07,46763,18361.1449697886,NA,69.271,23.0769230769231,69.094,Latin America & Caribbean,Basseterre,-62.7309,17.3,High income,IBRD
St. Kitts and Nevis,KN,KNA,2020,,2025-10-07,46870,18859.0190361046,NA,71.181,23.0769230769231,69.157,Latin America & Caribbean,Basseterre,-62.7309,17.3,High income,IBRD
St. Kitts and Nevis,KN,KNA,2022,,2025-10-07,46709,20985.0112160159,NA,70.313,23.0769230769231,69.009,Latin America & Caribbean,Basseterre,-62.7309,17.3,High income,IBRD
St. Kitts and Nevis,KN,KNA,2023,,2025-10-07,46758,22600.4502299468,NA,72.145,23.0769230769231,68.904,Latin America & Caribbean,Basseterre,-62.7309,17.3,High income,IBRD
St. Lucia,LC,LCA,2023,,2025-10-07,179285,13554.7684784933,NA,72.697,16.2950819672131,80.828,Latin America & Caribbean,Castries,-60.9832,14,Upper middle income,Blend
St. Lucia,LC,LCA,2020,,2025-10-07,178250,8411.07474936367,NA,72.308,16.2950819672131,81.159,Latin America & Caribbean,Castries,-60.9832,14,Upper middle income,Blend
St. Lucia,LC,LCA,2021,,2025-10-07,178522,10459.1321248092,NA,69.119,16.2950819672131,81.06,Latin America & Caribbean,Castries,-60.9832,14,Upper middle income,Blend
St. Lucia,LC,LCA,2022,,2025-10-07,178781,13103.8243147472,NA,72.67,16.2950819672131,80.95,Latin America & Caribbean,Castries,-60.9832,14,Upper middle income,Blend
St. Martin (French part),MF,MAF,2020,,2025-10-07,31786,NA,NA,80.085,NA,NA,Latin America & Caribbean,Marigot,,,High income,Not classified
St. Martin (French part),MF,MAF,2021,,2025-10-07,29961,21668.3740927942,NA,80.206,NA,NA,Latin America & Caribbean,Marigot,,,High income,Not classified
St. Martin (French part),MF,MAF,2022,,2025-10-07,28870,NA,NA,80.236,NA,NA,Latin America & Caribbean,Marigot,,,High income,Not classified
St. Martin (French part),MF,MAF,2023,,2025-10-07,27515,NA,NA,80.224,NA,NA,Latin America & Caribbean,Marigot,,,High income,Not classified
St. Vincent and the Grenadines,VC,VCT,2022,,2025-10-07,102046,9693.55867833025,NA,71.191,17.9487179487179,46.125,Latin America & Caribbean,Kingstown,-61.2653,13.2035,Upper middle income,Blend
St. Vincent and the Grenadines,VC,VCT,2020,,2025-10-07,103526,8351.20324040982,NA,69.605,17.9487179487179,46.968,Latin America & Caribbean,Kingstown,-61.2653,13.2035,Upper middle income,Blend
St. Vincent and the Grenadines,VC,VCT,2021,,2025-10-07,102841,8641.27904024443,NA,69.132,17.9487179487179,46.548,Latin America & Caribbean,Kingstown,-61.2653,13.2035,Upper middle income,Blend
St. Vincent and the Grenadines,VC,VCT,2023,,2025-10-07,101323,10582.3656725229,NA,71.23,17.9487179487179,45.701,Latin America & Caribbean,Kingstown,-61.2653,13.2035,Upper middle income,Blend
Sub-Saharan Africa,ZG,SSF,2020,,2025-10-07,1169015451,1480.47864226138,46.4,61.1675270829902,44.436365661348,58.6313702138459,NA,NA,NA,NA,NA,NA
Sub-Saharan Africa,ZG,SSF,2023,,2025-10-07,1259902353,1544.75911473464,46.5,62.6029134885664,NA,57.0118767205993,NA,NA,NA,NA,NA,NA
Sub-Saharan Africa,ZG,SSF,2022,,2025-10-07,1229208573,1696.43999286939,46.4,61.8571795894802,44.6070255513579,57.5506030634314,NA,NA,NA,NA,NA,NA
Sub-Saharan Africa,ZG,SSF,2021,,2025-10-07,1199011925,1621.10097013513,46.6,60.7034363660672,44.5657132015052,58.0923568504917,NA,NA,NA,NA,NA,NA
Sub-Saharan Africa (excluding high income),ZF,SSA,2020,,2025-10-07,1049999318,1544.4411207735,NA,60.6222294256854,44.9500503139031,56.4047503123083,Aggregates,,,,Aggregates,Aggregates
Sub-Saharan Africa (excluding high income),ZF,SSA,2021,,2025-10-07,1076774079,1700.42199943914,NA,60.1774746494858,45.0728867301834,55.8554486248763,Aggregates,,,,Aggregates,Aggregates
Sub-Saharan Africa (excluding high income),ZF,SSA,2022,,2025-10-07,1103704408,1772.65535427221,NA,61.2833535992957,45.13001726826,55.3043110527153,Aggregates,,,,Aggregates,Aggregates
Sub-Saharan Africa (excluding high income),ZF,SSA,2023,,2025-10-07,1131090888,1614.13902501696,NA,62.0654798813283,NA,54.7572351133051,Aggregates,,,,Aggregates,Aggregates
Sub-Saharan Africa (IDA & IBRD countries),T6,TSS,2023,,2025-10-07,1259902353,1544.75911473464,NA,62.6029134885664,NA,57.0118767205993,Aggregates,,,,Aggregates,Aggregates
Sub-Saharan Africa (IDA & IBRD countries),T6,TSS,2020,,2025-10-07,1169015451,1480.47864226138,NA,61.1675270829902,44.436365661348,58.6313702138459,Aggregates,,,,Aggregates,Aggregates
Sub-Saharan Africa (IDA & IBRD countries),T6,TSS,2021,,2025-10-07,1199011925,1621.10097013513,NA,60.7034363660672,44.5657132015052,58.0923568504917,Aggregates,,,,Aggregates,Aggregates
Sub-Saharan Africa (IDA & IBRD countries),T6,TSS,2022,,2025-10-07,1229208573,1696.43999286939,NA,61.8571795894802,44.6070255513579,57.5506030634314,Aggregates,,,,Aggregates,Aggregates
Sudan,SD,SDN,2020,,2025-10-07,46789231,577.795227050781,NA,65.124,60.3131691648822,64.747,Sub-Saharan Africa,Khartoum,32.5363,15.5932,Low income,IDA
Sudan,SD,SDN,2021,,2025-10-07,48066924,712.122009277344,NA,64.46,60.3131691648822,64.407,Sub-Saharan Africa,Khartoum,32.5363,15.5932,Low income,IDA
Sudan,SD,SDN,2022,,2025-10-07,49383346,1046.24084472656,NA,65.695,60.3131691648822,64.044,Sub-Saharan Africa,Khartoum,32.5363,15.5932,Low income,IDA
Sudan,SD,SDN,2023,,2025-10-07,50042791,797.283447265625,NA,66.331,60.3131691648822,63.658,Sub-Saharan Africa,Khartoum,32.5363,15.5932,Low income,IDA
Suriname,SR,SUR,2020,,2025-10-07,612317,4755.39221710693,NA,72.321,0.498418735410739,33.851,Latin America & Caribbean,Paramaribo,-55.1679,5.8232,Upper middle income,Blend
Suriname,SR,SUR,2021,,2025-10-07,617896,5029.84838543953,NA,68.943,0.48595826702547,33.781,Latin America & Caribbean,Paramaribo,-55.1679,5.8232,Upper middle income,Blend
Suriname,SR,SUR,2022,,2025-10-07,623164,6084.43876736445,2.2,73.254,0.448576861869665,33.693,Latin America & Caribbean,Paramaribo,-55.1679,5.8232,Upper middle income,Blend
Suriname,SR,SUR,2023,,2025-10-07,628886,5494.07409425517,NA,73.631,0.445038088848248,33.589,Latin America & Caribbean,Paramaribo,-55.1679,5.8232,Upper middle income,Blend
Sweden,SE,SWE,2023,,2025-10-07,10536632,55567.0890080496,0.8,83.309756097561,7.32192403074128,11.262,Europe & Central Asia,Stockholm,18.0645,59.3327,High income,Not classified
Sweden,SE,SWE,2020,,2025-10-07,10353442,52653.7565934247,0.5,82.3560975609756,7.38067177371833,12.023,Europe & Central Asia,Stockholm,18.0645,59.3327,High income,Not classified
Sweden,SE,SWE,2021,,2025-10-07,10415811,61174.9680215622,0.6,83.0560975609756,7.3733058338244,11.762,Europe & Central Asia,Stockholm,18.0645,59.3327,High income,Not classified
Sweden,SE,SWE,2022,,2025-10-07,10486941,55296.9371472535,1.3,83.0585365853659,7.35366332744058,11.508,Europe & Central Asia,Stockholm,18.0645,59.3327,High income,Not classified
Switzerland,CH,CHE,2021,,2025-10-07,8704546,93664.7736696111,0,83.7512195121951,37.9496922648985,26.004,Europe & Central Asia,Bern,7.44821,46.948,High income,Not classified
Switzerland,CH,CHE,2020,,2025-10-07,8638167,85897.7843338323,0.1,83,38.0271063029444,26.085,Europe & Central Asia,Bern,7.44821,46.948,High income,Not classified
Switzerland,CH,CHE,2022,,2025-10-07,8777088,94394.5106803525,0.2,83.6048780487805,37.8712936567617,25.908,Europe & Central Asia,Bern,7.44821,46.948,High income,Not classified
Switzerland,CH,CHE,2023,,2025-10-07,8888093,100631.802755125,NA,84.0560975609756,37.7938948048868,25.798,Europe & Central Asia,Bern,7.44821,46.948,High income,Not classified
Syrian Arab Republic,SY,SYR,2020,,2025-10-07,21049429,572.355289831901,NA,71.944,75.7685345531776,44.525,Middle East & North Africa,Damascus,36.3119,33.5146,Low income,IDA
Syrian Arab Republic,SY,SYR,2021,,2025-10-07,21628839,663.614245706815,NA,72.418,74.9930675815499,43.876,Middle East & North Africa,Damascus,36.3119,33.5146,Low income,IDA
Syrian Arab Republic,SY,SYR,2022,,2025-10-07,22462173,1051.67149587463,16.5,72.79,74.0946468441976,43.231,Middle East & North Africa,Damascus,36.3119,33.5146,Low income,IDA
Syrian Arab Republic,SY,SYR,2023,,2025-10-07,23594623,847.372723418531,NA,72.12,74.0946468441976,42.591,Middle East & North Africa,Damascus,36.3119,33.5146,Low income,IDA
Tajikistan,TJ,TJK,2020,,2025-10-07,9749310,834.311715460625,NA,68.605,27.8312558541682,72.494,Europe & Central Asia,Dushanbe,68.7864,38.5878,Lower middle income,IDA
Tajikistan,TJ,TJK,2021,,2025-10-07,9966908,896.748053372182,9.1,69.594,27.7887455868578,72.274,Europe & Central Asia,Dushanbe,68.7864,38.5878,Lower middle income,IDA
Tajikistan,TJ,TJK,2022,,2025-10-07,10182222,1052.17949484894,8.9,71.562,28.0726277109302,72.032,Europe & Central Asia,Dushanbe,68.7864,38.5878,Lower middle income,IDA
Tajikistan,TJ,TJK,2023,,2025-10-07,10389799,1178.47990060249,7.3,71.79,27.9465379350097,71.766,Europe & Central Asia,Dushanbe,68.7864,38.5878,Lower middle income,IDA
Tanzania,TZ,TZA,2022,,2025-10-07,64711821,1207.85302734375,NA,66.879,44.6163919620682,63.318,Sub-Saharan Africa,Dodoma,35.7382,-6.17486,Lower middle income,IDA
Tanzania,TZ,TZA,2020,,2025-10-07,60972798,1117.41528320313,NA,66.771,44.6163919620682,64.773,Sub-Saharan Africa,Dodoma,35.7382,-6.17486,Lower middle income,IDA
Tanzania,TZ,TZA,2021,,2025-10-07,62830412,1159.85656738281,NA,66.131,44.6163919620682,64.046,Sub-Saharan Africa,Dodoma,35.7382,-6.17486,Lower middle income,IDA
Tanzania,TZ,TZA,2023,,2025-10-07,66617606,1224.48962402344,NA,66.995,44.6163919620682,62.591,Sub-Saharan Africa,Dodoma,35.7382,-6.17486,Lower middle income,IDA
Thailand,TH,THA,2020,,2025-10-07,71641484,6985.64393892574,0.1,77.331,45.5516837283955,48.57,East Asia & Pacific,Bangkok,100.521,13.7308,Upper middle income,IBRD
Thailand,TH,THA,2021,,2025-10-07,71727332,7057.20754802279,0,77.606,45.9981600735971,47.837,East Asia & Pacific,Bangkok,100.521,13.7308,Upper middle income,IBRD
Thailand,TH,THA,2022,,2025-10-07,71735329,6909.35281815827,0,75.291,45.9981600735971,47.111,East Asia & Pacific,Bangkok,100.521,13.7308,Upper middle income,IBRD
Thailand,TH,THA,2023,,2025-10-07,71702435,7195.10130919449,0,76.412,43.7980778641195,46.392,East Asia & Pacific,Bangkok,100.521,13.7308,Upper middle income,IBRD
Timor-Leste,TL,TLS,2020,,2025-10-07,1326053,1630.86938521256,NA,66.919,22.9589778076664,68.68,East Asia & Pacific,Dili,125.567,-8.56667,Lower middle income,Blend
Timor-Leste,TL,TLS,2021,,2025-10-07,1350139,2684.82702378987,NA,66.199,22.9589778076664,68.305,East Asia & Pacific,Dili,125.567,-8.56667,Lower middle income,Blend
Timor-Leste,TL,TLS,2022,,2025-10-07,1369295,2343.24523350389,NA,67.368,22.9589778076664,67.926,East Asia & Pacific,Dili,125.567,-8.56667,Lower middle income,Blend
Timor-Leste,TL,TLS,2023,,2025-10-07,1384286,1502.51964514186,NA,67.689,22.9589778076664,67.544,East Asia & Pacific,Dili,125.567,-8.56667,Lower middle income,Blend
Togo,TG,TGO,2023,,2025-10-07,9304337,985.697512629974,NA,62.739,70.2334988049274,55.51,Sub-Saharan Africa,Lome,1.2255,6.1228,Low income,IDA
Togo,TG,TGO,2020,,2025-10-07,8669720,853.578220263722,NA,61.123,70.2334988049274,57.2,Sub-Saharan Africa,Lome,1.2255,6.1228,Low income,IDA
Togo,TG,TGO,2021,,2025-10-07,8878379,939.613373786407,34.4,61.328,70.2334988049274,56.642,Sub-Saharan Africa,Lome,1.2255,6.1228,Low income,IDA
Togo,TG,TGO,2022,,2025-10-07,9089738,898.758154410712,NA,62.29,70.2334988049274,56.079,Sub-Saharan Africa,Lome,1.2255,6.1228,Low income,IDA
Tonga,TO,TON,2020,,2025-10-07,105704,4700.44940541029,NA,72.379,48.6111111111111,76.901,East Asia & Pacific,Nuku'alofa,-175.216,-21.136,Upper middle income,IDA
Tonga,TO,TON,2021,,2025-10-07,105490,4912.57966349119,0.4,72.13,48.6111111111111,76.896,East Asia & Pacific,Nuku'alofa,-175.216,-21.136,Upper middle income,IDA
Tonga,TO,TON,2022,,2025-10-07,105042,4933.07466930785,NA,72.635,48.6111111111111,76.875,East Asia & Pacific,Nuku'alofa,-175.216,-21.136,Upper middle income,IDA
Tonga,TO,TON,2023,,2025-10-07,104597,4863.76384632192,NA,72.895,48.6111111111111,76.84,East Asia & Pacific,Nuku'alofa,-175.216,-21.136,Upper middle income,IDA
Trinidad and Tobago,TT,TTO,2020,,2025-10-07,1366725,15358.8612973066,NA,72.645,10.5263157894737,46.786,Latin America & Caribbean,Port-of-Spain,-61.4789,10.6596,High income,IBRD
Trinidad and Tobago,TT,TTO,2021,,2025-10-07,1367558,17679.1812561341,NA,71.111,10.5263157894737,46.735,Latin America & Caribbean,Port-of-Spain,-61.4789,10.6596,High income,IBRD
Trinidad and Tobago,TT,TTO,2022,,2025-10-07,1365805,20874.37682915,NA,73.331,10.5263157894737,46.66,Latin America & Caribbean,Port-of-Spain,-61.4789,10.6596,High income,IBRD
Trinidad and Tobago,TT,TTO,2023,,2025-10-07,1367510,18639.259241294,NA,73.49,10.5263157894737,46.561,Latin America & Caribbean,Port-of-Spain,-61.4789,10.6596,High income,IBRD
Tunisia,TN,TUN,2023,,2025-10-07,12200431,3950.3753419816,NA,76.508,62.4388516992791,29.456,Middle East & North Africa,Tunis,10.21,36.7899,Lower middle income,IBRD
Tunisia,TN,TUN,2020,,2025-10-07,11974057,3548.65363663803,NA,75.004,62.4388516992791,30.432,Middle East & North Africa,Tunis,10.21,36.7899,Lower middle income,IBRD
Tunisia,TN,TUN,2021,,2025-10-07,12048622,3906.93926319391,0.7,72.893,62.4388516992791,30.112,Middle East & North Africa,Tunis,10.21,36.7899,Lower middle income,IBRD
Tunisia,TN,TUN,2022,,2025-10-07,12119334,3708.8481241036,NA,76.05,62.4388516992791,29.786,Middle East & North Africa,Tunis,10.21,36.7899,Lower middle income,IBRD
Turkiye,TR,TUR,2021,,2025-10-07,84147318,9743.21277804855,0.9,75.722,49.4900146823798,23.431,Europe & Central Asia,Ankara,32.3606,39.7153,Upper middle income,IBRD
Turkiye,TR,TUR,2020,,2025-10-07,83384680,8638.73903848102,1.1,76.525,49.0651351948339,23.895,Europe & Central Asia,Ankara,32.3606,39.7153,Upper middle income,IBRD
Turkiye,TR,TUR,2022,,2025-10-07,84979913,10674.504157865,0.5,77.591,50.0253368501748,22.978,Europe & Central Asia,Ankara,32.3606,39.7153,Upper middle income,IBRD
Turkiye,TR,TUR,2023,,2025-10-07,85325965,13105.6585004778,NA,77.156,50.1383781817237,22.537,Europe & Central Asia,Ankara,32.3606,39.7153,Upper middle income,IBRD
Turkmenistan,TM,TKM,2020,,2025-10-07,6949912,6592.60146027748,NA,68.846,84.5587640712447,47.484,Europe & Central Asia,Ashgabat,58.3794,37.9509,Upper middle income,IBRD
Turkmenistan,TM,TKM,2021,,2025-10-07,7092043,7051.20211079213,NA,69.353,84.5536569276275,47.002,Europe & Central Asia,Ashgabat,58.3794,37.9509,Upper middle income,IBRD
Turkmenistan,TM,TKM,2022,,2025-10-07,7230193,8156.35211950774,NA,69.913,84.5536569276275,46.506,Europe & Central Asia,Ashgabat,58.3794,37.9509,Upper middle income,IBRD
Turkmenistan,TM,TKM,2023,,2025-10-07,7364438,8232.65225980002,NA,70.073,84.2215632115421,45.997,Europe & Central Asia,Ashgabat,58.3794,37.9509,Upper middle income,IBRD
Turks and Caicos Islands,TC,TCA,2020,,2025-10-07,44386,20690.9160546118,NA,77.499,1.05263157894737,6.395,Latin America & Caribbean,Grand Turk,-71.141389,21.4602778,High income,Not classified
Turks and Caicos Islands,TC,TCA,2021,,2025-10-07,45243,27329.2885087196,NA,77.234,1.05263157894737,6.166,Latin America & Caribbean,Grand Turk,-71.141389,21.4602778,High income,Not classified
Turks and Caicos Islands,TC,TCA,2022,,2025-10-07,45847,31280.5418020808,NA,77.918,1.05263157894737,5.953,Latin America & Caribbean,Grand Turk,-71.141389,21.4602778,High income,Not classified
Turks and Caicos Islands,TC,TCA,2023,,2025-10-07,46198,35470.2151608295,NA,78.008,1.05263157894737,5.753,Latin America & Caribbean,Grand Turk,-71.141389,21.4602778,High income,Not classified
Tuvalu,TV,TUV,2022,,2025-10-07,9992,5911.32727055301,NA,66.852,60,34.473,East Asia & Pacific,Funafuti,179.089567,-8.6314877,Upper middle income,IDA
Tuvalu,TV,TUV,2020,,2025-10-07,10399,4976.11254109571,NA,66.357,60,35.986,East Asia & Pacific,Funafuti,179.089567,-8.6314877,Upper middle income,IDA
Tuvalu,TV,TUV,2021,,2025-10-07,10194,5905.08198095343,NA,65.824,60,35.215,East Asia & Pacific,Funafuti,179.089567,-8.6314877,Upper middle income,IDA
Tuvalu,TV,TUV,2023,,2025-10-07,9816,6344.7750188689,NA,67.105,60,33.759,East Asia & Pacific,Funafuti,179.089567,-8.6314877,Upper middle income,IDA
Uganda,UG,UGA,2020,,2025-10-07,44457152,845.76646385001,NA,66.41,71.8880909634949,75.046,Sub-Saharan Africa,Kampala,32.5729,0.314269,Low income,IDA
Uganda,UG,UGA,2021,,2025-10-07,45910930,882.791717442001,NA,66.45,71.8880909634949,74.447,Sub-Saharan Africa,Kampala,32.5729,0.314269,Low income,IDA
Uganda,UG,UGA,2022,,2025-10-07,47312719,963.067314233497,NA,67.675,71.8880909634949,73.841,Sub-Saharan Africa,Kampala,32.5729,0.314269,Low income,IDA
Uganda,UG,UGA,2023,,2025-10-07,48656601,1002.30913908852,NA,68.252,71.8880909634949,73.229,Sub-Saharan Africa,Kampala,32.5729,0.314269,Low income,IDA
Ukraine,UA,UKR,2020,,2025-10-07,44680014,3709.76928710938,0,73.283,71.2996202968588,30.392,Europe & Central Asia,Kiev,30.5038,50.4536,Upper middle income,IBRD
Ukraine,UA,UKR,2021,,2025-10-07,44298640,4775.94580078125,NA,71.631,71.2996202968588,30.243,Europe & Central Asia,Kiev,30.5038,50.4536,Upper middle income,IBRD
Ukraine,UA,UKR,2022,,2025-10-07,41048766,4199.6708984375,NA,72.658,71.2996202968588,30.081,Europe & Central Asia,Kiev,30.5038,50.4536,Upper middle income,IBRD
Ukraine,UA,UKR,2023,,2025-10-07,37732836,5139.59814453125,NA,73.422,71.2996202968588,29.905,Europe & Central Asia,Kiev,30.5038,50.4536,Upper middle income,IBRD
United Arab Emirates,AE,ARE,2023,,2025-10-07,10483751,49040.6947521035,NA,82.909,5.51539988735567,12.221,Middle East & North Africa,Abu Dhabi,54.3705,24.4764,High income,Not classified
United Arab Emirates,AE,ARE,2020,,2025-10-07,9401038,37173.8754093066,NA,81.936,5.48859476203886,12.952,Middle East & North Africa,Abu Dhabi,54.3705,24.4764,High income,Not classified
United Arab Emirates,AE,ARE,2021,,2025-10-07,9575152,43360.0211001327,NA,79.083,5.51339763446916,12.701,Middle East & North Africa,Abu Dhabi,54.3705,24.4764,High income,Not classified
United Arab Emirates,AE,ARE,2022,,2025-10-07,10074977,49899.0652975197,NA,80.487,5.51339763446916,12.457,Middle East & North Africa,Abu Dhabi,54.3705,24.4764,High income,Not classified
United Kingdom,GB,GBR,2020,,2025-10-07,66744000,40404.8062238951,0.5,80.331756097561,71.3400491877816,16.097,Europe & Central Asia,London,-0.126236,51.5002,High income,Not classified
United Kingdom,GB,GBR,2021,,2025-10-07,66984000,46926.475736105,0.5,80.6473170731707,71.1575290373248,15.848,Europe & Central Asia,London,-0.126236,51.5002,High income,Not classified
United Kingdom,GB,GBR,2022,,2025-10-07,67604000,46062.9914079698,NA,81.0112195121951,71.9816417972141,15.602,Europe & Central Asia,London,-0.126236,51.5002,High income,Not classified
United Kingdom,GB,GBR,2023,,2025-10-07,68492000,49200.8101526146,NA,81.2380975609756,70.3073227793163,15.358,Europe & Central Asia,London,-0.126236,51.5002,High income,Not classified
United States,US,USA,2020,,2025-10-07,331577720,64401.5074354212,0.5,76.9804878048781,46.3323469677789,17.336,North America,Washington D.C.,-77.032,38.8895,High income,Not classified
United States,US,USA,2021,,2025-10-07,332099760,71307.4017277218,0.5,76.3292682926829,46.2076631880902,17.127,North America,Washington D.C.,-77.032,38.8895,High income,Not classified
United States,US,USA,2022,,2025-10-07,334017321,77860.9112908848,1.2,77.4341463414634,46.0829793974695,16.916,North America,Washington D.C.,-77.032,38.8895,High income,Not classified
United States,US,USA,2023,,2025-10-07,336806231,82304.6204272866,1.2,78.3853658536585,46.0829793974695,16.702,North America,Washington D.C.,-77.032,38.8895,High income,Not classified
Upper middle income,XT,,2022,,2025-10-07,2803432387,10310.8668761078,2.5,76.0092804332746,42.6447434247467,32.0873880774829,NA,NA,NA,NA,NA,NA
Upper middle income,XT,,2023,,2025-10-07,2809441887,10631.3167441564,2.3,76.1953051028563,NA,31.3605529936508,NA,NA,NA,NA,NA,NA
Upper middle income,XT,,2020,,2025-10-07,2785181241,8334.90582376743,2.9,75.2315516201179,42.8249408293915,33.604322464067,NA,NA,NA,NA,NA,NA
Upper middle income,XT,,2021,,2025-10-07,2796326198,9905.05583452615,2.9,74.7276149865895,42.7535869424411,32.8356230436458,NA,NA,NA,NA,NA,NA
Uruguay,UY,URY,2020,,2025-10-07,3398968,15757.5355995779,0.3,78.381,80.3531025025711,4.485,Latin America & Caribbean,Montevideo,-56.0675,-34.8941,High income,IBRD
Uruguay,UY,URY,2021,,2025-10-07,3396695,17881.818721099,0.2,75.434,80.3908124785739,4.39700000000001,Latin America & Caribbean,Montevideo,-56.0675,-34.8941,High income,IBRD
Uruguay,UY,URY,2022,,2025-10-07,3390913,20818.6146091144,0.2,76.468,80.8735287395726,4.312,Latin America & Caribbean,Montevideo,-56.0675,-34.8941,High income,IBRD
Uruguay,UY,URY,2023,,2025-10-07,3388081,23019.4221560046,0.2,78.138,81.3541309564621,4.229,Latin America & Caribbean,Montevideo,-56.0675,-34.8941,High income,IBRD
Uzbekistan,UZ,UZB,2020,,2025-10-07,33586372,1978.28051860763,NA,71.461,58.2832179734483,49.584,Europe & Central Asia,Tashkent,69.269,41.3052,Lower middle income,Blend
Uzbekistan,UZ,UZB,2021,,2025-10-07,34243696,2258.51964119278,4.4,71.681,58.3012029873846,49.573,Europe & Central Asia,Tashkent,69.269,41.3052,Lower middle income,Blend
Uzbekistan,UZ,UZB,2022,,2025-10-07,34938955,2578.66689394219,4.4,72.147,58.4792534698583,49.534,Europe & Central Asia,Tashkent,69.269,41.3052,Lower middle income,Blend
Uzbekistan,UZ,UZB,2023,,2025-10-07,35652307,2878.96879292451,4.1,72.388,58.0551458073301,49.468,Europe & Central Asia,Tashkent,69.269,41.3052,Lower middle income,Blend
Vanuatu,VU,VUT,2020,,2025-10-07,298858,3042.98711598286,NA,70.385,15.3404429860541,74.475,East Asia & Pacific,Port-Vila,168.321,-17.7404,Lower middle income,IDA
Vanuatu,VU,VUT,2021,,2025-10-07,305868,3211.71947349318,NA,69.952,15.3404429860541,74.335,East Asia & Pacific,Port-Vila,168.321,-17.7404,Lower middle income,IDA
Vanuatu,VU,VUT,2022,,2025-10-07,313046,3292.34108821237,NA,71.302,15.3404429860541,74.184,East Asia & Pacific,Port-Vila,168.321,-17.7404,Lower middle income,IDA
Vanuatu,VU,VUT,2023,,2025-10-07,320409,3515.23633611798,NA,71.477,15.3404429860541,74.024,East Asia & Pacific,Port-Vila,168.321,-17.7404,Lower middle income,IDA
"Venezuela, RB",VE,VEN,2020,,2025-10-07,28444077,NA,NA,72.369,24.3750354288306,11.721,Latin America & Caribbean,Caracas,-69.8371,9.08165,Not classified,IBRD
"Venezuela, RB",VE,VEN,2021,,2025-10-07,28237826,NA,NA,71.536,24.3750354288306,11.675,Latin America & Caribbean,Caracas,-69.8371,9.08165,Not classified,IBRD
"Venezuela, RB",VE,VEN,2022,,2025-10-07,28213017,NA,NA,72.566,24.3750354288306,11.622,Latin America & Caribbean,Caracas,-69.8371,9.08165,Not classified,IBRD
"Venezuela, RB",VE,VEN,2023,,2025-10-07,28300854,NA,NA,72.514,24.3750354288306,11.562,Latin America & Caribbean,Caracas,-69.8371,9.08165,Not classified,IBRD
Viet Nam,VN,VNM,2020,,2025-10-07,98079191,3534.03953482647,1.3,75.383,39.4347683207361,62.66,East Asia & Pacific,Hanoi,105.825,21.0069,Lower middle income,IBRD
Viet Nam,VN,VNM,2021,,2025-10-07,98935098,3704.1935590038,NA,74.145,39.4347683207361,61.948,East Asia & Pacific,Hanoi,105.825,21.0069,Lower middle income,IBRD
Viet Nam,VN,VNM,2022,,2025-10-07,99680655,4147.69777213621,1.6,74.502,39.2911951351024,61.234,East Asia & Pacific,Hanoi,105.825,21.0069,Lower middle income,IBRD
Viet Nam,VN,VNM,2023,,2025-10-07,100352192,4323.35031982451,NA,74.588,39.2147376279795,60.52,East Asia & Pacific,Hanoi,105.825,21.0069,Lower middle income,IBRD
Virgin Islands (U.S.),VI,VIR,2020,,2025-10-07,106290,39787.3741650202,NA,79.819512195122,9.42857142857143,4.06100000000001,Latin America & Caribbean,Charlotte Amalie,-64.8963,18.3358,High income,Not classified
Virgin Islands (U.S.),VI,VIR,2021,,2025-10-07,105870,42571.0777368471,NA,80.0682926829268,9.42857142857143,3.95999999999999,Latin America & Caribbean,Charlotte Amalie,-64.8963,18.3358,High income,Not classified
Virgin Islands (U.S.),VI,VIR,2022,,2025-10-07,105413,44320.909185774,NA,80.319512195122,9.42857142857143,3.864,Latin America & Caribbean,Charlotte Amalie,-64.8963,18.3358,High income,Not classified
Virgin Islands (U.S.),VI,VIR,2023,,2025-10-07,104917,NA,NA,80.519512195122,9.42857142857143,3.773,Latin America & Caribbean,Charlotte Amalie,-64.8963,18.3358,High income,Not classified
West Bank and Gaza,PS,PSE,2020,,2025-10-07,4803269,3233.56863835858,NA,74.998,67.7514285714286,23.281,Middle East & North Africa,,,,Lower middle income,Not classified
West Bank and Gaza,PS,PSE,2021,,2025-10-07,4922749,3678.63565662194,NA,73.89,64.9294605809129,22.997,Middle East & North Africa,,,,Lower middle income,Not classified
West Bank and Gaza,PS,PSE,2022,,2025-10-07,5043612,3799.95527015163,NA,76.662,64.9294605809129,22.709,Middle East & North Africa,,,,Lower middle income,Not classified
West Bank and Gaza,PS,PSE,2023,,2025-10-07,5165775,3455.02852911712,2.1,65.17,64.9294605809129,22.418,Middle East & North Africa,,,,Lower middle income,Not classified
World,1W,WLD,2020,,2025-10-07,7855075060,10963.1756422364,11.4,72.1822239463873,36.7455822677967,44.0376261738389,Aggregates,,,,Aggregates,Aggregates
World,1W,WLD,2021,,2025-10-07,7920861888,12418.5659245064,11.2,71.2154841745704,36.8380779923531,43.6247260198952,Aggregates,,,,Aggregates,Aggregates
World,1W,WLD,2022,,2025-10-07,7990399768,12819.7448379733,10.8,72.9690157226638,36.8835927730766,43.184284597384,Aggregates,,,,Aggregates,Aggregates
World,1W,WLD,2023,,2025-10-07,8064976601,13259.7098707258,10.5,73.3297162833404,NA,42.7396065504854,Aggregates,,,,Aggregates,Aggregates
"Yemen, Rep.",YE,YEM,2020,,2025-10-07,36134863,NA,NA,66.435,44.4191904843078,62.092,Middle East & North Africa,Sana'a,44.2075,15.352,Low income,IDA
"Yemen, Rep.",YE,YEM,2021,,2025-10-07,37140230,NA,NA,66.019,44.4191904843078,61.454,Middle East & North Africa,Sana'a,44.2075,15.352,Low income,IDA
"Yemen, Rep.",YE,YEM,2022,,2025-10-07,38222876,NA,NA,67.952,44.4191904843078,60.812,Middle East & North Africa,Sana'a,44.2075,15.352,Low income,IDA
"Yemen, Rep.",YE,YEM,2023,,2025-10-07,39390799,NA,NA,69.295,44.4191904843078,60.169,Middle East & North Africa,Sana'a,44.2075,15.352,Low income,IDA
Zambia,ZM,ZMB,2020,,2025-10-07,19059395,951.644316655957,NA,63.361,32.0679589448338,55.371,Sub-Saharan Africa,Lusaka,28.2937,-15.3982,Lower middle income,IDA
Zambia,ZM,ZMB,2021,,2025-10-07,19603607,1127.16077872857,NA,62.363,32.0679589448338,54.808,Sub-Saharan Africa,Lusaka,28.2937,-15.3982,Lower middle income,IDA
Zambia,ZM,ZMB,2022,,2025-10-07,20152938,1447.12310138035,71.7,65.279,32.0679589448338,54.239,Sub-Saharan Africa,Lusaka,28.2937,-15.3982,Lower middle income,IDA
Zambia,ZM,ZMB,2023,,2025-10-07,20723965,1330.72780576709,NA,66.349,32.0679589448338,53.665,Sub-Saharan Africa,Lusaka,28.2937,-15.3982,Lower middle income,IDA
Zimbabwe,ZW,ZWE,2020,,2025-10-07,15526888,1730.45391034701,NA,61.53,41.8169598035414,67.758,Sub-Saharan Africa,Harare,31.0672,-17.8312,Lower middle income,Blend
Zimbabwe,ZW,ZWE,2021,,2025-10-07,15797210,1724.38727102272,NA,60.135,41.8091454051958,67.697,Sub-Saharan Africa,Harare,31.0672,-17.8312,Lower middle income,Blend
Zimbabwe,ZW,ZWE,2022,,2025-10-07,16069056,2040.54658705395,NA,62.36,41.7977107405971,67.605,Sub-Saharan Africa,Harare,31.0672,-17.8312,Lower middle income,Blend
Zimbabwe,ZW,ZWE,2023,,2025-10-07,16340822,2156.03409322984,NA,62.775,41.791706346129,67.483,Sub-Saharan Africa,Harare,31.0672,-17.8312,Lower middle income,Blend
