Country,Continent,ISO_Code,Level,GDLCODE,Region,2000,2001,2002,2003,2004,2005,2006,2007,2008,2009,2010,2011,2012,2013,2014,2015,2016,2017,2018,2019,2020,2021,2022,2023
Afghanistan,Asia/Pacific,AFG,National,AFGt,Total,100,100,100,99.6,98.4,99.5,98.3,96.6,94.8,92.7,92.3,90.7,87.5,85.6,82.5,82.5,79.1,77.8,77.8,76.4,76.5,75.7,77.1,76.8
Afghanistan,Asia/Pacific,AFG,Subnat,AFGr101,"Central (Kabul Wardak Kapisa Logar Parwan Panjsher)",92.5,92.1,91.8,90.9,89.3,89.9,88.1,85.9,83.6,80.8,80.7,78.5,75.5,74.6,72.9,73,70.4,68.6,68.1,66.7,66.5,65.4,66.7,66.4
Afghanistan,Asia/Pacific,AFG,Subnat,AFGr102,"Central Highlands (Bamyan Daikundi)",100,100,100,100,100,100,100,100,96.5,93.7,94.2,92.2,89,87,85.4,84.2,82,79.9,78.8,77.2,76.5,74.8,74.9,74.6
Afghanistan,Asia/Pacific,AFG,Subnat,AFGr103,"East (Nangarhar Kunar Laghman Nooristan)",100,100,100,100,100,100,100,100,100,99.7,99.4,97.5,95.2,93.8,91.6,91.5,88.1,86.2,85.7,83.9,83.4,82.1,82.7,82.4
Afghanistan,Asia/Pacific,AFG,Subnat,AFGr104,"North (Samangan Sar-e-Pul Balkh Jawzjan Faryab)",100,100,100,100,100,100,100,98,95.4,93.3,92.6,91.4,86.8,83.3,79,77.9,75.4,74.5,74.4,73.6,73.9,73.3,75.2,74.9
Afghanistan,Asia/Pacific,AFG,Subnat,AFGr105,"North East (Baghlan Takhar Badakhshan Kunduz)",99.3,99.3,99.3,98.8,97.6,98.7,97.5,95.2,92.5,90.5,90.4,88.5,86.6,85.6,83.5,84.5,81.5,80.4,80.2,78.9,79,78.2,79.7,79.4
Afghanistan,Asia/Pacific,AFG,Subnat,AFGr106,"South (Uruzgan Helmand Zabul Nimroz Kandahar)",100,100,100,100,100,100,100,100,100,100,100,100,97.8,95.6,92.8,91.8,89.6,88.1,88,86.9,86.9,86.3,87,86.7
Afghanistan,Asia/Pacific,AFG,Subnat,AFGr107,"South East (Ghazni Paktya Paktika Khost)",100,100,100,99.9,98.8,99.9,98.7,97.1,98.5,96.6,96.1,94.2,90.9,89.4,86.3,86.7,84.2,82.8,82.4,81.3,81.3,80.5,80.4,80.1
Afghanistan,Asia/Pacific,AFG,Subnat,AFGr108,"West (Ghor Herat Badghis Farah)",100,100,100,100,99.4,100,99.5,98.1,94.9,93.1,92.6,90.9,88.8,87,84.8,85.1,81.3,79.8,79.4,77.4,76.9,75.6,76.5,76.2
Algeria,Africa,DZA,National,DZAt,Total,62.1,57.4,56.3,55.2,53,50.5,48.7,47,46.8,45.7,45.5,45,44.3,43.6,43.1,43,42.3,42.4,42.3,42.8,43.4,42.5,44,43.5
Algeria,Africa,DZA,Subnat,DZAr104,"Hauts Plateaux Centre (Djelfa, Laghouat, MSila)",67.5,62.3,61.1,59.8,57.4,54.8,53,51.2,50.8,49.5,49.3,48.6,48.4,47.8,46.1,45.9,44.9,44.6,44.1,44.4,45.1,44.2,45.5,45
Algeria,Africa,DZA,Subnat,DZAr105,"Hauts Plateaux Est (Setif, Batna, Khenchela, Bordj Bou Arreridj, Oum El Bouaghi, Tebessa)",63.9,59.1,58,56.8,54.5,52,50.2,48.4,48.1,46.8,46.6,45.9,44.9,43.8,44.3,44.5,43.8,43.8,43.6,44.2,44.7,43.7,45.3,44.9
Algeria,Africa,DZA,Subnat,DZAr106,"Hauts Plateaux Ouest (Tiaret, Saida, Tissemsilt, Naama, El Bayadh)",63.6,58.7,57.5,56.3,54,51.4,49.5,47.8,47.6,46.4,46.2,45.6,45.8,45.1,44.2,44.5,43.4,43.1,43,43.6,44.3,43.6,45.1,44.7
Algeria,Africa,DZA,Subnat,DZAr101,"Nord Centre (Alger, Blida, Boumerdes, Tipaza, Bouira, Medea, Tizi-Ouzou, Bejaia, Chlef, Ain Defla)",59.4,54.9,53.8,52.9,50.8,48.5,46.9,45.4,45.4,44.5,44.6,44.2,43.3,43.5,42,42,41.5,41.7,41.5,41.9,42.5,41.5,42.9,42.5
Algeria,Africa,DZA,Subnat,DZAr102,"Nord Est (Annaba, Constantine, Skikda, Jijel, Mila, Souk Ahras, El Tarf, Guelma)",62,57.3,56.2,54.9,52.5,50,48.1,46.2,45.8,44.5,44.2,43.5,42.4,42.3,42,41.9,41.4,41.6,41.6,42.4,42.9,42,43.5,43
Algeria,Africa,DZA,Subnat,DZAr103,"Nord Ouest (Oran, Tlemcen, Mostaganem, Ain Temouchent, Relizane, Sidi Bel Abbes, Mascara)",62.2,57.5,56.5,55.3,53.1,50.7,48.9,47.1,46.8,45.5,45.3,44.7,43.7,43.1,43,42.1,41.7,42,42,42.7,43.4,42.6,44.1,43.7
Algeria,Africa,DZA,Subnat,DZAr107,"Sud (Bechar, Tindouf, Adrar, Ghardaia, Biskra, El Oued, Ouargla, Tamanrasset,Illizi)",65.8,60.8,59.5,58,55.5,52.6,50.7,48.9,48.6,47.4,47.1,46.5,45.8,44.3,44.2,44.4,43.6,43.4,43.2,43.6,44.1,43.1,44.6,44.2
Angola,Africa,AGO,National,AGOt,Total,92,90.5,89,87.5,86.7,85.4,84,81.9,80.4,79.9,78.7,78.8,77.6,77,76.7,74.7,74.4,74,73.2,72.9,72.4,72.1,69.7,69
Angola,Africa,AGO,Subnat,AGOr218," Bengo",100,100,99.8,98.5,97.5,96.3,94.9,93,91.6,90.9,89.8,90,87.4,85.6,83.9,81.2,79.7,79.5,78.8,78.6,78.1,77.9,75.7,75.1
Angola,Africa,AGO,Subnat,AGOr209," Benguela",86.7,85.5,83.5,82,81.6,80.1,78.4,75.9,74.1,73.5,72,71.7,72.6,74,75.7,75.7,77.5,77.1,76.4,76.1,75.6,75.3,73.1,72.4
Angola,Africa,AGO,Subnat,AGOr211," Bie",100,100,100,100,100,100,99.1,98,97,96.6,95.7,96.6,95.2,94.2,93,91.9,91.1,90.9,90.4,90.3,89.8,89.7,88.2,87.9
Angola,Africa,AGO,Subnat,AGOr201," Cabinda",81.8,80.8,78.4,76.6,76.2,74.4,72.4,69,67,66.4,64.7,64.2,63.6,63.5,64.3,62.1,62.4,61.9,61.1,60.6,60.2,59.8,56.6,55.6
Angola,Africa,AGO,Subnat,AGOr216," Cunene",96.2,94.8,93.5,92.2,90.8,89.8,88.7,87.1,86,85.5,84.5,85.1,85.1,85.6,86,85.8,86.5,86.3,85.8,85.6,85.1,85,82.6,82
Angola,Africa,AGO,Subnat,AGOr210," Huambo",100,100,99.7,98.4,97.2,96.1,94.8,93.2,91.9,91.1,90,90.4,89,88.1,87.2,85.7,84.9,84.7,84,83.8,83.3,83.2,81.4,80.9
Angola,Africa,AGO,Subnat,AGOr215," Huila",94.9,93.6,91.9,90.5,89.6,88.2,86.7,84.3,82.7,82.2,80.8,80.8,81.2,82.2,83.4,83.2,84.4,84.1,83.5,83.2,82.7,82.6,80.6,80
Angola,Africa,AGO,Subnat,AGOr213," Kuando Kubango",100,100,100,100,100,99.6,98.7,97.5,96.6,96.2,95.3,96.1,93.5,91.4,89.3,86.8,85,84.8,84.1,83.9,83.5,83.3,81.3,80.8
Angola,Africa,AGO,Subnat,AGOr205," Kuanza Norte",100,99.7,98.4,97,96.4,95.2,94,92.3,91.1,90.5,89.3,89.8,87.9,86.4,85.2,82.9,81.7,81.4,80.7,80.5,80,79.8,77.7,77.1
Angola,Africa,AGO,Subnat,AGOr206," Kuanza Sul",100,100,98.9,97.7,97.9,97,96,94.7,93.6,93.1,92.2,92.7,91.3,90.3,89.3,87.9,87.5,87.2,86.7,86.5,86.1,85.9,83.9,83.4
Angola,Africa,AGO,Subnat,AGOr204," Luanda",75.8,75.4,72.7,71,70.5,68.6,66.2,62.2,59.8,59.3,57.4,56.4,55.5,55.4,56.3,53.8,54.9,54.3,53.3,52.7,52.3,51.9,48.2,47.2
Angola,Africa,AGO,Subnat,AGOr208," Lunda Norte",100,100,100,100,100,100,99.7,98.3,97.3,97,96,96.9,94,91.8,89.8,86.9,85.2,84.9,84.2,84,83.5,83.3,81.3,80.6
Angola,Africa,AGO,Subnat,AGOr217," Lunda Sul",100,100,100,100,100,99.4,98.5,97.3,96.4,96,95.1,96.1,92.9,90.2,87.5,84.5,82.1,81.8,81.3,81,80.6,80.4,78.3,77.6
Angola,Africa,AGO,Subnat,AGOr207," Malange",100,100,100,99.2,98,97.1,96,94.6,93.5,92.9,92,92.6,90.4,88.7,87,84.6,83,82.8,82.1,81.9,81.4,81.2,79.2,78.6
Angola,Africa,AGO,Subnat,AGOr212," Moxico",100,100,100,100,98.9,97.9,96.8,95.5,94.3,93.7,92.7,93.2,91.8,90.9,89.9,88.5,87.8,87.6,87.1,86.9,86.4,86.4,84.8,84.3
Angola,Africa,AGO,Subnat,AGOr214," Namibe",90.5,89.3,87.3,85.7,84.6,83.1,81.4,78.9,77.2,76.7,75.3,75.3,74.8,74.8,75.3,73.8,74.1,73.7,72.9,72.6,72.1,71.8,69.3,68.5
Angola,Africa,AGO,Subnat,AGOr203," Uige",96.2,94.8,93.2,91.9,91.4,90.2,89,87,85.7,85.1,84,84.3,84.6,85.4,86.2,86,87.1,86.9,86.4,86.2,85.8,85.7,84,83.5
Angola,Africa,AGO,Subnat,AGOr202," Zaire",100,100,100,100,99.9,99.1,98,96.7,95.6,95.2,94.2,94.9,90,85.7,81.5,76.4,72.7,72.4,71.8,71.4,71,70.7,67.8,67
"Argentina urban",America,ARG,National,ARGt,Total,42.1,43,44.1,41.7,40,37.5,35.2,33.5,32.1,31.5,30.7,30.1,30.4,30.3,30.3,29.9,29.5,29.3,29.2,29.5,32.6,32.9,32,31.2
"Argentina urban",America,ARG,Subnat,ARGr104,Cuyo,42.2,42.7,43.8,41.6,39.9,37.5,35.3,33.5,32.1,31.7,30.9,30.3,30.5,30.4,30.3,29.7,29.3,29.3,29,29.2,32,32.6,31.7,30.9
"Argentina urban",America,ARG,Subnat,ARGr101,"Gran Buenos Aires",42.1,43.1,44.2,41.9,40.1,37.6,35.3,33.4,31.8,31.5,30.7,30.1,30.5,30.5,30.6,30.2,29.9,29.6,29.6,30,33,33.3,32.4,31.5
"Argentina urban",America,ARG,Subnat,ARGr103,NEA,43.6,44.7,46.1,43.4,41.6,39.3,37.3,36,35,34.4,33.5,32.7,32.6,32,31.6,30.8,30,29.8,29.6,29.6,32.3,32.7,31.8,30.9
"Argentina urban",America,ARG,Subnat,ARGr102,NOA,43,44,45.2,42.8,41.2,38.9,36.9,35.3,34,33.6,32.9,32.3,32.4,31.9,31.5,30.7,30,29.7,29.4,29.3,32,32.8,31.9,31
"Argentina urban",America,ARG,Subnat,ARGr105,Pampeana,41.6,42.5,43.6,41.2,39.4,36.9,34.6,32.9,31.6,31.3,30.5,29.8,30.2,30.1,30.1,29.7,29.4,29.4,29.1,29.4,32.6,33,32.1,31.2
"Argentina urban",America,ARG,Subnat,ARGr106,Patagonia,40.4,41.3,42.3,39.9,38,35.3,32.8,31.4,30.4,30.4,29.6,29,29.4,29.4,29.4,28.8,28.4,28.2,28.2,28.5,31.3,32.1,31.2,30.3
Bangladesh,Asia/Pacific,BGD,National,BGDt,Total,75.9,75.3,75.1,75.2,74.5,73,71.1,69.6,67.5,66.3,64.8,63,61.2,60,58.7,56.5,55.2,52.4,51.4,49.9,48.5,47.7,46.3,45.6
Bangladesh,Asia/Pacific,BGD,Subnat,BGDr214," Bagerhat, Khulna, Satkhira",75.2,74.4,74.1,74,73.2,72.1,70.6,69.3,67.5,66.6,65.4,64,63.1,62.5,62,59.3,57.2,53.8,52.1,49.9,47.8,46.5,44.6,43.9
Bangladesh,Asia/Pacific,BGD,Subnat,BGDr204," Bandarban, Cox s Bazar",89.1,88.8,88.9,89.3,88.7,86.9,84.9,82.6,80.5,78.9,76.9,74.9,71.7,68.8,66,64.4,63,60.6,59.8,58.5,57.5,57,55.4,54.8
Bangladesh,Asia/Pacific,BGD,Subnat,BGDr202," Barguna, Bhola, Patuakhali",79.4,79.2,79.4,79.9,79.4,78.2,76.7,75.1,73.3,72.3,70.9,69.4,68.2,67.2,66.3,64.5,63,60.4,59.3,57.8,55.5,53.9,51.5,50.8
Bangladesh,Asia/Pacific,BGD,Subnat,BGDr201," Barisal, Jhalokati, Pirojpur",75,74.3,74.1,74.1,73.4,72.1,70.4,69,67,66,64.7,63,59.5,56.9,54,52.8,52.7,51.2,51.7,51.5,50.2,49.6,48.3,47.6
Bangladesh,Asia/Pacific,BGD,Subnat,BGDr219," Bogra, Gaibandha, Jaypurhat",79.7,79.1,79.1,79.3,78.6,77.2,75.7,74.1,72.3,71.2,69.8,68.2,65.9,63.9,62,60,58.7,56.1,55.2,53.7,52.5,51.9,50.5,49.8
Bangladesh,Asia/Pacific,BGD,Subnat,BGDr207," Brahmanbaria, Chandpur, Comilla",80.1,79.3,79,78.9,78.1,76.3,74.2,72.3,69.9,68.4,66.7,64.5,62.5,61.1,59.7,57.3,55.9,53,52.1,50.5,49.7,49.6,48.6,47.9
Bangladesh,Asia/Pacific,BGD,Subnat,BGDr203," Chittagong",68.4,67.7,67.2,67.3,66.7,65.3,63.2,62.1,59.8,58.8,57.4,55.6,53.3,52,50.6,48.5,47.9,45.9,45.4,44.5,44,44.3,43.4,42.7
Bangladesh,Asia/Pacific,BGD,Subnat,BGDr216," Chuadanga, Jhenaidah, Kushtia, Meherpur",75.4,74.8,74.7,74.8,74.2,72.6,70.6,69.1,66.9,65.6,64.1,62.2,60.4,59.2,58,56,54.9,52.2,51.5,50.2,48.9,48.4,46.9,46.2
Bangladesh,Asia/Pacific,BGD,Subnat,BGDr208," Dhaka",56.3,55.4,54.4,54.2,53.3,52.5,50.6,49.4,47,46,44.7,42.7,42.3,42.1,41.9,40.8,39.8,38.4,37.6,36.9,36.6,36.8,36.1,35.5
Bangladesh,Asia/Pacific,BGD,Subnat,BGDr220," Dinajpur, Nilphamari, Panchagarh, Thakurgaon",80.4,80.2,80.6,81,80.5,78.8,77.4,75,73.3,72.3,70.9,69.5,67.1,65.6,64.1,61.6,59.7,56.5,55,52.9,52.1,51.8,50.8,50.2
Bangladesh,Asia/Pacific,BGD,Subnat,BGDr212," Faridpur, Manikganj, Rajbari",75,74.1,73.8,73.7,72.9,72.5,71.7,71.4,70.3,70.2,69.7,69,67.2,65.8,64.4,61.8,59.7,56.3,54.7,52.6,51.5,51.1,50,49.3
Bangladesh,Asia/Pacific,BGD,Subnat,BGDr206," Feni, Lakshmipur, Noakhali",79.2,78.5,78.3,78.4,77.7,76.3,74.5,73,71,69.9,68.4,66.7,64.8,63.5,62.3,60.2,58.9,56.3,55.3,53.9,52.9,52.6,51.5,50.8
Bangladesh,Asia/Pacific,BGD,Subnat,BGDr209," Gazipur, Narayanganj, Narsingdi",73.4,72.5,72,71.8,71.1,68.7,65.9,64.3,61.7,60.2,58.5,56.3,54,52.7,51.2,49.3,48.8,47.2,46.5,45.7,44,43.1,41.1,40.4
Bangladesh,Asia/Pacific,BGD,Subnat,BGDr213," Gopalganj, Madaripur, Munshiganj, Shariatpur",78.2,77.4,77.2,77.1,76.3,74.9,73.1,71.6,69.5,68.3,66.9,65.1,63.6,62.8,61.9,59.4,57.9,54.8,53.5,51.7,49.3,47.9,45.7,44.9
Bangladesh,Asia/Pacific,BGD,Subnat,BGDr223," Habiganj, Sunamganj",84,83.3,83.2,83.2,82.4,81.1,79.7,78,76.2,75.2,73.8,72.3,71.5,70.9,70.4,67.9,65.7,62.3,60.6,58.2,56.1,54.6,52.4,51.7
Bangladesh,Asia/Pacific,BGD,Subnat,BGDr210," Jamalpur, Sherpur, Tangail",81.4,81,81.1,81.4,80.9,79.2,77.3,75.6,73.5,72.3,70.7,68.9,66.7,64.9,63.2,61,59.5,56.5,55.5,53.8,52.6,51.9,50.4,49.8
Bangladesh,Asia/Pacific,BGD,Subnat,BGDr215," Jessore, Magura, Narail",74.2,73.6,73.5,73.6,73,72,70.5,69.5,67.8,67,65.9,64.5,62.5,61,59.6,57.3,55.6,52.6,51.4,49.7,48.5,48.2,46.9,46.3
Bangladesh,Asia/Pacific,BGD,Subnat,BGDr205," Khagrachhari, Rangamati (Chattagram)",82.4,81.9,81.8,82,81.3,80.2,79.1,77.5,76,75.1,73.8,72.6,70.1,67.8,65.6,64,62.6,60.3,59.2,57.7,56,54.8,52.7,52
Bangladesh,Asia/Pacific,BGD,Subnat,BGDr211," Kishoreganj, Mymensingh, Netrakona",82,81.5,81.6,81.8,81.1,79.8,78.4,76.6,74.9,73.8,72.4,70.9,69.9,69.3,68.7,66.1,63.7,60.1,58.2,55.7,54.2,53.3,51.7,51.1
Bangladesh,Asia/Pacific,BGD,Subnat,BGDr221," Kurigram, Lalmonirhat, Rangpur",83.3,83,83.3,83.6,83,81,79.6,76.9,75,73.9,72.2,70.7,68.3,66.6,65,62.9,61.5,58.7,57.7,56.1,54,52.5,50.3,49.7
Bangladesh,Asia/Pacific,BGD,Subnat,BGDr222," Maulvibazar, Sylhet",76.7,76,75.7,75.7,75,73.7,72,70.7,68.7,67.6,66.4,64.7,63,62,60.9,58.4,56.6,53.5,52.1,50.2,49.5,49.4,48.5,47.8
Bangladesh,Asia/Pacific,BGD,Subnat,BGDr217," Naogaon, Nawabganj, Rajshahi",77.9,77.5,77.7,78,77.6,76,74.2,72.5,70.4,69.2,67.6,65.8,64.8,64.3,63.7,60.5,58,54.1,52,49.3,48.5,48.4,47.5,46.9
Bangladesh,Asia/Pacific,BGD,Subnat,BGDr218," Natore, Pabna, Sirajganj",78.4,77.8,77.7,77.7,77,75.8,74.3,73.1,71.3,70.4,69.3,67.9,65.3,63.3,61.2,59.5,58.4,56,55.4,54.2,52.3,51.1,49.2,48.5
Barbados,America,BRB,National,BRBt,Total,43.5,42.8,41.5,40.1,38.3,37.9,35.2,34.3,33.5,32.4,32.4,32.1,32.2,33.1,33.3,32.5,32.5,32.9,33.1,33.1,34.2,33.7,33.5,33.3
Barbados,America,BRB,Subnat,BRBr102,"Christ Church and St. Philip",42.4,41.7,40.3,38.9,37,36.7,34,33.1,32.3,31.2,31.3,31.1,31.2,31.9,32.1,31.3,31.3,31.7,32,31.9,33.1,32.6,32.3,32.1
Barbados,America,BRB,Subnat,BRBr101,"St Michael",42.5,41.8,40.5,39.2,37.4,37.1,34.3,33.5,32.6,31.5,31.6,31.3,31.4,32.3,32.5,31.7,31.7,32.1,32.4,32.3,33.4,32.8,32.6,32.4
Barbados,America,BRB,Subnat,BRBr103,"St. James, St. George, and St. Thomas",43.8,43.1,41.7,40.3,38.5,38.1,35.4,34.5,33.7,32.5,32.6,32.3,32.4,33.3,33.4,32.7,32.6,33.1,33.3,33.3,34.4,33.9,33.7,33.4
Barbados,America,BRB,Subnat,BRBr104,"St. Lucy, St. Peter, St. Andrew, St. Joseph, and St. John",46.1,45.4,44.1,42.7,40.9,40.6,37.7,36.9,36,34.9,34.9,34.6,34.7,35.6,35.7,35,34.9,35.4,35.7,35.6,36.8,36.2,36.1,35.9
Belize,America,BLZ,National,BLZt,Total,59.2,57.9,57,55.8,55.2,54.3,52.6,52.4,48,47.2,45.5,44.7,45.4,45.4,45.4,44.5,44,43.4,43.3,42.5,42.4,42.7,41.5,40.7
Belize,America,BLZ,Subnat,BLZr102,Belize,51.7,50.1,49,47.8,47,46,43.9,44,40.1,39.7,38.3,37.9,38.6,38.9,39.1,38.2,37.7,37.1,37,36.2,36.3,36.7,35.6,35
Belize,America,BLZ,Subnat,BLZr103,Cayo,60,58.5,57.5,56.4,55.7,54.7,52.9,55.1,53,54.9,56,57.5,57.6,57.4,57,56.3,55.9,55.3,55.1,54.3,54.2,54.5,53.3,52.6
Belize,America,BLZ,Subnat,BLZr101,"Corozal, Orange Walk",62.1,60.8,60,58.9,58.3,57.5,55.8,55.7,51.4,50.4,48.8,48.1,48.8,48.8,48.7,47.9,47.3,46.8,46.7,45.9,45.8,46.1,44.9,44.2
Belize,America,BLZ,Subnat,BLZr104,"Stann Creek, Toledo",66.9,65.9,65.2,64.2,63.7,63.1,61.8,59.8,53.8,50.7,46.9,44.5,45.5,45.4,45.2,44.3,43.8,43.2,43.2,42.3,42.2,42.4,41.2,40.6
Benin,Africa,BEN,National,BENt,Total,88.9,88.6,88.5,87.9,87.4,86.8,85.5,84.4,82.9,81.6,79.3,78.5,78.1,77.4,78.2,78.2,76.7,76.1,74.3,73.6,72.2,71.2,68.8,67.2
Benin,Africa,BEN,Subnat,BENr101,"Atacora (incl Donga)",95.4,94.9,95.3,95,95,94.6,94,93.2,92.2,91.2,89.5,88.8,87.6,86.2,86,85.2,83.1,81.3,78.7,77.6,75.9,74.7,72.3,70.8
Benin,Africa,BEN,Subnat,BENr102,"Atlantique (incl Littoral (Cotonou))",75.4,74.9,74.7,74.2,73.5,72.9,70.9,69.7,67.7,66.2,63.3,62.3,62.2,62.2,63.9,64.7,63.6,63.9,62.5,62.8,62.1,61.7,58.8,57.9
Benin,Africa,BEN,Subnat,BENr103,"Borgou (incl Alibori)",92.5,92.3,92.6,92.4,92.3,91.9,91.3,90.2,89,88.2,86.4,85.8,85.3,84.1,84.2,84,82.5,81.4,79.7,78.6,76.8,75.6,73.5,72
Benin,Africa,BEN,Subnat,BENr104,"Mono (incl Couffo)",97,96.7,96.4,95.5,94.9,94.1,92.9,91.8,90.4,89.1,86.8,85.8,85,84.1,84.7,84.1,81.9,80.5,78.3,78.1,77,76.4,74.4,72.9
Benin,Africa,BEN,Subnat,BENr105,"Queme (incl Plateau)",87,86.7,86.5,85.9,85.4,84.7,83.3,82.6,81.3,80.5,78.4,78,77.3,76.6,77.3,76.9,74.9,74,71.9,72,71.2,70.7,68.4,66.8
Benin,Africa,BEN,Subnat,BENr106,"Zou (incl Collines)",95.6,95.2,94.8,93.8,93.1,92.2,90.9,90.1,89.1,88.5,86.9,86.6,85.8,83.9,83.4,82.7,80.6,79.1,76.6,75.9,74.5,73.7,71.2,69.6
Bhutan,Asia/Pacific,BTN,National,BTNt,Total,54.5,,,,,,,,,,,51.9,49.2,49.3,47.2,45.5,44.5,43.2,41.9,40.3,39.1,38.3,38.4,38.4
Bhutan,Asia/Pacific,BTN,Subnat,BTNr101,Bumthang,53.2,,,,,,,,,,,50.4,47.8,47.8,45.7,44.4,43.8,42.3,41.2,39.6,38.5,37.6,37.8,37.7
Bhutan,Asia/Pacific,BTN,Subnat,BTNr102,Chukha,50.8,,,,,,,,,,,48.1,45.4,45.4,42.9,41.4,40.5,38.9,37.6,35.7,34.3,33.5,33.6,33.5
Bhutan,Asia/Pacific,BTN,Subnat,BTNr103,Dagana,63.2,,,,,,,,,,,61,58.8,58.9,57.1,55.9,55.4,54.2,47.7,46.3,45.3,44.4,44.5,44.5
Bhutan,Asia/Pacific,BTN,Subnat,BTNr104,Gasa,63.3,,,,,,,,,,,60.8,58.2,58.5,56.6,55.4,54.8,53.6,50.4,49,48,47.2,47.3,47.4
Bhutan,Asia/Pacific,BTN,Subnat,BTNr105,Haa,50.6,,,,,,,,,,,47.8,45.8,45.6,43.9,42.7,42.3,40.9,39.9,38.4,37.4,36.6,36.8,36.7
Bhutan,Asia/Pacific,BTN,Subnat,BTNr106,Lhuntse,60.9,,,,,,,,,,,58.5,56,56.3,54.5,53.3,52.7,51.6,48.5,47.3,46.4,45.6,45.7,45.7
Bhutan,Asia/Pacific,BTN,Subnat,BTNr107,Mongar,57.7,,,,,,,,,,,55.1,52.4,52.7,50.7,49.4,48.7,47.7,45.4,44,43,42.2,42.3,42.3
Bhutan,Asia/Pacific,BTN,Subnat,BTNr108,Paro,50.5,,,,,,,,,,,48.6,46.8,46.7,44.6,43.2,42.6,41.1,40,38.4,37.3,36.6,36.8,36.8
Bhutan,Asia/Pacific,BTN,Subnat,BTNr109,Pemagatshel,59.5,,,,,,,,,,,57,54.4,54.7,52.9,51.6,50.9,49.9,48.4,47.1,46.3,45.5,45.5,45.5
Bhutan,Asia/Pacific,BTN,Subnat,BTNr110,Punakha,54,,,,,,,,,,,51.5,49.7,49.6,47.7,46.4,45.9,44.5,43.4,41.8,40.8,40,40.2,40.2
Bhutan,Asia/Pacific,BTN,Subnat,BTNr111,"Samdrup jongkhar",59.2,,,,,,,,,,,56.9,54.6,54.7,52.9,51.6,50.9,49.9,46.8,45.4,44.5,43.7,43.7,43.7
Bhutan,Asia/Pacific,BTN,Subnat,BTNr112,Samtse,57.7,,,,,,,,,,,55.4,52.9,53.1,51.1,49.7,49,47.9,45.5,44.1,43.1,42.4,42.4,42.5
Bhutan,Asia/Pacific,BTN,Subnat,BTNr113,Sarpang,52.8,,,,,,,,,,,50.1,47.3,47.5,45.2,43.6,42.9,41.5,40.4,38.8,37.6,36.8,37,36.9
Bhutan,Asia/Pacific,BTN,Subnat,BTNr114,Thimphu,39.4,,,,,,,,,,,37.5,35.8,35.3,32.9,31.3,30.2,28.5,26.9,24.7,23.1,22.6,22.6,22.6
Bhutan,Asia/Pacific,BTN,Subnat,BTNr115,Trashigang,59.1,,,,,,,,,,,56.5,53.8,54,52.2,51.2,50.9,49.7,48.6,47.3,46.4,45.5,45.6,45.6
Bhutan,Asia/Pacific,BTN,Subnat,BTNr116,Trashiyangtse,58.5,,,,,,,,,,,55.9,53.1,53.4,51.5,50.1,49.8,48.7,47.6,46.3,45.4,44.6,44.6,44.6
Bhutan,Asia/Pacific,BTN,Subnat,BTNr117,Trongsa,60.5,,,,,,,,,,,58.2,55.7,55.9,53.9,52.6,51.9,50.6,46.1,44.6,43.4,42.6,42.7,42.7
Bhutan,Asia/Pacific,BTN,Subnat,BTNr118,Tsirang,62.3,,,,,,,,,,,60.1,57.9,57.9,56,54.9,54.4,53.2,45.7,44.3,43.2,42.4,42.5,42.5
Bhutan,Asia/Pacific,BTN,Subnat,BTNr119,Wangdi,56,,,,,,,,,,,53.4,50.6,50.9,48.8,47.2,46.6,45.2,44.2,42.8,41.8,40.9,41.1,41
Bhutan,Asia/Pacific,BTN,Subnat,BTNr120,Zhemgang,65.3,,,,,,,,,,,63.3,61.2,61.3,59.8,58.8,58.2,57.2,52.2,50.9,50,49.2,49.1,49.2
Bolivia,America,BOL,National,BOLt,Total,63.7,62.4,62.8,61.1,59.6,60.1,58.3,56.8,54.2,52.6,51,49.6,48.3,47,46.4,46.1,46,44.8,43.7,43.2,43.9,43.7,41.7,41.2
Bolivia,America,BOL,Subnat,BOLr108,Beni,65.5,64.1,64.6,63,61.2,61.5,59.4,57.5,54.6,53.1,51.6,50.3,49.1,47.9,47.1,46.6,46.4,45.2,43.8,43.2,43.9,43.6,41.8,41.2
Bolivia,America,BOL,Subnat,BOLr101,Chuquisaca,71.2,69.9,70.2,68.7,67.6,67.6,65.6,64.1,62,61.1,59.8,58.9,58.2,57.2,56.5,55.9,55.7,55,54.3,53.8,54.5,54.2,52.4,51.9
Bolivia,America,BOL,Subnat,BOLr103,Cochabamba,63,61.8,62.1,60.2,59.1,60.1,58.7,57.7,55.4,53.7,52,50.4,48.9,47.5,47,46.8,46.8,45.7,44.4,43.9,44.6,44.3,42.4,41.9
Bolivia,America,BOL,Subnat,BOLr102,"La Paz",64.1,63,63.5,61.7,59.8,60.2,58.2,56.6,53.8,52.2,50.6,49.1,47.9,46.5,45.9,45.6,45.4,44.3,42.9,42.4,43.1,43,41.2,40.7
Bolivia,America,BOL,Subnat,BOLr104,Oruro,61.6,60.8,60.8,58.8,58.1,59.2,58.2,57.2,55,53.6,52.1,50.7,49.6,48.3,47.7,47.2,47.1,45.7,44.6,44.1,44.8,44.6,42.6,42.2
Bolivia,America,BOL,Subnat,BOLr109,Pando,66.3,64.9,65.7,63.9,61.8,62.1,60.1,58.7,56.2,54.6,52.9,51.5,50.1,48.7,48.1,47.7,47.7,46.3,45.6,45.1,46,45.8,44.1,43.6
Bolivia,America,BOL,Subnat,BOLr105,Potosi,73.7,72.4,72.7,71,69.4,69.9,68.3,66.9,65,64.1,62.8,61.9,61.1,60.1,59.4,59,58.8,57.9,57.3,56.9,57.6,57.4,55.5,55
Bolivia,America,BOL,Subnat,BOLr107,"Santa Cruz",58.1,57.1,57.5,55.9,54,53.7,51.3,49.3,45.8,43.6,41.7,39.9,38.8,38,37.4,37,36.8,36,35.3,35.1,36,35.9,34.1,33.6
Bolivia,America,BOL,Subnat,BOLr106,Tarija,60.8,59.8,60.1,58.4,56.9,57.2,55.4,53.9,51,49.2,47.5,45.9,44.4,43,42.6,42.4,42.5,41.1,40.4,40,40.7,40.4,38.5,38.1
Botswana,Africa,BWA,National,BWAt,Total,68.1,67.8,67,64.5,63.8,62.6,60.6,58,55.5,53.5,49.9,48.5,48,47.1,46.3,45.6,44.5,43.6,42.8,41.8,41.2,41.9,39.6,39.4
Botswana,Africa,BWA,Subnat,BWAr101,Central,73.9,72.6,71.8,69.4,68.6,67.5,65.4,62.9,60.4,58.5,55.2,54,52.9,51.2,50.3,49.7,48.7,48,47.1,46.2,45.5,46.2,44,43.7
Botswana,Africa,BWA,Subnat,BWAr110,Chobe,72.9,69.4,68.3,65.5,64.5,63.1,60.8,58,55.2,53,48.7,47.4,48.8,50.4,50.1,49.2,47.9,46.9,46.2,45.4,44.8,45.6,43.3,43.1
Botswana,Africa,BWA,Subnat,BWAr102,Ghanzi,65.2,73.7,73,70.8,70.1,69.2,67.2,64.9,62.8,61,58,57.1,56.5,55.5,54.7,54.2,53.3,52.7,51.6,50.4,49.7,50.6,48.4,48.2
Botswana,Africa,BWA,Subnat,BWAr103,Kgalagadi,68.2,76.2,75.4,72.9,72.1,70.8,68.7,66.2,63.7,61.8,58.6,57.5,56.2,54.6,53.6,53.1,52.1,51.5,50.6,49.5,48.9,49.6,47.4,47.2
Botswana,Africa,BWA,Subnat,BWAr104,Kgatleng,64.5,66,65.2,62.8,62.1,61,59,56.4,53.9,52.1,48.4,47.4,48,48.5,47.8,46.9,45.4,44.3,43.4,42.3,41.7,42.4,40.1,39.9
Botswana,Africa,BWA,Subnat,BWAr105,Kweneng,69.3,70.2,69.1,66.4,65.3,63.9,61.5,58.5,55.8,53.5,49.8,48.3,48.9,49,48,47.4,46.3,45.5,44.7,43.9,43.2,44,41.7,41.4
Botswana,Africa,BWA,Subnat,BWAr106,North-East,64.3,64.2,63.3,60.7,59.9,58.6,56.4,53.7,50.9,48.9,44.8,43.9,43.8,43.7,43,42.2,40.9,39.9,39.2,38.4,37.7,38.4,36.2,35.9
Botswana,Africa,BWA,Subnat,BWAr107,"North-West, Ngamiland",73.9,76.4,75.7,73.3,72.5,71.4,69.4,66.9,64.6,62.5,59.2,58,56.3,55,54.7,53.9,52.5,51.5,50.6,49.6,48.8,49.6,47.4,47.1
Botswana,Africa,BWA,Subnat,BWAr108,South-East,51.5,52,51.4,49.2,48.8,47.9,46.2,43.7,41.2,39.4,35.5,34.9,34.1,33.1,32.6,32,31.1,30.3,29.6,28.9,28.6,29.2,26.9,26.8
Botswana,Africa,BWA,Subnat,BWAr109,Southern,75.8,72.8,72.1,69.8,69.1,68.1,66.1,63.7,61.4,59.6,56.5,55.5,53.9,51.8,50.8,50.3,49.3,48.7,47.8,46.8,46.1,46.9,44.6,44.3
Brazil,America,BRA,National,BRAt,Total,48.6,47.8,46.8,46.1,45,43.6,42.4,40.9,38.9,37.6,36,34.3,33.5,33.3,33,33.2,33.5,34.1,34.5,34.4,34.2,34.4,33.8,33.4
Brazil,America,BRA,Subnat,BRAr102,Acre,60.6,59.4,57.8,56.7,55,52.8,50.8,48.7,45.8,43.6,41.4,39.8,38.9,38.5,38.1,38.5,39.1,39.8,40.8,40.6,40,40.8,39.5,39.6
Brazil,America,BRA,Subnat,BRAr114,Alagoas,57.8,56.6,55.1,54.1,52.7,50.6,48.8,46.9,44.4,42.7,40.9,38.9,37.6,37.4,37.2,37.6,38.2,38.9,39.4,39.2,39,39.5,38.8,38.5
Brazil,America,BRA,Subnat,BRAr106,Amapa,52.6,51.8,50.7,50,48.9,47.4,46,44.6,42.5,41.1,39.4,37.6,37,36.3,35.6,35.6,35.9,36.3,36.7,36.5,36.1,36.7,35.9,35.6
Brazil,America,BRA,Subnat,BRAr103,Amazonas,56.8,55.7,54.4,53.4,52,50.1,48.3,46.8,44.9,43.5,42,40.3,39.6,39,38.5,38.8,39.4,40,39.9,39.7,39.1,40,38.6,38.7
Brazil,America,BRA,Subnat,BRAr116,Bahia,56.6,55.5,54.1,53.1,51.8,49.8,48.1,46.3,43.9,42.1,40,38.8,38.2,37.9,37.7,37.8,38.2,38.6,38.8,38.6,38.3,38.9,37.9,37.8
Brazil,America,BRA,Subnat,BRAr110,Ceara,56.3,55.1,53.7,52.6,51.2,49.2,47.3,45.4,42.9,41,39,37.7,37.1,36.7,36.3,36.5,37,37.5,37.4,37.2,37,37.4,36.7,36.4
Brazil,America,BRA,Subnat,BRAr127,"Distrito Federal",40.6,40.4,39.8,39.2,38.1,37,36.2,35,33.3,32.4,31.1,30.6,30.1,29.7,29.3,29.4,29.4,29,28.9,28.8,28.7,28.8,28.2,27.9
Brazil,America,BRA,Subnat,BRAr118,"Espirito Santo",47,46.3,45.5,44.8,43.8,42.5,41.6,40.3,38.4,37.2,35.7,33.9,33.7,33.5,33.3,33.4,33.4,33.9,34.3,34.2,34.1,34.1,33.6,33.3
Brazil,America,BRA,Subnat,BRAr126,Goias,46.7,45.9,45,44.3,43.2,41.7,40.6,39.1,37.1,35.8,34.2,32.9,32.3,32.1,31.8,32,32.2,32.3,32.6,32.5,32.4,32.4,31.9,31.6
Brazil,America,BRA,Subnat,BRAr108,Maranhao,64.5,63.2,61.5,60.4,58.8,56.7,54.5,52.4,49.6,47.8,46,44.5,44.1,43.8,43.6,43.7,44.1,44.3,44.4,44.2,43.6,44.7,43.4,43.3
Brazil,America,BRA,Subnat,BRAr125,"Mato Grosso",51.7,50.6,49.3,48.3,47,45.2,43.7,41.9,39.5,37.8,35.8,34,33.3,33,32.6,32.9,33.2,33.9,34.6,34.4,34.2,34.4,33.8,33.5
Brazil,America,BRA,Subnat,BRAr124,"Mato Grosso do Sul",47.6,46.8,45.9,45.2,44.1,42.6,41.5,40.1,38.1,36.8,35.2,33.7,33.4,33.2,32.9,33.2,33.3,33.5,34,33.9,33.7,33.8,33.2,32.9
Brazil,America,BRA,Subnat,BRAr117,"Minas Gerais",47,46.3,45.4,44.7,43.8,42.4,41.3,40,38.1,36.9,35.4,33.8,33.2,32.8,32.4,32.6,33,33.6,33.9,33.8,33.7,33.7,33.2,32.9
Brazil,America,BRA,Subnat,BRAr105,Para,60.6,59.5,58.1,57.1,55.7,53.8,51.9,50,47.3,45.5,43.8,42.1,41,40.8,40.7,40.8,41.3,41.7,42.3,42.1,41.5,42.5,41,41.2
Brazil,America,BRA,Subnat,BRAr112,Paraiba,55.7,54.5,53.2,52.1,50.7,48.8,47,45.1,42.7,40.8,38.7,37,36.5,36.3,36,36.3,36.8,37.4,37.6,37.5,37.3,37.7,37,36.7
Brazil,America,BRA,Subnat,BRAr121,Parana,46.6,45.9,45.2,44.5,43.5,42.3,41.2,39.9,38.1,37,35.5,34.2,33.7,33.4,33.1,33.2,33.1,33.2,33.5,33.4,33.3,33.3,32.8,32.5
Brazil,America,BRA,Subnat,BRAr113,Pernambuco,52.9,51.9,50.7,49.8,48.6,46.9,45.3,43.6,41.4,39.6,37.7,36.3,35.6,35.5,35.3,35.5,35.9,36.4,37.2,37.1,36.9,37.2,36.6,36.3
Brazil,America,BRA,Subnat,BRAr109,Piaui,61.4,60.2,58.7,57.7,56.1,54.2,52.2,50.2,47.5,45.6,43.8,42.3,41.8,41.4,41.4,41.7,42,42.5,42.8,42.6,42,42.9,41.6,41.7
Brazil,America,BRA,Subnat,BRAr119,"Rio de Janeiro",42.9,42.5,41.8,41.2,40.4,39.1,38.3,37.1,35.3,34.3,32.9,31.8,31.2,31.2,31.1,31.2,31.2,31.1,31.7,31.6,31.5,31.5,31,30.7
Brazil,America,BRA,Subnat,BRAr111,"Rio Grande do Norte",54,52.9,51.5,50.5,49.2,47.3,45.6,43.7,41.3,39.4,37.3,35.7,35,34.4,33.7,34,34.5,35.1,35,34.8,34.7,34.8,34.2,33.9
Brazil,America,BRA,Subnat,BRAr123,"Rio Grande do Sul",45,44.3,43.6,42.9,42,40.7,39.8,38.5,36.7,35.6,34.1,33.4,33.1,32.7,32.3,32.4,32.5,32.3,32.7,32.6,32.5,32.5,32,31.7
Brazil,America,BRA,Subnat,BRAr101,Rondonia,57.4,56.2,54.8,53.7,52.2,50.2,48.4,46.5,44,42.1,40,38.5,37.7,37.4,37.1,37.1,37.4,37.7,38.2,38.1,37.8,38.2,37.3,37.2
Brazil,America,BRA,Subnat,BRAr104,Roraima,57.1,56,54.7,53.7,52.4,50.5,48.8,47.1,44.7,43,41,39.2,38.6,38.2,37.8,37.6,37.8,37.9,38.3,38.1,37.6,38.2,36.8,37
Brazil,America,BRA,Subnat,BRAr122,"Santa Catarina",45.6,44.9,44.1,43.3,42.2,40.8,39.7,38.3,36.4,35.1,33.5,32.2,31.5,31.3,31.1,31.3,31.5,31.4,31.6,31.5,31.4,31.4,30.9,30.6
Brazil,America,BRA,Subnat,BRAr120,"Sao Paulo",41.9,41.6,41.1,40.5,39.6,38.4,37.6,36.5,34.8,34,32.7,31.7,31.1,31,31,31.1,31.1,30.8,31.6,31.4,31.3,31.3,30.8,30.5
Brazil,America,BRA,Subnat,BRAr115,Sergipe,54,52.9,51.5,50.6,49.2,47.3,45.7,43.9,41.5,39.7,37.6,35.8,35.1,34.8,34.4,34.8,35.4,36.2,36.2,36.1,35.8,36.1,35.5,35.1
Brazil,America,BRA,Subnat,BRAr107,Tocantins,59.5,58.2,56.6,55.3,53.7,51.6,49.4,47.2,44.4,42.2,39.7,37.9,37.2,36.8,36.8,37,37.3,37.9,37.9,37.8,37.4,37.8,36.8,36.8
"Burkina Faso",Africa,BFA,National,BFAt,Total,95.7,95.3,94.7,94.1,93.8,93.3,93.1,91.8,90.7,90.2,88.9,87.9,86.7,86.1,84.8,84.1,83.2,81.8,81.1,80,79.2,78.2,77.4,77.6
"Burkina Faso",Africa,BFA,Subnat,BFAr101,"Boucle de Mouhoun",99.8,99.5,98.9,98.4,98,96.4,96.5,95.3,94.4,94.3,93.5,92.8,91.8,91.1,90,89.1,88.2,86.6,86,85.2,84.4,83.5,82.9,83.3
"Burkina Faso",Africa,BFA,Subnat,BFAr102,Cascades,92.7,92.3,91.6,91,91.1,91.8,91.9,90.8,89.8,89.7,88.6,87.3,85.8,85.2,83.7,83,82,80.3,79.2,77.3,76.2,75,74.2,74.2
"Burkina Faso",Africa,BFA,Subnat,BFAr103,"Centre (incl Ouagadougou)",73.6,72.6,72.1,70.7,71.2,70.4,69.9,69.2,67.3,66.6,64.7,64.1,63.6,63.8,62.8,63.2,63,62.1,62.3,61.4,61.3,60.8,60,59.9
"Burkina Faso",Africa,BFA,Subnat,BFAr104,Centre-Est,99.4,99,98.4,97.9,97.8,97.7,97.6,96.3,95.2,95,94,93.4,92.5,91.5,90,88.8,88.6,87.8,86.9,85.8,85.1,84.3,83.5,83.8
"Burkina Faso",Africa,BFA,Subnat,BFAr105,Centre-Nord,100,99.9,99.3,98.8,98.5,98.3,98.1,96.7,95.6,95.1,93.8,92.8,91.5,91.2,90.3,89.8,89,87.5,86.8,85.8,85.1,84.3,83.5,83.8
"Burkina Faso",Africa,BFA,Subnat,BFAr106,Centre-Ouest,99.4,99,98.4,97.8,97.4,96.9,96.6,95.1,93.8,93.6,92.5,92.1,91.4,90.9,89.8,89,88.1,86.6,86.2,85.6,84.9,84.2,83.5,83.8
"Burkina Faso",Africa,BFA,Subnat,BFAr107,Centre-Sud,99.3,99,98.4,97.9,97.6,96,95.8,94.5,93.5,93.2,92.3,91.7,90.9,90.6,89.9,89.5,88.4,86.7,86.3,85.6,85.1,84.3,83.7,84
"Burkina Faso",Africa,BFA,Subnat,BFAr108,Est,100,100,100,100,100,100,100,99.7,98.8,98.6,97.8,97.1,95.9,95,93.6,92.4,92,90.9,90.2,89.5,88.7,87.8,87,87.4
"Burkina Faso",Africa,BFA,Subnat,BFAr109,"Hauts Bassins",89.8,89.5,88.8,88.1,87.8,87.9,87.6,86.3,84.8,84.1,82.4,81,79.5,78.7,77,76.4,75.9,74.7,74,72.4,71.4,70.3,69.5,69.4
"Burkina Faso",Africa,BFA,Subnat,BFAr110,Nord,100,100,100,99.8,99.3,99,98.5,96.9,95.4,94.6,92.9,91.8,90.5,90.4,89.7,89.5,88.3,86.4,85.9,85,84.3,83.4,82.7,82.8
"Burkina Faso",Africa,BFA,Subnat,BFAr111,"Plateau Central",100,100,100,100,100,99.1,98.7,96.9,95.4,94.3,92.3,91.3,89.9,89.9,89.4,89,88.2,86.9,86.4,85.8,85.3,84.7,83.9,84.2
"Burkina Faso",Africa,BFA,Subnat,BFAr112,Sahel,99.4,99.2,98.6,98.1,98.2,98.2,98.6,97.7,97.2,97,96.3,94.8,93.1,92.1,90.5,89.4,88.2,86.6,86.1,85.5,84.4,83.1,82.6,82.8
"Burkina Faso",Africa,BFA,Subnat,BFAr113,Sud-Ouest,100,100,100,100,100,100,100,98.5,97.3,96.6,95.3,94.5,93.5,93.3,92.5,92,91.3,90.1,89.2,88.3,87.8,87.2,86.6,86.9
Burundi,Africa,BDI,National,BDIt,Total,100,100,99.9,99.2,98.3,96.7,95.5,94.8,93.8,92.8,91.9,91.4,91,90.3,87.2,88.7,88.7,88,87.4,86.8,85.3,85.2,84.8,83.5
Burundi,Africa,BDI,Subnat,BDIr104,"West (Bubanza, Buja Rural, Cibitoke, Mairie de Bujumbura)",97.2,96.9,96.6,95.9,94.9,93.2,92,90.6,89,87.1,85,84.6,84.4,84.1,81.2,81.6,81.3,80.3,79.7,79,77.8,77.1,76.6,74.8
Burundi,Africa,BDI,Subnat,BDIr103,"East (Cankuzo, Rutana, Ruyigi )",100,100,100,100,100,98.6,97.4,96.8,96,95.2,94.5,93.9,93.1,92.2,88.8,90.3,90.3,89.5,88.9,88.3,86.8,86.8,86.4,85.2
Burundi,Africa,BDI,Subnat,BDIr105,"Middle (Gitega, Karuzi, Muramvya, Mwaro)",99.1,99.2,99.1,98.4,97.6,95.9,95,94.7,94.1,93.6,93.1,92.6,92.1,91.2,87.8,89.6,89.7,89,88.4,87.8,86.3,86.3,85.9,84.8
Burundi,Africa,BDI,Subnat,BDIr101,"North (Kayanza, Kirundo, Muyinga, Ngozi)",100,100,100,100,99.5,97.9,96.8,96.2,95.4,94.7,94.1,93.7,93.3,92.6,89.3,91.4,91.6,91.1,90.5,89.9,88.4,88.6,88.1,87.1
Burundi,Africa,BDI,Subnat,BDIr102,"South (Bururi, Makamba)",100,100,100,100,100,98.8,97.7,96.9,95.8,94.7,93.4,93,92.6,92.3,89.4,90.6,90.6,89.9,89.5,88.8,87.5,87.2,86.8,85.3
Cambodia,Asia/Pacific,KHM,National,KHMt,Total,88,87.6,86.4,84.3,83.8,82.2,80.1,78.9,76.6,74.9,72.6,68.6,64.7,63,61.7,60.8,59.6,58.1,58.1,56.6,56.1,56.7,55.5,54.4
Cambodia,Asia/Pacific,KHM,Subnat,KHMr101,"Banteay Mean Chey",89.8,89.4,88.3,86.2,85.8,84.4,81.7,80,77.1,74.9,71.9,67.3,62.9,60.7,59.1,58.5,57.7,56.5,56.7,55.9,55.8,56.8,55.5,54.4
Cambodia,Asia/Pacific,KHM,Subnat,KHMr113,"Bat Dambang-Krong Pailin",86.4,86.1,84.8,82.6,82.1,80.5,78.6,77.8,75.6,74.1,71.9,66.9,62.6,60,58,57.8,57.2,55.6,56.6,56.3,56.5,57.3,56.2,55.3
Cambodia,Asia/Pacific,KHM,Subnat,KHMr102,"Kampong Cham (incl Tboung Khmum)",91.7,91,90,88.3,87.7,86.5,84.5,83.2,81.1,79.4,77.3,72.9,68.9,67.1,65.6,64.5,63.1,61.2,60.9,59.6,58.8,59,57.8,56.7
Cambodia,Asia/Pacific,KHM,Subnat,KHMr103,"Kampong Chhnang",92.4,91.7,90.9,89.4,88.9,88.1,86.3,84.8,82.9,81.4,79.5,75.8,72,70.2,68.8,67.6,66.2,64.6,64.1,62.5,61.8,62.3,61.2,60.1
Cambodia,Asia/Pacific,KHM,Subnat,KHMr104,"Kampong Spueu",95.4,94.1,92.9,90.9,90.1,88.8,86.4,84.3,81.8,79.7,77.1,73.2,69.3,67.5,66.1,64.6,62.9,61,60.5,58.9,58,58.2,57,55.9
Cambodia,Asia/Pacific,KHM,Subnat,KHMr105,"Kampong Thum",91,90.2,89.1,86.9,86.4,84.8,83.3,82.4,80.7,79.5,77.8,74.6,71.4,70.4,69.7,68.5,66.9,65.3,64.7,62.8,62,62.2,61.1,60
Cambodia,Asia/Pacific,KHM,Subnat,KHMr114,"Kampot-Krong Kaeb-Krong Preah Sihanouk",87.8,87.4,86.3,84.3,83.9,82.6,80.8,79.8,77.7,76.3,74.2,69.9,65.6,63.5,61.8,61.4,60.6,59.3,59.7,58.7,58.4,59.3,58,57
Cambodia,Asia/Pacific,KHM,Subnat,KHMr106,Kandal,90.5,89.1,87.4,84.7,83.5,81.1,78.5,77.3,74.6,72.7,69.9,65.5,61.4,59.3,57.8,56.3,54.6,53.2,52.1,50.6,49.9,50,48.7,47.8
Cambodia,Asia/Pacific,KHM,Subnat,KHMr107,"Kaoh Kong",86.9,87.2,85.3,82.1,82.1,79.4,75.8,75,71.4,69.2,65.7,62,58.5,56.9,55.9,56.2,56.2,55.6,56.7,56.3,56.8,58.5,57.3,56.2
Cambodia,Asia/Pacific,KHM,Subnat,KHMr116,"Mondol Kiri-Rotanak Kiri",92.9,92.9,92.1,90.5,90.5,89.5,87.2,86,83.6,82,79.7,74.8,70,67.6,65.6,66,66.4,66.9,68.2,68.6,70,72.1,71.2,70.3
Cambodia,Asia/Pacific,KHM,Subnat,KHMr108,"Phnom Penh",60.3,63,60.4,56.4,57,53.5,50.5,50.2,45.6,43.7,40.9,38.6,38.5,38.1,38.5,38.7,39.4,40.2,40.7,40.9,41.6,39.9,38.4,38.1
Cambodia,Asia/Pacific,KHM,Subnat,KHMr110,Pousat,91.8,91,89.9,87.9,87.3,85.9,84.1,82.8,80.9,79.4,77.4,74.4,71.3,70.5,70,69.1,68,66.6,66.4,65.1,64.5,65.1,63.9,62.9
Cambodia,Asia/Pacific,KHM,Subnat,KHMr115,"Preah Vihear-Stueng Traeng-Kracheh",87.2,87.5,87,85.7,85.9,85.3,83.7,82.7,81,79.8,78,75.3,72.5,71.8,71.3,70,68.5,67.1,66.2,64.4,63.5,63.7,62.8,61.8
Cambodia,Asia/Pacific,KHM,Subnat,KHMr109,"Prey Veaeng",92.9,91.7,90.6,88.7,87.8,86.5,85.3,84.2,82.8,81.6,80.1,75.6,71,68.7,66.8,65.6,64.1,62.3,61.8,60.2,59.4,59.3,58.1,57
Cambodia,Asia/Pacific,KHM,Subnat,KHMr117,"Siem Reab-Otdar Mean Chey",90.5,89.8,88.6,86.5,86,84.5,82.6,81.7,79.7,78.3,76.3,72.8,69.2,67.9,66.9,65.7,64.3,62.8,62.3,60.7,60,60.3,59.2,58.1
Cambodia,Asia/Pacific,KHM,Subnat,KHMr111,"Svay Rieng",91.1,90.4,89.5,87.9,87.4,86.3,84.6,83.4,81.6,80.2,78.2,74.3,70.2,68.7,67.6,66.3,64.9,63,62.6,61.3,60.6,60.7,59.5,58.6
Cambodia,Asia/Pacific,KHM,Subnat,KHMr112,Takaev,91.4,90.7,89.9,88.4,87.9,87,85.3,84,82.2,80.8,78.9,73.4,67.9,64.6,61.8,60.8,59.6,58.7,58.3,57.1,56.8,57.7,56.5,55.6
Cameroon,Africa,CMR,National,CMRt,Total,84.8,83.6,83.8,82.4,81.6,81.1,80.2,79.1,77.8,76.3,75.2,74,72.2,70.6,70.1,68.5,67.9,67.1,67.2,66.2,65.7,65.5,63.9,62.7
Cameroon,Africa,CMR,Subnat,CMRr101,Adamaoua,90.1,89,89.1,87.8,87.1,86.9,86.2,85.4,84.6,83.4,82.6,81.8,80.4,79.3,79.2,78.1,77.8,77.3,77.7,76.7,76.3,76.1,74.6,73.4
Cameroon,Africa,CMR,Subnat,CMRr102,"Centre (incl Yaounde)",76.1,74.4,74.4,72.5,71.1,71.2,69.4,67.5,65.3,62.7,60.8,58.7,57.4,56.2,56.4,55.4,55.4,55.2,55.9,54.6,53.9,53.6,51.6,50.3
Cameroon,Africa,CMR,Subnat,CMRr103,Est,88.8,87.7,87.8,86.4,85.6,85.6,85,84.1,83.3,82.2,81.4,80.6,79.1,77.9,77.6,76.2,75.6,74.9,74.8,73.9,73.3,73,71.6,70.5
Cameroon,Africa,CMR,Subnat,CMRr104,"Extreme Nord",99.4,98.2,98,96.5,95.6,96.3,96.4,96.2,96.2,96,95.9,95.9,94,92.4,91.6,89.8,88.9,88.1,87.6,87.1,86.7,86.6,85.6,84.6
Cameroon,Africa,CMR,Subnat,CMRr105,"Littoral (incl Douala)",69.6,67.8,67.8,66,64.7,64.8,63.4,61.8,59.8,57.4,55.8,54,52.2,50.7,50.5,49.1,48.8,48.4,49.1,47.9,47.6,47.6,46.4,45.3
Cameroon,Africa,CMR,Subnat,CMRr106,Nord,97.1,96.3,96.5,95.3,94.8,94.8,94.2,93.3,92.7,91.7,90.9,90.3,88.9,87.8,87.5,86.3,85.9,85.4,85.5,84.8,84.4,84.3,83.1,82
Cameroon,Africa,CMR,Subnat,CMRr107,"Nord Ouest",87.8,86.9,87.1,85.8,85.2,84.3,83.1,81.5,80,78.1,76.6,75.2,73.2,71.3,70.6,68.7,68.1,67.3,67.3,66.4,66,65.8,64.3,63.1
Cameroon,Africa,CMR,Subnat,CMRr108,Ouest,87,85.8,86.1,84.8,84.1,83.1,81.9,80.5,78.9,76.9,75.7,74.2,71.9,70,69.3,67.5,66.6,65.5,65.3,64.2,63.8,63.7,61.7,60.4
Cameroon,Africa,CMR,Subnat,CMRr109,Sud,83.9,82.5,82.6,81.1,80.2,79.9,79.2,78.3,77.2,75.7,74.7,73.7,71.5,69.6,68.8,66.8,65.8,64.7,64.2,63.3,62.7,62.5,60.9,59.7
Cameroon,Africa,CMR,Subnat,CMRr110,"Sud Ouest",79.4,78.1,78.3,76.9,76.1,75.6,74.7,73.6,72.3,70.7,69.6,68.4,64,59.7,56.6,52.4,49.3,46.1,44.8,43.9,43.6,43.8,42.5,41.4
"Cape Verde",Africa,CPV,National,CPVt,Total,68.9,67.8,66.7,65.1,63.8,62.4,57.3,55.5,52.9,51.9,49.5,48.1,47,45.4,43.3,42.1,42.6,42.1,41.6,41.4,42.3,41.4,40.6,40.1
"Cape Verde",Africa,CPV,Subnat,CPVr105,Fogo,71.6,70.5,69.5,67.9,66.6,65.2,60.1,58.4,55.7,55.5,53.2,52,51.1,49.7,47.6,46.5,47.1,46.7,45.9,45.3,46.2,45.3,44.6,44.2
"Cape Verde",Africa,CPV,Subnat,CPVr101,S.Antao,72.3,71.2,70.1,68.4,67.1,65.7,60.5,58.9,56.6,55.4,53.2,51.8,50.8,49.6,47.9,46.9,47.8,47.6,46.5,45.8,46.6,45.8,44.9,44.4
"Cape Verde",Africa,CPV,Subnat,CPVr102,S.Vicente,62.3,61.1,60,58.4,57.2,55.7,51.1,49.3,46.7,45,42.8,41.7,40.8,39.1,36.9,35.8,36.3,35.8,35.4,35.2,36.1,35.2,34.6,34.2
"Cape Verde",Africa,CPV,Subnat,CPVr104,"Santiago- Praia",63.5,62.4,61.3,59.7,58.5,57,52.2,50.3,47.5,46.9,44.3,42.8,41.7,40,38.3,37.1,37.4,37.1,36.7,36.5,37.1,36.3,35.4,34.9
"Cape Verde",Africa,CPV,Subnat,CPVr103,Santiago-Interior,77.4,76.4,75.4,73.6,72.4,70.8,65.3,63.4,61,59.9,57.5,56,54.9,53.3,51.1,49.9,50.4,49.8,49.3,48.9,49.8,49,48.2,47.7
"Central African Republic CAR",Africa,CAF,National,CAFt,Total,94.2,94.4,94.5,94.5,94.7,94.4,94.4,94,93.4,100,94,92.9,92.7,94.1,98.9,94.4,94.8,97.3,94.7,100,94.7,98.6,100,91.8
"Central African Republic CAR",Africa,CAF,Subnat,CAFr106,Bangui,80,80.3,80.2,79.8,79.7,79,78.7,76.8,75.4,80.9,73.1,71.5,70,69.5,73.9,69,68.7,70.7,67.7,71,67,69.9,74.2,63.9
"Central African Republic CAR",Africa,CAF,Subnat,CAFr101,"RS I (Ombella Mpoko, Lobaye, Kemo, Nana Grebizi, Ouaka)",94.2,94.4,94.6,94.5,94.6,94.4,94.4,94.3,94,100,95.4,94.1,93.8,95.1,99.8,95.1,95.3,97.8,95,100,94.9,98.9,100,92.1
"Central African Republic CAR",Africa,CAF,Subnat,CAFr102,"RS II (Mambera Kadei, Nana Mambere, Sangha Mbaere)",98.3,98.5,98.7,98.7,99,98.8,98.8,98.3,97.5,100,98.1,96.9,96.7,98.2,100,98.6,99,100,98.8,100,98.9,100,100,96.1
"Central African Republic CAR",Africa,CAF,Subnat,CAFr103,"RS III (Ouham Pende, Ouham)",100,100,100,100,100,100,100,100,100,100,100,100,100,100,100,100,100,100,100,100,100,100,100,100
"Central African Republic CAR",Africa,CAF,Subnat,CAFr104,"RS IV (Haute-Kotto, Baminigui Bangoran, Vakaga)",96.7,96.9,97,97.1,97.4,97.1,97.2,97.1,96.7,100,98.1,97,97,98.7,100,99.2,99.6,100,99.8,100,100,100,100,97.1
"Central African Republic CAR",Africa,CAF,Subnat,CAFr105,"RS V (Basse Kotto, Mbornou, Houte Mbormou)",98.1,98.4,98.5,98.6,98.9,98.6,98.7,98.6,98.2,100,99.7,98.8,98.8,100,100,100,100,100,100,100,100,100,100,100
Chad,Africa,TCD,National,TCDt,Total,100,100,100,100,100,100,100,100,100,99.2,98.3,97,96.3,95.9,95.5,95.1,95,94.2,93.8,93.5,92.5,91.5,90.3,89.4
Chad,Africa,TCD,Subnat,TCDr101,"Zone 1 (N'Djamena)",81.3,80.9,80.4,79.3,79.4,78.8,77.9,76.7,75.2,73,71.2,68.1,67.9,67.8,67.1,67.4,67,65.3,66.2,67.3,64.6,63.1,61.3,60.1
Chad,Africa,TCD,Subnat,TCDr102,"Zone 2 (Borkou, Ennedi, Tibesti, Kanem, Barh El Gazal, Lac)",100,100,100,100,100,100,100,100,100,100,100,99.8,98.8,98.2,97.6,97.1,97.5,97,96.7,96.6,95.7,94.4,93,91.9
Chad,Africa,TCD,Subnat,TCDr103,"Zone 3 (Guera, Batha, Salamat)",100,100,100,100,100,100,100,100,100,100,100,100,100,100,100,99.8,99.6,98.8,98.3,97.5,96.6,95.7,94.4,93.5
Chad,Africa,TCD,Subnat,TCDr104,"Zone 4 (Ouaddai, Assongha, Sila, Biltine - Wadi Fira)",100,100,100,100,100,100,100,100,100,100,100,100,100,100,100,100,100,99.6,98.4,96.8,95.9,94.9,93.8,93
Chad,Africa,TCD,Subnat,TCDr105,"Zone 5 (Chari-Baguimi, Dababa, Baguirmi, Hadjer Lamis)",100,100,100,100,100,100,100,100,100,100,100,100,99.2,98.8,98.3,98,98.2,97.6,99,98.9,97.9,96.8,95.4,94.4
Chad,Africa,TCD,Subnat,TCDr106,"Zone 6 (Mayo-Kebbi Est and Ouest)",100,100,100,100,100,100,100,100,100,100,100,100,99.6,98.8,98.1,97.3,97,95.8,94.8,93.9,93,92.1,90.9,90.1
Chad,Africa,TCD,Subnat,TCDr107,"Zone 7 (Logone Occidental & Oriental, Monts de Lam, Tandjile Est & Ouest)",100,100,100,100,100,100,100,100,100,100,100,98.7,97.7,96.9,96.1,95.4,95.7,95.2,95.4,95.4,94.6,93.8,92.7,92
Chad,Africa,TCD,Subnat,TCDr108,"Zone 8 (Mandoul, Moyen-Chari, Bahr Koh, Lac Iro)",100,100,100,100,100,100,100,100,100,100,100,98.8,97.7,96.8,96,95.2,95.1,94.3,93.2,92.8,92.1,91.2,90.2,89.5
Chili,America,CHL,National,CHLt,Total,39.4,38.2,37.1,36.3,34.9,33.5,32.2,31.4,30.6,29.6,27.9,27.1,26.6,26.1,25.8,25.8,25.7,25.4,25.2,25.4,25.9,25.5,25.3,24.8
Chili,America,CHL,Subnat,CHLr111,Aisen,42.9,42,41.1,41,40,39.2,38.7,39.1,38.5,37.5,34.7,33.4,32.4,32.5,31.8,32.4,31.8,31.4,30.2,30.5,30.9,30.6,30.3,29.8
Chili,America,CHL,Subnat,CHLr102,Antofagasta,36.8,35.5,34.4,33.7,32.6,31.5,30.7,30.5,29.6,28.3,25.9,25.1,24.7,24,23.8,23.8,23.7,23.5,23.3,23.5,23.9,23.6,23.3,22.8
Chili,America,CHL,Subnat,CHLr109,Arbucania,46.5,45.2,44.4,44,43.3,42.5,42.1,42.4,41.9,40.7,37.7,36.2,35.1,35.1,34.3,34.9,34.2,34,32.9,33.2,33.7,33.3,32.9,32.4
Chili,America,CHL,Subnat,CHLr103,Atacama,40,38.7,37.7,37.1,36.2,35.5,34.7,34.8,34.1,32.9,29.9,28.5,28,27.5,27.2,27.3,27.2,27.4,26.9,27.2,27.6,27.3,27,26.5
Chili,America,CHL,Subnat,CHLr108,"Bio Bio",41.3,40.5,39.5,38.9,37.9,37.1,36.5,36.7,36,34.7,31.8,30.3,29.8,29.3,29,29.1,28.9,29,28.4,28.7,29.1,28.8,28.5,28
Chili,America,CHL,Subnat,CHLr104,Coquimbo,42.1,41,40.2,39.8,39,38.3,37.8,37.9,37.3,36.1,33,31.5,30.7,30.4,29.9,30.2,29.7,29.5,29.1,29.4,29.9,29.5,29.3,28.7
Chili,America,CHL,Subnat,CHLr110,"Los Lagos (incl Los Rios)",45.6,44,43.1,42.7,41.8,41.1,40.6,40.8,40.2,39,35.9,34.3,33.3,33.2,32.4,33,32.4,31.7,30.8,31,31.5,31.2,30.9,30.4
Chili,America,CHL,Subnat,CHLr112,"Magallanes and La Antartica Chilena",37.5,36.2,35.1,34.8,33.4,32.3,31.4,31.3,30.5,29.2,26.3,25.5,25,24.5,24.2,24.3,24.2,23.4,22.6,22.9,23.4,23,22.7,22.2
Chili,America,CHL,Subnat,CHLr107,Maule,43.4,42.5,41.5,41.1,40.3,39.6,39,39.3,38.7,37.5,34.5,33.1,32.6,32.2,31.9,32,31.9,31.7,31,31.3,31.8,31.5,31.2,30.7
Chili,America,CHL,Subnat,CHLr106,OHiggins,41.8,40.9,39.9,39.4,38.6,37.8,37.3,37.5,36.7,35.6,32.5,30.9,30.4,29.9,29.6,29.6,29.5,29.8,29.3,29.6,30.1,29.7,29.5,29
Chili,America,CHL,Subnat,CHLr113,"Region Metropolitana",36.3,34.8,33.6,33,31.6,30.5,29.7,29.4,28.5,27.4,25.4,24.7,24.3,23.8,23.6,23.6,23.6,22.9,23,23.2,23.6,23.3,23,22.5
Chili,America,CHL,Subnat,CHLr101,"Tarapaca (incl Arica and Parinacota)",38.2,37,36,35.5,34.5,33.6,32.9,32.9,32.1,30.9,27.8,26.3,25.9,25.3,25,25,24.9,25,24,24.2,24.6,24.3,24,23.5
Chili,America,CHL,Subnat,CHLr105,"Valparaiso (former Aconcagua)",37.8,36.3,35.3,34.7,33.6,32.8,32,31.9,31,29.8,26.7,25.8,25.5,24.9,24.7,24.7,24.6,24.2,24,24.3,24.7,24.3,24.1,23.6
China,Asia/Pacific,CHN,National,CHNt,Total,60.4,59.6,58.6,56.9,55.3,53.5,52.2,50.7,49.3,47.8,46.4,44.9,43.5,41.8,40.7,40,39,38,36.6,35.4,34.8,34.1,33.7,33.4
China,Asia/Pacific,CHN,Subnat,CHNr112,Anhui,66.8,66.2,65.4,63.7,61.9,60.5,59.2,58,56.4,55,53.6,51.9,50.3,47.4,46,45.7,44.8,44.1,42.8,41.7,41,40.4,40,39.7
China,Asia/Pacific,CHN,Subnat,CHNr101,Beijing,46.3,45.8,45.2,44.2,43.2,41.6,40.8,39.9,39.2,38.2,37.4,36.4,35,34.5,33.3,32.7,31.6,30.4,28.7,27.5,27.1,26.3,26.2,25.9
China,Asia/Pacific,CHN,Subnat,CHNr122,Chongqing,62.6,61.9,60.9,59.6,58.2,56.4,55,53.9,52.2,50.7,49.4,47.8,44.6,41.4,40.4,39.8,38.8,37.7,36.4,35.1,34.5,33.7,33.4,33
China,Asia/Pacific,CHN,Subnat,CHNr113,Fujian,59.6,58.6,57.5,56.1,54.7,53,51.8,50.9,49.5,47.1,45.5,43.8,43.6,42.6,41.3,40.6,39.7,38.3,37,36.4,35.1,34.4,34.3,33.9
China,Asia/Pacific,CHN,Subnat,CHNr128,Gansu,70.9,70.1,69.1,66.4,63.8,61.5,59.8,57.6,55.1,53.1,51,48.6,46.5,44.1,43.3,42.9,41.8,41,39.9,39.1,38,37.6,37.4,37.2
China,Asia/Pacific,CHN,Subnat,CHNr119,Guangdong,56.7,55.9,55,53.8,52.7,50.8,50,48.9,47.6,46.4,45.7,44.5,43.5,42.3,41,39.1,38,37,35.8,34.6,33.9,33.2,32.9,32.5
China,Asia/Pacific,CHN,Subnat,CHNr120,Guangxi,72.8,72.1,71.3,69.4,67,64.4,62.2,60.5,58.5,56.5,55,53.1,47.7,42.7,41.6,40.8,39.9,39,37.6,36.3,35.8,35.1,34.7,34.4
China,Asia/Pacific,CHN,Subnat,CHNr124,Guizhou,76.5,75.5,74.4,72.6,70.8,69.6,67.1,64.8,62.1,60,58.2,55.9,50.5,44.8,43.1,43,41.9,40.6,39.4,38.5,37.5,36.4,36.3,36
China,Asia/Pacific,CHN,Subnat,CHNr121,Hainan,61.5,60.6,59.4,57.8,56.3,54.6,53.6,52.5,51.1,49.7,48.3,46.6,45.6,44.6,43.4,42.3,41.2,39.9,38,36.8,36.7,35.8,35.6,35.2
China,Asia/Pacific,CHN,Subnat,CHNr103,Hebei,63.1,62.5,61.8,59.8,58,55.9,54.7,53.4,51.5,49.9,48.7,47.1,45.6,43.8,43.1,42.5,41.9,40.9,39.7,38.5,38,37.3,37.1,36.7
China,Asia/Pacific,CHN,Subnat,CHNr108,Heilongjiang,57.2,56.4,55.7,53.8,52.5,50.9,49.9,49,47.6,46.4,45.2,43.6,42.4,40.5,39.1,38.3,37.3,36.5,35.1,34.4,33.6,33.1,32.8,32.6
China,Asia/Pacific,CHN,Subnat,CHNr116,Henan,65,64.1,63.1,61.3,59.5,57.5,56.2,55,53.1,51.6,50.5,49.1,46.8,44.6,43.6,43.3,42.3,41.5,40.3,39.1,38.5,37.8,37.7,37.4
China,Asia/Pacific,CHN,Subnat,CHNr117,Hubei,60.9,60.3,59.6,57.9,56.3,55,53.5,52.2,50.7,49.6,48.5,47,44.5,41.8,41.4,40.9,40,39,37.6,36.2,35.8,35.1,34.9,34.5
China,Asia/Pacific,CHN,Subnat,CHNr118,Hunan,72,71.4,70.6,67.3,64.2,61,58.5,56.1,53.5,50.9,49,46.7,45.3,43.6,42.8,42.2,41.3,40.5,39.1,38,37.6,36.9,36.6,36.3
China,Asia/Pacific,CHN,Subnat,CHNr105,"Inner Mongolia",56.2,55.2,54.1,52.5,51.2,49.5,48.6,47.3,46.2,44.8,43.5,41.9,41.3,40.7,39.8,38.9,37.7,37.1,35.7,34.4,34.3,33.4,33,32.7
China,Asia/Pacific,CHN,Subnat,CHNr110,Jiangsu,56.8,56.1,55.2,53.7,52.4,50.2,49,47.8,46.4,45.1,43.7,42.1,40.8,39.4,38.9,38.3,37.3,36.3,35.1,33.8,33.1,32.3,32,31.5
China,Asia/Pacific,CHN,Subnat,CHNr114,Jiangxi,73.6,73,72.3,69.3,65.9,62.7,60.1,57.2,54.2,51.6,49.4,47.1,46.6,45.4,44.7,44.3,43.5,42.6,41.1,39.8,39.4,38.6,38.5,38.3
China,Asia/Pacific,CHN,Subnat,CHNr107,Jilin,66.3,65.7,65.1,62.6,60.4,58.2,56.2,54.5,52.3,50.3,48.6,46.4,44.4,42.1,41.3,40.9,40,39.2,38,37.1,36.2,35.7,35.7,35.5
China,Asia/Pacific,CHN,Subnat,CHNr106,Liaoning,54.4,53.8,53,52.2,51.4,50.2,49.6,49,47.9,46.9,46.4,45.3,43.1,40.6,39.5,38.3,37.3,36.4,35.2,34.2,33.7,32.9,32.6,32.2
China,Asia/Pacific,CHN,Subnat,CHNr130,Ningxia,54.7,53.7,52.8,51.1,49.8,48.7,47.7,46.5,44.7,43.5,42.6,41.5,40.7,39.8,39,38.4,37.3,36,35.1,34.5,33.4,32.9,32.7,32.4
China,Asia/Pacific,CHN,Subnat,CHNr129,Qinghai,66.3,65.6,64.8,62.6,59.4,56.1,53.3,51,48.3,45.9,43.5,41,43.1,45.2,43.1,42.9,41.5,40.5,39.1,38,37.1,36.4,36,35.7
China,Asia/Pacific,CHN,Subnat,CHNr127,Shaanxi,68.3,67.7,66.9,64.5,62.2,59.7,58.1,56.5,54.4,52.6,51,49.1,44.5,40,39.1,37.9,37,35.9,34.7,33.6,32.9,32.1,31.7,31.3
China,Asia/Pacific,CHN,Subnat,CHNr115,Shandong,65.1,64.3,63.3,60.6,58,55.3,53,50.8,48.2,46.1,44.3,42.2,41.2,40,39.4,39,38.1,37.3,36.3,35.2,34.3,33.7,33.3,32.9
China,Asia/Pacific,CHN,Subnat,CHNr109,Shanghai,51,50.4,49.6,47.8,46.3,44.1,42.7,41.4,40.1,39,38.3,37.4,35.8,34.2,33.5,33.2,32.2,31.3,30.1,29.2,28.8,28.3,28.1,27.6
China,Asia/Pacific,CHN,Subnat,CHNr104,Shanxi,61.6,60.9,60,58,56,53.5,51.8,50.3,48.5,47.1,45.6,43.9,44,43.9,43.2,43,41.9,40.9,39.6,38.5,37.8,37,36.6,36.2
China,Asia/Pacific,CHN,Subnat,CHNr123,Sichuan,65.4,64.7,63.8,61.6,59.5,57.9,56.1,54.1,52.3,50.4,48.8,46.9,43.9,41,40.4,40.1,39.3,38.3,36.8,35.5,34.8,34.2,33.8,33.5
China,Asia/Pacific,CHN,Subnat,CHNr102,Tianjin,50.1,49.4,48.8,47.1,45.4,43.4,42.2,41.2,39.7,38.3,37.1,35.7,35,35.2,34.5,34.3,33.2,32.2,30.7,29.8,29.4,28.8,28.7,28.5
China,Asia/Pacific,CHN,Subnat,CHNr126,Tibet,68.2,67.2,66.2,64.4,61.5,58.9,56.4,53.1,50.6,48.4,46.2,43.8,45.1,47.6,46.7,44.7,44,42.7,41.5,40.3,39,38.4,38.1,37.8
China,Asia/Pacific,CHN,Subnat,CHNr131,Xinjiang,62.8,62.2,61.5,59.5,56.5,53.3,50.8,48.4,45.8,43.5,41.5,39.2,41,43.5,41.7,40.5,39.8,38.5,37.3,36.4,35.8,35.1,34.7,34.4
China,Asia/Pacific,CHN,Subnat,CHNr125,Yunnan,71.7,71.1,70.2,67.8,65.4,63.9,62.2,60.8,59.2,57.5,55.7,53.4,48.9,44.2,43.1,42.2,41,40.3,38.9,37.3,36.8,35.9,35.7,35.3
China,Asia/Pacific,CHN,Subnat,CHNr111,Zhejiang,62.7,62,61.2,59.1,57.1,55.1,53.2,52,50.1,48.2,46.4,44.3,42.6,41.3,40.6,39.8,38.9,38.1,36.4,35.3,34.7,34.1,33.7,33.2
Colombia,America,COL,National,COLt,Total,51.9,52.3,50.8,50,48.8,45.8,44.9,42.8,41.2,40.8,39.6,38.5,37.6,36.8,35.5,34.8,34.2,33.8,33.5,33.2,34.4,34.1,32.5,32.1
Colombia,America,COL,Subnat,COLr129,Amazonas,46.6,47.8,46.6,46.2,46.2,45.2,48.6,51.1,54.4,58.2,61.1,58.7,56.8,54.4,51.5,49.8,49.5,49.1,48.9,48.9,50.4,48.6,46.8,47.6
Colombia,America,COL,Subnat,COLr101,"Antioquia (incl Medellin)",49.7,49.8,48.7,48,46.8,43.5,42.8,40.9,39.3,39.3,38.2,37,35.9,34.9,33.8,32.8,32,32,31.6,31.4,32.6,32.3,30.7,30.3
Colombia,America,COL,Subnat,COLr125,Arauca,45.8,46.8,45.6,45.1,44.1,41.7,41.3,40.1,39.4,39.9,39.4,39,38.6,38.1,36.7,36.7,36.5,36.1,35.9,35.7,36.8,36.6,35.1,34.6
Colombia,America,COL,Subnat,COLr102,"Atlantico (incl Barranquilla)",50,50.3,48.3,47.3,46,43.3,42.3,39.8,38,37.6,36.3,35.2,34.2,33.5,32.1,31.2,30.4,30.5,30.2,30.1,31.1,31,29.5,29.1
Colombia,America,COL,Subnat,COLr103,"Bogota D.C.",45.3,45.2,43.4,42.3,40.4,35.6,35.1,33.7,32.6,33.2,32.8,32.1,31.5,30.6,29.6,29.5,29.3,28.7,28.4,28.3,29.3,29.2,27.7,27.3
Colombia,America,COL,Subnat,COLr104,"Bolivar (Sur and Norte)",53.7,54.8,53.3,52.9,52.3,50.5,49.5,47,45.2,44.7,43.3,41.8,40.6,39.7,38.1,36.9,36.1,36.1,35.8,35.6,37,36.5,34.8,34.4
Colombia,America,COL,Subnat,COLr105,Boyaca,56.3,57.4,56.5,56.6,56.6,55.2,53.3,50.1,47.4,46,43.7,42.4,41.2,40.3,39.1,38,37.2,37.2,36.8,36.6,37.9,37.6,36,35.5
Colombia,America,COL,Subnat,COLr106,Caldas,49.4,49.8,48.5,48.1,47.2,44.6,43.6,41.4,39.6,39.3,38,37.1,36.3,35.6,34.8,34,33.3,33.3,32.9,32.7,33.8,33.5,32,31.6
Colombia,America,COL,Subnat,COLr107,Caqueta,60,61.2,59.6,59.2,59.2,59,56.9,53.3,50.4,48.5,45.9,45.1,44.6,44.1,43.6,43.1,42.2,42.1,41.7,41.6,42.9,41.6,39.9,40.4
Colombia,America,COL,Subnat,COLr126,Casanare,43.5,44.5,43.3,42.8,41.7,39.3,39.5,39,38.9,40.1,40.3,39.6,39.1,38.2,36.7,36.4,36.2,35.9,35.8,35.5,36.8,36.4,34.8,34.5
Colombia,America,COL,Subnat,COLr108,Cauca,61.6,63,61.3,61.1,60.9,59.2,57.2,54.1,51.7,49.9,47.5,46.4,45.7,45.3,44,43.8,43.4,42.7,42.6,42.6,44,43.4,41.7,41.4
Colombia,America,COL,Subnat,COLr109,Cesar,54.8,56.2,55.1,55,54.9,53.4,52,49.1,46.9,45.9,44.1,43,42,41.4,40.1,39.2,38.4,38.4,38,37.9,39.4,38,36.3,36.8
Colombia,America,COL,Subnat,COLr112,Choco,69.6,69.4,66,64.2,62.6,59.5,58.5,56.3,54.8,54,52.5,51.9,51.6,51.7,51.1,51.5,51.1,50.3,50.3,50.4,52.4,50.8,49,49.1
Colombia,America,COL,Subnat,COLr110,Cordoba,59.2,61.2,59.7,59.4,59,57.1,56.1,53.6,51.9,51.2,49.7,48,46.7,45.7,44,42.7,41.9,41.8,41.6,41.6,43.1,42.7,40.9,40.3
Colombia,America,COL,Subnat,COLr111,Cundinamarca,55.5,55.7,53.8,52.9,52.1,49.7,48.3,45.7,43.6,42.8,41.2,39.7,38.4,37.1,35.8,34.5,33.7,33.7,33.3,33,34.1,33.9,32.3,31.9
Colombia,America,COL,Subnat,COLr130,Guainja,50.6,52.3,52.2,53.1,53.7,52.7,54,54.3,55.2,56.8,57.7,58,58.7,59,58.8,59.7,59.3,58.9,58.7,59.1,61.6,56.5,54.4,57.6
Colombia,America,COL,Subnat,COLr114,Guajira,63.5,64.2,61,59.5,58,54.8,54.5,52.8,51.7,51.7,51,50,49.1,48.6,47.5,46.7,45.9,45.8,45.5,45.6,47.4,45.1,43.2,44.2
Colombia,America,COL,Subnat,COLr131,Guaviare,50.5,52.4,52.2,53.2,54,53.6,51.7,48.7,46.5,45.2,43.2,41.4,39.8,37.9,35.4,34.4,34.2,33.9,33.8,33.6,34.8,34.7,33.1,32.6
Colombia,America,COL,Subnat,COLr113,Huila,54.7,54.8,53.1,52.3,51.3,48.8,47.8,45.7,44.1,43.8,42.5,41.3,40.2,39.2,38.2,37.1,36.4,36.4,36,35.8,37,36.8,35.2,34.7
Colombia,America,COL,Subnat,COLr115,Magdalena,55.1,56.6,55.3,55.1,54.8,53.1,52,49.4,47.5,46.8,45.2,43.7,42.5,41.6,39.9,38.7,37.9,37.9,37.6,37.4,38.8,38.1,36.5,36.3
Colombia,America,COL,Subnat,COLr116,Meta,45.3,47.6,47.7,48.6,49.1,48.3,47.1,44.9,43.1,42.5,41,39.9,38.9,37.7,35.6,35,34.7,34.4,34.2,34,35.2,34.5,32.9,32.9
Colombia,America,COL,Subnat,COLr117,Narino,59,58.8,56.5,55.4,54.2,51.6,51,49.4,48.4,48.2,47.2,45.9,44.8,44.1,42.6,42.1,41.7,41,40.9,40.8,42.3,41.6,39.9,39.7
Colombia,America,COL,Subnat,COLr118,"Norte de Santander",50.4,51.3,50.5,50.3,49.9,48,47,44.7,42.9,42.4,41,39.7,38.6,37.5,36.4,35.2,34.4,34.3,33.8,33.6,34.7,34.5,32.9,32.5
Colombia,America,COL,Subnat,COLr127,Putumayo,45.5,46.6,45.5,45.1,44.3,43.1,44,44,44.6,46.3,46.9,45.9,45.2,44.1,42.3,41.9,41.6,41.2,41,40.9,42,41.4,39.8,39.8
Colombia,America,COL,Subnat,COLr119,Quindio,48.5,48.4,46.6,45.7,44.2,40.7,40.1,38.3,36.9,37,36.1,35.1,34.2,33.5,32.6,31.9,31.1,31.2,30.7,30.5,31.6,31.4,29.9,29.4
Colombia,America,COL,Subnat,COLr120,Risaralda,47.8,48,46.5,45.9,44.8,42.1,41.5,39.9,38.7,38.9,38.2,37.2,36.3,35.5,34.6,33.8,33.1,33.2,32.7,32.5,33.5,33.3,31.8,31.4
Colombia,America,COL,Subnat,COLr128,"San Andres",44.9,45.7,44.8,44.4,43.7,42.2,41.6,39.5,38,38.1,37.2,36.2,35.2,34.6,33.2,32.4,31.6,31.6,31.3,31.1,32.1,31.9,30.4,29.9
Colombia,America,COL,Subnat,COLr121,Santander,52.8,53.2,51.5,50.6,49.2,45.8,45,43.1,41.7,41.6,40.5,38.8,37.3,35.8,34.3,32.9,32.2,32.3,31.8,31.6,32.7,32.5,30.9,30.5
Colombia,America,COL,Subnat,COLr122,Sucre,55,56,54,53.2,52.6,50.6,49.8,47.6,46.1,45.7,44.4,43.2,42.2,41.4,40,39,38.2,38.2,37.9,37.7,39.1,38.5,36.8,36.6
Colombia,America,COL,Subnat,COLr123,Tolima,60.6,60.1,57,55.1,53,49.5,48.3,45.9,44.1,43.5,42,41,40.2,39.5,38.7,37.9,37,36.9,36.4,36.3,37.6,37.3,35.7,35.1
Colombia,America,COL,Subnat,COLr124,"Valle (incl Cali)",49.8,49.2,47.2,46.1,44.4,40.6,39.8,38.2,37,37.1,36.1,34.9,33.9,33.3,31.7,31.4,31.1,30.5,30.4,30.2,31.2,31.1,29.5,29.1
Colombia,America,COL,Subnat,COLr132,Vaupis,51.6,54.8,54.5,55.3,55.9,54.9,55.9,55.7,56.3,57.4,57.8,59.3,61.2,62.6,63.7,65.8,65.4,64.9,64.8,65.2,68.1,62.2,59.9,63.6
Colombia,America,COL,Subnat,COLr133,Vichada,49.3,50.8,49.4,49.1,49.4,49.2,50,49.7,50.2,51.2,51.4,47.7,44.3,40.5,36,33.2,32.9,32.6,32.4,32.2,33.3,33.2,31.6,31.2
Comoros,Africa,COM,National,COMt,Total,81.5,80.2,79.2,79.4,78.4,78.2,76.9,76.4,75.4,74.3,72.3,71.3,70.2,69.1,67.7,67.3,66.4,65.7,65,63.8,61.6,60.9,60.1,61.2
Comoros,Africa,COM,Subnat,COMr103,"Anjouan (Ndzouani)",85,83.6,82.3,82.2,81,80.6,79,78.3,77.2,76.1,74.3,73.4,72.3,71.3,70,69.7,68.8,67.9,67,65.7,63.7,63.1,62.2,65.2
Comoros,Africa,COM,Subnat,COMr101,"Grande Comore (Ngazidja)",81.2,80,79,79.1,78.2,77.9,76.6,76,75,73.8,71.6,70.5,69.2,68,66.6,66.1,65.2,64.6,64,62.8,60.4,59.8,59.2,57.8
Comoros,Africa,COM,Subnat,COMr102,Moheli,81.4,80,78.8,78.7,77.4,77,75.4,74.7,73.4,72,70.1,68.9,67.7,66.6,65.4,65.2,64.5,63.9,63.4,61.9,59.5,58.7,58,61.3
"Congo Brazzaville",Africa,COG,National,COGt,Total,82.4,81.6,79.4,78.6,77.6,77,75.2,73.7,71.9,68.3,67.2,66.6,66,65.1,64.3,63.6,63.3,63.8,63.7,63.8,62.6,62.4,60.5,59.7
"Congo Brazzaville",Africa,COG,Subnat,COGr204," Bouenza",89.5,88.8,86.6,85.9,85,85.1,84.1,83.1,81.9,79.2,78.7,78.7,79.3,79.7,80.1,80.7,80.4,80.7,80.6,80.8,79.7,79.5,76.3,75.7
"Congo Brazzaville",Africa,COG,Subnat,COGr211," Brazzaville",68.9,67.9,65.7,64.6,63.5,62.3,60.9,59.8,58.3,54.8,53.9,54,53.3,52.4,51.4,50.6,50.4,50.9,51,51.1,49.9,49.7,49.2,48.5
"Congo Brazzaville",Africa,COG,Subnat,COGr207," Cuvette",97.6,97,94.7,94.2,93.3,93.1,91,89,86.8,83.2,81.9,80.9,80.4,79.6,79,78.5,78.1,78.4,78.2,78.4,77.3,77.1,74,73.3
"Congo Brazzaville",Africa,COG,Subnat,COGr208," Cuvette Ouest",95.5,94.9,92.6,92.3,91.5,90.1,89.8,89.5,89.1,87.3,87.8,88.5,88.6,88.5,88.4,88.6,88.3,88.4,88.1,88.3,87.4,87.2,83.2,82.5
"Congo Brazzaville",Africa,COG,Subnat,COGr201," Kouilou",97.8,97.1,94.8,94.2,93.4,93.8,92.2,90.6,88.9,85.6,84.7,84.3,84.2,83.9,83.7,83.7,83.5,84,83.9,84.1,83.1,83,78.7,78
"Congo Brazzaville",Africa,COG,Subnat,COGr203," Lekoumou",96.1,95.6,93.3,92.8,92,91.3,90.6,90,89.3,87.1,87.4,87.7,87.9,87.8,87.7,87.8,87.7,87.9,87.8,88,87,86.9,83.1,82.4
"Congo Brazzaville",Africa,COG,Subnat,COGr210," Likouala",96.9,96.2,93.8,93.2,92.3,92.3,91.7,91.2,90.5,88.9,89.2,89.6,89.8,89.7,89.6,89.6,89.3,89.4,89.2,89.4,88.5,88.3,84.5,83.8
"Congo Brazzaville",Africa,COG,Subnat,COGr202," Niari",93.5,92.9,90.7,90.1,89.3,88.9,86.5,84.2,81.7,77.7,76,74.7,74.7,74.5,74.4,74.4,74.1,74.4,74.3,74.4,73.4,73.1,70.1,69.4
"Congo Brazzaville",Africa,COG,Subnat,COGr206," Plateaux",99.1,98.5,96.2,95.6,94.8,94.8,93.7,92.7,91.6,89.1,88.9,89,88.2,87.2,86.3,85.6,85.3,85.5,85.4,85.6,84.5,84.3,80.4,79.7
"Congo Brazzaville",Africa,COG,Subnat,COGr212," Pointe Noire",71.8,70.9,68.7,67.7,66.7,65.6,63.9,62.5,60.7,57,55.9,55.6,55.1,54.5,53.8,53.3,53.1,53.6,53.7,53.9,52.7,52.5,51.2,50.5
"Congo Brazzaville",Africa,COG,Subnat,COGr205," Pool",99.8,99.2,97,96.5,95.7,94.9,93.3,91.8,90.1,87.1,86.5,86.1,86.9,87.6,88.3,89.2,89,89.3,89.2,89.5,88.5,88.3,84.1,83.4
"Congo Brazzaville",Africa,COG,Subnat,COGr209," Sangha",92.1,91.5,89.2,88.6,87.8,88.6,87.5,86.5,85.3,82.9,82.6,82.5,81.8,80.9,80.1,79.4,79,79.2,79,79.2,78.1,77.9,74.4,73.7
"Congo Democratic Republic",Africa,COD,National,CODt,Total,97.6,,,97.2,96.9,96.7,95.9,94.8,94.3,94,93.1,92.1,91.2,89.8,88.7,87.9,88.2,87.3,86.9,86.6,86,85.4,84.8,84
"Congo Democratic Republic",Africa,COD,Subnat,CODr103,Bandundu,100,,,100,100,100,100,100,99.7,98.9,97.8,97.3,97,96.2,95.8,95.6,95.9,95.7,95.7,95.2,94.5,94.2,93.5,92.9
"Congo Democratic Republic",Africa,COD,Subnat,CODr102,Bas-Congo,98,,,97.6,97.3,96.5,95.7,94.6,94.2,94.8,94.8,92.3,90,86.8,84.9,84.1,84.9,83.6,83.1,83,82.4,81.8,81.3,80.6
"Congo Democratic Republic",Africa,COD,Subnat,CODr104,Equateur,100,,,100,100,100,100,100,100,100,100,100,100,98.8,98,97.4,97.3,96.7,96.3,96.1,95.7,95.6,95.1,94.8
"Congo Democratic Republic",Africa,COD,Subnat,CODr111,"Kasai Occidental",100,,,100,100,100,100,100,100,100,100,99.4,98.1,96.2,96.6,97.5,98.9,99.3,100,99.7,99,98.6,97.8,97.2
"Congo Democratic Republic",Africa,COD,Subnat,CODr110,"Kasai Oriental",99.4,,,99,98.8,98.6,98.2,97.6,96.8,96.4,95.5,94.7,94.3,93.1,92.4,92.6,93.4,93,93.2,92.9,92.2,91.8,91.1,90.4
"Congo Democratic Republic",Africa,COD,Subnat,CODr109,Katanga,93.5,,,93,92.7,93.1,92,90.5,92.2,93.6,94.9,92.7,90.7,88.1,87.9,87.8,88.9,88.6,88.9,88.7,88,87.6,87,86.3
"Congo Democratic Republic",Africa,COD,Subnat,CODr101,Kinshasa,72.8,,,72.1,71.5,71.7,69.2,66.2,62.1,61.6,58.9,56.1,52.6,50.2,52.4,51.8,54.3,54.3,55.5,54.9,53.3,51.8,50.6,49.8
"Congo Democratic Republic",Africa,COD,Subnat,CODr108,Maniema,100,,,99.7,99.4,100,99.7,98.8,99,99,98.8,97.2,95.9,94.1,94.7,95.6,97.2,97.7,98.6,98.3,97.7,97.3,96.7,96.1
"Congo Democratic Republic",Africa,COD,Subnat,CODr106,Nord-Kivu,100,,,100,100,100,100,100,100,100,99,96.1,93.4,90,88.6,88,88.5,87.6,87.4,87.2,86.5,85.9,85.3,84.6
"Congo Democratic Republic",Africa,COD,Subnat,CODr105,Orientale,100,,,100,100,100,100,100,100,99.5,97.6,96.4,95.4,94,92.7,91.9,91.9,90.8,90.3,90.2,89.7,89.4,89,88.5
"Congo Democratic Republic",Africa,COD,Subnat,CODr107,Sud-Kivu,99.4,,,99,98.7,99.2,98.3,97,97.8,98.5,98.9,97.8,96.9,95.2,92.7,91.3,91.3,89.6,88.8,88.3,87.4,86.5,85.5,84.5
"Costa Rica",America,CRI,National,CRIt,Total,46,44.3,43.6,42.7,42,40.7,40.1,39.2,37.7,37.6,35,33.3,30.8,29.6,29.4,29,29.2,29,28.7,28.3,28.5,28.7,28.1,27.8
"Costa Rica",America,CRI,Subnat,CRIr102,Alajuela,47.3,45.3,44.9,44.1,43.6,42.3,41.7,40.7,39.1,39.2,36.8,34.9,32.2,31.1,31,30.5,30.6,30.3,30.1,29.8,29.9,30.1,29.6,29.3
"Costa Rica",America,CRI,Subnat,CRIr103,Cartago,44.7,43.1,42.4,41.4,40.6,39.4,38.9,38,36.5,36.4,33.7,31.9,29.3,28.4,27.8,27.4,27.6,27.3,26.6,26.2,26.4,26.6,26,25.7
"Costa Rica",America,CRI,Subnat,CRIr105,Guanacaste,49.5,47.9,47.3,46.4,45.7,44.2,43.3,42.5,41.1,41.1,38.6,36.7,34,33.3,32.5,32.2,32.5,32.5,31.5,31.2,31.4,31.6,31.1,30.8
"Costa Rica",America,CRI,Subnat,CRIr104,Heredia,42.2,40.9,40.1,38.9,38,37,36.6,35.6,34,34,31.5,29.6,27.1,25.9,26.1,25.8,26,25.8,25.5,25.2,25.4,25.6,25.1,24.8
"Costa Rica",America,CRI,Subnat,CRIr107,Limon,50.6,48.9,48.3,47.4,46.7,45.7,45.2,44,42.3,42.4,39.9,38.5,36.1,34.4,34.4,33.8,33.8,33.3,32.4,32.1,32.3,32.5,32,31.7
"Costa Rica",America,CRI,Subnat,CRIr106,Puntarenas,50.1,49,48.1,47,46,45.2,45,44.2,42.8,42.8,40.3,38.4,35.5,34.6,33.9,33.5,33.7,33.6,33.4,33,33.2,33.4,32.9,32.6
"Costa Rica",America,CRI,Subnat,CRIr101,"San Jose",43.4,41.6,40.9,40,39.2,37.8,37,36.2,34.7,34.5,31.9,30.3,28,26.8,26.5,26.3,26.6,26.6,26.5,26.1,26.3,26.5,25.9,25.6
"Cote d'Ivoire",Africa,CIV,National,CIVt1,Total,85.1,84.9,84.7,84.8,84.8,83.7,82.4,80.1,78.1,76.5,75.2,74.1,73.7,71.3,69.6,68.4,66.9,65.1,63.3,62.7,62.5,61.8,60.2,60.1
"Cote d'Ivoire",Africa,CIV,Subnat,CIVr101," Abidjan",68.2,68,67.7,67.8,67.7,66.4,65,62.9,60.7,59.3,57.9,56.9,56.4,53.7,52,50.7,49.5,48.2,46.9,46.2,46.1,45.4,43.9,43.8
"Cote d'Ivoire",Africa,CIV,Subnat,CIVr103," Bas Sassandra",93.1,92.9,92.8,92.9,93,92,90.9,88.4,86.5,85,82.4,81.5,81.2,78.9,77.4,76.3,74.7,72.8,71,70.6,70.5,69.9,68.3,68.3
"Cote d'Ivoire",Africa,CIV,Subnat,CIVr104," Comoe",83.7,83.4,83.2,83.3,83.2,82,80.7,78.4,76.3,74.8,73.1,72,71.6,69,67.3,66,64.5,62.7,60.9,60.2,59.9,59.2,57.6,57.5
"Cote d'Ivoire",Africa,CIV,Subnat,CIVr105," Denguele",93.1,93,92.8,93,93,91.9,90.8,88.4,86.4,84.8,84.1,83.1,82.7,80.3,78.9,77.7,76.2,74.5,72.9,72.4,72.2,71.5,69.9,69.7
"Cote d'Ivoire",Africa,CIV,Subnat,CIVr106," Goh-Djiboua",88.8,88.6,88.4,88.4,88.4,87.2,86,83.6,81.6,80,78.9,77.8,77.4,74.8,73.1,71.8,70.1,68.2,66.4,65.7,65.4,64.7,63.1,63
"Cote d'Ivoire",Africa,CIV,Subnat,CIVr107," Lacs",89.6,89.4,89.2,89.3,89.3,88.2,87,84.6,82.6,81.1,79.6,78.6,78.2,75.7,74.2,72.9,71.2,69.3,67.4,66.8,66.5,65.8,64.2,64.1
"Cote d'Ivoire",Africa,CIV,Subnat,CIVr108," Lagunes",87,86.8,86.7,86.8,86.8,85.7,84.5,82.2,80.3,78.7,76.7,75.6,75.3,72.9,71.3,70.1,68.6,66.8,64.9,64.2,64,63.4,61.8,61.7
"Cote d'Ivoire",Africa,CIV,Subnat,CIVr109," Montagnes",95.4,95.2,95,95.2,95.2,94.3,93.2,90.7,88.9,87.3,86.1,85,84.7,82.4,80.9,79.8,78,76.1,74.2,73.8,73.6,73,71.4,71.3
"Cote d'Ivoire",Africa,CIV,Subnat,CIVr110," Sassandra-Marahoue",93.8,93.7,93.5,93.7,93.8,92.8,91.7,89.1,87.3,85.6,84.3,83.2,82.8,80.6,79,77.8,76.2,74.3,72.5,72,71.8,71.2,69.6,69.5
"Cote d'Ivoire",Africa,CIV,Subnat,CIVr111," Savanes",92,91.9,91.8,92,92,91.1,90,87.6,85.8,84.3,83.2,82.1,81.7,79.4,77.9,76.7,75.1,73.2,71.2,70.5,70.3,69.6,68,67.8
"Cote d'Ivoire",Africa,CIV,Subnat,CIVr112," Vallee du Bandama",86.1,86,85.8,85.9,85.8,84.7,83.6,81.3,79.3,77.7,76.7,75.5,75.1,72.6,71,69.7,68.1,66.4,64.4,63.5,63.2,62.5,60.9,60.8
"Cote d'Ivoire",Africa,CIV,Subnat,CIVr113," Woroba",99.3,99.2,99,99.2,99.2,98.3,97.2,94.5,92.7,90.9,89.6,88.4,88.1,85.8,84.3,83.2,81.4,79.5,77.6,77,76.9,76.2,74.6,74.5
"Cote d'Ivoire",Africa,CIV,Subnat,CIVr102," Yamoussoukro",72.7,72.5,72.3,72.5,72.5,71.3,70,67.9,65.8,64.4,62.5,61.6,61.2,58.7,57.1,55.8,54.6,53.3,52.2,51.8,51.6,51.1,49.4,49.3
"Cote d'Ivoire",Africa,CIV,Subnat,CIVr114," Zanzan",94.8,94.7,94.6,94.8,94.8,93.9,92.9,90.5,88.8,87.3,85.5,84.4,84.1,81.8,80.3,79.2,77.5,75.7,73.9,73.4,73.1,72.5,70.9,70.7
Cuba,America,CUB,National,CUBt,Total,39.5,39.4,39.3,38.7,38,37.4,36.6,36.1,36.1,35.6,34.7,34.5,34.2,34,33.5,32.7,32.1,31.6,31.2,30.6,30.2,31.3,29.1,29
Cuba,America,CUB,Subnat,CUBr103,"C. Habana",35.2,35.1,35,34.4,33.7,33.1,32.4,32.1,32.1,31.6,30.5,30,29.7,29.3,28.8,27.7,27,26.3,25.8,25,24.6,25.5,23.3,23.2
Cuba,America,CUB,Subnat,CUBr109,Camaguey,39.9,39.8,39.6,39,38.3,37.8,37,36.6,36.6,36,35.1,34.9,35.4,35.9,36.1,35.9,36.1,36.3,36.6,36.8,36.4,37.6,35.4,35.4
Cuba,America,CUB,Subnat,CUBr108,"Ciego de Avila",40.4,40.3,40.1,39.5,38.8,38.3,37.5,36.9,36.9,36.4,35.6,35.3,35,34.7,34.1,33.1,32.4,31.8,31.2,30.4,30,31,28.9,28.8
Cuba,America,CUB,Subnat,CUBr106,Cienfuegos,39.8,39.7,39.6,39,38.3,37.8,37,36.4,36.4,35.9,35.1,34.9,34.6,34.4,34.1,33.2,32.7,32.3,32,31.5,31.1,32.2,30,29.9
Cuba,America,CUB,Subnat,CUBr112,Granma,42.3,42.2,42.1,41.5,40.8,40.2,39.3,38.6,38.6,38.2,37.6,37.4,37.2,37.1,36.7,36,35.6,35.2,34.9,34.5,34.1,35.4,33.2,33.2
Cuba,America,CUB,Subnat,CUBr114,Guantanamo,39.5,39.4,39.2,38.6,37.9,37.4,36.6,36.4,36.4,35.9,34.9,34.5,34.2,33.9,33.4,32.4,31.8,31.3,30.8,30,29.8,30.9,28.8,28.7
Cuba,America,CUB,Subnat,CUBr111,Holguin,42.1,42,41.9,41.3,40.6,40.1,39.2,38.4,38.5,38,37.3,37.1,36.8,36.6,36,35.1,34.5,34,33.6,32.9,32.6,33.7,31.6,31.5
Cuba,America,CUB,Subnat,CUBr115,Isla,40,39.8,39.7,39.1,38.4,37.8,37,36.3,36.2,35.7,34.9,34.6,33.5,32.5,31.2,29.5,28.1,26.9,25.9,24.9,24.5,25.4,23.2,23.1
Cuba,America,CUB,Subnat,CUBr110,"Las Tunas",43.3,43.2,43.1,42.5,41.8,41.2,40.4,39.7,39.6,39.2,38.5,38.2,38,37.8,37.4,36.5,35.9,35.6,35.2,34.6,34.2,35.4,33.2,33.1
Cuba,America,CUB,Subnat,CUBr104,Matanzas,37.8,37.7,37.5,36.9,36.2,35.7,34.9,34.5,34.5,34,33,32.7,32.6,32.7,32.4,31.8,31.5,31.3,31.2,30.9,30.5,31.6,29.5,29.4
Cuba,America,CUB,Subnat,CUBr101,"Pinar del Rio",40,39.8,39.7,39.1,38.3,37.8,37,36.6,36.6,36,35.1,34.8,34.3,33.9,33.2,32.3,31.5,30.8,30.3,29.5,29.1,30.2,28,27.9
Cuba,America,CUB,Subnat,CUBr102,"Prov. Habana",39.4,39.3,39.1,38.5,37.8,37.3,36.5,35.8,35.6,35.2,34.5,34.2,33.8,33.3,32.6,31.5,30.6,30,29.4,28.7,28.3,29.4,27.2,27.1
Cuba,America,CUB,Subnat,CUBr107,S.Spiritus,41.9,41.8,41.6,41,40.3,39.8,38.9,38.3,38.2,37.8,37,36.7,36.5,36.3,35.8,35,34.3,33.9,33.5,33.1,32.7,33.7,31.5,31.5
Cuba,America,CUB,Subnat,CUBr113,"Santiago de Cuba",40.7,40.6,40.4,39.8,39.1,38.6,37.8,37.5,37.5,37,35.9,35.6,35.1,34.7,34,33,32.1,31.3,30.8,29.9,29.5,30.6,28.5,28.4
Cuba,America,CUB,Subnat,CUBr105,"Villa Clara",40.3,40.2,40.1,39.5,38.8,38.2,37.4,36.7,36.7,36.2,35.4,35.2,35.4,35.5,35.4,35,34.7,34.6,34.6,34.5,34,35,32.7,32.7
Djibouti,Africa,DJI,National,DJIt,Total,69.4,,,,,,,,,,,68.7,70,69.8,69.4,68.7,67.8,66.5,65.9,65.3,65,64.5,63.5,63
Djibouti,Africa,DJI,Subnat,DJIr101,Djibouti,65.5,,,,,,,,,,,64.8,65.9,65.6,65.1,64.9,63.9,62.6,62,61.3,61.1,60.5,59.4,59
Djibouti,Africa,DJI,Subnat,DJIr102,"Other Districts",80.1,,,,,,,,,,,79.6,81,81.5,81.3,79.8,79,77.8,77.5,77,76.8,76.5,75.6,75.2
"Dominican Republic",America,DOM,National,DOMt,Total,53.2,52.2,51.6,51.8,51.6,49.5,47.8,45.9,44.2,42.7,41.8,41,40.2,39.7,39.6,38.6,37.3,36.7,36.4,36.3,36,35,33.9,33.7
"Dominican Republic",America,DOM,Subnat,DOMr101,"Region 0 (Distrito Nacional, Santo Domingo, Monte Plata)",48.3,47,46.3,46.7,46.5,44.8,43.2,41.6,40.1,38.8,38.3,37.9,37.5,37.2,37.4,36.3,34.8,34.7,33.8,33.7,33.4,32.3,31.2,31
"Dominican Republic",America,DOM,Subnat,DOMr102,"Region I (Peravia, San Cristobal, San Jose de Ocoa, Azua)",55.9,54.8,54.2,54.9,54.7,53.1,51.6,50.1,48.3,46.5,45.3,43.8,42.5,42.4,42,41.2,40.2,39.9,39.6,39.6,39.3,38.4,37.4,37.1
"Dominican Republic",America,DOM,Subnat,DOMr103,"Region II (Espaillat, Puerto Plata, Santiago)",52.8,51.7,51.1,51,50.5,48.4,46.5,44.5,42.7,41.1,40.1,39.3,38.4,37.9,38.3,37.6,36.5,35.1,35.6,35.4,35.1,34.1,33.1,32.9
"Dominican Republic",America,DOM,Subnat,DOMr104,"Region III (Duarte, Maria Trinidad Sanchez, Salcedo, Samana)",58.3,57.1,56.4,57,56.4,54.4,52.6,50.5,48,46.1,44.7,43.1,41.6,41.1,40.7,39.8,38.7,39,37.6,38.2,37.9,37,36,35.7
"Dominican Republic",America,DOM,Subnat,DOMr105,"Region IV (Independencia, Bahoruco, Barahona, Pedernales)",58.3,57.4,57.1,57.5,57.6,55.5,53.9,52.4,51,49.5,48.3,46.9,45.9,44.8,44.1,43,41.6,40.1,39.4,38.8,38.4,37.7,36.7,36.5
"Dominican Republic",America,DOM,Subnat,DOMr106,"Region V (El Seibo, La Altagracia, La Romana, San Pedro de Macoris, Hato Mayor)",54.4,53.4,52.9,53.2,53.2,51,49.3,47.9,46.4,44.6,43.3,42.8,42.3,41.5,40.7,39.7,38.5,37.2,37.6,37.2,36.9,36,35,34.7
"Dominican Republic",America,DOM,Subnat,DOMr107,"Region VI (San Juan, Elias Pina)",63.6,62.6,62.2,62.6,62.2,59.5,57.3,55.3,53.4,51.2,49.4,47.9,46.8,45.2,45.3,43.9,42.4,41.5,42.2,42.6,42.1,41.5,40.5,40.3
"Dominican Republic",America,DOM,Subnat,DOMr108,"Region VII (Dajabon, Monte Cristi, Santiago Rodriguez, Valverde)",57.1,56.2,55.9,56,55.3,52.9,50.8,48.5,46.9,45.7,45.2,44.1,43.2,43.4,42.7,41.6,40.3,39.6,38.6,38,37.7,36.9,36,35.7
"Dominican Republic",America,DOM,Subnat,DOMr109,"Region VIII (La Vega, Monsenor Nouel, Sanchez Ramirez)",56.8,55.8,55.1,55.4,54.6,52.4,50.4,48,45.8,44.3,43.4,42.3,41.2,40.3,40.5,39.5,38.3,38.4,38,38.2,38,37,35.9,35.7
Ecuador,America,ECU,National,ECUt,Total,59.7,58.5,57,55.5,54.6,52.2,50.4,49.1,47.7,46.8,45.2,44.4,43.2,42.1,41.6,43.1,42.3,41.6,40.6,40.4,43,41.1,39.4,39.4
Ecuador,America,ECU,Subnat,ECUr101,Coste,59.3,57.9,56.3,54.8,53.9,51.6,50,48.8,47.3,46.5,44.9,44,42.6,41.5,41,42.3,41.4,41.1,39.8,39.5,42.2,40.3,38.6,38.6
Ecuador,America,ECU,Subnat,ECUr103,Oriente,64.8,63.5,61.9,60,59.4,56.9,55,54,52.7,51.3,49.2,48.5,47.7,47.5,46.8,48,47.1,45.1,45,44.8,47.5,45.6,43.9,43.9
Ecuador,America,ECU,Subnat,ECUr102,Sierra,57.9,57,55.6,54.3,53.4,50.7,48.8,47.5,46.2,45.4,43.9,43.5,42.4,41.1,40.8,42.5,41.8,40.9,40.1,39.9,42.4,40.6,38.9,38.8
Egypt,Africa,EGY,National,EGYt,Total,58.2,57.7,57.6,57.2,56.8,56,55.9,54,53.1,52.5,49.2,47.8,46.3,46.7,47,46.6,46.4,46.1,46.4,46.2,46.4,46.1,44.8,44.1
Egypt,Africa,EGY,Subnat,EGYr102,Alexandria,47.2,46.8,46.9,46.6,46.5,45.6,45.7,43.6,42.5,41.8,38.6,37.3,35.7,36.4,37.3,36.7,36.2,35.7,36.4,36.1,36.2,35.9,34.6,33.9
Egypt,Africa,EGY,Subnat,EGYr118,Assuit,67.5,66.5,65.8,64.8,63.9,62.4,62.4,60.8,60.2,59.1,55.4,53.4,50.5,50.5,50.6,50.3,50.2,49.9,49.9,49.6,49.8,49.6,48.3,47.6
Egypt,Africa,EGY,Subnat,EGYr121,Aswan,58.2,57.5,57.2,56.6,56.1,55.3,55.3,53.5,52.5,52,49,47.7,46.3,46.7,46.9,46.2,46.3,46.2,45.9,45.6,45.7,45.4,44.2,43.5
Egypt,Africa,EGY,Subnat,EGYr112,Behera,63.1,62,61.3,60.3,59.5,58.3,58.3,56.9,56.4,55.8,52.5,51,49.8,49.8,50.1,49.3,49.1,48.9,49.6,49.4,49.6,49.4,48.1,47.4
Egypt,Africa,EGY,Subnat,EGYr115,"Beni Suef",72.5,70.9,69.6,68.1,66.7,65,64.8,63,62.1,60.6,56.5,54.3,51,50.6,50.2,49.5,49.5,49.5,50.6,50.4,50.6,50.4,49.1,48.4
Egypt,Africa,EGY,Subnat,EGYr101,Cairo,45.7,45.4,45.6,45.6,45.6,44.8,45.1,43.3,42.9,42.4,39.3,38.1,36.9,37.6,38.4,37.9,37.7,37.3,37.3,37,37.2,36.9,35.6,34.9
Egypt,Africa,EGY,Subnat,EGYr106,Dakahlia,56.8,56.4,56.5,56.3,56.2,55.8,55.7,53.8,52.8,52.2,48.9,47.5,46.5,46.9,46.8,46.4,46.3,46.2,46.4,46.2,46.3,46,44.8,44
Egypt,Africa,EGY,Subnat,EGYr105,Damietta,54.8,54.5,54.6,54.5,54.5,54.2,53.5,51.1,49.5,49.3,46.3,45.1,44.2,44.7,45.2,44.5,44.5,44.3,45.2,44.9,45.1,44.8,43.5,42.8
Egypt,Africa,EGY,Subnat,EGYr116,Fayoum,67.5,67,67,66.8,66.7,66.3,65.8,63.7,62.5,61.3,57.5,55.5,53.1,52.4,51.7,51.4,51.6,51.7,51.4,51.1,51.3,51.1,49.8,49.1
Egypt,Africa,EGY,Subnat,EGYr122,"Frontier governorates (Red Sea, New Valley, Matroh, North Sainai, South Sainai)",59.5,58.9,58.8,58.4,58.1,57.2,56.6,54.1,52.7,51.9,48.6,47.2,45.6,45.8,46.1,45.6,45.5,45.2,45.5,45.2,45.3,45,43.7,42.9
Egypt,Africa,EGY,Subnat,EGYr110,Gharbia,56.4,55.8,55.5,54.9,54.5,53.6,53.9,52.4,51.9,51.5,48.4,47.1,45.5,46.5,47.1,47,46.3,45.5,46.5,46.2,46.4,46.1,44.8,44.1
Egypt,Africa,EGY,Subnat,EGYr114,Giza,54.7,54.4,54.5,54.5,54.5,54,53.5,50.8,49.1,48.6,45.7,44.8,43.2,44.3,45.3,44.7,44.6,44.5,45.2,44.9,45.1,44.8,43.5,42.7
Egypt,Africa,EGY,Subnat,EGYr113,Ismailia,54,53.6,53.5,53.2,53.1,52.4,52.7,51,50.3,49.6,46.2,44.7,43.4,43.4,43.4,43.4,43,42.4,43.3,43,43.2,42.9,41.6,40.8
Egypt,Africa,EGY,Subnat,EGYr109,"Kafr El-Sheikh",61.7,61.1,60.9,60.4,60,59.3,58.9,57,56,55.4,52.2,50.7,49.1,49.3,49.7,49.7,49.3,48.8,48.6,48.4,48.6,48.3,47.1,46.3
Egypt,Africa,EGY,Subnat,EGYr108,Kalyubia,56.6,56.2,56,55.7,55.6,54.9,54.5,52.2,50.8,50.7,48,47.1,46.7,47.9,48,47.7,47.6,47.4,47.6,47.3,47.5,47.3,46,45.2
Egypt,Africa,EGY,Subnat,EGYr111,Menoufia,61.4,60.6,60.2,59.5,58.8,57.8,58,56.5,56,55.5,52.3,50.9,49.4,49.7,49.8,49.4,49.2,48.9,49.3,49.1,49.3,49,47.8,47.1
Egypt,Africa,EGY,Subnat,EGYr117,Menya,70.6,69.8,69.4,68.9,68.5,67.8,67.1,65,63.8,62.4,58.5,56.4,53.5,53,52.7,52.5,52.3,52,52,51.8,52,51.8,50.5,49.8
Egypt,Africa,EGY,Subnat,EGYr103,"Port Said",45,45,45.5,45.7,45.9,45.6,45.1,42.3,40.7,40.3,37.3,36.2,35.1,35.8,36.5,35.9,35.4,34.8,35.3,34.9,35.2,35.1,33.7,33
Egypt,Africa,EGY,Subnat,EGYr120,Qena,67.5,65.9,64.8,63.5,62.3,60.5,60.7,59.2,58.7,57.6,54.1,52.3,49.8,50,50.3,49.3,49.5,49.6,49.6,49.3,49.6,49.3,48,47.3
Egypt,Africa,EGY,Subnat,EGYr107,Sharkia,63.4,62.1,61.2,60.1,59.1,57.6,58.3,57.4,57.6,56.7,53.1,51.2,49.1,49.2,48.8,49.2,48.9,48.4,48.1,47.8,48,47.8,46.5,45.7
Egypt,Africa,EGY,Subnat,EGYr119,Souhag,68.1,67.1,66.6,65.8,65.1,64,63.1,60.6,58.9,58.1,54.8,53.2,52,52,51.9,51.1,51.2,51.2,51.6,51.3,51.5,51.2,50,49.2
Egypt,Africa,EGY,Subnat,EGYr104,Suez,46.8,46.6,46.8,46.7,46.7,46,46,44,43.1,42.4,39.1,37.9,36.4,37.3,38.1,36.9,36.8,36.6,37.9,37.6,37.8,37.5,36.1,35.4
"El Salvador",America,SLV,National,SLVt,Total,60.4,60,59.3,58.4,56.5,55.6,52.5,48.5,47.3,45.8,44.2,43.6,42.7,41.7,40.9,40.5,40.2,39.6,39.2,38.4,37.7,39,38,37.2
"El Salvador",America,SLV,Subnat,SLVr102,"Central I",55.6,55.2,54.5,53.4,51.5,50.7,47.5,43.3,42,41.1,39.5,38.9,38,37.3,37,36.6,36.3,35.6,35.4,34.6,34.2,35.2,34.5,33.5
"El Salvador",America,SLV,Subnat,SLVr103,"Central II",66.4,65.4,65,64.3,62.6,61.8,58.7,55.1,53.9,52,50,49.1,47.7,46.2,45.2,44.7,44.4,43.7,43.3,42.4,41.8,43.1,42.2,41.4
"El Salvador",America,SLV,Subnat,SLVr101,Occidental,63.9,63.7,63.1,62.2,60.3,59.5,56.6,52.8,51.7,50.2,48.5,47.7,46.5,44.7,42.7,42.4,42.2,41.6,41.2,40.3,39.7,40.9,39.7,39.2
"El Salvador",America,SLV,Subnat,SLVr104,Oriental,65.2,64.7,64,62.9,60.9,60,56.8,52.8,51.8,50.6,49.1,48.7,47.9,47.2,46.6,45.9,45.4,45.1,44.8,43.9,43.3,44.6,43.6,42.8
"Equatorial Guinea",Africa,GNQ,National,GNQt,Total,80.7,79.2,78,76.5,74.9,73.6,72.3,70.8,69.3,68.6,67.3,66.1,65.4,65.4,65.6,65.7,65.6,65.7,65.5,65.3,64.9,64.9,64.9,64.9
"Equatorial Guinea",Africa,GNQ,Subnat,GNQr101,"Annobon, Bioko",70.5,68.6,67.4,66.1,64.5,63.2,61.9,60.4,59,58.5,57.8,56.6,56.1,56.1,56.4,56.7,56.8,57,57,56.9,56.7,56.6,56.6,56.8
"Equatorial Guinea",Africa,GNQ,Subnat,GNQr102,"Centro Sur",88.6,87.6,86.7,85.5,84.5,83.5,82.5,81.4,80.5,79.8,78.1,77,76.7,76.6,76.8,76.7,76.4,76.4,75.9,75.3,74.9,74.8,74.9,74.9
"Equatorial Guinea",Africa,GNQ,Subnat,GNQr103,"Kie Ntem",88.2,87.1,86.3,85.1,84.1,83.1,82.2,81,80.1,79.5,77.8,76.6,76.4,76.1,76.4,76.3,75.9,76.1,75.5,75,74.5,74.4,74.4,74.5
"Equatorial Guinea",Africa,GNQ,Subnat,GNQr104,Litoral,77,75.2,73.9,72.3,70.5,69,67.6,66,64.3,63.5,62.3,61,60.3,60.3,60.5,60.8,60.9,61.1,60.9,60.5,60.2,60.2,60.2,60.3
"Equatorial Guinea",Africa,GNQ,Subnat,GNQr105,"Wele Nzas",91.1,90,89.2,87.9,86.9,85.9,84.9,83.8,82.8,82.1,80.4,79.4,79.1,78.9,79.1,79.1,78.8,78.9,78.3,77.7,77.2,77.1,77.2,77.3
Eritrea,Africa,ERI,National,ERIt,Total,85.6,,,,,,84.1,83.5,82.3,81.3,80.5,79.8,78.9,78.5,77.2,76.6,75.9,74.9,73,71.2,72.2,71.8,70.7,70
Eritrea,Africa,ERI,Subnat,ERIr104,Anseba,90.4,,,,,,88.9,88.3,87.2,86.3,85.4,84.8,84,83.6,82.3,81.8,81,80,78.4,76.6,77.9,77.2,76.2,75.6
Eritrea,Africa,ERI,Subnat,ERIr106,Debub,91.1,,,,,,89.7,89.2,88,87.1,86.3,85.7,84.9,84.5,83,82.6,81.9,80.8,79,77.1,78.3,77.8,76.7,76.1
Eritrea,Africa,ERI,Subnat,ERIr101,"Debubawi Keih Bahri",70.7,,,,,,69.2,68.4,67.1,66.3,65.3,64.5,63.6,63,61.7,61,60.2,59.2,57.4,55.6,56,56.9,55.8,55.1
Eritrea,Africa,ERI,Subnat,ERIr105,Gash-Barka,93.7,,,,,,92.2,91.7,90.6,89.7,89,88.4,87.6,87.3,86,85.4,84.8,83.9,82.1,80.3,81.7,81.2,80.3,79.7
Eritrea,Africa,ERI,Subnat,ERIr102,Maekel,60.5,,,,,,58.8,57.8,56.5,55.2,54.2,53.2,52.1,51.4,50,49.1,48.3,46.3,42.8,41.2,42,40.4,39.8,39.1
Eritrea,Africa,ERI,Subnat,ERIr103,"Semenawi Keih Bahri",89.8,,,,,,88.4,87.7,86.5,85.6,84.8,84.1,83.3,82.9,81.5,80.9,80.3,79.2,77.4,75.6,76.7,76.3,75.3,74.7
Eswatini,Africa,SWZ,National,SWZt,Total,90.7,89.9,89.9,89.6,89.3,88.6,86.9,84.8,82.5,80.9,78.6,77.2,72.4,70.4,68.6,67.5,65.8,63.9,63.2,62,60.1,58.6,57.1,56.1
Eswatini,Africa,SWZ,Subnat,SWZr101,Hhohho,88.2,87.2,87.3,86.8,86.4,85.6,83.7,81.8,79.8,78.6,76.5,75.1,70.3,68.2,66.3,65,63.5,61.7,61.1,60.1,58.3,56.9,55.5,54.5
Eswatini,Africa,SWZ,Subnat,SWZr104,Lubombo,90.2,89.7,90.3,90.4,90.6,90.3,89.2,87.6,85.8,84.6,82.6,81.1,76,73.7,71.6,70.6,69,67.3,66.8,65.8,64,62.7,61.4,60.4
Eswatini,Africa,SWZ,Subnat,SWZr102,Manzini,87.4,86.4,86.4,85.8,85.4,84.5,82.5,79.7,76.7,74.6,71.5,70.9,67,65.8,64.6,63.8,62.1,60.1,59.4,58.2,56.3,54.7,53.2,52.4
Eswatini,Africa,SWZ,Subnat,SWZr103,Shiselweni,100,99.3,99.1,98.6,98.3,97.6,95.8,94.1,92,90.4,88.5,87.2,82.1,80.2,78.6,76.8,74.7,72.5,71.4,70,67.6,65.7,63.7,62.9
Ethiopia,Africa,ETH,National,ETHt,Total,100,100,100,100,100,100,98.1,96.5,95,93.7,92.1,90.7,88.5,87.3,85.7,84.1,81.7,81.8,80.8,79.9,79.1,78.1,76.7,76.3
Ethiopia,Africa,ETH,Subnat,ETHr110,Addis,69.8,70.6,68.7,67,65.9,63.6,62.7,61.6,60.6,58.8,56.5,51.8,50.3,49.5,47.9,45.5,44.2,47.1,47.6,48.3,47.6,45.7,44.1,43.8
Ethiopia,Africa,ETH,Subnat,ETHr102,Affar,98.8,99.5,100,100,100,100,100,98.5,96.9,95.4,93.7,92.2,89.6,88.1,86.5,84.5,81.6,82.8,82.8,82.8,82,81.1,79.6,79.2
Ethiopia,Africa,ETH,Subnat,ETHr103,Amhara,100,100,100,100,100,100,98.5,96.7,94.9,93.4,91.6,90.1,87.8,86.5,84.7,83.1,80.7,81.4,81.2,81,80.2,79.6,78.3,78
Ethiopia,Africa,ETH,Subnat,ETHr106,Ben-Gumz,100,100,100,100,100,100,100,99.8,98.1,96.5,94.7,93.1,91.3,90.4,88.9,87.7,85.6,85.4,84.3,83.4,82.7,82,80.6,80.2
Ethiopia,Africa,ETH,Subnat,ETHr111,"Dire Dawa",82.2,82.9,82.1,81.2,80.1,80,77.9,76.9,76.1,75,73.5,72.2,69.1,67.7,66.9,64.7,61.9,63.2,62.3,61.3,60.5,59.3,57.8,57.4
Ethiopia,Africa,ETH,Subnat,ETHr108,Gambela,95.7,96.5,96.9,97.6,98.1,98.7,96,93.6,91.5,89.4,86.9,84.3,81.6,80,78.1,75.7,71.9,74.3,74.9,75.4,74.3,73.1,71.6,71.2
Ethiopia,Africa,ETH,Subnat,ETHr109,Harari,86.8,86.8,85.1,83.5,81.7,80.7,78.6,77.7,76.8,75.7,73.9,72.2,69.7,69,68.2,66.2,64.8,67.3,67.7,68.2,67.6,66.2,64.7,64.4
Ethiopia,Africa,ETH,Subnat,ETHr104,Oromiya,100,100,100,100,100,100,99.9,98.4,97.1,95.8,94.3,92.9,91.1,90.2,88.8,87.4,85.4,84.5,82.7,81.1,80.3,79.3,77.8,77.4
Ethiopia,Africa,ETH,Subnat,ETHr107,SNNP,100,100,100,100,100,100,100,100,99.4,98.2,96.8,95.4,93.3,92.1,90.4,88.9,87,86.3,84.9,83.6,82.8,82.1,80.7,80.3
Ethiopia,Africa,ETH,Subnat,ETHr105,Somali,100,100,100,100,100,100,100,100,100,100,99.2,97.9,96.3,95.7,94.6,93.6,92.4,93,92.1,91.5,90.7,90.1,88.8,88.2
Ethiopia,Africa,ETH,Subnat,ETHr101,Tigray,99.3,99,98.5,98,97.6,97.2,95.4,93.9,92.6,91.4,89.9,88.6,85.8,84.2,82.3,80.1,76.7,76,74.1,72.1,71,69.8,68.3,67.9
Fiji,Asia/Pacific,FJI,National,FJIt,Total,54.7,53.9,53.2,53.1,52.9,51.3,50.9,48.6,48.4,48.3,46.4,45.2,44.6,43.6,42.7,41.7,40.6,40.1,39.9,39.7,40.4,41.6,40.3,39.2
Fiji,Asia/Pacific,FJI,Subnat,FJIr108,Ba,51.6,50.6,49.9,49.7,49.5,47.7,47.1,44.2,44,44,42.1,41.1,40.6,39.7,38.9,38,37,36.7,36.7,36.5,37.4,38.8,37.5,36.6
Fiji,Asia/Pacific,FJI,Subnat,FJIr106,"Cakaudrove, Bua",67.7,66.9,66.3,66.2,66.2,64.7,64.6,63.3,62.7,62.2,60,58.3,57.6,56.3,54.9,53.8,52.4,51.6,51,50.3,50.4,51,49.8,48.9
Fiji,Asia/Pacific,FJI,Subnat,FJIr105,"Kadavu, Lau, Lomaiviti, Rotuma",67.8,67.1,66.4,66.4,66.4,65.1,65,64.2,63.7,63.3,61.1,59.4,58.9,57.6,56.1,55.1,53.8,52.9,52.3,51.6,51.7,52.3,51.1,50.2
Fiji,Asia/Pacific,FJI,Subnat,FJIr107,Macuata,56.3,55.4,54.7,54.6,54.5,52.8,52.4,50.2,49.8,49.7,47.7,46.4,45.8,44.7,43.7,42.7,41.4,40.9,40.7,40.2,40.9,42,40.6,39.6
Fiji,Asia/Pacific,FJI,Subnat,FJIr109,"Nadroga or Navosa",60.5,59.7,59,59,58.9,57.4,57,54.9,54.6,54.5,52.5,51.3,50.7,49.6,48.7,47.7,46.6,46.2,46,45.7,46.3,47.5,46.3,45.4
Fiji,Asia/Pacific,FJI,Subnat,FJIr101,Naitasiri,49.8,48.9,48.1,48,47.8,46.1,45.5,42.9,42.7,42.7,40.7,39.6,39,38.1,37.3,36.4,35.3,35,34.9,34.7,35.7,37,35.6,34.8
Fiji,Asia/Pacific,FJI,Subnat,FJIr110,Ra,66.1,65.3,64.6,64.6,64.5,63.1,63,61.6,61,60.5,58.3,56.6,55.8,54.5,53.1,52,50.6,49.9,49.4,48.8,49.1,49.9,48.7,47.8
Fiji,Asia/Pacific,FJI,Subnat,FJIr102,Rewa,48.9,48,47.2,47.1,46.8,45.2,44.6,41.9,41.8,42,40.2,39.2,38.7,37.9,37.2,36.4,35.5,35.3,35.4,35.5,36.6,38.2,36.8,35.9
Fiji,Asia/Pacific,FJI,Subnat,FJIr103,"Serua, Namosi",57.4,56.5,55.8,55.7,55.6,54,53.6,51.5,51.3,51.2,49.2,47.9,47.4,46.3,45.3,44.3,43.1,42.5,42.3,41.9,42.6,43.7,42.4,41.6
Fiji,Asia/Pacific,FJI,Subnat,FJIr104,Tailevu,58.8,58,57.3,57.2,57.1,55.7,55.3,53.5,53.3,53.2,51.3,49.9,49.4,48.3,47.3,46.3,45.2,44.7,44.5,44.1,44.7,45.8,44.5,43.5
Gabon,Africa,GAB,National,GABt,Total,58.9,58,56.8,56.4,55.5,53.3,52.9,51.1,50.2,49.1,47,44.5,43.9,43.5,42.8,42.5,42.1,42.2,41.7,41.5,41.3,41.1,40.6,40.4
Gabon,Africa,GAB,Subnat,GABr101,Estuaire,69.5,67.8,65.9,64.9,63.4,60.7,59.7,57.3,55.5,53.9,51.2,48.2,47,46,44.7,43.9,42.9,42.3,41.3,40.5,39.9,39.1,38.5,38.3
Gabon,Africa,GAB,Subnat,GABr102,"Haut Ogooue",62.3,61.6,60.5,60.3,59.7,57.8,57.6,56.1,55.2,54.5,52.7,50.4,50,49.7,49,48.8,48.5,48.8,48.2,48,47.9,47.7,47.2,47
Gabon,Africa,GAB,Subnat,GABr110,"Libreville-Port Gentil",47.2,46.9,45.9,45.9,45.2,43.2,43.1,41.6,40.9,40.2,38.4,36.8,36.5,36.4,35.9,35.9,35.7,35.9,35.8,35.8,35.8,35.8,35.1,35
Gabon,Africa,GAB,Subnat,GABr103,"Moyen Ogooue",67.6,67.1,66.3,66.3,66.1,64.6,64.5,63.4,62.7,62.1,60.5,58.9,58.7,57.9,56.6,56.1,55.3,55.2,54.4,53.8,53.3,52.8,52.3,52.1
Gabon,Africa,GAB,Subnat,GABr104,Ngounie,77.3,76.5,75,74.4,73.4,71.4,70.7,69.1,67.7,66.6,64.5,62.2,61.4,60.4,59.2,58.4,57.4,56.9,56,55.4,54.8,54.2,53.6,53.5
Gabon,Africa,GAB,Subnat,GABr105,Nyanga,75.5,74.9,73.5,73.2,72.4,70.5,70,68.5,67.3,66.3,64.4,62.3,61.6,60.8,59.7,59,58.2,57.6,57,56.6,56.2,55.8,55.2,55.1
Gabon,Africa,GAB,Subnat,GABr106,"Ogooue Ivindo",76.4,75.8,74.7,74.5,74,72.5,72.1,71,70.1,69.2,67.5,65.9,65.4,64.4,63.2,62.4,61.4,61,60.1,59.5,59,58.3,57.8,57.6
Gabon,Africa,GAB,Subnat,GABr107,"Ogooue Lolo",72.7,72,70.9,70.6,70.1,68.4,68.1,66.9,65.8,65,63.2,61.5,60.9,60.2,59.2,58.6,58,57.7,57,56.5,56.1,55.7,55.2,55
Gabon,Africa,GAB,Subnat,GABr108,"Ogooue Maritime",68,67.6,66.4,66.2,65.6,63.7,63.3,61.7,60.7,59.8,57.9,55.5,55.1,54.6,53.8,53.6,53.1,53.2,52.8,52.7,52.6,52.5,51.9,51.8
Gabon,Africa,GAB,Subnat,GABr109,"Woleu Ntem",75.1,74.1,72.6,72,71,68.9,68.2,66.3,65,63.9,61.8,59.3,58.5,57.6,56.4,56,55.1,54.8,54,53.3,52.8,52.3,51.8,51.6
Gambia,Africa,GMB,National,GMBt,Total,84.5,84.1,83.1,82.5,81.5,81.2,79,75.6,73.4,72.1,70.7,70.2,68.9,67.1,64.9,62.8,61.9,60.5,58.8,59.7,59,58.4,57.6,56.5
Gambia,Africa,GMB,Subnat,GMBr101,Banjul,64.3,63.4,61.3,60.3,57.7,57.7,54.8,51.4,49.4,49,48.1,48.4,47.6,46.2,44.8,43.8,43.7,43,41.8,42.9,42.8,42.2,41.5,40.7
Gambia,Africa,GMB,Subnat,GMBr108,Basse,97.9,97.5,96.8,96.2,95.9,95.6,94.3,91.5,90.2,89.6,88.2,88.2,87.2,85.9,83,80.1,78.3,76.3,74,74.8,74.1,73.4,72.7,71.6
Gambia,Africa,GMB,Subnat,GMBr103,Brikama,93.4,92.5,91.3,90.3,89.4,88.6,86.5,81,76.9,73.7,70.3,68.3,65.5,62.3,60.1,58.2,57.5,56.2,54.5,55,54.2,53.6,52.8,51.6
Gambia,Africa,GMB,Subnat,GMBr107,Janjabureh,96.5,96.4,96,95.6,95.5,95.3,94.6,91.8,90,88.6,86.9,86.1,84.5,82.5,80.9,79.3,79.1,78.5,77.7,79.3,79.4,79.1,78.4,77.4
Gambia,Africa,GMB,Subnat,GMBr102,Kanifing,67.9,67.1,65.6,64.8,62.7,62.2,58.2,54.8,52.8,52.1,51.3,51.5,50.6,49.2,47.5,46.3,45.8,44.8,43.2,44.6,44.9,44.3,43.6,42.5
Gambia,Africa,GMB,Subnat,GMBr105,Kerewan,94.7,95,95,95.1,95.3,95.7,95.5,92.5,90.7,89.1,87.2,86.4,84.7,82.8,80.7,78.5,77.6,76.2,74.7,75.1,73.9,73.5,72.8,71.8
Gambia,Africa,GMB,Subnat,GMBr106,Kuntaur,99.1,99.1,98.9,98.8,98.8,98.9,98.4,96.2,95.1,94.5,91.7,91.4,90.3,88.9,87.4,85.8,85.4,84.6,83.8,84.2,82.9,82.5,81.9,80.8
Gambia,Africa,GMB,Subnat,GMBr104,Mansakonko,95.6,95.6,95.3,95,95,95,94.2,91.3,89.5,88.1,87.1,86.4,84.8,82.9,80.6,78.3,77.3,75.9,74.2,75.6,75.4,75,74.3,73.2
Ghana,Africa,GHA,National,GHAt,Total,79.5,79,78.3,77.2,76.3,76,72.6,71.1,69,67.2,65.2,63.7,62.7,60.2,58.9,57.5,56.3,55.9,54.8,53.9,53.1,52.7,52.2,52.9
Ghana,Africa,GHA,Subnat,GHAr106,Ashanti,76.5,75.8,75.1,74,73,72.9,69.2,66.8,63.6,62.8,61.8,61.3,59.7,56.4,54.4,53.5,52.5,52.2,52.5,51.6,50.8,50.4,49.8,50.5
Ghana,Africa,GHA,Subnat,GHAr107,"Brong Ahafo",82.6,82.1,81.5,80.4,79.6,79.2,76.1,75.7,74.8,72.9,70.9,69.3,68.4,66.5,65.7,63.3,61,59.8,56,55.1,54.3,54.1,53.6,54.3
Ghana,Africa,GHA,Subnat,GHAr102,Central,85.2,84.7,84.2,83.1,81.9,81.2,77.8,76.8,75.3,72.2,69,66.4,65.9,63.9,63.1,61.7,60.3,59.9,56.9,55.4,54,53.2,52.3,52.9
Ghana,Africa,GHA,Subnat,GHAr105,Eastern,80.5,80.1,79.7,78.8,78.3,78.2,75.6,73.9,71.7,68.9,65.9,63.5,63.6,62,61.6,59.6,57.6,56.7,53.6,52.7,52,51.9,51.6,52.2
Ghana,Africa,GHA,Subnat,GHAr103,"Greater Accra",60.5,59.6,58.5,56.5,55,54.2,48.5,48.2,46.5,46.4,46.2,46.3,46.7,45.4,45.3,45.1,43.9,43.5,42.3,41.6,41.3,41.3,41,41.7
Ghana,Africa,GHA,Subnat,GHAr108,Northern,92.6,92,91.4,90.3,89.5,88.9,86.3,85.7,84.8,82.3,79.5,77.4,76,74.2,73.3,70.8,68.6,67.4,65.7,64.8,63.8,63.6,63,63.7
Ghana,Africa,GHA,Subnat,GHAr110,"Upper East",91.1,90.6,90.1,89.1,89.2,89.1,87.9,85.6,83.1,82.9,82.7,82.8,79.7,76.5,74,71.8,70.2,69.4,68,66.4,64.6,63.6,62.2,63
Ghana,Africa,GHA,Subnat,GHAr109,"Upper West",92.2,91.9,91.6,90.8,91.2,91.5,90.4,87.2,83.5,82.1,80.5,79.4,78.1,76.2,75,73.1,71.4,70.5,67,66.3,65.6,65.6,65.3,65.8
Ghana,Africa,GHA,Subnat,GHAr104,Volta,84.9,84.4,83.9,82.9,82.8,82.8,80.8,78.7,76.1,74.2,72.1,70.5,69.1,66.5,64.9,63.7,62.4,62.3,61,59.5,58.1,57.3,56.2,56.9
Ghana,Africa,GHA,Subnat,GHAr101,Western,80.4,79.6,78.8,77.7,76.6,76.2,72.6,70.9,68.3,67.2,65.8,65,63.3,60,57.9,57,56.3,56.3,54.9,53.9,53.1,52.7,52.2,52.9
Guatemala,America,GTM,National,GTMt,Total,65.6,65.3,63.8,63.4,62.7,62.2,59.1,56.8,54.7,53,51.7,51.5,50.3,49.7,50,49.7,49.2,48,47.5,46.9,47.6,46.7,46.1,45.4
Guatemala,America,GTM,Subnat,GTMr105,Central,64.2,64.1,62.7,62.4,61.8,61.2,58,56.1,54.1,52.3,50.7,50.3,48.8,47.9,47.4,45.8,45.2,44.5,43.9,43.3,44.1,43.5,42.7,42
Guatemala,America,GTM,Subnat,GTMr101,Metropolitan,54.7,54.2,52.5,51.9,51,50.2,46.7,43.1,42.6,42,41,40.9,39.7,38.8,37.4,37.5,37,36,35.9,35.3,35.6,35.3,34.1,33.4
Guatemala,America,GTM,Subnat,GTMr102,North,75.4,75.2,73.6,73,72.2,71.9,69.4,67.4,65.7,64.5,63.3,63.1,61.9,62.4,62.8,63.8,63.9,63.1,61.8,61.7,62.5,61.8,61.1,56.9
Guatemala,America,GTM,Subnat,GTMr107,North-Occidental,73.7,73.3,71.7,71.1,70.3,69.6,66.6,65.3,63.6,61.5,59.5,59.2,57.9,57.3,58.6,58.5,58,56.6,56.3,56,56.4,55.5,54.8,53.3
Guatemala,America,GTM,Subnat,GTMr103,North-Oriental,67.7,67,65.7,65.5,65,64.5,61.5,59,57.4,56.1,55.1,55.7,55.1,53.2,52.4,51.3,51.1,49.8,49.2,48.7,49.6,48.7,48.1,46.9
Guatemala,America,GTM,Subnat,GTMr108,Peten,69.7,69.2,67.5,67,65.7,64.9,61.3,57.6,56.9,57.2,56.9,57,56.8,56,55.8,55.2,54.7,54.4,53.7,52.7,54.1,53.2,52.6,50.2
Guatemala,America,GTM,Subnat,GTMr106,South-Occidental,67.6,67.9,66.2,65.6,64.9,64.5,61.7,59.6,57,55.2,53.6,53.1,51.7,50.9,51,50.9,50.4,49.4,48.9,48.4,49.3,48.5,48,47.3
Guatemala,America,GTM,Subnat,GTMr104,South-Oriental,66.7,66.4,65,64.7,64,63.4,60.2,57.9,56,54.5,53.3,53.7,52.9,51.4,52.4,51.5,50.6,49.8,49.3,48.5,49.8,48.8,48.3,47.5
Guinea,Africa,GIN,National,GINt,Total,95.4,95.1,94.6,93.6,93.3,93,92.1,91.2,89.5,87.9,86.4,84.6,83.6,81,79.4,76.6,75.5,75,73.9,73.1,72.2,71.8,70.4,69.8
Guinea,Africa,GIN,Subnat,GINr101,Boke,97.2,97,96.5,95.6,95.3,95,93.9,92.6,90.6,88.6,86.8,84.7,83.3,80.9,79.5,76.8,75.8,75.4,74.6,73.9,73.1,72.8,71.3,70.8
Guinea,Africa,GIN,Subnat,GINr102,Conakry,70.7,69.8,68.7,67.2,66.3,66,63.8,62.1,60,58.1,56.5,54.2,53.2,50.6,50,48.2,47.4,48.3,48.3,47.7,46.4,46.1,45,44.8
Guinea,Africa,GIN,Subnat,GINr103,Faranah,99.8,99.7,99.3,98.4,98.2,97.9,98,97.9,96.9,96,95.1,94,93.3,90.7,88.7,85.8,83.9,82.7,81,80.7,80.1,79.8,78.5,78
Guinea,Africa,GIN,Subnat,GINr104,Kankan,100,100,100,100,100,100,99.7,98.7,97.1,95.5,94,92.2,91,87.8,85.4,82,80.4,79.3,77.2,77,76.1,75.7,74.3,73.6
Guinea,Africa,GIN,Subnat,GINr105,Kindia,98.5,98.2,97.6,96.7,96.4,96.2,95.5,94.8,93.3,91.9,90.6,88.9,88.1,85,82.8,79.6,77.9,76.8,75.2,74.2,73.4,73.1,71.6,71.1
Guinea,Africa,GIN,Subnat,GINr106,Labe,100,100,100,100,100,100,100,100,99.4,98.3,97.2,95.8,94.9,92.6,91.1,88.6,87.7,87,85.8,83.4,82.9,82.6,81.3,80.8
Guinea,Africa,GIN,Subnat,GINr107,Mamou,100,100,100,99.9,99.7,99.4,99.3,98.9,97.7,96.6,95.7,94.4,93.6,90.5,88.2,85.1,83.4,82.1,80.3,78.4,77.8,77.5,76.1,75.6
Guinea,Africa,GIN,Subnat,GINr108,"N Zerekore",98.5,98.4,97.9,97.1,96.9,96.6,96.8,96.8,96,95.1,94.4,93.3,92.7,90.3,88.5,85.7,83.7,82.5,81.3,80.4,79.9,79.6,78.4,78.1
"Guinea Bissau",Africa,GNB,National,GNBt,Total,92.5,,,,,,90.6,90.1,88.7,88.3,87.9,85.5,83.8,83.6,81.8,80.2,79.1,77.6,76.2,75.8,74.1,72.4,70.2,69.6
"Guinea Bissau",Africa,GNB,Subnat,GNBr106,Bafata,100,,,,,,99.8,98.8,97.6,96.7,96.3,94.4,92.8,92.5,90.8,88.7,87.1,85.2,83.3,82.4,80.6,78.8,76.8,76.3
"Guinea Bissau",Africa,GNB,Subnat,GNBr104,Biombo,100,,,,,,99.4,98.5,97.4,96.5,96.3,94.5,93.1,92.9,91.3,89,87.2,85.2,83,81.9,80.2,78.8,76.6,76.2
"Guinea Bissau",Africa,GNB,Subnat,GNBr109,Bissau,72.8,,,,,,68.3,69.4,68,69.3,69.2,66.6,65.2,65.7,64.5,62.3,60.6,58.6,56.9,55.8,54,52.1,50.3,49.6
"Guinea Bissau",Africa,GNB,Subnat,GNBr105,Bolama,98.8,,,,,,97.6,96.9,95.8,95,94.8,92.8,91.6,91.1,89.6,87.9,86.6,85.2,82.7,82.3,81,79.6,77.8,77.5
"Guinea Bissau",Africa,GNB,Subnat,GNBr108,Cacheu,98.2,,,,,,96.9,96,94.6,93.6,93.2,91.2,89.5,89.2,87.4,85.9,84.9,83.6,81.9,81.5,79.7,78.1,75.9,75.6
"Guinea Bissau",Africa,GNB,Subnat,GNBr107,Gabu,100,,,,,,99.6,98.8,97.5,96.6,96.3,94,92.5,92,90.3,88.2,86.6,84.7,83,82.4,80.7,79.1,77,76.4
"Guinea Bissau",Africa,GNB,Subnat,GNBr103,Oio,100,,,,,,99.2,98.4,97.2,96.5,96.4,94.6,93.2,93.1,91.5,89.8,88.6,87.1,86.6,86.3,84.6,82.9,80.6,80.1
"Guinea Bissau",Africa,GNB,Subnat,GNBr102,Quinara,97.5,,,,,,96.5,95.9,95,94.4,94.4,92.9,91.6,91.8,90.4,88.6,87.2,85.6,83.9,83.2,81.6,80,77.9,77.5
"Guinea Bissau",Africa,GNB,Subnat,GNBr101,Tombali,99.5,,,,,,98.5,97.8,96.6,95.9,95.7,93.8,92.3,92.2,90.5,88.8,87.5,85.9,84.4,83.9,82.3,80.7,78.6,78.2
Guyana,America,GUY,National,GUYt,Total,65.8,65.2,65.1,64.3,63.9,62.8,61.5,58.5,58.7,57.7,55.7,55.4,54.8,54,53.2,50.2,49,48.1,47.1,46.1,45.3,45.9,42.1,40.4
Guyana,America,GUY,Subnat,GUYr101,Barima-Waini,94,93.9,93.8,93.5,93.6,93.3,92.8,90.2,88.9,86.4,85.2,83.9,82.5,81.6,80.6,74.6,71.9,69.3,66.7,63.9,63.9,64.7,61.8,61.2
Guyana,America,GUY,Subnat,GUYr107,Cuyuni-Mazaruni,84,83.7,83.5,83.1,83,82.5,81.7,79.7,79.2,78.1,76,74.5,73.1,71.7,70.2,65.3,63.2,61.4,59.4,57.3,57,57.8,54.7,53.7
Guyana,America,GUY,Subnat,GUYr104,Demerara-Mahaica,59.6,58.9,58.6,57.6,57.2,55.7,54.1,51.2,52.1,51.4,49.9,49.9,49.5,49.3,48.9,46.6,45.8,45.3,44.8,44.2,43.3,43.8,39.8,38.3
Guyana,America,GUY,Subnat,GUYr106,"East Berbice-Corentyne",64.9,64.3,64.1,63.4,63,61.9,60.7,57,56.6,55.1,52.6,52.9,52.8,52.4,51.9,48.8,47.4,46.3,45.2,44,43.3,43.9,40.1,38.4
Guyana,America,GUY,Subnat,GUYr103,"Essequibo Islands-West Demerara",68.2,67.6,67.4,66.6,66.2,65.1,63.8,61.2,61.7,61,58.7,57.7,56.4,55.1,53.6,50.5,49.1,48,46.9,45.5,44.6,45.2,41.1,39.5
Guyana,America,GUY,Subnat,GUYr105,Mahaica-Berbice,67.3,66.7,66.5,65.7,65.3,64.2,62.9,59.8,60,59,57.2,57.2,57,56.5,55.9,52.5,51,50,48.9,47.8,47.1,47.8,44,42.4
Guyana,America,GUY,Subnat,GUYr102,Pomeroon-Supenaam,78.9,78.4,78.3,77.7,77.5,76.6,75.5,71.8,70.7,68.6,66.6,65.2,63.6,61.5,59.2,56,54.9,54,53.4,52.3,51.8,52.4,49,47.8
Guyana,America,GUY,Subnat,GUYr108,Potaro-Siparuni,93.3,93.2,93.1,92.8,92.9,92.7,92,88.3,85.3,81.7,81.9,83.4,85,86,87.1,80.4,77.5,74.4,70.4,66.6,66.9,67.6,65.1,64.4
Guyana,America,GUY,Subnat,GUYr110,"Upper Demerara-Berbice",61.6,61.1,60.9,60.2,59.9,58.9,57.8,54.2,53.6,51.9,50,50.1,50,49.6,49.2,45.7,43.6,42.1,40.9,39.4,38.5,39.2,34.9,33.4
Guyana,America,GUY,Subnat,GUYr109,"Upper Takutu-Upper Essequibo",94,93.9,93.8,93.4,93.5,93.1,92.5,90.4,89,87.4,86.8,86.9,87.2,87.2,87.1,80.6,78,74.9,71.7,68.2,68.5,69.3,66.7,66
Haiti,America,HTI,National,HTIt,Total,84.4,84.3,83.8,83.2,83.3,81.6,79.7,77.7,76.5,75.5,81,74.5,72.2,70.6,70.7,69.9,70.2,69.5,68.8,68.4,68.1,68.6,67.8,67.1
Haiti,America,HTI,Subnat,HTIr105,Artibonite,93.1,92.3,91.4,90.1,89.7,87.3,85.3,83.1,81.5,81,87.1,80.4,78,76.7,76.9,76.2,76.5,75.9,75.3,75.1,74.8,75.4,74.6,74
Haiti,America,HTI,Subnat,HTIr106,Centre,93.9,93.8,93.5,93,93.5,92,90.1,88.9,88.1,86.8,92,85.9,84.4,82.9,82.8,81.7,81.5,80.4,79.7,79.6,79.4,79.9,79.1,78.4
Haiti,America,HTI,Subnat,HTIr108,"Grande-Anse, Nippes",92.7,92.3,91.9,91,91.1,89.1,87.4,86.2,85.5,84.4,89.7,83.9,82.4,81.2,81.6,80.8,80.9,80.2,79.6,79.5,79.3,80,79.3,78.7
Haiti,America,HTI,Subnat,HTIr103,North,88.3,88,87.2,86.3,86.1,83.9,81.5,78.9,77,75.4,80.3,74.2,72.2,70.5,70.6,69.6,69.9,69.1,68.4,68.1,67.7,68.2,67.4,66.6
Haiti,America,HTI,Subnat,HTIr104,North-East,89.8,89.6,89.1,88.3,88.6,86.7,84.9,83.7,83.1,82.3,87.9,81.7,79.7,77.1,76,73.7,72.4,70.2,69.5,69.1,68.8,69.3,68.5,67.7
Haiti,America,HTI,Subnat,HTIr109,North-West,92.8,92.5,92.1,91.3,91.4,89.2,87.2,84.9,83.3,82,87,81.2,79.3,77.7,77.9,77.2,77.6,77.2,76.6,76.4,76.1,76.6,76,75.4
Haiti,America,HTI,Subnat,HTIr107,South,90.8,90.6,90.1,89.5,89.6,87.6,85.5,83.4,82.1,81,86.3,79.7,77.2,76.5,77.4,77.5,78.6,78.8,78.2,78,77.8,78.5,77.8,77.1
Haiti,America,HTI,Subnat,HTIr102,South-East,94.6,94.2,93.8,92.9,93,91,89.2,87.5,86.4,85.7,91.3,85,82.9,81.2,81,80,80,79.2,78.6,78.4,78.3,78.9,78.2,77.6
Haiti,America,HTI,Subnat,HTIr101,"West (incl Metropolitain area)",73.2,73.5,72.9,72.4,72.4,70.8,69.4,67.5,66.5,65.6,71.2,64.6,62.2,60.3,60.4,59.2,59.5,58.6,57.8,57.3,56.9,57.3,56.4,55.5
Honduras,America,HND,National,HNDt,Total,66,65.9,66.3,66,64.9,62.5,60.7,57.5,55.1,52.3,51,51.5,52.4,50.5,49.8,48.9,48.6,48.5,48,48.2,47.9,48,46.7,46.7
Honduras,America,HND,Subnat,HNDr101,Atlantida,62.2,62.1,62.2,61.6,60.3,57.3,55.5,52.3,50.1,47.7,47.1,47.9,48.8,47.8,47.7,47,46.8,46.9,46.5,46.9,46.7,46.7,45.5,45.5
Honduras,America,HND,Subnat,HNDr106,Choluteca,71.4,71.7,72.4,72.4,71.5,69.2,67.3,63.7,61,58,56.6,57.3,58.8,56.7,56.1,55.2,54.8,54.8,54.7,54.9,54.6,54.7,53.5,53.5
Honduras,America,HND,Subnat,HNDr102,Colon,69.6,69.4,69.8,69.4,68.3,65.6,63.5,60.3,57.8,55.1,53.8,53.7,53.9,52.4,52.1,50.8,49.9,48.8,48.2,48,47.8,47.8,46.5,46.5
Honduras,America,HND,Subnat,HNDr103,Comayagua,68,68.4,68.8,68.5,67.2,65.2,63.5,59.5,56.3,53.3,51.7,51.9,52.8,50.6,49.9,49.4,49.4,49.3,48.5,48.7,48.4,48.4,47.2,47.2
Honduras,America,HND,Subnat,HNDr104,Copan,71.2,71.3,72,71.9,71,68.7,66.5,62.9,60.1,56.8,55,54.9,55.7,53.5,53.3,51.9,51.1,51.1,50.8,50.9,50.6,50.7,49.5,49.5
Honduras,America,HND,Subnat,HNDr105,Cortes,59,59,58.8,58,56.4,54.1,52.9,49.3,46.6,44.5,44.4,45.1,45.9,44.1,43.4,42.6,42.4,42.4,41.8,42,41.9,42,40.7,40.8
Honduras,America,HND,Subnat,HNDr107,"El Paraiso",71.6,71.2,72,72.3,71.6,69.1,67.4,64.1,61.7,59,57.9,58.5,59.6,57.3,56.3,55.1,54.3,54.2,52.8,52.6,52.3,52.4,51.1,51.2
Honduras,America,HND,Subnat,HNDr108,"Francisco Morazan",58.9,58.9,59.2,58.8,57.6,54.8,52.9,49.9,47.7,44.7,43.6,44.2,45.1,43.6,42.6,41.9,41.6,42,41.6,41.8,41.5,41.4,40.2,40.2
Honduras,America,HND,Subnat,HNDr109,"Gracias a Dios",79.4,79.2,79.9,80,78.7,76,75.5,73.8,73.8,72.9,73.8,74.8,75.7,73.6,73.3,72.3,71.6,71.1,70.6,70.7,70,70.1,69,68.9
Honduras,America,HND,Subnat,HNDr110,Intibuca,76.1,76,76.6,76.5,75.4,73.4,72,69.3,67.7,64.7,63.1,63.4,64.6,60.9,60.5,59.1,57.8,57.6,56.6,56.3,55.9,56,54.8,54.8
Honduras,America,HND,Subnat,HNDr111,"Islas de la Bahia",56.3,56,55.9,55.2,53.2,49.7,48.1,45.1,44.4,44.5,44.7,45.1,46,44.6,44.6,44.1,44.3,44.6,44.6,45.2,45,45,43.8,43.9
Honduras,America,HND,Subnat,HNDr112,"La Paz",74,73.9,74.4,74.3,73.1,71.2,69.4,66,63.4,59.6,57.4,57.5,58.7,56.6,56.1,54.7,53.8,53.4,53.8,53.8,53.5,53.6,52.3,52.3
Honduras,America,HND,Subnat,HNDr113,Lempira,78.1,78.1,78.9,78.9,77.7,75.6,73.8,70.8,68.7,66,64.8,64.7,65.5,61.5,60.8,59.4,58.3,57.6,57.3,57.1,56.7,56.9,55.7,55.7
Honduras,America,HND,Subnat,HNDr114,Ocotepeque,71.1,71,71.7,71.7,70.7,68.5,66.4,63,60.3,56.3,53.7,54,55.1,52.4,52.3,51.4,50.9,49.6,49.8,49.9,49.7,49.8,48.5,48.6
Honduras,America,HND,Subnat,HNDr115,Olancho,74,74.5,75.1,75,73.9,71.5,69,65.5,62.9,59.8,58.1,57.4,58.1,56.5,55.3,54.7,54.5,54.9,54,54.2,53.9,54,52.8,52.8
Honduras,America,HND,Subnat,HNDr116,"Santa Barbara",71.1,70.8,71.4,71.3,70.3,68.2,66,62.7,60.2,57.1,55.5,55.2,55.9,53.9,53.3,52.1,51.4,51.3,51.3,51.4,51.2,51.2,50,50
Honduras,America,HND,Subnat,HNDr117,Valle,70,69.9,70.7,70.9,70.1,67.6,65.5,62,59.4,56.2,54.4,54.8,56.1,53.5,53,52.5,52.6,51.5,51.8,52.1,51.8,51.8,50.6,50.6
Honduras,America,HND,Subnat,HNDr118,Yoro,66.2,66.1,66.3,65.9,64.7,62.3,60.9,58.1,56.2,53.4,52.2,53.3,54.4,52.5,51.2,50.6,50.6,50.5,50.1,50.3,50,50.1,48.8,48.8
India,Asia/Pacific,IND,National,INDt,Total,76.3,75.3,74.9,73.6,73.1,71.7,70.4,69,67.5,65.8,63.5,61.3,60.9,59.4,58.1,56.7,55.1,53.8,53,52.2,51.6,51.6,49.3,48.3
India,Asia/Pacific,IND,Subnat,INDr136,"Andaman and Nicobar Islands",56,54.9,54.8,52.9,52.1,49.7,46.2,46.9,46.7,45.9,44.8,44.5,46.4,46.1,45.8,45.5,44.8,44.2,44,44,43.7,44,41.9,40.9
India,Asia/Pacific,IND,Subnat,INDr101,"Andhra Pradesh",73.6,72.5,72.1,70.6,70.1,68.6,67.3,65.4,63.6,61.3,58.6,56,55.7,54.8,54,53.2,52.3,51.5,51.3,50.9,50.5,50.8,48.6,47.7
India,Asia/Pacific,IND,Subnat,INDr125,"Arunachal Pradesh",73.6,72.5,72.1,70.8,70.3,68.9,67.7,65.5,63.4,61,58.3,55.5,54.2,54,54.3,54.3,54.1,52.7,51.7,50.7,50.4,50.6,48.6,47.6
India,Asia/Pacific,IND,Subnat,INDr102,Assam,81.9,80.9,80.5,79.4,78.9,77.8,76.5,75.3,73.9,72.2,70,67.7,67.4,66.2,65.1,63.9,62.5,61.1,60.3,59.4,58.7,58.5,56.1,55.1
India,Asia/Pacific,IND,Subnat,INDr103,Bihar,90,89,88.6,87.5,87,85.8,84.6,83.9,83.3,82.4,81,79.6,79.8,77.9,76.1,74.3,72.2,69.6,67.4,65.2,64.5,64.2,61.7,60.9
India,Asia/Pacific,IND,Subnat,INDr131,Chandigarth,63.9,62.6,62.4,60.6,59.8,57.5,54.2,55.2,55,54.4,53.7,53.7,55.6,50.6,46.4,42.1,37.6,36.9,37,37.3,37,37.5,35.4,34.4
India,Asia/Pacific,IND,Subnat,INDr129,Chhattisgarh,73.4,72.3,72,70.4,69.8,68,65.8,66.5,66.8,66.9,66.6,66.4,67.9,65.8,64,62,60,58.4,57.1,55.9,55.3,55.5,53.1,52.3
India,Asia/Pacific,IND,Subnat,INDr132,"Dadra and Nagar Haveli",55,53.8,53.4,51.5,50.7,48.2,44.7,45.5,45.3,44.6,43.6,43.5,45.5,47,48.5,49.8,50.9,49.8,49.8,49.6,49.1,49.5,47.2,46.3
India,Asia/Pacific,IND,Subnat,INDr134,"Daman and Diu",53.4,52.2,52,50.1,49.3,46.8,43.3,44.2,44,43.1,42.1,41.7,43.6,43.2,42.9,42.8,42.2,41.7,41.9,41.9,41.5,41.8,39.7,38.7
India,Asia/Pacific,IND,Subnat,INDr104,Goa,58.1,57.1,56.7,55.2,54.6,52.7,50.6,49.2,47.6,45.4,42.7,40.4,40.5,40.8,41.2,41.6,41.7,40.7,40.1,39.6,39.2,39.6,37.6,36.4
India,Asia/Pacific,IND,Subnat,INDr105,Gujarat,66.1,65.2,64.9,63.7,63.4,62,60.7,59.6,58.5,57.1,55.2,53.3,53.3,52.2,51.4,50.3,49,48.6,48.6,48.7,48.3,48.4,46.2,45.3
India,Asia/Pacific,IND,Subnat,INDr106,Haryana,70.7,69.7,69.3,67.8,67.3,65.7,64.3,62.8,61.2,59.3,56.8,54.5,54.3,52.6,51,49.4,47.5,46.9,46.9,46.9,46.6,47.1,45,44
India,Asia/Pacific,IND,Subnat,INDr107,"Himachal Pradesh",67.1,65.8,65.4,63.7,63.1,61.4,59.7,58.8,57.9,56.4,54.5,52.9,53.4,52.3,51.4,50.5,49.2,48.3,48,47.6,47.3,47.7,45.6,44.6
India,Asia/Pacific,IND,Subnat,INDr108,"Jammu and Kashmir",70.3,69.1,68.5,66.9,66.2,64.4,62.8,61.5,60.2,58.4,56.1,53.9,54,52.7,51.9,51.2,50.2,48.9,48.2,47.3,47,47.4,45.4,44.4
India,Asia/Pacific,IND,Subnat,INDr128,Jharkhand,76.5,75.4,75.1,73.6,73,71.2,69,69.7,70,70.1,69.8,69.5,71,69.3,67.9,66.4,64.7,63.1,62,60.8,60.1,59.9,57.4,56.6
India,Asia/Pacific,IND,Subnat,INDr109,Karnataka,71.4,70.3,70,68.6,68,66.5,65.1,63.2,61.2,58.9,56.1,54,53.9,52.7,51.6,50.4,49.1,48.2,48,47.5,47.2,47.5,45.4,44.5
India,Asia/Pacific,IND,Subnat,INDr110,Kerala,65.9,64.7,64.3,62.7,61.9,60,57.7,56.7,55.3,53.4,51.1,49,49.4,48.2,47.1,46,44.5,44.2,44.4,44.6,44.1,44.5,42.3,41.2
India,Asia/Pacific,IND,Subnat,INDr135,Lakshadweep,55.9,54.6,54.2,52.2,51.1,48.4,44.6,45.6,45.5,44.7,43.7,43.5,45.6,45.1,44.7,44.2,43.3,42.9,43,43,42.6,42.9,40.8,39.7
India,Asia/Pacific,IND,Subnat,INDr111,"Madhya Pradesh",80.7,79.7,79.2,77.9,77.4,76,74.8,73.8,72.8,71.6,69.9,68.1,68.2,66,64.1,62.1,60,58.2,57,55.7,55.1,55.1,52.7,51.9
India,Asia/Pacific,IND,Subnat,INDr112,Maharashtra,66.2,65.2,64.9,63.6,63.2,61.8,60.4,59.2,58,56.4,54.4,52.4,52.3,51.4,50.7,49.8,48.7,47.7,47.1,46.7,46.1,46.4,44.2,43.2
India,Asia/Pacific,IND,Subnat,INDr113,Manipur,73.9,72.8,72.5,71.1,70.7,69.3,68,64.8,61.7,58.1,53.7,49.5,48.2,49.5,51.2,52.8,54.1,52.9,52.1,51.5,50.8,50.7,48.4,47.3
India,Asia/Pacific,IND,Subnat,INDr114,Meghalaya,77.3,76,75.5,74.1,73.5,72.1,70.7,67.7,64.9,61.8,58.4,55.3,53.9,54,54.9,56,57,56.1,55.6,55.2,54.6,54.5,52.3,51.2
India,Asia/Pacific,IND,Subnat,INDr115,Mizoram,64.9,63.8,63.3,61.8,61.2,59.6,58,55.3,52.9,50.1,46.7,43.5,42.7,43.5,44.6,45.3,45.8,44.8,44.2,43.7,43.3,43.6,41.5,40.4
India,Asia/Pacific,IND,Subnat,INDr116,Nagaland,76.4,75.2,74.8,73.3,72.8,71.3,69.8,65.5,61.2,56.5,51.1,46.1,43.7,45.8,47.9,50.3,52.5,50.6,49.2,47.7,47.2,47.5,45.3,44.3
India,Asia/Pacific,IND,Subnat,INDr124,"New Delhi",53.5,52.4,52.2,50.7,50.1,48.2,46.1,45.7,44.8,43.5,41.7,40.3,41.3,40.6,40,39.4,38.4,37.8,38,37.9,37.7,38.1,36.1,35.1
India,Asia/Pacific,IND,Subnat,INDr117,Orissa,83,82,81.7,80.6,80.1,78.9,77.7,76.6,75.4,74.1,72.2,70.3,69.9,68,66.5,64.8,62.9,61,59.5,57.8,57.3,57.1,54.8,54
India,Asia/Pacific,IND,Subnat,INDr133,Puducherry,51.6,50.4,50.2,48.4,47.6,45.2,41.9,42.7,42.5,41.7,40.7,40.3,42.1,42.1,42.4,42.7,42.5,41.4,40.9,40.3,39.9,40.3,38.2,37.1
India,Asia/Pacific,IND,Subnat,INDr118,Punjab,64.6,63.6,63.2,61.7,61.1,59.5,57.7,56.5,55,53.1,50.8,48.6,48.8,47.8,47,46.2,45,44.5,44.6,44.6,44.3,44.8,42.7,41.7
India,Asia/Pacific,IND,Subnat,INDr119,Rajasthan,79.7,78.6,78.2,76.8,76.3,74.9,73.5,72.3,71.1,69.5,67.4,65.4,65.3,63.1,61.2,59.2,56.9,55,53.5,52.1,51.6,51.9,49.7,48.9
India,Asia/Pacific,IND,Subnat,INDr120,Sikkim,69,67.9,67.4,65.9,65.3,63.7,62.1,61.1,60.1,58.7,56.8,55,55.3,52,48.9,47,45.5,44.4,44,43.3,43.1,43.5,41.4,40.4
India,Asia/Pacific,IND,Subnat,INDr121,"Tamil Nadu",69.4,68.3,67.9,66.5,66,64.4,63.2,60.7,58.3,55.6,52.6,50,49.5,48.7,48.1,47.7,47.5,46.6,46.3,46,45.4,45.7,43.5,42.4
India,Asia/Pacific,IND,Subnat,INDr130,Telangana,61.1,59.9,59.6,57.8,56.9,54.5,51.3,52,51.8,51.2,50.3,49.9,51.9,51.3,51,50.5,49.9,49.1,49,49.1,48.7,48.9,46.8,45.9
India,Asia/Pacific,IND,Subnat,INDr126,Tripura,76.6,75.6,75.3,74.2,73.8,72.6,71.5,69.8,68.1,66.2,63.6,61,60.4,59.5,58.9,58.1,57.2,55.8,54.9,53.9,53.3,53.3,51,50
India,Asia/Pacific,IND,Subnat,INDr123,"Uttar Pradesh",85.5,84.5,84.1,82.8,82.2,80.9,79.6,79,78.2,77,75.4,73.9,74,71.5,69.3,66.8,64.2,62.1,60.6,59,58.3,58.3,55.9,55
India,Asia/Pacific,IND,Subnat,INDr127,Uttaranchal,65.9,64.8,64.6,62.8,62.1,59.9,57,57.6,57.6,57.2,56.5,56.2,58,55.9,54.2,52.3,50.2,49.1,48.8,48.2,47.8,48.1,46,45.1
India,Asia/Pacific,IND,Subnat,INDr122,"West Bengal",78,77.1,76.7,75.6,75.1,73.9,72.6,71.2,69.8,68.1,65.9,63.6,63.1,61.4,60,58.4,56.7,55.3,54.3,53.3,52.7,52.7,50.3,49.4
Indonesia,Asia/Pacific,IDN,National,IDNt,Total,68.1,67.1,65.5,64.7,64.2,62.4,60.6,59,56.6,55.4,52.9,50.9,49,47.7,46.6,45.8,44.6,43.6,43.3,42.1,42,41.5,40.2,39.5
Indonesia,Asia/Pacific,IDN,Subnat,IDNr116,Bali,57.8,56.8,55.5,54.7,54.3,52.7,50.9,49.4,47.5,46.9,45.1,43.7,42.4,42,41.4,40.8,40,39.4,39.1,38.3,38.2,38,36.7,36.1
Indonesia,Asia/Pacific,IDN,Subnat,IDNr109,"Bangka Belitung",67.6,66.9,65.7,65.3,62.9,59.3,55.6,52,50.5,50.3,48.9,47.9,47.4,46.9,46.1,45.3,44.3,43.3,42.6,41.6,41.6,41.1,39.7,39.1
Indonesia,Asia/Pacific,IDN,Subnat,IDNr115,Banten,64.1,63.3,61.8,61,60.8,59.2,57.7,56.3,53.7,52.3,49.7,47.6,45.5,44.4,43.5,42.7,41.6,40.5,39.8,39.1,39,38.5,37,36.5
Indonesia,Asia/Pacific,IDN,Subnat,IDNr107,Bengkulu,73.1,72.1,70.5,69.8,69.5,67.8,66.5,65.2,62.4,60.7,57.8,55.4,53,51.6,50.3,48.9,47.3,45.7,45,44,43.9,43.4,42,41.5
Indonesia,Asia/Pacific,IDN,Subnat,IDNr112,"Central Java",70.8,69.9,68.2,67.6,66.8,64.7,62.8,60.8,58.4,57.1,54.7,52.7,50.7,49.4,48.3,47.4,46.2,45,44.6,43.7,43.6,43.2,41.9,41.2
Indonesia,Asia/Pacific,IDN,Subnat,IDNr121,"Central Kalimantan",71.1,70,68.2,67.4,67.2,65.6,64.3,63.1,60.2,58.5,55.5,53.1,51.4,51.2,50.8,50.3,49.4,49.1,48.6,48.5,48.4,47.8,46.3,45.8
Indonesia,Asia/Pacific,IDN,Subnat,IDNr125,"Central Sulawesi",71.9,71.1,69.6,69,69.1,67.7,66.8,65.9,63.9,62.9,60.6,59,57.3,55.8,54.3,52.9,51.2,49.9,49.7,47.9,47.7,47.1,45.5,45.1
Indonesia,Asia/Pacific,IDN,Subnat,IDNr101,"DI Aceh",71,69.8,67.7,66.3,67.2,66.3,65.6,65,62.4,60.9,58.1,55.9,53.7,52.4,51.5,50.6,49.4,48.3,47.9,46.4,46.3,45.7,44.5,43.8
Indonesia,Asia/Pacific,IDN,Subnat,IDNr113,"DI Yogyakarta",64.4,63.5,61.9,61.1,59.6,56.8,53.8,51,49.1,48.5,46.6,45.2,43.8,42.4,41.4,40.5,39.4,38.3,37.9,37,36.9,36.4,35.1,34.5
Indonesia,Asia/Pacific,IDN,Subnat,IDNr110,"DKI Jakarta",47,45.9,44.3,43.1,42.8,40.9,38.5,36.7,35.3,35.4,34.6,34.4,34,33.9,33.6,33.6,33,32.6,32.2,31.9,32,31.8,30.6,30.1
Indonesia,Asia/Pacific,IDN,Subnat,IDNr114,"East Java",66.9,66,64.3,63.5,63.8,62.7,61.7,60.7,58,56.4,53.6,51.3,48.9,47.5,46.3,45.4,44.1,42.9,42.5,41.5,41.4,40.9,39.6,38.9
Indonesia,Asia/Pacific,IDN,Subnat,IDNr123,"East Kalimantan",55.4,54.6,53.2,52.5,52.1,50.4,48.6,47.3,45.4,44.9,43.1,42.4,41.8,41.7,41.4,41.3,40.9,41,40.8,40.8,40.6,40.3,38.9,38.3
Indonesia,Asia/Pacific,IDN,Subnat,IDNr118,"East Nusa Tenggara",80.9,80.3,79.9,79.4,79.4,77.9,76.5,75.9,73.9,72.3,70.5,68.8,67,65.8,65,64.2,63.1,61.8,61.1,59.6,59.2,58.3,54.9,56.1
Indonesia,Asia/Pacific,IDN,Subnat,IDNr128,Gorontalo,72.8,72.3,71.8,71.4,70.6,68.4,66.7,64.9,62.6,61.4,58.9,57.1,55.1,53.4,51.8,50.2,48.3,46.7,46.5,44.7,44.5,43.9,42.7,41.9
Indonesia,Asia/Pacific,IDN,Subnat,IDNr130,"Irian Jaya (Papua and Papua Barat)",75.6,74.6,72.8,71.8,72.9,72,71.8,71.3,70.7,70.7,70,69.4,68.7,66.9,65.3,63,60.5,57.8,56.8,55.4,55.1,54.3,51.9,52.2
Indonesia,Asia/Pacific,IDN,Subnat,IDNr105,Jambi,68.9,68,66.5,65.8,65.4,63.7,62.2,60.7,58.4,57.4,55.1,53.3,51.6,50.7,49.4,48,46.4,45,44.3,43.4,43.3,42.9,41.6,41
Indonesia,Asia/Pacific,IDN,Subnat,IDNr108,Lampung,76,75.3,73.8,73.1,72.5,70.4,68.8,67.1,64.1,62.2,59,56.3,53.7,52.2,51,50,48.6,47.4,46.9,45.8,45.7,45.3,43.9,43.4
Indonesia,Asia/Pacific,IDN,Subnat,IDNr129,Maluku,72.4,71.3,69.4,68.2,69,68,67.4,66.9,64.6,63.3,60.8,58.9,56.9,55.6,54.4,53.3,51.9,50.2,49.4,47.9,47.7,47,45.2,44.9
Indonesia,Asia/Pacific,IDN,Subnat,IDNr124,"North Sulawesi",62.6,61.5,59.9,59,58.9,57.3,55.8,54.8,52.8,51.8,49.8,48.3,46.8,45.5,44.7,43.9,42.8,42.1,41.8,40.4,40.2,39.8,38.4,37.9
Indonesia,Asia/Pacific,IDN,Subnat,IDNr102,"North Sumatra",67.2,66.3,64.8,64,63.3,61.2,59.2,57.4,55.5,54.7,52.8,51.3,49.8,48.7,48,47.3,46.4,45.5,44.9,43.6,43.4,42.9,41.2,40.8
Indonesia,Asia/Pacific,IDN,Subnat,IDNr104,"Riau (incl. Riau islands)",68.9,67.8,66,65,64,61.4,59.1,56.6,54.3,53.4,51.1,49.7,48.6,48.2,47.5,46.8,45.9,45.1,44.4,43.4,43.4,42.9,41.4,40.9
Indonesia,Asia/Pacific,IDN,Subnat,IDNr122,"South Kalimantan",68.4,67.5,65.8,65.3,63.9,61.2,58.6,55.9,53.6,52.5,50.3,48.5,46.8,46.5,45.9,45.3,44.4,44,43.9,43.5,43.4,42.8,41.4,40.8
Indonesia,Asia/Pacific,IDN,Subnat,IDNr126,"South Sulawesi (incl Sulawesi Barat)",65.8,64.8,63.2,62.5,63.4,63,62.8,62.7,60.1,58.6,55.9,53.7,51.6,50.6,49.7,48.9,47.7,46.9,46.7,45.1,45,44.5,43.1,42.4
Indonesia,Asia/Pacific,IDN,Subnat,IDNr106,"South Sumatra",71.4,70.7,69.2,68.4,68,66.1,64.6,62.9,60,58.3,55.2,52.7,50.2,49.7,49,48.3,47.3,46.4,45.6,44.5,44.4,43.9,42.5,41.9
Indonesia,Asia/Pacific,IDN,Subnat,IDNr127,"Southeast Sulawesi",76.7,76.2,75.6,75.1,73.9,71.1,68.9,66.5,64.3,63,60.5,58.7,56.8,55.1,53.6,52.2,50.6,49.3,48.8,47.4,47.3,46.7,45.1,44.7
Indonesia,Asia/Pacific,IDN,Subnat,IDNr111,"West Java",68.1,67.1,65.6,64.8,63.6,61.1,58.5,56.3,53.8,52.4,49.9,47.9,45.9,44.6,43.8,43.1,42.1,41,40.7,39.7,39.6,39.1,37.8,37.1
Indonesia,Asia/Pacific,IDN,Subnat,IDNr120,"West Kalimantan",74.9,74.2,72.8,72.3,71.2,68.6,66.5,64.1,61.8,60.5,58.1,56.2,54.3,53.5,52.9,52.5,51.7,51.4,51.3,50.8,50.7,50.1,48.4,48.1
Indonesia,Asia/Pacific,IDN,Subnat,IDNr117,"West Nusa Tenggara",76.8,76.4,75.9,75.6,74.1,71.4,68.5,65.3,63.5,62.8,60.7,59.2,57.7,55.9,54,52.2,50.1,48.3,48.1,46.7,46.5,45.9,44.6,43.9
Indonesia,Asia/Pacific,IDN,Subnat,IDNr103,"West Sumatra",67.9,66.8,65.1,64.2,64.7,63.7,63,62.4,59.3,57.3,54,51.3,48.7,48.3,47.6,46.9,46,45.1,44.4,43.3,43.3,42.8,41.4,40.8
Iran,Asia/Pacific,IRN,National,IRNt,Total,54.1,52.8,51.6,50.8,49.1,48,46.9,45.3,44.2,43.2,42.6,41.9,41.4,41.1,40.5,39.8,38.7,38.1,38.4,37.4,38.6,38.3,37,36.7
Iran,Asia/Pacific,IRN,Subnat,IRNr125,Ardebil,56.1,54.9,53.7,52.9,51.1,50,48.7,46.7,45.2,43.9,43.2,42.5,41.9,41.5,40.9,40.1,38.9,38.7,39,39.6,40.7,40.4,39.2,38.8
Iran,Asia/Pacific,IRN,Subnat,IRNr119,Bushehr,55,53.8,52.6,51.8,50,49,47.8,46,44.7,43.5,42.8,42.2,41.7,41.4,40.5,39.7,38.6,38.2,38.2,38,39.2,38.9,37.7,37.4
Iran,Asia/Pacific,IRN,Subnat,IRNr115,"Chaharmahal and Bakhtiyari",54.6,53.4,52.2,51.3,49.6,48.5,47.3,45.8,44.6,43.7,43.1,42.6,42.1,41.8,41.2,40.5,39.4,38.7,38.9,38.8,40,39.7,38.4,38
Iran,Asia/Pacific,IRN,Subnat,IRNr104,EastAzarbayejan,51.8,50.6,49.4,48.6,46.8,45.6,44.3,43.1,42.4,41.7,41.6,41.4,40.8,40.5,39.8,39,37.9,37.7,38,38.5,39.7,39.4,38.2,37.8
Iran,Asia/Pacific,IRN,Subnat,IRNr111,Esfahan,47.5,46.3,45.1,44.3,42.6,41.6,40.3,38.9,38.1,37.6,37.5,37.4,36.9,36.5,35.8,34.9,33.7,33.4,33.6,34.1,35.2,35,33.7,33.3
Iran,Asia/Pacific,IRN,Subnat,IRNr108,Fars,51.7,50.5,49.3,48.5,46.7,45.6,44.4,43.1,42.3,41.5,41.1,40.8,40.2,39.9,39.3,38.5,37.4,36.7,36.9,36.8,38,37.7,36.5,36.1
Iran,Asia/Pacific,IRN,Subnat,IRNr102,Gilan,54.1,52.9,51.8,51,49.3,48.4,47.4,46.2,45.3,44.5,43.7,43,42.5,42.4,41.9,41.2,40.2,39.6,39.9,39.2,40.4,40,38.7,38.4
Iran,Asia/Pacific,IRN,Subnat,IRNr128,Golestan,57,55.7,54.6,53.8,52.1,51,49.9,48.2,47,45.9,45.2,44.5,44,43.7,43.2,42.4,41.4,40.7,41,40.7,41.9,41.6,40.4,40.1
Iran,Asia/Pacific,IRN,Subnat,IRNr114,Hamedan,55.4,54.3,53.1,52.4,50.6,49.6,48.5,47,46,45.1,44.6,44,43.5,43.3,42.7,41.9,40.9,40.2,40.5,40.1,41.3,41,39.7,39.3
Iran,Asia/Pacific,IRN,Subnat,IRNr123,Hormozgan,58.2,56.9,55.6,54.8,53.1,52.1,51.3,50.5,50.1,49.6,49.1,48.6,48.1,48.1,47.4,46.8,46.1,46,45.9,45.7,46.9,46.5,45.3,44.9
Iran,Asia/Pacific,IRN,Subnat,IRNr117,Ilam,52.5,51.2,50,49.2,47.4,46.3,45.1,43.8,42.9,42.1,41.6,41.2,40.7,40.4,39.6,38.9,37.8,37.2,37.3,37.1,38.2,38,36.8,36.4
Iran,Asia/Pacific,IRN,Subnat,IRNr109,Kerman,56.2,55,53.8,52.9,51.2,50.2,49.3,48.6,48.2,47.7,47.3,46.9,46.4,46.3,45.2,44.6,43.7,43.9,43.5,43.1,44.3,43.9,42.6,42.2
Iran,Asia/Pacific,IRN,Subnat,IRNr106,Kermanshah,52.1,50.9,49.7,48.9,47.2,46.2,45.1,44.2,43.7,43.3,43,42.7,42.2,42,41.4,40.7,39.7,39.1,39.4,38.5,39.6,39.3,38.1,37.7
Iran,Asia/Pacific,IRN,Subnat,IRNr110,Khorasan-e-Razavi,52.5,51.2,50,49.2,47.4,46.3,45.2,44.2,43.6,43.1,42.8,42.5,42,41.9,41.3,40.6,39.6,39,39.3,38.3,39.5,39.2,38,37.6
Iran,Asia/Pacific,IRN,Subnat,IRNr107,Khuzestan,53.8,52.5,51.3,50.4,48.6,47.6,46.4,45.2,44.4,43.7,43.3,42.9,42.4,42.2,41.6,40.9,39.9,39.3,39.6,38.6,39.8,39.5,38.3,37.9
Iran,Asia/Pacific,IRN,Subnat,IRNr118,"Kohgiluyeh and Boyerahmad",57.3,56,54.9,54,52.3,51.3,50.3,49,48.1,47.2,46.6,45.9,45.4,45.3,44.7,44.1,43.1,42.7,42.9,42.1,43.3,43,41.7,41.3
Iran,Asia/Pacific,IRN,Subnat,IRNr113,Kordestan,54.9,53.7,52.6,51.7,50.1,49,48,46.9,46.1,45.5,45,44.7,44.2,44,43.5,42.8,41.8,41.2,41.5,40.6,41.7,41.5,40.2,39.8
Iran,Asia/Pacific,IRN,Subnat,IRNr116,Lorestan,53.5,52.2,51,50.2,48.5,47.5,46.4,45.7,45.3,45,44.8,44.6,44.1,43.9,43.4,42.7,41.7,41.1,41.4,40.6,41.8,41.5,40.2,39.9
Iran,Asia/Pacific,IRN,Subnat,IRNr101,Markazi,51.9,50.6,49.4,48.6,46.8,45.7,44.6,43.6,43.2,42.7,42.6,42.4,41.8,41.6,41,40.2,39.2,38.5,38.8,38.1,39.3,39,37.8,37.4
Iran,Asia/Pacific,IRN,Subnat,IRNr103,Mazandaran,51,49.8,48.7,47.9,46.1,45,43.7,42.5,41.7,41,40.9,40.6,40.1,39.6,39,38.1,37.1,36.9,37.2,37.6,38.8,38.5,37.3,37
Iran,Asia/Pacific,IRN,Subnat,IRNr129,"North Khorasan",58.1,56.8,55.6,54.8,53.1,52.1,51.1,50.1,49.4,48.8,48.3,47.8,47.2,47.2,46.8,46.1,45.2,44.7,45,44.4,45.6,45.3,43.9,43.5
Iran,Asia/Pacific,IRN,Subnat,IRNr127,Qazvin,55.8,54.6,53.5,52.7,51,50,48.9,46.5,44.8,43.3,42.3,41.4,40.9,40.6,39.9,39.2,38.1,37.4,37.6,37.4,38.5,38.2,37,36.7
Iran,Asia/Pacific,IRN,Subnat,IRNr126,Qom,58.5,57.3,56.2,55.4,53.7,52.6,51.3,47.5,44.4,41.8,39.9,38.3,37.7,37.3,36.6,35.8,34.6,34.2,34.4,34.9,36,35.9,34.7,34.4
Iran,Asia/Pacific,IRN,Subnat,IRNr121,Semnan,48.3,47.1,45.8,45.1,43.3,42.3,41,39.8,39.4,39.1,39.1,39.1,38.6,38.2,37.5,36.7,35.6,34.8,35.1,35.5,36.7,36.4,35.1,34.8
Iran,Asia/Pacific,IRN,Subnat,IRNr112,"Sistanand Baluchestan",66.4,64.9,63.6,62.7,60.9,59.9,59.1,58.4,58,57.6,56.8,56.1,55.5,55.7,55.1,54.6,54,54.2,54.2,54.5,55.7,55.1,53.6,53.1
Iran,Asia/Pacific,IRN,Subnat,IRNr130,"South Khorasan",59,57.6,56.4,55.5,53.7,52.7,51.6,50.4,49.6,48.9,48.3,47.8,47.2,47.2,46.6,45.9,45,44.6,44.8,44.1,45.3,44.9,43.6,43.2
Iran,Asia/Pacific,IRN,Subnat,IRNr124,"Tehran and Alborz",55.4,54.3,53.2,52.4,50.8,49.8,48.8,45.7,43.3,41.1,39.3,37.8,37.3,37,36.4,35.6,34.6,34,34.2,33.2,34.4,34.1,32.9,32.6
Iran,Asia/Pacific,IRN,Subnat,IRNr105,WestAzarbayejan,57.8,56.6,55.3,54.5,52.8,51.7,50.6,48.7,47.3,46.1,45.3,44.6,44.1,43.8,43.3,42.5,41.5,40.8,41.1,40.8,42,41.7,40.4,40.1
Iran,Asia/Pacific,IRN,Subnat,IRNr122,Yazd,50.9,49.6,48.4,47.5,45.7,44.5,43.1,41.6,40.6,39.8,39.4,39.1,38.6,38.2,37.6,36.7,35.6,35.1,35.4,35.8,36.9,36.7,35.4,35.1
Iran,Asia/Pacific,IRN,Subnat,IRNr120,Zanjan,55.3,54.1,52.9,52.1,50.4,49.4,48.3,47.1,46.2,45.5,44.9,44.4,43.8,43.7,43.2,42.5,41.5,40.9,41.2,40.4,41.5,41.2,39.8,39.5
Iraq,Asia/Pacific,IRQ,National,IRQt,Total,67.6,67,66.7,66.8,66,64.7,62.3,60.3,58.4,57.1,55.9,54.9,54.2,52.9,52.7,52.3,51.9,52.2,51.2,50.8,51.1,50.3,49.1,48.9
Iraq,Asia/Pacific,IRQ,Subnat,IRQr107,Anbar,67.6,66.9,66.6,66.7,66,64.7,62.7,61.6,60.4,59.6,59.1,58.7,57.9,56.4,56.1,55.3,54.6,54.9,53.8,53.4,53.7,52.9,51.8,51.5
Iraq,Asia/Pacific,IRQ,Subnat,IRQr109,Babylon,70.4,69.8,69.4,69.4,68.7,67.5,65.6,63.8,62,60.6,59.4,58.4,57.9,56.6,56.6,56.3,56.1,56.8,56.1,55.6,55.7,54.8,53.7,53.4
Iraq,Asia/Pacific,IRQ,Subnat,IRQr108,Baghdad,61.2,60.6,60.3,60.5,59.5,58.2,55.3,53.6,52.1,51.1,50.3,49.7,49,47.8,47.9,47.8,47.5,48.3,47.8,47.5,47.8,47,45.8,45.6
Iraq,Asia/Pacific,IRQ,Subnat,IRQr118,Basra,71.3,70.8,70.4,70.6,69.8,68.4,65.4,62.4,59.6,57.5,55.4,53.5,54.7,54,54.5,55.2,55.9,57.4,57.6,57.2,57.2,56.4,55.3,55.1
Iraq,Asia/Pacific,IRQ,Subnat,IRQr106,Diala,68.2,67.7,67.3,67.4,66.6,65.5,64,62.2,60.3,58.8,57.5,56.4,55.6,54.1,53.8,53.2,52.4,52.6,51.7,51.4,51.7,50.9,49.8,49.5
Iraq,Asia/Pacific,IRQ,Subnat,IRQr101,Dohouk,69.2,68.6,68.2,68.3,67.5,66,62.5,60.5,58.9,57.8,57,56.2,55.1,53.4,52.8,52.2,51.6,51.7,50.6,50.3,50.6,49.7,48.5,48.3
Iraq,Asia/Pacific,IRQ,Subnat,IRQr105,Erbil,66.1,65.5,65.2,65.4,64.4,62.9,58.9,57.1,55.8,55.2,54.6,54.2,53.2,51.6,51.3,51,50.8,51.6,51,50.7,51,50.2,49.1,48.8
Iraq,Asia/Pacific,IRQ,Subnat,IRQr110,Kerbela,66.2,65.6,65.2,65.4,64.5,63.3,61.1,59.3,57.6,56.5,55.4,54.6,54,53.1,53.4,53.3,53.1,53.5,52.7,52.2,52.4,51.6,50.4,50.2
Iraq,Asia/Pacific,IRQ,Subnat,IRQr117,Maysan,72.1,71.5,71,71,70.4,69.2,67.7,65.8,63.7,62.1,60.7,59.5,59.3,58.6,59,59.4,59.5,60.3,59.9,59.5,59.6,58.7,57.5,57.3
Iraq,Asia/Pacific,IRQ,Subnat,IRQr115,Muthanna,77.8,77.2,76.8,76.8,76.3,75,73.4,71,68.5,66.3,64.5,62.9,61.7,60,59.5,58.8,57.9,57.9,56.8,56.4,56.6,55.7,54.5,54.2
Iraq,Asia/Pacific,IRQ,Subnat,IRQr113,Najaf,67.5,66.9,66.5,66.6,65.9,64.6,62.3,60.4,58.4,57,55.8,54.7,55.2,54.9,55.9,56.5,57,58.2,58.1,57.7,57.7,56.9,55.7,55.4
Iraq,Asia/Pacific,IRQ,Subnat,IRQr102,Nenava,71.4,70.8,70.4,70.5,69.8,68.5,66.2,64,61.8,60.1,58.7,57.4,56.2,54.2,53.4,52.4,51.4,51.5,50.4,50.1,50.4,49.5,48.3,48.1
Iraq,Asia/Pacific,IRQ,Subnat,IRQr114,Qadisiya,71.7,71.1,70.7,70.7,70.1,68.9,67.4,65.2,62.9,61.1,59.5,58.1,57.1,55.6,55.2,54.6,54.1,54.3,53.4,53.1,53.4,52.6,51.5,51.2
Iraq,Asia/Pacific,IRQ,Subnat,IRQr112,Salaheldeen,73.3,72.7,72.3,72.4,71.7,70.4,68.3,66.4,64.5,63.1,61.9,60.9,59.7,57.7,57,56,54.9,54.8,53.5,53.2,53.4,52.6,51.4,51.2
Iraq,Asia/Pacific,IRQ,Subnat,IRQr103,Suleimaniya,64.6,64,63.6,63.8,62.9,61.5,57.9,55.6,53.8,52.7,51.6,50.7,51.4,49.3,48.5,48.1,47.5,47.9,47.2,46.9,47.2,46.4,45.3,45.1
Iraq,Asia/Pacific,IRQ,Subnat,IRQr104,Ta-amem-Karkuk,65.8,65.3,64.9,65.1,64.2,62.8,59.3,57.4,55.9,55,54.2,53.6,52.7,50.7,50,49.5,48.9,49.5,48.7,48.4,48.7,47.9,46.8,46.6
Iraq,Asia/Pacific,IRQ,Subnat,IRQr116,Thi-Qar,72.4,71.8,71.3,71.4,70.8,69.6,68.1,65.9,63.5,61.6,59.9,58.4,57.6,56,55.7,54.7,53.7,53.9,52.6,52.3,52.6,51.7,50.6,50.3
Iraq,Asia/Pacific,IRQ,Subnat,IRQr111,Wasit,72.7,72,71.6,71.6,71.1,69.9,68.3,66.3,64.1,62.4,60.9,59.6,59,57.8,57.9,57.8,57.5,58,57.2,56.8,56.8,56,54.8,54.6
Jamaica,America,JAM,National,JAMt,Total,53.2,51.4,49.8,48.6,47.5,46.8,45.3,43.7,42.9,42.3,41.1,41.3,41.5,40.7,40,39.5,38.5,38.6,38.6,38.1,38.3,38.8,37.2,36.8
Jamaica,America,JAM,Subnat,JAMr101,"Kingston, St Andrew",48.2,46.3,44.7,43.5,42.4,41.6,39.8,37.9,36.8,35.7,34,34.2,34.7,34.2,33.6,33.2,32.4,32.7,33,32.7,33.1,33.8,32.4,31.8
Jamaica,America,JAM,Subnat,JAMr106,"Manchester, Clarendon",58.7,56.8,55.2,54,52.8,52,50.4,48.6,47.5,46.6,45.3,45.5,45.8,44.8,43.8,43.2,42.2,42.1,42.2,41.8,42,42.2,40.4,40.4
Jamaica,America,JAM,Subnat,JAMr103,"St Ann, St Catherine",50.6,48.8,47.2,45.9,44.8,44.1,42.9,41.6,41.2,40.8,39.9,40.3,40,39.8,39.4,38.9,37.9,37.9,37.8,37,37.4,37.9,36.2,35.6
Jamaica,America,JAM,Subnat,JAMr105,"St James, Hanover, Westmoreland",54.4,52.6,51,49.7,48.6,47.9,46.5,45.1,44.3,43.9,43.1,43.6,43.7,42.7,41.7,41.2,40.2,40.1,40,39.3,39.4,39.8,38.2,37.8
Jamaica,America,JAM,Subnat,JAMr102,"St Thomas, Portland, St Mary",56.4,54.6,53.1,51.9,50.8,50,48.8,47.7,47.1,46.9,46.2,46.4,46.2,45.2,44.2,43.6,42.5,42.5,42.4,41.8,42,42.1,40.2,40.1
Jamaica,America,JAM,Subnat,JAMr104,"Trelawny, St Elizabeth",61.6,59.9,58.5,57.3,56.3,55.5,53.9,52.1,51,50.4,49.3,49.4,49.3,48.1,46.9,46.2,45.2,44.9,44.9,44.2,44.2,44.3,42.4,42.3
Jordan,Asia/Pacific,JOR,National,JORt,Total,51.5,51,50.3,49.4,48.6,46.2,44.4,43.1,41.9,41.1,40.3,39.2,37.5,36.9,36.6,36.2,37.3,36.8,37.8,38.5,39,41.9,40.5,40.7
Jordan,Asia/Pacific,JOR,Subnat,JORr108,Aljoun,54.8,54.4,53.7,52.7,51.8,49.5,47.7,46.3,45,44.2,43.3,42.2,40.3,39.3,38.7,38.1,39.2,38.5,39.6,40.4,40.8,43.9,42.6,42.8
Jordan,Asia/Pacific,JOR,Subnat,JORr101,Amman,48.6,48,47.2,46.5,45.9,43.5,42,40.9,39.6,38.8,37.9,36.8,35.1,34.7,34.6,34.1,35.3,34.8,35.9,36.7,37.2,40.1,38.8,39.1
Jordan,Asia/Pacific,JOR,Subnat,JORr112,Aqaba,52.9,52.5,51.9,50.7,49.6,47.1,45.1,43.6,42.1,41.3,40.3,39.2,37.1,36.4,36.1,35.8,37.1,36.7,37.2,38,38.5,41.5,40.1,40.3
Jordan,Asia/Pacific,JOR,Subnat,JORr102,Balqa,54,53.6,53,51.8,50.6,48.1,46.2,44.6,43.5,42.8,42,41.1,39.4,38.5,38,37.3,38.2,37.5,38,38.7,38.9,41.7,40.2,40.2
Jordan,Asia/Pacific,JOR,Subnat,JORr105,Irbid,53.3,52.8,52.2,51.1,50.1,47.6,45.8,44.2,43,42.1,41.2,40.1,38.4,37.6,37.3,36.8,37.8,37.1,38.3,39.1,39.6,42.5,41.2,41.4
Jordan,Asia/Pacific,JOR,Subnat,JORr107,Jarash,56.7,56.3,55.8,54.4,53.2,50.7,48.7,46.9,45.8,45.1,44.5,43.6,41.8,40.6,39.8,39.1,40.1,39.3,40.4,41.1,41.5,44.6,43.2,43.4
Jordan,Asia/Pacific,JOR,Subnat,JORr109,Karak,55.9,55.5,54.8,53.8,52.8,50.4,48.6,47.3,46.1,45.4,44.7,43.7,42,40.9,40.2,39.2,39.9,38.8,40.1,40.8,41.2,44.3,43,43.3
Jordan,Asia/Pacific,JOR,Subnat,JORr111,Maan,57.3,56.9,56.4,54.9,53.5,50.8,48.5,46.7,45.6,45,44.3,43.5,41.8,40.9,40.4,39.9,40.8,40.1,40.9,41.4,41.6,44.5,43,43.1
Jordan,Asia/Pacific,JOR,Subnat,JORr104,Madaba,54.2,53.7,53,51.7,50.5,47.7,45.7,44,42.8,41.9,41.1,40.1,38.4,38,38.1,37.9,39.3,39,39.5,39.9,39.9,42.4,40.8,40.7
Jordan,Asia/Pacific,JOR,Subnat,JORr106,Mafraq,59.3,59,58.5,57.1,55.9,53.3,51.4,49.6,48.4,47.4,46.5,45.4,43.4,42.8,42.6,42.6,44.2,44.2,44.6,45.2,45.3,48.4,46.8,46.7
Jordan,Asia/Pacific,JOR,Subnat,JORr110,Tafiela,55.4,54.9,54.3,53,51.8,49.2,47.2,45.5,44.3,43.4,42.4,41.3,39.6,38.9,38.6,38,39,38.2,38.7,39.5,40,43,41.5,41.6
Jordan,Asia/Pacific,JOR,Subnat,JORr103,Zarqa,50.1,49.7,49.1,48.3,47.6,45.4,43.8,42.6,41.5,40.8,40.2,39.3,37.8,37.1,36.7,36.2,37.3,36.6,37.8,38.7,39.2,42.3,41,41.2
Kazakhstan,Asia/Pacific,KAZ,National,KAZt,Total,53.1,52.4,51,49.4,47.9,46.3,42.8,39.6,38.3,37.3,36,34.9,34.7,34.1,33.3,33.5,33.6,33.4,32.9,32.9,33.8,33.9,33,32.6
Kazakhstan,Asia/Pacific,KAZ,Subnat,KAZr101,"Almaty city",44.1,43.2,41.9,40.4,38.8,35.9,32.3,29,28.2,28,27.1,27,27,26.6,26,26.5,26.6,26.4,25.8,25.8,26.7,26.7,25.8,25.4
Kazakhstan,Asia/Pacific,KAZ,Subnat,KAZr104,"Central region (Karagandinskaya)",47.8,47,45.8,44.2,42.9,40.9,37.8,35.1,34.4,34.1,33.3,32.1,31.7,30.9,29.8,29.9,29.9,29.6,28.9,28.9,29.8,29.8,28.9,28.5
Kazakhstan,Asia/Pacific,KAZ,Subnat,KAZr106,"East region (East-Kazakhstanskaya)",50.8,50.1,48.9,47.4,46.1,44.5,41.4,38.7,37.7,37.1,36.1,35,34.7,34.2,33.3,33.5,33.6,33.5,32.9,32.9,33.8,33.8,32.9,32.5
Kazakhstan,Asia/Pacific,KAZ,Subnat,KAZr105,"North region (Akmolinskaya (incl Astana city), Kostnaiskaya, Pavlodarskaya, North-Kazakhstanskaya)",53.2,52.5,51.2,49.7,48.2,46.6,43.3,39.6,37.7,36.3,34.5,33.2,32.9,32.2,31.2,31.4,31.5,31.3,30.7,30.8,31.6,31.7,30.8,30.4
Kazakhstan,Asia/Pacific,KAZ,Subnat,KAZr102,"South region (Almatinskaya, Zhambylskaya, Kyzylordinskaya, South-Kazakhstanskaya)",57.6,56.9,55.5,53.6,52.1,51.3,47.4,44.2,42.5,41.4,39.8,38.5,38.2,37.4,36.5,36.6,36.7,36.5,36,36.1,37,37.1,36.3,35.9
Kazakhstan,Asia/Pacific,KAZ,Subnat,KAZr103,"West region (Aktyubinskaya, Atyrauskaya, Mangistauskaya, West-Kazakhstanskaya)",55.1,54.3,52.9,51.1,49.5,47.9,44,40.9,39.6,38.8,37.6,36.8,36.7,36.2,35.5,35.8,35.9,35.6,35,35,35.9,36,35,34.7
Kenya,Africa,KEN,National,KENt,Total,88.7,87.8,87,86.6,85,83.6,82.3,80.9,79.3,78.9,77.6,75.1,74.1,73.1,72.4,70.8,69.4,68,66.5,64.5,64,62.6,61.3,61
Kenya,Africa,KEN,Subnat,KENr102,Central,85.3,84.2,83.3,82.8,81.2,80,78.8,77.5,75.9,74.6,72.5,68.8,67.1,65,63.5,61.9,60.2,58.6,56.6,54.3,54,53.1,51.5,51.2
Kenya,Africa,KEN,Subnat,KENr103,Coast,88.1,87,86.1,85.7,83.3,81.3,79.3,77.2,74.7,75.7,75.2,73,72.6,72.4,72.6,71,69.4,68.2,66.9,65,64.7,63.7,62.8,62.4
Kenya,Africa,KEN,Subnat,KENr104,Eastern,92.2,91.4,90.9,90.4,89,87.8,86.7,85.6,84.3,82.9,81,79.1,78,76.9,75.8,74.3,73.1,72,70.8,69.2,68.8,67.7,66.4,66.1
Kenya,Africa,KEN,Subnat,KENr101,Nairobi,60,57.8,55.8,56.1,53.9,52.3,50.6,48.5,46.3,47.1,48.3,45.4,45.8,46.2,46.7,45.3,45.2,44.3,43.5,42.6,43.4,43,41.9,41.6
Kenya,Africa,KEN,Subnat,KENr108,"North Eastern",100,100,100,100,100,100,99.6,98.3,97,96.7,95.6,94.6,94.4,93.7,93.1,91.4,89.9,87.9,86,83.5,82.1,80.4,78.5,77.8
Kenya,Africa,KEN,Subnat,KENr105,Nyanza,95.3,94.5,93.9,93.3,91.7,90.2,88.7,87.2,85.5,85,83.8,82.4,81.9,81.3,80.8,79.5,78.4,77.3,76.3,74.6,74.2,73.2,72,71.6
Kenya,Africa,KEN,Subnat,KENr106,"Rift Valley",91.7,90.9,90.3,89.8,88.1,86.5,85,83.4,81.6,81.2,80.1,78,77.2,76.1,75.3,73.9,72.6,71.2,69.8,67.8,67,65.8,64.2,63.8
Kenya,Africa,KEN,Subnat,KENr107,Western,95.4,94.8,94.4,93.9,92.7,91.5,90.4,89.2,87.9,87,85.7,84.7,84.1,84,83.7,82.1,80.9,79.1,77.5,75.4,74.6,73.3,71.6,71.1
Kiribati,Asia/Pacific,KIR,National,KIRt,Total,69.9,69.7,69.1,68.5,68,67.3,66.7,66.4,65.9,65.6,65.2,63.2,62.3,61.4,59.7,57.8,56.3,56.7,55.7,54.9,54.6,55,53.3,52.9
Kiribati,Asia/Pacific,KIR,Subnat,KIRr103,"Central Gibert",82,81.1,80.7,80.3,79.9,79.5,79,78.7,78.3,77.8,77.4,76.3,75.7,74.9,73.6,72.2,71.1,71.1,70.2,69.5,69.6,70.2,68.8,68.6
Kiribati,Asia/Pacific,KIR,Subnat,KIRr105,"Line and Phoenix Group",75.7,77.8,77.3,76.7,76.2,74.8,74.8,74.3,73.8,73.6,73.1,71.3,70.8,70.1,68.4,66.9,66.1,66.4,65.8,65.3,65.3,65.9,64.5,64.2
Kiribati,Asia/Pacific,KIR,Subnat,KIRr102,"Northern Gilbert",82.2,81.2,80.7,80.2,79.8,78.8,78.3,78,77.6,77.3,76.8,75.3,74.6,73.8,72.5,70.8,69.6,69.9,69,68.2,68.1,68.8,67.3,67.1
Kiribati,Asia/Pacific,KIR,Subnat,KIRr104,"Southern Gilbert",82.9,81.8,81.4,80.9,80.5,79.8,79.3,79,78.6,78.2,77.9,76.6,76,75.2,74,72.6,71.6,71.6,70.8,70,70.1,70.7,69.3,69.1
Kiribati,Asia/Pacific,KIR,Subnat,KIRr101,"Souyth Tarawa",56.5,57.1,56.4,55.8,55.1,54.8,54.1,54,53.6,53.3,53,51.3,50.7,50,48.7,47.2,45.8,45.9,44.9,44.4,44.3,44.9,43.2,43
Kyrgyzstan,Asia/Pacific,KGZ,National,KGZt,Total,63.5,62.9,62.7,62,59.5,59.9,57.2,55.1,51.6,49.6,48.5,47.1,46.3,47.1,45.7,46.1,45.3,45,44.4,43.9,46.5,45.7,45.1,44.7
Kyrgyzstan,Asia/Pacific,KGZ,Subnat,KGZr108,Batken,72.1,71.8,71.7,71.3,70,70.7,68,65.4,60.7,57.9,56.2,54.1,52.6,53.8,52.4,52.3,50.7,49.9,48.6,48,50.7,49.9,49.3,48.9
Kyrgyzstan,Asia/Pacific,KGZ,Subnat,KGZr101,Bishkek,48,47.5,47.4,46.7,45.2,44.6,41.3,39.3,36.5,35.4,35.1,34.8,35.1,35.9,34.8,35.3,34.7,34.7,34.4,33.9,36.4,35.7,35.2,34.8
Kyrgyzstan,Asia/Pacific,KGZ,Subnat,KGZr103,Chuy,59.8,59.4,59,58.5,56.9,56.9,54.7,52.6,49.4,47.5,46.3,45,44.6,45,43.5,44.3,44,44.3,44.3,43.8,46.3,45.6,45,44.6
Kyrgyzstan,Asia/Pacific,KGZ,Subnat,KGZr102,Issyk-Kul,64.1,63.5,63.3,62.6,60.2,60.4,57.8,55.8,52.3,50.4,49.3,48,47.3,47.3,45.4,45.7,44.8,44.5,43.9,43.4,45.9,45.2,44.6,44.2
Kyrgyzstan,Asia/Pacific,KGZ,Subnat,KGZr105,Jalal-Abad,67.4,67.2,67.2,66.8,63.6,64.4,61.8,60.2,56.7,54.8,53.8,52.5,51.9,52,49.6,50.2,49.3,49.3,48.6,48,50.7,49.9,49.3,48.9
Kyrgyzstan,Asia/Pacific,KGZ,Subnat,KGZr107,Naryn,72,71.7,71.4,71.3,69.6,70.6,67.5,65.2,60.8,58.4,56.8,54.9,53.4,54.3,52.9,52.7,51.1,50.2,48.9,48.4,50.9,50.1,49.5,49.3
Kyrgyzstan,Asia/Pacific,KGZ,Subnat,KGZr106,Osh,69.2,68.6,68.4,67.7,64.7,65.2,62.5,60.3,56.4,54.2,52.7,51.1,49.9,50.8,49.4,50.1,49.4,49.4,49,48.4,51,50.1,49.5,49.3
Kyrgyzstan,Asia/Pacific,KGZ,Subnat,KGZr104,Talas,71.6,71.1,70.9,70.3,67.3,68,65.6,63.6,59.9,57.8,56.6,55,54,53,49.9,50.4,49.6,49.6,49,48.6,51,50.4,49.8,49.5
Lao,Asia/Pacific,LAO,National,LAOt,Total,87.6,86.4,85.3,84.4,82.4,80.4,78.5,76.8,73.6,70.8,68.1,65.2,64.4,62.7,61.1,60.6,59.5,58.3,58,56,55.4,55.1,54.6,54.9
Lao,Asia/Pacific,LAO,Subnat,LAOr117,Attapeu,94.7,93.7,92.6,91.7,89.9,88,86.2,84.4,81.4,78.7,76,73.2,72.4,69.5,66.8,65.2,63.2,60.9,60.6,58.6,58,57.8,57.3,57.5
Lao,Asia/Pacific,LAO,Subnat,LAOr105,Bokeo,91.3,90.1,89.1,88.2,86.3,84.4,82.6,81,77.8,75.1,72.5,69.8,68.9,66.7,64.5,63.5,61.9,60.2,59.9,58,57.6,57.4,56.9,57
Lao,Asia/Pacific,LAO,Subnat,LAOr111,Borikhamxay,81.5,80.2,79,78,76,73.8,71.8,70,66.6,63.5,60.6,57.4,57.1,55.6,54.4,54.6,53.8,52.9,52.6,50.9,50.4,50.2,49.7,49.6
Lao,Asia/Pacific,LAO,Subnat,LAOr116,Champasack,89.1,87.9,86.8,85.9,84,81.9,80,78.3,74.9,71.9,69.1,66,65.5,63.5,61.7,61,59.6,58,57.7,55.9,55.4,55.2,54.7,54.7
Lao,Asia/Pacific,LAO,Subnat,LAOr107,Huaphanh,94.3,93.1,92.1,91.2,89.4,87.4,85.6,83.9,80.6,77.6,74.8,72,71.3,69.9,68.7,68.5,67.9,67,66.6,64.8,64.4,64,63.6,64.1
Lao,Asia/Pacific,LAO,Subnat,LAOr112,Khammuane,90.8,89.6,88.6,87.7,85.7,83.8,82,80.3,77.1,74.4,71.8,69.1,68.3,66.1,64.1,63.2,61.8,60.2,59.9,58,57.5,57.2,56.7,57.1
Lao,Asia/Pacific,LAO,Subnat,LAOr103,Luangnamtha,88.7,87.5,86.5,85.6,83.8,81.8,80.1,78.4,75.2,72.5,69.9,67.1,66.4,64.8,63.4,63.2,62.3,61.4,61.1,59.2,58.6,58.2,57.7,58.3
Lao,Asia/Pacific,LAO,Subnat,LAOr106,Luangprabang,91.9,90.7,89.7,88.8,87,85.1,83.3,81.5,78.6,75.8,73.2,70.4,69.6,67.9,66.3,65.8,64.8,63.6,63.2,61.4,60.9,60,59.5,60.5
Lao,Asia/Pacific,LAO,Subnat,LAOr104,Oudomxay,97.7,96.6,95.6,94.9,93.2,91.5,89.7,88.1,85.3,82.9,80.5,78.1,76.9,73.7,70.6,68.6,66.1,63.5,63.1,61.3,60.7,60.2,59.7,60.4
Lao,Asia/Pacific,LAO,Subnat,LAOr102,Phongsaly,96.6,95.6,94.7,94.1,92.7,91.2,89.7,88.3,85.5,82.9,80.4,77.9,76.9,74.1,71.4,69.9,67.9,65.7,65.3,63.4,63,62.4,61.9,62.7
Lao,Asia/Pacific,LAO,Subnat,LAOr114,Saravane,99.9,98.8,97.9,97,95.4,93.6,91.9,90.2,87.4,84.9,82.4,79.9,78.9,76.6,74.6,73.5,72.1,70.5,70.1,68.5,68,66.7,66.2,67.6
Lao,Asia/Pacific,LAO,Subnat,LAOr113,Savannakhet,90.8,89.6,88.5,87.6,85.7,83.7,81.9,80.2,77.1,74.3,71.6,68.7,67.9,66.4,64.9,64.6,63.7,62.6,62.3,60.4,59.9,59.2,58.7,59.5
Lao,Asia/Pacific,LAO,Subnat,LAOr108,Sayabury,84.5,83.3,82.3,81.5,79.6,77.7,76,74.3,71.3,68.6,66,63.3,62.6,60.3,58.1,57.1,55.4,53.6,53.2,51.3,50.9,50.6,50.1,50.1
Lao,Asia/Pacific,LAO,Subnat,LAOr115,Sekong,97.4,96.3,95.2,94.3,92.4,90.6,88.7,87,84,81.4,78.9,76.3,75.1,72.7,70.5,69.3,67.7,65.8,65.3,63.5,63,61.9,61.3,62.6
Lao,Asia/Pacific,LAO,Subnat,LAOr101,"Vientiane Municipality",68.6,67,65.6,64.5,62.2,59.6,57.6,55.7,52.1,48.8,45.8,42.3,42.1,41.5,41.2,42.6,42.4,42.5,42,40.3,39.7,39.4,38.8,38.8
Lao,Asia/Pacific,LAO,Subnat,LAOr110,"Vientiane Province",81.8,80.5,79.4,78.4,76.4,74.2,72.3,70.5,67,64,61.1,58,57.5,56.9,56.4,57.1,57.1,57,56.6,54.9,54.4,54.2,53.7,53.7
Lao,Asia/Pacific,LAO,Subnat,LAOr109,Xiengkhuang,92.3,91.1,90.1,89.1,87.2,85.1,83.1,81.2,78,74.8,71.9,68.6,68.2,65.6,63.2,62.1,60.1,58,57.7,55.7,55.2,54.9,54.4,54.4
Lebanon,Asia/Pacific,LBN,National,LBNt,Total,45.9,,,,,,45.9,45.2,43.9,41.6,40.1,38.8,38.1,38.1,37.8,37.4,37.6,37.1,37,36.9,38.5,39.5,40.8,41
Lebanon,Asia/Pacific,LBN,Subnat,LBNr101,Beirut,44.5,,,,,,44.6,43.9,42.7,40.4,39,37.8,37.2,37.2,36.9,36.6,36.8,36.5,35.9,35.8,37.4,38.3,39.5,39.8
Lebanon,Asia/Pacific,LBN,Subnat,LBNr104,Beqaa,45.4,,,,,,45.4,44.7,43.3,41,39.5,38.1,37.5,37.5,37.2,36.7,36.7,36.1,36.2,36.3,38.1,39.2,40.3,40.6
Lebanon,Asia/Pacific,LBN,Subnat,LBNr102,"Mount Lebanon",45.4,,,,,,45.5,44.8,43.5,41.2,39.7,38.4,37.8,37.8,37.5,37.1,37.3,36.9,36.7,36.7,38.3,39.3,40.5,40.8
Lebanon,Asia/Pacific,LBN,Subnat,LBNr103,Northern,46,,,,,,46,45.4,44.1,41.8,40.4,39,38.3,38.2,37.7,37.2,37.4,36.9,37,36.8,38.2,39.2,40.4,40.7
Lebanon,Asia/Pacific,LBN,Subnat,LBNr105,"Southern, Nabtieh",47,,,,,,47,46.3,45,42.6,41.1,39.8,39,39.1,38.7,38.3,38.4,37.8,38.1,38,39.7,40.8,42.1,42.4
Lesotho,Africa,LSO,National,LSOt,Total,85.2,85.5,85.2,84.9,84.5,83.8,84.1,82,80.4,79,77,74.8,73,70.7,69.1,68.2,66.9,66.1,67.1,66.6,66.5,65.5,65.1,64.1
Lesotho,Africa,LSO,Subnat,LSOr103,Berea,89.7,89.9,89.7,89.5,89.3,86.7,85.1,81.3,78,74.9,71.1,69.4,68.4,66.5,65.2,65,64.2,64.1,65.8,65.4,65.5,64.5,64.1,63.1
Lesotho,Africa,LSO,Subnat,LSOr101,Butha-Buthe,85.2,85.4,85.4,85.2,85.1,84.7,85.3,83.8,82.7,81.8,80.2,78.8,77.5,75.5,74,73.6,72.8,72.2,74,73.2,73.3,72.5,72,71.4
Lesotho,Africa,LSO,Subnat,LSOr102,Leribe,86.7,86.8,86.4,86.2,85.8,85,85,82.8,81,79.4,77.1,75.2,73.6,71.3,69.5,68.6,67.3,66.5,67.5,66.9,66.7,65.7,65.3,64.3
Lesotho,Africa,LSO,Subnat,LSOr105,Mafeteng,86.9,87.1,86.9,86.8,86.6,85.9,86,84,82.4,80.8,78.7,76.1,73.8,71.6,69.8,69.4,68.6,68.2,70,69.6,69.6,68.7,68.2,67.3
Lesotho,Africa,LSO,Subnat,LSOr104,Maseru,77.1,77.6,76.5,75.8,74.8,74.7,75.7,74,73.1,72,70.3,67,64.4,61.1,58.7,58.3,57.4,57.1,58.4,57.9,57.8,56.6,56.3,55
Lesotho,Africa,LSO,Subnat,LSOr106,"Mohale s Hoek",86.8,87,86.9,86.7,86.5,86,86.5,84.5,83.2,81.9,80.1,78.8,77.7,76.6,76.1,74.7,73.1,71.8,73.1,72.3,72.1,71.4,70.8,70.1
Lesotho,Africa,LSO,Subnat,LSOr109,Mokhotlong,89.7,89.8,90,89.9,89.9,89.7,90.3,88.7,87.5,86.4,85.1,83.5,81.8,80.1,78.6,77.9,76.8,76,77.3,76.6,76.6,75.9,75.2,74.7
Lesotho,Africa,LSO,Subnat,LSOr108,"Qasha s Nek",89.7,89.9,90,89.9,89.9,89,89,86.9,85.2,83.7,82.2,80.4,78.8,76.6,74.9,73.9,72.4,71.3,71.9,71,70.6,69.7,69.2,68.3
Lesotho,Africa,LSO,Subnat,LSOr107,Quthing,89.2,89.4,89.5,89.4,89.4,89,89.4,87.7,86.5,85.2,83.6,81.3,78.9,77,75.5,75.2,74.2,73.7,75.3,74.5,74.3,73.5,73,72.3
Lesotho,Africa,LSO,Subnat,LSOr110,Thaba-Tseka,92.5,92.8,92.9,92.9,92.7,92.4,92.8,91,89.7,88.2,86.7,85.3,83.7,82.6,81.8,81.1,80,79.1,80.2,79.4,79.3,78.6,78,77.4
Liberia,Africa,LBR,National,LBRt,Total,91.1,,,91.3,90.5,89.3,88,86.8,86,84.5,81.3,80.9,79.1,78.2,76.7,75.7,75.6,73.5,74.9,75,74.3,73.4,72.6,72.1
Liberia,Africa,LBR,Subnat,LBRr101,Bomi,95.6,,,95.8,94.9,93.6,92.2,90.8,90.4,89.6,87.4,87.8,87.5,87.7,86.2,85.5,85.1,82.9,84,83.8,83,82.4,81.7,81.3
Liberia,Africa,LBR,Subnat,LBRr102,Bong,94.1,,,94.3,93.4,92.9,91.6,90.2,89.8,88.9,86.5,86.9,86.5,86.8,85.2,84.4,83.7,81.6,82.3,81.8,80.8,80.2,79.5,79.1
Liberia,Africa,LBR,Subnat,LBRr103,Gbarpolu,94.8,,,95,94.1,93.8,92.4,91.2,90.9,90.3,88.1,88.7,88.5,88.8,88.1,88,87.9,86.2,87.6,87.8,87.5,87,86.4,85.9
Liberia,Africa,LBR,Subnat,LBRr104,"Grand Bassa",93,,,93.2,92.4,92.3,90.9,89.6,89.3,88.4,86.1,86.5,86.1,86.4,84.9,84,83.4,81.3,82.3,82.1,81.3,80.7,80,79.6
Liberia,Africa,LBR,Subnat,LBRr105,"Grand Cape Mount",96.2,,,96.4,95.6,94.2,92.9,91.6,91.3,90.4,88,88.4,88,88.5,87.2,86.6,86.1,83.9,85,84.9,84.1,83.5,82.8,82.3
Liberia,Africa,LBR,Subnat,LBRr106,"Grand Gedeh",92.3,,,92.5,91.7,90.6,89.2,87.9,87.5,86.6,84.2,84.7,84.2,84.5,83.1,82.3,81.6,79.4,80.2,80,79.1,78.4,77.7,77.2
Liberia,Africa,LBR,Subnat,LBRr107,"Grand Kru",95.7,,,95.9,95.1,94.6,93.3,92,91.7,90.8,88.6,88.9,88.6,89,87.8,87.3,86.8,84.8,85.8,85.7,85.1,84.5,83.9,83.4
Liberia,Africa,LBR,Subnat,LBRr108,Lofa,93.7,,,93.9,93.1,92.8,91.5,90.4,90.1,89.2,87,87.6,87.3,87.8,86.6,86.1,85.4,83.1,83.9,83.8,83.1,82.5,81.7,81.2
Liberia,Africa,LBR,Subnat,LBRr109,Margibi,90,,,90.1,89.2,88.7,87.1,85.6,85,84,81.3,81.4,80.5,80.6,79.2,78.5,78.7,77.2,78.5,78.7,78.2,77.6,76.9,76.4
Liberia,Africa,LBR,Subnat,LBRr110,Maryland,91,,,91.1,90.2,89.4,87.9,86.4,86,84.9,82.3,82.4,81.7,81.9,80.3,79.4,79,76.7,77.7,77.6,76.6,75.8,75,74.5
Liberia,Africa,LBR,Subnat,LBRr111,Montserrado,79.2,,,79.3,78.1,76.9,75.2,73.2,72.6,71.2,67.3,67.1,64.9,64.5,62.7,61.2,61.2,59.2,61.1,61.7,60.8,59.6,58.5,57.9
Liberia,Africa,LBR,Subnat,LBRr112,Nimba,91.2,,,91.3,90.4,89.1,87.7,86.3,85.8,84.9,82.5,82.7,82.2,82.4,81.6,81.7,81.8,80.4,81.8,82.2,82.1,81.3,80.6,80.1
Liberia,Africa,LBR,Subnat,LBRr113,"River Cess",97.1,,,97.3,96.4,95.9,94.7,93.5,93.2,92.5,90.3,91,90.8,91.3,90.2,89.8,89.1,86.8,87.7,87.5,86.8,86.3,85.7,85.2
Liberia,Africa,LBR,Subnat,LBRr114,"River Gee",92.9,,,93.1,92.3,92.2,90.8,89.5,89.2,88.3,85.9,86.3,85.8,86.1,84.2,82.9,82.1,79.7,80.3,79.9,79,78.4,77.8,77.3
Liberia,Africa,LBR,Subnat,LBRr115,Sinoe,94.6,,,94.8,94,93.5,92.2,90.9,90.8,90,87.8,88.3,88,88.4,87,86,85,82.6,83.2,83,82.2,81.6,81,80.5
Libya,Africa,LBY,National,LBYt,Total,41.7,,,,,,,,,,,43.6,42.1,42.8,43.8,43.9,44.6,45.8,44.5,43.4,44,43.3,42.4,43.9
Libya,Africa,LBY,Subnat,LBYr101,Cyrenaica,41.9,,,,,,,,,,,43.7,42.3,42.9,43.9,44,44.8,46,44.7,43.6,44.2,43.5,42.6,44.1
Libya,Africa,LBY,Subnat,LBYr103,Fezzan,42.8,,,,,,,,,,,44.6,43.2,43.8,44.8,44.9,45.5,46.6,45.3,44,44.5,43.7,42.8,44.3
Libya,Africa,LBY,Subnat,LBYr102,Tripolitania,41.2,,,,,,,,,,,43.3,41.7,42.4,43.4,43.7,44.4,45.6,44.4,43.4,44.1,43.5,42.6,44
Madagascar,Africa,MDG,National,MDGt,Total,91,90.1,89.9,88.4,88.9,88.6,87.6,86.6,85.6,85.4,85,84.1,83.7,83.6,81.8,80.8,81.6,81,79.2,79,78.4,78.2,76.8,71.3
Madagascar,Africa,MDG,Subnat,MDGr112,"Alaotra Mangoro",91.9,91.1,91,89.6,90,89.5,88.1,86.8,85.3,85,84.4,83.6,83.2,83.4,81.9,80.6,81.2,80.4,78.2,77.8,76.9,76.4,74.9,69.2
Madagascar,Africa,MDG,Subnat,MDGr101,Analamanga,78.9,77.3,77.2,74.4,75.7,74.7,72.7,70.2,66.6,65.3,66.3,65.7,65.7,67.7,65.4,64.6,66.8,66.3,63.3,63.1,61.9,61.4,59.3,53.8
Madagascar,Africa,MDG,Subnat,MDGr111,Analanjirofo,96.7,96,95.8,94.8,95.1,94.6,93.5,92.4,91.6,91.6,90,88.2,86.9,85.6,82.5,80.9,81.4,80.3,77.4,77.2,76.3,76.1,74.5,68.7
Madagascar,Africa,MDG,Subnat,MDGr106,"Anamoroni Mania",95.7,94.9,94.7,93.4,93.9,93.3,91.9,90.7,89.6,89.5,88.9,88.2,87.8,87.6,86.4,85.4,86.1,85.5,84.3,83.3,82.1,81.5,80,74.2
Madagascar,Africa,MDG,Subnat,MDGr118,Androy,100,100,100,99.8,100,99.6,98.4,97.5,96.7,96.7,96.3,95.9,96,95.2,94.5,93.9,94.6,94.5,94.5,94.7,95.1,95.9,95,90.8
Madagascar,Africa,MDG,Subnat,MDGr119,Anosy,96.7,96,95.9,94.8,95.1,94.6,93.4,92.2,91.3,91.2,90.9,90.5,90.5,89.8,88.7,88.2,88.9,88.7,88.4,88.3,88.5,88.9,87.9,83
Madagascar,Africa,MDG,Subnat,MDGr117,"Atsimo Andrefana",96.9,96,95.9,94.7,95.1,94.5,93.3,92.2,91.2,91.2,91.3,91.1,91.3,90.5,89.2,88.8,89.7,89.7,89.6,87.7,85.7,83.7,82.5,77.6
Madagascar,Africa,MDG,Subnat,MDGr109,"Atsimo Atsinanana",100,100,100,100,100,99.5,98.5,97.5,96.7,96.7,96.2,95.8,95.6,94.4,93.1,92.5,93.1,92.9,92.8,93.3,94,94.8,94,89.9
Madagascar,Africa,MDG,Subnat,MDGr110,Atsinanana,85.7,84.7,84.6,82.7,83.4,82.7,81.2,79.8,77.9,77.5,77.8,77.3,77.1,78,76.5,75.5,76.3,75.6,73.6,74.2,74.5,75.2,73.9,68.4
Madagascar,Africa,MDG,Subnat,MDGr115,Betsiboka,96,95.3,95.2,94,94.3,93.9,92.6,91.5,90.5,90.4,89.6,88.6,88.1,87.6,86.1,85.1,86.1,85.6,84.3,84.3,84.1,84.2,83,77.4
Madagascar,Africa,MDG,Subnat,MDGr113,Boeny,87.9,86.6,86.5,84.6,85.3,84.6,83,81,78.3,77.5,77.5,77,76.9,77.8,76.6,75.6,77,76.4,74.7,74.2,73.3,72.8,71.1,65.2
Madagascar,Africa,MDG,Subnat,MDGr104,Bongolava,95.9,95.2,95,94,94.3,93.8,92.5,91.5,90.7,90.6,89.8,89,88.6,87.5,85.5,84.5,85.3,84.8,83.4,83.6,83.6,84.1,82.9,77.3
Madagascar,Africa,MDG,Subnat,MDGr121,Diana,89.7,88.6,88.4,86.9,87.4,86.7,85.2,83.6,81.8,81.4,80.4,78.8,77.8,76.8,73.4,71.9,73,71.9,69.1,68.9,68,67.5,65.5,59.1
Madagascar,Africa,MDG,Subnat,MDGr105,"Haute Matsiatra",93.4,92.5,92.2,90.9,91.4,90.7,89.4,88.2,87,86.8,86.4,85.7,85.4,85.1,83.8,82.5,83,82.2,80.9,80.2,79.5,79.4,77.9,71.9
Madagascar,Africa,MDG,Subnat,MDGr108,Ihorombe,99.3,98.5,98.3,97.6,97.7,97.1,96,94.8,93.8,93.7,92.7,91.8,91.4,90.2,88.3,87.2,87.8,87.2,85.9,85.5,85,85.2,83.9,78.6
Madagascar,Africa,MDG,Subnat,MDGr103,Itasy,95.6,94.9,94.8,93.7,93.9,93.5,92.2,91,89.8,89.7,88.6,87.4,86.6,86.4,85.2,83.7,83.8,82.8,81,80.2,79.3,78.5,77.2,71.6
Madagascar,Africa,MDG,Subnat,MDGr116,Melaky,96.1,95.4,95.3,94.3,94.6,94.2,92.9,92,91.3,91.3,90.6,89.7,89.4,89.2,88.4,87.4,88.1,87.7,86.7,85.2,83.3,81.9,80.4,74.8
Madagascar,Africa,MDG,Subnat,MDGr120,Menabe,94.4,93.7,93.6,92.4,92.7,92.1,90.8,89.6,88.5,88.2,87.6,86.9,86.7,86.9,86.3,85.4,86.2,85.7,84.6,84.6,84.5,85,83.6,78
Madagascar,Africa,MDG,Subnat,MDGr122,Sava,97.3,96.6,96.4,95.5,95.7,95.1,94,93,92.2,92.3,90.2,88.2,86.6,85.2,81.8,79.7,79.9,78.2,74.6,75.7,76.3,77.5,75.8,69.7
Madagascar,Africa,MDG,Subnat,MDGr114,Sofia,96.4,95.7,95.5,94.5,94.7,94.2,93,91.9,91.1,91,89.5,88,86.9,86.3,84.1,82.6,83.4,82.3,79.8,81.2,82.3,83.9,82.6,77
Madagascar,Africa,MDG,Subnat,MDGr102,Vakinankaratra,92.1,91.3,91.2,89.9,90.2,89.7,88.4,87.1,85.8,85.6,84.9,84,83.5,83.7,82.7,81.4,81.9,81.1,79.4,79.2,78.8,78.8,77.5,72
Madagascar,Africa,MDG,Subnat,MDGr107,"Vatovavy Fitovinany",100,99.7,99.6,98.8,99,98.4,97.3,96.2,95.5,95.5,94.7,93.9,93.4,92.4,90.8,89.8,89.9,89.3,88.4,87.3,86.3,85.5,84.4,79.2
Malawi,Africa,MWI,National,MWIt,Total,95.9,95.7,95.4,94.2,93.4,92.8,92.1,90.8,89.9,88.5,87.3,86.4,85.3,84.5,83.2,82.4,81.6,80.5,79.9,79.3,78,76.9,76.3,75.4
Malawi,Africa,MWI,Subnat,MWIr101,Blantyre,79.8,80.8,81.9,82,82.5,80.9,79.8,76.6,74.3,71.3,68.8,68.3,67.4,66.5,64.9,64.6,64.2,62.6,61.1,61.1,59.2,57.1,56.5,55.3
Malawi,Africa,MWI,Subnat,MWIr102,Kasungu,96.8,97,97,96.1,95.7,94.6,93.3,92,90.7,88.9,87.3,86.5,85.3,84.7,83.6,82.9,82.2,80.4,79.1,77.6,75.5,74.3,73.7,72.9
Malawi,Africa,MWI,Subnat,MWIr109,Lilongwe,92.9,91.9,90.9,89,87.5,87.1,86.6,85.2,84.3,82.9,81.8,80.4,78.8,77.5,75.7,74.5,73.4,73.3,73.7,74.2,73.9,72.8,72.2,71.3
Malawi,Africa,MWI,Subnat,MWIr103,Machinga,99.2,99.4,99.4,98.5,98.1,97.4,96.5,95.4,94.4,93.1,91.8,91.6,91.1,91,90.6,90.4,90.2,89,88.3,87.4,86,85.2,84.5,83.8
Malawi,Africa,MWI,Subnat,MWIr104,Mangochi,99.9,100,100,99,98.5,97.9,97.1,96,95.1,93.9,92.7,92.2,91.3,90.9,90.1,89.6,89.1,88.5,88.3,88.1,87.2,86.4,85.7,84.9
Malawi,Africa,MWI,Subnat,MWIr110,Mulanje,98.6,98.3,97.9,96.6,95.7,95.1,94.2,93.2,92.4,91.1,90,89.6,88.9,88.6,87.8,87.4,87.1,85.5,84.4,83.1,81.2,80.3,79.7,78.9
Malawi,Africa,MWI,Subnat,MWIr105,Mzimba,95.2,94.6,94,92.4,91.2,91.2,91,90.3,89.9,89,88.3,86.5,84.5,82.8,80.7,78.9,77.3,75.6,74.4,73.5,71.7,70.1,69.5,68.5
Malawi,Africa,MWI,Subnat,MWIr112,"Other central (Nkhota Kota, Mchinji, Dowa, Ntchisi, Dedza, Ntcheu)",99.2,99.1,98.9,97.8,97.2,96.4,95.4,94.4,93.4,92.1,90.9,90,88.8,88.2,87,86.2,85.4,84.3,83.7,83,81.8,80.9,80.3,79.6
Malawi,Africa,MWI,Subnat,MWIr111,"Other northern (Chitipa, Karonga, Rumphi, Nkhata Bay)",94.9,94.5,94.1,92.8,91.9,91.4,90.8,89.7,88.9,87.6,86.4,85.3,83.9,82.8,81.5,80.4,79.4,78,77.2,76.3,74.8,73.4,72.8,71.9
Malawi,Africa,MWI,Subnat,MWIr113,"Other southern (Balaka, Mwanza, Phalombe, Chiradzulu, Chikwawa, Nsanje, neno)",99.8,99.3,98.6,97,96,95.5,94.8,93.9,93.2,92.2,91.2,90.5,89.5,89,88,87.3,86.7,85.4,84.6,83.7,82.3,81.3,80.7,79.9
Malawi,Africa,MWI,Subnat,MWIr106,Salima,97.8,98.3,98.5,97.8,97.6,96.7,95.5,94.2,93,91.4,89.9,89.7,89.2,89.1,88.6,88.4,88.2,86.7,85.8,84.6,82.9,82,81.3,80.5
Malawi,Africa,MWI,Subnat,MWIr107,Thyolo,98.4,98.5,98.4,97.4,96.9,96.1,95.2,94.2,93.2,91.9,90.7,89.9,88.8,88.2,87.1,86.4,85.8,84.7,84,83.2,81.8,80.9,80.3,79.5
Malawi,Africa,MWI,Subnat,MWIr108,Zomba,96.2,95.7,95.1,93.5,92.4,91.8,91.3,90,89.1,87.8,86.6,85.8,84.8,84,82.9,82.2,81.4,80.5,79.9,79.3,78,76.9,76.3,75.5
Malaysia,Asia/Pacific,MYS,National,MYSt,Total,45.3,44.4,43.5,42.4,41.1,39.4,38.9,37.3,35.9,34.8,33,31.7,31.2,31,30,29.9,29.9,29.6,28.7,28.5,28.3,29.1,28.1,27.5
Malaysia,Asia/Pacific,MYS,Subnat,MYSr101,Johor,42.6,41.8,41,40.1,39.2,38.3,38.2,35.4,32.9,31.7,29.9,28.2,27.6,27.4,26.3,26.3,26.2,25.9,25,24.7,24.6,25.4,24.2,23.7
Malaysia,Asia/Pacific,MYS,Subnat,MYSr102,Kedah,47.4,46.8,46.2,45.6,45.1,44.8,44.6,42.1,39.5,37.7,35.1,33.2,32.7,32.5,31.5,31.4,31.3,31.1,30.2,30,29.8,30.6,29.5,29
Malaysia,Asia/Pacific,MYS,Subnat,MYSr103,Kelantan,54.9,54.7,54.3,53.9,53.9,54.4,54.3,51.9,49.6,47.7,45,42.9,42.2,42.1,41,41,40.9,40.7,39.8,39.6,39.4,40.2,39.1,38.7
Malaysia,Asia/Pacific,MYS,Subnat,MYSr114,"Kuala Lumpur Federal Territory",36.3,35.5,34.9,34,33,31.9,31.9,29.1,27.5,26.4,24.8,23.7,23.4,23.2,22.2,22.2,22.1,21.8,20.9,20.7,20.6,21.4,20.4,19.8
Malaysia,Asia/Pacific,MYS,Subnat,MYSr115,"Labuan Federal Territory",46.3,45.7,45.2,44.6,44.1,43.8,43.6,41,38.5,36.6,33.9,31.5,30.5,30.3,29.2,29.1,29,28.8,27.9,27.6,27.4,28.2,27.1,26.6
Malaysia,Asia/Pacific,MYS,Subnat,MYSr104,Melaka,42.9,42,41.2,40.2,39.2,38.2,38.1,35.2,33.2,32,30.1,28.4,27.7,27.4,26.4,26.3,26.2,25.9,24.9,24.7,24.5,25.3,24.1,23.6
Malaysia,Asia/Pacific,MYS,Subnat,MYSr105,"Negeri Sembilan",43.4,42.5,41.7,40.8,39.7,38.8,38.7,35.7,33.8,32.6,30.6,29.3,28.6,28.4,27.3,27.3,27.2,26.9,26,25.7,25.6,26.4,25.2,24.7
Malaysia,Asia/Pacific,MYS,Subnat,MYSr106,Pahang,47.7,47.2,46.7,46,45.6,45.3,45.3,42.7,40.1,38.3,35.7,33.6,33,32.8,31.7,31.6,31.6,31.4,30.5,30.2,30,30.8,29.7,29.2
Malaysia,Asia/Pacific,MYS,Subnat,MYSr108,Perak,44.6,43.8,43.1,42.2,41.4,40.7,40.6,37.8,35.1,33.4,31.5,30.2,29.8,29.5,28.5,28.4,28.3,28.1,27.2,26.9,26.7,27.5,26.4,25.9
Malaysia,Asia/Pacific,MYS,Subnat,MYSr109,Perlis,48.8,48.1,47.7,47,46.6,46.4,46.3,43.8,41.1,39.3,36.6,35,34.6,34.4,33.2,33.1,33,32.7,31.7,31.5,31.3,32.1,31,30.5
Malaysia,Asia/Pacific,MYS,Subnat,MYSr107,"Pulau Pinang",39.8,38.9,38,36.9,35.8,34.5,34.3,31.8,30.4,29.3,27.5,26.4,26,25.7,24.6,24.5,24.3,23.9,22.9,22.7,22.5,23.3,22.2,21.6
Malaysia,Asia/Pacific,MYS,Subnat,MYSr112,Sabah,56.1,55.9,55.7,55.4,55.5,56.1,56,53.8,51.7,49.7,47.1,45.2,44.6,44.5,43.3,43.3,43.1,41.4,40.5,40.3,40,40.9,39.9,39.4
Malaysia,Asia/Pacific,MYS,Subnat,MYSr113,Sarawak,52.9,52.7,52.3,51.9,51.9,52.3,52.2,50,47.8,46,43.4,41.2,40.5,40.3,39.2,39.2,39.1,37.7,36.8,36.5,36.3,37.2,36.2,35.7
Malaysia,Asia/Pacific,MYS,Subnat,MYSr110,Selangor,38.6,37.7,36.9,35.9,35,33.9,33.6,30.7,28.7,27.4,25.7,24.5,23.9,23.7,22.7,22.6,22.6,22.4,21.4,21.2,21.1,21.9,20.8,20.3
Malaysia,Asia/Pacific,MYS,Subnat,MYSr111,Terengganu,49.6,49,48.6,48,47.7,47.7,47.6,45,42.6,40.8,38.1,36.2,35.8,35.5,34.5,34.4,34.3,34,33.1,32.8,32.6,33.4,32.2,31.8
Maldives,Asia/Pacific,MDV,National,MDVt,Total,61.7,60.3,58.7,56.8,55.8,52,49.1,47.6,44.5,42.4,41.7,40.8,40,38.9,37.3,36.8,34.9,35.5,35,32.9,34.6,33.6,32.4,32.2
Maldives,Asia/Pacific,MDV,Subnat,MDVr104,Central,69,67.7,66.1,64.3,63.3,59.5,56.7,55.2,52.1,50.1,49.4,48.7,48,47,45.5,45.1,43.2,43.9,43.4,41.5,43.4,42.6,41.4,41.4
Maldives,Asia/Pacific,MDV,Subnat,MDVr101,Male,49.8,48.8,47.4,45.7,45.1,41.5,38.7,37.2,34.4,32.5,32.1,31.5,31,30.2,28.7,28.5,26.8,27.7,27.1,25.1,27,25.8,24.6,24.5
Maldives,Asia/Pacific,MDV,Subnat,MDVr102,North,71,69.6,68,66.1,65,61.1,58.3,56.7,53.6,51.5,50.6,49.8,49,48,46.4,45.9,44.1,44.8,44.2,42.3,44.2,43.3,42.1,42.1
Maldives,Asia/Pacific,MDV,Subnat,MDVr103,"North Central",71.2,69.8,68.2,66.3,65.3,61.5,58.7,57.1,54,52,50.8,49.7,48.6,47.3,45.4,44.7,42.5,42.9,42.4,40.4,42.2,41.4,40.2,40.1
Maldives,Asia/Pacific,MDV,Subnat,MDVr106,South,71.5,70,68.3,66.4,65.3,61.3,58.4,56.7,53.5,51.3,50.1,48.9,47.7,46.4,44.4,43.7,41.5,41.8,41.3,39.4,41.2,40.3,39.1,39.1
Maldives,Asia/Pacific,MDV,Subnat,MDVr105,"South Central",70.8,69.5,67.9,66,65,61.2,58.4,56.8,53.8,51.7,50.6,49.6,48.6,47.4,45.6,45,43,43.5,43,41.1,42.9,42.2,41,40.9
Mali,Africa,MLI,National,MLIt,Total,97,94.8,93.8,92.8,92,91.3,89.4,87.7,87.7,87.6,85.4,83.3,81.9,78.2,77.6,76.1,77.5,76.8,75.9,75.8,73.9,74.4,73.9,73.3
Mali,Africa,MLI,Subnat,MLIr108,Bamako,74.8,72.3,70.4,68.1,66.1,64,60.4,58.3,58.7,58.8,55.5,53,53.9,52.3,53.4,52.8,54.7,55.4,53.4,53.5,52.7,52.5,52.6,52
Mali,Africa,MLI,Subnat,MLIr107,"Gao and Kidal",95.1,92.9,91.8,90.7,89.4,88.6,86.7,85.6,86.2,86.7,85.4,84.2,83.6,81.7,82.8,82.4,84.4,84.7,85.8,85.6,83.8,84.5,84,83.6
Mali,Africa,MLI,Subnat,MLIr101,Kayes,99.8,97.6,96.9,96.2,96.7,96.3,94.8,92.9,92.8,92.2,89.7,87.1,85.2,81.4,81.9,80.9,82.8,82.6,82.7,82.6,80.8,81.5,80.8,80.4
Mali,Africa,MLI,Subnat,MLIr102,Koulikoro,100,98.8,98,97.1,97.2,96.7,95.1,93.1,92.7,92.3,89.9,87.6,85.9,82.1,81.4,79.6,80.6,79.6,78.5,78.3,76.4,77,76.5,76
Mali,Africa,MLI,Subnat,MLIr105,Mopti,99.7,97.7,96.6,95.6,94,92.9,90.7,89.6,90.3,90.8,89.5,88.3,87.4,84.9,84.4,83.2,84.4,83.9,84.3,84.3,82.4,83.2,82.7,82.2
Mali,Africa,MLI,Subnat,MLIr104,Segou,100,98.7,97.5,96.3,94.6,93.7,91.6,90.2,90.7,91,89.5,88,86.9,83.7,82.7,81.2,82.3,81.6,81,81.1,79.3,80,79.5,79
Mali,Africa,MLI,Subnat,MLIr103,Sikasso,100,99.8,99,98.2,97.9,97.6,96.4,94.2,93.8,93.2,90.7,88.1,86.2,82,81.1,79.5,80.5,79.7,78.7,78.6,76.6,77.2,76.7,76.2
Mali,Africa,MLI,Subnat,MLIr106,Tombouctou,97.5,95.5,94.8,94.2,93.5,92.9,91.2,89.8,90.3,90.6,88.9,87.3,86.2,83.5,83.9,83.4,85.3,85.3,86.1,85.9,83.9,84.8,84.3,83.8
Mauritania,Africa,MRT,National,MRTt,Total,85.7,84,83.5,82.6,82,81,78.7,76.6,75.3,74.3,72.5,71,69,68.8,68.7,68.8,68,66,65.1,63.9,62.4,61.6,61.4,62.3
Mauritania,Africa,MRT,Subnat,MRTr107,Adrar,85.6,83.9,82.8,81.3,80.1,78.7,75.5,72.7,71.5,70.4,68.3,64.5,65.4,66.2,67,68,67.1,64.8,63.7,62.3,60.9,60,59.7,60.6
Mauritania,Africa,MRT,Subnat,MRTr103,Assaba,90.6,89.3,89.2,88.9,88.9,88,86.8,85.7,84.4,83.4,82.1,80.7,79,79.7,80.4,81.3,80.3,78.1,77.2,75.8,74.2,73.6,73.3,74.1
Mauritania,Africa,MRT,Subnat,MRTr105,Brakna,95.2,94,93.3,92.6,92.2,90.9,89.3,87.9,86.2,84.7,83.1,81.4,77.9,78,78.3,78.8,77.5,75,73.5,71.8,69.9,69.2,68.9,69.9
Mauritania,Africa,MRT,Subnat,MRTr104,Gorgol,93.1,91.8,92,92,92.3,91.7,90.8,89.9,88.1,86.7,84.8,84.2,80.3,80.6,81.1,81.8,81.1,79.1,78.2,76.9,75.3,74.7,74.8,75.6
Mauritania,Africa,MRT,Subnat,MRTr110,Guidimagha,96.8,95.6,95.3,94.9,94.8,93.8,92.4,91.3,90.6,89.8,88.6,82.9,83.5,82.8,82,81.4,81.1,79.5,78.9,78,76.9,76.4,76.3,77.2
Mauritania,Africa,MRT,Subnat,MRTr101,"Hodh Charghi",93,91.7,91.7,91.5,91.6,90.7,89.7,88.7,87,85,83.1,79.9,76.7,77.6,78.6,80,80.2,79.2,79.4,79.2,78.9,78.3,78.3,79.1
Mauritania,Africa,MRT,Subnat,MRTr102,"Hodh Gharbi",93,91.7,91.5,90.9,90.6,89.4,87.9,86.5,85.9,85.3,84.6,79.4,78.8,78.6,78.6,78.5,78.2,76.4,75.7,74.7,73.6,72.9,72.6,73.6
Mauritania,Africa,MRT,Subnat,MRTr108,Nouadhibou,67.4,64.1,64.2,63.1,62,61.8,57.1,53.7,52.2,51.2,50.2,49.8,48.4,46.8,45.9,45.1,44.2,42,41,39.7,39.7,39,37.9,38.7
Mauritania,Africa,MRT,Subnat,MRTr109,Tagant,92.5,91.2,90,88.4,87.3,85.4,83,80.7,80.5,80.3,80,79.5,75.3,74.7,74.3,74.2,73.8,72.2,71.7,70.9,69.7,69,68.9,69.8
Mauritania,Africa,MRT,Subnat,MRTr111,Tiris-Zemmour,70.9,68.3,68.1,67.4,66.8,66.9,63,60.1,58.3,57.2,55.5,54.8,53.2,51.6,50.4,49.6,49.4,47.9,47.4,46.6,46.6,46.1,45.2,46.5
Mauritania,Africa,MRT,Subnat,MRTr106,"Trarza incl Nouakchott",76.5,74.3,73.3,71.9,70.6,69.5,65.7,62.5,60.5,59.7,58.7,58.2,57,56,55.3,54.6,53.1,50.5,49,47.3,46.1,45.2,44.5,45.4
Mauritius,Africa,MUS,National,MUSt,Total,46.8,46.2,45.4,44.2,43.5,42.4,41.3,39.9,38.6,38,36.8,35.7,34,33.5,32.5,32.1,32.1,31.7,31.7,31.6,31.2,31.8,31.5,31.4
Mauritius,Africa,MUS,Subnat,MUSr101,"North (Port Louis, Pamplemousses, Riviere du Rempart, Flacq, Moka)",49.1,48.5,47.8,46.7,46,44.9,43.8,42.5,41.2,40.6,39.4,38.3,36.7,36,35,34.5,34.5,34,34.2,34.1,33.8,34.4,34.1,34
Mauritius,Africa,MUS,Subnat,MUSr103,Rodrigues,54.6,54,53.3,52.1,51.4,50.2,49.1,47.7,46.5,45.7,44.6,43.5,41.8,41.2,40.6,40.1,40.4,39.9,40,37.3,36.8,37.4,37.3,37.2
Mauritius,Africa,MUS,Subnat,MUSr102,"South (Grand Port, Savanne, Plaines Wilhems, Black River)",44.2,43.6,42.8,41.6,40.9,39.8,38.6,37.2,35.9,35.3,34.1,33,31.2,30.8,30.4,29.9,30,29.6,29.6,29.3,28.9,29.5,29.2,29
Mexico,America,MEX,National,MEXt,Total,50.1,49.1,48.2,47.4,46.2,45.3,43.9,43.1,42.4,41.6,40.8,40.1,39.2,38.8,39,38.4,37.7,37.4,36.8,36.5,37.5,37.1,35,34.1
Mexico,America,MEX,Subnat,MEXr101,Aguascalientes,48.2,47.1,46,44.9,43.6,42.6,41.4,40.1,39.2,38.3,37.4,36.6,35.7,35.5,35.5,35.4,37.9,37.6,36.2,36.6,37.7,37.1,34.6,33.3
Mexico,America,MEX,Subnat,MEXr102,"Baja California",45.1,44.2,43.3,42.5,41.5,39.9,38,37,36.4,35.1,33.8,33,32,32.4,33.7,34.1,36,34.9,34.1,33.8,35,34.4,31.8,30.5
Mexico,America,MEX,Subnat,MEXr103,"Baja California Sur",46.4,45.6,44.7,43.7,42.6,41.5,40.1,38.9,38,36.9,35.9,35.1,34,33.4,33.3,33.6,35.8,36.1,35,35,36,35.4,32.8,31.5
Mexico,America,MEX,Subnat,MEXr104,Campeche,52.7,51.2,49.9,48.7,47.1,46,44.5,43.6,42.9,41.9,40.9,40.5,40,40.2,40.6,41.2,43.7,44.1,43.2,43.6,44.5,43.7,41.4,40.5
Mexico,America,MEX,Subnat,MEXr107,Chiapas,59.6,58.7,58,57.3,56.4,56.2,55.4,55.4,55.7,56,56.5,55.1,53.7,53,52.8,52,55.4,54.4,54.5,54.3,55.1,54.3,51.6,50.7
Mexico,America,MEX,Subnat,MEXr108,Chihuahua,47.7,46.6,45.7,44.8,43.5,41.9,40.1,39.4,38.9,37.8,36.6,36,35.2,34.9,35.1,35,37.3,37.2,36.3,36.3,37.4,36.7,34.2,32.9
Mexico,America,MEX,Subnat,MEXr105,Coahuila,45.4,44.5,43.7,43,42,41,39.6,38.5,37.9,37,36.2,35.6,34.9,34.2,34.2,34.2,36.7,36,35.4,34.5,35.5,34.9,32.3,31
Mexico,America,MEX,Subnat,MEXr106,Colima,47.9,46.7,45.4,44.1,42.7,41.3,39.7,38.6,37.6,36.6,35.6,35.2,34.4,33.8,34.8,35.1,37.6,37.1,36.2,35.9,37,36.4,33.9,32.6
Mexico,America,MEX,Subnat,MEXr109,"Distrito Federal",42.8,41.9,41,39.9,38.8,37.5,35.9,34.6,33.6,32.5,31.4,29.8,28.7,29.2,29.5,29.2,31.3,31,30.4,30.1,31.2,30.9,29,28.1
Mexico,America,MEX,Subnat,MEXr110,Durango,51.6,50.5,49.2,48,46.5,45.5,44.2,43.5,43.3,42.4,41.6,41.1,40.5,39.7,40.6,40.2,42.4,42.3,41.6,41.8,42.8,42.1,39.5,38.4
Mexico,America,MEX,Subnat,MEXr111,Guanajuato,52.1,50.9,49.8,48.8,47.5,46.5,45.3,43.8,42.6,41.9,41.2,40.3,39.3,39.6,40.3,39.6,41.7,42,40.9,40.7,41.6,41.1,38.5,37.3
Mexico,America,MEX,Subnat,MEXr112,Guerrero,59.9,58.8,58.1,57.4,56.5,56,55,54.6,54.6,54.7,55.1,53.1,51.1,49.5,48.3,46.5,49.7,49.2,48.5,48.3,49.2,48.3,45.6,44.5
Mexico,America,MEX,Subnat,MEXr113,Hidalgo,55.1,54.1,53,52,50.7,50,48.9,48.9,49.3,48.1,47.1,46.3,45.4,45.2,45.4,44.9,47.9,47.6,46.9,47.2,48.2,47.6,45.1,44
Mexico,America,MEX,Subnat,MEXr114,Jalisco,47.5,46.5,45.5,44.5,43.3,41.9,40.1,39,38.3,37.2,36,35.6,34.9,33.9,33.9,33.1,35.5,34.9,34.2,33.6,34.7,34.4,32.3,31.4
Mexico,America,MEX,Subnat,MEXr115,Mexico,47.6,46.7,46,45.2,44.3,43.3,42,41.2,40.8,39.9,39.2,38.2,36.9,36,35.4,34.2,36.4,35.7,35,34.9,35.8,35.5,33.4,32.6
Mexico,America,MEX,Subnat,MEXr116,"Michoacan de Ocampo",53.5,52.4,51.4,50.4,49,48.4,47.4,46.4,45.8,45.5,45.1,43.9,42.6,42.5,43,42.9,45.8,45.2,44.6,43.8,44.8,44.2,41.7,40.5
Mexico,America,MEX,Subnat,MEXr117,Morelos,49,48.2,47.8,47.2,46.5,45.4,43.9,43.6,43.8,43,42.3,41,39.5,38,36.9,35.7,38.2,38,37.1,36.8,37.7,37.1,34.5,33.3
Mexico,America,MEX,Subnat,MEXr118,Nayarit,50.9,49.9,49,48.1,47,46.2,45,44.3,43.9,42.8,41.8,41.4,40.8,40.5,40.6,40.2,42.6,41.8,41.2,41.1,42.1,41.3,38.8,37.6
Mexico,America,MEX,Subnat,MEXr119,"Nuevo Leon",44.1,43.2,42,40.8,39.6,38.6,37.2,36.2,35.7,34.5,33.2,32.8,32.1,31.2,31.9,31.6,33.6,33.1,32,32.5,33.6,33.2,31.1,30.3
Mexico,America,MEX,Subnat,MEXr120,Oaxaca,60.5,59.5,58.9,58.5,57.7,56.9,55.5,55.4,55.7,56,56.5,54.9,53.4,52.2,52.2,50.3,53.3,52.8,52,52.1,53,52,49.4,48.4
Mexico,America,MEX,Subnat,MEXr121,Puebla,53,52.3,51.8,51.5,50.8,50.4,49.5,49.3,49.3,49,48.7,47.3,45.6,44.7,43.9,42.8,45.8,45.4,44.6,44.2,45,44.4,41.8,40.6
Mexico,America,MEX,Subnat,MEXr122,Queretaro,51,49.9,48.6,47.3,45.7,44.9,43.7,42.2,41,40.6,40.2,39.5,38.7,38.3,38.4,38.4,41,40.8,40,39.2,40.2,39.6,37.1,35.9
Mexico,America,MEX,Subnat,MEXr123,"Quintana Roo",49.9,48.4,47.3,46.1,44.6,42.6,40.3,38.9,37.8,37.3,36.7,36.4,36,36.3,37.3,38.4,40.8,40.4,39.8,39.6,40.5,39.9,37.6,36.6
Mexico,America,MEX,Subnat,MEXr124,"San Luis Potosi",54.9,53.7,52.6,51.5,50.2,49.6,48.7,47.3,46.3,45.6,45,44.4,43.7,43.2,42.9,42,44.7,44.5,43.5,43.4,44.4,43.4,40.8,39.8
Mexico,America,MEX,Subnat,MEXr125,Sinaloa,49.7,48.5,47.5,46.5,45.1,43.8,42.2,41,40.2,39,37.8,37.8,37.6,37.1,38.6,39.6,42.2,41.6,40.4,40.2,41.2,40.7,38.2,37
Mexico,America,MEX,Subnat,MEXr126,Sonora,46.9,45.8,44.8,43.7,42.3,41.1,39.7,38.6,37.8,36.5,35.3,35.1,34.6,34.7,35.8,36.5,38.6,38.7,38,37.6,38.6,37.9,35.4,34.3
Mexico,America,MEX,Subnat,MEXr127,Tabasco,54.8,53.4,52.3,51.3,50,49.1,47.8,46.7,46,45.3,44.8,44.3,43.8,44,44.7,45.3,48.5,47.7,46.6,46.8,47.7,47.2,44.8,43.7
Mexico,America,MEX,Subnat,MEXr128,Tamaulipas,46.2,45.2,44,42.9,41.4,40.8,39.8,38.9,38.2,37.3,36.5,36.2,35.8,35.4,36.2,36.8,39,39.1,38.3,37.4,38.3,37.7,35.2,34
Mexico,America,MEX,Subnat,MEXr129,Tlaxcala,48.3,47.4,46.8,46,45.3,44.8,43.9,43.4,43.3,43.2,43.2,41.9,40.6,40.4,39.7,39.5,42.3,42.5,41.8,40.9,41.9,41.3,38.9,37.7
Mexico,America,MEX,Subnat,MEXr130,Veracruz,54.8,53.8,52.8,52,50.9,50.3,49.4,48.5,48,47.4,47,46.2,45.3,45.2,45.6,45,47.8,47.3,46.8,46.2,47.2,46.3,43.8,42.7
Mexico,America,MEX,Subnat,MEXr131,Yucatan,49.5,48.3,47.4,46.5,45.3,43.8,42,41.3,41,40.5,40.1,39.7,39.3,39,39.6,40.3,42.9,42.6,42.2,41.4,42.4,41.7,39.4,38.3
Mexico,America,MEX,Subnat,MEXr132,Zacatecas,53.4,52.2,51.3,50.5,49.3,48.4,47.1,45.8,44.8,44.4,44,43.1,42.1,41.5,41.1,40.5,43.4,42.8,42,41.5,42.5,41.8,39.4,38.1
Mongolia,Asia/Pacific,MNG,National,MNGt,Total,60.6,58.6,57,55.9,54.2,51.9,50.9,48.5,46.3,44.6,43.8,42.6,39.9,41,39.8,39.8,38.8,37.4,36.8,37.1,38,38.5,37.5,37.2
Mongolia,Asia/Pacific,MNG,Subnat,MNGr103,"Central (Dornogovi, Dundgovi, Umnugovi, Selenge, Tuv, Darkhan-Uul, Govisumber)",62.6,60.6,59.1,58.1,56.4,54.2,53.2,50.9,48.7,46.9,46.2,45.2,42.8,44.1,43.2,43.5,42.8,42,41.9,42.2,43.2,43.8,42.8,42.4
Mongolia,Asia/Pacific,MNG,Subnat,MNGr104,"Eastern (Dornod, Sukhbaatar, Khentii)",64.8,62.9,61.3,60.3,58.6,56.4,55.7,53.8,52.2,50.9,50.5,49.3,46.8,47.8,46.8,46.9,46.2,45.3,45.1,45.3,46.1,46.6,45.7,45.3
Mongolia,Asia/Pacific,MNG,Subnat,MNGr102,"Khangai (Arkhangai, Bayankhongor, Bulgan, Uvurkhangai, Khuvsgul, Orkhon)",67.7,65.9,64.4,63.4,61.8,59.8,58.8,56.7,54.9,53.5,52.9,51.4,48.8,49.4,48.1,47.9,46.9,45.6,44.8,45,45.9,46,45,44.7
Mongolia,Asia/Pacific,MNG,Subnat,MNGr105,Ulaanbaatar,49.7,47.6,46.1,44.8,43,40.3,39.9,37.6,35.3,33.7,33.3,32.6,31,31.5,30.5,30.6,30.3,30.3,30,30.4,31.5,32.1,31.2,30.8
Mongolia,Asia/Pacific,MNG,Subnat,MNGr101,"Western (Bayan-Ulgii, Govi-Altai, Zavkhan, Uvs, Khovd)",69.4,67.6,66.1,65,63.3,61.2,60.2,58.1,56.4,54.9,54.5,53.2,50.8,51.7,50.7,51.2,50.9,50.7,51,51.1,51.9,52.1,51,50.6
Morocco,Africa,MAR,National,MARt,Total,69.1,67.7,66.5,65.3,63.5,62.5,59,58.6,57.2,55.7,52.6,50.9,49.7,48.3,47.5,46.9,46.9,46.1,45.6,44.9,44.8,44.3,43.6,43.4
Morocco,Africa,MAR,Subnat,MARr103,Centre,63.5,61.8,60.5,59.2,57.6,56.8,53.8,53.4,52.2,50.9,48,46.5,45.6,44.6,43.9,43.2,43.1,42.5,42,41.4,41.1,40.6,39.9,39.7
Morocco,Africa,MAR,Subnat,MARr102,"Centre north",71.5,70.1,68.8,67.7,65.5,64.2,60.5,59.8,58.2,56.4,53.1,51.1,49.7,48.6,47.8,47.2,46.5,46.1,45.5,45.1,45,44.6,43.9,43.8
Morocco,Africa,MAR,Subnat,MARr105,"Centre south",75.9,74.9,74,73.1,70.9,69.5,65.9,64.9,63.1,61.1,57.7,55.3,53.7,51.9,50.9,50.6,50.1,48.8,49,48.6,47.8,47.4,46.8,46.6
Morocco,Africa,MAR,Subnat,MARr104,Eastern,68.4,66.8,65.5,64.4,62.8,62.2,59,58.9,57.9,56.7,54,52.7,52,50.9,50.5,49.5,49.7,49.4,48.6,48.2,48.2,47.9,47.2,47
Morocco,Africa,MAR,Subnat,MARr101,"North west",66.6,65,63.8,62.6,60.8,59.9,56.4,56.2,54.9,53.5,50.5,48.8,47.8,46.3,45.5,45.1,44.9,44.2,43.7,43,42.8,42.3,41.6,41.4
Morocco,Africa,MAR,Subnat,MARr107,South,66,64,62.5,61.1,59.7,59.2,56.5,56.4,55.5,54.6,52.2,51,50.6,50,50,48.9,49.1,48.8,48,47.3,47.1,46.6,45.9,45.8
Morocco,Africa,MAR,Subnat,MARr106,Tensift,72.9,71.6,70.5,69.4,67.3,66.2,62.6,62.1,60.6,58.9,55.7,53.8,52.5,51.6,51.3,50.6,50.1,49.9,49.3,48.9,48.8,48.3,47.6,47.4
Mozambique,Africa,MOZ,National,MOZt,Total,100,99.7,98.7,98,97.1,96.2,95,94.2,93,91.5,90,89.1,87.8,86.1,83.4,82.6,84,84.7,82.7,82,81,81.2,79.5,78.9
Mozambique,Africa,MOZ,Subnat,MOZr102,"Cabo delgado",100,100,100,100,99.8,99.3,98.5,98,97.2,96.2,95.3,94.9,93.9,92.3,89.9,89.1,90.4,90.9,89.2,88.7,87.8,88.2,86.5,86.1
Mozambique,Africa,MOZ,Subnat,MOZr109,Gaza,100,100,100,99.5,98.6,97.6,96.3,95.5,94.2,92.7,91,90,86.7,83.9,79.7,78.1,79.6,80.1,77,75.7,73.9,73.8,71,70.3
Mozambique,Africa,MOZ,Subnat,MOZr108,Inhambane,100,100,100,100,99.1,98.1,96.9,96.1,94.9,93.5,91.9,91,88.4,86.2,82.7,81.5,83.4,84.2,81.9,81,79.6,79.9,77.9,77.4
Mozambique,Africa,MOZ,Subnat,MOZr106,Manica,100,100,100,100,99.8,98.4,96.9,95.8,94.2,92.5,90.7,89.5,87.1,85.1,81.9,81.1,83.4,84.6,82.5,81.9,80.8,81.5,79.7,79.2
Mozambique,Africa,MOZ,Subnat,MOZr111,"Maputo Cidade",77.6,76.4,73.9,72.5,69.5,65.1,61.4,61,59.6,58.1,55.6,54.2,56.5,53.9,49.9,49.5,51.1,53.1,49.1,48.5,47.1,47.6,45.2,44.2
Mozambique,Africa,MOZ,Subnat,MOZr110,"Maputo Provincia",90,89.5,88,87.3,85.4,83.2,80.5,81.4,79.5,77.4,74.7,73.1,69.2,66.2,61.6,60.8,62.2,63.5,59.7,58.4,56.6,56.5,53.8,52.9
Mozambique,Africa,MOZ,Subnat,MOZr103,Nampula,100,100,100,99.4,98.5,97.5,96.3,95.5,94.2,92.8,91.4,90.5,90.4,89.3,87.6,87.3,88.7,89.3,88.1,87.9,87.4,88.1,86.8,86.4
Mozambique,Africa,MOZ,Subnat,MOZr101,Niassa,100,100,100,100,100,100,100,100,98.8,97.5,96.3,95.5,93.9,92,89.1,88,89.1,89.5,87.3,86.4,85.1,85.1,83.1,82.5
Mozambique,Africa,MOZ,Subnat,MOZr107,Sofala,99.5,99,97.7,96.9,95.9,94.7,93.4,92.5,91.2,89.6,88,87,84.7,82.6,79.4,78.5,80.3,81.3,79,78.4,77.4,77.9,76,75.4
Mozambique,Africa,MOZ,Subnat,MOZr105,Tete,100,100,100,100,100,100,99.2,98.5,97.3,96,94.6,93.8,93,91.5,89.1,88.2,89.3,89.6,87.8,86.9,85.7,85.8,84,83.6
Mozambique,Africa,MOZ,Subnat,MOZr104,Zambezia,100,100,100,100,100,100,100,100,98.9,97.6,96.3,95.5,95.2,94,92.2,91.6,92.8,93.2,91.9,91.2,90.4,90.8,89.3,88.9
Myanmar,Asia/Pacific,MMR,National,MMRt,Total,82.5,,,,82.1,79.6,78.9,78.2,79.6,76.8,76.4,74.8,69.8,68.4,64.9,61.9,59.4,56.8,54.7,53.2,52.8,54.4,55.5,54.3
Myanmar,Asia/Pacific,MMR,Subnat,MMRr114,Ayeyarwaddy,87.3,,,,87.1,84.8,84.3,84,85.4,83.1,82.7,81.6,76.5,75.5,72.8,70.5,68.2,65.8,64.1,62.9,62.6,64.5,65.4,64.5
Myanmar,Asia/Pacific,MMR,Subnat,MMRr107,Bago,83,,,,82.7,80.3,79.6,79.1,80.5,77.8,77.5,76,71,69.7,66.1,62.9,60.5,57.7,55.6,54.8,54.3,56,56.6,55.6
Myanmar,Asia/Pacific,MMR,Subnat,MMRr104,Chin,85.6,,,,85.1,82.5,81.7,80.9,82.1,79.2,78.5,76.9,71.7,70.4,68.6,67.1,65.1,62.4,61.3,60.1,60,62,62.5,61.9
Myanmar,Asia/Pacific,MMR,Subnat,MMRr101,Kachin,81.3,,,,80.8,78.3,77.4,76.7,77.9,74.9,74.4,72.6,67.5,66,62.8,59.1,57,54.1,52.2,50.6,50.2,51.8,52.8,51.4
Myanmar,Asia/Pacific,MMR,Subnat,MMRr102,Kayah,80.3,,,,79.8,77.3,76.5,75.8,77,74.2,74,72.1,67,65.6,62.6,58.5,56.5,53.9,51.6,50.3,50.1,51.9,53,52.2
Myanmar,Asia/Pacific,MMR,Subnat,MMRr103,Kayin,87.7,,,,87.4,84.8,84.1,83.5,84.8,82,81.6,80,74.8,73.5,71.1,67.7,65.6,63,61.5,60.3,59.9,61.5,62.3,61.5
Myanmar,Asia/Pacific,MMR,Subnat,MMRr108,Magway,87.6,,,,87.3,84.8,84.2,83.7,85.1,82.6,82,80.8,75.5,74.3,70.7,67.9,65.3,63.3,61.1,59.8,59.6,61.3,62.6,61.5
Myanmar,Asia/Pacific,MMR,Subnat,MMRr109,"Mandalay, NayPyitaw",80.9,,,,80.5,78.2,77.5,77,78.3,75.6,75.2,73.7,68.6,67.2,63.2,60.1,57.6,55.2,53.4,52.6,52.2,53.8,53.7,53.5
Myanmar,Asia/Pacific,MMR,Subnat,MMRr110,Mon,81.6,,,,81.2,78.7,78,77.4,78.6,75.9,75.6,73.9,68.7,67.2,63.5,59,56.6,53.7,51.7,50.7,50.3,51.8,52.1,51.2
Myanmar,Asia/Pacific,MMR,Subnat,MMRr111,Rakhine,88.4,,,,88.1,85.5,84.8,84.4,85.7,83,82.7,81.3,76.1,75,73,71.8,69.9,66.9,65.7,64.7,64.3,66,66.7,65.8
Myanmar,Asia/Pacific,MMR,Subnat,MMRr105,Sagaing,85.7,,,,85.4,83,82.4,81.8,83.2,80.5,80.1,78.7,73.6,72.3,68.8,66.2,63.7,61.4,59.4,58,57.7,59.3,60.6,59.5
Myanmar,Asia/Pacific,MMR,Subnat,MMRr113,Shan,82.8,,,,82.4,79.9,79.2,78.6,79.9,77.1,76.7,75.1,70.1,68.8,65.6,62.7,60.5,57.9,56.2,54.8,54.4,56,57,55.8
Myanmar,Asia/Pacific,MMR,Subnat,MMRr106,Taninthayi,81.7,,,,81.4,79,78.4,77.8,79.2,76.5,76.3,74.7,69.7,68.4,65.3,61.7,59.6,56.7,54.7,53.1,52.7,54.2,55.2,54
Myanmar,Asia/Pacific,MMR,Subnat,MMRr112,Yangon,68.5,,,,67.8,65.3,64.4,63.4,64.5,61.5,61,58.8,53.9,52,47,42.6,41.2,38.4,37.4,36.7,36.9,38.8,38.6,38.7
Namibia,Africa,NAM,National,NAMt,Total,75,75.1,74.4,73.8,72.8,71.5,69.4,67.4,65.1,63,60.9,59.6,58.2,55.4,55,54.6,53.7,53.7,53,52.7,52.6,53.5,52.4,52.1
Namibia,Africa,NAM,Subnat,NAMr101,Caprivi,91,90.6,89.6,88.7,87.5,86.1,84,81.7,79,76.9,74,72,69.6,66.2,65.6,65.1,64.1,64.3,63.7,63.7,63.5,64.5,63.4,62.9
Namibia,Africa,NAM,Subnat,NAMr102,Erongo,46.6,48.7,49.6,50.5,51.1,51.1,50.4,48.4,46.5,44.3,42.6,42.4,41.3,39.7,38.6,37.5,36.7,36.5,35.7,35.5,35.3,36.1,35,34.9
Namibia,Africa,NAM,Subnat,NAMr103,Hardap,65.2,66.1,66,65.9,65.4,64.6,63.2,60.5,57.9,55.5,53.2,51.8,49.9,46.1,45.3,44.7,44,43.8,43.2,43,43,43.6,42.4,42
Namibia,Africa,NAM,Subnat,NAMr104,Karas,55.7,58,59,59.9,60.5,60.7,60.1,57.9,55.5,53.3,51.2,50.3,49,46.6,46,45.1,44,43.5,43,43.1,43,43.7,42.5,42.2
Namibia,Africa,NAM,Subnat,NAMr108,Kavango,84.9,85.5,85.5,85.6,85.2,84.8,83.5,81.9,80,78.9,77,75.9,74.5,72.2,71.6,71.3,70.5,70.9,69.8,69.3,69.1,70.2,69.1,68.5
Namibia,Africa,NAM,Subnat,NAMr105,Khomas,54.2,54.5,53.5,52.3,50.9,48.9,46.1,44.4,42.8,40.8,39.9,40.2,39.1,38.6,37.9,36.5,35.8,35.4,34.8,34.6,34.7,35.5,34.4,34.3
Namibia,Africa,NAM,Subnat,NAMr106,Kunene,78,79.2,79.6,80.1,80.4,80.4,79.7,77.1,74.4,72.4,69.9,68.2,66.2,62.7,61.9,61.2,60.2,60.1,59.7,59.7,59.6,60.5,59.3,58.9
Namibia,Africa,NAM,Subnat,NAMr107,Ohangwena,96.8,96.7,95.9,95.2,94,92.6,90.3,88.4,85.8,83.8,81.1,79.3,77.6,74.8,74.6,74.3,73.2,73.6,73.1,73.2,73,74.3,73.3,73.1
Namibia,Africa,NAM,Subnat,NAMr109,Omaheke,80.1,80.5,80.2,80,79.6,78.8,77.3,74.9,72,70,67.3,65.5,63.5,59.7,58.8,58.5,57.7,58,57.2,57,56.8,57.8,56.7,56.3
Namibia,Africa,NAM,Subnat,NAMr110,Omusati,93.7,93.5,92.3,91.4,89.9,88.2,85.7,83.8,81.2,79.5,77.1,75.7,74.4,71.5,71.2,70.9,69.8,70.1,69.2,68.8,68.7,69.9,68.9,68.9
Namibia,Africa,NAM,Subnat,NAMr111,Oshana,80.2,80.1,79.2,78.5,77.3,75.8,73.6,70.9,67.9,65.2,62.2,60.2,58.1,54.7,53.9,53.7,52.9,53.3,52.7,52.8,52.6,53.6,52.4,52.2
Namibia,Africa,NAM,Subnat,NAMr112,Oshikoto,81.8,82.1,81.7,81.3,80.6,79.5,77.6,75.4,72.9,70.7,68.2,66.6,65,62.1,61.9,61.6,60.8,61.2,60.2,59.9,59.7,60.8,59.8,59.6
Namibia,Africa,NAM,Subnat,NAMr113,Otjozondjupa,67.8,68.6,68.6,68.5,68.1,67.4,65.9,63.3,60.6,57.9,55,53.3,51,48,47.5,47.1,46.2,46.2,45.2,44.6,44.5,45.3,44,43.7
Nepal,Asia/Pacific,NPL,National,NPLt,Total,83.1,83,81.5,80.3,80.2,78.2,76.1,74.3,72.7,71.2,68.2,66.3,64.1,61.8,59.7,58.6,56.1,55.6,53.9,53.1,52.3,52.6,51.4,50.8
Nepal,Asia/Pacific,NPL,Subnat,NPLr103,"Bagmati province",73.3,73.4,71.5,70.4,70.6,68.4,65.7,64.5,63.3,62,59,57.2,55.7,53.8,51.9,51.1,48.9,48.8,47.7,47.2,46.5,47.2,46.2,45.7
Nepal,Asia/Pacific,NPL,Subnat,NPLr104,"Gandaki province",80.2,80.2,78.5,77.3,77.3,75.3,73.2,71.2,69.6,68,64.7,62.7,60,57.3,55,53.7,51.4,51.4,50.4,50.1,49.1,49.3,48,47.3
Nepal,Asia/Pacific,NPL,Subnat,NPLr106,"Karnali province",92.3,91.9,90.2,88.3,87.4,85.3,82.9,82,81.1,80.4,78.6,77.6,74.7,71.7,68.9,66.9,63.7,63.8,63.3,63.1,60.3,58.6,55.7,55.1
Nepal,Asia/Pacific,NPL,Subnat,NPLr101,"Koshi province",79.4,79.4,78.3,77.6,78,76.5,74.9,72.8,71.1,69.5,66.2,64.1,61.7,59.2,57.2,56,53.6,53.5,52.3,51.9,51.3,51.8,50.8,50.2
Nepal,Asia/Pacific,NPL,Subnat,NPLr105,"Lumbini province",84.4,84.3,82.8,81.7,81.6,79.7,77.6,75.9,74.4,72.9,70,68.2,65.7,63.1,60.8,59.4,56.7,56.3,54.6,53.6,53,53.4,52.2,51.6
Nepal,Asia/Pacific,NPL,Subnat,NPLr102,"Madhesh province",92,91.9,90.2,88.6,87.9,85.6,83.2,81.4,79.8,78.4,75.5,73.6,71.7,69.5,67.7,66.8,64.5,63,60.7,59,58.9,59.7,59,58.3
Nepal,Asia/Pacific,NPL,Subnat,NPLr107,"Sudurpashchim province",88.9,88.6,87.9,87.1,87,85.8,84.2,82.3,80.6,79.1,76.4,74.6,72.2,69.5,66.9,65.2,62.4,62.3,61.3,60.9,58.7,57.8,55.4,54.7
Nicaragua,America,NIC,National,NICt,Total,64.3,63.9,62.7,61.3,60.1,58.3,57.2,55.9,54.6,53.7,52,50,47.8,46.4,45.4,45.7,44.9,44.6,45.6,47.2,47.5,47.4,45.3,44.7
Nicaragua,America,NIC,Subnat,NICr103,"Atlantico (Rio San Juan, Atlantico Norte (Raan), Atlantico Sur (Raas))",79.6,79.3,77.8,76.1,74.6,72.6,71.8,70.5,70,68.9,67.2,66.1,64.7,63.5,62.4,63.3,63.1,62.3,63.2,64.1,64,64,62.2,61.7
Nicaragua,America,NIC,Subnat,NICr102,"Central-Norte (Boaco, Chontales, Jinotega, Matagalpa, Esteli, Madriz, Nueva Segovia)",71.6,71.3,69.5,67.6,65.8,63.2,61.5,59.5,58.9,58.5,57.3,56.1,54.8,54.1,52.2,52.5,51.7,51.8,52.9,54.4,54.4,54.3,52.4,51.8
Nicaragua,America,NIC,Subnat,NICr101,"Pacifico (Chinandega, Leon, Managua, Masaya, Granada, Carazo, Rivas)",57.5,57,56.1,55,54,52.8,52.2,51.2,49.4,48.2,46.1,43.6,40.8,39.5,39.3,39.7,39.2,39.1,39.4,40.6,41.1,40.9,38.8,38.3
Niger,Africa,NER,National,NERt,Total,100,100,100,100,100,100,100,100,99.6,98.8,97.2,97.5,97.7,95,92.5,93,93.7,93.7,92.1,90.1,89.9,89.3,87.3,87.9
Niger,Africa,NER,Subnat,NERr101,Agadez,89.6,89.4,89.3,89.2,89,89.2,88.7,88.4,87.4,86.3,84.2,84.1,84,81.1,78.5,78.7,79.6,79.7,78.2,76.4,76.4,75.6,73.4,74
Niger,Africa,NER,Subnat,NERr102,Diffa,94.9,95.2,95.9,96.5,97,97.9,98.3,98.2,97.7,96.7,94.9,95.1,95.1,92.3,89.7,90,90.9,90.9,89.3,87.5,87.5,86.9,84.7,85.2
Niger,Africa,NER,Subnat,NERr103,Dosso,100,100,100,100,100,100,100,100,100,100,98.2,98.5,98.5,95.6,92.9,93.5,94.6,94.9,93.4,91.3,91,90.3,88.2,88.9
Niger,Africa,NER,Subnat,NERr104,Maradi,100,100,100,100,100,100,100,100,100,100,100,100,100,100,98.9,99.5,99.9,99.8,98.2,96.2,95.9,95.3,93.4,94
Niger,Africa,NER,Subnat,NERr106,Tahoua,100,100,100,100,100,100,100,100,100,100,100,100,100,97.8,95.2,95.6,96.5,96.6,95.1,93.4,93.4,92.8,90.8,91.4
Niger,Africa,NER,Subnat,NERr105,"Tillabery (incl Niamey)",93.4,92.9,92.7,92.5,92.2,92.2,91.6,90.9,89.7,88.2,85.8,85.4,85,81.9,79.1,79.3,80.5,80.2,78.2,75.6,74.6,73.9,71.6,72
Niger,Africa,NER,Subnat,NERr107,Zinder,100,100,100,100,100,100,100,100,100,100,100,100,100,99.3,97,97.8,98.2,98.3,96.8,95.2,95.5,95,92.9,93.7
Nigeria,Africa,NGA,National,NGAt,Total,86.5,,,,,,84.9,83.5,81.5,80.6,79.6,77.7,77.2,76.1,75.1,74,72.8,72.9,71.6,71.3,69.3,68.2,66.6,65.8
Nigeria,Africa,NGA,Subnat,NGAr122,Abia,77,,,,,,74,71.4,67.7,68.2,68.7,67.8,68.5,68.3,67.1,65.9,64.2,64.7,63.1,64.4,63.7,63.9,62.1,61.4
Nigeria,Africa,NGA,Subnat,NGAr137,"Abuja FCT",76,,,,,,70.5,65.8,59.7,59.1,58.5,56.6,56.1,55.1,55.6,55.9,55.8,57.6,57.5,56.9,54.4,52.8,51,50.3
Nigeria,Africa,NGA,Subnat,NGAr108,Adamawa,95.2,,,,,,94.4,93.7,92.7,90.6,88.4,85.6,84.1,81.8,81,80.4,79.9,80.4,79.3,79.3,77.7,77.1,75.7,75
Nigeria,Africa,NGA,Subnat,NGAr101,"Akwa Ibom",84.6,,,,,,82.4,80.4,77.7,76.3,75,72.6,71.9,70.3,69.4,68.6,67.5,68.1,67,69.6,70.5,71.9,70.5,69.8
Nigeria,Africa,NGA,Subnat,NGAr102,Anambra,73.6,,,,,,70.6,68.1,64.5,63.1,61.7,58.9,58.2,56.6,56.5,56.7,56.3,58.1,57.3,55.9,52.7,50.2,48.9,48.1
Nigeria,Africa,NGA,Subnat,NGAr103,Bauchi,100,,,,,,100,99.6,98.5,97.5,96.4,94.9,94.7,93.3,91.6,90.3,89.1,88.6,87.7,88.5,87.8,88.3,86.9,86.2
Nigeria,Africa,NGA,Subnat,NGAr131,Bayelsa,91.1,,,,,,87.6,84.4,80.5,78.4,76.3,73.3,71.8,69.8,69.6,69.5,69.2,70.3,69.9,69.8,68,67.2,65.6,64.9
Nigeria,Africa,NGA,Subnat,NGAr105,Benue,93.7,,,,,,93.6,93.6,93.1,91.6,90,88,87.1,85.4,82.9,80.4,78,76.6,74.7,76,75.5,76.1,74.7,74
Nigeria,Africa,NGA,Subnat,NGAr106,Borno,91.3,,,,,,92.6,94.2,95.5,93,90.6,87.7,86.3,83.8,81.8,80,78.2,77.3,75.8,76.9,76.2,76.9,75.2,74.5
Nigeria,Africa,NGA,Subnat,NGAr107,"Cross River",87.2,,,,,,86.2,85.5,84.3,82.9,81.4,79.1,78.2,76.6,75.3,73.9,72.4,72.2,71.2,72.6,72.4,73,71.8,71.1
Nigeria,Africa,NGA,Subnat,NGAr123,Delta,80.5,,,,,,78.3,76.3,73.6,72.1,70.6,67.9,67.1,64.9,63.7,63,61.9,62.7,61.2,62.2,61.5,61.4,59.7,58.9
Nigeria,Africa,NGA,Subnat,NGAr132,Ebonyi,93,,,,,,91.1,89.3,87.1,84.9,82.7,79.8,78.2,75.8,74.9,74.4,73.9,74.5,73.9,68.7,61.9,55.8,54.3,53.6
Nigeria,Africa,NGA,Subnat,NGAr104,Edo,80.1,,,,,,76.1,72.7,68.1,67.2,66.4,64.2,63.5,62.2,62.7,63.1,63.1,64.8,64.9,62.8,58.8,55.4,53.6,52.8
Nigeria,Africa,NGA,Subnat,NGAr133,Ekiti,78,,,,,,76.3,75.1,73.1,70.6,68.1,64.4,62.8,60,60.7,61.1,61.1,63,62.9,63.5,62.3,61.9,60.2,59.5
Nigeria,Africa,NGA,Subnat,NGAr124,Enugu,79.6,,,,,,80.4,81.6,82.2,79.6,77,73.5,71.2,68.7,67.4,66,64.4,64.4,62.6,61.2,57.9,55.4,53.6,52.8
Nigeria,Africa,NGA,Subnat,NGAr134,Gombe,95,,,,,,95,95,94.7,93.2,91.8,89.6,88.9,87.2,86.4,85.5,84.6,84.7,84,82.6,79.6,77.7,76.3,75.6
Nigeria,Africa,NGA,Subnat,NGAr109,Imo,73.7,,,,,,74.9,76.6,77.6,75.5,73.3,70.1,68.7,66.3,65,63.9,62.6,62.9,61.4,61.1,59.1,57.9,56.1,55.3
Nigeria,Africa,NGA,Subnat,NGAr125,Jigawa,100,,,,,,100,100,100,100,99.9,97.9,97.1,95.7,94,92.1,90.4,89.5,87.3,89,89.2,90.5,89.2,88.4
Nigeria,Africa,NGA,Subnat,NGAr110,Kaduna,85.3,,,,,,84,82.9,81.4,79.7,78,75.4,74.2,72.7,72.8,72.7,72.5,73.8,73.3,71.7,68.3,65.7,64,63.2
Nigeria,Africa,NGA,Subnat,NGAr111,Kano,91.8,,,,,,91.8,92,91.9,90.1,88.3,85.6,84,82.4,81.7,80.8,79.7,79.9,78.7,77.6,74.9,73.2,71.5,70.8
Nigeria,Africa,NGA,Subnat,NGAr112,Katsina,99.5,,,,,,100,100,100,99.8,98.3,96.2,95.4,94.2,92.1,90,87.9,86.9,84.8,85.9,85.4,86,84.6,83.8
Nigeria,Africa,NGA,Subnat,NGAr126,Kebbi,100,,,,,,100,98.9,96.7,95.9,95.2,93.5,93.6,92.8,92.3,91.6,90.9,91.1,90.4,89.9,88.2,87.4,86.1,85.3
Nigeria,Africa,NGA,Subnat,NGAr127,Kogi,84.3,,,,,,82.7,81.4,79.5,78.1,76.7,74.4,73.6,71.9,71.6,71.5,71.1,72.3,71.6,70.7,68.1,66.4,64.8,64.1
Nigeria,Africa,NGA,Subnat,NGAr113,Kwara,81.8,,,,,,80.8,80.1,78.8,76,73.2,69.2,67.1,64,64.3,64.9,64.8,66.7,66.4,65.7,63.1,61.6,59.8,59
Nigeria,Africa,NGA,Subnat,NGAr114,Lagos,60.1,,,,,,56.8,54.4,50.3,50.9,51.5,51.1,51.2,51.7,51,50.5,50.3,51,49.8,50.4,49.1,48.3,46.9,46.3
Nigeria,Africa,NGA,Subnat,NGAr135,Nassarawa,92.6,,,,,,90.9,89.6,87.7,86.2,84.7,82.6,81.7,80.1,77.9,75.7,73.6,72.8,70.7,72.4,72.5,74.1,72.5,71.8
Nigeria,Africa,NGA,Subnat,NGAr115,Niger,96.6,,,,,,95.2,94,92.2,90.7,89.3,87,86.2,84.8,83.6,82.1,80.4,80.1,78.2,77.6,75.3,73.9,72.2,71.4
Nigeria,Africa,NGA,Subnat,NGAr116,Ogun,82.2,,,,,,81.6,81.3,80.3,78.9,77.4,74.9,73.5,71.9,69.5,67,64,63.1,60.4,63,63.7,65.5,63.9,63.1
Nigeria,Africa,NGA,Subnat,NGAr117,Ondo,82.8,,,,,,81.4,80.3,78.5,76.2,73.8,70.6,69,66.5,66.2,66,65.5,66.6,66.1,67,66,66,64.4,63.7
Nigeria,Africa,NGA,Subnat,NGAr128,Osun,77.5,,,,,,75.3,73.4,70.7,68.8,66.9,63.7,62.1,60.1,60.7,61,60.7,62.3,62.6,62.5,60.6,59.5,57.7,56.9
Nigeria,Africa,NGA,Subnat,NGAr118,Oyo,78.2,,,,,,77.4,77.1,76,74.3,72.6,69.9,68.3,66.5,65.4,64.3,62.8,63.1,61.4,62.4,61.7,61.6,59.9,59.1
Nigeria,Africa,NGA,Subnat,NGAr119,Plateau,89,,,,,,89.6,90.6,91,88.7,86.4,83.7,82.1,80.1,78.7,77.1,75.5,75.1,73.6,74.2,73.1,73.2,71.7,71
Nigeria,Africa,NGA,Subnat,NGAr120,Rivers,76.3,,,,,,74.5,73.3,71.1,69.6,68.1,65.7,64.2,62.3,61.1,60.1,58.8,59.5,58.1,59.1,58.2,58.1,56.4,55.7
Nigeria,Africa,NGA,Subnat,NGAr121,Sokoto,100,,,,,,100,100,99.9,98.3,96.8,94.6,93.3,91.9,91.5,90.6,89.8,89.9,89.2,87.9,85.5,84.3,83,82.3
Nigeria,Africa,NGA,Subnat,NGAr129,Taraba,98.2,,,,,,96.5,94.9,93,92.3,91.6,90.4,90.4,89.9,88.5,87,85.8,85.1,83.5,83.6,82.1,81.9,80.5,79.8
Nigeria,Africa,NGA,Subnat,NGAr130,Yobe,95,,,,,,95.8,96.6,97.3,96.8,96.2,95.1,95.2,94.2,92.8,91.7,90.6,90,89,88.9,87.5,87.2,85.8,85
Nigeria,Africa,NGA,Subnat,NGAr136,Zamfora,100,,,,,,100,100,100,100,99.7,98,97.5,96.3,94.3,92.4,90.5,89.4,87.1,87.6,86.6,86.5,85.2,84.5
Pakistan,Asia/Pacific,PAK,National,PAKt,Total,82.4,81.8,81.5,79.5,78.7,77.9,75.3,73.9,72.6,71.4,70.2,69.6,69.3,67.4,66.2,65.9,65.8,64.9,64.4,62.8,62.2,61.4,60.9,61.1
Pakistan,Asia/Pacific,PAK,Subnat,PAKr107,AJK,71.6,70.7,70.3,68.3,67.1,65.5,61.3,57.9,57.5,57.9,58.3,58.8,59.7,58.4,57.8,58.3,58.8,58.6,58.7,57,56.3,55.5,55.1,55.2
Pakistan,Asia/Pacific,PAK,Subnat,PAKr104,Balochistan,87.5,87,87.1,85.3,84.5,84,81.5,80.4,80.3,80.1,80.2,80.8,81.6,79.1,77.3,76.3,75.5,74,72.6,71.1,70.6,69.7,69.2,69.5
Pakistan,Asia/Pacific,PAK,Subnat,PAKr108,FATA,95.9,95.3,95.3,94,93.4,92.3,88.9,86.4,86,86.5,86.6,87.3,87.9,86.6,86.1,86.3,86.8,86.8,86.4,85.2,84.8,84.1,83.6,83.8
Pakistan,Asia/Pacific,PAK,Subnat,PAKr106,"Gilgit Baltistan",80.8,80.1,79.9,78,77,76,72.8,70.6,70.5,70.7,70.8,71.4,72.3,69.4,67.4,66.2,65.2,63.4,61.8,60.3,59.8,59.1,58.6,58.9
Pakistan,Asia/Pacific,PAK,Subnat,PAKr105,"Islamabad (ICT)",59.7,58.9,58.8,56.9,56.2,54.9,51.7,49.7,49.3,49.4,49.4,50.4,51.7,51.1,51.1,52.4,53.5,53.8,54.6,53,52.4,51.6,51.1,51.4
Pakistan,Asia/Pacific,PAK,Subnat,PAKr103,"Khyber Pakhtunkhwa (NWFrontier)",87.1,86.5,86.1,84.2,83.2,82.6,80,78.7,77.6,76.7,75.9,75.7,75.7,73.8,72.6,72.3,72.1,71.3,70.7,69.1,68.6,67.8,67.3,67.5
Pakistan,Asia/Pacific,PAK,Subnat,PAKr101,Punjab,86.3,85.8,85.4,83.4,82.6,81.9,79.3,77.9,75.6,73.2,71,69.3,68,66.1,65,64.8,64.9,64.1,63.7,62,61.4,60.6,60.1,60.3
Pakistan,Asia/Pacific,PAK,Subnat,PAKr102,Sindh,81.8,81.1,80.7,78.8,77.9,77.1,74.5,73.2,71.7,70.2,68.8,68,67.4,65.8,64.9,65,65.3,64.8,64.7,63.1,62.6,61.8,61.3,61.5
Palestine,Asia/Pacific,PSE,National,PSEt,Total,54.8,,,,,,53.3,52.4,50.9,49.1,47,45.6,44.5,44.1,44.1,42.7,42.2,41.6,40.7,40.5,41.2,41.3,40,42.5
Palestine,Asia/Pacific,PSE,Subnat,PSEr110,Bethlehem,52.6,,,,,,51.2,50.5,49.1,47.4,45.4,44.6,44.1,44,44,42.6,42,41.3,40.1,39.7,40.3,40.4,39.1,41.6
Palestine,Asia/Pacific,PSE,Subnat,PSEr114,"Deir El-Balah",56.4,,,,,,54.8,54,52.5,50.6,48.5,48.2,48.4,49.3,50.8,48.8,48,47.1,45.9,45.5,45,45.1,43.8,46.2
Palestine,Asia/Pacific,PSE,Subnat,PSEr113,"Gaza City",56.3,,,,,,54.8,53.8,52.4,50.5,48.3,48.5,49.2,50.6,52.7,50.5,49.5,48.4,47,45.4,45.9,45.9,44.5,47
Palestine,Asia/Pacific,PSE,Subnat,PSEr111,Hebron,56.1,,,,,,54.6,53.7,52.3,50.4,48.3,46.5,45.4,45.3,45.7,44,43.4,42.8,41.8,41.6,42.4,42.5,41.2,43.6
Palestine,Asia/Pacific,PSE,Subnat,PSEr101,Jenin,58.2,,,,,,56.8,55.8,54.5,52.7,50.6,48,45.6,44.3,43.3,42.2,42,41.6,40.8,40.8,41.7,41.8,40.6,43
Palestine,Asia/Pacific,PSE,Subnat,PSEr108,"Jericho and Al Aghwar",54,,,,,,52.6,51.7,50.5,48.8,46.7,45.4,44.3,43.7,43.2,42.2,42.1,41.8,41.1,41.2,42.2,42.3,41,43.5
Palestine,Asia/Pacific,PSE,Subnat,PSEr109,Jerusalem,51.5,,,,,,50.1,49.3,48,46.2,44.1,42.9,41.8,41,40,39.3,39.3,39,38.3,38.4,39.3,39.4,38.2,40.6
Palestine,Asia/Pacific,PSE,Subnat,PSEr115,"Khan Yunis",55.8,,,,,,54.3,53.2,51.8,49.9,47.8,47.3,47.4,48.5,50.1,48.5,47.8,47.2,46.4,46.3,46.3,46.3,45.1,47.4
Palestine,Asia/Pacific,PSE,Subnat,PSEr104,Nablus,54.1,,,,,,52.6,51.7,50.3,48.5,46.4,44.9,43.5,42.5,41.4,40.7,40.7,40.4,39.7,39.8,40.7,40.9,39.6,42
Palestine,Asia/Pacific,PSE,Subnat,PSEr112,"North Gaza",54.6,,,,,,53.2,52.2,50.7,48.8,46.7,47.4,48.8,50,53.1,50.7,49.4,48.2,46.8,46.1,46.4,46.4,45.2,47.6
Palestine,Asia/Pacific,PSE,Subnat,PSEr105,Qalqiliya,58.1,,,,,,56.7,55.8,54.5,52.7,50.6,48.4,46.4,44.8,43.3,42.3,42.2,41.9,41.2,41.2,42.1,42.2,41,43.4
Palestine,Asia/Pacific,PSE,Subnat,PSEr116,Rafah,54.9,,,,,,53.4,52.4,51,49.1,46.9,46.9,47.3,48.6,49.5,48.2,47.8,47.4,46.7,46.7,47.7,47.7,46.4,48.8
Palestine,Asia/Pacific,PSE,Subnat,PSEr107,"Ramallah & Al-Bireh",55.1,,,,,,53.8,53,51.6,49.9,47.9,45.9,43.9,42.2,40.2,40.1,40.7,40.9,40.7,41.2,42.6,42.7,41.4,43.9
Palestine,Asia/Pacific,PSE,Subnat,PSEr106,Salfit,58,,,,,,56.7,55.7,54.5,52.8,50.8,49,47.2,45.9,44.4,43.5,43.3,42.8,41.9,41.8,42.6,42.7,41.3,43.8
Palestine,Asia/Pacific,PSE,Subnat,PSEr102,Tubas,59.4,,,,,,57.8,57.3,55.6,53.6,51.7,48.1,44.7,42.8,41,40.3,40.5,40.5,40.1,40.4,41.7,41.8,40.5,42.9
Palestine,Asia/Pacific,PSE,Subnat,PSEr103,Tulkarm,51.9,,,,,,50.6,49.7,48.5,46.7,44.7,43,41.4,40.2,39,38.3,38.4,38.5,37.9,38.2,39.3,39.4,38.1,40.6
Panama,America,PAN,National,PANt,Total,49.8,49.8,48.9,47.4,46.4,44.9,43.1,40.5,37.7,36.3,36.1,35.1,34.7,34.3,33.5,32.9,32.5,32,31.5,31.2,31.8,31.3,30.5,30
Panama,America,PAN,Subnat,PANr101,"Bocas del Toro",59.1,59.3,58.4,56.9,55.8,54.1,52.2,49.3,47,46.1,46.6,46.6,47.7,47.1,46.7,46,45.5,44.8,44.1,43.9,44.3,44.1,43.3,42.9
Panama,America,PAN,Subnat,PANr104,Chiriqui,48.6,48.4,47.7,46.1,45,43.2,41.2,38.2,35.8,35.1,35.3,35.1,35.7,35.1,34.6,34,33.4,32.9,32.3,32,32.8,32.3,31.4,31.1
Panama,America,PAN,Subnat,PANr102,Cocle,53.7,53.5,52.6,51,49.6,47.9,45.8,42.8,40.6,39.9,40.7,40.5,41.1,41.3,40.1,39.7,39.3,38.9,38.2,38,38.4,38.1,37.3,36.9
Panama,America,PAN,Subnat,PANr103,Colon,45.6,44.7,44,42.5,41.4,39.6,37.7,34.8,32.4,31.6,31.6,31.6,32.2,32,30.7,30.2,29.8,29.4,29.4,29.1,29.9,29.4,28.5,28.2
Panama,America,PAN,Subnat,PANr105,Darien,62.3,62.4,61.5,60,58.6,57.2,55.2,51.6,48.8,47.9,48.6,49,50.6,50.4,49.5,48.9,48.3,47.7,47.6,47.5,47.9,47.7,46.9,46.6
Panama,America,PAN,Subnat,PANr111,"Embera Wounaan",78.8,78.9,78.3,76.7,75.6,74.4,72.6,69.1,66.4,65.9,67.2,67.5,69.8,69.5,68.8,67.9,67.4,66.7,66.4,66.4,66.5,66.6,65.9,65.8
Panama,America,PAN,Subnat,PANr106,Herrera,47.9,47.7,46.9,45.2,43.8,41.9,39.9,36.9,34.6,33.8,34.5,34.1,34.6,34.7,33.4,33,32.6,32.2,31.5,31.2,31.9,31.5,30.6,30.3
Panama,America,PAN,Subnat,PANr110,"Kuna Yala",78.3,78,77.6,76.2,75,73.6,71.9,68.3,65.3,64.6,65.9,66.3,68.5,68.2,67.5,66.7,66.1,65.5,65.1,65,65.2,65.2,64.5,64.5
Panama,America,PAN,Subnat,PANr107,"Los Santos",48.8,48.5,47.7,46,44.8,43.1,41,38.3,36,35.3,36,35.8,36.2,36.4,35.1,34.8,34.4,34.1,33.5,33.3,34,33.6,32.7,32.4
Panama,America,PAN,Subnat,PANr112,"Ngobe Bugle",88,86.6,86.3,85.5,84.6,83.2,81.5,78.5,76.2,75.5,76.7,77,79.3,79,78.1,77.3,76.9,76.4,76.1,75.9,76.2,76.2,75.5,75.5
Panama,America,PAN,Subnat,PANr108,Panama,42.1,41.5,40.8,39.2,37.8,36,33.9,30.9,28.4,28.3,28.7,28.1,28.1,28.1,27.3,27,26.6,26.3,25.7,25.5,26.3,25.7,24.7,24.4
Panama,America,PAN,Subnat,PANr109,Veraguas,58.6,58.8,57.8,56.1,54.9,53.3,51.4,48.6,46.3,45.9,46.8,46.6,47.6,47.7,46.6,46.1,45.7,45.3,44.6,44.4,44.8,44.6,43.8,43.5
"Papua New Guinea",Asia/Pacific,PNG,National,PNGt,Total,89,89,89,88.8,88.7,88.7,88,87,86,85,83.5,82.8,82,81.2,80.1,79.5,79.5,78.5,78.2,77.1,75.1,75.2,74.6,75.1
"Papua New Guinea",Asia/Pacific,PNG,Subnat,PNGr120,"Autonomous Region of Bougainville",87.6,87.6,87.6,87.3,87.1,87.1,86.4,85.3,84.2,83,81.4,80.6,79.7,78.9,77.7,77.1,77.1,76,75.7,74.5,72.6,72,71.5,72.2
"Papua New Guinea",Asia/Pacific,PNG,Subnat,PNGr103,Central,90.7,90.6,90.6,90.2,90.1,90.1,89.4,88.3,87.3,86.2,84.6,83.9,83,82.2,81.1,80.4,80.6,79.4,79.1,77.9,75.9,76.4,75.9,76.4
"Papua New Guinea",Asia/Pacific,PNG,Subnat,PNGr110,"Chimbu, Simbu",87.2,87.2,87.2,86.9,86.8,86.7,86.2,85,84,82.8,81.1,80.6,79.7,78.9,77.8,77.2,77.6,76.2,76,74.5,72.7,73.5,73.1,73.5
"Papua New Guinea",Asia/Pacific,PNG,Subnat,PNGr118,"East New Britain",87.9,87.8,87.8,87.5,87.3,87.2,86.6,85.3,84.1,82.7,80.9,80.1,79.1,78.2,77,76.3,76.5,75.2,74.9,73.5,71.7,71.8,71.3,72.3
"Papua New Guinea",Asia/Pacific,PNG,Subnat,PNGr114,"East Sepik",90.4,90.4,90.5,90.2,90.1,90.1,89.4,88.4,87.4,86.3,84.8,83.9,83.1,82.3,81.3,80.6,80.5,79.7,79.2,78.3,76.2,76,75.4,76.1
"Papua New Guinea",Asia/Pacific,PNG,Subnat,PNGr111,"Eastern Highlands",89.8,89.8,89.8,89.6,89.5,89.5,88.9,87.9,87,86,84.5,83.9,83.1,82.4,81.4,80.8,80.9,79.8,79.6,78.4,76.4,76.3,75.9,76.1
"Papua New Guinea",Asia/Pacific,PNG,Subnat,PNGr108,Enga,92.3,92.5,92.5,92.3,92.2,92.3,91.7,90.8,89.9,89,87.7,86.9,86.2,85.5,84.5,84,83.9,83.2,82.7,81.9,79.7,79.9,79.3,79.9
"Papua New Guinea",Asia/Pacific,PNG,Subnat,PNGr102,Gulf,92.9,92.9,92.9,92.7,92.6,92.6,91.9,91.2,90.4,89.7,88.6,87.9,87.2,86.5,85.6,85.1,84.9,84.1,83.8,83.1,80.8,80.9,80.3,80.5
"Papua New Guinea",Asia/Pacific,PNG,Subnat,PNGr121,Hela,95.9,96,96,95.8,95.7,95.8,95.1,94.4,93.9,93.3,92.2,91.6,91.1,90.5,89.7,89.2,88.9,88.5,88.1,87.6,85.2,85.5,84.9,84.7
"Papua New Guinea",Asia/Pacific,PNG,Subnat,PNGr122,Jiwaka,92,92.1,92.1,91.8,91.7,91.8,91.1,90.2,89.2,88.1,86.6,85.9,85.1,84.4,83.3,82.8,82.8,81.8,81.5,80.4,78.3,78.5,78,78.6
"Papua New Guinea",Asia/Pacific,PNG,Subnat,PNGr113,Madang,91.9,91.8,91.8,91.6,91.5,91.4,90.7,89.8,88.9,87.9,86.6,85.7,84.9,84.2,83.1,82.5,82.2,81.6,81.1,80.4,78.1,77.9,77.3,77.8
"Papua New Guinea",Asia/Pacific,PNG,Subnat,PNGr116,Manus,85.6,85.5,85.5,85.2,85,84.9,84.2,83,81.5,80,78.1,77,76,75,73.7,73,72.9,71.8,71.4,70.1,68.1,67.5,66.9,68.4
"Papua New Guinea",Asia/Pacific,PNG,Subnat,PNGr105,"Milne Bay",88.2,88.1,88.1,87.9,87.8,87.7,87,86.1,85.3,84.4,83.1,82.4,81.6,80.9,79.9,79.3,79.2,78.4,78,77.2,75.1,74.8,74.2,74.4
"Papua New Guinea",Asia/Pacific,PNG,Subnat,PNGr112,Morobe,82.8,82.8,82.8,82.5,82.3,82.3,81.6,80.4,79.2,77.8,76,75.3,74.3,73.4,72.2,71.4,71.7,70.3,69.9,68.4,66.6,66.9,66.4,67.2
"Papua New Guinea",Asia/Pacific,PNG,Subnat,PNGr104,"National Capital District",61.3,61.2,61.1,60.7,60.3,60,59.9,57.3,55.2,52.5,50.1,48.6,47.3,46,44.2,43.2,44.6,41.7,41.4,40.2,38.6,40.5,39.5,41.8
"Papua New Guinea",Asia/Pacific,PNG,Subnat,PNGr117,"New Ireland",90.3,90.2,90.2,89.9,89.7,89.7,88.9,87.9,86.7,85.5,83.9,82.8,81.9,81,79.9,79.2,79,78.1,77.6,76.7,74.6,74.2,73.5,74.5
"Papua New Guinea",Asia/Pacific,PNG,Subnat,PNGr106,"Northern, Oro",89.4,89.4,89.4,89.1,89,89,88.3,87.4,86.6,85.8,84.4,83.8,83.1,82.4,81.4,80.8,80.8,79.9,79.6,78.6,76.5,76.8,76.2,76.3
"Papua New Guinea",Asia/Pacific,PNG,Subnat,PNGr107,"Southern Highlands",94.9,95,95.1,94.9,94.8,94.9,94.2,93.5,92.8,92.2,91,90.4,89.7,89.1,88.3,87.8,87.7,87.1,86.7,86.1,83.7,84.1,83.5,83.5
"Papua New Guinea",Asia/Pacific,PNG,Subnat,PNGr119,"West New Britain",85.7,85.6,85.5,85.3,85.1,85,84.4,83.2,82.1,80.8,79.1,78.4,77.5,76.6,75.4,74.7,74.9,73.6,73.3,72,70.1,70.5,70,70.5
"Papua New Guinea",Asia/Pacific,PNG,Subnat,PNGr115,"West Sepik, Sandaun",92.6,92.6,92.6,92.3,92.2,92.2,91.6,90.8,90,89.3,88.1,87.5,86.8,86.1,85.2,84.6,84.5,83.8,83.4,82.5,80.3,80.3,79.8,79.8
"Papua New Guinea",Asia/Pacific,PNG,Subnat,PNGr101,Western,89.3,89.3,89.3,89,88.9,88.9,88.2,87.4,86.6,85.8,84.6,83.9,83.2,82.5,81.6,81,80.9,80.1,79.7,78.9,76.8,76.5,76,76
"Papua New Guinea",Asia/Pacific,PNG,Subnat,PNGr109,"Western Highlands",89.1,89.2,89.2,88.9,88.8,88.8,88.1,87.1,85.9,84.7,83,82.1,81.2,80.4,79.3,78.6,78.6,77.6,77.2,76.1,74,74,73.4,74.4
Paraguay,America,PRY,National,PRYt,Total,59.5,57.9,57.7,55.8,54.6,53.6,51.7,48.7,46.2,46.3,44.9,42.9,41.8,40.3,39.6,38.8,38.5,37.9,37.5,36.9,37,38.3,37,36.2
Paraguay,America,PRY,Subnat,PRYr105,"Central (Asuncion, Central)",49.1,47.1,45.9,45.5,45.4,45.2,43.5,40.7,38.1,38.4,37,35.2,34.5,33.3,32.7,32.2,32,31.6,31.2,30.5,30.6,31.9,31,30.2
Paraguay,America,PRY,Subnat,PRYr102,"North-East (Caaguazu, Alto Parana, Canideyu)",63.7,62.4,62.5,60.3,58.8,57.6,56,52.9,50.3,50.4,49.2,46.9,45.6,44.3,43.8,43,42.6,42,41.5,40.9,41,42,40.8,40.3
Paraguay,America,PRY,Subnat,PRYr101,"North-West (Boqueron, Alto Paraguay, Presidente Hayes, Conception, Amambay, San pedro, Cordillera)",66.4,65.1,65.8,63.6,62.1,60.9,59.3,56.6,53.9,53.8,52.4,49.8,48,46.4,45.6,45,44.9,44.2,43.6,43,43.1,43.4,42.2,42.4
Paraguay,America,PRY,Subnat,PRYr104,"South-East (Guaira, Misiones, Paraguari, Neembucu)",64.9,63.6,64,61.4,59.6,57.9,55.4,51.6,49.1,49.3,48,46.3,45.8,44.3,43.5,42.6,42.3,41.8,41.5,41.1,41.2,42.2,40.9,40.5
Paraguay,America,PRY,Subnat,PRYr103,"South-West (Caazapa, Itapua)",67.1,65.7,66.4,63.8,62.1,60.6,58.2,54.9,52.6,52.4,51,48.7,47.4,45.9,45.1,44.2,43.9,43.4,43,42.4,42.5,43.3,42.2,42
Peru,America,PER,National,PERt,Total,57.5,57.1,55.6,55,54.4,54.2,52.1,49.3,47.1,45.8,43.2,41.5,41.5,40.8,39.8,38.8,37.5,36.8,36.2,35.5,36.7,36.4,35,34.7
Peru,America,PER,Subnat,PERr106,"Central (Huancavelica, Huanuco, Junin, Pasco)",67.8,67.7,66.4,66.1,65.9,65.3,63,60.8,58.9,56.2,52.1,49.9,49.5,49,47.6,46.8,45.8,45.1,44.5,43.7,45.1,44.7,43.2,42.9
Peru,America,PER,Subnat,PERr103,"East (Madre de Dios, Cusco, Puno, Apurimac)",70.3,70.7,68.7,67.7,66.8,65.7,62.9,61.4,60.1,57.6,55,52.8,51.8,51.2,49.9,49.1,48.1,47.4,46.8,46.1,47.7,47.2,45.8,45.5
Peru,America,PER,Subnat,PERr101,"North (Tumbes, Piura, Lambayeque, Cajamarca, La Libertad)",62,61,59.2,58.3,57.4,58.1,57.2,53.8,50.9,48.3,45,44,44.4,43.8,42.7,41.8,40.6,39.8,39.3,38.5,39.8,39.4,38,37.7
Peru,America,PER,Subnat,PERr102,"North East (Amazonas, Loreto, San Martin, Ucayali)",66.5,65.8,64.2,63.5,63,62.9,61,57.8,54.8,54.5,52,50.7,49.1,48.9,48.2,47.1,45.8,44.9,44.5,43.7,45.2,44.7,43.3,42.9
Peru,America,PER,Subnat,PERr104,"South (Tacna, Moquegua, Arequipa, Ica, Ayacucho)",53.9,53.3,51.8,51.3,50.6,50.7,48.9,45.9,43.4,43.2,40.9,38.9,39.9,39.3,38.5,37.4,36,35.5,35,34.3,35.3,35.4,34,33.5
Peru,America,PER,Subnat,PERr105,"West (Ancash, Lima, Callao)",46.7,46.2,44.9,44.6,43.8,43.2,40.4,37.2,35,35.5,34,33.2,32.8,32,31.3,30.9,30.2,30,29.4,28.6,29.4,29.7,28.3,27.8
Philippines,Asia/Pacific,PHL,National,PHLt,Total,61.1,59.3,58.9,57.6,55.5,55.4,55.3,53.5,52.4,51.5,50.5,49.1,48.1,47.5,46.1,45.7,45.1,44.6,43,42.2,42,42.3,40.4,40.4
Philippines,Asia/Pacific,PHL,Subnat,PHLr117,ARMM,78.4,76.9,76.5,75.4,74.5,74.5,75.2,74.1,73.7,73.3,73.2,72.9,72.7,72.4,69,66.8,64.1,61.8,59.3,58,57.1,56.8,54,53.7
Philippines,Asia/Pacific,PHL,Subnat,PHLr102,"Cordillera Admin Region",60.9,58.9,58.3,56.8,54.4,54.2,53.8,51.6,50.5,49.3,48.2,46.8,45.7,44.7,43.7,43.8,43.6,43.5,42.4,42,42.1,42.6,41,40.8
Philippines,Asia/Pacific,PHL,Subnat,PHLr103,I-Ilocos,59.4,57.6,57.2,55.9,54.3,55,55.5,54.2,53.7,53.3,52.7,51.9,51.4,51.3,49.4,48.5,47.3,46.3,44.6,43.6,43.1,43.2,40.9,41
Philippines,Asia/Pacific,PHL,Subnat,PHLr104,"II-Cagayan Valley",69.6,67.9,67.5,66.4,63.5,62.4,61.4,58.6,56.6,56,55.5,54.6,54,53.5,52.1,51.8,51,50.5,49.2,48.6,48.5,49,47.4,47.4
Philippines,Asia/Pacific,PHL,Subnat,PHLr105,"III-Central Luzon",55.3,53.2,52.6,51.2,49.7,50.1,50.5,49,48.5,47.5,46.3,44.8,43.7,43.1,41.9,41.7,41.3,41.1,39.9,39.5,39.6,40.2,38.6,38.2
Philippines,Asia/Pacific,PHL,Subnat,PHLr106,IVA-CALABARZON,52.4,50.3,49.7,48.1,46.6,46.7,46.8,45.3,44.6,43.9,43.1,41.8,41,40.8,40.3,40.8,41,41.3,40.3,39.7,39.7,40.1,38.4,38.1
Philippines,Asia/Pacific,PHL,Subnat,PHLr107,IVB-MIMAROPA,71.9,70.3,70,68.9,67.5,67.2,67.3,65.7,64.9,63.6,62.4,60.8,59.5,58.3,55.5,53.6,51.4,49.5,47.8,46.9,46.7,46.8,44.7,44.7
Philippines,Asia/Pacific,PHL,Subnat,PHLr112,"IX-Zamboanga Peninsula",71.2,69.6,69.3,68.2,65.5,63.9,62.8,59.9,57.7,57,56.3,55.4,54.6,54.2,52.9,52.8,52.2,51.8,49.7,48.5,47.9,47.6,45.1,45
Philippines,Asia/Pacific,PHL,Subnat,PHLr101,"National Capital Region",46.8,43.9,42.7,40.2,39.1,38.9,39.1,37.3,36.6,36,35.4,34.3,34,33.6,32.9,33,32.7,32.3,32.1,32,32.4,33.3,31.7,31.5
Philippines,Asia/Pacific,PHL,Subnat,PHLr108,V-Bicol,72.3,70.4,69.8,68.5,66.3,65.5,65.1,62.9,61.5,60.4,59.3,58,56.9,56.1,54.6,54,53.3,52.7,50.5,49,48.2,47.8,45.1,45.1
Philippines,Asia/Pacific,PHL,Subnat,PHLr109,"VI-Western Visayas",71.2,69.2,68.4,67,64.1,62.9,61.8,59,56.9,56.3,55.6,54.6,54,53.6,51.5,50.5,49.2,48.1,46.5,45.7,45.5,45.8,44,44
Philippines,Asia/Pacific,PHL,Subnat,PHLr110,"VII-Central Visayas",62.1,60.5,60.2,59.3,57.1,56.8,56.6,54.7,53.5,52.7,51.9,50.8,50,49.6,48.1,47.6,46.9,46.3,45,44.6,44.6,45.3,43.8,43.7
Philippines,Asia/Pacific,PHL,Subnat,PHLr111,"VIII-Eastern Visayas",74.3,72.7,72.3,71.3,69.1,68.2,67.6,65.4,63.9,62.3,60.7,58.8,57.1,55.6,54.3,54,53.4,52.9,50.7,49.4,48.4,48.1,45.7,45.6
Philippines,Asia/Pacific,PHL,Subnat,PHLr113,"X-Northern Mindanao",64.4,63.1,63,62.1,60,59.6,59.3,57.4,56.2,55.6,54.9,53.9,53.2,52.7,50.9,50,48.8,47.8,45.5,44,43.6,43.7,41.7,41.7
Philippines,Asia/Pacific,PHL,Subnat,PHLr114,XI-Davao,63.5,61.6,61,59.6,58.7,59.6,60.6,59.9,59.9,58.1,56.3,54.2,52.4,50.7,49.1,48.4,47.4,46.6,44.3,42.9,42.3,42.4,40.3,40.3
Philippines,Asia/Pacific,PHL,Subnat,PHLr115,XII-SOCCSKSARGEN,73,70.7,69.7,68,66.4,66.3,66.5,64.9,64,61.8,59.6,57.1,54.8,52.6,52.1,52.7,53,53.3,50.4,48.3,46.7,45.6,42.9,42.7
Philippines,Asia/Pacific,PHL,Subnat,PHLr116,XIII-Caraga,67.9,66.2,65.6,64.4,63,63,63.5,62,61.5,60,58.5,56.8,55.3,54.1,52.3,51.8,50.8,50,47.9,46.5,45.7,45.4,43,42.9
Rwanda,Africa,RWA,National,RWAt,Total,99,97.2,95.3,93.6,91.7,91,89.1,87.6,86.6,84.2,82.9,81.5,79.4,78.2,76.6,75.3,74.5,74.4,72.7,71.4,70.3,70,69.4,67
Rwanda,Africa,RWA,Subnat,RWAr101,"City of Kigali",75.9,76.1,74.2,72.2,70.6,72.1,67.7,64.4,65,55.9,55.1,55,52.5,53.6,52.5,52,51.1,51,50,48.5,48.3,47.5,46.7,46.2
Rwanda,Africa,RWA,Subnat,RWAr105,East,98.6,97.2,95.9,94.6,93.3,92.8,91.6,90.3,89,87.3,85.8,84.3,82.2,80.9,79.5,78.2,77.3,77,75.2,73.8,72.6,72.3,71.8,69.4
Rwanda,Africa,RWA,Subnat,RWAr104,North,100,99.6,97.8,96,94.3,93.5,92,90.6,89.4,87.7,86.3,84.7,82.5,81.1,79.4,77.9,77.5,77.7,76.3,75.4,74.5,74.4,73.8,71.8
Rwanda,Africa,RWA,Subnat,RWAr102,South,99.3,97.4,95.5,93.7,91.9,90.9,89.7,88.6,87.6,86.3,85.2,84.1,82.5,81.4,80.3,79.3,78.7,78.6,77,75.9,74.9,74.7,74.2,72.2
Rwanda,Africa,RWA,Subnat,RWAr103,West,100,99.2,97.4,95.7,94,93.3,91.8,90.4,89.4,87.5,86.3,84.7,82.5,81.1,79.5,78.1,77.4,77.4,75.8,74.6,73.6,73.3,72.8,70.4
"Saint Lucia",America,LCA,National,LCAt,Total,51.2,53.3,52.2,47.8,47.1,44.9,44.6,42.8,41.2,40,39.8,38.4,38.6,38.5,39.7,39.8,39.3,38.8,38.3,40.1,40.5,40.5,38.7,38.6
"Saint Lucia",America,LCA,Subnat,LCAr102,"St Lucia rural",53.7,55.8,54.6,50.1,49.3,47,46.6,44.7,43,41.7,41.4,40.1,40.3,40.1,41.4,41.5,41,40.5,40,41.8,42.3,42.2,40.6,40.5
"Saint Lucia",America,LCA,Subnat,LCAr101,"St Lucia urban",45.4,47.1,45.8,41.3,40.5,38.4,37.9,35.9,34.3,33,32.7,31.3,31.5,31.3,32.4,32.4,31.9,31.4,30.8,32.5,33,33,31.2,31.2
Samoa,Asia/Pacific,WSM,National,WSMt,Total,56,55.9,55.7,54.9,54.8,53.8,52.3,51.1,50.6,51.5,50.8,50.6,49.2,49.3,48.4,47.8,46.5,46.7,48,48.8,49.1,49.5,46.8,47
Samoa,Asia/Pacific,WSM,Subnat,WSMr101,"Apia Urban Area",45.8,45.8,45.6,44.9,44.9,43.9,42.4,41.3,40.9,41.7,41.2,41.1,39.5,39.6,38.6,38,36.6,36.7,38.1,38.9,39.2,39.4,36.6,37
Samoa,Asia/Pacific,WSM,Subnat,WSMr102,"North West Upolu",57.9,57.9,57.7,57,56.9,55.9,54.4,53.2,52.7,53.6,53,52.9,51.3,51.4,50.4,49.8,48.4,48.5,49.9,50.8,51.1,51.3,48.5,48.8
Samoa,Asia/Pacific,WSM,Subnat,WSMr103,"Rest of Upolu",57.2,57.1,56.9,56.2,56.2,55.2,53.7,52.5,52.1,52.9,52.3,52.2,50.6,50.7,49.7,49.1,47.8,47.9,49.3,50.1,50.5,50.7,47.8,48.2
Samoa,Asia/Pacific,WSM,Subnat,WSMr104,Savaii,57.7,57.7,57.5,56.8,56.8,55.9,54.4,53.5,53,53.9,53.3,53.2,51.5,51.6,50.7,50.1,48.9,48.9,50.2,51,51.3,51.5,48.9,49.2
"Sao Tome & Principe",Africa,STP,National,STPt,Total,73.3,73.1,70.8,70.6,70.3,70,69,68,66.9,65.7,64.3,63.1,62.8,61.6,60.6,58,57.3,56.2,56.4,55.4,54.5,53.5,52.8,53.7
"Sao Tome & Principe",Africa,STP,Subnat,STPr101,"Regiao Centro",82.4,79.8,75.4,73.5,71.6,70.1,67.9,65.6,63.2,60.6,59.4,58.6,58.7,57.7,57,54.2,53.7,52.7,53.1,52.1,51.2,50.1,49.4,50.5
"Sao Tome & Principe",Africa,STP,Subnat,STPr104,"Regiao do Principe",77.5,77.6,75.4,75.5,75.3,74,73.2,72.3,71,69.5,67.8,66.6,66.1,64.6,63.4,60.8,60.1,58.9,59.2,58.1,57.2,56.2,55.6,56.7
"Sao Tome & Principe",Africa,STP,Subnat,STPr103,"Regiao Norte",87.2,85.9,82.4,81.5,80.7,79.4,78,76.8,75.6,74.3,72.9,71.5,70.9,69.6,68.5,65.6,64.3,62.5,61.9,60.3,59.4,58.4,57.8,58.4
"Sao Tome & Principe",Africa,STP,Subnat,STPr102,"Regiao Sul",71.4,71.8,70.6,71.5,72.2,72.7,72.7,72.7,72.8,72.7,71.6,70.6,70.2,69.1,68.3,65.8,64.7,63.2,63,61.7,60.8,60,59.3,59.9
Senegal,Africa,SEN,National,SENt,Total,86,85.2,84,83.1,82.5,80.6,79,78.4,76.3,74.6,72.9,70.9,69,67.2,65.6,64.5,62.9,62.7,60.7,59.9,59.1,58.1,56.9,55.5
Senegal,Africa,SEN,Subnat,SENr101,Dakar,65.1,64.2,63.3,61.9,61.5,58.6,57,57.1,54.9,53.1,51.3,49.7,47.8,47.7,48.2,44.6,43.3,44.1,42.8,42.7,43.2,42.9,42.4,41.7
Senegal,Africa,SEN,Subnat,SENr103,Diourbel,92.1,91.3,90.1,89.1,88.4,86.8,84.8,83.6,81.1,78.9,76.8,74.5,76.2,76,75.7,72.1,70.8,71.9,69.8,67.3,65.1,63.1,60.7,58.1
Senegal,Africa,SEN,Subnat,SENr109,Fatick,99.1,98.5,97.5,97.2,96.6,93.9,92.6,91.9,90.1,88.6,87,85.1,76.1,77.9,79.7,74.6,73.3,71.3,69.3,68.4,67.2,66.1,64.7,63.8
Senegal,Africa,SEN,Subnat,SENr106,Kaolack,96.3,95.6,94.3,93.6,92.7,91.8,90.2,89.2,87.1,85.5,83.7,81.7,77.7,77.4,77.2,74.6,73.2,72.6,75.7,68,67,65.9,64.4,62.9
Senegal,Africa,SEN,Subnat,SENr110,Kolda,100,100,99,98.9,98.2,99,97.9,97.2,95.5,94.2,92.8,91,88.6,87.5,86.7,83.6,82.1,81.6,81,79,77.7,76.6,74.9,73.4
Senegal,Africa,SEN,Subnat,SENr108,Louga,95.7,95,93.5,92.8,91.9,89.3,87.5,86.5,84,81.9,79.8,77.3,76.2,72.5,69,75.6,74,69,66.7,65.3,64.3,63.3,61.9,60.7
Senegal,Africa,SEN,Subnat,SENr104,"Saint Louis",92.8,92,90.8,90,89.3,85.9,84,83.1,80.7,78.6,76.6,74.1,70.3,68.1,66.1,68.9,67.1,66.2,69.8,64.5,63.5,62.5,61.2,60.1
Senegal,Africa,SEN,Subnat,SENr105,Tambacounda,98.1,97.5,96.5,96,95.1,94.8,94,93.6,92,90.8,89.6,87.8,88.2,86.2,84.2,81.5,79.9,77.6,81,70.3,70.4,70.4,70,69.7
Senegal,Africa,SEN,Subnat,SENr107,Thies,84.6,83.8,82.6,81.6,81,78.3,76.5,75.9,73.6,71.8,70,68,69.2,63.2,57.8,57.9,56.3,59.9,56.1,54,53,52,51,50
Senegal,Africa,SEN,Subnat,SENr102,Ziguinchor,92,91.4,90.4,90.2,89.4,87.9,85.6,83.9,81,78.4,75.7,72.8,70.3,69.1,68.2,67.5,65.6,65.8,63.5,60.6,60.9,60.9,60.7,60.6
"Sierra Leone",Africa,SLE,National,SLEt,Total,99.3,98.5,97.4,96.7,94.8,94.9,93.5,92.3,91.5,90.4,88.8,87.8,87,84.5,82.6,81.2,79.6,78.2,76.9,76.7,75.9,74.2,72.9,72
"Sierra Leone",Africa,SLE,Subnat,SLEr114,"Western Urban",77.8,76.4,74.7,73.4,68.4,69.7,67.2,65.1,63.7,62.3,60.5,58.9,57.4,55.2,53.8,54.4,54.2,53.2,50.9,51.6,50.7,50.2,49.6,49.4
"Sierra Leone",Africa,SLE,Subnat,SLEr113,"Western Rural",94.4,93.4,92.2,91.3,88.7,88.4,86.3,84.6,83.2,82.1,79.2,78.1,77.2,72.8,71.4,71.3,70.6,70,67,65.4,64.5,63.7,62.8,61.8
"Sierra Leone",Africa,SLE,Subnat,SLEr109,Bo,99.7,98.9,97.9,97.6,95.8,96,94.5,93.4,92.7,91.7,90.4,89.5,88.8,86.7,85,83.8,82.4,81.1,80.2,80.4,79.6,78.1,77,76.3
"Sierra Leone",Africa,SLE,Subnat,SLEr101,Bombali,100,100,99.4,98.4,96.9,96.9,95.5,94.4,93.6,92.7,91,90.1,89.4,86.9,85.2,83.9,82.5,81,80,80.2,79.4,77.7,76.6,75.8
"Sierra Leone",Africa,SLE,Subnat,SLEr110,Bonthe,100,100,99.4,98.2,96.9,96.8,95.4,94.5,93.7,93,91.5,90.9,90.5,88.3,87.5,86.9,86,85.4,83.6,82.7,82.2,80.7,79.8,79.4
"Sierra Leone",Africa,SLE,Subnat,SLEr106,Kailahun,100,100,100,100,100,100,99.7,98.8,98.1,97.4,96.1,95.4,94.9,93.2,91.5,90,88.1,86.6,85.1,84.3,83.5,82.1,81.1,80.2
"Sierra Leone",Africa,SLE,Subnat,SLEr102,Kambia,100,100,100,100,100,100,100,100,100,100,100,99,97.8,94.5,92.8,91.4,89.7,88.4,85.5,83.5,83,81.1,80.2,79.9
"Sierra Leone",Africa,SLE,Subnat,SLEr107,Kenema,99.6,98.8,97.8,96.2,94.4,94.6,93.2,92.1,91.3,90.3,88.8,87.8,87,84.7,83.3,82.4,81.2,80.1,79.4,79.6,78.9,77.3,76.2,75.5
"Sierra Leone",Africa,SLE,Subnat,SLEr103,Koinadugu,100,100,100,100,100,100,100,100,100,100,99.8,98.9,98.1,96.3,94.6,93.1,91.2,89.6,86.2,83.8,83.4,81.9,81,80.7
"Sierra Leone",Africa,SLE,Subnat,SLEr108,Kono,100,100,100,100,98.8,98.6,97.3,96.3,95.6,95,93.7,93.2,92.8,91,89.6,88.5,86.9,85.7,83.7,82.6,82,80.5,79.4,78.8
"Sierra Leone",Africa,SLE,Subnat,SLEr111,Moyamba,100,100,100,100,99.9,99.7,98.4,97.4,96.7,96.3,95.2,94.8,94.6,92.9,91.8,90.9,89.6,88.6,87.1,86.4,85.9,84.6,83.8,83.5
"Sierra Leone",Africa,SLE,Subnat,SLEr104,"Port Loko",100,100,100,100,100,100,100,100,99.2,98.1,96.1,95,94.2,91.1,89.3,87.7,86.1,84.8,83.9,83.9,83.1,81.7,80.6,80
"Sierra Leone",Africa,SLE,Subnat,SLEr112,Pujehun,100,100,100,100,100,100,99.9,98.9,98.3,97.1,95.2,94.3,93.7,90.9,90.3,89.9,89.1,88.7,87.3,86.6,86.1,84.9,84.1,83.8
"Sierra Leone",Africa,SLE,Subnat,SLEr105,Tonkolili,100,100,100,100,100,100,100,100,100,100,97.9,96.7,95.7,92.7,92.3,92.2,91.7,91.5,87.2,84.1,83.6,82.1,81.2,80.8
Somalia,Africa,SOM,National,SOMt,Total,100,,,,,,,100,100,100,98,100,95.2,91.4,90.6,89.6,88.8,89.1,87.6,86.4,86.1,86.7,87.4,85
Somalia,Africa,SOM,Subnat,SOMr102,Awdal,94.9,,,,,,,95.7,96.7,97.7,97.4,100,96.3,93.1,92.4,91.5,90.8,91.2,89.7,88.4,87.8,88.7,87.6,85
Somalia,Africa,SOM,Subnat,SOMr109,Bakool,100,,,,,,,100,100,100,100,100,100,100,100,100,100,100,100,100,100,100,100,100
Somalia,Africa,SOM,Subnat,SOMr116,Banadir,85.3,,,,,,,86.1,87.2,88.2,86.8,92.1,87.6,86.7,86.1,85.3,85.1,85.6,84.3,83.3,82.9,83.6,82.1,79.7
Somalia,Africa,SOM,Subnat,SOMr108,Bari,94.3,,,,,,,95,95.8,96.7,95,98.4,93.3,89,88.3,87.2,86.2,86.8,85.4,84.5,84.2,84.8,84.2,82.1
Somalia,Africa,SOM,Subnat,SOMr110,Bay,100,,,,,,,100,100,100,100,100,100,100,100,100,100,100,100,100,100,100,100,100
Somalia,Africa,SOM,Subnat,SOMr117,Galguduud,100,,,,,,,100,100,100,100,100,100,100,100,100,100,100,100,100,100,100,100,100
Somalia,Africa,SOM,Subnat,SOMr111,Gedo,100,,,,,,,100,100,100,100,100,100,100,100,100,100,100,100,100,100,100,100,100
Somalia,Africa,SOM,Subnat,SOMr113,Hiran,100,,,,,,,100,100,100,100,100,100,100,100,100,100,100,100,100,100,100,100,100
Somalia,Africa,SOM,Subnat,SOMr118,"Lower Juba",100,,,,,,,100,100,100,100,100,100,100,100,100,100,100,100,100,100,100,100,100
Somalia,Africa,SOM,Subnat,SOMr115,"Lower Shabelle",100,,,,,,,100,100,100,100,100,100,100,100,100,100,100,100,100,100,100,100,100
Somalia,Africa,SOM,Subnat,SOMr112,"Middle Juba",100,,,,,,,100,100,100,100,100,100,100,100,100,100,100,100,100,100,100,100,100
Somalia,Africa,SOM,Subnat,SOMr114,"Middle Shabelle",100,,,,,,,100,100,100,100,100,100,100,100,100,100,100,100,100,100,100,100,100
Somalia,Africa,SOM,Subnat,SOMr106,Mudug,100,,,,,,,100,100,100,100,100,98.5,94.4,93.7,92.6,91.7,92,90.5,89.6,89.2,89.8,88,85.9
Somalia,Africa,SOM,Subnat,SOMr107,Nugal,100,,,,,,,100,100,100,100,100,97.5,93.6,93,92,91.3,91.4,90.1,89.1,89,89.6,87.4,85.3
Somalia,Africa,SOM,Subnat,SOMr103,Sanaag,100,,,,,,,100,100,100,100,100,100,100,100,100,100,100,100,100,100,100,100,100
Somalia,Africa,SOM,Subnat,SOMr104,Sool,100,,,,,,,100,100,100,100,100,100,100,100,100,100,100,100,100,100,100,100,99.1
Somalia,Africa,SOM,Subnat,SOMr105,Togdhere,100,,,,,,,100,100,100,100,100,100,100,100,100,100,100,99.2,98,97.5,98.5,97.3,94.7
Somalia,Africa,SOM,Subnat,SOMr101,"W Galbeed",87.1,,,,,,,88,88.6,89.2,89.2,92.5,87.1,82.2,81.4,80.2,79.8,80.5,79.1,77.8,77.6,78.1,78.8,77
"South Africa",Africa,ZAF,National,ZAFt,Total,60.1,60.4,58.8,58.2,57.1,55,53.3,51.8,50.9,49.9,48.4,45.7,44.7,44,43.5,43.5,42.9,42.9,42.6,42,42.1,42,40.8,40.4
"South Africa",Africa,ZAF,Subnat,ZAFr102,"Eastern Cape",70.2,70.5,69,68.5,67.3,65.6,63.7,61.8,60.4,59.3,57.8,55.2,54,53.7,52.7,52.7,52,52.1,52,51.3,51.4,51.3,50,49.5
"South Africa",Africa,ZAF,Subnat,ZAFr104,"Free State",56.4,56.6,55,54.4,53.2,51.3,49.7,48.4,47.7,46.5,44.9,42,40.8,40.1,40,39.8,39,38.9,38.6,38.1,38.3,38.2,37,36.5
"South Africa",Africa,ZAF,Subnat,ZAFr107,Gauteng,49.5,49.9,48.2,47.7,46.7,44.5,43,41.6,40.8,39.8,38.4,36.1,35.9,35.8,36,36.5,36.4,36.4,36,35.5,35.8,35.7,34.6,34.3
"South Africa",Africa,ZAF,Subnat,ZAFr105,"KwaZulu Natal",66,66.2,64.8,64.1,62.9,60.9,59.1,57.5,56.5,55.6,54.2,51.7,50.5,48.3,47.2,46.8,45.7,45.7,45.5,44.8,44.8,44.7,43.5,43.1
"South Africa",Africa,ZAF,Subnat,ZAFr108,Mpumalanga,63.3,63.6,62.1,61.5,60.3,58.3,56.5,54.9,53.9,52.8,51.2,48.3,47.9,47.9,47.4,47.9,47.8,47.8,47.7,47.2,47.5,47.5,46.3,45.9
"South Africa",Africa,ZAF,Subnat,ZAFr106,"North West",63,63.3,61.9,61.4,60.2,58.4,56.7,55.5,55.1,54.1,52.6,49.9,48.8,48.2,47.1,47.2,46.7,46.8,46.7,45.8,45.7,45.4,44.1,43.7
"South Africa",Africa,ZAF,Subnat,ZAFr103,"Northern Cape",59.9,60.2,58.8,58.3,57.2,55.5,54,52.4,51.4,50.4,48.9,46.4,45,44.7,43.8,43.5,42.5,42.5,42.3,41.6,41.7,41.6,40.4,40
"South Africa",Africa,ZAF,Subnat,ZAFr109,"Northern Province",71.9,72,70.4,69.7,68.4,66.3,64.4,62.8,62,60.9,59.4,56.7,55.6,54.1,53.3,53.1,52.4,52.5,52.3,51.8,52,52,50.9,50.4
"South Africa",Africa,ZAF,Subnat,ZAFr101,"Western Cape",50.3,50.6,49,48.5,47.4,45.4,44,42.5,41.7,40.8,39.4,36.6,35.5,34.9,34.2,33.7,32.7,32.5,32.2,31.7,32.1,32.1,31.1,30.8
"South Sudan",Africa,SSD,National,SSDt,Total,90.9,,,,,,,,,,,90.6,90.4,90.8,97.7,100,100,100,98.4,94.9,93.8,93.2,91,90.8
"South Sudan",Africa,SSD,Subnat,SSDr109,"Central Equatoria",80.2,,,,,,,,,,,79.4,78.5,78.2,84.6,86.6,86.8,86.7,85.4,81.8,80,78.8,74.9,75.2
"South Sudan",Africa,SSD,Subnat,SSDr110,"Eastern Equatoria",91.9,,,,,,,,,,,91.8,91.7,92.3,99.3,100,100,100,99.9,96.6,95.5,95.1,93.5,93.1
"South Sudan",Africa,SSD,Subnat,SSDr102,Jonglei,97.2,,,,,,,,,,,97.1,97.1,97.6,100,100,100,100,100,100,100,100,99,98.7
"South Sudan",Africa,SSD,Subnat,SSDr107,Lakes,95.7,,,,,,,,,,,95.5,95.2,95.7,100,100,100,100,100,100,99.1,98.6,96.3,96
"South Sudan",Africa,SSD,Subnat,SSDr105,"Northern Bahr El Ghazal",99.1,,,,,,,,,,,99,98.9,99.5,100,100,100,100,100,100,100,100,100,100
"South Sudan",Africa,SSD,Subnat,SSDr103,Unity,97.8,,,,,,,,,,,97.5,97.2,97.7,100,100,100,100,100,100,100,100,98,97.6
"South Sudan",Africa,SSD,Subnat,SSDr101,"Upper Nile",87.5,,,,,,,,,,,86.8,86.1,86.1,92.8,94.9,95,95,93.7,90,88.4,87.4,83.6,84.1
"South Sudan",Africa,SSD,Subnat,SSDr104,Warrap,98,,,,,,,,,,,98,97.9,98.4,100,100,100,100,100,100,100,100,99.6,99.5
"South Sudan",Africa,SSD,Subnat,SSDr106,"Western Bahr El Ghazal",86,,,,,,,,,,,85.3,84.8,84.8,91.5,93.6,93.6,93.7,91.7,88.2,86.6,85.8,82.7,83.4
"South Sudan",Africa,SSD,Subnat,SSDr108,"Western Equatoria",85.8,,,,,,,,,,,85.6,85.3,85.7,92.5,94.7,94.8,94.6,93.1,89.7,88.6,88,85.8,85.5
Sudan,Africa,SDN,National,SDNt,Total,88.9,87.8,87.4,87.9,87.8,87.5,85.3,84,84.2,82.1,80,77.9,77,76.4,75.7,75,74.6,73.7,72.8,71.9,71.5,71.7,73.3,71.3
Sudan,Africa,SDN,Subnat,SDNr105,"Al Gedarif",91.2,90.3,90.2,90.9,91,91,89.1,88.1,89,86.8,84.6,82.8,82.1,82,81.7,81.2,80.9,80.1,79.3,78.4,78.2,78.6,80.4,78.2
Sudan,Africa,SDN,Subnat,SDNr107,"Al Gezira",82.8,81.4,81.3,81.9,82.1,81.9,79.6,78.2,78.5,75.8,73.2,70.7,69.6,69.2,68.7,68,67.4,66.3,65.3,64,63.4,63.6,65.2,63.7
Sudan,Africa,SDN,Subnat,SDNr110,"Blue Nile",93.6,93.2,93.2,94,94.4,94.6,93,92.5,93.9,91.8,89.4,85.6,82.6,80.3,77.9,77.3,77,76,75.2,74.1,73.6,74,75.6,73.6
Sudan,Africa,SDN,Subnat,SDNr104,Kassala,96.1,94.4,93.5,93.4,92.8,92,89.4,87.8,87.1,85.1,82.7,81.1,80.2,79.7,79.1,78.6,78.2,77.4,76.6,75.8,75.6,75.9,77.5,75.5
Sudan,Africa,SDN,Subnat,SDNr106,Khartoum,83.9,81.3,79.6,78.8,77.3,75.4,70.4,66.4,64.9,62.4,59.8,57.3,56.9,56.5,55.9,54.5,53.9,52.8,51.7,50.7,50.3,50.7,52.1,50.7
Sudan,Africa,SDN,Subnat,SDNr102,"Nahr El Nil",80.2,78.7,78.4,78.9,78.9,78.5,75.9,74,74.2,71.6,68.9,65.7,63.7,62.5,61.1,60.1,59.5,58.4,57.5,56.5,56.1,56.6,58.1,56.6
Sudan,Africa,SDN,Subnat,SDNr113,"North Darfur",94.3,93.9,94.1,95.2,95.9,96.4,95,95,94.8,93.5,92,91,90.9,90.8,90.5,90.1,89.9,89.2,88.5,87.8,87.8,88.2,90.3,88.2
Sudan,Africa,SDN,Subnat,SDNr111,"North Kordofan",88.4,88.3,88.8,90.1,91,91.7,90.8,90.8,91.7,89.6,87.2,84.9,83.5,83.1,82.6,82.7,82.4,81.7,81,80.3,80.2,80.6,82.6,80.6
Sudan,Africa,SDN,Subnat,SDNr101,Northern,80.6,78.7,77.9,78,77.5,76.6,73.2,70.5,70.4,65.8,61.1,58.4,57.7,57.6,57.5,56.5,56.3,55.7,55.1,54.2,53.8,54.4,55.9,54.5
Sudan,Africa,SDN,Subnat,SDNr103,"Red Sea",84.7,84.1,84,84.7,85,85,83.2,82.4,82,80.8,79,76.4,74.3,72.6,70.8,70.2,69.8,69,68.3,67.6,67.3,67.6,69.2,67.2
Sudan,Africa,SDN,Subnat,SDNr109,Sinnar,87.8,86.9,86.9,87.7,88,88.1,86.1,85.1,85.3,83.4,81.5,78.9,77.4,76.4,75.3,74.7,74.2,73.2,72.4,71.3,70.9,71.1,72.7,70.6
Sudan,Africa,SDN,Subnat,SDNr115,"South Darfur",94.5,94,94.2,95.2,95.8,96.2,94.8,94.7,95.6,94.5,93.1,91.8,91.1,90.4,89.5,89.1,88.8,88,87.3,86.5,86.5,86.8,88.8,86.7
Sudan,Africa,SDN,Subnat,SDNr112,"South Kordofan",93,92.5,92.5,93.3,93.7,93.8,92.3,91.8,92.7,92,90.9,89,87.9,87.8,87.5,87.7,87.5,86.7,86.1,85.3,85.2,85.7,87.6,85.6
Sudan,Africa,SDN,Subnat,SDNr114,"West Darfur",94,93.8,94.2,95.5,96.4,97.1,96,96.2,98.8,98.4,97.9,95.5,93.7,91.7,89.7,89.2,88.9,88.1,87.4,86.6,86.5,86.9,88.7,86.7
Sudan,Africa,SDN,Subnat,SDNr108,"White Nile",91.4,89.9,89.1,89.2,88.7,87.9,85.2,83.3,83,79.5,75.9,75.1,75.7,76.9,77.9,77.4,77,76.1,75.3,74.4,74.1,74.4,76.1,74.1
Suriname,America,SUR,National,SURt,Total,47.6,,,,,,46.6,44.9,40.7,40.1,42.1,41.2,40.4,38.4,38.1,38,37.7,37.4,37,36.5,36.1,37.2,35.5,35.3
Suriname,America,SUR,Subnat,SURr105,"Brokopondo and Sipaliwini",86.3,,,,,,86.2,83.6,79.4,77.1,76.5,74.7,73,70.4,68.9,67.7,66.2,65,63.5,62.6,61.5,62.2,60.1,59.9
Suriname,America,SUR,Subnat,SURr104,"Commewijne and Marowijne",52.8,,,,,,51.9,51.2,47.9,48.3,51,49.7,48.5,46.2,45.4,44.9,44.1,43.5,42.6,42,41.5,42.6,41,40.8
Suriname,America,SUR,Subnat,SURr103,"Nickerie, Coronie and Saramacca",48.2,,,,,,47.2,45.6,41.5,40.8,42.8,41.8,41.1,39.2,38.9,38.8,38.6,38.4,37.9,37.5,37.2,38.4,36.8,36.6
Suriname,America,SUR,Subnat,SURr101,Paramaribo,38.6,,,,,,37.1,36,32.9,32.9,34.9,34.3,33.7,32.4,32.4,32.6,32.6,32.6,32.5,32.2,31.9,33.1,31.6,31.4
Suriname,America,SUR,Subnat,SURr102,"Wanica and Para",43.8,,,,,,42.7,41.3,37.2,37.2,39.3,38.4,37.6,35.9,35.5,35.5,35.2,35,34.5,34,33.7,34.8,33.2,33
Syria,Asia/Pacific,SYR,National,SYRt,Total,60.9,59.7,59,57.8,56.6,55.9,53.9,53,52.3,50.9,50,50.4,53.9,55.9,56.4,57,57.5,56.2,55,52.6,52.3,51.6,50.8,51.1
Syria,Asia/Pacific,SYR,Subnat,SYRr102,"Rural Damascus",61,59.8,59.2,57.8,56.5,55.7,53.7,52.7,52,50.5,49.4,49.8,53.2,55.2,55.5,56,56.5,55.1,53.8,51.4,51.2,50.5,49.7,50
Syria,Asia/Pacific,SYR,Subnat,SYRr111,"Al Hasaka",67.5,66.3,65.7,64.7,64,63.5,62.1,61.4,60.5,59.7,59.1,60,64,66.4,67.6,68.7,69.4,68.7,67.9,65.6,65.3,64.7,64.2,64.2
Syria,Asia/Pacific,SYR,Subnat,SYRr106,"Al Latakia",56.5,55.3,54.7,53.3,52,51.2,49.1,48.3,47.6,46,45,45.2,48.6,50.4,50.5,50.9,51.4,50,48.8,46.6,46.6,46,45.3,45.7
Syria,Asia/Pacific,SYR,Subnat,SYRr114,"Al Qunitara - Quneitra",69.3,68.1,67.3,65.9,64.5,63.6,61.4,60.3,59.3,57.7,56.4,56.5,59.1,61,61.1,61,61.9,60.4,59.3,57.2,57.1,56.4,55.5,55.9
Syria,Asia/Pacific,SYR,Subnat,SYRr109,"Al Raka-Raqqa",67.8,66.6,66,65,64.1,63.6,62,61.3,60.4,59.6,58.9,59.6,63.5,65.9,67,68,68.5,67.6,66.5,63.9,63.3,62.5,61.8,61.7
Syria,Asia/Pacific,SYR,Subnat,SYRr112,"Al Swida - Sweida",59.5,58.3,57.6,56.3,54.9,54.1,52,51,50.4,48.7,47.7,47.9,51.2,53.2,53.2,53.7,54.3,52.9,51.7,49.5,49.4,48.8,48.1,48.6
Syria,Asia/Pacific,SYR,Subnat,SYRr101,Damascus,50,49,48.4,47,45.5,44.8,42.7,41.7,41.2,39.4,38.4,38.3,40.4,41.9,41.7,41.3,42.2,41.2,40.6,39.1,39.4,39.1,38.5,39.2
Syria,Asia/Pacific,SYR,Subnat,SYRr113,Daraa,63.3,61.9,61.2,59.9,58.5,57.7,55.6,54.4,53.7,52.2,51.2,51.5,55,57.3,57.8,58.4,58.8,57.4,55.9,53.4,53,52.2,51.3,51.4
Syria,Asia/Pacific,SYR,Subnat,SYRr110,"Der El Zour - Deir Ezzor",67,65.7,65,63.9,62.8,62.1,60.2,59.2,58.4,57.3,56.4,56.9,60.7,63.1,64,64.8,65.2,63.9,62.7,60,59.5,58.6,57.7,57.6
Syria,Asia/Pacific,SYR,Subnat,SYRr107,"Edlab Idleb",67.1,65.8,65.2,64,62.9,62.2,60.3,59.3,58.6,57.5,56.5,57,60.6,63,63.8,64.6,65,63.7,62.4,59.7,59.3,58.4,57.5,57.5
Syria,Asia/Pacific,SYR,Subnat,SYRr108,"Halab - Aleppo",61.4,60.3,59.6,58.4,57.2,56.5,54.7,53.8,53,51.7,50.8,51.2,54.8,56.9,57.4,58,58.5,57.2,55.9,53.5,53.2,52.4,51.6,51.8
Syria,Asia/Pacific,SYR,Subnat,SYRr104,Hamaa,62,60.8,60.2,59,57.8,57,55.1,54.3,53.6,52.3,51.3,51.7,55.1,57.2,57.6,58.3,58.7,57.4,56.2,53.8,53.5,52.7,51.9,52.2
Syria,Asia/Pacific,SYR,Subnat,SYRr103,Homs,59.5,58.3,57.6,56.3,55,54.2,52.3,51.3,50.6,49.1,48.1,48.5,52,54.1,54.4,55,55.5,54.2,52.9,50.5,50.2,49.5,48.7,49
Syria,Asia/Pacific,SYR,Subnat,SYRr105,Tartous,58.4,57.4,56.7,55.5,54.2,53.4,51.5,50.6,50,48.5,47.5,47.7,51,52.8,52.9,53.3,53.8,52.6,51.5,49.3,49.2,48.6,48,48.5
Tajikistan,Asia/Pacific,TJK,National,TJKt,Total,74.2,73.5,72.2,72.5,69,67.8,65.1,65.5,61.6,60.9,58.1,57.2,56.6,55.3,54,53.6,52.7,52.2,52,50.9,51.1,51,49.8,49.5
Tajikistan,Asia/Pacific,TJK,Subnat,TJKr104,DRS,78.5,77.3,75.6,75.5,71.6,70.2,67.5,67.6,63.4,62.6,59.5,58.3,57.4,56.3,55,54.7,53.9,53.6,53.6,52.7,53.3,53.6,52.5,52.6
Tajikistan,Asia/Pacific,TJK,Subnat,TJKr101,Duchanbe,56.3,55.5,54.3,54,51.4,49.9,44.7,47.3,43.9,44.1,42.2,42.1,42.3,41.3,40.1,40,39.3,39,39.1,38.1,38.7,38.8,37.7,37.7
Tajikistan,Asia/Pacific,TJK,Subnat,TJKr105,GBAO,76.8,76.3,75.4,75.1,72.5,71.6,68.9,69.5,65.7,65.3,62.6,61.7,61.1,59.8,58.3,57.8,56.8,56.4,56.4,55.6,56,56.2,54.4,54.5
Tajikistan,Asia/Pacific,TJK,Subnat,TJKr102,Khatlon,77.1,76.6,75.7,76.4,72.8,71.9,69.5,69.7,65.7,65.1,62.2,61.3,60.7,59.2,57.7,57.1,56,55.3,55.3,54.3,54.8,55,53.8,53.7
Tajikistan,Asia/Pacific,TJK,Subnat,TJKr103,"Sughd (formerly Leninabad)",72.4,72,71,71.7,68.3,67.5,64.8,65.3,61.4,60.8,58,57.2,56.6,55.4,54,53.6,52.6,52.2,52.4,51.5,52,52.3,51.8,51.8
Tanzania,Africa,TZA,National,TZAt,Total,95.6,94.3,93.7,92.5,91.3,89.8,88,86.7,85.5,84.3,82.1,81.3,80.4,80,78.2,76.5,75.1,74.7,73.6,72.3,70.6,70.3,68.7,67.2
Tanzania,Africa,TZA,Subnat,TZAr202," Arusha, Manyara",96.3,94.6,93.7,92.2,90.8,89.5,88,87,86,85.1,83.3,82.4,81.5,81,79,76.7,75.3,74.8,74,72.9,71.4,71.4,69.9,68.4
Tanzania,Africa,TZA,Subnat,TZAr207," Dar Es Salam",75.3,73.4,72.3,70.3,68.4,66.2,63.1,60.9,59.8,57.8,55.2,55.6,55.1,56,53.4,51.5,50.1,49.9,49.1,48.1,46.8,46.8,45.5,44.8
Tanzania,Africa,TZA,Subnat,TZAr201," Dodoma",99.1,97.8,97.2,96,94.9,94.3,93.5,93.3,92.9,92.8,91.8,90.5,89.1,88,86.2,85,83,81.5,79.1,76.4,73.3,71.6,68.7,67.3
Tanzania,Africa,TZA,Subnat,TZAr211," Iringa, Njombe",95.6,94.6,94.4,93.5,92.6,90.4,87.9,85.9,83.8,81.9,79,78.5,77.9,77.6,75.8,74.1,72.6,72,70.9,69.5,67.6,67.2,65.6,64.1
Tanzania,Africa,TZA,Subnat,TZAr218," Kagera",100,100,99.8,98.6,97.3,96.1,94.4,93.3,91.8,90.6,88.6,87.6,86.7,86,84.3,82.9,81.8,81.3,80.2,78.8,77,76.6,75,73.7
Tanzania,Africa,TZA,Subnat,TZAr216," Kigoma",99.3,98.2,97.8,96.8,95.7,94.5,93,92,90.7,89.8,88.2,88,87.7,87.6,86.5,85.7,84.7,84.3,83.3,82,80.2,79.9,78.5,77.3
Tanzania,Africa,TZA,Subnat,TZAr203," Kilimanjaro",91.9,90.6,90,88.8,87.6,85.2,82.5,80.3,78.3,75.9,72.4,71.6,70.6,70.4,68,65.4,63.5,63.2,62.1,60.7,59,58.6,56.8,55
Tanzania,Africa,TZA,Subnat,TZAr208," Lindi",94.2,93,92.5,91.5,90.5,89.7,88.9,88.4,87.8,87.5,86.4,85.1,83.8,83.1,81.5,79.8,79.3,79.3,78.8,78.1,76.8,77.2,76.3,75.1
Tanzania,Africa,TZA,Subnat,TZAr220," Mara",99.2,98.2,97.9,97,96,95,93.8,93,92,91.2,89.7,88.5,87.4,86.7,84.6,82.6,80.9,80,78.7,77.1,75.1,74.5,72.6,71.2
Tanzania,Africa,TZA,Subnat,TZAr212," Mbeya",98.1,97.1,96.9,96.1,95.2,93.2,90.9,89,87.1,85.5,82.9,82.4,81.8,81.1,79.2,77.5,76.1,75.5,74.5,73.2,71.5,71.3,69.7,68.3
Tanzania,Africa,TZA,Subnat,TZAr205," Morogoro",92.7,91.2,90.5,89.2,87.9,86.4,84.9,83.7,82.6,81.5,79.5,79.3,79,79.1,77.9,77,76.1,76,75,73.6,71.9,71.6,70.1,68.8
Tanzania,Africa,TZA,Subnat,TZAr209," Mtwara",97,95.8,95.2,94.1,92.9,91.4,89.6,88.3,86.9,85.5,83.2,82.4,81.5,82,81.5,80.3,79.1,78.6,77.7,76.6,74.9,74.8,73.5,72.4
Tanzania,Africa,TZA,Subnat,TZAr219," Mwanza, Geita",96.9,95.5,94.9,93.7,92.4,91.1,89.6,88.5,87.4,86.5,84.6,84.1,83.6,83.3,81.7,80.3,78.4,77.2,75.6,73.5,71.1,70.1,67.9,66.3
Tanzania,Africa,TZA,Subnat,TZAr224," Pemba North",96.5,95.5,95.2,94.4,93.5,91.6,89.4,87.7,85.7,84,81.4,80.7,80.2,80.1,78.5,77,75.3,74.5,73.2,71.5,69.5,68.9,66.7,65.1
Tanzania,Africa,TZA,Subnat,TZAr225," Pemba South",98.4,96.4,95.2,93.4,91.7,89.5,86.8,84.8,82.8,80.7,77.5,77.1,76.7,76.7,74.9,73.5,71.9,71.4,70.3,68.8,67,66.5,64.5,62.9
Tanzania,Africa,TZA,Subnat,TZAr206," Pwani",99.7,98.1,97.3,95.9,94.6,92.7,90.6,88.9,87,84.9,82.1,81,80.1,80.5,79.4,77.9,75.6,74.1,71.8,69.2,66.2,64.7,61.8,60.1
Tanzania,Africa,TZA,Subnat,TZAr215," Rukwa, Katavi",100,99.9,99.4,98.3,97.1,96.2,95,94.3,93.4,92.9,91.5,90.9,90.2,89.3,87.7,86.8,85.9,85.7,85,84,82.5,82.5,81.3,80.1
Tanzania,Africa,TZA,Subnat,TZAr210," Ruvuma",95.5,94.2,93.5,92.3,91,89.7,88.3,87.3,86.2,85.4,83.7,82.7,81.7,80.4,78.2,76.7,75.9,75.9,75.2,74.2,72.8,72.9,71.7,70.4
Tanzania,Africa,TZA,Subnat,TZAr217," Shinyanga, Simiyu",100,100,100,99.7,98.5,96.8,94.8,93.3,91.7,90,87.3,86.4,85.5,85.9,85.1,83.4,82.3,81.7,81.2,80.3,78.9,79.2,78,76.9
Tanzania,Africa,TZA,Subnat,TZAr213," Singida",97.4,96.6,96.5,95.7,94.9,93.6,92,91,89.7,88.7,86.7,85.9,85.1,84.7,83.3,82.1,81.1,80.8,80.1,79,77.5,77.4,76.1,74.8
Tanzania,Africa,TZA,Subnat,TZAr214," Tabora",98.9,97.7,97.1,96.1,95,93.5,91.9,90.8,89.5,88.4,86.5,86.1,85.6,85.9,85.1,84,83,82.7,81.8,80.5,78.7,78.6,77.2,75.8
Tanzania,Africa,TZA,Subnat,TZAr204," Tanga",95.1,93.8,93.3,92.2,91.1,89.3,87.4,85.8,84.4,83.2,80.9,79.3,77.6,76.4,73.4,70.2,69.9,70.7,71,71.1,70.8,72,71.8,70.2
Tanzania,Africa,TZA,Subnat,TZAr221," Zanzibar North",97.8,96.5,96,94.9,93.8,91.9,89.6,87.9,85.9,84,81.3,80.3,79.5,79.3,77.6,75.9,74.6,74.1,73,71.6,69.8,69.4,67.5,66.1
Tanzania,Africa,TZA,Subnat,TZAr222," Zanzibar South",92.1,91.1,90.7,89.7,88.8,86.4,83.7,81.5,79.2,76.7,73.3,73.3,73.4,73.9,72.2,71.2,69.1,68.4,66.7,64.7,62.5,61.6,58.9,57.5
Tanzania,Africa,TZA,Subnat,TZAr223," Zanzibar West",76.8,74.7,73.4,71.3,69.4,66.6,62.9,59.7,57.6,55.1,51.6,52.5,52.3,53.7,51.3,50,49.8,49.9,49.6,49,48.1,48.6,47.4,46.7
Thailand,Asia/Pacific,THA,National,THAt,Total,52.3,50.3,48.3,47.1,46.1,45.2,43.7,41.7,40.6,39.3,38.1,36.5,35.3,34.8,34.4,34.1,33.8,33.5,33.3,32.6,32.6,32.4,32.9,32.3
Thailand,Asia/Pacific,THA,Subnat,THAr101,Bangkok,42,39.9,37.5,36.3,35.1,34.3,32.7,30.7,29.9,29.1,28.3,27.2,26.8,26.6,25.9,25.8,25.6,25.5,25.3,24.7,24.8,24.7,25.3,24.7
Thailand,Asia/Pacific,THA,Subnat,THAr102,Central,52.3,50.3,48.2,47,46.1,45.1,43.6,41.3,40,38.6,37.2,35.5,34.3,34.1,33.4,33.2,33,32.9,32.8,32.1,31.9,31.5,31.7,31
Thailand,Asia/Pacific,THA,Subnat,THAr103,North,53,51.1,49.3,48.3,47.5,46.7,45.4,43.4,42.3,40.9,39.6,37.9,36.5,36.2,36.6,36.3,35.9,35.6,35.3,34.7,34.8,34.8,35.5,34.9
Thailand,Asia/Pacific,THA,Subnat,THAr104,Northeast,57.7,55.7,54,53.1,52.3,51.5,50.2,48.2,46.9,45.3,43.9,41.9,40.4,39.8,39.1,38.7,38.3,37.9,37.2,35.9,35.9,35.6,36,35.4
Thailand,Asia/Pacific,THA,Subnat,THAr105,South,55.5,53.5,51.4,50.2,49.3,48.3,46.9,44.5,43.1,41.5,39.9,38,36.4,36.3,36,35.9,35.8,35.7,35.8,35.1,35.1,35,35.5,34.9
"Timor Leste",Asia/Pacific,TLS,National,TLSt,Total,83.1,,,,,,,82.5,80.9,78.2,76.8,73.9,72.6,70.9,65.3,64.2,58.7,60.1,59.3,58.2,57,56,54.9,54.2
"Timor Leste",Asia/Pacific,TLS,Subnat,TLSr101,Aileu,89.4,,,,,,,88.8,87.7,84.9,82.5,79.4,77.5,75.2,69.3,67.7,61.7,63.3,62.6,61.6,60.6,58.9,58.6,57.2
"Timor Leste",Asia/Pacific,TLS,Subnat,TLSr102,Ainaro,91.4,,,,,,,90.9,89.8,87.4,85.9,84,83.2,82,77.6,77,72.1,73.7,73,72,71,67.7,69,66
"Timor Leste",Asia/Pacific,TLS,Subnat,TLSr103,Baucau,90.3,,,,,,,89.9,88.6,86.2,83.9,80.4,78.3,75.9,69.8,67.9,61.6,62.9,62.1,61,60.2,59.7,58.4,57.9
"Timor Leste",Asia/Pacific,TLS,Subnat,TLSr104,Bobonaro,89.5,,,,,,,89,87.7,85.5,83.4,80.3,78.4,76.2,70.5,68.9,63,64.4,63.5,62.4,61.3,60.4,59.2,58.8
"Timor Leste",Asia/Pacific,TLS,Subnat,TLSr105,"Cova Lima",85.6,,,,,,,85.1,83.7,81.4,80.2,77.8,76.7,75.4,70.5,69.7,64.6,66.1,65.4,64.4,63.4,61.2,61.4,59.5
"Timor Leste",Asia/Pacific,TLS,Subnat,TLSr106,Dili,53.5,,,,,,,52,49.3,43.4,43.5,41.1,41.8,42,39.3,38.9,34.9,36.3,35.2,33.9,32.7,32.2,32,32
"Timor Leste",Asia/Pacific,TLS,Subnat,TLSr107,Ermera,92.1,,,,,,,91.7,90.8,89,86.8,84.6,83.3,81.7,76.6,75.7,70.5,72.2,71.7,70.9,70.1,66,68.3,64.3
"Timor Leste",Asia/Pacific,TLS,Subnat,TLSr109,Lautem,87.2,,,,,,,86.7,85.2,82.8,80.7,77.7,76,73.9,67.7,66.1,60.5,62,60.8,59.8,58.7,57.1,56.7,55.4
"Timor Leste",Asia/Pacific,TLS,Subnat,TLSr108,Liquica,84.2,,,,,,,83.6,82,79.9,78.8,76.4,75.6,74.4,69.4,68.8,63.7,65.1,64.2,63,62.1,61.6,60.3,59.7
"Timor Leste",Asia/Pacific,TLS,Subnat,TLSr111,Manatuto,83.7,,,,,,,83.2,81.5,79.1,78.3,75.6,74.6,73.3,68.1,67.4,62.4,64.2,63.2,62.2,61.2,58.9,59.2,57.1
"Timor Leste",Asia/Pacific,TLS,Subnat,TLSr110,Manufahi,87.1,,,,,,,86.6,85.3,83.3,81.5,78.5,76.9,75,69.5,68.1,62.3,63.7,62.9,62.4,61.8,61.4,60.2,59.8
"Timor Leste",Asia/Pacific,TLS,Subnat,TLSr112,Oecussi,91.7,,,,,,,91.4,90.5,88.7,86.7,84.6,83.3,81.7,77.4,76.4,70.8,72.4,71.6,70.5,69.5,68.3,67.4,66.7
"Timor Leste",Asia/Pacific,TLS,Subnat,TLSr113,Viqueque,89.7,,,,,,,89.3,88,86.2,84.6,82,80.6,78.9,74,72.8,67.4,68.9,68.1,67,65.9,63.7,63.9,62
Togo,Africa,TGO,National,TGOt,Total,92.2,91.5,90.7,90.2,89.7,89.5,88.2,87.2,86,84.8,84.1,83,81.6,79.7,78,77.9,75,73.3,72.3,70.6,70.3,69.7,68.6,67.9
Togo,Africa,TGO,Subnat,TGOr104,Centrale,97,96.4,95.7,95.3,95,94.4,93.4,92.1,90.6,89.1,88,86.8,85.2,82.8,80.8,80.9,78,76.3,75.1,73.4,73.2,72.6,71.5,70.8
Togo,Africa,TGO,Subnat,TGOr105,Kara,97.6,96.9,96.3,95.9,95.5,94.3,93.2,92.4,91.2,90.2,89.4,88.6,87.5,85.6,84.1,83.6,79.9,77.7,76.7,75.3,75.2,74.5,73.4,72.7
Togo,Africa,TGO,Subnat,TGOr101,Lome,72.8,71.6,70.4,69.5,68.6,68.4,66.1,65,64,62.6,62.5,60.8,59.5,57.3,55.6,57,55.4,55.1,54.2,52.4,52,51.3,50.2,49.5
Togo,Africa,TGO,Subnat,TGOr102,Maritime,94.4,93.8,93,92.5,92.1,92,90.8,89.1,87.4,85.5,84.1,82.5,80.5,77.8,75.4,78.9,79.3,81,79.9,78.3,78.2,77.6,76.6,76
Togo,Africa,TGO,Subnat,TGOr103,Plateaux,95.5,95,94.4,94,93.7,93.4,92.5,91.8,91,90.2,89.6,89.1,88.1,86.6,85.3,84.7,81.1,78.6,77.5,75.9,75.8,75.2,74.2,73.6
Togo,Africa,TGO,Subnat,TGOr106,Savanes,100,100,100,100,100,100,100,100,99.4,98.3,97.3,96.6,95.4,93.8,92.4,92.4,89.4,87.7,86.6,85.1,85.1,84.6,83.6,83
Tonga,Asia/Pacific,TON,National,TONt,Total,54,54.6,54.1,53.6,53.1,52.6,52.4,51.3,50.7,50.3,49.1,48.9,48.9,48.4,47.4,46.8,46,43.6,42.5,45.5,45,44.7,44.5,44.3
Tonga,Asia/Pacific,TON,Subnat,TONr104,Eua,60.7,59.8,59.3,58.8,58.4,57.4,57.1,56.2,55.8,55.4,54.2,54.1,54.1,53.6,52.6,52,51.2,48.9,47.9,50.7,50.1,49.8,49.6,49.5
Tonga,Asia/Pacific,TON,Subnat,TONr103,Ha-apai,63.7,62.5,62,61.5,61.1,60.2,59.9,59,58.6,58.2,57.1,57.1,57.1,56.7,55.7,55,54.2,51.6,50.3,52.9,52.1,51.4,51.1,51
Tonga,Asia/Pacific,TON,Subnat,TONr105,"Ongo Niua",63.9,62.7,62.3,61.7,61.3,60.4,60.2,59.3,58.9,58.5,57.4,57.4,57.4,57,56,54.8,54.6,52.1,50.9,53.6,52.9,51.7,51.5,51.4
Tonga,Asia/Pacific,TON,Subnat,TONr101,Tongatapu,52,53.1,52.6,52.1,51.6,51.3,51.1,49.9,49.3,48.9,47.6,47.5,47.4,46.9,45.9,45.4,44.6,42.2,41.2,44.2,43.7,43.5,43.3,43.1
Tonga,Asia/Pacific,TON,Subnat,TONr102,Vava-u,60.4,59.5,59,58.5,58.1,57.1,56.8,55.9,55.4,55.1,53.9,53.8,53.8,53.3,52.2,51.7,50.8,48.4,47.4,50.3,49.9,49.6,49.4,49.2
"Trinidad & Tobago",America,TTO,National,TTOt,Total,45.8,44.3,43.7,42.5,40.2,38.4,34.4,33.9,32.4,32.5,31.9,31.7,31.3,31,30.9,31,31.3,31.5,31.7,31.8,32.1,32.6,33.2,33.4
"Trinidad & Tobago",America,TTO,Subnat,TTOr103,Central,42,40.5,39.9,38.6,36.3,34.3,30.3,30.5,29.7,30.3,30.2,30.3,29.8,29.3,28.9,28.8,29.1,29.2,29.3,29.2,29.4,29.7,30,30.1
"Trinidad & Tobago",America,TTO,Subnat,TTOr102,East,53.9,52.4,52,50.8,48.7,47.1,43.1,42.6,41.1,41.6,40.7,40.7,40,39.6,39.5,39.5,39.6,39.8,39.9,39.9,40,40.4,41.4,41.9
"Trinidad & Tobago",America,TTO,Subnat,TTOr101,"North West",45.5,43.9,43.3,42,39.6,37.7,33.6,32.5,30.6,30,28.9,28,27.8,27.6,27.6,27.7,28.1,28.4,28.7,28.8,29.3,29.8,30.4,30.4
"Trinidad & Tobago",America,TTO,Subnat,TTOr104,"South West",48.4,47,46.5,45.3,43.1,41.4,37.8,37,35.2,35.1,34.2,33.6,33.3,33,32.9,32.9,33,33.2,33.4,33.4,33.7,34.2,34.9,35.1
"Trinidad & Tobago",America,TTO,Subnat,TTOr105,Tobago,51.6,50,49.4,48.1,45.9,44.1,40.5,39.7,37.9,37.8,37.1,36.4,36.2,35.7,35.5,35.5,35.6,35.8,35.9,35.7,36,36.3,37.1,37.4
Tunisia,Africa,TUN,National,TUNt,Total,55.5,54.2,53.1,51.3,49.3,47.4,45.3,44.7,43.8,42.5,41.4,40.4,40,39.8,38.7,38.2,38.1,37.8,37.4,37.1,37.4,38,37,37
Tunisia,Africa,TUN,Subnat,TUNr105,"Centre Est (Sousse, Monastir, Mahdia, Sfax)",54.5,53.3,52.2,50.4,48.4,46.4,44.3,43.7,42.9,41.6,40.5,39.4,39.3,39.5,38.3,38.1,38.3,38.3,38.1,37.6,38.3,38.8,37.7,37.7
Tunisia,Africa,TUN,Subnat,TUNr104,"Centre Ouest (Kairouan, Kasserine, Sidi Bouzid)",65.5,64.1,62.9,61.2,59.2,57.4,55.4,54.7,54,52.6,51.7,50.6,50.2,49.3,47.7,46.5,45.8,44.9,44.1,43.8,43.9,44.6,43.6,43.6
Tunisia,Africa,TUN,Subnat,TUNr101,"Grand Tunis (Tunis, Ariana, Ben Arous, Manouba)",50,48.7,47.5,45.7,43.7,41.7,39.5,38.8,38,36.6,35.5,34.4,34.3,34.2,33.2,32.8,32.7,32.4,32.2,32,32.5,33.1,32,32
Tunisia,Africa,TUN,Subnat,TUNr102,"Nord Est (Nabeul, Zaghouan, Bizerte)",54.4,53.1,52,50.3,48.3,46.4,44.3,43.7,42.9,41.6,40.5,39.5,39.1,39,38.1,37.8,37.9,37.8,37.9,37.4,37.5,38.2,37.2,37.2
Tunisia,Africa,TUN,Subnat,TUNr103,"Nord Ouest (Beja, Jendouba, Kef, Siliana)",61.2,59.8,58.7,56.9,55,53.2,51.1,50.5,49.7,48.5,47.4,46.4,45.9,44.9,43.8,42.9,42.5,41.8,41,40.8,41.3,41.8,40.7,40.8
Tunisia,Africa,TUN,Subnat,TUNr107,"Sud Est (Gabes, Medinine, Tataouine)",57,55.7,54.5,52.7,50.7,48.7,46.6,45.9,45.1,43.7,42.7,41.6,41.1,40.6,40.6,40,39.7,39.3,39,38.5,39,39.7,38.6,38.7
Tunisia,Africa,TUN,Subnat,TUNr106,"Sud Ouest (Gafsa, Tozeur, Kebili)",54.1,52.8,51.7,49.9,47.9,46,43.9,43.3,42.5,41.2,40.1,39,38.1,38,38.2,37.9,37.9,37.7,37.8,37.6,37.4,38.5,37.4,37.4
Turkey,Asia/Pacific,TUR,National,TURt,Total,51.9,51.3,50.4,49.4,47.8,46,44.5,42.9,41.8,41.6,40.4,39.4,38.5,37.7,37.3,37.2,37,36.3,35.8,35.6,35.8,35.3,34.2,34.1
Turkey,Asia/Pacific,TUR,Subnat,TURr103,"Aegean (Afyon, Aydin, Denizli, Izmir, Kutahya, Man",50.7,49.9,48.9,47.8,46.6,45.2,44,42.6,41.5,41.3,39.7,38.7,37.6,36.3,36.8,36.9,36.8,35.9,35,35.2,35.4,34.9,33.8,33.7
Turkey,Asia/Pacific,TUR,Subnat,TURr107,"Central Anatolia (Kayseri, Kirsehir, Nevsehir, Nig",55.8,55,54.1,53,51.4,49.6,48.2,46.7,45.8,45.1,43.4,42.3,41,39.7,39.8,39.6,39.4,38.6,37.1,37.9,37.9,37.7,36.6,36.5
Turkey,Asia/Pacific,TUR,Subnat,TURr111,"Central East Anatolia (Bingol, Bitlis, Elazig, Hak",62.9,62,60.9,59.7,57.6,55.3,53.4,51.7,51.9,49.5,47.6,46.3,44.9,43.8,43.2,43,42.8,42.3,42.5,41.3,41.4,41.2,40.2,40.1
Turkey,Asia/Pacific,TUR,Subnat,TURr109,"East Black Sea (Artvin, Giresun, Gumushane, Ordu,",57.4,56.7,55.8,55,53,50.9,49.1,47.6,47.3,46.2,44.7,43.7,43,42.7,41.3,40.7,40.2,39.2,38.9,38.2,38.3,38.2,37.3,37.3
Turkey,Asia/Pacific,TUR,Subnat,TURr104,"East Marmara (Bilecik, Bolu, Bursa, Duzce, Eskiseh",48.1,47.6,46.9,46,44.3,42.4,40.7,39,37.6,38,37,36.2,35.5,35.1,34.4,34.2,34.2,33.3,32.4,32.5,32.6,31.9,30.9,30.8
Turkey,Asia/Pacific,TUR,Subnat,TURr101,Istanbul,44.5,44.1,43.4,42.5,40.8,39.3,38.1,36.6,35.6,36,35.2,34.4,33.7,33.9,32.6,32.5,32.4,31.5,32,30.8,31,30.2,29.1,28.8
Turkey,Asia/Pacific,TUR,Subnat,TURr106,"Mediterranean (Adana, Antalya, Burdur, Hatay, Ispa",51.9,51.3,50.5,49.6,48.2,46.6,45.2,43.8,43.3,42.5,41,39.9,38.8,37.6,38,38.2,38.5,38,37.4,37.2,37.5,37,35.8,35.7
Turkey,Asia/Pacific,TUR,Subnat,TURr110,"North East Anatolia (Agri, Erzincan, Erzurum, Kars",62,61.3,60.4,59.5,57.5,55.6,53.9,52.4,52.1,50.8,49.2,48.3,47,47.1,45.3,45.1,44.9,44.5,44.8,44,44.1,43.9,42.8,42.8
Turkey,Asia/Pacific,TUR,Subnat,TURr112,"South East Anatolia (Adiyaman, Diyarbakir, Gaziant",62.9,62,61.1,59.9,57.4,54.9,52.7,50.8,50.6,49,47.4,46.5,45.4,45,43.9,43.7,43.7,43,42.9,42.3,42.3,42.1,41,41
Turkey,Asia/Pacific,TUR,Subnat,TURr105,"West Anatolia (Ankara, Konya, Karaman)",46.5,45.9,45,44,42.8,41.5,40.3,38.9,37,37.8,36.6,35.7,34.6,33,33.4,33.5,33.5,32.9,31.9,32.2,32.2,31.8,30.8,30.6
Turkey,Asia/Pacific,TUR,Subnat,TURr108,"West Black Sea (Amasya, Cankiri, Corum, Kastamonu,",55.5,54.8,53.9,52.8,51.5,49.5,47.8,46.2,44.9,44.5,42.9,41.9,40.8,39.7,39.7,39.6,39.4,38.5,37.5,37.8,37.8,37.6,36.6,36.5
Turkey,Asia/Pacific,TUR,Subnat,TURr102,"West Marmara (Balikesir, Canakkale, Edirne, Kirkla",50.8,50.4,49.8,49.1,47.5,46,44.8,43.4,42.8,42.1,40.6,39.5,38.3,37,37.2,37.4,37.3,36.7,36.5,36,35.9,35.4,34.4,34.3
Turkmenistan,Asia/Pacific,TKM,National,TKMt,Total,48.4,,,,,,,,,,,45.3,42,41.6,40.1,39.5,39.5,40.4,41.5,41.3,41.4,41.2,41.1,43.4
Turkmenistan,Asia/Pacific,TKM,Subnat,TKMr102,Akhal,49.5,,,,,,,,,,,46.8,43.6,43.4,42.1,41.7,41.3,42,43.1,42.9,43,42.9,42.8,45.2
Turkmenistan,Asia/Pacific,TKM,Subnat,TKMr101,"Ashgabat City",38.6,,,,,,,,,,,35.9,33.9,34.2,33.7,33.8,33.7,34.4,35.5,35.2,35.2,35.1,35,36.9
Turkmenistan,Asia/Pacific,TKM,Subnat,TKMr103,Balkan,41.3,,,,,,,,,,,38.2,35.6,35.6,34.4,34.1,34,34.8,36,35.9,35.8,35.7,35.5,37.3
Turkmenistan,Asia/Pacific,TKM,Subnat,TKMr104,Dashoguz,50.9,,,,,,,,,,,47.6,43.8,43.2,41.8,41.3,41.1,42.7,44.8,45.5,42.5,42.4,42.3,44.7
Turkmenistan,Asia/Pacific,TKM,Subnat,TKMr105,Lebap,50.1,,,,,,,,,,,47,43.4,42.8,41.1,40.3,40.2,41,42.4,42.5,42.5,42.4,42.4,44.7
Turkmenistan,Asia/Pacific,TKM,Subnat,TKMr106,Mary,52.8,,,,,,,,,,,49.8,46.3,45.9,44.4,43.8,43.4,43.8,44.7,44.1,42.6,42.5,42.4,44.8
Tuvalu,Asia/Pacific,TUV,National,TUVt,Total,56.5,57.4,57.2,56.9,56.3,55.3,55.1,54.8,55,55,54.4,53.6,53.2,52.4,51.4,48.8,47.6,46.8,45.6,44.6,44,43.7,42.1,41.9
Tuvalu,Asia/Pacific,TUV,Subnat,TUVr103,Funafuti,49.2,50.3,50.2,49.9,49.4,48.3,48.2,47.8,48.2,48.3,47.8,47,46.6,46,45,42.2,41,40.2,39,38,37.4,37.3,35.7,35.7
Tuvalu,Asia/Pacific,TUV,Subnat,TUVr101,"Nanumea, Nanumaga, Niutao",66,66.8,66.8,66.5,66.1,65.3,65.3,65.1,65.5,65.5,65,64.5,64.2,63.6,62.6,60.2,59.4,58.8,57.7,56.8,56.3,56.1,54.6,54.5
Tuvalu,Asia/Pacific,TUV,Subnat,TUVr102,"Vaitupu, Nui, Nukufetau",64.7,65.5,65.3,65,64.7,63.9,63.8,63.6,64,64,63.6,63,62.7,62.1,61.1,58.8,57.9,57.4,56.3,55.4,54.8,54.7,53.1,52.9
Uganda,Africa,UGA,National,UGAt,Total,100,100,100,97.9,96.4,97.1,93.7,91.4,89.2,89,88.1,86.1,85.9,84.5,82.6,82.2,80.1,78.9,77.3,76.4,75.7,75.6,73.3,72.1
Uganda,Africa,UGA,Subnat,UGAr101,"Central 1 (Central South)",97.9,97.8,97.8,95.4,93.7,94.5,91,88.3,85.7,86,84.9,82.6,80.5,78.1,74.2,74.7,68.2,66.3,63.9,63.2,62.2,61.7,59.1,57.6
Uganda,Africa,UGA,Subnat,UGAr102,"Central 2 (Central North)",100,100,100,97.9,96.4,97.1,93.6,91,88.2,87.7,86.2,83.7,83.3,81.9,79.9,79.8,76.8,75.3,73.5,72.8,71.9,71.7,69.3,67.9
Uganda,Africa,UGA,Subnat,UGAr104,"East Central (Busoga)",100,100,100,100,100,100,97.7,95.8,93.7,93.2,92.4,90.6,90.5,88.8,87,84.3,84.1,83,81.6,80.7,79.9,79.9,77.6,76.5
Uganda,Africa,UGA,Subnat,UGAr105,"Eastern (Bukedi, Bugishu, Teso)",100,100,100,100,100,100,98.7,97.3,95.8,95.4,95.1,93.9,93.5,91,89.1,87,85.8,85,84,83.1,82.5,82.7,80.5,79.8
Uganda,Africa,UGA,Subnat,UGAr103,Kampala,73.2,72.3,72.3,67.7,64.6,66.2,61.5,56.5,52.8,55.9,53.8,50.4,51.3,53.3,51,59.3,49.6,47.8,47.3,46.6,45.8,45.8,43.7,42.8
Uganda,Africa,UGA,Subnat,UGAr106,"North (Karamoja, Lango, Acholi)",100,100,100,100,100,100,99.8,98.7,97.5,97.1,97.1,96,95.7,93.4,91.7,89.2,89,88.4,87.6,86.8,86.2,86.5,84.5,83.8
Uganda,Africa,UGA,Subnat,UGAr109,"Southwest (Ankole, Kigezi)",100,100,100,98.4,97,97.7,94.4,92.9,91.3,91.1,90.7,89.2,88.3,86,83.5,82.3,80.5,79.2,77.7,76.7,76,75.9,73.5,72.3
Uganda,Africa,UGA,Subnat,UGAr107,"West Nile",100,100,100,100,98.8,99.3,96.2,95,93.7,93.4,93.2,92.1,92.7,91,90.1,88.5,88.7,88.1,87.3,86.5,85.9,86.1,84,83.3
Uganda,Africa,UGA,Subnat,UGAr108,"Western (Bunyoro, Tooro)",100,100,100,99.5,98.1,98.8,95.6,93.4,91,90.3,89.2,87.1,87.1,85.4,83.6,82.9,81.6,80.4,78.9,77.9,77.2,77.2,74.9,73.8
Uruguay,America,URY,National,URYt,Total,39.3,38.7,38.8,38.7,39.1,37.2,34.6,32.5,30.9,29.2,28.7,28.4,28.2,27.8,27.4,27.3,27,26.8,26.6,26.5,25.8,26,25.1,24.7
Uruguay,America,URY,Subnat,URYr105,"Centro (Durazno and Tacuarembo)",41.6,41.2,41.4,41.2,41.6,39.6,37.1,35.2,33.3,31.4,30.6,30.5,29.8,30.6,29.9,29.7,29.2,29.8,28.5,28.4,27.7,27.9,27,26.7
Uruguay,America,URY,Subnat,URYr106,"Centro Sur (Flores, Florida and Lavalleja)",37.1,37,37.2,37.1,37.4,35.5,32.9,30.9,29.1,27.5,27,26.3,26.1,25.9,26.3,26.1,25.6,26.2,25,25.1,24.3,24.6,23.7,23.4
Uruguay,America,URY,Subnat,URYr103,"Costa Este (Canelones, Maldonado and Rocha)",39.9,39.3,39.5,39.5,39.9,38,35.4,33.3,31.5,29.8,29.3,28.8,28.7,28.1,27.6,27.6,27.4,27.4,26.8,26.7,26,26.2,25.3,25
Uruguay,America,URY,Subnat,URYr107,"Litoral Norte (Paysandu, Salto and Rio Negro)",41.2,40.8,40.9,40.8,41.1,39.2,36.8,34.8,32.9,31.2,30.5,30.1,30.1,29.5,29.3,29.1,28.8,28.6,28.9,28.8,27.1,27.3,26.4,26.1
Uruguay,America,URY,Subnat,URYr104,"Litoral Sur (Soriano, Colonia and San Jose)",42,40.8,41.1,41.1,41.6,39.7,37.2,35.3,33.8,31.9,31.2,31.1,31.2,32.6,31.9,31.7,31.4,31.5,31.1,31.1,30.3,30.5,29.6,29.3
Uruguay,America,URY,Subnat,URYr101,"Montevideo and Metropolitan area",37.4,36.7,36.9,36.7,37.1,35.1,32.4,30.3,28.9,27.6,27.2,27,26.7,26.4,26,26,25.9,25.4,25.4,25.4,24.6,24.8,23.8,23.5
Uruguay,America,URY,Subnat,URYr102,"Norte (Artigas, Rivera, Cerro Largo and Trienta y Tres)",41.9,41.6,41.7,41.6,41.9,40,37.6,35.7,34.4,32.5,31.6,30.9,30.4,32.3,31.8,31.6,31.4,31.1,30.6,30.6,29.7,30,29.1,28.7
Uzbekistan,Asia/Pacific,UZB,National,UZBt,Total,60.7,59.8,58.9,58.1,57.2,57,55.7,53.7,51,49.4,47.7,46.2,47.2,46.5,46,46.1,45.3,44.8,44.7,43,44.2,43.3,42.6,42.1
Uzbekistan,Asia/Pacific,UZB,Subnat,UZBr102,"Central (Navoi, Bukhara, Samarkand)",62.8,61.9,61.1,60.4,59.9,59.7,58.4,56.3,53.6,52,50.2,48.6,49.4,48.5,48,48,47.1,46.5,46.3,44.5,45.7,44.7,44,43.5
Uzbekistan,Asia/Pacific,UZB,Subnat,UZBr104,"Central-East (Dzhizak, Syrdarya)",58.7,57.7,56.8,56,55.1,54.9,53.7,51.9,49.4,48,46.4,45,46,45.3,45,45.3,44.5,44.2,44.2,42.6,43.9,43,42.4,41.9
Uzbekistan,Asia/Pacific,UZB,Subnat,UZBr105,"East (Namangan, Fergana, Andizhan)",61.2,60.3,59.6,58.9,58.6,58.7,57.6,55.6,53,51.3,49.4,47.7,48.4,47.4,46.7,46.7,45.7,45,44.8,43,44,42.9,42.3,41.8
Uzbekistan,Asia/Pacific,UZB,Subnat,UZBr103,"South (Kashkadarya, Surkhandarya)",65.4,64.6,63.8,63,62.7,63.2,62.6,61,59,57.3,55.2,53.5,53.9,52.7,51.9,51.9,50.7,49.9,49.6,47.6,48.6,47.4,46.7,46.2
Uzbekistan,Asia/Pacific,UZB,Subnat,UZBr106,Tashkent,46.4,45.4,44.7,44,43.2,43.1,40.2,37.3,33.8,33.6,33.4,33.2,33.3,33.5,33.9,35,34.9,35.1,35.8,34.5,36.3,35.9,35.3,34.8
Uzbekistan,Asia/Pacific,UZB,Subnat,UZBr101,"West (Karakalpakstan, Khorezm)",57.2,56.3,55.4,54.6,53.8,53.6,52.3,50.5,47.9,46.6,45.1,43.9,45.4,44.8,44.6,45.1,44.6,44.3,44.5,43,44.5,43.7,43,42.6
Vanuatu,Asia/Pacific,VUT,National,VUTt,Total,70.2,,,,,,70.3,69.1,68.2,65.2,62.9,64,63.3,64.9,62.5,62,60.1,59.1,58.6,57.8,58,57.7,57,57.4
Vanuatu,Asia/Pacific,VUT,Subnat,VUTr108,Luganville,51.1,,,,,,51.6,48.8,47.8,42,39.9,42.2,42.2,46,42.6,42.4,40.4,40.5,40.2,40.1,41.3,41.7,41.6,42.1
Vanuatu,Asia/Pacific,VUT,Subnat,VUTr103,Malampa,78.3,,,,,,78.2,77.5,76.7,74.3,72.6,73.1,72.3,73.3,71.5,71,69.4,68.3,67.8,67,67.1,66.7,65.9,66.2
Vanuatu,Asia/Pacific,VUT,Subnat,VUTr104,Penama,78.4,,,,,,78.1,77.5,77,74.9,73.7,74.6,74.1,74.9,73.9,73.6,72.4,71.9,71.5,71,71.6,71.5,71.1,71.1
Vanuatu,Asia/Pacific,VUT,Subnat,VUTr107,"Port Vila",45.9,,,,,,46.5,43.4,42.4,37.8,35.7,36.7,36.5,40.9,37.3,37.2,36,35.7,35.8,35.6,36.5,37,36.9,37.5
Vanuatu,Asia/Pacific,VUT,Subnat,VUTr105,Sanma,79.6,,,,,,79.4,78.7,77.8,75.1,73.2,73.5,72.6,73.3,71.4,70.6,68.7,67.6,66.9,65.9,65.8,65.3,64.4,64.4
Vanuatu,Asia/Pacific,VUT,Subnat,VUTr102,Shefa,71.8,,,,,,72,70.5,69.3,65.8,62.8,64,63,64.8,61.7,60.8,58.2,56.9,56.2,55,55.1,54.5,53.6,53.9
Vanuatu,Asia/Pacific,VUT,Subnat,VUTr101,Tafea,79.9,,,,,,79.8,79.1,78.3,76.1,74.5,75,74.2,74.8,73.4,72.9,71.4,70.5,70,69.2,69.3,69,68.2,68.2
Vanuatu,Asia/Pacific,VUT,Subnat,VUTr106,Torba,80.5,,,,,,80.2,79.8,79,77,75.6,75.9,75.1,75.3,74.1,73.6,72.3,71.4,70.8,69.9,69.8,69.3,68.4,68.3
Venezuela,America,VEN,National,VENt,Total,39.7,39.8,39.7,40.4,39.2,37.5,35.3,33.2,32,31.7,31.4,30.6,30,30.1,30.4,31,31.7,33.2,35,36.2,37.4,37.4,36,35.5
Venezuela,America,VEN,Subnat,VENr110,"Amacuros Delta Federal Territory",44.1,44.3,45.2,47,47.1,48.7,45.3,42.3,40.5,40.2,40.2,39.2,38.5,38.7,38.9,39.9,41.2,43.2,45.8,47.5,49,48.7,46.9,46.2
Venezuela,America,VEN,Subnat,VENr102,"Amazonas Federal Territory",42.3,42.4,43.2,44.8,45,46.3,42.9,39.7,37.9,37.6,37.6,36.5,35.8,36,36.5,37.5,38.6,40.6,43.3,45,46.5,46.5,44.6,43.8
Venezuela,America,VEN,Subnat,VENr103,Anzoategui,39.5,39.5,40.2,41.8,41.7,42.5,38.8,35.4,33.4,33.1,33.1,32.1,31.3,31.4,31.7,32.8,34.1,36.3,39.1,40.8,42.4,42.1,40.1,39.3
Venezuela,America,VEN,Subnat,VENr104,Apure,50,50.3,51.8,54,54.1,55.7,51.6,48.4,46.6,46.2,46.3,45.3,44.6,44.8,43.9,44.9,47.6,49.8,52.5,54.3,56,54.2,52.3,51.6
Venezuela,America,VEN,Subnat,VENr105,Aragua,37.4,37.4,37.8,39,39.2,40,36.7,33.4,31.4,31.1,31.1,30.1,29.3,29.5,30,31,32,34.2,36.9,38.6,40.2,40.1,38.2,37.5
Venezuela,America,VEN,Subnat,VENr106,Barinas,45.8,46,47.1,48.9,49.1,50.5,46.8,43.6,41.8,41.5,41.5,40.6,39.8,40,39.8,40.9,42.8,44.9,47.6,49.3,50.9,50.1,48.2,47.4
Venezuela,America,VEN,Subnat,VENr107,Bolivar,40.2,40.3,41.1,42.6,42.7,44,40.7,37.5,35.8,35.5,35.4,34.5,33.7,33.9,34.2,35.2,36.3,38.4,41,42.7,44.2,44,42.1,41.4
Venezuela,America,VEN,Subnat,VENr108,Carabobo,37.4,37.4,37.9,39,39.3,40.1,36.8,33.5,31.7,31.4,31.3,30.4,29.6,29.8,30.2,31.2,32.3,34.4,37,38.7,40.3,40.2,38.3,37.6
Venezuela,America,VEN,Subnat,VENr109,Cojedes,42.4,42.5,43.2,44.9,45.1,46.6,43.5,40.5,38.8,38.5,38.4,37.6,36.9,37.1,37.5,38.4,39.5,41.6,44.1,45.7,47.2,47.1,45.3,44.6
Venezuela,America,VEN,Subnat,VENr111,Falcon,42.2,42.6,43.4,45,45.2,46.6,43.4,40.2,38.4,38.2,38.1,37.3,36.4,36.7,37.1,38,39.3,41.4,44,45.7,47.2,47.1,45.2,44.5
Venezuela,America,VEN,Subnat,VENr101,"Federal District",33.6,33.5,33.8,34.8,34.6,34.3,31.2,29.2,28.2,28,27.7,26.9,26.5,26.6,26.9,27.5,28.1,29.4,31.1,32.2,33.4,33.4,32.1,31.7
Venezuela,America,VEN,Subnat,VENr112,Guarico,44.2,44.6,45.7,47.5,47.6,48.8,45.1,41.9,40.1,39.8,39.8,38.9,38.1,38.4,38.2,39.2,41,43.2,45.8,47.5,49.1,48.3,46.4,45.6
Venezuela,America,VEN,Subnat,VENr113,Lara,41.3,41.7,42.6,44.4,44.4,45.6,42.1,39,37.3,36.9,36.9,36.1,35.2,35.5,35.9,36.9,38.1,40.2,42.8,44.4,45.9,45.8,44,43.2
Venezuela,America,VEN,Subnat,VENr114,Merida,40.8,40.9,41.6,43,43.1,44.2,40.5,37.2,35.3,35,35,34.1,33.3,33.5,34.1,35.1,36.2,38.4,41.2,42.9,44.5,44.4,42.4,41.6
Venezuela,America,VEN,Subnat,VENr115,Miranda,36,35.9,36.4,37.6,37.5,37.7,33.7,30.8,29.8,29.5,29.2,28.5,28,28.1,28.4,29.1,29.6,31,33.6,35.4,37.2,37,34.9,34.1
Venezuela,America,VEN,Subnat,VENr116,Monagas,41.6,41.7,42.4,44.1,44.3,45.7,42.4,39.3,37.6,37.3,37.2,36.3,35.6,35.8,36.2,37.2,38.2,40.3,42.8,44.5,46,45.9,44.1,43.3
Venezuela,America,VEN,Subnat,VENr117,"Nueva Esparta",36.6,36.6,37,38,38,39,35.7,32.4,30.6,30.3,30.2,29.3,28.7,28.9,29.4,30.3,31,32.9,35.4,36.9,38.5,38.6,37.1,36.4
Venezuela,America,VEN,Subnat,VENr118,Portuguesa,44.9,45.4,46.4,48.4,48.4,50,46.5,43.4,41.7,41.4,41.4,40.5,39.7,40,40.3,41.4,42.6,44.8,47.3,49,50.6,50.4,48.5,47.7
Venezuela,America,VEN,Subnat,VENr119,Sucre,43.5,43.6,44.6,46.4,46.4,48,44.6,41.6,39.8,39.5,39.5,38.6,37.9,38.1,38.5,39.5,40.7,42.7,45.3,46.9,48.5,48.4,46.6,45.8
Venezuela,America,VEN,Subnat,VENr120,Tachira,39.8,39.9,40.5,41.8,41.9,42.8,39.2,35.7,33.8,33.4,33.4,32.5,31.6,31.8,32.4,33.5,34.6,36.9,39.7,41.4,43.1,43,41,40.2
Venezuela,America,VEN,Subnat,VENr121,Trujillo,43.3,43.4,44.3,46,46.2,47.6,44.2,41.2,39.3,39.1,39.1,38.2,37.4,37.7,38.2,39.2,40.3,42.4,45,46.6,48.2,48.1,46.2,45.4
Venezuela,America,VEN,Subnat,VENr124,Vargas,38,38.2,38.6,39.9,40.2,41.6,38.9,36.1,34.5,34.2,34,33.1,32.4,32.6,33.1,34,34.9,36.9,39.3,40.8,42.2,42.2,40.5,39.8
Venezuela,America,VEN,Subnat,VENr122,Yaracuy,42.9,43.4,44.2,46,46.2,47.9,44.7,41.8,40.1,39.8,39.8,38.9,38.2,38.5,38.7,39.7,40.9,43,45.5,47.1,48.6,48.3,46.6,45.9
Venezuela,America,VEN,Subnat,VENr123,Zulia,40.3,40.5,41.3,42.8,42.9,44.1,40.8,37.6,35.9,35.6,35.6,34.6,33.8,34,34.5,35.5,36.6,38.6,41.3,43,44.4,44.4,42.5,41.8
Vietnam,Asia/Pacific,VNM,National,VNMt,Total,63.5,62.8,62.1,60.8,59.5,57.2,55.7,52.4,49.5,45.6,43.1,42.2,41.3,40.7,40.2,39.6,39,38.8,38.6,38.2,37.3,37.5,37.2,37.1
Vietnam,Asia/Pacific,VNM,Subnat,VNMr104,"Central Highlands",69.5,68.7,68,67.1,66.2,64.4,63.6,59.3,55.5,50.3,46.7,46.2,45.8,45.6,45.5,44.9,44.2,44,43.8,42.8,41.6,41.8,41.6,41.4
Vietnam,Asia/Pacific,VNM,Subnat,VNMr106,"Mekong River Delta",66.3,65.7,65.1,63.2,61.1,58.2,56,53,50.4,46.6,44,43.1,42.3,41.7,41.2,40.6,39.9,39.6,39.5,39.2,38.6,38.9,38.8,38.6
Vietnam,Asia/Pacific,VNM,Subnat,VNMr103,"North Central Coast and South Central Coast",66.1,65.3,64.6,63.4,62.1,60,58.8,55.4,52.4,48.2,45.3,44.1,43,42.1,41.4,41,40.5,40.4,40.5,40.2,39.7,40.1,39.8,39.6
Vietnam,Asia/Pacific,VNM,Subnat,VNMr102,"North East, North West",70.8,70.2,69.6,68.4,67.1,65.1,64,60.6,57.4,52.6,49.4,48.2,47.2,46.5,45.9,45.7,45.3,45.2,45.5,45.2,44.6,45.1,44.9,44.7
Vietnam,Asia/Pacific,VNM,Subnat,VNMr101,"Red River Delta",60.6,59.7,58.9,58.1,57.2,55.4,54.1,50.6,47.6,44,42.2,41.1,40.2,39.4,38.9,38.5,37.9,37.9,37.8,37.5,36.9,37.4,37.1,36.9
Vietnam,Asia/Pacific,VNM,Subnat,VNMr105,"South East",53,52.2,51.3,50.4,49.1,46.7,44.6,41.4,38.9,37.4,36.5,36,35.5,35.2,35,34.5,33.7,33.4,33.3,32.7,31.8,31.9,31.6,31.4
Yemen,Asia/Pacific,YEM,National,YEMt,Total,93.8,93.1,92.4,91.2,91,89,87.5,86,84.7,83.6,81.4,81.6,81.8,78.3,80.4,82.2,82.9,82.8,85.4,83.8,83.5,83,82.1,80.7
Yemen,Asia/Pacific,YEM,Subnat,YEMr102,"Abyan, Aden (town and countryside), Lahej, Ad Dali (Al Dhalih)",84,83.2,82.3,81,80.7,78.3,76.5,75.4,74.6,74,72.4,73.2,74.1,70.9,73.5,75.3,76.1,76.1,79.1,77.7,77.7,77.5,76.8,75.7
Yemen,Asia/Pacific,YEM,Subnat,YEMr104,"Beida (Al Bayda), Dhamar, Raimah",100,100,100,100,100,99,97.8,95.9,94.1,92.4,89.7,89.5,89.2,85.5,87.6,89.5,90.2,90.3,92.9,91.2,90.8,90.2,89.3,87.7
Yemen,Asia/Pacific,YEM,Subnat,YEMr107,"Hajja, Sada, Amran (Omran)",100,100,100,100,100,99,97.9,96.7,95.6,94.7,92.6,93.1,93.2,90.2,92.3,94.4,95.6,96.2,99,97.7,97.4,97.1,96.4,95.8
Yemen,Asia/Pacific,YEM,Subnat,YEMr108,"Hodeida (Al Hudaydah), Mahweit (Al Mahwit)",98.1,97.3,96.5,95.2,95,93.1,91.6,90.1,88.8,87.6,85.4,85.6,85.7,82.8,85,87,87.9,88.3,90.8,89.3,88.9,88.4,87.5,86.3
Yemen,Asia/Pacific,YEM,Subnat,YEMr101,Ibb,95.7,95,94.2,92.9,92.7,90.7,89.2,87.7,86.5,85.4,83.3,83.5,83.8,80,81.9,83.4,83.7,83.2,85.7,83.7,83,82.1,80.9,78.9
Yemen,Asia/Pacific,YEM,Subnat,YEMr106,"Jawf, Hadramet, Shabda (Shabwah), Marib, Mohra (Al Mahrah)",91.6,91,90.4,89.2,89,86.9,85.4,83.2,81.1,79.2,76.3,75.8,75.3,70.7,73.2,75.1,75.8,75.7,78.7,77.3,77.3,77,76.4,75.1
Yemen,Asia/Pacific,YEM,Subnat,YEMr103,"Sana a (capital; Al Amana), Sana a (governorate)",82.4,81.3,80.2,78.7,78.1,75.4,73.3,72.2,71,70.2,68.3,68.9,69.5,65.8,67.9,69.6,69.9,69.7,72.5,70.8,70.6,70,69.3,67.8
Yemen,Asia/Pacific,YEM,Subnat,YEMr105,Taiz,92.5,91.9,91.2,90.1,89.9,88,86.5,85.1,83.9,82.8,80.6,80.9,81.2,77.9,80.2,82.1,82.9,82.9,85.6,84,83.7,83.2,82.3,80.8
Zambia,Africa,ZMB,National,ZMBt,Total,94.5,93.3,92.6,91.1,90,88.8,87.2,86.1,83.8,82.5,81.4,78.6,76.5,76,75.8,74.3,73.5,71.1,70.2,69.2,67.8,67.4,65.9,64.7
Zambia,Africa,ZMB,Subnat,ZMBr101,Central,97,96.1,95.5,94.3,93.6,92.8,91.5,90.6,88.7,87.6,86.4,83.9,82,81.9,82,79.9,78.6,75.6,74,73.1,71.9,71.5,70,68.8
Zambia,Africa,ZMB,Subnat,ZMBr102,Copperbelt,79.9,78,77.5,75.8,74.2,72.3,70.1,69,65.9,64.6,64.1,60.2,57.8,57.6,57.8,56.3,55.5,53.2,52.8,51.5,50.6,50.1,48.1,46.9
Zambia,Africa,ZMB,Subnat,ZMBr103,Eastern,100,99.9,98.9,98.1,97.8,97.5,96.7,96.2,94.4,93.3,92.1,90.2,88.7,88,87.4,85.6,84.3,81.6,80,79.2,78,77.7,76.3,75.4
Zambia,Africa,ZMB,Subnat,ZMBr104,Luapula,100,100,99.6,98.7,98.3,98,97,96.3,95,94.4,93.7,92.4,91.3,90.8,90.3,88.7,87.6,85.2,83.7,83.3,82.5,82.3,80.6,79.8
Zambia,Africa,ZMB,Subnat,ZMBr105,Lusaka,84.1,82.4,82,79.2,76.5,73.3,69.6,67.3,63.8,62.2,61.7,57,54.5,54.2,54.8,53.3,52.7,50.3,49.9,48.9,48.2,48,46.2,45.6
Zambia,Africa,ZMB,Subnat,ZMBr107,North-Western,100,100,99.9,98.7,98,97.4,96.2,95.3,93.4,92,90.6,88.4,86.5,85.6,84.8,83,81.9,79.3,77.7,77,75.9,75.6,74,73
Zambia,Africa,ZMB,Subnat,ZMBr106,Northern,100,100,99.1,97.7,96.9,96.1,94.9,93.9,92.7,91.8,90.9,89.3,88,88.3,88.7,87.3,86.6,84.4,83.5,82.9,82,81.8,80.1,79.3
Zambia,Africa,ZMB,Subnat,ZMBr108,Southern,99.3,98.4,97.6,95.5,93.8,92.1,89.8,87.9,86,84.9,83.9,81.3,79.4,79.3,79.3,77.6,76.5,73.9,72.2,71.1,69.6,69.2,67.7,66.6
Zambia,Africa,ZMB,Subnat,ZMBr109,Western,100,100,100,99.7,98.8,98.1,96.9,95.9,94.4,93.3,92.1,90.5,89,88.6,88.2,87.2,86.6,84.6,83.2,82.5,81.3,81.1,79.5,78.7
Zimbabwe,Africa,ZWE,National,ZWEt,Total,83.1,83.4,82.8,83.1,83.3,83.1,82.5,82.5,82,79.6,77.1,75.6,73.3,72.5,73.9,72.7,71.7,70.8,71.1,71.1,70.3,69.9,69.3,67.6
Zimbabwe,Africa,ZWE,Subnat,ZWEr110,Bulawayo,57.5,57.8,57.2,57.4,57.4,56.6,55.5,56,55.7,52.5,47.9,47,46.4,45.4,46.5,44.8,44.6,44.3,46,47.3,46.4,46.1,45.4,43.2
Zimbabwe,Africa,ZWE,Subnat,ZWEr109,Harare,59.3,59.7,59.2,59.6,59.8,59.3,58.4,58.9,58.7,54.7,51.2,50.2,48.9,49.3,52.3,51.5,50.5,50.2,51.5,52.2,51.2,51.3,50.6,48.3
Zimbabwe,Africa,ZWE,Subnat,ZWEr101,Manicaland,89.4,89.7,89,89.2,89.3,89,88.4,88.2,87.5,85.1,82.6,80.8,79.6,79.4,81.4,80.8,79.9,78.7,78.5,77.8,77.1,77.2,76.6,75.2
Zimbabwe,Africa,ZWE,Subnat,ZWEr102,"Mashonaland Central",93.6,93.9,93.3,93.7,93.9,93.8,93.2,92.6,91.5,88.9,86.1,84,82.5,82,83.3,82.7,81.8,80.7,80.6,80.3,79.7,79,78.3,77
Zimbabwe,Africa,ZWE,Subnat,ZWEr103,"Mashonaland East",90.2,90.6,90,90.4,90.6,90.5,89.9,90.4,90.3,88.6,86.4,85.3,82.8,81.1,81.4,79.6,78.5,77.4,77.2,76.7,75.9,76.1,75.5,74.1
Zimbabwe,Africa,ZWE,Subnat,ZWEr104,"Mashonaland West",85.6,85.9,85.2,85.4,85.6,85.3,84.6,84.8,84.5,82.7,80.8,79.8,77.7,75.8,76.1,75,74.3,73.6,73.6,73.2,72.2,71.5,70.8,69.1
Zimbabwe,Africa,ZWE,Subnat,ZWEr108,Masvingo,93.5,93.8,93.3,93.7,94.1,94,93.5,93.7,93.4,91.9,90,88.9,85.9,83,82.3,79.7,78.5,77.3,77.5,77.4,76.7,75.8,75.1,73.5
Zimbabwe,Africa,ZWE,Subnat,ZWEr105,"Matebeleland North",92.6,92.8,92.4,92.8,93.2,93.1,92.7,92.1,91.2,89,86.8,84.9,82.9,81.4,81.9,80.4,80.4,80.1,81.1,81.9,81.4,80.5,79.8,78.4
Zimbabwe,Africa,ZWE,Subnat,ZWEr106,"Matebeleland South",90.4,90.6,90,90.3,90.6,90.3,89.8,90.1,90,88.4,86.4,85.1,82.8,80.9,81.1,79.4,78.2,76.8,76.9,76.6,76,74.5,73.9,72.2
Zimbabwe,Africa,ZWE,Subnat,ZWEr107,Midlands,86.4,86.6,86,86.2,86.4,86.2,85.6,85.7,85.2,83,80.6,79.1,76.4,74.8,75.6,73.8,72.9,71.9,72.4,72.5,71.8,71.1,70.4,68.7
