Entity,Code,Year,"Annual freshwater withdrawals, agriculture (% of total freshwater withdrawal)"
Afghanistan,AFG,1987,99.000046
Afghanistan,AFG,1988,98.972824
Afghanistan,AFG,1989,98.94445
Afghanistan,AFG,1990,98.914856
Afghanistan,AFG,1991,98.88395
Afghanistan,AFG,1992,98.85165
Afghanistan,AFG,1993,98.81785
Afghanistan,AFG,1994,98.782455
Afghanistan,AFG,1995,98.74534
Afghanistan,AFG,1996,98.70638
Afghanistan,AFG,1997,98.66544
Afghanistan,AFG,1998,98.62236
Afghanistan,AFG,1999,98.61428
Afghanistan,AFG,2000,98.6062
Afghanistan,AFG,2001,98.51858
Afghanistan,AFG,2002,98.43111
Afghanistan,AFG,2003,98.343796
Afghanistan,AFG,2004,98.25663
Afghanistan,AFG,2005,98.169624
Afghanistan,AFG,2006,98.169624
Afghanistan,AFG,2007,98.169624
Afghanistan,AFG,2008,98.169624
Afghanistan,AFG,2009,98.169624
Afghanistan,AFG,2010,98.169624
Afghanistan,AFG,2011,98.169624
Afghanistan,AFG,2012,98.169624
Afghanistan,AFG,2013,98.169624
Afghanistan,AFG,2014,98.169624
Afghanistan,AFG,2015,98.169624
Afghanistan,AFG,2016,98.169624
Afghanistan,AFG,2017,98.169624
Afghanistan,AFG,2018,98.169624
Afghanistan,AFG,2019,98.169624
Afghanistan,AFG,2020,98.169624
Afghanistan,AFG,2021,98.169624
Albania,ALB,1990,83.333336
Albania,ALB,1991,78.37017
Albania,ALB,1992,73.338066
Albania,ALB,1993,68.23557
Albania,ALB,1994,63.06121
Albania,ALB,1995,57.813442
Albania,ALB,1996,57.774895
Albania,ALB,1997,57.743664
Albania,ALB,1998,57.717846
Albania,ALB,1999,57.696148
Albania,ALB,2000,57.677658
Albania,ALB,2001,55.391155
Albania,ALB,2002,52.864494
Albania,ALB,2003,50.05775
Albania,ALB,2004,46.921608
Albania,ALB,2005,43.394474
Albania,ALB,2006,40.67839
Albania,ALB,2007,42.57297
Albania,ALB,2008,44.544014
Albania,ALB,2009,46.596237
Albania,ALB,2010,48.73477
Albania,ALB,2011,50.96517
Albania,ALB,2012,53.293488
Albania,ALB,2013,55.726315
Albania,ALB,2014,58.27085
Albania,ALB,2015,69.565216
Albania,ALB,2016,70.26432
Albania,ALB,2017,64.01099
Albania,ALB,2018,68.16284
Albania,ALB,2019,61.18479
Albania,ALB,2020,69.338425
Albania,ALB,2021,70.85427
Algeria,DZA,1980,74
Algeria,DZA,1981,74
Algeria,DZA,1982,74
Algeria,DZA,1983,74
Algeria,DZA,1984,74
Algeria,DZA,1985,74
Algeria,DZA,1986,70.5946
Algeria,DZA,1987,67.53846
Algeria,DZA,1988,64.78049
Algeria,DZA,1989,62.279068
Algeria,DZA,1990,60
Algeria,DZA,1991,60.084587
Algeria,DZA,1992,60.16506
Algeria,DZA,1993,60.24171
Algeria,DZA,1994,60.314808
Algeria,DZA,1995,60.38459
Algeria,DZA,1996,60.451283
Algeria,DZA,1997,60.515083
Algeria,DZA,1998,60.576176
Algeria,DZA,1999,60.634727
Algeria,DZA,2000,60.6909
Algeria,DZA,2001,60.128773
Algeria,DZA,2002,60.015
Algeria,DZA,2003,59.90977
Algeria,DZA,2004,59.812157
Algeria,DZA,2005,59.721363
Algeria,DZA,2006,59.636692
Algeria,DZA,2007,59.557556
Algeria,DZA,2008,59.483418
Algeria,DZA,2009,59.413826
Algeria,DZA,2010,59.348373
Algeria,DZA,2011,59.286697
Algeria,DZA,2012,59.228485
Algeria,DZA,2013,61.60402
Algeria,DZA,2014,63.803905
Algeria,DZA,2015,65.84694
Algeria,DZA,2016,64.14111
Algeria,DZA,2017,63.7641
Algeria,DZA,2018,63.7641
Algeria,DZA,2019,63.7641
Algeria,DZA,2020,63.7641
Algeria,DZA,2021,63.7641
Angola,AGO,1987,76.041664
Angola,AGO,1988,71.71315
Angola,AGO,1989,67.596405
Angola,AGO,1990,63.67626
Angola,AGO,1991,59.938972
Angola,AGO,1992,56.37203
Angola,AGO,1993,52.964043
Angola,AGO,1994,49.704624
Angola,AGO,1995,46.584263
Angola,AGO,1996,43.59425
Angola,AGO,1997,40.726578
Angola,AGO,1998,37.973892
Angola,AGO,1999,35.329414
Angola,AGO,2000,32.786884
Angola,AGO,2001,30.194626
Angola,AGO,2002,27.70394
Angola,AGO,2003,25.30897
Angola,AGO,2004,23.004301
Angola,AGO,2005,20.784925
Angola,AGO,2006,20.784925
Angola,AGO,2007,20.784925
Angola,AGO,2008,20.784925
Angola,AGO,2009,20.784925
Angola,AGO,2010,20.784925
Angola,AGO,2011,20.784925
Angola,AGO,2012,20.784925
Angola,AGO,2013,20.784925
Angola,AGO,2014,20.784925
Angola,AGO,2015,20.784925
Angola,AGO,2016,20.784925
Angola,AGO,2017,20.784925
Angola,AGO,2018,20.784925
Angola,AGO,2019,20.784925
Angola,AGO,2020,20.784925
Angola,AGO,2021,20.784925
Antigua and Barbuda,ATG,1990,20
Antigua and Barbuda,ATG,1991,19.952623
Antigua and Barbuda,ATG,1992,19.909185
Antigua and Barbuda,ATG,1993,19.869215
Antigua and Barbuda,ATG,1994,19.832312
Antigua and Barbuda,ATG,1995,19.798136
Antigua and Barbuda,ATG,1996,19.766397
Antigua and Barbuda,ATG,1997,19.736841
Antigua and Barbuda,ATG,1998,19.080235
Antigua and Barbuda,ATG,1999,18.46591
Antigua and Barbuda,ATG,2000,17.889908
Antigua and Barbuda,ATG,2001,17.165493
Antigua and Barbuda,ATG,2002,16.839378
Antigua and Barbuda,ATG,2003,16.35906
Antigua and Barbuda,ATG,2004,15.905383
Antigua and Barbuda,ATG,2005,15.476191
Antigua and Barbuda,ATG,2006,15.508885
Antigua and Barbuda,ATG,2007,15.538462
Antigua and Barbuda,ATG,2008,15.565345
Antigua and Barbuda,ATG,2009,15.589888
Antigua and Barbuda,ATG,2010,15.612382
Antigua and Barbuda,ATG,2011,15.633075
Antigua and Barbuda,ATG,2012,15.652174
Antigua and Barbuda,ATG,2013,15.652174
Antigua and Barbuda,ATG,2014,15.652174
Antigua and Barbuda,ATG,2015,15.652174
Antigua and Barbuda,ATG,2016,15.652174
Antigua and Barbuda,ATG,2017,15.652174
Antigua and Barbuda,ATG,2018,15.652174
Antigua and Barbuda,ATG,2019,15.652174
Antigua and Barbuda,ATG,2020,15.652174
Antigua and Barbuda,ATG,2021,15.652174
Argentina,ARG,1995,75.29741
Argentina,ARG,1996,74.32062
Argentina,ARG,1997,73.36885
Argentina,ARG,1998,72.44115
Argentina,ARG,1999,71.536606
Argentina,ARG,2000,70.65438
Argentina,ARG,2001,71.01563
Argentina,ARG,2002,71.36175
Argentina,ARG,2003,71.69367
Argentina,ARG,2004,72.01225
Argentina,ARG,2005,72.31828
Argentina,ARG,2006,72.61249
Argentina,ARG,2007,72.89554
Argentina,ARG,2008,73.16806
Argentina,ARG,2009,73.430626
Argentina,ARG,2010,73.68378
Argentina,ARG,2011,73.928
Argentina,ARG,2012,73.928
Argentina,ARG,2013,73.928
Argentina,ARG,2014,73.928
Argentina,ARG,2015,73.928
Argentina,ARG,2016,73.928
Argentina,ARG,2017,73.928
Argentina,ARG,2018,73.928
Argentina,ARG,2019,73.928
Argentina,ARG,2020,73.928
Argentina,ARG,2021,73.928
Armenia,ARM,1995,66.32478
Armenia,ARM,1996,66.2756
Armenia,ARM,1997,66.21994
Armenia,ARM,1998,66.15643
Armenia,ARM,1999,66.0833
Armenia,ARM,2000,65.99817
Armenia,ARM,2001,65.8928
Armenia,ARM,2002,65.7667
Armenia,ARM,2003,65.752174
Armenia,ARM,2004,65.75802
Armenia,ARM,2005,65.75577
Armenia,ARM,2006,65.75876
Armenia,ARM,2007,66.95005
Armenia,ARM,2008,64.678116
Armenia,ARM,2009,61.8423
Armenia,ARM,2010,58.202927
Armenia,ARM,2011,67.473335
Armenia,ARM,2012,71.6763
Armenia,ARM,2013,77.50889
Armenia,ARM,2014,74.9082
Armenia,ARM,2015,81.74312
Armenia,ARM,2016,80
Armenia,ARM,2017,73.17073
Armenia,ARM,2018,69.34414
Armenia,ARM,2019,74.48517
Armenia,ARM,2020,70.34288
Armenia,ARM,2021,76.0364
Australia,AUS,1993,65.44672
Australia,AUS,1994,69.48912
Australia,AUS,1995,66.95171
Australia,AUS,1996,69.85129
Australia,AUS,1997,69.73565
Australia,AUS,1998,69.61899
Australia,AUS,1999,69.50128
Australia,AUS,2000,69.382515
Australia,AUS,2001,69.26267
Australia,AUS,2002,68.361496
Australia,AUS,2003,67.394905
Australia,AUS,2004,66.355515
Australia,AUS,2005,65.23477
Australia,AUS,2006,62.59364
Australia,AUS,2007,59.574078
Australia,AUS,2008,56.088474
Australia,AUS,2009,52.019917
Australia,AUS,2010,53.83321
Australia,AUS,2011,55.113976
Australia,AUS,2012,59.84768
Australia,AUS,2013,65.677536
Australia,AUS,2014,63.358368
Australia,AUS,2015,54.2412
Australia,AUS,2016,65.53727
Australia,AUS,2017,69.41419
Australia,AUS,2018,70.6583
Australia,AUS,2019,66.64541
Australia,AUS,2020,62.215702
Australia,AUS,2021,67.83555
Austria,AUT,1980,2.692837
Austria,AUT,1981,3.3041077
Austria,AUT,1982,3.8984766
Austria,AUT,1983,4.4766355
Austria,AUT,1984,5.039238
Austria,AUT,1985,5.5869045
Austria,AUT,1986,4.9651613
Austria,AUT,1987,4.358818
Austria,AUT,1988,3.7673094
Austria,AUT,1989,3.190098
Austria,AUT,1990,2.6266713
Austria,AUT,1991,2.6770177
Austria,AUT,1992,2.7293322
Austria,AUT,1993,2.783732
Austria,AUT,1994,2.8403442
Austria,AUT,1995,2.899307
Austria,AUT,1996,2.8196018
Austria,AUT,1997,2.7441618
Austria,AUT,1998,2.735333
Austria,AUT,1999,2.7265043
Austria,AUT,2000,2.7485533
Austria,AUT,2001,2.7709615
Austria,AUT,2002,2.7937384
Austria,AUT,2003,2.7384672
Austria,AUT,2004,2.6821806
Austria,AUT,2005,2.6248505
Austria,AUT,2006,2.5664477
Austria,AUT,2007,2.5069413
Austria,AUT,2008,2.4463003
Austria,AUT,2009,2.3554256
Austria,AUT,2010,2.2650368
Austria,AUT,2011,2.4391413
Austria,AUT,2012,2.616298
Austria,AUT,2013,2.796588
Austria,AUT,2014,2.9800954
Austria,AUT,2015,3.1669066
Austria,AUT,2016,3.3571122
Austria,AUT,2017,3.5508053
Austria,AUT,2018,3.7480826
Austria,AUT,2019,3.9490447
Austria,AUT,2020,3.9490447
Austria,AUT,2021,3.9490447
Azerbaijan,AZE,1992,67.46081
Azerbaijan,AZE,1993,70.12777
Azerbaijan,AZE,1994,75.04203
Azerbaijan,AZE,1995,75.53735
Azerbaijan,AZE,1996,74.809814
Azerbaijan,AZE,1997,73.94977
Azerbaijan,AZE,1998,64.94192
Azerbaijan,AZE,1999,56.44218
Azerbaijan,AZE,2000,90
Azerbaijan,AZE,2001,90.204575
Azerbaijan,AZE,2002,88.16413
Azerbaijan,AZE,2003,86.79407
Azerbaijan,AZE,2004,87.19463
Azerbaijan,AZE,2005,88.51695
Azerbaijan,AZE,2006,88.58696
Azerbaijan,AZE,2007,89.91312
Azerbaijan,AZE,2008,90.841286
Azerbaijan,AZE,2009,92.46858
Azerbaijan,AZE,2010,92.06928
Azerbaijan,AZE,2011,91.067635
Azerbaijan,AZE,2012,90.59708
Azerbaijan,AZE,2013,90.536934
Azerbaijan,AZE,2014,89.87232
Azerbaijan,AZE,2015,91.14552
Azerbaijan,AZE,2016,91.09277
Azerbaijan,AZE,2017,92.087456
Azerbaijan,AZE,2018,92.35638
Azerbaijan,AZE,2019,92.24782
Azerbaijan,AZE,2020,91.83055
Azerbaijan,AZE,2021,92.24244
Bahrain,BHR,1990,56.485355
Bahrain,BHR,1991,55.45631
Bahrain,BHR,1992,54.512165
Bahrain,BHR,1993,53.642834
Bahrain,BHR,1994,52.839764
Bahrain,BHR,1995,52.09565
Bahrain,BHR,1996,51.40424
Bahrain,BHR,1997,50.760117
Bahrain,BHR,1998,50.158596
Bahrain,BHR,1999,49.59558
Bahrain,BHR,2000,49.067497
Bahrain,BHR,2001,47.528233
Bahrain,BHR,2002,46.020702
Bahrain,BHR,2003,44.54393
Bahrain,BHR,2004,43.166943
Bahrain,BHR,2005,41.83809
Bahrain,BHR,2006,40.554886
Bahrain,BHR,2007,39.31502
Bahrain,BHR,2008,38.11634
Bahrain,BHR,2009,36.95682
Bahrain,BHR,2010,35.834576
Bahrain,BHR,2011,34.747833
Bahrain,BHR,2012,33.69494
Bahrain,BHR,2013,32.67433
Bahrain,BHR,2014,31.684555
Bahrain,BHR,2015,32.168648
Bahrain,BHR,2016,33.310314
Bahrain,BHR,2017,33.310314
Bahrain,BHR,2018,33.310314
Bahrain,BHR,2019,33.310314
Bahrain,BHR,2020,33.310314
Bahrain,BHR,2021,33.310314
Bangladesh,BGD,2008,87.817116
Bangladesh,BGD,2009,87.817116
Bangladesh,BGD,2010,87.817116
Bangladesh,BGD,2011,87.817116
Bangladesh,BGD,2012,87.817116
Bangladesh,BGD,2013,87.817116
Bangladesh,BGD,2014,87.817116
Bangladesh,BGD,2015,87.817116
Bangladesh,BGD,2016,87.817116
Bangladesh,BGD,2017,87.817116
Bangladesh,BGD,2018,87.817116
Bangladesh,BGD,2019,87.817116
Bangladesh,BGD,2020,87.817116
Bangladesh,BGD,2021,87.817116
Barbados,BRB,1989,77.7305
Barbados,BRB,1990,76.111115
Barbados,BRB,1991,74.55782
Barbados,BRB,1992,73.066666
Barbados,BRB,1993,71.63399
Barbados,BRB,1994,70.25641
Barbados,BRB,1995,68.93082
Barbados,BRB,1996,67.65432
Barbados,BRB,1997,67.65432
Barbados,BRB,1998,67.65432
Barbados,BRB,1999,67.65432
Barbados,BRB,2000,67.65432
Barbados,BRB,2001,67.65432
Barbados,BRB,2002,67.65432
Barbados,BRB,2003,67.65432
Barbados,BRB,2004,67.65432
Barbados,BRB,2005,67.65432
Barbados,BRB,2006,67.65432
Barbados,BRB,2007,67.65432
Barbados,BRB,2008,67.65432
Barbados,BRB,2009,67.65432
Barbados,BRB,2010,67.65432
Barbados,BRB,2011,67.65432
Barbados,BRB,2012,67.65432
Barbados,BRB,2013,67.65432
Barbados,BRB,2014,67.65432
Barbados,BRB,2015,67.65432
Barbados,BRB,2016,67.65432
Barbados,BRB,2017,67.65432
Barbados,BRB,2018,67.65432
Barbados,BRB,2019,67.65432
Barbados,BRB,2020,67.65432
Barbados,BRB,2021,67.65432
Belarus,BLR,1995,28.686869
Belarus,BLR,1996,27.815928
Belarus,BLR,1997,26.919077
Belarus,BLR,1998,25.995144
Belarus,BLR,1999,25.042881
Belarus,BLR,2000,24.060968
Belarus,BLR,2001,24.04462
Belarus,BLR,2002,24.027794
Belarus,BLR,2003,24.010464
Belarus,BLR,2004,23.99261
Belarus,BLR,2005,23.974209
Belarus,BLR,2006,25.167225
Belarus,BLR,2007,26.406136
Belarus,BLR,2008,27.693644
Belarus,BLR,2009,29.032667
Belarus,BLR,2010,30.426357
Belarus,BLR,2011,31.041214
Belarus,BLR,2012,31.66521
Belarus,BLR,2013,32.298546
Belarus,BLR,2014,32.97263
Belarus,BLR,2015,29.99309
Belarus,BLR,2016,29.476583
Belarus,BLR,2017,30.851826
Belarus,BLR,2018,29.906542
Belarus,BLR,2019,27.025038
Belarus,BLR,2020,27.614748
Belarus,BLR,2021,27.789474
Belgium,BEL,1980,3.9997785
Belgium,BEL,1981,3.764012
Belgium,BEL,1982,3.525501
Belgium,BEL,1983,3.2841969
Belgium,BEL,1984,3.0400507
Belgium,BEL,1985,2.7930117
Belgium,BEL,1986,2.543028
Belgium,BEL,1987,2.290047
Belgium,BEL,1988,2.0340142
Belgium,BEL,1989,1.7748743
Belgium,BEL,1990,1.5125701
Belgium,BEL,1991,1.2470436
Belgium,BEL,1992,0.97823477
Belgium,BEL,1993,0.70608246
Belgium,BEL,1994,0.43052402
Belgium,BEL,1995,0.15149495
Belgium,BEL,1996,0.17878315
Belgium,BEL,1997,0.20806243
Belgium,BEL,1998,0.29455915
Belgium,BEL,1999,0.38222942
Belgium,BEL,2000,0.4710972
Belgium,BEL,2001,0.521242
Belgium,BEL,2002,0.5669338
Belgium,BEL,2003,0.58734417
Belgium,BEL,2004,0.5427624
Belgium,BEL,2005,0.5541467
Belgium,BEL,2006,0.58387214
Belgium,BEL,2007,0.5935052
Belgium,BEL,2008,0.64049923
Belgium,BEL,2009,0.66644454
Belgium,BEL,2010,0.68243325
Belgium,BEL,2011,0.7004378
Belgium,BEL,2012,0.720865
Belgium,BEL,2013,0.83619213
Belgium,BEL,2014,0.9276438
Belgium,BEL,2015,1.12669
Belgium,BEL,2016,1.0998468
Belgium,BEL,2017,1.0410402
Belgium,BEL,2018,1.2993582
Belgium,BEL,2019,1.3297548
Belgium,BEL,2020,1.1580566
Belgium,BEL,2021,1.1580566
Belize,BLZ,1987,90
Belize,BLZ,1988,79.402534
Belize,BLZ,1989,71.30614
Belize,BLZ,1990,64.91885
Belize,BLZ,1991,59.751167
Belize,BLZ,1992,55.484222
Belize,BLZ,1993,51.901386
Belize,BLZ,1994,55.83336
Belize,BLZ,1995,58.451374
Belize,BLZ,1996,61.26766
Belize,BLZ,1997,63.437267
Belize,BLZ,1998,65.16
Belize,BLZ,1999,66.56103
Belize,BLZ,2000,67.72277
Belize,BLZ,2001,67.72277
Belize,BLZ,2002,67.72277
Belize,BLZ,2003,67.72277
Belize,BLZ,2004,67.72277
Belize,BLZ,2005,67.72277
Belize,BLZ,2006,67.72277
Belize,BLZ,2007,67.72277
Belize,BLZ,2008,67.72277
Belize,BLZ,2009,67.72277
Belize,BLZ,2010,67.72277
Belize,BLZ,2011,67.72277
Belize,BLZ,2012,67.72277
Belize,BLZ,2013,67.72277
Belize,BLZ,2014,67.72277
Belize,BLZ,2015,67.72277
Belize,BLZ,2016,67.72277
Belize,BLZ,2017,67.72277
Belize,BLZ,2018,67.72277
Belize,BLZ,2019,67.72277
Belize,BLZ,2020,67.72277
Belize,BLZ,2021,67.72277
Benin,BEN,1985,58.18182
Benin,BEN,1986,58.9283
Benin,BEN,1987,59.614662
Benin,BEN,1988,60.247887
Benin,BEN,1989,60.83391
Benin,BEN,1990,61.37783
Benin,BEN,1991,61.88591
Benin,BEN,1992,62.359795
Benin,BEN,1993,62.802826
Benin,BEN,1994,63.217922
Benin,BEN,1995,61.011303
Benin,BEN,1996,58.703987
Benin,BEN,1997,56.288918
Benin,BEN,1998,53.75837
Benin,BEN,1999,51.103855
Benin,BEN,2000,48.316036
Benin,BEN,2001,45.384617
Benin,BEN,2002,42.53347
Benin,BEN,2003,40.01938
Benin,BEN,2004,37.78591
Benin,BEN,2005,35.788563
Benin,BEN,2006,33.991768
Benin,BEN,2007,32.36677
Benin,BEN,2008,30.890053
Benin,BEN,2009,29.542204
Benin,BEN,2010,28.30706
Benin,BEN,2011,27.171053
Benin,BEN,2012,26.122707
Benin,BEN,2013,25.152254
Benin,BEN,2014,24.251322
Benin,BEN,2015,23.412699
Benin,BEN,2016,24.686192
Benin,BEN,2017,25.213675
Benin,BEN,2018,25.213675
Benin,BEN,2019,25.213675
Benin,BEN,2020,25.213675
Benin,BEN,2021,25.213675
Bhutan,BTN,2008,94.08284
Bhutan,BTN,2009,94.08284
Bhutan,BTN,2010,94.08284
Bhutan,BTN,2011,94.08284
Bhutan,BTN,2012,94.08284
Bhutan,BTN,2013,94.08284
Bhutan,BTN,2014,94.08284
Bhutan,BTN,2015,94.08284
Bhutan,BTN,2016,94.08284
Bhutan,BTN,2017,94.08284
Bhutan,BTN,2018,94.08284
Bhutan,BTN,2019,94.08284
Bhutan,BTN,2020,94.08284
Bhutan,BTN,2021,94.08284
Bolivia,BOL,1987,85
Bolivia,BOL,1988,85.749016
Bolivia,BOL,1989,86.43251
Bolivia,BOL,1990,87.05873
Bolivia,BOL,1991,87.634575
Bolivia,BOL,1992,88.16589
Bolivia,BOL,1993,88.65765
Bolivia,BOL,1994,89.11411
Bolivia,BOL,1995,89.53895
Bolivia,BOL,1996,89.93533
Bolivia,BOL,1997,90.30603
Bolivia,BOL,1998,90.653465
Bolivia,BOL,1999,90.97975
Bolivia,BOL,2000,91.09039
Bolivia,BOL,2001,91.19934
Bolivia,BOL,2002,91.306656
Bolivia,BOL,2003,91.41236
Bolivia,BOL,2004,91.516495
Bolivia,BOL,2005,91.619095
Bolivia,BOL,2006,91.72019
Bolivia,BOL,2007,91.81982
Bolivia,BOL,2008,91.954025
Bolivia,BOL,2009,91.954025
Bolivia,BOL,2010,91.44484
Bolivia,BOL,2011,90.94126
Bolivia,BOL,2012,90.4432
Bolivia,BOL,2013,89.95057
Bolivia,BOL,2014,89.463264
Bolivia,BOL,2015,88.981224
Bolivia,BOL,2016,88.50434
Bolivia,BOL,2017,88.03255
Bolivia,BOL,2018,87.56576
Bolivia,BOL,2019,87.10389
Bolivia,BOL,2020,86.911575
Bolivia,BOL,2021,87.07838
Botswana,BWA,1992,47.78761
Botswana,BWA,1993,46.50785
Botswana,BWA,1994,45.42271
Botswana,BWA,1995,44.490936
Botswana,BWA,1996,43.66858
Botswana,BWA,1997,42.947933
Botswana,BWA,1998,42.311234
Botswana,BWA,1999,41.744617
Botswana,BWA,2000,41.237114
Botswana,BWA,2001,40.547436
Botswana,BWA,2002,39.871838
Botswana,BWA,2003,39.209896
Botswana,BWA,2004,38.5612
Botswana,BWA,2005,37.92535
Botswana,BWA,2006,37.885212
Botswana,BWA,2007,37.844616
Botswana,BWA,2008,37.80355
Botswana,BWA,2009,37.762016
Botswana,BWA,2010,37.719994
Botswana,BWA,2011,37.677486
Botswana,BWA,2012,38.239834
Botswana,BWA,2013,36.70853
Botswana,BWA,2014,35.125065
Botswana,BWA,2015,36.315228
Botswana,BWA,2016,40.23845
Botswana,BWA,2017,35.751297
Botswana,BWA,2018,39.019608
Botswana,BWA,2019,36.92757
Botswana,BWA,2020,36.9598
Botswana,BWA,2021,33.387123
Brazil,BRA,1996,60.925823
Brazil,BRA,1997,60.259106
Brazil,BRA,1998,59.60007
Brazil,BRA,1999,58.948593
Brazil,BRA,2000,58.304543
Brazil,BRA,2001,57.66779
Brazil,BRA,2002,57.03821
Brazil,BRA,2003,56.415688
Brazil,BRA,2004,55.800106
Brazil,BRA,2005,55.19134
Brazil,BRA,2006,54.58929
Brazil,BRA,2007,56.21587
Brazil,BRA,2008,57.63732
Brazil,BRA,2009,58.89015
Brazil,BRA,2010,60.002674
Brazil,BRA,2011,58.707516
Brazil,BRA,2012,57.321606
Brazil,BRA,2013,55.835064
Brazil,BRA,2014,54.236507
Brazil,BRA,2015,54.026966
Brazil,BRA,2016,60.86563
Brazil,BRA,2017,60.033497
Brazil,BRA,2018,58.3609
Brazil,BRA,2019,63.078293
Brazil,BRA,2020,61.636906
Brazil,BRA,2021,61.313328
Brunei,BRN,1995,5.7608695
Brunei,BRN,1996,5.7608695
Brunei,BRN,1997,5.7608695
Brunei,BRN,1998,5.7608695
Brunei,BRN,1999,5.7608695
Brunei,BRN,2000,5.7608695
Brunei,BRN,2001,5.7608695
Brunei,BRN,2002,5.7608695
Brunei,BRN,2003,5.7608695
Brunei,BRN,2004,5.7608695
Brunei,BRN,2005,5.7608695
Brunei,BRN,2006,5.7608695
Brunei,BRN,2007,5.7608695
Brunei,BRN,2008,5.7608695
Brunei,BRN,2009,5.7608695
Brunei,BRN,2010,5.7608695
Brunei,BRN,2011,5.7608695
Brunei,BRN,2012,5.7608695
Brunei,BRN,2013,5.7608695
Brunei,BRN,2014,5.7608695
Brunei,BRN,2015,5.7608695
Brunei,BRN,2016,5.7608695
Brunei,BRN,2017,5.7608695
Brunei,BRN,2018,5.7608695
Brunei,BRN,2019,5.7608695
Brunei,BRN,2020,5.7608695
Brunei,BRN,2021,5.7608695
Bulgaria,BGR,1988,24.46674
Bulgaria,BGR,1989,22.071112
Bulgaria,BGR,1990,29.18543
Bulgaria,BGR,1991,28.3761
Bulgaria,BGR,1992,27.53383
Bulgaria,BGR,1993,26.656572
Bulgaria,BGR,1994,25.742096
Bulgaria,BGR,1995,24.787981
Bulgaria,BGR,1996,23.791597
Bulgaria,BGR,1997,22.750069
Bulgaria,BGR,1998,21.660257
Bulgaria,BGR,1999,20.518724
Bulgaria,BGR,2000,19.321703
Bulgaria,BGR,2001,14.832339
Bulgaria,BGR,2002,11.27637
Bulgaria,BGR,2003,15.957924
Bulgaria,BGR,2004,13.625038
Bulgaria,BGR,2005,13.605622
Bulgaria,BGR,2006,13.585718
Bulgaria,BGR,2007,11.27637
Bulgaria,BGR,2008,15.813419
Bulgaria,BGR,2009,16.276752
Bulgaria,BGR,2010,15.76086
Bulgaria,BGR,2011,16.444534
Bulgaria,BGR,2012,16.612423
Bulgaria,BGR,2013,15.087784
Bulgaria,BGR,2014,13.516128
Bulgaria,BGR,2015,14.722706
Bulgaria,BGR,2016,15.9518585
Bulgaria,BGR,2017,14.757865
Bulgaria,BGR,2018,13.345622
Bulgaria,BGR,2019,11.453339
Bulgaria,BGR,2020,12.822533
Bulgaria,BGR,2021,13.101228
Burkina Faso,BFA,1985,79.31035
Burkina Faso,BFA,1986,79.53553
Burkina Faso,BFA,1987,79.74313
Burkina Faso,BFA,1988,79.935135
Burkina Faso,BFA,1989,80.113235
Burkina Faso,BFA,1990,80.278885
Burkina Faso,BFA,1991,80.43717
Burkina Faso,BFA,1992,80.585106
Burkina Faso,BFA,1993,79.9702
Burkina Faso,BFA,1994,79.41239
Burkina Faso,BFA,1995,78.90409
Burkina Faso,BFA,1996,78.43897
Burkina Faso,BFA,1997,78.011765
Burkina Faso,BFA,1998,77.61801
Burkina Faso,BFA,1999,66.082924
Burkina Faso,BFA,2000,58.014423
Burkina Faso,BFA,2001,57.147903
Burkina Faso,BFA,2002,55.602547
Burkina Faso,BFA,2003,54.13857
Burkina Faso,BFA,2004,52.749706
Burkina Faso,BFA,2005,51.430317
Burkina Faso,BFA,2006,51.430317
Burkina Faso,BFA,2007,51.430317
Burkina Faso,BFA,2008,51.430317
Burkina Faso,BFA,2009,51.430317
Burkina Faso,BFA,2010,51.430317
Burkina Faso,BFA,2011,51.430317
Burkina Faso,BFA,2012,51.430317
Burkina Faso,BFA,2013,51.430317
Burkina Faso,BFA,2014,51.430317
Burkina Faso,BFA,2015,51.430317
Burkina Faso,BFA,2016,51.430317
Burkina Faso,BFA,2017,51.430317
Burkina Faso,BFA,2018,51.430317
Burkina Faso,BFA,2019,51.430317
Burkina Faso,BFA,2020,51.430317
Burkina Faso,BFA,2021,51.430317
Burundi,BDI,1987,64
Burundi,BDI,1988,66.53226
Burundi,BDI,1989,68.49642
Burundi,BDI,1990,70.06438
Burundi,BDI,1991,71.34503
Burundi,BDI,1992,72.41071
Burundi,BDI,1993,73.31137
Burundi,BDI,1994,74.082565
Burundi,BDI,1995,74.75036
Burundi,BDI,1996,75.33422
Burundi,BDI,1997,75.84906
Burundi,BDI,1998,76.30641
Burundi,BDI,1999,76.71541
Burundi,BDI,2000,77.083336
Burundi,BDI,2001,77.50855
Burundi,BDI,2002,77.93849
Burundi,BDI,2003,78.37322
Burundi,BDI,2004,78.812836
Burundi,BDI,2005,79.25741
Burundi,BDI,2006,79.25741
Burundi,BDI,2007,79.25741
Burundi,BDI,2008,79.25741
Burundi,BDI,2009,79.25741
Burundi,BDI,2010,79.25741
Burundi,BDI,2011,79.25741
Burundi,BDI,2012,79.25741
Burundi,BDI,2013,79.25741
Burundi,BDI,2014,79.25741
Burundi,BDI,2015,79.25741
Burundi,BDI,2016,79.25741
Burundi,BDI,2017,79.25741
Burundi,BDI,2018,79.25741
Burundi,BDI,2019,79.25741
Burundi,BDI,2020,79.25741
Burundi,BDI,2021,79.25741
Cambodia,KHM,2006,94.00183
Cambodia,KHM,2007,94.00183
Cambodia,KHM,2008,94.00183
Cambodia,KHM,2009,94.00183
Cambodia,KHM,2010,94.00183
Cambodia,KHM,2011,94.00183
Cambodia,KHM,2012,94.00183
Cambodia,KHM,2013,94.00183
Cambodia,KHM,2014,94.00183
Cambodia,KHM,2015,94.00183
Cambodia,KHM,2016,94.00183
Cambodia,KHM,2017,94.00183
Cambodia,KHM,2018,94.00183
Cambodia,KHM,2019,94.00183
Cambodia,KHM,2020,94.00183
Cambodia,KHM,2021,94.00183
Cameroon,CMR,1987,35.353535
Cameroon,CMR,1988,35.282257
Cameroon,CMR,1989,35.21127
Cameroon,CMR,1990,35.141415
Cameroon,CMR,1991,35.07014
Cameroon,CMR,1992,35
Cameroon,CMR,1993,45.5873
Cameroon,CMR,1994,53.406574
Cameroon,CMR,1995,59.417866
Cameroon,CMR,1996,64.18326
Cameroon,CMR,1997,68.05371
Cameroon,CMR,1998,71.2597
Cameroon,CMR,1999,73.9588
Cameroon,CMR,2000,76.26242
Cameroon,CMR,2001,74.38434
Cameroon,CMR,2002,72.596535
Cameroon,CMR,2003,70.892654
Cameroon,CMR,2004,69.266914
Cameroon,CMR,2005,67.71407
Cameroon,CMR,2006,67.71407
Cameroon,CMR,2007,67.71407
Cameroon,CMR,2008,67.71407
Cameroon,CMR,2009,67.71407
Cameroon,CMR,2010,67.71407
Cameroon,CMR,2011,67.71407
Cameroon,CMR,2012,67.71407
Cameroon,CMR,2013,67.71407
Cameroon,CMR,2014,67.71407
Cameroon,CMR,2015,67.71407
Cameroon,CMR,2016,67.71407
Cameroon,CMR,2017,67.71407
Cameroon,CMR,2018,67.71407
Cameroon,CMR,2019,67.71407
Cameroon,CMR,2020,67.71407
Cameroon,CMR,2021,67.71407
Canada,CAN,1991,8.850597
Canada,CAN,1992,9.0158
Canada,CAN,1993,9.185331
Canada,CAN,1994,9.359363
Canada,CAN,1995,9.538076
Canada,CAN,1996,9.7216625
Canada,CAN,1997,9.42521
Canada,CAN,1998,9.123162
Canada,CAN,1999,8.827045
Canada,CAN,2000,8.524423
Canada,CAN,2001,8.102637
Canada,CAN,2002,7.6831512
Canada,CAN,2003,7.265945
Canada,CAN,2004,6.8510003
Canada,CAN,2005,6.438299
Canada,CAN,2006,6.0278234
Canada,CAN,2007,5.6195545
Canada,CAN,2008,5.6195545
Canada,CAN,2009,5.6195545
Canada,CAN,2010,11.705452
Canada,CAN,2011,10.995891
Canada,CAN,2012,10.200204
Canada,CAN,2013,9.35887
Canada,CAN,2014,8.458601
Canada,CAN,2015,7.505688
Canada,CAN,2016,9.099184
Canada,CAN,2017,10.644636
Canada,CAN,2018,10.896205
Canada,CAN,2019,11.159952
Canada,CAN,2020,11.433058
Canada,CAN,2021,11.433058
Cape Verde,CPV,2001,91.39785
Cape Verde,CPV,2002,67.25219
Cape Verde,CPV,2003,54.394726
Cape Verde,CPV,2004,46.40933
Cape Verde,CPV,2005,43.65148
Cape Verde,CPV,2006,41.80334
Cape Verde,CPV,2007,40.47852
Cape Verde,CPV,2008,39.482307
Cape Verde,CPV,2009,38.705933
Cape Verde,CPV,2010,38.08386
Cape Verde,CPV,2011,37.57424
Cape Verde,CPV,2012,37.149117
Cape Verde,CPV,2013,36.78908
Cape Verde,CPV,2014,36.480247
Cape Verde,CPV,2015,36.212418
Cape Verde,CPV,2016,35.977936
Cape Verde,CPV,2017,35.77094
Cape Verde,CPV,2018,35.58686
Cape Verde,CPV,2019,35.422092
Cape Verde,CPV,2020,38.637978
Cape Verde,CPV,2021,42.52555
Central African Republic,CAF,1987,2.0618556
Central African Republic,CAF,1988,1.7391304
Central African Republic,CAF,1989,1.5037594
Central African Republic,CAF,1990,1.3245033
Central African Republic,CAF,1991,1.183432
Central African Republic,CAF,1992,1.0695187
Central African Republic,CAF,1993,0.9756098
Central African Republic,CAF,1994,0.89686096
Central African Republic,CAF,1995,0.8298755
Central African Republic,CAF,1996,0.77220076
Central African Republic,CAF,1997,0.72202164
Central African Republic,CAF,1998,0.6779661
Central African Republic,CAF,1999,0.63897765
Central African Republic,CAF,2000,0.6042296
Central African Republic,CAF,2001,0.59294397
Central African Republic,CAF,2002,0.5820722
Central African Republic,CAF,2003,0.57159185
Central African Republic,CAF,2004,0.5614823
Central African Republic,CAF,2005,0.55172414
Central African Republic,CAF,2006,0.55172414
Central African Republic,CAF,2007,0.55172414
Central African Republic,CAF,2008,0.55172414
Central African Republic,CAF,2009,0.55172414
Central African Republic,CAF,2010,0.55172414
Central African Republic,CAF,2011,0.55172414
Central African Republic,CAF,2012,0.55172414
Central African Republic,CAF,2013,0.55172414
Central African Republic,CAF,2014,0.55172414
Central African Republic,CAF,2015,0.55172414
Central African Republic,CAF,2016,0.55172414
Central African Republic,CAF,2017,0.55172414
Central African Republic,CAF,2018,0.55172414
Central African Republic,CAF,2019,0.55172414
Central African Republic,CAF,2020,0.55172414
Central African Republic,CAF,2021,0.55172414
Chad,TCD,1987,81.76796
Chad,TCD,1988,80.58487
Chad,TCD,1989,79.80061
Chad,TCD,1990,79.24261
Chad,TCD,1991,78.82529
Chad,TCD,1992,78.501396
Chad,TCD,1993,78.24273
Chad,TCD,1994,78.03137
Chad,TCD,1995,77.855446
Chad,TCD,1996,77.706726
Chad,TCD,1997,77.57935
Chad,TCD,1998,77.46904
Chad,TCD,1999,77.372574
Chad,TCD,2000,77.287506
Chad,TCD,2001,77.68224
Chad,TCD,2002,78.03938
Chad,TCD,2003,77.49239
Chad,TCD,2004,76.95302
Chad,TCD,2005,76.4211
Chad,TCD,2006,76.4211
Chad,TCD,2007,76.4211
Chad,TCD,2008,76.4211
Chad,TCD,2009,76.4211
Chad,TCD,2010,76.4211
Chad,TCD,2011,76.4211
Chad,TCD,2012,76.4211
Chad,TCD,2013,76.4211
Chad,TCD,2014,76.4211
Chad,TCD,2015,76.4211
Chad,TCD,2016,76.4211
Chad,TCD,2017,76.4211
Chad,TCD,2018,76.4211
Chad,TCD,2019,76.4211
Chad,TCD,2020,76.4211
Chad,TCD,2021,76.4211
Chile,CHL,2006,83.03697
Chile,CHL,2007,83.75825
Chile,CHL,2008,84.49458
Chile,CHL,2009,85.24398
Chile,CHL,2010,86.0068
Chile,CHL,2011,86.78338
Chile,CHL,2012,87.57412
Chile,CHL,2013,88.3794
Chile,CHL,2014,89.19963
Chile,CHL,2015,90.035225
Chile,CHL,2016,90.88663
Chile,CHL,2017,90.88663
Chile,CHL,2018,90.88663
Chile,CHL,2019,90.88663
Chile,CHL,2020,90.88663
Chile,CHL,2021,90.88663
China,CHN,1980,88.16788
China,CHN,1981,87.860214
China,CHN,1982,87.56375
China,CHN,1983,87.27789
China,CHN,1984,87.002075
China,CHN,1985,86.3094
China,CHN,1986,85.62684
China,CHN,1987,84.95486
China,CHN,1988,84.29321
China,CHN,1989,83.64167
China,CHN,1990,83
China,CHN,1991,81.13884
China,CHN,1992,79.33867
China,CHN,1993,77.59654
China,CHN,1994,76.29394
China,CHN,1995,75.008385
China,CHN,1996,73.73955
China,CHN,1997,72.48711
China,CHN,1998,71.25074
China,CHN,1999,70.03015
China,CHN,2000,68.82503
China,CHN,2001,67.97587
China,CHN,2002,67.12938
China,CHN,2003,66.28554
China,CHN,2004,65.44434
China,CHN,2005,64.60578
China,CHN,2006,64.258156
China,CHN,2007,63.01418
China,CHN,2008,63.28152
China,CHN,2009,63.510746
China,CHN,2010,62.504234
China,CHN,2011,62.441628
China,CHN,2012,64.31294
China,CHN,2013,64.52674
China,CHN,2014,64.56943
China,CHN,2015,64.403946
China,CHN,2016,62.382042
China,CHN,2017,62.322533
China,CHN,2018,61.393066
China,CHN,2019,61.155582
China,CHN,2020,62.14454
China,CHN,2021,62.14454
Colombia,COL,2000,63.516655
Colombia,COL,2001,61.875465
Colombia,COL,2002,60.4228
Colombia,COL,2003,59.127934
Colombia,COL,2004,57.966484
Colombia,COL,2005,56.918842
Colombia,COL,2006,55.969055
Colombia,COL,2007,55.104034
Colombia,COL,2008,54.31291
Colombia,COL,2009,59.103935
Colombia,COL,2010,62.61894
Colombia,COL,2011,65.307785
Colombia,COL,2012,67.431114
Colombia,COL,2013,69.15036
Colombia,COL,2014,70.57085
Colombia,COL,2015,71.76422
Colombia,COL,2016,75
Colombia,COL,2017,79.712036
Colombia,COL,2018,85.34146
Colombia,COL,2019,85.89038
Colombia,COL,2020,86.36555
Colombia,COL,2021,86.737976
Comoros,COM,1999,47
Comoros,COM,2000,47
Comoros,COM,2001,47
Comoros,COM,2002,47
Comoros,COM,2003,47
Comoros,COM,2004,47
Comoros,COM,2005,47
Comoros,COM,2006,47
Comoros,COM,2007,47
Comoros,COM,2008,47
Comoros,COM,2009,47
Comoros,COM,2010,47
Comoros,COM,2011,47
Comoros,COM,2012,47
Comoros,COM,2013,47
Comoros,COM,2014,47
Comoros,COM,2015,47
Comoros,COM,2016,47
Comoros,COM,2017,47
Comoros,COM,2018,47
Comoros,COM,2019,47
Comoros,COM,2020,47
Comoros,COM,2021,47
Congo,COG,1987,11
Congo,COG,1988,10.814928
Congo,COG,1989,10.633484
Congo,COG,1990,10.455564
Congo,COG,1991,10.281065
Congo,COG,1992,10.10989
Congo,COG,1993,9.941945
Congo,COG,1994,9.777139
Congo,COG,1995,9.615385
Congo,COG,1996,9.456598
Congo,COG,1997,9.300699
Congo,COG,1998,9.147609
Congo,COG,1999,8.997252
Congo,COG,2000,8.849558
Congo,COG,2001,8.77193
Congo,COG,2002,8.695652
Congo,COG,2003,6.5323896
Congo,COG,2004,5.2310376
Congo,COG,2005,4.36205
Congo,COG,2006,4.36205
Congo,COG,2007,4.36205
Congo,COG,2008,4.36205
Congo,COG,2009,4.36205
Congo,COG,2010,4.36205
Congo,COG,2011,4.36205
Congo,COG,2012,4.36205
Congo,COG,2013,4.36205
Congo,COG,2014,4.36205
Congo,COG,2015,4.36205
Congo,COG,2016,4.36205
Congo,COG,2017,4.36205
Congo,COG,2018,4.36205
Congo,COG,2019,4.36205
Congo,COG,2020,4.36205
Congo,COG,2021,4.36205
Costa Rica,CRI,2012,71.55652
Costa Rica,CRI,2013,70.21119
Costa Rica,CRI,2014,70.62816
Costa Rica,CRI,2015,72.09718
Costa Rica,CRI,2016,73.14079
Costa Rica,CRI,2017,81.96722
Costa Rica,CRI,2018,68.630165
Costa Rica,CRI,2019,65.976685
Costa Rica,CRI,2020,66.166046
Costa Rica,CRI,2021,60.71933
Cote d'Ivoire,CIV,1987,66.995766
Cote d'Ivoire,CIV,1988,66.995766
Cote d'Ivoire,CIV,1989,66.995766
Cote d'Ivoire,CIV,1990,66.995766
Cote d'Ivoire,CIV,1991,66.43558
Cote d'Ivoire,CIV,1992,65.9071
Cote d'Ivoire,CIV,1993,65.40771
Cote d'Ivoire,CIV,1994,64.93507
Cote d'Ivoire,CIV,1995,60.775818
Cote d'Ivoire,CIV,1996,56.806446
Cote d'Ivoire,CIV,1997,53.014236
Cote d'Ivoire,CIV,1998,49.387592
Cote d'Ivoire,CIV,1999,45.9159
Cote d'Ivoire,CIV,2000,42.58944
Cote d'Ivoire,CIV,2001,41.69172
Cote d'Ivoire,CIV,2002,40.82842
Cote d'Ivoire,CIV,2003,39.99759
Cote d'Ivoire,CIV,2004,39.197433
Cote d'Ivoire,CIV,2005,38.426285
Cote d'Ivoire,CIV,2006,39.523888
Cote d'Ivoire,CIV,2007,40.7151
Cote d'Ivoire,CIV,2008,41.964893
Cote d'Ivoire,CIV,2009,43.326134
Cote d'Ivoire,CIV,2010,44.7747
Cote d'Ivoire,CIV,2011,46.319283
Cote d'Ivoire,CIV,2012,47.94968
Cote d'Ivoire,CIV,2013,49.72661
Cote d'Ivoire,CIV,2014,51.635113
Cote d'Ivoire,CIV,2015,51.635113
Cote d'Ivoire,CIV,2016,51.635113
Cote d'Ivoire,CIV,2017,51.635113
Cote d'Ivoire,CIV,2018,51.635113
Cote d'Ivoire,CIV,2019,51.635113
Cote d'Ivoire,CIV,2020,51.635113
Cote d'Ivoire,CIV,2021,51.635113
Croatia,HRV,2002,1.0287707
Croatia,HRV,2003,0.93119866
Croatia,HRV,2004,1.2028908
Croatia,HRV,2005,0.9911562
Croatia,HRV,2006,0.8354915
Croatia,HRV,2007,0.49157304
Croatia,HRV,2008,0.98178905
Croatia,HRV,2009,1.59351
Croatia,HRV,2010,6.880633
Croatia,HRV,2011,6.6885624
Croatia,HRV,2012,6.618528
Croatia,HRV,2013,6.8254795
Croatia,HRV,2014,6.909795
Croatia,HRV,2015,6.9781127
Croatia,HRV,2016,6.8704276
Croatia,HRV,2017,7.6452446
Croatia,HRV,2018,7.7113285
Croatia,HRV,2019,7.6228685
Croatia,HRV,2020,7.5247526
Croatia,HRV,2021,7.5848303
Cuba,CUB,1995,51.161007
Cuba,CUB,1996,51.343117
Cuba,CUB,1997,51.52488
Cuba,CUB,1998,51.706287
Cuba,CUB,1999,51.88734
Cuba,CUB,2000,52.068047
Cuba,CUB,2001,52.248405
Cuba,CUB,2002,52.428413
Cuba,CUB,2003,52.608074
Cuba,CUB,2004,52.787388
Cuba,CUB,2005,52.966354
Cuba,CUB,2006,53.14498
Cuba,CUB,2007,50.15496
Cuba,CUB,2008,57.17771
Cuba,CUB,2009,59.48686
Cuba,CUB,2010,59.292118
Cuba,CUB,2011,61.360058
Cuba,CUB,2012,63.233078
Cuba,CUB,2013,64.93749
Cuba,CUB,2014,64.93749
Cuba,CUB,2015,64.93749
Cuba,CUB,2016,64.93749
Cuba,CUB,2017,64.93749
Cuba,CUB,2018,64.93749
Cuba,CUB,2019,64.93749
Cuba,CUB,2020,64.93749
Cuba,CUB,2021,64.93749
Cyprus,CYP,1975,83.870964
Cyprus,CYP,1976,82.81054
Cyprus,CYP,1977,81.80708
Cyprus,CYP,1978,80.856125
Cyprus,CYP,1979,79.95365
Cyprus,CYP,1980,79.09605
Cyprus,CYP,1981,78.74449
Cyprus,CYP,1982,78.41031
Cyprus,CYP,1983,78.09224
Cyprus,CYP,1984,77.789154
Cyprus,CYP,1985,77.5
Cyprus,CYP,1986,76.608185
Cyprus,CYP,1987,75.76046
Cyprus,CYP,1988,74.95362
Cyprus,CYP,1989,74.184784
Cyprus,CYP,1990,73.451324
Cyprus,CYP,1991,73.60483
Cyprus,CYP,1992,73.765434
Cyprus,CYP,1993,73.93365
Cyprus,CYP,1994,73.99521
Cyprus,CYP,1995,74.058174
Cyprus,CYP,1996,74.12259
Cyprus,CYP,1997,74.18852
Cyprus,CYP,1998,74.256004
Cyprus,CYP,1999,74.32511
Cyprus,CYP,2000,74.39589
Cyprus,CYP,2001,73.425835
Cyprus,CYP,2002,75.938934
Cyprus,CYP,2003,76.82875
Cyprus,CYP,2004,77.803215
Cyprus,CYP,2005,72.794716
Cyprus,CYP,2006,69.3504
Cyprus,CYP,2007,66.02032
Cyprus,CYP,2008,68.181816
Cyprus,CYP,2009,76.797386
Cyprus,CYP,2010,73.16357
Cyprus,CYP,2011,74.04408
Cyprus,CYP,2012,67.32284
Cyprus,CYP,2013,65.648254
Cyprus,CYP,2014,63.309353
Cyprus,CYP,2015,66.32653
Cyprus,CYP,2016,63.897762
Cyprus,CYP,2017,62.626263
Cyprus,CYP,2018,61.188812
Cyprus,CYP,2019,60.583942
Cyprus,CYP,2020,62.545456
Cyprus,CYP,2021,62.283737
Czechia,CZE,1993,0.9075137
Czechia,CZE,1994,1.1184279
Czechia,CZE,1995,1.348888
Czechia,CZE,1996,1.0887213
Czechia,CZE,1997,0.8024072
Czechia,CZE,1998,0.7460069
Czechia,CZE,1999,0.6868878
Czechia,CZE,2000,0.6248485
Czechia,CZE,2001,0.5303672
Czechia,CZE,2002,0.9800839
Czechia,CZE,2003,0.9682742
Czechia,CZE,2004,1.0980949
Czechia,CZE,2005,1.234648
Czechia,CZE,2006,1.3784709
Czechia,CZE,2007,1.5134586
Czechia,CZE,2008,1.741214
Czechia,CZE,2009,2.163246
Czechia,CZE,2010,2.0224748
Czechia,CZE,2011,2.2071748
Czechia,CZE,2012,2.3465507
Czechia,CZE,2013,2.6666667
Czechia,CZE,2014,2.9401066
Czechia,CZE,2015,3.3875
Czechia,CZE,2016,2.8963416
Czechia,CZE,2017,2.8588958
Czechia,CZE,2018,3.144654
Czechia,CZE,2019,2.8552456
Czechia,CZE,2020,2.8550513
Czechia,CZE,2021,2.7427723
Democratic Republic of Congo,COD,1995,17.433311
Democratic Republic of Congo,COD,1996,16.230661
Democratic Republic of Congo,COD,1997,15.128057
Democratic Republic of Congo,COD,1998,14.113515
Democratic Republic of Congo,COD,1999,13.176888
Democratic Republic of Congo,COD,2000,12.309536
Democratic Republic of Congo,COD,2001,11.903974
Democratic Republic of Congo,COD,2002,11.524282
Democratic Republic of Congo,COD,2003,11.168065
Democratic Republic of Congo,COD,2004,10.833208
Democratic Republic of Congo,COD,2005,10.517847
Democratic Republic of Congo,COD,2006,10.517847
Democratic Republic of Congo,COD,2007,10.517847
Democratic Republic of Congo,COD,2008,10.517847
Democratic Republic of Congo,COD,2009,10.517847
Democratic Republic of Congo,COD,2010,10.517847
Democratic Republic of Congo,COD,2011,10.517847
Democratic Republic of Congo,COD,2012,10.517847
Democratic Republic of Congo,COD,2013,10.517847
Democratic Republic of Congo,COD,2014,10.517847
Democratic Republic of Congo,COD,2015,10.517847
Democratic Republic of Congo,COD,2016,10.517847
Democratic Republic of Congo,COD,2017,10.517847
Democratic Republic of Congo,COD,2018,10.517847
Democratic Republic of Congo,COD,2019,10.517847
Democratic Republic of Congo,COD,2020,10.517847
Democratic Republic of Congo,COD,2021,10.517847
Denmark,DNK,1970,25
Denmark,DNK,1971,28.88617
Denmark,DNK,1972,31.947483
Denmark,DNK,1973,34.421364
Denmark,DNK,1974,36.462093
Denmark,DNK,1975,38.174274
Denmark,DNK,1976,38.174274
Denmark,DNK,1977,38.174274
Denmark,DNK,1978,38.174274
Denmark,DNK,1979,38.174274
Denmark,DNK,1980,38.174274
Denmark,DNK,1981,38.927204
Denmark,DNK,1982,39.572952
Denmark,DNK,1983,40.13289
Denmark,DNK,1984,40.623055
Denmark,DNK,1985,41.055717
Denmark,DNK,1986,41.55966
Denmark,DNK,1987,42.18047
Denmark,DNK,1988,43
Denmark,DNK,1989,39.823116
Denmark,DNK,1990,36.875496
Denmark,DNK,1991,35.840256
Denmark,DNK,1992,34.699257
Denmark,DNK,1993,33.43542
Denmark,DNK,1994,32.02778
Denmark,DNK,1995,30.450304
Denmark,DNK,1996,33.830948
Denmark,DNK,1997,39.571045
Denmark,DNK,1998,34.07261
Denmark,DNK,1999,30.405848
Denmark,DNK,2000,25.920538
Denmark,DNK,2001,25.35959
Denmark,DNK,2002,24.734241
Denmark,DNK,2003,25.62046
Denmark,DNK,2004,28.99172
Denmark,DNK,2005,27.135756
Denmark,DNK,2006,33.773693
Denmark,DNK,2007,20.585144
Denmark,DNK,2008,35.482933
Denmark,DNK,2009,35.25058
Denmark,DNK,2010,33.60245
Denmark,DNK,2011,32.822376
Denmark,DNK,2012,26.037735
Denmark,DNK,2013,40.09322
Denmark,DNK,2014,43.316032
Denmark,DNK,2015,47.74575
Denmark,DNK,2016,52.068726
Denmark,DNK,2017,53.330105
Denmark,DNK,2018,59.624603
Denmark,DNK,2019,53.57574
Denmark,DNK,2020,54.006535
Denmark,DNK,2021,54.006535
Djibouti,DJI,1985,87.5
Djibouti,DJI,1986,77.099236
Djibouti,DJI,1987,68.30986
Djibouti,DJI,1988,60.784313
Djibouti,DJI,1989,54.26829
Djibouti,DJI,1990,48.57143
Djibouti,DJI,1991,43.548386
Djibouti,DJI,1992,39.086296
Djibouti,DJI,1993,35.096153
Djibouti,DJI,1994,31.50685
Djibouti,DJI,1995,28.26087
Djibouti,DJI,1996,25.311203
Djibouti,DJI,1997,22.619047
Djibouti,DJI,1998,20.152092
Djibouti,DJI,1999,17.883211
Djibouti,DJI,2000,15.789474
Djibouti,DJI,2001,15.789474
Djibouti,DJI,2002,15.789474
Djibouti,DJI,2003,15.789474
Djibouti,DJI,2004,15.789474
Djibouti,DJI,2005,15.789474
Djibouti,DJI,2006,15.789474
Djibouti,DJI,2007,15.789474
Djibouti,DJI,2008,15.789474
Djibouti,DJI,2009,15.789474
Djibouti,DJI,2010,15.789474
Djibouti,DJI,2011,15.789474
Djibouti,DJI,2012,15.789474
Djibouti,DJI,2013,15.789474
Djibouti,DJI,2014,15.789474
Djibouti,DJI,2015,15.789474
Djibouti,DJI,2016,15.789474
Djibouti,DJI,2017,15.789474
Djibouti,DJI,2018,15.789474
Djibouti,DJI,2019,15.789474
Djibouti,DJI,2020,15.789474
Djibouti,DJI,2021,15.789474
Dominica,DMA,2010,5
Dominica,DMA,2011,5
Dominica,DMA,2012,5
Dominica,DMA,2013,5
Dominica,DMA,2014,5
Dominica,DMA,2015,5
Dominica,DMA,2016,5
Dominica,DMA,2017,5
Dominica,DMA,2018,5
Dominica,DMA,2019,5
Dominica,DMA,2020,5
Dominica,DMA,2021,5
Dominican Republic,DOM,2000,86.33093
Dominican Republic,DOM,2001,85.387085
Dominican Republic,DOM,2002,84.48796
Dominican Republic,DOM,2003,83.630455
Dominican Republic,DOM,2004,82.81174
Dominican Republic,DOM,2005,82.02925
Dominican Republic,DOM,2006,81.495384
Dominican Republic,DOM,2007,81.02012
Dominican Republic,DOM,2008,80.5943
Dominican Republic,DOM,2009,80.210594
Dominican Republic,DOM,2010,79.86305
Dominican Republic,DOM,2011,80.69354
Dominican Republic,DOM,2012,81.443474
Dominican Republic,DOM,2013,82.12402
Dominican Republic,DOM,2014,82.74439
Dominican Republic,DOM,2015,83.31222
Dominican Republic,DOM,2016,83.31222
Dominican Republic,DOM,2017,83.31222
Dominican Republic,DOM,2018,83.31222
Dominican Republic,DOM,2019,83.31222
Dominican Republic,DOM,2020,83.31222
Dominican Republic,DOM,2021,83.31222
East Asia and Pacific (WB),,2014,73.1855
East Asia and Pacific (WB),,2015,73.14999
East Asia and Pacific (WB),,2016,72.203926
East Asia and Pacific (WB),,2017,72.035645
East Asia and Pacific (WB),,2018,71.60073
East Asia and Pacific (WB),,2019,71.74353
East Asia and Pacific (WB),,2020,72.39415
East Asia and Pacific (WB),,2021,72.33258
East Timor,TLS,2004,91.382256
East Timor,TLS,2005,91.382256
East Timor,TLS,2006,91.382256
East Timor,TLS,2007,91.382256
East Timor,TLS,2008,91.382256
East Timor,TLS,2009,91.382256
East Timor,TLS,2010,91.382256
East Timor,TLS,2011,91.382256
East Timor,TLS,2012,91.382256
East Timor,TLS,2013,91.382256
East Timor,TLS,2014,91.382256
East Timor,TLS,2015,91.382256
East Timor,TLS,2016,91.382256
East Timor,TLS,2017,91.382256
East Timor,TLS,2018,91.382256
East Timor,TLS,2019,91.382256
East Timor,TLS,2020,91.382256
East Timor,TLS,2021,91.382256
Ecuador,ECU,2000,86.203766
Ecuador,ECU,2001,85.204254
Ecuador,ECU,2002,84.22765
Ecuador,ECU,2003,83.273186
Ecuador,ECU,2004,82.3401
Ecuador,ECU,2005,81.427704
Ecuador,ECU,2006,81.427704
Ecuador,ECU,2007,81.427704
Ecuador,ECU,2008,81.427704
Ecuador,ECU,2009,81.427704
Ecuador,ECU,2010,81.427704
Ecuador,ECU,2011,81.427704
Ecuador,ECU,2012,81.427704
Ecuador,ECU,2013,81.427704
Ecuador,ECU,2014,81.427704
Ecuador,ECU,2015,81.427704
Ecuador,ECU,2016,81.427704
Ecuador,ECU,2017,81.427704
Ecuador,ECU,2018,81.427704
Ecuador,ECU,2019,81.427704
Ecuador,ECU,2020,81.427704
Ecuador,ECU,2021,81.427704
Egypt,EGY,1993,86.025406
Egypt,EGY,1994,86.08557
Egypt,EGY,1995,86.14188
Egypt,EGY,1996,86.19623
Egypt,EGY,1997,86.2473
Egypt,EGY,1998,86.295395
Egypt,EGY,1999,86.34075
Egypt,EGY,2000,86.3836
Egypt,EGY,2001,86.32886
Egypt,EGY,2002,86.27563
Egypt,EGY,2003,86.22385
Egypt,EGY,2004,86.173454
Egypt,EGY,2005,86.124405
Egypt,EGY,2006,86.07663
Egypt,EGY,2007,86.0301
Egypt,EGY,2008,85.98475
Egypt,EGY,2009,85.940544
Egypt,EGY,2010,85.89744
Egypt,EGY,2011,84.99651
Egypt,EGY,2012,85.06224
Egypt,EGY,2013,85.0685
Egypt,EGY,2014,84.82993
Egypt,EGY,2015,84.37077
Egypt,EGY,2016,84.27119
Egypt,EGY,2017,79.16129
Egypt,EGY,2018,79.16129
Egypt,EGY,2019,79.16129
Egypt,EGY,2020,79.16129
Egypt,EGY,2021,79.16129
El Salvador,SLV,1992,46.090534
El Salvador,SLV,1993,48.032845
El Salvador,SLV,1994,49.622498
El Salvador,SLV,1995,50.947548
El Salvador,SLV,1996,52.06898
El Salvador,SLV,1997,53.030388
El Salvador,SLV,1998,53.863735
El Salvador,SLV,1999,54.593014
El Salvador,SLV,2000,55.236572
El Salvador,SLV,2001,58.662224
El Salvador,SLV,2002,61.479965
El Salvador,SLV,2003,63.838432
El Salvador,SLV,2004,65.841446
El Salvador,SLV,2005,67.563736
El Salvador,SLV,2006,66.8077
El Salvador,SLV,2007,65.98743
El Salvador,SLV,2008,65.094376
El Salvador,SLV,2009,64.11841
El Salvador,SLV,2010,63.04741
El Salvador,SLV,2011,61.8668
El Salvador,SLV,2012,60.55883
El Salvador,SLV,2013,59.10173
El Salvador,SLV,2014,57.468445
El Salvador,SLV,2015,54.824257
El Salvador,SLV,2016,52.28206
El Salvador,SLV,2017,48.823376
El Salvador,SLV,2018,45.633724
El Salvador,SLV,2019,41.73061
El Salvador,SLV,2020,37.404495
El Salvador,SLV,2021,46.271008
Equatorial Guinea,GNQ,1987,6
Equatorial Guinea,GNQ,1988,5.9679766
Equatorial Guinea,GNQ,1989,5.9392266
Equatorial Guinea,GNQ,1990,5.913272
Equatorial Guinea,GNQ,1991,5.8897243
Equatorial Guinea,GNQ,1992,5.8682632
Equatorial Guinea,GNQ,1993,5.8486238
Equatorial Guinea,GNQ,1994,5.830583
Equatorial Guinea,GNQ,1995,5.8139534
Equatorial Guinea,GNQ,1996,5.798576
Equatorial Guinea,GNQ,1997,5.7843137
Equatorial Guinea,GNQ,1998,5.77105
Equatorial Guinea,GNQ,1999,5.7586837
Equatorial Guinea,GNQ,2000,5.7471266
Equatorial Guinea,GNQ,2001,5.592841
Equatorial Guinea,GNQ,2002,5.4466233
Equatorial Guinea,GNQ,2003,5.3078556
Equatorial Guinea,GNQ,2004,5.1759834
Equatorial Guinea,GNQ,2005,5.050505
Equatorial Guinea,GNQ,2006,5.050505
Equatorial Guinea,GNQ,2007,5.050505
Equatorial Guinea,GNQ,2008,5.050505
Equatorial Guinea,GNQ,2009,5.050505
Equatorial Guinea,GNQ,2010,5.050505
Equatorial Guinea,GNQ,2011,5.050505
Equatorial Guinea,GNQ,2012,5.050505
Equatorial Guinea,GNQ,2013,5.050505
Equatorial Guinea,GNQ,2014,5.050505
Equatorial Guinea,GNQ,2015,5.050505
Equatorial Guinea,GNQ,2016,5.050505
Equatorial Guinea,GNQ,2017,5.050505
Equatorial Guinea,GNQ,2018,5.050505
Equatorial Guinea,GNQ,2019,5.050505
Equatorial Guinea,GNQ,2020,5.050505
Equatorial Guinea,GNQ,2021,5.050505
Eritrea,ERI,2000,70.14998
Eritrea,ERI,2001,77.92778
Eritrea,ERI,2002,84.38818
Eritrea,ERI,2003,89.83977
Eritrea,ERI,2004,94.50172
Eritrea,ERI,2005,94.50172
Eritrea,ERI,2006,94.50172
Eritrea,ERI,2007,94.50172
Eritrea,ERI,2008,94.50172
Eritrea,ERI,2009,94.50172
Eritrea,ERI,2010,94.50172
Eritrea,ERI,2011,94.50172
Eritrea,ERI,2012,94.50172
Eritrea,ERI,2013,94.50172
Eritrea,ERI,2014,94.50172
Eritrea,ERI,2015,94.50172
Eritrea,ERI,2016,94.50172
Eritrea,ERI,2017,94.50172
Eritrea,ERI,2018,94.50172
Eritrea,ERI,2019,94.50172
Eritrea,ERI,2020,94.50172
Eritrea,ERI,2021,94.50172
Estonia,EST,1995,0.5891016
Estonia,EST,1996,0.9885734
Estonia,EST,1997,1.3734152
Estonia,EST,1998,1.7444166
Estonia,EST,1999,2.1023107
Estonia,EST,2000,2.4477804
Estonia,EST,2001,2.6502504
Estonia,EST,2002,2.1231422
Estonia,EST,2003,3.2992053
Estonia,EST,2004,4.5915728
Estonia,EST,2005,0.84777844
Estonia,EST,2006,0.63595414
Estonia,EST,2007,0.41439477
Estonia,EST,2008,0.2594775
Estonia,EST,2009,0.3061633
Estonia,EST,2010,0.22585544
Estonia,EST,2011,0.23038042
Estonia,EST,2012,0.27197793
Estonia,EST,2013,0.27563673
Estonia,EST,2014,0.292889
Estonia,EST,2015,0.3059335
Estonia,EST,2016,0.25291738
Estonia,EST,2017,0.25022325
Estonia,EST,2018,0.29458854
Estonia,EST,2019,0.48298615
Estonia,EST,2020,0.5694057
Estonia,EST,2021,0.4972614
Eswatini,SWZ,1980,95.89041
Eswatini,SWZ,1981,95.94085
Eswatini,SWZ,1982,95.988495
Eswatini,SWZ,1983,96.03358
Eswatini,SWZ,1984,96.076294
Eswatini,SWZ,1985,96.11683
Eswatini,SWZ,1986,96.15534
Eswatini,SWZ,1987,96.19198
Eswatini,SWZ,1988,96.22688
Eswatini,SWZ,1989,96.26016
Eswatini,SWZ,1990,96.29194
Eswatini,SWZ,1991,96.3223
Eswatini,SWZ,1992,96.35135
Eswatini,SWZ,1993,96.379166
Eswatini,SWZ,1994,96.40583
Eswatini,SWZ,1995,96.431404
Eswatini,SWZ,1996,96.455956
Eswatini,SWZ,1997,96.47955
Eswatini,SWZ,1998,96.50224
Eswatini,SWZ,1999,96.52408
Eswatini,SWZ,2000,96.545105
Eswatini,SWZ,2001,96.0657
Eswatini,SWZ,2002,95.59103
Eswatini,SWZ,2003,95.121025
Eswatini,SWZ,2004,94.655624
Eswatini,SWZ,2005,94.194756
Eswatini,SWZ,2006,94.194756
Eswatini,SWZ,2007,94.194756
Eswatini,SWZ,2008,94.194756
Eswatini,SWZ,2009,94.194756
Eswatini,SWZ,2010,94.194756
Eswatini,SWZ,2011,94.194756
Eswatini,SWZ,2012,94.194756
Eswatini,SWZ,2013,94.194756
Eswatini,SWZ,2014,94.194756
Eswatini,SWZ,2015,94.194756
Eswatini,SWZ,2016,94.194756
Eswatini,SWZ,2017,94.194756
Eswatini,SWZ,2018,94.194756
Eswatini,SWZ,2019,94.194756
Eswatini,SWZ,2020,94.194756
Eswatini,SWZ,2021,94.194756
Ethiopia,ETH,2002,93.630806
Ethiopia,ETH,2003,91.73161
Ethiopia,ETH,2004,90.243515
Ethiopia,ETH,2005,89.04606
Ethiopia,ETH,2006,89.37618
Ethiopia,ETH,2007,89.68327
Ethiopia,ETH,2008,89.9747
Ethiopia,ETH,2009,90.25706
Ethiopia,ETH,2010,90.51909
Ethiopia,ETH,2011,90.7674
Ethiopia,ETH,2012,91.00304
Ethiopia,ETH,2013,91.226944
Ethiopia,ETH,2014,91.43998
Ethiopia,ETH,2015,91.642914
Ethiopia,ETH,2016,91.81991
Ethiopia,ETH,2017,91.83644
Ethiopia,ETH,2018,91.83644
Ethiopia,ETH,2019,91.83644
Ethiopia,ETH,2020,91.83644
Ethiopia,ETH,2021,91.83644
Europe and Central Asia (WB),,2014,50.274006
Europe and Central Asia (WB),,2015,52.126232
Europe and Central Asia (WB),,2016,52.74219
Europe and Central Asia (WB),,2017,52.625923
Europe and Central Asia (WB),,2018,52.798496
Europe and Central Asia (WB),,2019,51.208473
Europe and Central Asia (WB),,2020,51.414326
Europe and Central Asia (WB),,2021,50.77258
European Union (27),,2014,29.94249
European Union (27),,2015,30.603794
European Union (27),,2016,31.302792
European Union (27),,2017,30.19322
European Union (27),,2018,30.646631
European Union (27),,2019,31.216768
European Union (27),,2020,32.091885
European Union (27),,2021,32.00018
Fiji,FJI,1987,60
Fiji,FJI,1988,60.22187
Fiji,FJI,1989,60.397243
Fiji,FJI,1990,60.539352
Fiji,FJI,1991,60.656837
Fiji,FJI,1992,60.75559
Fiji,FJI,1993,60.83976
Fiji,FJI,1994,60.912354
Fiji,FJI,1995,60.97561
Fiji,FJI,1996,61.031216
Fiji,FJI,1997,61.080486
Fiji,FJI,1998,61.12444
Fiji,FJI,1999,61.163895
Fiji,FJI,2000,61.19951
Fiji,FJI,2001,60.723827
Fiji,FJI,2002,60.25548
Fiji,FJI,2003,59.794308
Fiji,FJI,2004,59.340137
Fiji,FJI,2005,58.892815
Fiji,FJI,2006,58.892815
Fiji,FJI,2007,58.892815
Fiji,FJI,2008,58.892815
Fiji,FJI,2009,58.892815
Fiji,FJI,2010,58.892815
Fiji,FJI,2011,58.892815
Fiji,FJI,2012,58.892815
Fiji,FJI,2013,58.892815
Fiji,FJI,2014,58.892815
Fiji,FJI,2015,58.892815
Fiji,FJI,2016,58.892815
Fiji,FJI,2017,58.892815
Fiji,FJI,2018,58.892815
Fiji,FJI,2019,58.892815
Fiji,FJI,2020,58.892815
Fiji,FJI,2021,58.892815
Finland,FIN,1990,0.8521517
Finland,FIN,1991,1.0856856
Finland,FIN,1992,1.3100795
Finland,FIN,1993,1.5258594
Finland,FIN,1994,1.7335119
Finland,FIN,1995,1.933488
Finland,FIN,1996,1.933488
Finland,FIN,1997,1.933488
Finland,FIN,1998,1.933488
Finland,FIN,1999,1.933488
Finland,FIN,2000,2.1307542
Finland,FIN,2001,2.1486144
Finland,FIN,2002,2.1667764
Finland,FIN,2003,2.1839597
Finland,FIN,2004,2.2014174
Finland,FIN,2005,2.2191567
Finland,FIN,2006,1.2468482
Finland,FIN,2007,4.9901733
Finland,FIN,2008,6.358293
Finland,FIN,2009,7.713991
Finland,FIN,2010,9.057436
Finland,FIN,2011,10.388794
Finland,FIN,2012,11.661267
Finland,FIN,2013,12.912363
Finland,FIN,2014,14.277686
Finland,FIN,2015,15.547025
Finland,FIN,2016,17.391304
Finland,FIN,2017,17.391304
Finland,FIN,2018,14.285714
Finland,FIN,2019,28.571428
Finland,FIN,2020,28.571428
Finland,FIN,2021,28.571428
France,FRA,1990,12.958344
France,FRA,1991,12.682392
France,FRA,1992,12.541751
France,FRA,1993,12.298637
France,FRA,1994,12.03131
France,FRA,1995,11.735965
France,FRA,1996,11.407949
France,FRA,1997,11.04153
France,FRA,1998,12.390517
France,FRA,1999,13.672626
France,FRA,2000,14.892707
France,FRA,2001,14.5664
France,FRA,2002,13.25733
France,FRA,2003,16.245901
France,FRA,2004,15.160499
France,FRA,2005,13.8643675
France,FRA,2006,14.379855
France,FRA,2007,12.523085
France,FRA,2008,8.902343
France,FRA,2009,11.03504
France,FRA,2010,10.613059
France,FRA,2011,10.070988
France,FRA,2012,10.380216
France,FRA,2013,10.222042
France,FRA,2014,7.7444406
France,FRA,2015,11.427657
France,FRA,2016,11.774273
France,FRA,2017,10.921844
France,FRA,2018,11.093981
France,FRA,2019,12.144412
France,FRA,2020,13.944409
France,FRA,2021,13.944409
Gabon,GAB,1987,6
Gabon,GAB,1988,9.936927
Gabon,GAB,1989,13.346658
Gabon,GAB,1990,16.328442
Gabon,GAB,1991,18.958088
Gabon,GAB,1992,21.294498
Gabon,GAB,1993,23.38413
Gabon,GAB,1994,25.264122
Gabon,GAB,1995,26.964512
Gabon,GAB,1996,28.509867
Gabon,GAB,1997,29.920464
Gabon,GAB,1998,31.213192
Gabon,GAB,1999,32.402233
Gabon,GAB,2000,33.499584
Gabon,GAB,2001,32.484283
Gabon,GAB,2002,31.528711
Gabon,GAB,2003,30.627754
Gabon,GAB,2004,29.776857
Gabon,GAB,2005,28.971962
Gabon,GAB,2006,28.971962
Gabon,GAB,2007,28.971962
Gabon,GAB,2008,28.971962
Gabon,GAB,2009,28.971962
Gabon,GAB,2010,28.971962
Gabon,GAB,2011,28.971962
Gabon,GAB,2012,28.971962
Gabon,GAB,2013,28.971962
Gabon,GAB,2014,28.971962
Gabon,GAB,2015,28.971962
Gabon,GAB,2016,28.971962
Gabon,GAB,2017,28.971962
Gabon,GAB,2018,28.971962
Gabon,GAB,2019,28.971962
Gabon,GAB,2020,28.971962
Gabon,GAB,2021,28.971962
Gambia,GMB,1982,91
Gambia,GMB,1983,81.030045
Gambia,GMB,1984,73.90115
Gambia,GMB,1985,68.55039
Gambia,GMB,1986,64.38625
Gambia,GMB,1987,61.053406
Gambia,GMB,1988,58.32552
Gambia,GMB,1989,56.051582
Gambia,GMB,1990,54.126984
Gambia,GMB,1991,52.476967
Gambia,GMB,1992,51.046684
Gambia,GMB,1993,49.79498
Gambia,GMB,1994,48.690372
Gambia,GMB,1995,47.708378
Gambia,GMB,1996,46.829647
Gambia,GMB,1997,46.03871
Gambia,GMB,1998,45.323032
Gambia,GMB,1999,44.672363
Gambia,GMB,2000,43.31492
Gambia,GMB,2001,42.277824
Gambia,GMB,2002,41.289234
Gambia,GMB,2003,40.34582
Gambia,GMB,2004,39.444557
Gambia,GMB,2005,38.582676
Gambia,GMB,2006,38.582676
Gambia,GMB,2007,38.582676
Gambia,GMB,2008,38.582676
Gambia,GMB,2009,38.582676
Gambia,GMB,2010,38.582676
Gambia,GMB,2011,38.582676
Gambia,GMB,2012,38.582676
Gambia,GMB,2013,38.582676
Gambia,GMB,2014,38.582676
Gambia,GMB,2015,38.582676
Gambia,GMB,2016,38.582676
Gambia,GMB,2017,38.582676
Gambia,GMB,2018,38.582676
Gambia,GMB,2019,38.582676
Gambia,GMB,2020,38.582676
Gambia,GMB,2021,38.582676
Georgia,GEO,1992,60.530884
Georgia,GEO,1993,61.46703
Georgia,GEO,1994,62.50527
Georgia,GEO,1995,63.66327
Georgia,GEO,1996,64.96302
Georgia,GEO,1997,66.43224
Georgia,GEO,1998,68.1064
Georgia,GEO,1999,70.031586
Georgia,GEO,2000,72.26882
Georgia,GEO,2001,69.575096
Georgia,GEO,2002,66.82244
Georgia,GEO,2003,64.00889
Georgia,GEO,2004,61.1324
Georgia,GEO,2005,58.190845
Georgia,GEO,2006,58.190845
Georgia,GEO,2007,58.190845
Georgia,GEO,2008,58.190845
Georgia,GEO,2009,54.867943
Georgia,GEO,2010,51.434464
Georgia,GEO,2011,47.88479
Georgia,GEO,2012,44.21292
Georgia,GEO,2013,40.41244
Georgia,GEO,2014,36.476467
Georgia,GEO,2015,32.397625
Georgia,GEO,2016,28.167994
Georgia,GEO,2017,35.390278
Georgia,GEO,2018,35.460686
Georgia,GEO,2019,37.59207
Georgia,GEO,2020,42.804707
Georgia,GEO,2021,46.605923
Germany,DEU,1991,2.4841504
Germany,DEU,1992,2.2938633
Germany,DEU,1993,2.0559335
Germany,DEU,1994,1.8114866
Germany,DEU,1995,1.5645835
Germany,DEU,1996,1.2819666
Germany,DEU,1997,0.9722246
Germany,DEU,1998,0.6745733
Germany,DEU,1999,0.6810577
Germany,DEU,2000,0.68774754
Germany,DEU,2001,1.8842975
Germany,DEU,2002,1.6298264
Germany,DEU,2003,2.1662867
Germany,DEU,2004,1.9286149
Germany,DEU,2005,1.9025203
Germany,DEU,2006,1.7595772
Germany,DEU,2007,1.7954863
Germany,DEU,2008,2.0670147
Germany,DEU,2009,2.076224
Germany,DEU,2010,1.7611768
Germany,DEU,2011,2.187443
Germany,DEU,2012,2.5293918
Germany,DEU,2013,2.626979
Germany,DEU,2014,2.752199
Germany,DEU,2015,3.2122984
Germany,DEU,2016,3.004235
Germany,DEU,2017,3.3212793
Germany,DEU,2018,4.3017135
Germany,DEU,2019,4.1665916
Germany,DEU,2020,4.1665916
Germany,DEU,2021,4.1665916
Ghana,GHA,1970,52
Ghana,GHA,1971,53.46003
Ghana,GHA,1972,54.727905
Ghana,GHA,1973,55.83922
Ghana,GHA,1974,56.82128
Ghana,GHA,1975,57.695408
Ghana,GHA,1976,58.47846
Ghana,GHA,1977,59.18397
Ghana,GHA,1978,59.82291
Ghana,GHA,1979,60.40428
Ghana,GHA,1980,60.935524
Ghana,GHA,1981,61.42286
Ghana,GHA,1982,61.87151
Ghana,GHA,1983,62.285908
Ghana,GHA,1984,62.66983
Ghana,GHA,1985,63.02652
Ghana,GHA,1986,63.35878
Ghana,GHA,1987,63.66903
Ghana,GHA,1988,63.959393
Ghana,GHA,1989,64.23171
Ghana,GHA,1990,64.48763
Ghana,GHA,1991,64.728584
Ghana,GHA,1992,64.95584
Ghana,GHA,1993,65.17054
Ghana,GHA,1994,65.373695
Ghana,GHA,1995,65.566216
Ghana,GHA,1996,65.74892
Ghana,GHA,1997,65.92252
Ghana,GHA,1998,66.0877
Ghana,GHA,1999,66.24505
Ghana,GHA,2000,66.39511
Ghana,GHA,2001,67.1993
Ghana,GHA,2002,67.9614
Ghana,GHA,2003,68.684616
Ghana,GHA,2004,69.37185
Ghana,GHA,2005,70.02573
Ghana,GHA,2006,70.64861
Ghana,GHA,2007,71.24267
Ghana,GHA,2008,71.809845
Ghana,GHA,2009,72.35192
Ghana,GHA,2010,72.87054
Ghana,GHA,2011,73.19568
Ghana,GHA,2012,73.39415
Ghana,GHA,2013,74.133255
Ghana,GHA,2014,74.78232
Ghana,GHA,2015,72.56817
Ghana,GHA,2016,73.05749
Ghana,GHA,2017,73.05749
Ghana,GHA,2018,73.05749
Ghana,GHA,2019,73.05749
Ghana,GHA,2020,73.05749
Ghana,GHA,2021,73.05749
Greece,GRC,1970,57.005173
Greece,GRC,1971,62.352642
Greece,GRC,1972,67.68918
Greece,GRC,1973,73.0148
Greece,GRC,1974,78.32956
Greece,GRC,1975,83.63347
Greece,GRC,1976,83.63347
Greece,GRC,1977,83.63347
Greece,GRC,1978,83.63347
Greece,GRC,1979,83.63347
Greece,GRC,1980,83.63347
Greece,GRC,1981,83.64713
Greece,GRC,1982,83.66032
Greece,GRC,1983,83.67304
Greece,GRC,1984,83.68534
Greece,GRC,1985,83.697235
Greece,GRC,1986,85.11876
Greece,GRC,1987,86.2729
Greece,GRC,1988,87.22864
Greece,GRC,1989,88.03306
Greece,GRC,1990,97.93945
Greece,GRC,1991,88.6802
Greece,GRC,1992,98.28316
Greece,GRC,1993,88.34656
Greece,GRC,1994,88.04553
Greece,GRC,1995,97.598564
Greece,GRC,1996,87.5708
Greece,GRC,1997,87.406555
Greece,GRC,1998,88.06458
Greece,GRC,1999,88.658676
Greece,GRC,2000,89.19549
Greece,GRC,2001,89.05098
Greece,GRC,2002,90.938545
Greece,GRC,2003,88.56755
Greece,GRC,2004,89.346855
Greece,GRC,2005,90.1124
Greece,GRC,2006,88.83076
Greece,GRC,2007,87.832436
Greece,GRC,2008,87.21441
Greece,GRC,2009,86.598694
Greece,GRC,2010,85.98528
Greece,GRC,2011,85.37415
Greece,GRC,2012,83.37192
Greece,GRC,2013,83.45592
Greece,GRC,2014,83.52324
Greece,GRC,2015,83.59911
Greece,GRC,2016,79.98224
Greece,GRC,2017,79.998024
Greece,GRC,2018,80.092865
Greece,GRC,2019,80.14829
Greece,GRC,2020,80.092865
Greece,GRC,2021,80.37077
Grenada,GRD,2005,21.529411
Grenada,GRD,2006,20.5351
Grenada,GRD,2007,19.623817
Grenada,GRD,2008,18.78558
Grenada,GRD,2009,18.011942
Grenada,GRD,2010,17.295715
Grenada,GRD,2011,16.630735
Grenada,GRD,2012,16.011696
Grenada,GRD,2013,15.433991
Grenada,GRD,2014,14.893617
Grenada,GRD,2015,14.893617
Grenada,GRD,2016,14.893617
Grenada,GRD,2017,14.893617
Grenada,GRD,2018,14.893617
Grenada,GRD,2019,14.893617
Grenada,GRD,2020,14.893617
Grenada,GRD,2021,14.893617
Guatemala,GTM,2001,60.641075
Guatemala,GTM,2002,59.645424
Guatemala,GTM,2003,58.777954
Guatemala,GTM,2004,58.015408
Guatemala,GTM,2005,57.339836
Guatemala,GTM,2006,56.737164
Guatemala,GTM,2007,56.737164
Guatemala,GTM,2008,56.737164
Guatemala,GTM,2009,56.737164
Guatemala,GTM,2010,56.737164
Guatemala,GTM,2011,56.737164
Guatemala,GTM,2012,56.737164
Guatemala,GTM,2013,56.737164
Guatemala,GTM,2014,56.737164
Guatemala,GTM,2015,56.737164
Guatemala,GTM,2016,56.737164
Guatemala,GTM,2017,56.737164
Guatemala,GTM,2018,56.737164
Guatemala,GTM,2019,56.737164
Guatemala,GTM,2020,56.737164
Guatemala,GTM,2021,56.737164
Guinea,GIN,1987,87.02702
Guinea,GIN,1988,85.06721
Guinea,GIN,1989,83.039246
Guinea,GIN,1990,80.93953
Guinea,GIN,1991,78.764175
Guinea,GIN,1992,76.50902
Guinea,GIN,1993,74.16959
Guinea,GIN,1994,71.74109
Guinea,GIN,1995,69.218315
Guinea,GIN,1996,66.595665
Guinea,GIN,1997,63.8671
Guinea,GIN,1998,61.026066
Guinea,GIN,1999,58.065464
Guinea,GIN,2000,54.977585
Guinea,GIN,2001,52.54566
Guinea,GIN,2002,53.65117
Guinea,GIN,2003,54.675175
Guinea,GIN,2004,55.626366
Guinea,GIN,2005,56.51224
Guinea,GIN,2006,57.63489
Guinea,GIN,2007,58.695946
Guinea,GIN,2008,59.70033
Guinea,GIN,2009,60.65247
Guinea,GIN,2010,61.556335
Guinea,GIN,2011,62.415512
Guinea,GIN,2012,63.23323
Guinea,GIN,2013,64.01242
Guinea,GIN,2014,64.755745
Guinea,GIN,2015,65.46563
Guinea,GIN,2016,66.144264
Guinea,GIN,2017,66.793686
Guinea,GIN,2018,67.41573
Guinea,GIN,2019,67.41573
Guinea,GIN,2020,67.41573
Guinea,GIN,2021,67.41573
Guinea-Bissau,GNB,1991,36.144577
Guinea-Bissau,GNB,1992,69.59403
Guinea-Bissau,GNB,1993,76.53827
Guinea-Bissau,GNB,1994,79.54138
Guinea-Bissau,GNB,1995,81.21686
Guinea-Bissau,GNB,1996,82.28571
Guinea-Bissau,GNB,1997,82.28571
Guinea-Bissau,GNB,1998,82.28571
Guinea-Bissau,GNB,1999,82.28571
Guinea-Bissau,GNB,2000,82.28571
Guinea-Bissau,GNB,2001,80.89888
Guinea-Bissau,GNB,2002,79.558014
Guinea-Bissau,GNB,2003,78.26087
Guinea-Bissau,GNB,2004,77.00535
Guinea-Bissau,GNB,2005,75.789474
Guinea-Bissau,GNB,2006,75.789474
Guinea-Bissau,GNB,2007,75.789474
Guinea-Bissau,GNB,2008,75.789474
Guinea-Bissau,GNB,2009,75.789474
Guinea-Bissau,GNB,2010,75.789474
Guinea-Bissau,GNB,2011,75.789474
Guinea-Bissau,GNB,2012,75.789474
Guinea-Bissau,GNB,2013,75.789474
Guinea-Bissau,GNB,2014,75.789474
Guinea-Bissau,GNB,2015,75.789474
Guinea-Bissau,GNB,2016,75.789474
Guinea-Bissau,GNB,2017,75.789474
Guinea-Bissau,GNB,2018,75.789474
Guinea-Bissau,GNB,2019,75.789474
Guinea-Bissau,GNB,2020,75.789474
Guinea-Bissau,GNB,2021,75.789474
Guyana,GUY,1992,98.49315
Guyana,GUY,1993,98.36425
Guyana,GUY,1994,98.239204
Guyana,GUY,1995,98.117836
Guyana,GUY,1996,98
Guyana,GUY,1997,97.88554
Guyana,GUY,1998,97.77429
Guyana,GUY,1999,97.66615
Guyana,GUY,2000,97.560974
Guyana,GUY,2001,97.024574
Guyana,GUY,2002,96.47793
Guyana,GUY,2003,95.920746
Guyana,GUY,2004,95.35273
Guyana,GUY,2005,94.773544
Guyana,GUY,2006,94.693085
Guyana,GUY,2007,94.61011
Guyana,GUY,2008,94.5245
Guyana,GUY,2009,94.43612
Guyana,GUY,2010,94.34485
Guyana,GUY,2011,94.34485
Guyana,GUY,2012,94.34485
Guyana,GUY,2013,94.34485
Guyana,GUY,2014,94.34485
Guyana,GUY,2015,94.34485
Guyana,GUY,2016,94.34485
Guyana,GUY,2017,94.34485
Guyana,GUY,2018,94.34485
Guyana,GUY,2019,94.34485
Guyana,GUY,2020,94.34485
Guyana,GUY,2021,94.34485
Haiti,HTI,1991,94.35657
Haiti,HTI,1992,93.336174
Haiti,HTI,1993,92.45308
Haiti,HTI,1994,91.68132
Haiti,HTI,1995,91.00109
Haiti,HTI,1996,90.39218
Haiti,HTI,1997,89.794266
Haiti,HTI,1998,89.20706
Haiti,HTI,1999,88.63027
Haiti,HTI,2000,88.06362
Haiti,HTI,2001,87.50685
Haiti,HTI,2002,86.9597
Haiti,HTI,2003,86.42193
Haiti,HTI,2004,85.89329
Haiti,HTI,2005,85.37355
Haiti,HTI,2006,84.8625
Haiti,HTI,2007,84.35992
Haiti,HTI,2008,83.865585
Haiti,HTI,2009,83.37931
Haiti,HTI,2010,83.37931
Haiti,HTI,2011,83.37931
Haiti,HTI,2012,83.37931
Haiti,HTI,2013,83.37931
Haiti,HTI,2014,83.37931
Haiti,HTI,2015,83.37931
Haiti,HTI,2016,83.37931
Haiti,HTI,2017,83.37931
Haiti,HTI,2018,83.37931
Haiti,HTI,2019,83.37931
Haiti,HTI,2020,83.37931
Haiti,HTI,2021,83.37931
High-income countries,,2014,41.584637
High-income countries,,2015,42.193
High-income countries,,2016,42.5591
High-income countries,,2017,42.529427
High-income countries,,2018,42.641968
High-income countries,,2019,42.69676
High-income countries,,2020,42.80979
High-income countries,,2021,42.89224
Honduras,HND,2003,73.30429
Honduras,HND,2004,73.30429
Honduras,HND,2005,73.30429
Honduras,HND,2006,73.30429
Honduras,HND,2007,73.30429
Honduras,HND,2008,73.30429
Honduras,HND,2009,73.30429
Honduras,HND,2010,73.30429
Honduras,HND,2011,73.30429
Honduras,HND,2012,73.30429
Honduras,HND,2013,73.30429
Honduras,HND,2014,73.30429
Honduras,HND,2015,73.30429
Honduras,HND,2016,73.30429
Honduras,HND,2017,73.30429
Honduras,HND,2018,73.30429
Honduras,HND,2019,73.30429
Honduras,HND,2020,73.30429
Honduras,HND,2021,73.30429
Hungary,HUN,1970,22.315435
Hungary,HUN,1971,22.349453
Hungary,HUN,1972,22.379496
Hungary,HUN,1973,22.406223
Hungary,HUN,1974,22.430155
Hungary,HUN,1975,22.451708
Hungary,HUN,1976,22.451708
Hungary,HUN,1977,22.451708
Hungary,HUN,1978,22.451708
Hungary,HUN,1979,22.451708
Hungary,HUN,1980,22.451708
Hungary,HUN,1981,25.815758
Hungary,HUN,1982,28.796333
Hungary,HUN,1983,31.45547
Hungary,HUN,1984,33.842503
Hungary,HUN,1985,35.997166
Hungary,HUN,1986,32.41593
Hungary,HUN,1987,28.957106
Hungary,HUN,1988,25.614515
Hungary,HUN,1989,22.3824
Hungary,HUN,1990,19.255371
Hungary,HUN,1991,16.228386
Hungary,HUN,1992,13.296717
Hungary,HUN,1993,12.043746
Hungary,HUN,1994,10.6834
Hungary,HUN,1995,9.201257
Hungary,HUN,1996,7.5801945
Hungary,HUN,1997,7.308138
Hungary,HUN,1998,7.0259995
Hungary,HUN,1999,7.6826367
Hungary,HUN,2000,12.127416
Hungary,HUN,2001,12.249959
Hungary,HUN,2002,11.8817425
Hungary,HUN,2003,11.615589
Hungary,HUN,2004,10.470533
Hungary,HUN,2005,5.646696
Hungary,HUN,2006,5.505282
Hungary,HUN,2007,5.515616
Hungary,HUN,2008,5.674035
Hungary,HUN,2009,5.8387775
Hungary,HUN,2010,6.01023
Hungary,HUN,2011,6.1888113
Hungary,HUN,2012,6.374975
Hungary,HUN,2013,8.6504965
Hungary,HUN,2014,11.156488
Hungary,HUN,2015,12.7140665
Hungary,HUN,2016,9.994482
Hungary,HUN,2017,11.059267
Hungary,HUN,2018,10.812108
Hungary,HUN,2019,11.166023
Hungary,HUN,2020,11.759275
Hungary,HUN,2021,11.759275
Iceland,ISL,1980,3.7037036
Iceland,ISL,1981,3.6764705
Iceland,ISL,1982,3.649635
Iceland,ISL,1983,3.6231885
Iceland,ISL,1984,3.5971222
Iceland,ISL,1985,3.5714285
Iceland,ISL,1986,3.5714285
Iceland,ISL,1987,3.5714285
Iceland,ISL,1988,3.5714285
Iceland,ISL,1989,3.5714285
Iceland,ISL,1990,3.5714285
Iceland,ISL,1991,22.743797
Iceland,ISL,1992,41.91617
Iceland,ISL,1993,42.04204
Iceland,ISL,1994,42.168674
Iceland,ISL,1995,42.296074
Iceland,ISL,1996,42.424244
Iceland,ISL,1997,42.553192
Iceland,ISL,1998,42.682926
Iceland,ISL,1999,42.813457
Iceland,ISL,2000,42.944786
Iceland,ISL,2001,42.682926
Iceland,ISL,2002,42.424244
Iceland,ISL,2003,42.424244
Iceland,ISL,2004,42.424244
Iceland,ISL,2005,32.114044
Iceland,ISL,2006,23.54817
Iceland,ISL,2007,16.318478
Iceland,ISL,2008,10.134941
Iceland,ISL,2009,4.78581
Iceland,ISL,2010,0.11286682
Iceland,ISL,2011,0.10124873
Iceland,ISL,2012,0.1019368
Iceland,ISL,2013,0.06868132
Iceland,ISL,2014,0.072674416
Iceland,ISL,2015,0.10779734
Iceland,ISL,2016,0.115384616
Iceland,ISL,2017,0.10779734
Iceland,ISL,2018,0.10779734
Iceland,ISL,2019,0.10779734
Iceland,ISL,2020,0.10779734
Iceland,ISL,2021,0.10779734
India,IND,1975,93
India,IND,1976,93.20602
India,IND,1977,93.40011
India,IND,1978,93.58329
India,IND,1979,93.75645
India,IND,1980,93.92038
India,IND,1981,94.07582
India,IND,1982,94.2234
India,IND,1983,94.3637
India,IND,1984,94.497246
India,IND,1985,94.62452
India,IND,1986,94.09683
India,IND,1987,93.57054
India,IND,1988,93.04564
India,IND,1989,92.52213
India,IND,1990,92
India,IND,1991,91.93801
India,IND,1992,91.87864
India,IND,1993,91.82173
India,IND,1994,91.76713
India,IND,1995,91.7147
India,IND,1996,91.664314
India,IND,1997,91.61585
India,IND,1998,91.569214
India,IND,1999,91.52429
India,IND,2000,91.480995
India,IND,2001,91.350365
India,IND,2002,91.225876
India,IND,2003,91.10711
India,IND,2004,90.993675
India,IND,2005,90.88522
India,IND,2006,90.78144
India,IND,2007,90.682014
India,IND,2008,90.58669
India,IND,2009,90.49522
India,IND,2010,90.40736
India,IND,2011,90.40736
India,IND,2012,90.40736
India,IND,2013,90.40736
India,IND,2014,90.40736
India,IND,2015,90.40736
India,IND,2016,90.40736
India,IND,2017,90.40736
India,IND,2018,90.40736
India,IND,2019,90.40736
India,IND,2020,90.40736
India,IND,2021,90.40736
Indonesia,IDN,1990,93.13336
Indonesia,IDN,1991,91.50388
Indonesia,IDN,1992,90.02893
Indonesia,IDN,1993,88.68751
Indonesia,IDN,1994,87.46227
Indonesia,IDN,1995,86.33876
Indonesia,IDN,1996,85.304794
Indonesia,IDN,1997,84.3501
Indonesia,IDN,1998,83.46587
Indonesia,IDN,1999,82.644615
Indonesia,IDN,2000,81.879814
Indonesia,IDN,2001,80.4392
Indonesia,IDN,2002,79.217964
Indonesia,IDN,2003,78.16955
Indonesia,IDN,2004,77.25968
Indonesia,IDN,2005,76.4626
Indonesia,IDN,2006,77.60182
Indonesia,IDN,2007,78.663025
Indonesia,IDN,2008,79.65397
Indonesia,IDN,2009,80.5814
Indonesia,IDN,2010,81.45123
Indonesia,IDN,2011,82.26868
Indonesia,IDN,2012,83.03832
Indonesia,IDN,2013,83.76425
Indonesia,IDN,2014,84.45007
Indonesia,IDN,2015,84.83197
Indonesia,IDN,2016,85.206726
Indonesia,IDN,2017,85.206726
Indonesia,IDN,2018,85.206726
Indonesia,IDN,2019,85.206726
Indonesia,IDN,2020,85.206726
Indonesia,IDN,2021,85.206726
Iran,IRN,1993,91.6061
Iran,IRN,1994,91.584496
Iran,IRN,1995,91.56626
Iran,IRN,1996,92.033295
Iran,IRN,1997,92.488266
Iran,IRN,1998,92.93163
Iran,IRN,1999,93.363846
Iran,IRN,2000,93.78531
Iran,IRN,2001,93.366776
Iran,IRN,2002,92.9593
Iran,IRN,2003,92.56243
Iran,IRN,2004,92.17577
Iran,IRN,2005,92.17577
Iran,IRN,2006,92.17577
Iran,IRN,2007,92.17577
Iran,IRN,2008,92.17577
Iran,IRN,2009,92.17577
Iran,IRN,2010,92.17577
Iran,IRN,2011,92.17577
Iran,IRN,2012,92.17577
Iran,IRN,2013,92.17577
Iran,IRN,2014,92.17577
Iran,IRN,2015,92.17577
Iran,IRN,2016,92.17577
Iran,IRN,2017,92.17577
Iran,IRN,2018,92.17577
Iran,IRN,2019,92.17577
Iran,IRN,2020,92.17577
Iran,IRN,2021,92.17577
Iraq,IRQ,1975,97.460556
Iraq,IRQ,1976,97.46593
Iraq,IRQ,1977,97.471306
Iraq,IRQ,1978,97.476685
Iraq,IRQ,1979,97.48206
Iraq,IRQ,1980,97.487434
Iraq,IRQ,1981,97.49263
Iraq,IRQ,1982,97.497826
Iraq,IRQ,1983,97.50302
Iraq,IRQ,1984,97.50822
Iraq,IRQ,1985,97.513405
Iraq,IRQ,1986,96.37471
Iraq,IRQ,1987,95.25544
Iraq,IRQ,1988,94.155106
Iraq,IRQ,1989,93.07323
Iraq,IRQ,1990,92.009346
Iraq,IRQ,1991,90.075356
Iraq,IRQ,1992,88.33052
Iraq,IRQ,1993,86.74839
Iraq,IRQ,1994,85.30722
Iraq,IRQ,1995,83.98897
Iraq,IRQ,1996,82.778564
Iraq,IRQ,1997,81.66328
Iraq,IRQ,1998,80.63233
Iraq,IRQ,1999,79.676506
Iraq,IRQ,2000,78.78788
Iraq,IRQ,2001,79.35412
Iraq,IRQ,2002,79.95413
Iraq,IRQ,2003,80.59102
Iraq,IRQ,2004,81.268295
Iraq,IRQ,2005,81.98992
Iraq,IRQ,2006,82.760414
Iraq,IRQ,2007,83.58491
Iraq,IRQ,2008,84.46928
Iraq,IRQ,2009,85.42029
Iraq,IRQ,2010,86.445786
Iraq,IRQ,2011,87.554855
Iraq,IRQ,2012,88.75817
Iraq,IRQ,2013,90.06826
Iraq,IRQ,2014,91.5
Iraq,IRQ,2015,91.49484
Iraq,IRQ,2016,91.49157
Iraq,IRQ,2017,87.81054
Iraq,IRQ,2018,91.48049
Iraq,IRQ,2019,78.11727
Iraq,IRQ,2020,72.570045
Iraq,IRQ,2021,73.47021
Ireland,IRL,1980,12.149532
Ireland,IRL,1981,12.38897
Ireland,IRL,1982,12.625066
Ireland,IRL,1983,12.85789
Ireland,IRL,1984,13.08751
Ireland,IRL,1985,13.313991
Ireland,IRL,1986,13.537397
Ireland,IRL,1987,13.7577915
Ireland,IRL,1988,13.975234
Ireland,IRL,1989,14.189783
Ireland,IRL,1990,14.401496
Ireland,IRL,1991,14.61043
Ireland,IRL,1992,14.816638
Ireland,IRL,1993,15.020174
Ireland,IRL,1994,15.221088
Ireland,IRL,1995,15.079205
Ireland,IRL,1996,14.929988
Ireland,IRL,1997,14.772858
Ireland,IRL,1998,14.607165
Ireland,IRL,1999,14.432192
Ireland,IRL,2000,14.247135
Ireland,IRL,2001,14.051098
Ireland,IRL,2002,13.843073
Ireland,IRL,2003,12.794332
Ireland,IRL,2004,11.808915
Ireland,IRL,2005,14.10826
Ireland,IRL,2006,11.432363
Ireland,IRL,2007,13.791096
Ireland,IRL,2008,10.91644
Ireland,IRL,2009,11.707397
Ireland,IRL,2010,8.959374
Ireland,IRL,2011,8.142188
Ireland,IRL,2012,7.3565865
Ireland,IRL,2013,6.3831124
Ireland,IRL,2014,5.5046577
Ireland,IRL,2015,4.924445
Ireland,IRL,2016,4.2018394
Ireland,IRL,2017,3.0699794
Ireland,IRL,2018,2.2511616
Ireland,IRL,2019,2.298626
Ireland,IRL,2020,2.4597611
Ireland,IRL,2021,2.5300443
Israel,ISR,1970,79.85934
Israel,ISR,1971,79.08215
Israel,ISR,1972,78.31825
Israel,ISR,1973,77.5673
Israel,ISR,1974,76.828964
Israel,ISR,1975,76.10294
Israel,ISR,1976,75.388916
Israel,ISR,1977,74.6866
Israel,ISR,1978,73.9957
Israel,ISR,1979,73.31594
Israel,ISR,1980,72.64706
Israel,ISR,1981,72.64706
Israel,ISR,1982,72.64706
Israel,ISR,1983,72.64706
Israel,ISR,1984,72.64706
Israel,ISR,1985,72.64706
Israel,ISR,1986,72.64706
Israel,ISR,1987,71.387024
Israel,ISR,1988,70.09433
Israel,ISR,1989,68.7677
Israel,ISR,1990,67.40576
Israel,ISR,1991,67.40576
Israel,ISR,1992,67.40576
Israel,ISR,1993,67.40576
Israel,ISR,1994,67.40576
Israel,ISR,1995,67.40576
Israel,ISR,1996,65.67346
Israel,ISR,1997,63.982952
Israel,ISR,1998,62.33275
Israel,ISR,1999,60.72142
Israel,ISR,2000,59.14761
Israel,ISR,2001,57.49667
Israel,ISR,2002,55.76188
Israel,ISR,2003,56.182796
Israel,ISR,2004,57.778915
Israel,ISR,2005,57.314545
Israel,ISR,2006,56.838684
Israel,ISR,2007,56.35089
Israel,ISR,2008,55.85072
Israel,ISR,2009,55.337692
Israel,ISR,2010,57.32152
Israel,ISR,2011,56.30612
Israel,ISR,2012,55.332333
Israel,ISR,2013,54.397648
Israel,ISR,2014,53.49976
Israel,ISR,2015,52.636536
Israel,ISR,2016,55.614735
Israel,ISR,2017,43.346336
Israel,ISR,2018,51.651257
Israel,ISR,2019,51.3805
Israel,ISR,2020,49.791668
Israel,ISR,2021,48.396946
Italy,ITA,1970,61.53846
Italy,ITA,1971,60.35492
Italy,ITA,1972,59.201103
Italy,ITA,1973,58.07591
Italy,ITA,1974,56.97828
Italy,ITA,1975,55.90722
Italy,ITA,1976,54.86422
Italy,ITA,1977,53.84578
Italy,ITA,1978,52.851044
Italy,ITA,1979,51.879185
Italy,ITA,1980,50.929432
Italy,ITA,1981,51.193035
Italy,ITA,1982,51.463215
Italy,ITA,1983,51.740223
Italy,ITA,1984,52.024326
Italy,ITA,1985,52.315796
Italy,ITA,1986,52.61734
Italy,ITA,1987,52.926945
Italy,ITA,1988,53.244934
Italy,ITA,1989,53.571655
Italy,ITA,1990,53.907467
Italy,ITA,1991,52.8563
Italy,ITA,1992,51.830036
Italy,ITA,1993,50.827805
Italy,ITA,1994,49.84877
Italy,ITA,1995,48.892136
Italy,ITA,1996,47.957138
Italy,ITA,1997,47.043056
Italy,ITA,1998,46.149197
Italy,ITA,1999,44.595013
Italy,ITA,2000,44.09156
Italy,ITA,2001,43.485046
Italy,ITA,2002,42.829224
Italy,ITA,2003,42.11782
Italy,ITA,2004,41.343468
Italy,ITA,2005,40.497417
Italy,ITA,2006,39.480297
Italy,ITA,2007,38.364677
Italy,ITA,2008,25.255814
Italy,ITA,2009,42.205486
Italy,ITA,2010,44.085144
Italy,ITA,2011,45.95229
Italy,ITA,2012,47.807045
Italy,ITA,2013,49.707603
Italy,ITA,2014,49.716324
Italy,ITA,2015,49.725048
Italy,ITA,2016,49.85045
Italy,ITA,2017,49.976482
Italy,ITA,2018,50.103153
Italy,ITA,2019,50.132706
Italy,ITA,2020,50.16229
Italy,ITA,2021,50.16229
Jamaica,JAM,1993,75
Jamaica,JAM,1994,73.62382
Jamaica,JAM,1995,72.22743
Jamaica,JAM,1996,70.81039
Jamaica,JAM,1997,69.37222
Jamaica,JAM,1998,67.912476
Jamaica,JAM,1999,66.43064
Jamaica,JAM,2000,64.92622
Jamaica,JAM,2001,63.398693
Jamaica,JAM,2002,61.847523
Jamaica,JAM,2003,60.272156
Jamaica,JAM,2004,58.67202
Jamaica,JAM,2005,57.046528
Jamaica,JAM,2006,50.116154
Jamaica,JAM,2007,44.307693
Jamaica,JAM,2008,39.114456
Jamaica,JAM,2009,34.60973
Jamaica,JAM,2010,30.6651
Jamaica,JAM,2011,27.182224
Jamaica,JAM,2012,24.084507
Jamaica,JAM,2013,21.311405
Jamaica,JAM,2014,18.814432
Jamaica,JAM,2015,16.363636
Jamaica,JAM,2016,8.4194975
Jamaica,JAM,2017,9.906969
Jamaica,JAM,2018,12.048174
Jamaica,JAM,2019,15.3954525
Jamaica,JAM,2020,21.367327
Jamaica,JAM,2021,17.06287
Japan,JPN,1980,65.759636
Japan,JPN,1981,65.622986
Japan,JPN,1982,65.4872
Japan,JPN,1983,65.352264
Japan,JPN,1984,65.21817
Japan,JPN,1985,65.084915
Japan,JPN,1986,64.95249
Japan,JPN,1987,64.820885
Japan,JPN,1988,64.6901
Japan,JPN,1989,64.56011
Japan,JPN,1990,64.43093
Japan,JPN,1991,64.27201
Japan,JPN,1992,64.113785
Japan,JPN,1993,64.68272
Japan,JPN,1994,65.2623
Japan,JPN,1995,65.85284
Japan,JPN,1996,65.500694
Japan,JPN,1997,65.154366
Japan,JPN,1998,64.53278
Japan,JPN,1999,63.911522
Japan,JPN,2000,63.29058
Japan,JPN,2001,64.703865
Japan,JPN,2002,66.21382
Japan,JPN,2003,66.10041
Japan,JPN,2004,65.98604
Japan,JPN,2005,65.8707
Japan,JPN,2006,65.75438
Japan,JPN,2007,65.678474
Japan,JPN,2008,66.24703
Japan,JPN,2009,66.82627
Japan,JPN,2010,66.92118
Japan,JPN,2011,67.01668
Japan,JPN,2012,67.11276
Japan,JPN,2013,67.20945
Japan,JPN,2014,67.30673
Japan,JPN,2015,67.404625
Japan,JPN,2016,67.503136
Japan,JPN,2017,67.71753
Japan,JPN,2018,67.6359
Japan,JPN,2019,67.984695
Japan,JPN,2020,67.94381
Japan,JPN,2021,67.94381
Jordan,JOR,1975,64.96674
Jordan,JOR,1976,66.224884
Jordan,JOR,1977,67.39579
Jordan,JOR,1978,68.488235
Jordan,JOR,1979,69.50984
Jordan,JOR,1980,70.46729
Jordan,JOR,1981,71.36644
Jordan,JOR,1982,72.21245
Jordan,JOR,1983,73.00991
Jordan,JOR,1984,73.76287
Jordan,JOR,1985,74.47496
Jordan,JOR,1986,74.59798
Jordan,JOR,1987,74.70312
Jordan,JOR,1988,74.79403
Jordan,JOR,1989,74.873405
Jordan,JOR,1990,74.94331
Jordan,JOR,1991,74.91962
Jordan,JOR,1992,74.89838
Jordan,JOR,1993,73.977936
Jordan,JOR,1994,73.016716
Jordan,JOR,1995,72.01194
Jordan,JOR,1996,70.96058
Jordan,JOR,1997,69.859314
Jordan,JOR,1998,68.70451
Jordan,JOR,1999,67.492165
Jordan,JOR,2000,66.21787
Jordan,JOR,2001,63.577023
Jordan,JOR,2002,64.38356
Jordan,JOR,2003,62.93532
Jordan,JOR,2004,62.90698
Jordan,JOR,2005,64.95908
Jordan,JOR,2006,64.12214
Jordan,JOR,2007,63.197426
Jordan,JOR,2008,61.853447
Jordan,JOR,2009,57.937428
Jordan,JOR,2010,56.103024
Jordan,JOR,2011,56.93471
Jordan,JOR,2012,54.41696
Jordan,JOR,2013,53.385128
Jordan,JOR,2014,53.46767
Jordan,JOR,2015,51.032566
Jordan,JOR,2016,53.127094
Jordan,JOR,2017,52.372818
Jordan,JOR,2018,52.248234
Jordan,JOR,2019,51.64546
Jordan,JOR,2020,51.64546
Jordan,JOR,2021,51.64546
Kazakhstan,KAZ,1993,80.94377
Kazakhstan,KAZ,1994,81.17063
Kazakhstan,KAZ,1995,81.405365
Kazakhstan,KAZ,1996,79.41626
Kazakhstan,KAZ,1997,77.07475
Kazakhstan,KAZ,1998,74.27808
Kazakhstan,KAZ,1999,70.87926
Kazakhstan,KAZ,2000,66.66032
Kazakhstan,KAZ,2001,67.24585
Kazakhstan,KAZ,2002,68.13078
Kazakhstan,KAZ,2003,68.32136
Kazakhstan,KAZ,2004,68.89697
Kazakhstan,KAZ,2005,71.27012
Kazakhstan,KAZ,2006,62.929493
Kazakhstan,KAZ,2007,63.396027
Kazakhstan,KAZ,2008,58.915485
Kazakhstan,KAZ,2009,60.62294
Kazakhstan,KAZ,2010,59.12737
Kazakhstan,KAZ,2011,59.69741
Kazakhstan,KAZ,2012,58.380856
Kazakhstan,KAZ,2013,60.76073
Kazakhstan,KAZ,2014,57.80397
Kazakhstan,KAZ,2015,61.066235
Kazakhstan,KAZ,2016,61.049046
Kazakhstan,KAZ,2017,61.837963
Kazakhstan,KAZ,2018,63.579987
Kazakhstan,KAZ,2019,66.80487
Kazakhstan,KAZ,2020,62.69337
Kazakhstan,KAZ,2021,62.69337
Kenya,KEN,1990,76.42753
Kenya,KEN,1991,75.51652
Kenya,KEN,1992,74.55983
Kenya,KEN,1993,73.55396
Kenya,KEN,1994,72.494995
Kenya,KEN,1995,71.37863
Kenya,KEN,1996,70.200066
Kenya,KEN,1997,68.95396
Kenya,KEN,1998,67.634315
Kenya,KEN,1999,66.234436
Kenya,KEN,2000,64.74678
Kenya,KEN,2001,69.30343
Kenya,KEN,2002,72.742836
Kenya,KEN,2003,75.43104
Kenya,KEN,2004,72.39468
Kenya,KEN,2005,69.660675
Kenya,KEN,2006,67.18601
Kenya,KEN,2007,64.935455
Kenya,KEN,2008,62.879883
Kenya,KEN,2009,60.995007
Kenya,KEN,2010,59.26041
Kenya,KEN,2011,59.26041
Kenya,KEN,2012,59.26041
Kenya,KEN,2013,59.26041
Kenya,KEN,2014,59.26041
Kenya,KEN,2015,59.26041
Kenya,KEN,2016,80.208336
Kenya,KEN,2017,80.208336
Kenya,KEN,2018,80.208336
Kenya,KEN,2019,80.208336
Kenya,KEN,2020,80.208336
Kenya,KEN,2021,80.208336
Kuwait,KWT,1993,60.22305
Kuwait,KWT,1994,57.540085
Kuwait,KWT,1995,56.633415
Kuwait,KWT,1996,55.85425
Kuwait,KWT,1997,55.177464
Kuwait,KWT,1998,54.584118
Kuwait,KWT,1999,54.05968
Kuwait,KWT,2000,53.592804
Kuwait,KWT,2001,53.734898
Kuwait,KWT,2002,53.86553
Kuwait,KWT,2003,53.644745
Kuwait,KWT,2004,53.438347
Kuwait,KWT,2005,53.244972
Kuwait,KWT,2006,53.932507
Kuwait,KWT,2007,54.600117
Kuwait,KWT,2008,55.248653
Kuwait,KWT,2009,55.878925
Kuwait,KWT,2010,56.491688
Kuwait,KWT,2011,57.08766
Kuwait,KWT,2012,57.66753
Kuwait,KWT,2013,58.231937
Kuwait,KWT,2014,58.78149
Kuwait,KWT,2015,59.31677
Kuwait,KWT,2016,60.50913
Kuwait,KWT,2017,62.272
Kuwait,KWT,2018,62.272
Kuwait,KWT,2019,62.272
Kuwait,KWT,2020,62.272
Kuwait,KWT,2021,62.272
Kyrgyzstan,KGZ,1994,94.15031
Kyrgyzstan,KGZ,1995,94.08359
Kyrgyzstan,KGZ,1996,94.01687
Kyrgyzstan,KGZ,1997,93.95016
Kyrgyzstan,KGZ,1998,93.88344
Kyrgyzstan,KGZ,1999,93.81672
Kyrgyzstan,KGZ,2000,93.75
Kyrgyzstan,KGZ,2001,93.64802
Kyrgyzstan,KGZ,2002,93.538536
Kyrgyzstan,KGZ,2003,93.42069
Kyrgyzstan,KGZ,2004,93.29348
Kyrgyzstan,KGZ,2005,93.15574
Kyrgyzstan,KGZ,2006,93.00612
Kyrgyzstan,KGZ,2007,92.94497
Kyrgyzstan,KGZ,2008,92.882744
Kyrgyzstan,KGZ,2009,92.819405
Kyrgyzstan,KGZ,2010,92.75494
Kyrgyzstan,KGZ,2011,92.68929
Kyrgyzstan,KGZ,2012,92.68929
Kyrgyzstan,KGZ,2013,92.68929
Kyrgyzstan,KGZ,2014,92.68929
Kyrgyzstan,KGZ,2015,92.68929
Kyrgyzstan,KGZ,2016,92.68929
Kyrgyzstan,KGZ,2017,92.68929
Kyrgyzstan,KGZ,2018,92.68929
Kyrgyzstan,KGZ,2019,92.68929
Kyrgyzstan,KGZ,2020,92.68929
Kyrgyzstan,KGZ,2021,92.68929
Laos,LAO,2005,91.41139
Laos,LAO,2006,92.39736
Laos,LAO,2007,93.18027
Laos,LAO,2008,93.816986
Laos,LAO,2009,94.344955
Laos,LAO,2010,94.789856
Laos,LAO,2011,95.16986
Laos,LAO,2012,95.4982
Laos,LAO,2013,95.784744
Laos,LAO,2014,96.03699
Laos,LAO,2015,96.178345
Laos,LAO,2016,96.08355
Laos,LAO,2017,95.90164
Laos,LAO,2018,95.90164
Laos,LAO,2019,95.918365
Laos,LAO,2020,95.918365
Laos,LAO,2021,95.918365
Latin America and Caribbean (WB),,2014,72.93773
Latin America and Caribbean (WB),,2015,73.20157
Latin America and Caribbean (WB),,2016,74.62511
Latin America and Caribbean (WB),,2017,74.91417
Latin America and Caribbean (WB),,2018,74.86445
Latin America and Caribbean (WB),,2019,75.67398
Latin America and Caribbean (WB),,2020,75.49968
Latin America and Caribbean (WB),,2021,75.429474
Latvia,LVA,1995,8.61244
Latvia,LVA,1996,9.744239
Latvia,LVA,1997,11.016676
Latvia,LVA,1998,12.4577
Latvia,LVA,1999,14.103194
Latvia,LVA,2000,16
Latvia,LVA,2001,16.678596
Latvia,LVA,2002,20.756926
Latvia,LVA,2003,21.071257
Latvia,LVA,2004,17.298597
Latvia,LVA,2005,21.889994
Latvia,LVA,2006,22.185812
Latvia,LVA,2007,23.189734
Latvia,LVA,2008,21.465137
Latvia,LVA,2009,19.86383
Latvia,LVA,2010,18.373049
Latvia,LVA,2011,16.981731
Latvia,LVA,2012,15.680246
Latvia,LVA,2013,14.6489105
Latvia,LVA,2014,21.997622
Latvia,LVA,2015,27.818697
Latvia,LVA,2016,31.260447
Latvia,LVA,2017,31.15609
Latvia,LVA,2018,29.928715
Latvia,LVA,2019,29.74657
Latvia,LVA,2020,30.53126
Latvia,LVA,2021,30.53126
Lebanon,LBN,1975,84.95339
Lebanon,LBN,1976,83.44474
Lebanon,LBN,1977,82.042595
Lebanon,LBN,1978,80.736084
Lebanon,LBN,1979,79.515724
Lebanon,LBN,1980,78.37328
Lebanon,LBN,1981,77.30152
Lebanon,LBN,1982,76.29408
Lebanon,LBN,1983,75.34534
Lebanon,LBN,1984,74.4503
Lebanon,LBN,1985,73.60455
Lebanon,LBN,1986,72.804115
Lebanon,LBN,1987,72.04544
Lebanon,LBN,1988,71.325356
Lebanon,LBN,1989,70.64098
Lebanon,LBN,1990,69.98973
Lebanon,LBN,1991,69.369255
Lebanon,LBN,1992,68.77741
Lebanon,LBN,1993,68.21228
Lebanon,LBN,1994,67.67208
Lebanon,LBN,1995,67.04229
Lebanon,LBN,1996,66.43443
Lebanon,LBN,1997,65.8474
Lebanon,LBN,1998,65.28011
Lebanon,LBN,1999,64.73161
Lebanon,LBN,2000,64.20097
Lebanon,LBN,2001,63.334282
Lebanon,LBN,2002,62.436768
Lebanon,LBN,2003,61.506767
Lebanon,LBN,2004,60.542484
Lebanon,LBN,2005,59.541985
Lebanon,LBN,2006,56.639767
Lebanon,LBN,2007,53.954803
Lebanon,LBN,2008,51.46358
Lebanon,LBN,2009,49.145863
Lebanon,LBN,2010,46.984127
Lebanon,LBN,2011,44.963146
Lebanon,LBN,2012,43.069603
Lebanon,LBN,2013,41.29181
Lebanon,LBN,2014,39.619473
Lebanon,LBN,2015,38.04348
Lebanon,LBN,2016,38.04348
Lebanon,LBN,2017,38.04348
Lebanon,LBN,2018,38.04348
Lebanon,LBN,2019,38.04348
Lebanon,LBN,2020,38.04348
Lebanon,LBN,2021,38.04348
Lesotho,LSO,1987,56
Lesotho,LSO,1988,52.63199
Lesotho,LSO,1989,49.17662
Lesotho,LSO,1990,45.630447
Lesotho,LSO,1991,41.989845
Lesotho,LSO,1992,38.25099
Lesotho,LSO,1993,34.409855
Lesotho,LSO,1994,30.46218
Lesotho,LSO,1995,26.40347
Lesotho,LSO,1996,22.228973
Lesotho,LSO,1997,17.933666
Lesotho,LSO,1998,13.512226
Lesotho,LSO,1999,8.959013
Lesotho,LSO,2000,8.675799
Lesotho,LSO,2001,8.675799
Lesotho,LSO,2002,8.675799
Lesotho,LSO,2003,8.675799
Lesotho,LSO,2004,8.675799
Lesotho,LSO,2005,8.675799
Lesotho,LSO,2006,8.675799
Lesotho,LSO,2007,8.675799
Lesotho,LSO,2008,8.675799
Lesotho,LSO,2009,8.675799
Lesotho,LSO,2010,8.675799
Lesotho,LSO,2011,8.675799
Lesotho,LSO,2012,8.675799
Lesotho,LSO,2013,8.675799
Lesotho,LSO,2014,8.675799
Lesotho,LSO,2015,8.675799
Lesotho,LSO,2016,8.675799
Lesotho,LSO,2017,8.675799
Lesotho,LSO,2018,8.675799
Lesotho,LSO,2019,8.675799
Lesotho,LSO,2020,8.675799
Lesotho,LSO,2021,8.675799
Liberia,LBR,1987,60
Liberia,LBR,1988,56.085876
Liberia,LBR,1989,52.175457
Liberia,LBR,1990,48.26873
Liberia,LBR,1991,44.3657
Liberia,LBR,1992,40.46635
Liberia,LBR,1993,36.570686
Liberia,LBR,1994,32.6787
Liberia,LBR,1995,28.79038
Liberia,LBR,1996,24.905727
Liberia,LBR,1997,21.024734
Liberia,LBR,1998,17.147398
Liberia,LBR,1999,13.273711
Liberia,LBR,2000,9.403669
Liberia,LBR,2001,9.191451
Liberia,LBR,2002,8.9886
Liberia,LBR,2003,8.794509
Liberia,LBR,2004,8.608623
Liberia,LBR,2005,8.430431
Liberia,LBR,2006,8.430431
Liberia,LBR,2007,8.430431
Liberia,LBR,2008,8.430431
Liberia,LBR,2009,8.430431
Liberia,LBR,2010,8.430431
Liberia,LBR,2011,8.430431
Liberia,LBR,2012,8.430431
Liberia,LBR,2013,8.430431
Liberia,LBR,2014,8.430431
Liberia,LBR,2015,8.430431
Liberia,LBR,2016,8.430431
Liberia,LBR,2017,8.430431
Liberia,LBR,2018,8.430431
Liberia,LBR,2019,8.430431
Liberia,LBR,2020,8.430431
Liberia,LBR,2021,8.430431
Libya,LBY,1985,63.081863
Libya,LBY,1986,70.49942
Libya,LBY,1987,76.623375
Libya,LBY,1988,81.76499
Libya,LBY,1989,86.14308
Libya,LBY,1990,89.91597
Libya,LBY,1991,89.194916
Libya,LBY,1992,88.46154
Libya,LBY,1993,87.715515
Libya,LBY,1994,86.95652
Libya,LBY,1995,86.305626
Libya,LBY,1996,85.64153
Libya,LBY,1997,84.96384
Libya,LBY,1998,84.2721
Libya,LBY,1999,83.5659
Libya,LBY,2000,82.84789
Libya,LBY,2001,82.84789
Libya,LBY,2002,82.84789
Libya,LBY,2003,82.84789
Libya,LBY,2004,82.84789
Libya,LBY,2005,82.84789
Libya,LBY,2006,82.90488
Libya,LBY,2007,82.95881
Libya,LBY,2008,83.00995
Libya,LBY,2009,83.05849
Libya,LBY,2010,83.10463
Libya,LBY,2011,83.148544
Libya,LBY,2012,83.19039
Libya,LBY,2013,83.19039
Libya,LBY,2014,83.19039
Libya,LBY,2015,83.19039
Libya,LBY,2016,83.19039
Libya,LBY,2017,83.19039
Libya,LBY,2018,83.19039
Libya,LBY,2019,83.19039
Libya,LBY,2020,83.19039
Libya,LBY,2021,83.19039
Lithuania,LTU,1995,0.18382353
Lithuania,LTU,1996,0.2547209
Lithuania,LTU,1997,0.33562326
Lithuania,LTU,1998,0.4288092
Lithuania,LTU,1999,0.53730613
Lithuania,LTU,2000,0.6652253
Lithuania,LTU,2001,1.9147398
Lithuania,LTU,2002,2.6438882
Lithuania,LTU,2003,3.477432
Lithuania,LTU,2004,3.681135
Lithuania,LTU,2005,3.420719
Lithuania,LTU,2006,4.4733014
Lithuania,LTU,2007,3.6051123
Lithuania,LTU,2008,5.5101495
Lithuania,LTU,2009,6.1817527
Lithuania,LTU,2010,6.810743
Lithuania,LTU,2011,7.712646
Lithuania,LTU,2012,9.114292
Lithuania,LTU,2013,11.590219
Lithuania,LTU,2014,16.191275
Lithuania,LTU,2015,15.6024475
Lithuania,LTU,2016,19.2595
Lithuania,LTU,2017,22.741312
Lithuania,LTU,2018,22.461575
Lithuania,LTU,2019,22.461575
Lithuania,LTU,2020,22.461575
Lithuania,LTU,2021,22.461575
Low-income countries,,2014,90.65171
Low-income countries,,2015,90.64561
Low-income countries,,2016,90.62647
Low-income countries,,2017,90.599815
Low-income countries,,2018,90.65959
Low-income countries,,2019,90.646805
Low-income countries,,2020,90.65262
Low-income countries,,2021,90.64774
Lower-middle-income countries,,2014,89.43587
Lower-middle-income countries,,2015,89.23386
Lower-middle-income countries,,2016,89.14106
Lower-middle-income countries,,2017,88.4439
Lower-middle-income countries,,2018,88.425735
Lower-middle-income countries,,2019,88.70891
Lower-middle-income countries,,2020,88.69078
Lower-middle-income countries,,2021,88.82438
Luxembourg,LUX,1995,0.3539823
Luxembourg,LUX,1996,0.34813136
Luxembourg,LUX,1997,0.34228042
Luxembourg,LUX,1998,0.33642945
Luxembourg,LUX,1999,0.3305785
Luxembourg,LUX,2000,0.3218391
Luxembourg,LUX,2001,0.31274432
Luxembourg,LUX,2002,0.30592364
Luxembourg,LUX,2003,0.29690233
Luxembourg,LUX,2004,0.2874292
Luxembourg,LUX,2005,0.2774695
Luxembourg,LUX,2006,0.26698467
Luxembourg,LUX,2007,0.25593215
Luxembourg,LUX,2008,0.24426448
Luxembourg,LUX,2009,0.23192887
Luxembourg,LUX,2010,0.21052632
Luxembourg,LUX,2011,1.0309278
Luxembourg,LUX,2012,0.4494382
Luxembourg,LUX,2013,0.6960557
Luxembourg,LUX,2014,0.65789473
Luxembourg,LUX,2015,1.5625
Luxembourg,LUX,2016,0.6756757
Luxembourg,LUX,2017,0.877193
Luxembourg,LUX,2018,0.9578544
Luxembourg,LUX,2019,1.2170385
Luxembourg,LUX,2020,0
Luxembourg,LUX,2021,0
Madagascar,MDG,1984,99.00018
Madagascar,MDG,1985,98.90871
Madagascar,MDG,1986,98.81513
Madagascar,MDG,1987,98.71937
Madagascar,MDG,1988,98.62135
Madagascar,MDG,1989,98.521
Madagascar,MDG,1990,98.418236
Madagascar,MDG,1991,98.31296
Madagascar,MDG,1992,98.20508
Madagascar,MDG,1993,98.0945
Madagascar,MDG,1994,97.98112
Madagascar,MDG,1995,97.86482
Madagascar,MDG,1996,97.74551
Madagascar,MDG,1997,97.62305
Madagascar,MDG,1998,97.49732
Madagascar,MDG,1999,97.36819
Madagascar,MDG,2000,97.23552
Madagascar,MDG,2001,97.1085
Madagascar,MDG,2002,96.98048
Madagascar,MDG,2003,96.853455
Madagascar,MDG,2004,96.72743
Madagascar,MDG,2005,96.60041
Madagascar,MDG,2006,95.89213
Madagascar,MDG,2007,95.89213
Madagascar,MDG,2008,95.89213
Madagascar,MDG,2009,95.89213
Madagascar,MDG,2010,95.89213
Madagascar,MDG,2011,95.89213
Madagascar,MDG,2012,95.89213
Madagascar,MDG,2013,95.89213
Madagascar,MDG,2014,95.89213
Madagascar,MDG,2015,95.89213
Madagascar,MDG,2016,95.89213
Madagascar,MDG,2017,95.89213
Madagascar,MDG,2018,95.89213
Madagascar,MDG,2019,95.89213
Madagascar,MDG,2020,95.89213
Madagascar,MDG,2021,95.89213
Malawi,MWI,1994,86.431625
Malawi,MWI,1995,86.570885
Malawi,MWI,1996,86.69669
Malawi,MWI,1997,86.81091
Malawi,MWI,1998,86.91506
Malawi,MWI,1999,87.01043
Malawi,MWI,2000,87.098076
Malawi,MWI,2001,87.12179
Malawi,MWI,2002,87.14369
Malawi,MWI,2003,86.737885
Malawi,MWI,2004,86.33584
Malawi,MWI,2005,85.9375
Malawi,MWI,2006,85.9375
Malawi,MWI,2007,85.9375
Malawi,MWI,2008,85.9375
Malawi,MWI,2009,85.9375
Malawi,MWI,2010,85.9375
Malawi,MWI,2011,85.9375
Malawi,MWI,2012,85.9375
Malawi,MWI,2013,85.9375
Malawi,MWI,2014,85.9375
Malawi,MWI,2015,85.9375
Malawi,MWI,2016,85.9375
Malawi,MWI,2017,85.9375
Malawi,MWI,2018,85.9375
Malawi,MWI,2019,85.9375
Malawi,MWI,2020,85.9375
Malawi,MWI,2021,85.9375
Malaysia,MYS,1990,82.04013
Malaysia,MYS,1991,78.15303
Malaysia,MYS,1992,73.6076
Malaysia,MYS,1993,68.22114
Malaysia,MYS,1994,61.736412
Malaysia,MYS,1995,53.779408
Malaysia,MYS,1996,45.645042
Malaysia,MYS,1997,45.645042
Malaysia,MYS,1998,45.645042
Malaysia,MYS,1999,45.645042
Malaysia,MYS,2000,45.645042
Malaysia,MYS,2001,45.645042
Malaysia,MYS,2002,45.645042
Malaysia,MYS,2003,45.645042
Malaysia,MYS,2004,45.645042
Malaysia,MYS,2005,45.645042
Malaysia,MYS,2006,45.645042
Malaysia,MYS,2007,45.645042
Malaysia,MYS,2008,45.645042
Malaysia,MYS,2009,45.645042
Malaysia,MYS,2010,45.645042
Malaysia,MYS,2011,45.645042
Malaysia,MYS,2012,45.645042
Malaysia,MYS,2013,45.645042
Malaysia,MYS,2014,45.645042
Malaysia,MYS,2015,45.645042
Malaysia,MYS,2016,45.645042
Malaysia,MYS,2017,45.645042
Malaysia,MYS,2018,45.645042
Malaysia,MYS,2019,45.645042
Malaysia,MYS,2020,45.645042
Malaysia,MYS,2021,45.645042
Maldives,MDV,1987,0
Maldives,MDV,1988,0
Maldives,MDV,1989,0
Maldives,MDV,1990,0
Maldives,MDV,1991,0
Maldives,MDV,1992,0
Maldives,MDV,1993,0
Maldives,MDV,1994,0
Maldives,MDV,1995,0
Maldives,MDV,1996,0
Maldives,MDV,1997,0
Maldives,MDV,1998,0
Maldives,MDV,1999,0
Maldives,MDV,2000,0
Maldives,MDV,2001,0
Maldives,MDV,2002,0
Maldives,MDV,2003,0
Maldives,MDV,2004,0
Maldives,MDV,2005,0
Maldives,MDV,2006,0
Maldives,MDV,2007,0
Maldives,MDV,2008,0
Maldives,MDV,2009,0.1365043
Maldives,MDV,2010,0.2730086
Maldives,MDV,2011,0.40951294
Maldives,MDV,2012,0.5460172
Maldives,MDV,2013,0.6825216
Maldives,MDV,2014,0.8190259
Maldives,MDV,2015,0.9555302
Maldives,MDV,2016,1.0920345
Maldives,MDV,2017,1.2285389
Maldives,MDV,2018,1.3650432
Maldives,MDV,2019,1.5015475
Maldives,MDV,2020,3.0236068
Maldives,MDV,2021,4.545666
Mali,MLI,1987,96.98529
Mali,MLI,1988,97.260345
Mali,MLI,1989,97.457016
Mali,MLI,1990,97.60463
Mali,MLI,1991,97.719505
Mali,MLI,1992,97.81145
Mali,MLI,1993,97.8867
Mali,MLI,1994,97.94943
Mali,MLI,1995,98.002525
Mali,MLI,1996,98.04804
Mali,MLI,1997,98.08074
Mali,MLI,1998,98.10954
Mali,MLI,1999,98.13512
Mali,MLI,2000,98.15797
Mali,MLI,2001,98.178505
Mali,MLI,2002,98.11369
Mali,MLI,2003,98.04941
Mali,MLI,2004,97.985634
Mali,MLI,2005,97.92238
Mali,MLI,2006,97.85962
Mali,MLI,2007,97.85962
Mali,MLI,2008,97.85962
Mali,MLI,2009,97.85962
Mali,MLI,2010,97.85962
Mali,MLI,2011,97.85962
Mali,MLI,2012,97.85962
Mali,MLI,2013,97.85962
Mali,MLI,2014,97.85962
Mali,MLI,2015,97.85962
Mali,MLI,2016,97.85962
Mali,MLI,2017,97.85962
Mali,MLI,2018,97.85962
Mali,MLI,2019,97.85962
Mali,MLI,2020,97.85962
Mali,MLI,2021,97.85962
Malta,MLT,1995,12.5
Malta,MLT,1996,16.341143
Malta,MLT,1997,20.155367
Malta,MLT,1998,23.942951
Malta,MLT,1999,27.704176
Malta,MLT,2000,31.439314
Malta,MLT,2001,35.16621
Malta,MLT,2002,35.037075
Malta,MLT,2003,32.09945
Malta,MLT,2004,33.462387
Malta,MLT,2005,34.171936
Malta,MLT,2006,37.295135
Malta,MLT,2007,43.201702
Malta,MLT,2008,44.17665
Malta,MLT,2009,42.48927
Malta,MLT,2010,48.568188
Malta,MLT,2011,54.537792
Malta,MLT,2012,60.401
Malta,MLT,2013,64.01766
Malta,MLT,2014,44.28795
Malta,MLT,2015,41.100323
Malta,MLT,2016,40.605095
Malta,MLT,2017,42.424244
Malta,MLT,2018,39.74604
Malta,MLT,2019,36.51141
Malta,MLT,2020,37.94747
Malta,MLT,2021,36.67481
Mauritania,MRT,1980,83.9726
Mauritania,MRT,1981,86.893906
Mauritania,MRT,1982,88.85176
Mauritania,MRT,1983,90.25531
Mauritania,MRT,1984,91.31077
Mauritania,MRT,1985,92.13335
Mauritania,MRT,1986,92.23485
Mauritania,MRT,1987,92.33658
Mauritania,MRT,1988,92.43853
Mauritania,MRT,1989,92.5407
Mauritania,MRT,1990,92.643105
Mauritania,MRT,1991,92.745735
Mauritania,MRT,1992,92.848595
Mauritania,MRT,1993,92.95168
Mauritania,MRT,1994,93.05499
Mauritania,MRT,1995,93.15854
Mauritania,MRT,1996,93.262314
Mauritania,MRT,1997,93.366325
Mauritania,MRT,1998,93.47056
Mauritania,MRT,1999,93.575035
Mauritania,MRT,2000,93.67974
Mauritania,MRT,2001,93.0781
Mauritania,MRT,2002,92.42414
Mauritania,MRT,2003,91.710724
Mauritania,MRT,2004,90.92937
Mauritania,MRT,2005,90.57917
Mauritania,MRT,2006,90.57917
Mauritania,MRT,2007,90.57917
Mauritania,MRT,2008,90.57917
Mauritania,MRT,2009,90.57917
Mauritania,MRT,2010,90.57917
Mauritania,MRT,2011,90.57917
Mauritania,MRT,2012,90.57917
Mauritania,MRT,2013,90.57917
Mauritania,MRT,2014,90.57917
Mauritania,MRT,2015,90.57917
Mauritania,MRT,2016,90.57917
Mauritania,MRT,2017,90.57917
Mauritania,MRT,2018,90.57917
Mauritania,MRT,2019,90.57917
Mauritania,MRT,2020,90.57917
Mauritania,MRT,2021,90.57917
Mauritius,MUS,1974,76.888885
Mauritius,MUS,1975,76.888885
Mauritius,MUS,1976,76.888885
Mauritius,MUS,1977,76.888885
Mauritius,MUS,1978,76.888885
Mauritius,MUS,1979,76.888885
Mauritius,MUS,1980,76.888885
Mauritius,MUS,1981,76.888885
Mauritius,MUS,1982,76.888885
Mauritius,MUS,1983,76.888885
Mauritius,MUS,1984,76.888885
Mauritius,MUS,1985,76.888885
Mauritius,MUS,1986,76.888885
Mauritius,MUS,1987,76.888885
Mauritius,MUS,1988,76.888885
Mauritius,MUS,1989,76.888885
Mauritius,MUS,1990,76.888885
Mauritius,MUS,1991,76.44197
Mauritius,MUS,1992,76.01002
Mauritius,MUS,1993,75.592285
Mauritius,MUS,1994,75.18807
Mauritius,MUS,1995,74.796745
Mauritius,MUS,1996,74.796745
Mauritius,MUS,1997,74.796745
Mauritius,MUS,1998,74.796745
Mauritius,MUS,1999,74.796745
Mauritius,MUS,2000,74.796745
Mauritius,MUS,2001,72.16043
Mauritius,MUS,2002,69.81845
Mauritius,MUS,2003,67.72414
Mauritius,MUS,2004,67.58475
Mauritius,MUS,2005,67.43849
Mauritius,MUS,2006,66.42229
Mauritius,MUS,2007,67.14286
Mauritius,MUS,2008,67.10183
Mauritius,MUS,2009,63.13291
Mauritius,MUS,2010,62.44204
Mauritius,MUS,2011,62.34676
Mauritius,MUS,2012,62.714775
Mauritius,MUS,2013,61.67763
Mauritius,MUS,2014,60.16129
Mauritius,MUS,2015,56.045753
Mauritius,MUS,2016,57.028755
Mauritius,MUS,2017,55.844154
Mauritius,MUS,2018,51.00671
Mauritius,MUS,2019,50.33445
Mauritius,MUS,2020,50.164474
Mauritius,MUS,2021,49.752068
Mexico,MEX,1995,95.942986
Mexico,MEX,1996,93.61182
Mexico,MEX,1997,91.32348
Mexico,MEX,1998,89.07679
Mexico,MEX,1999,86.87063
Mexico,MEX,2000,84.70391
Mexico,MEX,2001,76.45349
Mexico,MEX,2002,77.27273
Mexico,MEX,2003,76.17135
Mexico,MEX,2004,76.15894
Mexico,MEX,2005,76.732025
Mexico,MEX,2006,76.84347
Mexico,MEX,2007,76.719444
Mexico,MEX,2008,76.69173
Mexico,MEX,2009,76.674934
Mexico,MEX,2010,76.68118
Mexico,MEX,2011,76.68742
Mexico,MEX,2012,76.571625
Mexico,MEX,2013,75.716194
Mexico,MEX,2014,76.7202
Mexico,MEX,2015,76.2972
Mexico,MEX,2016,76.29047
Mexico,MEX,2017,76.047356
Mexico,MEX,2018,75.72046
Mexico,MEX,2019,75.70816
Mexico,MEX,2020,75.739265
Mexico,MEX,2021,75.67931
"Middle East, North Africa, Afghanistan and Pakistan (WB)",,2014,90.1412
"Middle East, North Africa, Afghanistan and Pakistan (WB)",,2015,90.054085
"Middle East, North Africa, Afghanistan and Pakistan (WB)",,2016,89.97631
"Middle East, North Africa, Afghanistan and Pakistan (WB)",,2017,88.598656
"Middle East, North Africa, Afghanistan and Pakistan (WB)",,2018,88.78297
"Middle East, North Africa, Afghanistan and Pakistan (WB)",,2019,87.2315
"Middle East, North Africa, Afghanistan and Pakistan (WB)",,2020,87.09325
"Middle East, North Africa, Afghanistan and Pakistan (WB)",,2021,88.09827
Moldova,MDA,1992,39.48039
Moldova,MDA,1993,36.096943
Moldova,MDA,1994,32.284912
Moldova,MDA,1995,27.957352
Moldova,MDA,1996,23.002104
Moldova,MDA,1997,21.58928
Moldova,MDA,1998,20.113113
Moldova,MDA,1999,18.569248
Moldova,MDA,2000,16.952919
Moldova,MDA,2001,15.501283
Moldova,MDA,2002,13.927734
Moldova,MDA,2003,12.216242
Moldova,MDA,2004,10.347836
Moldova,MDA,2005,8.299899
Moldova,MDA,2006,6.048673
Moldova,MDA,2007,3.5551655
Moldova,MDA,2008,3.7462032
Moldova,MDA,2009,3.9471407
Moldova,MDA,2010,4.1587677
Moldova,MDA,2011,4.277097
Moldova,MDA,2012,4.402358
Moldova,MDA,2013,4.4240346
Moldova,MDA,2014,5.017921
Moldova,MDA,2015,5.2380953
Moldova,MDA,2016,5.1008306
Moldova,MDA,2017,5
Moldova,MDA,2018,5.1373954
Moldova,MDA,2019,5.2380953
Moldova,MDA,2020,6.875
Moldova,MDA,2021,6.8922305
Monaco,MCO,1990,0
Monaco,MCO,1991,0
Monaco,MCO,1992,0
Monaco,MCO,1993,0
Monaco,MCO,1994,0
Monaco,MCO,1995,0
Monaco,MCO,1996,0
Monaco,MCO,1997,0
Monaco,MCO,1998,0
Monaco,MCO,1999,0
Monaco,MCO,2000,0
Monaco,MCO,2001,0
Monaco,MCO,2002,0
Monaco,MCO,2003,0
Monaco,MCO,2004,0
Monaco,MCO,2005,0
Monaco,MCO,2006,0
Monaco,MCO,2007,0
Monaco,MCO,2008,0
Monaco,MCO,2009,0
Monaco,MCO,2010,0
Monaco,MCO,2011,0
Monaco,MCO,2012,0
Monaco,MCO,2013,0
Monaco,MCO,2014,0
Monaco,MCO,2015,0
Monaco,MCO,2016,0
Monaco,MCO,2017,0
Monaco,MCO,2018,0
Monaco,MCO,2019,0
Monaco,MCO,2020,0
Monaco,MCO,2021,0
Mongolia,MNG,1993,53.037384
Mongolia,MNG,1994,51.937984
Mongolia,MNG,1995,50.881134
Mongolia,MNG,1996,49.864407
Mongolia,MNG,1997,48.885563
Mongolia,MNG,1998,47.94252
Mongolia,MNG,1999,47.033356
Mongolia,MNG,2000,46.15627
Mongolia,MNG,2001,45.309597
Mongolia,MNG,2002,44.491783
Mongolia,MNG,2003,43.701378
Mongolia,MNG,2004,42.937023
Mongolia,MNG,2005,42.197453
Mongolia,MNG,2006,41.48148
Mongolia,MNG,2007,42.305336
Mongolia,MNG,2008,43.11815
Mongolia,MNG,2009,43.920147
Mongolia,MNG,2010,46.307228
Mongolia,MNG,2011,48.883522
Mongolia,MNG,2012,51.672447
Mongolia,MNG,2013,54.70146
Mongolia,MNG,2014,58.002964
Mongolia,MNG,2015,61.615456
Mongolia,MNG,2016,54.26038
Mongolia,MNG,2017,54.26038
Mongolia,MNG,2018,54.26038
Mongolia,MNG,2019,54.26038
Mongolia,MNG,2020,54.26038
Mongolia,MNG,2021,54.26038
Montenegro,MNE,2006,5.4231715
Montenegro,MNE,2007,3.8953373
Montenegro,MNE,2008,1.0565568
Montenegro,MNE,2009,1.0565568
Montenegro,MNE,2010,1.0565568
Montenegro,MNE,2011,1.0565568
Montenegro,MNE,2012,1.0565568
Montenegro,MNE,2013,1.0565568
Montenegro,MNE,2014,1.0565568
Montenegro,MNE,2015,1.0565568
Montenegro,MNE,2016,1.0565568
Montenegro,MNE,2017,1.0565568
Montenegro,MNE,2018,1.0565568
Montenegro,MNE,2019,1.0565568
Montenegro,MNE,2020,1.0565568
Montenegro,MNE,2021,1.0565568
Morocco,MAR,1990,89.15832
Morocco,MAR,1991,90.73959
Morocco,MAR,1992,92.1684
Morocco,MAR,1993,91.33448
Morocco,MAR,1994,89.213585
Morocco,MAR,1995,87.779755
Morocco,MAR,1996,89.14481
Morocco,MAR,1997,88.654785
Morocco,MAR,1998,88.19069
Morocco,MAR,1999,87.7505
Morocco,MAR,2000,87.31166
Morocco,MAR,2001,80.44342
Morocco,MAR,2002,74.581535
Morocco,MAR,2003,75.78739
Morocco,MAR,2004,77.0896
Morocco,MAR,2005,78.50018
Morocco,MAR,2006,80.03327
Morocco,MAR,2007,81.705536
Morocco,MAR,2008,83.536835
Morocco,MAR,2009,85.55099
Morocco,MAR,2010,87.77682
Morocco,MAR,2011,87.77682
Morocco,MAR,2012,87.77682
Morocco,MAR,2013,87.77682
Morocco,MAR,2014,87.77682
Morocco,MAR,2015,87.77682
Morocco,MAR,2016,87.77682
Morocco,MAR,2017,87.77682
Morocco,MAR,2018,87.77682
Morocco,MAR,2019,87.77682
Morocco,MAR,2020,87.77682
Morocco,MAR,2021,87.77682
Mozambique,MOZ,1990,89.256195
Mozambique,MOZ,1991,87.662224
Mozambique,MOZ,1992,86.19689
Mozambique,MOZ,1993,84.84523
Mozambique,MOZ,1994,83.59451
Mozambique,MOZ,1995,82.43383
Mozambique,MOZ,1996,81.353806
Mozambique,MOZ,1997,80.346306
Mozambique,MOZ,1998,79.40427
Mozambique,MOZ,1999,78.521515
Mozambique,MOZ,2000,77.69261
Mozambique,MOZ,2001,76.3832
Mozambique,MOZ,2002,75.52975
Mozambique,MOZ,2003,74.75628
Mozambique,MOZ,2004,74.05207
Mozambique,MOZ,2005,73.4082
Mozambique,MOZ,2006,73.361206
Mozambique,MOZ,2007,73.3173
Mozambique,MOZ,2008,73.276184
Mozambique,MOZ,2009,73.237595
Mozambique,MOZ,2010,73.20132
Mozambique,MOZ,2011,73.167145
Mozambique,MOZ,2012,73.134895
Mozambique,MOZ,2013,73.10441
Mozambique,MOZ,2014,73.075554
Mozambique,MOZ,2015,73.0482
Mozambique,MOZ,2016,73.0482
Mozambique,MOZ,2017,73.0482
Mozambique,MOZ,2018,73.0482
Mozambique,MOZ,2019,73.0482
Mozambique,MOZ,2020,73.0482
Mozambique,MOZ,2021,73.0482
Myanmar,MMR,1987,98.598526
Myanmar,MMR,1988,97.741776
Myanmar,MMR,1989,96.9076
Myanmar,MMR,1990,96.09511
Myanmar,MMR,1991,95.303474
Myanmar,MMR,1992,94.5319
Myanmar,MMR,1993,93.77963
Myanmar,MMR,1994,93.04596
Myanmar,MMR,1995,92.3302
Myanmar,MMR,1996,91.63171
Myanmar,MMR,1997,90.94986
Myanmar,MMR,1998,90.284065
Myanmar,MMR,1999,89.63377
Myanmar,MMR,2000,88.99844
Myanmar,MMR,2001,88.909546
Myanmar,MMR,2002,88.82083
Myanmar,MMR,2003,88.73229
Myanmar,MMR,2004,88.64393
Myanmar,MMR,2005,88.55573
Myanmar,MMR,2006,88.55573
Myanmar,MMR,2007,88.55573
Myanmar,MMR,2008,88.55573
Myanmar,MMR,2009,88.55573
Myanmar,MMR,2010,88.55573
Myanmar,MMR,2011,88.55573
Myanmar,MMR,2012,88.55573
Myanmar,MMR,2013,88.55573
Myanmar,MMR,2014,88.55573
Myanmar,MMR,2015,88.55573
Myanmar,MMR,2016,88.55573
Myanmar,MMR,2017,88.55573
Myanmar,MMR,2018,88.55573
Myanmar,MMR,2019,88.55573
Myanmar,MMR,2020,88.55573
Myanmar,MMR,2021,88.55573
Namibia,NAM,1985,82.14286
Namibia,NAM,1986,78.502785
Namibia,NAM,1987,75.612526
Namibia,NAM,1988,73.26203
Namibia,NAM,1989,71.31302
Namibia,NAM,1990,69.67071
Namibia,NAM,1991,68.273094
Namibia,NAM,1992,68.77451
Namibia,NAM,1993,69.25288
Namibia,NAM,1994,69.70974
Namibia,NAM,1995,70.14652
Namibia,NAM,1996,70.564514
Namibia,NAM,1997,70.96491
Namibia,NAM,1998,71.3488
Namibia,NAM,1999,71.71717
Namibia,NAM,2000,71
Namibia,NAM,2001,70.408165
Namibia,NAM,2002,69.791664
Namibia,NAM,2003,69.791664
Namibia,NAM,2004,69.791664
Namibia,NAM,2005,69.791664
Namibia,NAM,2006,69.791664
Namibia,NAM,2007,69.791664
Namibia,NAM,2008,69.791664
Namibia,NAM,2009,69.791664
Namibia,NAM,2010,69.791664
Namibia,NAM,2011,69.791664
Namibia,NAM,2012,69.791664
Namibia,NAM,2013,69.791664
Namibia,NAM,2014,69.791664
Namibia,NAM,2015,69.791664
Namibia,NAM,2016,69.791664
Namibia,NAM,2017,69.791664
Namibia,NAM,2018,69.791664
Namibia,NAM,2019,69.791664
Namibia,NAM,2020,69.791664
Namibia,NAM,2021,69.791664
Nepal,NPL,2000,97.46405
Nepal,NPL,2001,97.59755
Nepal,NPL,2002,97.731415
Nepal,NPL,2003,97.86565
Nepal,NPL,2004,98.00025
Nepal,NPL,2005,98.13522
Nepal,NPL,2006,98.13522
Nepal,NPL,2007,98.13522
Nepal,NPL,2008,98.13522
Nepal,NPL,2009,98.13522
Nepal,NPL,2010,98.13522
Nepal,NPL,2011,98.13522
Nepal,NPL,2012,98.13522
Nepal,NPL,2013,98.13522
Nepal,NPL,2014,98.13522
Nepal,NPL,2015,98.13522
Nepal,NPL,2016,98.13522
Nepal,NPL,2017,98.13522
Nepal,NPL,2018,98.13522
Nepal,NPL,2019,98.13522
Nepal,NPL,2020,98.13522
Nepal,NPL,2021,98.13522
Netherlands,NLD,1991,2.304898
Netherlands,NLD,1992,2.6371856
Netherlands,NLD,1993,2.995062
Netherlands,NLD,1994,3.3816018
Netherlands,NLD,1995,3.8003917
Netherlands,NLD,1996,3.534655
Netherlands,NLD,1997,2.7840145
Netherlands,NLD,1998,2.1308916
Netherlands,NLD,1999,1.5574423
Netherlands,NLD,2000,1.0499259
Netherlands,NLD,2001,0.5990308
Netherlands,NLD,2002,0.5497865
Netherlands,NLD,2003,1.6072223
Netherlands,NLD,2004,0.8029441
Netherlands,NLD,2005,0.6475742
Netherlands,NLD,2006,1.0780383
Netherlands,NLD,2007,0.65668696
Netherlands,NLD,2008,0.66954905
Netherlands,NLD,2009,0.85927814
Netherlands,NLD,2010,1.1171138
Netherlands,NLD,2011,1.0992045
Netherlands,NLD,2012,0.5613996
Netherlands,NLD,2013,1.0844095
Netherlands,NLD,2014,0.92726517
Netherlands,NLD,2015,1.2590954
Netherlands,NLD,2016,0.9534611
Netherlands,NLD,2017,1.5120891
Netherlands,NLD,2018,3.7341475
Netherlands,NLD,2019,3.0154462
Netherlands,NLD,2020,3.6985312
Netherlands,NLD,2021,1.0359491
New Zealand,NZL,1985,44
New Zealand,NZL,1986,44
New Zealand,NZL,1987,44
New Zealand,NZL,1988,44
New Zealand,NZL,1989,44
New Zealand,NZL,1990,44
New Zealand,NZL,1991,44
New Zealand,NZL,1992,44
New Zealand,NZL,1993,44
New Zealand,NZL,1994,44
New Zealand,NZL,1995,44
New Zealand,NZL,1996,44
New Zealand,NZL,1997,44
New Zealand,NZL,1998,44
New Zealand,NZL,1999,44
New Zealand,NZL,2000,65.93391
New Zealand,NZL,2001,63.478466
New Zealand,NZL,2002,61.654655
New Zealand,NZL,2003,60.246536
New Zealand,NZL,2004,59.126526
New Zealand,NZL,2005,58.214405
New Zealand,NZL,2006,57.457214
New Zealand,NZL,2007,58.55458
New Zealand,NZL,2008,59.62014
New Zealand,NZL,2009,60.65526
New Zealand,NZL,2010,61.66122
New Zealand,NZL,2011,62.38684
New Zealand,NZL,2012,63.12974
New Zealand,NZL,2013,63.890553
New Zealand,NZL,2014,64.66992
New Zealand,NZL,2015,65.468544
New Zealand,NZL,2016,66.28713
New Zealand,NZL,2017,66.098335
New Zealand,NZL,2018,65.73248
New Zealand,NZL,2019,65.58773
New Zealand,NZL,2020,65.58773
New Zealand,NZL,2021,65.58773
Nicaragua,NIC,1998,83.81323
Nicaragua,NIC,1999,83.15311
Nicaragua,NIC,2000,82.54196
Nicaragua,NIC,2001,81.97453
Nicaragua,NIC,2002,81.0155
Nicaragua,NIC,2003,80.07943
Nicaragua,NIC,2004,79.16551
Nicaragua,NIC,2005,78.272964
Nicaragua,NIC,2006,77.73979
Nicaragua,NIC,2007,77.21428
Nicaragua,NIC,2008,76.69626
Nicaragua,NIC,2009,77.47483
Nicaragua,NIC,2010,78.2687
Nicaragua,NIC,2011,79.07831
Nicaragua,NIC,2012,79.72478
Nicaragua,NIC,2013,80.39633
Nicaragua,NIC,2014,81.09446
Nicaragua,NIC,2015,81.82077
Nicaragua,NIC,2016,82.577
Nicaragua,NIC,2017,83.36504
Nicaragua,NIC,2018,84.18695
Nicaragua,NIC,2019,85.08634
Nicaragua,NIC,2020,85.04495
Nicaragua,NIC,2021,85.04495
Niger,NER,1988,82
Niger,NER,1989,79.99623
Niger,NER,1990,78.211296
Niger,NER,1991,76.6112
Niger,NER,1992,75.16865
Niger,NER,1993,73.861465
Niger,NER,1994,72.67144
Niger,NER,1995,71.58351
Niger,NER,1996,70.585075
Niger,NER,1997,69.66553
Niger,NER,1998,68.81587
Niger,NER,1999,68.02843
Niger,NER,2000,67.296616
Niger,NER,2001,67.174736
Niger,NER,2002,67.05903
Niger,NER,2003,66.94904
Niger,NER,2004,66.84436
Niger,NER,2005,66.74461
Niger,NER,2006,71.50713
Niger,NER,2007,75.92631
Niger,NER,2008,80.03799
Niger,NER,2009,83.87317
Niger,NER,2010,87.458855
Niger,NER,2011,90.81861
Niger,NER,2012,93.973145
Niger,NER,2013,90.48349
Niger,NER,2014,87.5951
Niger,NER,2015,88.52745
Niger,NER,2016,87.91209
Niger,NER,2017,86.41096
Niger,NER,2018,90.8656
Niger,NER,2019,91.02311
Niger,NER,2020,91.02311
Niger,NER,2021,91.02311
Nigeria,NGA,1987,70.12522
Nigeria,NGA,1988,67.90634
Nigeria,NGA,1989,65.94237
Nigeria,NGA,1990,64.19176
Nigeria,NGA,1991,62.62154
Nigeria,NGA,1992,61.205196
Nigeria,NGA,1993,59.92116
Nigeria,NGA,1994,58.751728
Nigeria,NGA,1995,57.682205
Nigeria,NGA,1996,56.700314
Nigeria,NGA,1997,55.79571
Nigeria,NGA,1998,54.959614
Nigeria,NGA,1999,54.184525
Nigeria,NGA,2000,53.464
Nigeria,NGA,2001,52.180008
Nigeria,NGA,2002,50.956238
Nigeria,NGA,2003,49.788555
Nigeria,NGA,2004,48.67319
Nigeria,NGA,2005,47.606705
Nigeria,NGA,2006,46.87686
Nigeria,NGA,2007,46.169056
Nigeria,NGA,2008,45.48231
Nigeria,NGA,2009,44.815693
Nigeria,NGA,2010,44.168335
Nigeria,NGA,2011,44.168335
Nigeria,NGA,2012,44.168335
Nigeria,NGA,2013,44.168335
Nigeria,NGA,2014,44.168335
Nigeria,NGA,2015,44.168335
Nigeria,NGA,2016,44.168335
Nigeria,NGA,2017,44.168335
Nigeria,NGA,2018,44.168335
Nigeria,NGA,2019,44.168335
Nigeria,NGA,2020,44.168335
Nigeria,NGA,2021,44.168335
North America (WB),,2014,36.551704
North America (WB),,2015,37.266014
North America (WB),,2016,37.3692
North America (WB),,2017,37.470387
North America (WB),,2018,37.48936
North America (WB),,2019,37.509254
North America (WB),,2020,37.529854
North America (WB),,2021,37.529854
North Korea,PRK,2000,77.25934
North Korea,PRK,2001,77.0752
North Korea,PRK,2002,76.89194
North Korea,PRK,2003,76.70954
North Korea,PRK,2004,76.528015
North Korea,PRK,2005,76.34734
North Korea,PRK,2006,76.34734
North Korea,PRK,2007,76.34734
North Korea,PRK,2008,76.34734
North Korea,PRK,2009,76.34734
North Korea,PRK,2010,76.34734
North Korea,PRK,2011,76.34734
North Korea,PRK,2012,76.34734
North Korea,PRK,2013,76.34734
North Korea,PRK,2014,76.34734
North Korea,PRK,2015,76.34734
North Korea,PRK,2016,76.34734
North Korea,PRK,2017,76.34734
North Korea,PRK,2018,76.34734
North Korea,PRK,2019,76.34734
North Korea,PRK,2020,76.34734
North Korea,PRK,2021,76.34734
North Macedonia,MKD,1996,68.553055
North Macedonia,MKD,1997,66.847115
North Macedonia,MKD,1998,64.485985
North Macedonia,MKD,1999,61.00248
North Macedonia,MKD,2000,55.34682
North Macedonia,MKD,2001,48.14001
North Macedonia,MKD,2002,44.440933
North Macedonia,MKD,2003,42.36625
North Macedonia,MKD,2004,25.4188
North Macedonia,MKD,2005,22.056026
North Macedonia,MKD,2006,21.523178
North Macedonia,MKD,2007,22.768505
North Macedonia,MKD,2008,40.33662
North Macedonia,MKD,2009,47.574997
North Macedonia,MKD,2010,48.504448
North Macedonia,MKD,2011,44.346905
North Macedonia,MKD,2012,79.29903
North Macedonia,MKD,2013,31.534264
North Macedonia,MKD,2014,39.3999
North Macedonia,MKD,2015,31.296486
North Macedonia,MKD,2016,18.950495
North Macedonia,MKD,2017,46.153435
North Macedonia,MKD,2018,14.186869
North Macedonia,MKD,2019,23.401945
North Macedonia,MKD,2020,61.680458
North Macedonia,MKD,2021,31.534264
Norway,NOR,1996,30.165289
Norway,NOR,1997,31.012896
Norway,NOR,1998,31.877583
Norway,NOR,1999,32.75987
Norway,NOR,2000,31.988174
Norway,NOR,2001,34.165897
Norway,NOR,2002,31.634878
Norway,NOR,2003,28.913153
Norway,NOR,2004,31.651209
Norway,NOR,2005,26.725945
Norway,NOR,2006,28.746895
Norway,NOR,2007,27.920425
Norway,NOR,2008,28.79343
Norway,NOR,2009,29.72279
Norway,NOR,2010,30.113697
Norway,NOR,2011,30.515024
Norway,NOR,2012,30.927193
Norway,NOR,2013,30.680126
Norway,NOR,2014,30.404118
Norway,NOR,2015,31.135761
Norway,NOR,2016,31.903484
Norway,NOR,2017,31.394917
Norway,NOR,2018,31.419998
Norway,NOR,2019,31.445122
Norway,NOR,2020,31.470284
Norway,NOR,2021,31.956217
Oman,OMN,1991,93.86754
Oman,OMN,1992,93.44939
Oman,OMN,1993,93.0414
Oman,OMN,1994,92.643196
Oman,OMN,1995,92.25443
Oman,OMN,1996,91.87479
Oman,OMN,1997,91.50393
Oman,OMN,1998,91.14157
Oman,OMN,1999,90.78741
Oman,OMN,2000,90.44118
Oman,OMN,2001,89.779755
Oman,OMN,2002,89.105446
Oman,OMN,2003,88.41786
Oman,OMN,2004,88.067726
Oman,OMN,2005,87.74455
Oman,OMN,2006,87.445335
Oman,OMN,2007,87.16751
Oman,OMN,2008,86.90887
Oman,OMN,2009,86.66747
Oman,OMN,2010,86.44167
Oman,OMN,2011,86.229996
Oman,OMN,2012,86.03115
Oman,OMN,2013,85.84402
Oman,OMN,2014,84.67872
Oman,OMN,2015,82.638885
Oman,OMN,2016,82.638885
Oman,OMN,2017,82.638885
Oman,OMN,2018,82.594765
Oman,OMN,2019,80.78329
Oman,OMN,2020,80.78329
Oman,OMN,2021,80.78329
Pakistan,PAK,1975,97.99958
Pakistan,PAK,1976,97.92274
Pakistan,PAK,1977,97.84604
Pakistan,PAK,1978,97.76947
Pakistan,PAK,1979,97.69305
Pakistan,PAK,1980,97.61676
Pakistan,PAK,1981,97.54061
Pakistan,PAK,1982,97.4646
Pakistan,PAK,1983,97.388725
Pakistan,PAK,1984,97.31299
Pakistan,PAK,1985,97.23739
Pakistan,PAK,1986,97.16193
Pakistan,PAK,1987,97.08659
Pakistan,PAK,1988,97.011406
Pakistan,PAK,1989,96.93635
Pakistan,PAK,1990,96.86142
Pakistan,PAK,1991,96.78663
Pakistan,PAK,1992,96.48219
Pakistan,PAK,1993,96.18495
Pakistan,PAK,1994,95.89466
Pakistan,PAK,1995,95.61107
Pakistan,PAK,1996,95.33396
Pakistan,PAK,1997,95.06311
Pakistan,PAK,1998,94.7983
Pakistan,PAK,1999,94.539345
Pakistan,PAK,2000,94.28605
Pakistan,PAK,2001,94.291595
Pakistan,PAK,2002,94.297066
Pakistan,PAK,2003,94.30245
Pakistan,PAK,2004,94.30776
Pakistan,PAK,2005,94.312996
Pakistan,PAK,2006,94.19898
Pakistan,PAK,2007,94.08685
Pakistan,PAK,2008,93.97656
Pakistan,PAK,2009,93.97656
Pakistan,PAK,2010,93.97656
Pakistan,PAK,2011,93.97656
Pakistan,PAK,2012,93.97656
Pakistan,PAK,2013,93.97656
Pakistan,PAK,2014,93.97656
Pakistan,PAK,2015,93.97656
Pakistan,PAK,2016,93.97656
Pakistan,PAK,2017,93.97656
Pakistan,PAK,2018,93.97656
Pakistan,PAK,2019,93.97656
Pakistan,PAK,2020,93.97656
Pakistan,PAK,2021,93.97656
Palestine,PSE,2000,60
Palestine,PSE,2001,59.856632
Palestine,PSE,2002,51.40187
Palestine,PSE,2003,49.928265
Palestine,PSE,2004,46.79041
Palestine,PSE,2005,45.21531
Palestine,PSE,2006,45.21531
Palestine,PSE,2007,45.21531
Palestine,PSE,2008,45.21531
Palestine,PSE,2009,45.21531
Palestine,PSE,2010,45.21531
Palestine,PSE,2011,45.21531
Palestine,PSE,2012,45.21531
Palestine,PSE,2013,45.21531
Palestine,PSE,2014,45.21531
Palestine,PSE,2015,45.21531
Palestine,PSE,2016,45.21531
Palestine,PSE,2017,43.17697
Palestine,PSE,2018,45.057766
Palestine,PSE,2019,45.608997
Palestine,PSE,2020,48.12667
Palestine,PSE,2021,49.224453
Panama,PAN,2010,43.00868
Panama,PAN,2011,41.5045
Panama,PAN,2012,40.154617
Panama,PAN,2013,38.93645
Panama,PAN,2014,38.764465
Panama,PAN,2015,35.73084
Panama,PAN,2016,36.82516
Panama,PAN,2017,36.82516
Panama,PAN,2018,36.82516
Panama,PAN,2019,36.82516
Panama,PAN,2020,36.82516
Panama,PAN,2021,36.82516
Papua New Guinea,PNG,2000,0.36845985
Papua New Guinea,PNG,2001,0.33836368
Papua New Guinea,PNG,2002,0.3128128
Papua New Guinea,PNG,2003,0.29084986
Papua New Guinea,PNG,2004,0.27176866
Papua New Guinea,PNG,2005,0.25503698
Papua New Guinea,PNG,2006,0.25503698
Papua New Guinea,PNG,2007,0.25503698
Papua New Guinea,PNG,2008,0.25503698
Papua New Guinea,PNG,2009,0.25503698
Papua New Guinea,PNG,2010,0.25503698
Papua New Guinea,PNG,2011,0.25503698
Papua New Guinea,PNG,2012,0.25503698
Papua New Guinea,PNG,2013,0.25503698
Papua New Guinea,PNG,2014,0.25503698
Papua New Guinea,PNG,2015,0.25503698
Papua New Guinea,PNG,2016,0.25503698
Papua New Guinea,PNG,2017,0.25503698
Papua New Guinea,PNG,2018,0.25503698
Papua New Guinea,PNG,2019,0.25503698
Papua New Guinea,PNG,2020,0.25503698
Papua New Guinea,PNG,2021,0.25503698
Paraguay,PRY,1987,78
Paraguay,PRY,1988,77.43009
Paraguay,PRY,1989,76.872154
Paraguay,PRY,1990,76.32582
Paraguay,PRY,1991,75.79074
Paraguay,PRY,1992,75.266556
Paraguay,PRY,1993,74.752945
Paraguay,PRY,1994,74.24958
Paraguay,PRY,1995,73.75618
Paraguay,PRY,1996,73.27243
Paraguay,PRY,1997,72.798065
Paraguay,PRY,1998,72.3328
Paraguay,PRY,1999,71.87639
Paraguay,PRY,2000,71.42857
Paraguay,PRY,2001,72.89615
Paraguay,PRY,2002,73.76889
Paraguay,PRY,2003,74.3475
Paraguay,PRY,2004,74.75924
Paraguay,PRY,2005,75.067184
Paraguay,PRY,2006,75.3062
Paraguay,PRY,2007,75.49709
Paraguay,PRY,2008,75.65307
Paraguay,PRY,2009,76.3287
Paraguay,PRY,2010,76.90749
Paraguay,PRY,2011,77.40888
Paraguay,PRY,2012,78.61583
Paraguay,PRY,2013,78.61583
Paraguay,PRY,2014,78.61583
Paraguay,PRY,2015,78.61583
Paraguay,PRY,2016,78.61583
Paraguay,PRY,2017,78.61583
Paraguay,PRY,2018,78.61583
Paraguay,PRY,2019,78.61583
Paraguay,PRY,2020,78.61583
Paraguay,PRY,2021,78.61583
Peru,PER,2008,88.72621
Peru,PER,2009,88.02288
Peru,PER,2010,87.51495
Peru,PER,2011,87.12279
Peru,PER,2012,86.81086
Peru,PER,2013,86.55683
Peru,PER,2014,86.34595
Peru,PER,2015,86.16808
Peru,PER,2016,86.017624
Peru,PER,2017,85.885315
Peru,PER,2018,85.76979
Peru,PER,2019,85.084305
Peru,PER,2020,85.084305
Peru,PER,2021,85.084305
Philippines,PHL,2006,83.13476
Philippines,PHL,2007,82.44576
Philippines,PHL,2008,81.47753
Philippines,PHL,2009,82.23495
Philippines,PHL,2010,81.515015
Philippines,PHL,2011,80.776596
Philippines,PHL,2012,80.607254
Philippines,PHL,2013,80.429146
Philippines,PHL,2014,81.22229
Philippines,PHL,2015,78.63335
Philippines,PHL,2016,77.48213
Philippines,PHL,2017,74.03928
Philippines,PHL,2018,73.75214
Philippines,PHL,2019,78.85297
Philippines,PHL,2020,77.564255
Philippines,PHL,2021,76.23379
Poland,POL,1970,16.627102
Poland,POL,1971,15.538262
Poland,POL,1972,14.579195
Poland,POL,1973,13.728005
Poland,POL,1974,12.967461
Poland,POL,1975,12.283813
Poland,POL,1976,11.510469
Poland,POL,1977,10.772054
Poland,POL,1978,10.066253
Poland,POL,1979,9.390952
Poland,POL,1980,8.744217
Poland,POL,1981,8.966593
Poland,POL,1982,9.18169
Poland,POL,1983,9.38986
Poland,POL,1984,9.591433
Poland,POL,1985,9.7867155
Poland,POL,1986,10.161109
Poland,POL,1987,10.55628
Poland,POL,1988,10.97401
Poland,POL,1989,11.4162855
Poland,POL,1990,11.885336
Poland,POL,1991,11.084238
Poland,POL,1992,10.231516
Poland,POL,1993,9.8428955
Poland,POL,1994,9.446885
Poland,POL,1995,9.043272
Poland,POL,1996,8.754532
Poland,POL,1997,8.4609375
Poland,POL,1998,8.510617
Poland,POL,1999,8.561579
Poland,POL,2000,8.613871
Poland,POL,2001,8.5120125
Poland,POL,2002,9.445866
Poland,POL,2003,8.593913
Poland,POL,2004,9.151339
Poland,POL,2005,9.499912
Poland,POL,2006,9.564205
Poland,POL,2007,9.326683
Poland,POL,2008,10.28011
Poland,POL,2009,10.060764
Poland,POL,2010,10.61108
Poland,POL,2011,10.293232
Poland,POL,2012,9.599303
Poland,POL,2013,10.068585
Poland,POL,2014,9.879315
Poland,POL,2015,9.444921
Poland,POL,2016,9.95086
Poland,POL,2017,10.098205
Poland,POL,2018,13.8470745
Poland,POL,2019,14.08865
Poland,POL,2020,15.077962
Poland,POL,2021,14.153251
Portugal,PRT,1991,59.302326
Portugal,PRT,1992,66.85358
Portugal,PRT,1993,72.47931
Portugal,PRT,1994,76.83273
Portugal,PRT,1995,77.79852
Portugal,PRT,1996,78.079056
Portugal,PRT,1997,78.38702
Portugal,PRT,1998,78.726654
Portugal,PRT,1999,77.83029
Portugal,PRT,2000,76.89472
Portugal,PRT,2001,75.917305
Portugal,PRT,2002,74.89518
Portugal,PRT,2003,73.8252
Portugal,PRT,2004,72.703926
Portugal,PRT,2005,71.52757
Portugal,PRT,2006,71.88709
Portugal,PRT,2007,68.123314
Portugal,PRT,2008,69.38011
Portugal,PRT,2009,68.37321
Portugal,PRT,2010,67.046776
Portugal,PRT,2011,65.633194
Portugal,PRT,2012,64.53381
Portugal,PRT,2013,63.07538
Portugal,PRT,2014,61.501972
Portugal,PRT,2015,59.79944
Portugal,PRT,2016,57.802822
Portugal,PRT,2017,55.481136
Portugal,PRT,2018,56.991333
Portugal,PRT,2019,55.75642
Portugal,PRT,2020,55.75642
Portugal,PRT,2021,55.75642
Puerto Rico,PRI,1990,4.900005
Puerto Rico,PRI,1991,4.757345
Puerto Rico,PRI,1992,4.6124225
Puerto Rico,PRI,1993,4.465183
Puerto Rico,PRI,1994,4.3155694
Puerto Rico,PRI,1995,4.1635256
Puerto Rico,PRI,1996,4.008991
Puerto Rico,PRI,1997,3.8519037
Puerto Rico,PRI,1998,3.6922002
Puerto Rico,PRI,1999,3.5298145
Puerto Rico,PRI,2000,3.3646786
Puerto Rico,PRI,2001,3.02881
Puerto Rico,PRI,2002,2.7023642
Puerto Rico,PRI,2003,2.3849504
Puerto Rico,PRI,2004,2.0761988
Puerto Rico,PRI,2005,1.7757593
Puerto Rico,PRI,2006,1.7293223
Puerto Rico,PRI,2007,1.6828852
Puerto Rico,PRI,2008,1.6365675
Puerto Rico,PRI,2009,1.5900111
Puerto Rico,PRI,2010,1.5435741
Puerto Rico,PRI,2011,1.8601681
Puerto Rico,PRI,2012,2.2060177
Puerto Rico,PRI,2013,2.5853748
Puerto Rico,PRI,2014,3.0033565
Puerto Rico,PRI,2015,3.466178
Puerto Rico,PRI,2016,3.466178
Puerto Rico,PRI,2017,3.466178
Puerto Rico,PRI,2018,3.466178
Puerto Rico,PRI,2019,3.466178
Puerto Rico,PRI,2020,3.466178
Puerto Rico,PRI,2021,3.466178
Qatar,QAT,1994,73.92068
Qatar,QAT,1995,73.498604
Qatar,QAT,1996,73.08093
Qatar,QAT,1997,72.66759
Qatar,QAT,1998,72.25851
Qatar,QAT,1999,71.85362
Qatar,QAT,2000,71.45287
Qatar,QAT,2001,68.04149
Qatar,QAT,2002,65.20879
Qatar,QAT,2003,62.819042
Qatar,QAT,2004,60.775883
Qatar,QAT,2005,59.00901
Qatar,QAT,2006,53.775726
Qatar,QAT,2007,49.317993
Qatar,QAT,2008,45.2311
Qatar,QAT,2009,42.261654
Qatar,QAT,2010,40.763935
Qatar,QAT,2011,39.315063
Qatar,QAT,2012,38.641266
Qatar,QAT,2013,36.41006
Qatar,QAT,2014,35.14061
Qatar,QAT,2015,28.304209
Qatar,QAT,2016,31.963621
Qatar,QAT,2017,26.963657
Qatar,QAT,2018,41.369076
Qatar,QAT,2019,35.819973
Qatar,QAT,2020,36.440044
Qatar,QAT,2021,33.307278
Romania,ROU,1970,35.453598
Romania,ROU,1971,36.67551
Romania,ROU,1972,37.69324
Romania,ROU,1973,38.554024
Romania,ROU,1974,39.29156
Romania,ROU,1975,39.930557
Romania,ROU,1976,38.992146
Romania,ROU,1977,38.15594
Romania,ROU,1978,37.406105
Romania,ROU,1979,36.72991
Romania,ROU,1980,36.11702
Romania,ROU,1981,37.251827
Romania,ROU,1982,38.347023
Romania,ROU,1983,39.40464
Romania,ROU,1984,40.426586
Romania,ROU,1985,41.414635
Romania,ROU,1986,42.046677
Romania,ROU,1987,42.67983
Romania,ROU,1988,43.314095
Romania,ROU,1989,43.949482
Romania,ROU,1990,44.585987
Romania,ROU,1991,44.684002
Romania,ROU,1992,44.783546
Romania,ROU,1993,44.884655
Romania,ROU,1994,41.54146
Romania,ROU,1995,37.375
Romania,ROU,1996,31.482782
Romania,ROU,1997,23.916533
Romania,ROU,1998,26.09718
Romania,ROU,1999,26.561264
Romania,ROU,2000,9.740932
Romania,ROU,2001,11.238684
Romania,ROU,2002,12.925612
Romania,ROU,2003,15.079925
Romania,ROU,2004,9.882089
Romania,ROU,2005,8.101473
Romania,ROU,2006,9.756098
Romania,ROU,2007,15.964556
Romania,ROU,2008,14.958448
Romania,ROU,2009,17.03025
Romania,ROU,2010,11.897106
Romania,ROU,2011,14.606061
Romania,ROU,2012,16.86208
Romania,ROU,2013,17.684637
Romania,ROU,2014,17.430754
Romania,ROU,2015,19.969065
Romania,ROU,2016,19.501099
Romania,ROU,2017,22.013878
Romania,ROU,2018,22.241272
Romania,ROU,2019,23.051622
Romania,ROU,2020,30.827475
Romania,ROU,2021,31.536114
Russia,RUS,1994,19.844358
Russia,RUS,1995,19.881025
Russia,RUS,1996,19.919212
Russia,RUS,1997,19.959015
Russia,RUS,1998,20.000536
Russia,RUS,1999,20.043894
Russia,RUS,2000,20.08921
Russia,RUS,2001,19.939577
Russia,RUS,2002,19.939577
Russia,RUS,2003,19.939577
Russia,RUS,2004,19.939577
Russia,RUS,2005,19.939577
Russia,RUS,2006,19.939577
Russia,RUS,2007,19.939577
Russia,RUS,2008,19.939577
Russia,RUS,2009,19.939577
Russia,RUS,2010,19.939577
Russia,RUS,2011,19.939577
Russia,RUS,2012,19.939577
Russia,RUS,2013,19.939577
Russia,RUS,2014,26.380455
Russia,RUS,2015,28.017931
Russia,RUS,2016,28.075321
Russia,RUS,2017,28.970657
Russia,RUS,2018,28.756557
Russia,RUS,2019,28.756557
Russia,RUS,2020,28.756557
Russia,RUS,2021,28.756557
Rwanda,RWA,2000,68
Rwanda,RWA,2001,67.84437
Rwanda,RWA,2002,67.72196
Rwanda,RWA,2003,67.62317
Rwanda,RWA,2004,67.541756
Rwanda,RWA,2005,67.4735
Rwanda,RWA,2006,66.31582
Rwanda,RWA,2007,65.34911
Rwanda,RWA,2008,64.529724
Rwanda,RWA,2009,63.82637
Rwanda,RWA,2010,63.21603
Rwanda,RWA,2011,62.681396
Rwanda,RWA,2012,62.209206
Rwanda,RWA,2013,61.789124
Rwanda,RWA,2014,61.41297
Rwanda,RWA,2015,61.074207
Rwanda,RWA,2016,60.767513
Rwanda,RWA,2017,60.48855
Rwanda,RWA,2018,60.23371
Rwanda,RWA,2019,59.01639
Rwanda,RWA,2020,60.033306
Rwanda,RWA,2021,59.18033
Saint Kitts and Nevis,KNA,2012,1.2820513
Saint Kitts and Nevis,KNA,2013,1.2820513
Saint Kitts and Nevis,KNA,2014,1.2820513
Saint Kitts and Nevis,KNA,2015,1.2820513
Saint Kitts and Nevis,KNA,2016,1.2820513
Saint Kitts and Nevis,KNA,2017,1.2820513
Saint Kitts and Nevis,KNA,2018,1.2820513
Saint Kitts and Nevis,KNA,2019,1.2820513
Saint Kitts and Nevis,KNA,2020,1.2820513
Saint Kitts and Nevis,KNA,2021,1.2820513
Saint Lucia,LCA,2007,70.86247
Saint Lucia,LCA,2008,70.86247
Saint Lucia,LCA,2009,70.86247
Saint Lucia,LCA,2010,70.86247
Saint Lucia,LCA,2011,70.86247
Saint Lucia,LCA,2012,70.86247
Saint Lucia,LCA,2013,70.86247
Saint Lucia,LCA,2014,70.86247
Saint Lucia,LCA,2015,70.86247
Saint Lucia,LCA,2016,70.86247
Saint Lucia,LCA,2017,70.86247
Saint Lucia,LCA,2018,70.86247
Saint Lucia,LCA,2019,70.86247
Saint Lucia,LCA,2020,70.86247
Saint Lucia,LCA,2021,70.86247
Saint Vincent and the Grenadines,VCT,1995,79.04348
Saint Vincent and the Grenadines,VCT,1996,75.278656
Saint Vincent and the Grenadines,VCT,1997,71.45012
Saint Vincent and the Grenadines,VCT,1998,67.55622
Saint Vincent and the Grenadines,VCT,1999,63.595276
Saint Vincent and the Grenadines,VCT,2000,59.565544
Saint Vincent and the Grenadines,VCT,2001,55.465214
Saint Vincent and the Grenadines,VCT,2002,51.292416
Saint Vincent and the Grenadines,VCT,2003,47.045208
Saint Vincent and the Grenadines,VCT,2004,42.721584
Saint Vincent and the Grenadines,VCT,2005,38.319466
Saint Vincent and the Grenadines,VCT,2006,33.836693
Saint Vincent and the Grenadines,VCT,2007,29.271027
Saint Vincent and the Grenadines,VCT,2008,24.620148
Saint Vincent and the Grenadines,VCT,2009,19.88165
Saint Vincent and the Grenadines,VCT,2010,15.053034
Saint Vincent and the Grenadines,VCT,2011,10.1317005
Saint Vincent and the Grenadines,VCT,2012,5.1149573
Saint Vincent and the Grenadines,VCT,2013,0
Saint Vincent and the Grenadines,VCT,2014,0
Saint Vincent and the Grenadines,VCT,2015,0
Saint Vincent and the Grenadines,VCT,2016,0
Saint Vincent and the Grenadines,VCT,2017,0
Saint Vincent and the Grenadines,VCT,2018,0
Saint Vincent and the Grenadines,VCT,2019,0
Saint Vincent and the Grenadines,VCT,2020,0
Saint Vincent and the Grenadines,VCT,2021,0
Sao Tome and Principe,STP,2016,62.591686
Sao Tome and Principe,STP,2017,62.591686
Sao Tome and Principe,STP,2018,62.591686
Sao Tome and Principe,STP,2019,62.591686
Sao Tome and Principe,STP,2020,62.591686
Sao Tome and Principe,STP,2021,62.591686
Saudi Arabia,SAU,1992,89.952995
Saudi Arabia,SAU,1993,89.62085
Saudi Arabia,SAU,1994,89.30668
Saudi Arabia,SAU,1995,89.00907
Saudi Arabia,SAU,1996,88.726746
Saudi Arabia,SAU,1997,88.45856
Saudi Arabia,SAU,1998,88.203476
Saudi Arabia,SAU,1999,87.960556
Saudi Arabia,SAU,2000,87.72894
Saudi Arabia,SAU,2001,87.87435
Saudi Arabia,SAU,2002,88.01443
Saudi Arabia,SAU,2003,88.14946
Saudi Arabia,SAU,2004,88.279724
Saudi Arabia,SAU,2005,88.13721
Saudi Arabia,SAU,2006,88.001686
Saudi Arabia,SAU,2007,87.38059
Saudi Arabia,SAU,2008,86.73409
Saudi Arabia,SAU,2009,86.06061
Saudi Arabia,SAU,2010,85.3584
Saudi Arabia,SAU,2011,84.625595
Saudi Arabia,SAU,2012,83.86015
Saudi Arabia,SAU,2013,83.73389
Saudi Arabia,SAU,2014,83.75331
Saudi Arabia,SAU,2015,83.8837
Saudi Arabia,SAU,2016,82.68572
Saudi Arabia,SAU,2017,82.22698
Saudi Arabia,SAU,2018,81.56356
Saudi Arabia,SAU,2019,81.56356
Saudi Arabia,SAU,2020,81.56356
Saudi Arabia,SAU,2021,81.56356
Senegal,SEN,1987,91.98529
Senegal,SEN,1988,91.80346
Senegal,SEN,1989,91.62624
Senegal,SEN,1990,91.45345
Senegal,SEN,1991,91.28494
Senegal,SEN,1992,91.12055
Senegal,SEN,1993,90.96013
Senegal,SEN,1994,90.80353
Senegal,SEN,1995,90.65061
Senegal,SEN,1996,90.50127
Senegal,SEN,1997,90.355354
Senegal,SEN,1998,90.21277
Senegal,SEN,1999,90.07339
Senegal,SEN,2000,89.9371
Senegal,SEN,2001,91.70821
Senegal,SEN,2002,92.976135
Senegal,SEN,2003,92.681046
Senegal,SEN,2004,92.39041
Senegal,SEN,2005,92.10414
Senegal,SEN,2006,91.822136
Senegal,SEN,2007,91.5443
Senegal,SEN,2008,91.27054
Senegal,SEN,2009,91.00076
Senegal,SEN,2010,90.734886
Senegal,SEN,2011,90.47283
Senegal,SEN,2012,90.214516
Senegal,SEN,2013,89.959854
Senegal,SEN,2014,89.70877
Senegal,SEN,2015,89.46119
Senegal,SEN,2016,89.21704
Senegal,SEN,2017,88.97626
Senegal,SEN,2018,91.114845
Senegal,SEN,2019,91.313896
Senegal,SEN,2020,91.313896
Senegal,SEN,2021,91.313896
Serbia,SRB,2006,3.261459
Serbia,SRB,2007,3.2390096
Serbia,SRB,2008,18.213753
Serbia,SRB,2009,13.388269
Serbia,SRB,2010,14.677007
Serbia,SRB,2011,14.160485
Serbia,SRB,2012,16.14112
Serbia,SRB,2013,15.233735
Serbia,SRB,2014,16.029371
Serbia,SRB,2015,15.410046
Serbia,SRB,2016,13.481356
Serbia,SRB,2017,12.288466
Serbia,SRB,2018,12.816914
Serbia,SRB,2019,12.620582
Serbia,SRB,2020,12.408677
Serbia,SRB,2021,12.532172
Seychelles,SYC,1989,7.563025
Seychelles,SYC,1990,7.5454574
Seychelles,SYC,1991,7.5268817
Seychelles,SYC,1992,7.5089393
Seychelles,SYC,1993,7.491082
Seychelles,SYC,1994,7.4733095
Seychelles,SYC,1995,7.4556212
Seychelles,SYC,1996,7.1791153
Seychelles,SYC,1997,7.12743
Seychelles,SYC,1998,7.0764832
Seychelles,SYC,1999,7.02626
Seychelles,SYC,2000,6.976744
Seychelles,SYC,2001,7.086614
Seychelles,SYC,2002,7.3341093
Seychelles,SYC,2003,7.3170733
Seychelles,SYC,2004,6.923077
Seychelles,SYC,2005,6.569343
Seychelles,SYC,2006,6.569343
Seychelles,SYC,2007,6.569343
Seychelles,SYC,2008,6.569343
Seychelles,SYC,2009,6.569343
Seychelles,SYC,2010,6.569343
Seychelles,SYC,2011,6.569343
Seychelles,SYC,2012,6.569343
Seychelles,SYC,2013,6.569343
Seychelles,SYC,2014,6.569343
Seychelles,SYC,2015,6.569343
Seychelles,SYC,2016,6.569343
Seychelles,SYC,2017,6.569343
Seychelles,SYC,2018,6.569343
Seychelles,SYC,2019,6.569343
Seychelles,SYC,2020,6.569343
Seychelles,SYC,2021,6.569343
Sierra Leone,SLE,1987,88.91892
Sierra Leone,SLE,1988,84.78789
Sierra Leone,SLE,1989,79.17679
Sierra Leone,SLE,1990,71.1166
Sierra Leone,SLE,1991,58.55629
Sierra Leone,SLE,1992,36.267628
Sierra Leone,SLE,1993,34.13779
Sierra Leone,SLE,1994,32.244232
Sierra Leone,SLE,1995,30.5497
Sierra Leone,SLE,1996,29.024378
Sierra Leone,SLE,1997,27.64413
Sierra Leone,SLE,1998,26.389198
Sierra Leone,SLE,1999,25.243256
Sierra Leone,SLE,2000,24.192694
Sierra Leone,SLE,2001,23.61025
Sierra Leone,SLE,2002,23.055191
Sierra Leone,SLE,2003,22.52563
Sierra Leone,SLE,2004,22.019852
Sierra Leone,SLE,2005,21.536287
Sierra Leone,SLE,2006,21.536287
Sierra Leone,SLE,2007,21.536287
Sierra Leone,SLE,2008,21.536287
Sierra Leone,SLE,2009,21.536287
Sierra Leone,SLE,2010,21.536287
Sierra Leone,SLE,2011,21.536287
Sierra Leone,SLE,2012,21.536287
Sierra Leone,SLE,2013,21.536287
Sierra Leone,SLE,2014,21.536287
Sierra Leone,SLE,2015,21.536287
Sierra Leone,SLE,2016,21.536287
Sierra Leone,SLE,2017,21.536287
Sierra Leone,SLE,2018,21.536287
Sierra Leone,SLE,2019,21.536287
Sierra Leone,SLE,2020,21.536287
Sierra Leone,SLE,2021,21.536287
Singapore,SGP,1975,4
Singapore,SGP,1976,3.1293783
Singapore,SGP,1977,2.6220307
Singapore,SGP,1978,2.2898362
Singapore,SGP,1979,2.0554438
Singapore,SGP,1980,1.8812045
Singapore,SGP,1981,1.7465956
Singapore,SGP,1982,1.6394771
Singapore,SGP,1983,1.552208
Singapore,SGP,1984,1.4797386
Singapore,SGP,1985,1.4185987
Singapore,SGP,1986,1.366324
Singapore,SGP,1987,1.3211166
Singapore,SGP,1988,1.2816342
Singapore,SGP,1989,1.246854
Singapore,SGP,1990,1.2159832
Singapore,SGP,1991,1.1883976
Singapore,SGP,1992,1.1635995
Singapore,SGP,1993,1.1411866
Singapore,SGP,1994,1.1208305
Singapore,SGP,1995,1.1022606
Singapore,SGP,1996,1.0852517
Singapore,SGP,1997,1.0696148
Singapore,SGP,1998,1.0551904
Singapore,SGP,1999,1.0418427
Singapore,SGP,2000,1.0294555
Singapore,SGP,2001,1.0086426
Singapore,SGP,2002,0.9895662
Singapore,SGP,2003,0.9720178
Singapore,SGP,2004,0.9558209
Singapore,SGP,2005,0.94082516
Singapore,SGP,2006,1.0351468
Singapore,SGP,2007,1.1451732
Singapore,SGP,2008,1.2751828
Singapore,SGP,2009,1.4311635
Singapore,SGP,2010,1.6217611
Singapore,SGP,2011,1.8599373
Singapore,SGP,2012,2.1660488
Singapore,SGP,2013,2.5739958
Singapore,SGP,2014,3.144735
Singapore,SGP,2015,4
Singapore,SGP,2016,4
Singapore,SGP,2017,4
Singapore,SGP,2018,4
Singapore,SGP,2019,4
Singapore,SGP,2020,4
Singapore,SGP,2021,4
Slovakia,SVK,1993,8.481764
Slovakia,SVK,1994,7.7529864
Slovakia,SVK,1995,6.926407
Slovakia,SVK,1996,6.0459943
Slovakia,SVK,1997,5.114504
Slovakia,SVK,1998,5.9422393
Slovakia,SVK,1999,6.8327403
Slovakia,SVK,2000,7.7934275
Slovakia,SVK,2001,6.1652937
Slovakia,SVK,2002,5.116959
Slovakia,SVK,2003,8.29099
Slovakia,SVK,2004,3.229368
Slovakia,SVK,2005,2.6025584
Slovakia,SVK,2006,3.489749
Slovakia,SVK,2007,3.2703488
Slovakia,SVK,2008,2.7439024
Slovakia,SVK,2009,4.1432815
Slovakia,SVK,2010,3.0652661
Slovakia,SVK,2011,4.1129313
Slovakia,SVK,2012,4.6144595
Slovakia,SVK,2013,5.1160026
Slovakia,SVK,2014,4.0944037
Slovakia,SVK,2015,5.5181856
Slovakia,SVK,2016,3.8878505
Slovakia,SVK,2017,5.6803885
Slovakia,SVK,2018,4.6001797
Slovakia,SVK,2019,5.227354
Slovakia,SVK,2020,5.3153152
Slovakia,SVK,2021,5.3737497
Slovenia,SVN,2002,0.7339858
Slovenia,SVN,2003,0.7044062
Slovenia,SVN,2004,0.50200075
Slovenia,SVN,2005,0.24902555
Slovenia,SVN,2006,0.6758931
Slovenia,SVN,2007,0.49203125
Slovenia,SVN,2008,0.24521562
Slovenia,SVN,2009,0.26522386
Slovenia,SVN,2010,0.1703638
Slovenia,SVN,2011,0.34041345
Slovenia,SVN,2012,0.24781813
Slovenia,SVN,2013,0.31152648
Slovenia,SVN,2014,0.16321534
Slovenia,SVN,2015,0.39018953
Slovenia,SVN,2016,0.3719148
Slovenia,SVN,2017,0.4187245
Slovenia,SVN,2018,0.31217483
Slovenia,SVN,2019,0.31779662
Slovenia,SVN,2020,0.2988048
Slovenia,SVN,2021,0.32223415
Somalia,SOM,1987,97.03704
Somalia,SOM,1988,97.70946
Somalia,SOM,1989,98.16656
Somalia,SOM,1990,98.4975
Somalia,SOM,1991,98.74817
Somalia,SOM,1992,98.94461
Somalia,SOM,1993,99.102715
Somalia,SOM,1994,99.2327
Somalia,SOM,1995,99.34145
Somalia,SOM,1996,99.43379
Somalia,SOM,1997,99.51316
Somalia,SOM,1998,99.58212
Somalia,SOM,1999,99.64259
Somalia,SOM,2000,99.696045
Somalia,SOM,2001,99.62543
Somalia,SOM,2002,99.55504
Somalia,SOM,2003,99.484535
Somalia,SOM,2004,99.484535
Somalia,SOM,2005,99.484535
Somalia,SOM,2006,99.484535
Somalia,SOM,2007,99.484535
Somalia,SOM,2008,99.484535
Somalia,SOM,2009,99.484535
Somalia,SOM,2010,99.484535
Somalia,SOM,2011,99.484535
Somalia,SOM,2012,99.484535
Somalia,SOM,2013,99.484535
Somalia,SOM,2014,99.484535
Somalia,SOM,2015,99.484535
Somalia,SOM,2016,99.484535
Somalia,SOM,2017,99.484535
Somalia,SOM,2018,99.484535
Somalia,SOM,2019,99.484535
Somalia,SOM,2020,99.484535
Somalia,SOM,2021,99.484535
South Africa,ZAF,1990,71.98137
South Africa,ZAF,1991,71.10587
South Africa,ZAF,1992,70.21953
South Africa,ZAF,1993,69.32215
South Africa,ZAF,1994,68.41351
South Africa,ZAF,1995,67.49341
South Africa,ZAF,1996,66.25466
South Africa,ZAF,1997,65.011665
South Africa,ZAF,1998,63.764412
South Africa,ZAF,1999,62.51288
South Africa,ZAF,2000,61.257034
South Africa,ZAF,2001,61.372513
South Africa,ZAF,2002,61.484344
South Africa,ZAF,2003,61.59271
South Africa,ZAF,2004,61.697754
South Africa,ZAF,2005,61.79964
South Africa,ZAF,2006,61.898502
South Africa,ZAF,2007,61.994473
South Africa,ZAF,2008,62.087677
South Africa,ZAF,2009,62.178238
South Africa,ZAF,2010,62.26626
South Africa,ZAF,2011,62.35185
South Africa,ZAF,2012,62.43511
South Africa,ZAF,2013,62.51613
South Africa,ZAF,2014,61.563232
South Africa,ZAF,2015,60.771706
South Africa,ZAF,2016,59.475067
South Africa,ZAF,2017,58.77193
South Africa,ZAF,2018,57.83375
South Africa,ZAF,2019,60.84656
South Africa,ZAF,2020,62.479183
South Africa,ZAF,2021,61.32422
South Asia (WB),,2014,90.325066
South Asia (WB),,2015,90.325066
South Asia (WB),,2016,90.325066
South Asia (WB),,2017,90.325066
South Asia (WB),,2018,90.325066
South Asia (WB),,2019,90.325066
South Asia (WB),,2020,90.32508
South Asia (WB),,2021,90.32509
South Korea,KOR,1990,68.546425
South Korea,KOR,1991,67.15352
South Korea,KOR,1992,65.85271
South Korea,KOR,1993,64.63516
South Korea,KOR,1994,63.493126
South Korea,KOR,1995,62.301712
South Korea,KOR,1996,61.17301
South Korea,KOR,1997,60.1022
South Korea,KOR,1998,61.158966
South Korea,KOR,1999,61.52709
South Korea,KOR,2000,61.896263
South Korea,KOR,2001,58.345467
South Korea,KOR,2002,55.20694
South Korea,KOR,2003,56.07871
South Korea,KOR,2004,57.210453
South Korea,KOR,2005,54.657536
South Korea,KOR,2006,58.299713
South Korea,KOR,2007,58.21088
South Korea,KOR,2008,58.122314
South Korea,KOR,2009,58.03402
South Korea,KOR,2010,57.94599
South Korea,KOR,2011,57.85823
South Korea,KOR,2012,57.770737
South Korea,KOR,2013,57.683502
South Korea,KOR,2014,57.596535
South Korea,KOR,2015,59.194424
South Korea,KOR,2016,58.932133
South Korea,KOR,2017,58.932133
South Korea,KOR,2018,58.932133
South Korea,KOR,2019,58.932133
South Korea,KOR,2020,58.932133
South Korea,KOR,2021,58.932133
South Sudan,SSD,2012,36.474163
South Sudan,SSD,2013,36.474163
South Sudan,SSD,2014,36.474163
South Sudan,SSD,2015,36.474163
South Sudan,SSD,2016,36.474163
South Sudan,SSD,2017,36.474163
South Sudan,SSD,2018,36.474163
South Sudan,SSD,2019,36.474163
South Sudan,SSD,2020,36.474163
South Sudan,SSD,2021,36.474163
Spain,ESP,1986,62.003838
Spain,ESP,1987,62.37631
Spain,ESP,1988,62.780334
Spain,ESP,1989,63.220093
Spain,ESP,1990,63.700558
Spain,ESP,1991,64.227646
Spain,ESP,1992,64.769806
Spain,ESP,1993,65.32348
Spain,ESP,1994,65.88903
Spain,ESP,1995,66.46685
Spain,ESP,1996,67.057335
Spain,ESP,1997,67.66091
Spain,ESP,1998,66.68369
Spain,ESP,1999,65.74169
Spain,ESP,2000,64.83306
Spain,ESP,2001,64.46269
Spain,ESP,2002,64.11576
Spain,ESP,2003,63.9602
Spain,ESP,2004,63.066307
Spain,ESP,2005,64.37701
Spain,ESP,2006,64.15235
Spain,ESP,2007,65.16178
Spain,ESP,2008,64.55273
Spain,ESP,2009,66.22736
Spain,ESP,2010,66.31842
Spain,ESP,2011,67.64278
Spain,ESP,2012,69.5123
Spain,ESP,2013,65.69806
Spain,ESP,2014,66.84728
Spain,ESP,2015,65.74856
Spain,ESP,2016,65.22853
Spain,ESP,2017,65.82375
Spain,ESP,2018,65.26573
Spain,ESP,2019,65.299995
Spain,ESP,2020,65.33425
Spain,ESP,2021,65.33425
Sri Lanka,LKA,1990,96.00778
Sri Lanka,LKA,1991,95.521126
Sri Lanka,LKA,1992,95.06476
Sri Lanka,LKA,1993,94.63593
Sri Lanka,LKA,1994,94.23224
Sri Lanka,LKA,1995,93.85152
Sri Lanka,LKA,1996,93.49187
Sri Lanka,LKA,1997,93.15159
Sri Lanka,LKA,1998,92.829155
Sri Lanka,LKA,1999,92.5232
Sri Lanka,LKA,2000,92.23249
Sri Lanka,LKA,2001,91.26244
Sri Lanka,LKA,2002,90.29047
Sri Lanka,LKA,2003,89.31655
Sri Lanka,LKA,2004,88.3407
Sri Lanka,LKA,2005,87.36289
Sri Lanka,LKA,2006,87.36289
Sri Lanka,LKA,2007,87.36289
Sri Lanka,LKA,2008,87.36289
Sri Lanka,LKA,2009,87.36289
Sri Lanka,LKA,2010,87.36289
Sri Lanka,LKA,2011,87.36289
Sri Lanka,LKA,2012,87.36289
Sri Lanka,LKA,2013,87.36289
Sri Lanka,LKA,2014,87.36289
Sri Lanka,LKA,2015,87.36289
Sri Lanka,LKA,2016,87.36289
Sri Lanka,LKA,2017,87.36289
Sri Lanka,LKA,2018,87.36289
Sri Lanka,LKA,2019,87.36289
Sri Lanka,LKA,2020,87.36289
Sri Lanka,LKA,2021,87.36289
Sub-Saharan Africa (WB),,2014,78.959526
Sub-Saharan Africa (WB),,2015,78.54016
Sub-Saharan Africa (WB),,2016,78.889275
Sub-Saharan Africa (WB),,2017,78.76376
Sub-Saharan Africa (WB),,2018,78.73272
Sub-Saharan Africa (WB),,2019,79.281555
Sub-Saharan Africa (WB),,2020,79.58675
Sub-Saharan Africa (WB),,2021,79.32999
Sudan,SDN,2012,96.19454
Sudan,SDN,2013,96.19454
Sudan,SDN,2014,96.19454
Sudan,SDN,2015,96.19454
Sudan,SDN,2016,96.19454
Sudan,SDN,2017,96.19454
Sudan,SDN,2018,96.19454
Sudan,SDN,2019,96.19454
Sudan,SDN,2020,96.19454
Sudan,SDN,2021,96.19454
Suriname,SUR,1987,89.13043
Suriname,SUR,1988,89.49919
Suriname,SUR,1989,89.84375
Suriname,SUR,1990,90.16641
Suriname,SUR,1991,90.46921
Suriname,SUR,1992,90.753914
Suriname,SUR,1993,91.0221
Suriname,SUR,1994,91.27517
Suriname,SUR,1995,91.51436
Suriname,SUR,1996,91.74079
Suriname,SUR,1997,91.955444
Suriname,SUR,1998,92.159225
Suriname,SUR,1999,92.35294
Suriname,SUR,2000,92.537315
Suriname,SUR,2001,89.03654
Suriname,SUR,2002,85.43893
Suriname,SUR,2003,81.74042
Suriname,SUR,2004,77.93669
Suriname,SUR,2005,74.0232
Suriname,SUR,2006,69.99513
Suriname,SUR,2007,69.99513
Suriname,SUR,2008,69.99513
Suriname,SUR,2009,69.99513
Suriname,SUR,2010,69.99513
Suriname,SUR,2011,69.99513
Suriname,SUR,2012,69.99513
Suriname,SUR,2013,69.99513
Suriname,SUR,2014,69.99513
Suriname,SUR,2015,69.99513
Suriname,SUR,2016,69.99513
Suriname,SUR,2017,69.99513
Suriname,SUR,2018,69.99513
Suriname,SUR,2019,69.99513
Suriname,SUR,2020,69.99513
Suriname,SUR,2021,69.99513
Sweden,SWE,1970,3.2408545
Sweden,SWE,1971,3.2553196
Sweden,SWE,1972,3.2697847
Sweden,SWE,1973,3.2845118
Sweden,SWE,1974,3.298715
Sweden,SWE,1975,3.3131802
Sweden,SWE,1976,3.332473
Sweden,SWE,1977,3.3517659
Sweden,SWE,1978,3.3710587
Sweden,SWE,1979,3.3903515
Sweden,SWE,1980,3.4096444
Sweden,SWE,1981,3.4096444
Sweden,SWE,1982,3.4096444
Sweden,SWE,1983,3.4096444
Sweden,SWE,1984,3.4096444
Sweden,SWE,1985,3.4096444
Sweden,SWE,1986,3.8946338
Sweden,SWE,1987,4.3793783
Sweden,SWE,1988,4.863878
Sweden,SWE,1989,5.348133
Sweden,SWE,1990,5.38902
Sweden,SWE,1991,5.621003
Sweden,SWE,1992,5.852674
Sweden,SWE,1993,5.689998
Sweden,SWE,1994,5.521001
Sweden,SWE,1995,5.345307
Sweden,SWE,1996,5.437541
Sweden,SWE,1997,5.533014
Sweden,SWE,1998,5.5487947
Sweden,SWE,1999,5.564486
Sweden,SWE,2000,5.580357
Sweden,SWE,2001,5.0476723
Sweden,SWE,2002,5.044843
Sweden,SWE,2003,5.05618
Sweden,SWE,2004,5.0675673
Sweden,SWE,2005,4.068441
Sweden,SWE,2006,4.068441
Sweden,SWE,2007,4.068441
Sweden,SWE,2008,3.9250221
Sweden,SWE,2009,3.7837162
Sweden,SWE,2010,3.6444776
Sweden,SWE,2011,3.5564694
Sweden,SWE,2012,3.4641492
Sweden,SWE,2013,3.3671918
Sweden,SWE,2014,3.2652392
Sweden,SWE,2015,3.1578948
Sweden,SWE,2016,3.4751036
Sweden,SWE,2017,3.8096085
Sweden,SWE,2018,4.162863
Sweden,SWE,2019,4.536489
Sweden,SWE,2020,4.1062803
Sweden,SWE,2021,4.9323015
Switzerland,CHE,2000,1.9728535
Switzerland,CHE,2001,2.342451
Switzerland,CHE,2002,2.7144558
Switzerland,CHE,2003,3.1428883
Switzerland,CHE,2004,3.5895271
Switzerland,CHE,2005,4.0555573
Switzerland,CHE,2006,4.5422707
Switzerland,CHE,2007,5.0510745
Switzerland,CHE,2008,5.5835085
Switzerland,CHE,2009,6.141257
Switzerland,CHE,2010,6.72617
Switzerland,CHE,2011,7.3402815
Switzerland,CHE,2012,7.985834
Switzerland,CHE,2013,9.309222
Switzerland,CHE,2014,9.396643
Switzerland,CHE,2015,9.2234125
Switzerland,CHE,2016,9.228729
Switzerland,CHE,2017,9.234053
Switzerland,CHE,2018,9.056455
Switzerland,CHE,2019,9.250058
Switzerland,CHE,2020,9.191641
Switzerland,CHE,2021,9.325489
Syria,SYR,1993,89.520676
Syria,SYR,1994,89.59774
Syria,SYR,1995,89.23807
Syria,SYR,1996,89.08622
Syria,SYR,1997,88.999794
Syria,SYR,1998,88.89187
Syria,SYR,1999,88.44741
Syria,SYR,2000,87.51327
Syria,SYR,2001,87.95165
Syria,SYR,2002,88.08607
Syria,SYR,2003,87.89168
Syria,SYR,2004,87.709335
Syria,SYR,2005,87.52774
Syria,SYR,2006,87.52774
Syria,SYR,2007,87.52774
Syria,SYR,2008,87.52774
Syria,SYR,2009,87.52774
Syria,SYR,2010,87.52774
Syria,SYR,2011,87.52774
Syria,SYR,2012,87.52774
Syria,SYR,2013,87.52774
Syria,SYR,2014,87.52774
Syria,SYR,2015,87.52774
Syria,SYR,2016,87.52774
Syria,SYR,2017,87.52774
Syria,SYR,2018,87.52774
Syria,SYR,2019,87.52774
Syria,SYR,2020,87.52774
Syria,SYR,2021,87.52774
Tajikistan,TJK,1994,92.31029
Tajikistan,TJK,1995,92.408554
Tajikistan,TJK,1996,92.5148
Tajikistan,TJK,1997,92.63003
Tajikistan,TJK,1998,92.75544
Tajikistan,TJK,1999,92.89245
Tajikistan,TJK,2000,67.88009
Tajikistan,TJK,2001,92.59904
Tajikistan,TJK,2002,92.18942
Tajikistan,TJK,2003,91.810104
Tajikistan,TJK,2004,91.45785
Tajikistan,TJK,2005,91.129845
Tajikistan,TJK,2006,90.82368
Tajikistan,TJK,2007,90.86172
Tajikistan,TJK,2008,90.902016
Tajikistan,TJK,2009,90.944786
Tajikistan,TJK,2010,90.990265
Tajikistan,TJK,2011,91.03871
Tajikistan,TJK,2012,91.09043
Tajikistan,TJK,2013,91.14577
Tajikistan,TJK,2014,91.20512
Tajikistan,TJK,2015,87.9614
Tajikistan,TJK,2016,81.08355
Tajikistan,TJK,2017,64.922386
Tajikistan,TJK,2018,75.485985
Tajikistan,TJK,2019,69.590645
Tajikistan,TJK,2020,74.52525
Tajikistan,TJK,2021,74.52525
Tanzania,TZA,1994,70.02188
Tanzania,TZA,1995,76.453316
Tanzania,TZA,1996,80.41702
Tanzania,TZA,1997,83.104675
Tanzania,TZA,1998,85.04704
Tanzania,TZA,1999,86.51638
Tanzania,TZA,2000,87.66673
Tanzania,TZA,2001,88.5918
Tanzania,TZA,2002,89.35185
Tanzania,TZA,2003,89.35185
Tanzania,TZA,2004,89.35185
Tanzania,TZA,2005,89.35185
Tanzania,TZA,2006,89.35185
Tanzania,TZA,2007,89.35185
Tanzania,TZA,2008,89.35185
Tanzania,TZA,2009,89.35185
Tanzania,TZA,2010,89.35185
Tanzania,TZA,2011,89.35185
Tanzania,TZA,2012,89.35185
Tanzania,TZA,2013,89.35185
Tanzania,TZA,2014,89.35185
Tanzania,TZA,2015,89.35185
Tanzania,TZA,2016,89.35185
Tanzania,TZA,2017,89.35185
Tanzania,TZA,2018,89.35185
Tanzania,TZA,2019,89.35185
Tanzania,TZA,2020,89.35185
Tanzania,TZA,2021,89.35185
Thailand,THA,2007,90.37448
Thailand,THA,2008,90.37448
Thailand,THA,2009,90.37448
Thailand,THA,2010,90.37448
Thailand,THA,2011,90.37448
Thailand,THA,2012,90.37448
Thailand,THA,2013,90.37448
Thailand,THA,2014,90.37448
Thailand,THA,2015,90.37448
Thailand,THA,2016,90.37448
Thailand,THA,2017,90.37448
Thailand,THA,2018,90.37448
Thailand,THA,2019,90.37448
Thailand,THA,2020,90.37448
Thailand,THA,2021,90.37448
Togo,TGO,1987,25.274725
Togo,TGO,1988,28.216644
Togo,TGO,1989,30.81323
Togo,TGO,1990,33.121918
Togo,TGO,1991,35.188072
Togo,TGO,1992,37.048
Togo,TGO,1993,38.731117
Togo,TGO,1994,40.26149
Togo,TGO,1995,41.659004
Togo,TGO,1996,42.940243
Togo,TGO,1997,44.11914
Togo,TGO,1998,45.207485
Togo,TGO,1999,46.21533
Togo,TGO,2000,47.151276
Togo,TGO,2001,46.062992
Togo,TGO,2002,44.970413
Togo,TGO,2003,40.641712
Togo,TGO,2004,37.07317
Togo,TGO,2005,34.08072
Togo,TGO,2006,34.08072
Togo,TGO,2007,34.08072
Togo,TGO,2008,34.08072
Togo,TGO,2009,34.08072
Togo,TGO,2010,34.08072
Togo,TGO,2011,34.08072
Togo,TGO,2012,34.08072
Togo,TGO,2013,34.08072
Togo,TGO,2014,34.08072
Togo,TGO,2015,34.08072
Togo,TGO,2016,34.08072
Togo,TGO,2017,34.08072
Togo,TGO,2018,34.08072
Togo,TGO,2019,34.08072
Togo,TGO,2020,34.08072
Togo,TGO,2021,34.08072
Trinidad and Tobago,TTO,1997,5.2525253
Trinidad and Tobago,TTO,1998,5.30837
Trinidad and Tobago,TTO,1999,5.362162
Trinidad and Tobago,TTO,2000,5.414013
Trinidad and Tobago,TTO,2001,5.18426
Trinidad and Tobago,TTO,2002,4.9632354
Trinidad and Tobago,TTO,2003,4.750451
Trinidad and Tobago,TTO,2004,4.5454545
Trinidad and Tobago,TTO,2005,4.347826
Trinidad and Tobago,TTO,2006,4.349528
Trinidad and Tobago,TTO,2007,4.35123
Trinidad and Tobago,TTO,2008,4.352932
Trinidad and Tobago,TTO,2009,4.354634
Trinidad and Tobago,TTO,2010,4.3563356
Trinidad and Tobago,TTO,2011,4.3580375
Trinidad and Tobago,TTO,2012,4.3580375
Trinidad and Tobago,TTO,2013,4.3580375
Trinidad and Tobago,TTO,2014,4.3580375
Trinidad and Tobago,TTO,2015,4.3580375
Trinidad and Tobago,TTO,2016,4.3580375
Trinidad and Tobago,TTO,2017,4.3580375
Trinidad and Tobago,TTO,2018,4.3580375
Trinidad and Tobago,TTO,2019,4.3580375
Trinidad and Tobago,TTO,2020,4.3580375
Trinidad and Tobago,TTO,2021,4.3580375
Tunisia,TUN,1990,88.71545
Tunisia,TUN,1991,88.1309
Tunisia,TUN,1992,87.52929
Tunisia,TUN,1993,86.90986
Tunisia,TUN,1994,86.271805
Tunisia,TUN,1995,85.61428
Tunisia,TUN,1996,84.93745
Tunisia,TUN,1997,84.2394
Tunisia,TUN,1998,83.51914
Tunisia,TUN,1999,82.77558
Tunisia,TUN,2000,82.007576
Tunisia,TUN,2001,82.007576
Tunisia,TUN,2002,81.77843
Tunisia,TUN,2003,81.556366
Tunisia,TUN,2004,81.34107
Tunisia,TUN,2005,81.13224
Tunisia,TUN,2006,80.92958
Tunisia,TUN,2007,80.732834
Tunisia,TUN,2008,80.54173
Tunisia,TUN,2009,80.35604
Tunisia,TUN,2010,80.17554
Tunisia,TUN,2011,80
Tunisia,TUN,2012,79.79761
Tunisia,TUN,2013,79.60592
Tunisia,TUN,2014,79.42411
Tunisia,TUN,2015,79.25144
Tunisia,TUN,2016,79.08724
Tunisia,TUN,2017,74.41925
Tunisia,TUN,2018,76.276436
Tunisia,TUN,2019,76.37623
Tunisia,TUN,2020,75.542175
Tunisia,TUN,2021,75.542175
Turkey,TUR,1992,72.46835
Turkey,TUR,1993,74.28391
Turkey,TUR,1994,76.0251
Turkey,TUR,1995,77.6964
Turkey,TUR,1996,79.30194
Turkey,TUR,1997,80.84552
Turkey,TUR,1998,82.330666
Turkey,TUR,1999,83.76063
Turkey,TUR,2000,80.01016
Turkey,TUR,2001,81.34795
Turkey,TUR,2002,78.72649
Turkey,TUR,2003,76.25329
Turkey,TUR,2004,83.14693
Turkey,TUR,2005,83.25922
Turkey,TUR,2006,83.365654
Turkey,TUR,2007,84.345634
Turkey,TUR,2008,80.93311
Turkey,TUR,2009,85.81426
Turkey,TUR,2010,85.74575
Turkey,TUR,2011,86.14732
Turkey,TUR,2012,86.06318
Turkey,TUR,2013,85.86292
Turkey,TUR,2014,85.18815
Turkey,TUR,2015,86.70671
Turkey,TUR,2016,87.57174
Turkey,TUR,2017,87.04548
Turkey,TUR,2018,87.11796
Turkey,TUR,2019,87.32427
Turkey,TUR,2020,86.99014
Turkey,TUR,2021,77.054794
Turkmenistan,TKM,1994,97.947685
Turkmenistan,TKM,1995,97.700165
Turkmenistan,TKM,1996,97.4565
Turkmenistan,TKM,1997,97.2166
Turkmenistan,TKM,1998,96.980385
Turkmenistan,TKM,1999,96.747765
Turkmenistan,TKM,2000,96.51866
Turkmenistan,TKM,2001,96.51866
Turkmenistan,TKM,2002,96.51866
Turkmenistan,TKM,2003,96.51866
Turkmenistan,TKM,2004,94.297775
Turkmenistan,TKM,2005,94.297775
Turkmenistan,TKM,2006,94.297775
Turkmenistan,TKM,2007,94.297775
Turkmenistan,TKM,2008,94.297775
Turkmenistan,TKM,2009,94.297775
Turkmenistan,TKM,2010,94.297775
Turkmenistan,TKM,2011,94.297775
Turkmenistan,TKM,2012,94.297775
Turkmenistan,TKM,2013,94.297775
Turkmenistan,TKM,2014,94.297775
Turkmenistan,TKM,2015,94.297775
Turkmenistan,TKM,2016,94.297775
Turkmenistan,TKM,2017,94.297775
Turkmenistan,TKM,2018,94.297775
Turkmenistan,TKM,2019,59.02173
Turkmenistan,TKM,2020,61.420403
Turkmenistan,TKM,2021,92.7487
Uganda,UGA,1970,60
Uganda,UGA,1971,58.731403
Uganda,UGA,1972,57.51534
Uganda,UGA,1973,56.34861
Uganda,UGA,1974,55.228275
Uganda,UGA,1975,54.151623
Uganda,UGA,1976,53.116146
Uganda,UGA,1977,52.119526
Uganda,UGA,1978,51.15962
Uganda,UGA,1979,50.23443
Uganda,UGA,1980,49.342106
Uganda,UGA,1981,48.48093
Uganda,UGA,1982,47.6493
Uganda,UGA,1983,46.845722
Uganda,UGA,1984,46.068794
Uganda,UGA,1985,45.31722
Uganda,UGA,1986,44.589775
Uganda,UGA,1987,43.885315
Uganda,UGA,1988,43.202766
Uganda,UGA,1989,42.541122
Uganda,UGA,1990,41.89944
Uganda,UGA,1991,41.27683
Uganda,UGA,1992,40.67245
Uganda,UGA,1993,40.085514
Uganda,UGA,1994,39.515278
Uganda,UGA,1995,38.96104
Uganda,UGA,1996,38.42213
Uganda,UGA,1997,37.89793
Uganda,UGA,1998,37.387836
Uganda,UGA,1999,36.891293
Uganda,UGA,2000,36.40777
Uganda,UGA,2001,34.724735
Uganda,UGA,2002,33.19043
Uganda,UGA,2003,35.136517
Uganda,UGA,2004,36.68848
Uganda,UGA,2005,37.955036
Uganda,UGA,2006,39.008286
Uganda,UGA,2007,39.89793
Uganda,UGA,2008,40.65934
Uganda,UGA,2009,40.65934
Uganda,UGA,2010,40.65934
Uganda,UGA,2011,40.65934
Uganda,UGA,2012,40.65934
Uganda,UGA,2013,40.65934
Uganda,UGA,2014,40.65934
Uganda,UGA,2015,40.65934
Uganda,UGA,2016,40.65934
Uganda,UGA,2017,40.65934
Uganda,UGA,2018,40.65934
Uganda,UGA,2019,40.65934
Uganda,UGA,2020,40.65934
Uganda,UGA,2021,40.65934
Ukraine,UKR,1992,30.25
Ukraine,UKR,1993,30.225267
Ukraine,UKR,1994,30.201063
Ukraine,UKR,1995,30.174839
Ukraine,UKR,1996,30.146328
Ukraine,UKR,1997,30.11522
Ukraine,UKR,1998,30.08114
Ukraine,UKR,1999,30.043644
Ukraine,UKR,2000,30.00547
Ukraine,UKR,2001,30.001926
Ukraine,UKR,2002,30.001646
Ukraine,UKR,2003,30.001345
Ukraine,UKR,2004,30.001019
Ukraine,UKR,2005,30.006632
Ukraine,UKR,2006,30.000797
Ukraine,UKR,2007,30.001286
Ukraine,UKR,2008,30.00107
Ukraine,UKR,2009,30.00121
Ukraine,UKR,2010,29.993265
Ukraine,UKR,2011,30.889866
Ukraine,UKR,2012,31.893208
Ukraine,UKR,2013,33.03517
Ukraine,UKR,2014,34.34661
Ukraine,UKR,2015,31.05056
Ukraine,UKR,2016,32.103024
Ukraine,UKR,2017,41.55508
Ukraine,UKR,2018,41.55508
Ukraine,UKR,2019,39.573544
Ukraine,UKR,2020,30.992908
Ukraine,UKR,2021,30.996048
United Arab Emirates,ARE,1980,80
United Arab Emirates,ARE,1981,78.107155
United Arab Emirates,ARE,1982,76.50163
United Arab Emirates,ARE,1983,75.122635
United Arab Emirates,ARE,1984,73.92538
United Arab Emirates,ARE,1985,72.87615
United Arab Emirates,ARE,1986,71.949104
United Arab Emirates,ARE,1987,71.12407
United Arab Emirates,ARE,1988,70.38508
United Arab Emirates,ARE,1989,69.71935
United Arab Emirates,ARE,1990,69.1165
United Arab Emirates,ARE,1991,68.568016
United Arab Emirates,ARE,1992,68.066864
United Arab Emirates,ARE,1993,67.60718
United Arab Emirates,ARE,1994,67.184006
United Arab Emirates,ARE,1995,66.79317
United Arab Emirates,ARE,1996,69.785904
United Arab Emirates,ARE,1997,72.38588
United Arab Emirates,ARE,1998,74.66566
United Arab Emirates,ARE,1999,76.68095
United Arab Emirates,ARE,2000,78.47526
United Arab Emirates,ARE,2001,80.08314
United Arab Emirates,ARE,2002,81.532364
United Arab Emirates,ARE,2003,82.845314
United Arab Emirates,ARE,2004,82.84337
United Arab Emirates,ARE,2005,82.84142
United Arab Emirates,ARE,2006,78.94728
United Arab Emirates,ARE,2007,75.22682
United Arab Emirates,ARE,2008,71.66866
United Arab Emirates,ARE,2009,68.26243
United Arab Emirates,ARE,2010,64.99857
United Arab Emirates,ARE,2011,61.86837
United Arab Emirates,ARE,2012,58.863766
United Arab Emirates,ARE,2013,55.97735
United Arab Emirates,ARE,2014,53.202282
United Arab Emirates,ARE,2015,50.53224
United Arab Emirates,ARE,2016,47.96138
United Arab Emirates,ARE,2017,47.387917
United Arab Emirates,ARE,2018,47.752747
United Arab Emirates,ARE,2019,47.2543
United Arab Emirates,ARE,2020,46.495712
United Arab Emirates,ARE,2021,45.667034
United Kingdom,GBR,1989,3.6413863
United Kingdom,GBR,1990,5.5443983
United Kingdom,GBR,1991,7.2868037
United Kingdom,GBR,1992,9.025169
United Kingdom,GBR,1993,10.75951
United Kingdom,GBR,1994,12.48984
United Kingdom,GBR,1995,14.216171
United Kingdom,GBR,1996,14.499441
United Kingdom,GBR,1997,14.779061
United Kingdom,GBR,1998,15.055102
United Kingdom,GBR,1999,15.327632
United Kingdom,GBR,2000,11.993364
United Kingdom,GBR,2001,12.079873
United Kingdom,GBR,2002,9.388458
United Kingdom,GBR,2003,10.16574
United Kingdom,GBR,2004,13.750818
United Kingdom,GBR,2005,13.984246
United Kingdom,GBR,2006,11.08545
United Kingdom,GBR,2007,15.623164
United Kingdom,GBR,2008,13.646972
United Kingdom,GBR,2009,13.081792
United Kingdom,GBR,2010,14.77949
United Kingdom,GBR,2011,12.888571
United Kingdom,GBR,2012,12.770879
United Kingdom,GBR,2013,13.81369
United Kingdom,GBR,2014,14.600799
United Kingdom,GBR,2015,15.429867
United Kingdom,GBR,2016,14.049881
United Kingdom,GBR,2017,14.049881
United Kingdom,GBR,2018,14.049881
United Kingdom,GBR,2019,14.049881
United Kingdom,GBR,2020,14.049881
United Kingdom,GBR,2021,14.049881
United States,USA,1980,23.981949
United States,USA,1981,25.142729
United States,USA,1982,26.285162
United States,USA,1983,27.409681
United States,USA,1984,28.516703
United States,USA,1985,29.606632
United States,USA,1986,30.679863
United States,USA,1987,31.736774
United States,USA,1988,32.777737
United States,USA,1989,33.80311
United States,USA,1990,34.81324
United States,USA,1991,34.845234
United States,USA,1992,34.87723
United States,USA,1993,34.90923
United States,USA,1994,34.941223
United States,USA,1995,34.97322
United States,USA,1996,35.00522
United States,USA,1997,35.037212
United States,USA,1998,35.06921
United States,USA,1999,35.101208
United States,USA,2000,35.1332
United States,USA,2001,34.92949
United States,USA,2002,34.726234
United States,USA,2003,34.523438
United States,USA,2004,34.32109
United States,USA,2005,34.119194
United States,USA,2006,34.463596
United States,USA,2007,34.82791
United States,USA,2008,35.213913
United States,USA,2009,35.623604
United States,USA,2010,36.059227
United States,USA,2011,36.729305
United States,USA,2012,37.422985
United States,USA,2013,38.141533
United States,USA,2014,38.88631
United States,USA,2015,39.658783
United States,USA,2016,39.658783
United States,USA,2017,39.658783
United States,USA,2018,39.658783
United States,USA,2019,39.658783
United States,USA,2020,39.658783
United States,USA,2021,39.658783
Upper-middle-income countries,,2014,73.05499
Upper-middle-income countries,,2015,73.22129
Upper-middle-income countries,,2016,72.823204
Upper-middle-income countries,,2017,72.84484
Upper-middle-income countries,,2018,72.440216
Upper-middle-income countries,,2019,71.77215
Upper-middle-income countries,,2020,72.15204
Upper-middle-income countries,,2021,72.27763
Uruguay,URY,1965,91
Uruguay,URY,1966,90.37656
Uruguay,URY,1967,89.88356
Uruguay,URY,1968,89.483955
Uruguay,URY,1969,89.153496
Uruguay,URY,1970,88.87566
Uruguay,URY,1971,88.63882
Uruguay,URY,1972,88.4345
Uruguay,URY,1973,88.25646
Uruguay,URY,1974,88.09992
Uruguay,URY,1975,87.96121
Uruguay,URY,1976,87.83745
Uruguay,URY,1977,87.72635
Uruguay,URY,1978,87.62605
Uruguay,URY,1979,87.53506
Uruguay,URY,1980,87.45213
Uruguay,URY,1981,87.37625
Uruguay,URY,1982,87.30655
Uruguay,URY,1983,87.2423
Uruguay,URY,1984,87.182884
Uruguay,URY,1985,87.127785
Uruguay,URY,1986,87.076546
Uruguay,URY,1987,87.02877
Uruguay,URY,1988,86.98412
Uruguay,URY,1989,86.94231
Uruguay,URY,1990,86.90306
Uruguay,URY,1991,86.86615
Uruguay,URY,1992,86.831375
Uruguay,URY,1993,86.79856
Uruguay,URY,1994,86.76754
Uruguay,URY,1995,86.73817
Uruguay,URY,1996,86.71032
Uruguay,URY,1997,86.68388
Uruguay,URY,1998,86.658745
Uruguay,URY,1999,86.63483
Uruguay,URY,2000,86.61202
Uruguay,URY,2001,86.61202
Uruguay,URY,2002,86.61202
Uruguay,URY,2003,86.61202
Uruguay,URY,2004,86.61202
Uruguay,URY,2005,86.61202
Uruguay,URY,2006,86.61202
Uruguay,URY,2007,86.61202
Uruguay,URY,2008,86.61202
Uruguay,URY,2009,86.61202
Uruguay,URY,2010,86.61202
Uruguay,URY,2011,86.61202
Uruguay,URY,2012,86.61202
Uruguay,URY,2013,86.61202
Uruguay,URY,2014,86.61202
Uruguay,URY,2015,86.61202
Uruguay,URY,2016,86.61202
Uruguay,URY,2017,86.61202
Uruguay,URY,2018,86.61202
Uruguay,URY,2019,86.61202
Uruguay,URY,2020,86.61202
Uruguay,URY,2021,86.61202
Uzbekistan,UZB,1994,93.65257
Uzbekistan,UZB,1995,93.17454
Uzbekistan,UZB,1996,92.70237
Uzbekistan,UZB,1997,92.23596
Uzbekistan,UZB,1998,91.775215
Uzbekistan,UZB,1999,91.320015
Uzbekistan,UZB,2000,90.87027
Uzbekistan,UZB,2001,90.42588
Uzbekistan,UZB,2002,90.32557
Uzbekistan,UZB,2003,90.221306
Uzbekistan,UZB,2004,90.11287
Uzbekistan,UZB,2005,90
Uzbekistan,UZB,2006,90.160965
Uzbekistan,UZB,2007,90.32466
Uzbekistan,UZB,2008,90.491165
Uzbekistan,UZB,2009,90.66054
Uzbekistan,UZB,2010,90.832855
Uzbekistan,UZB,2011,91.00821
Uzbekistan,UZB,2012,91.18667
Uzbekistan,UZB,2013,91.36832
Uzbekistan,UZB,2014,91.55324
Uzbekistan,UZB,2015,92.0814
Uzbekistan,UZB,2016,91.66056
Uzbekistan,UZB,2017,92.29202
Uzbekistan,UZB,2018,92.276695
Uzbekistan,UZB,2019,92.261375
Uzbekistan,UZB,2020,92.10598
Uzbekistan,UZB,2021,90.912
Venezuela,VEN,1970,46
Venezuela,VEN,1971,45.84411
Venezuela,VEN,1972,45.69986
Venezuela,VEN,1973,45.565994
Venezuela,VEN,1974,45.441437
Venezuela,VEN,1975,45.32524
Venezuela,VEN,1976,45.2166
Venezuela,VEN,1977,45.11479
Venezuela,VEN,1978,45.0192
Venezuela,VEN,1979,44.929264
Venezuela,VEN,1980,44.844505
Venezuela,VEN,1981,44.76448
Venezuela,VEN,1982,44.68881
Venezuela,VEN,1983,44.61714
Venezuela,VEN,1984,44.54917
Venezuela,VEN,1985,44.484623
Venezuela,VEN,1986,44.423237
Venezuela,VEN,1987,44.364788
Venezuela,VEN,1988,44.309074
Venezuela,VEN,1989,44.255905
Venezuela,VEN,1990,44.20511
Venezuela,VEN,1991,44.156532
Venezuela,VEN,1992,44.110035
Venezuela,VEN,1993,44.065483
Venezuela,VEN,1994,44.02276
Venezuela,VEN,1995,43.981747
Venezuela,VEN,1996,43.942356
Venezuela,VEN,1997,43.904484
Venezuela,VEN,1998,43.868046
Venezuela,VEN,1999,43.832966
Venezuela,VEN,2000,43.799164
Venezuela,VEN,2001,52.405113
Venezuela,VEN,2002,58.39033
Venezuela,VEN,2003,62.793743
Venezuela,VEN,2004,66.16923
Venezuela,VEN,2005,68.83911
Venezuela,VEN,2006,71.564865
Venezuela,VEN,2007,73.85211
Venezuela,VEN,2008,73.85211
Venezuela,VEN,2009,73.85211
Venezuela,VEN,2010,73.85211
Venezuela,VEN,2011,73.85211
Venezuela,VEN,2012,73.85211
Venezuela,VEN,2013,73.85211
Venezuela,VEN,2014,73.85211
Venezuela,VEN,2015,73.85211
Venezuela,VEN,2016,73.85211
Venezuela,VEN,2017,73.85211
Venezuela,VEN,2018,73.85211
Venezuela,VEN,2019,73.85211
Venezuela,VEN,2020,73.85211
Venezuela,VEN,2021,73.85211
Vietnam,VNM,1980,92.551506
Vietnam,VNM,1981,91.91704
Vietnam,VNM,1982,91.32863
Vietnam,VNM,1983,90.78145
Vietnam,VNM,1984,90.27131
Vietnam,VNM,1985,89.79456
Vietnam,VNM,1986,90.11256
Vietnam,VNM,1987,90.41391
Vietnam,VNM,1988,90.6999
Vietnam,VNM,1989,90.971664
Vietnam,VNM,1990,91.23025
Vietnam,VNM,1991,91.600746
Vietnam,VNM,1992,91.944176
Vietnam,VNM,1993,92.26341
Vietnam,VNM,1994,92.56092
Vietnam,VNM,1995,92.838844
Vietnam,VNM,1996,93.09905
Vietnam,VNM,1997,93.34319
Vietnam,VNM,1998,93.57271
Vietnam,VNM,1999,93.78887
Vietnam,VNM,2000,93.99281
Vietnam,VNM,2001,94.168205
Vietnam,VNM,2002,94.33415
Vietnam,VNM,2003,94.4914
Vietnam,VNM,2004,94.64062
Vietnam,VNM,2005,94.782394
Vietnam,VNM,2006,94.782394
Vietnam,VNM,2007,94.782394
Vietnam,VNM,2008,94.782394
Vietnam,VNM,2009,94.782394
Vietnam,VNM,2010,94.782394
Vietnam,VNM,2011,94.782394
Vietnam,VNM,2012,94.782394
Vietnam,VNM,2013,94.782394
Vietnam,VNM,2014,94.782394
Vietnam,VNM,2015,94.782394
Vietnam,VNM,2016,94.782394
Vietnam,VNM,2017,94.782394
Vietnam,VNM,2018,94.782394
Vietnam,VNM,2019,94.782394
Vietnam,VNM,2020,94.782394
Vietnam,VNM,2021,94.782394
World,OWID_WRL,2014,71.18084
World,OWID_WRL,2015,71.49233
World,OWID_WRL,2016,71.461136
World,OWID_WRL,2017,71.31754
World,OWID_WRL,2018,71.16283
World,OWID_WRL,2019,70.95763
World,OWID_WRL,2020,71.19744
World,OWID_WRL,2021,71.58384
Yemen,YEM,1990,92.08731
Yemen,YEM,1991,91.84907
Yemen,YEM,1992,91.618195
Yemen,YEM,1993,91.39435
Yemen,YEM,1994,91.17722
Yemen,YEM,1995,90.96652
Yemen,YEM,1996,90.761955
Yemen,YEM,1997,90.56326
Yemen,YEM,1998,90.37019
Yemen,YEM,1999,90.18251
Yemen,YEM,2000,90
Yemen,YEM,2001,90.15438
Yemen,YEM,2002,90.305824
Yemen,YEM,2003,90.454414
Yemen,YEM,2004,90.60023
Yemen,YEM,2005,90.74334
Yemen,YEM,2006,90.74334
Yemen,YEM,2007,90.74334
Yemen,YEM,2008,90.74334
Yemen,YEM,2009,90.74334
Yemen,YEM,2010,90.74334
Yemen,YEM,2011,90.74334
Yemen,YEM,2012,90.74334
Yemen,YEM,2013,90.74334
Yemen,YEM,2014,90.74334
Yemen,YEM,2015,90.74334
Yemen,YEM,2016,90.74334
Yemen,YEM,2017,90.74334
Yemen,YEM,2018,90.74334
Yemen,YEM,2019,90.74334
Yemen,YEM,2020,90.74334
Yemen,YEM,2021,90.74334
Zambia,ZMB,1992,76.645676
Zambia,ZMB,1993,76.94758
Zambia,ZMB,1994,77.256744
Zambia,ZMB,1995,76.73387
Zambia,ZMB,1996,76.20137
Zambia,ZMB,1997,75.65898
Zambia,ZMB,1998,75.10642
Zambia,ZMB,1999,74.54341
Zambia,ZMB,2000,73.969635
Zambia,ZMB,2001,73.630516
Zambia,ZMB,2002,73.28244
Zambia,ZMB,2003,73.28244
Zambia,ZMB,2004,73.28244
Zambia,ZMB,2005,73.28244
Zambia,ZMB,2006,73.28244
Zambia,ZMB,2007,73.28244
Zambia,ZMB,2008,73.28244
Zambia,ZMB,2009,73.28244
Zambia,ZMB,2010,73.28244
Zambia,ZMB,2011,73.28244
Zambia,ZMB,2012,73.28244
Zambia,ZMB,2013,73.28244
Zambia,ZMB,2014,73.28244
Zambia,ZMB,2015,73.28244
Zambia,ZMB,2016,73.28244
Zambia,ZMB,2017,73.28244
Zambia,ZMB,2018,73.28244
Zambia,ZMB,2019,73.28244
Zambia,ZMB,2020,73.28244
Zambia,ZMB,2021,73.28244
Zimbabwe,ZWE,1987,79.016396
Zimbabwe,ZWE,1988,78.9946
Zimbabwe,ZWE,1989,78.978165
Zimbabwe,ZWE,1990,78.965324
Zimbabwe,ZWE,1991,78.955025
Zimbabwe,ZWE,1992,78.94658
Zimbabwe,ZWE,1993,78.93952
Zimbabwe,ZWE,1994,78.93354
Zimbabwe,ZWE,1995,78.928406
Zimbabwe,ZWE,1996,78.92394
Zimbabwe,ZWE,1997,78.920044
Zimbabwe,ZWE,1998,78.916595
Zimbabwe,ZWE,1999,78.91353
Zimbabwe,ZWE,2000,78.91078
Zimbabwe,ZWE,2001,78.9083
Zimbabwe,ZWE,2002,78.90607
Zimbabwe,ZWE,2003,79.46052
Zimbabwe,ZWE,2004,80.05062
Zimbabwe,ZWE,2005,80.67992
Zimbabwe,ZWE,2006,81.35245
Zimbabwe,ZWE,2007,82.07283
Zimbabwe,ZWE,2008,81.706635
Zimbabwe,ZWE,2009,81.335915
Zimbabwe,ZWE,2010,80.96059
Zimbabwe,ZWE,2011,80.58056
Zimbabwe,ZWE,2012,80.19575
Zimbabwe,ZWE,2013,79.80606
Zimbabwe,ZWE,2014,79.41141
Zimbabwe,ZWE,2015,79.01169
Zimbabwe,ZWE,2016,79.98942
Zimbabwe,ZWE,2017,82.95648
Zimbabwe,ZWE,2018,80.63543
Zimbabwe,ZWE,2019,84.82663
Zimbabwe,ZWE,2020,87.20018
Zimbabwe,ZWE,2021,87.20018