Country,Continent,ISO_Code,Level,GDLCODE,Region,Year,sgdi,shdif,shdim,healthindexf,healthindexm,edindexf,edindexm,incindexf,incindexm
Afghanistan,Asia/Pacific,AFG,National,AFGt,Total,2023,0.66,0.379,0.575,0.693,0.723,0.264,0.502,0.298,0.523
Afghanistan,Asia/Pacific,AFG,Subnat,AFGr101,"Central (Kabul Wardak Kapisa Logar Parwan Panjsher)",2023,0.693,0.449,0.648,0.722,0.747,0.384,0.654,0.326,0.557
Afghanistan,Asia/Pacific,AFG,Subnat,AFGr102,"Central Highlands (Bamyan Daikundi)",2023,0.708,0.396,0.559,0.7,0.728,0.338,0.501,0.262,0.479
Afghanistan,Asia/Pacific,AFG,Subnat,AFGr103,"East (Nangarhar Kunar Laghman Nooristan)",2023,0.574,0.329,0.573,0.685,0.716,0.199,0.551,0.261,0.477
Afghanistan,Asia/Pacific,AFG,Subnat,AFGr104,"North (Samangan Sar-e-Pul Balkh Jawzjan Faryab)",2023,0.723,0.42,0.581,0.675,0.708,0.343,0.503,0.32,0.55
Afghanistan,Asia/Pacific,AFG,Subnat,AFGr105,"North East (Baghlan Takhar Badakhshan Kunduz)",2023,0.657,0.352,0.536,0.669,0.703,0.234,0.438,0.28,0.5
Afghanistan,Asia/Pacific,AFG,Subnat,AFGr106,"South (Uruzgan Helmand Zabul Nimroz Kandahar)",2023,0.549,0.282,0.513,0.69,0.72,0.11,0.362,0.295,0.519
Afghanistan,Asia/Pacific,AFG,Subnat,AFGr107,"South East (Ghazni Paktya Paktika Khost)",2023,0.565,0.336,0.594,0.732,0.754,0.18,0.544,0.287,0.51
Afghanistan,Asia/Pacific,AFG,Subnat,AFGr108,"West (Ghor Herat Badghis Farah)",2023,0.681,0.363,0.534,0.683,0.715,0.245,0.418,0.286,0.509
Albania,Europe,ALB,National,ALBt,Total,2023,0.963,0.794,0.824,0.907,0.927,0.737,0.747,0.748,0.809
Albania,Europe,ALB,Subnat,ALBr201," Berat",2023,0.946,0.774,0.818,0.907,0.927,0.689,0.736,0.742,0.804
Albania,Europe,ALB,Subnat,ALBr202," Diber",2023,0.954,0.75,0.786,0.907,0.927,0.624,0.65,0.745,0.806
Albania,Europe,ALB,Subnat,ALBr203," Durres",2023,0.964,0.801,0.831,0.907,0.927,0.739,0.747,0.766,0.828
Albania,Europe,ALB,Subnat,ALBr204," Elbasan",2023,0.963,0.784,0.814,0.907,0.927,0.716,0.725,0.743,0.804
Albania,Europe,ALB,Subnat,ALBr205," Fier",2023,0.949,0.761,0.802,0.907,0.927,0.674,0.712,0.721,0.781
Albania,Europe,ALB,Subnat,ALBr206," Gjirokaster",2023,0.962,0.795,0.826,0.907,0.927,0.733,0.745,0.755,0.816
Albania,Europe,ALB,Subnat,ALBr207," Korce",2023,0.962,0.789,0.82,0.907,0.927,0.719,0.73,0.752,0.814
Albania,Europe,ALB,Subnat,ALBr208," Kukes",2023,0.957,0.748,0.781,0.907,0.927,0.612,0.632,0.752,0.814
Albania,Europe,ALB,Subnat,ALBr209," Lezhe",2023,0.963,0.769,0.798,0.907,0.927,0.679,0.687,0.738,0.799
Albania,Europe,ALB,Subnat,ALBr210," Shkoder",2023,0.972,0.786,0.809,0.907,0.927,0.703,0.692,0.762,0.824
Albania,Europe,ALB,Subnat,ALBr211," Tirana",2023,0.965,0.82,0.85,0.907,0.927,0.811,0.817,0.749,0.811
Albania,Europe,ALB,Subnat,ALBr212," Vlore",2023,0.961,0.801,0.833,0.907,0.927,0.754,0.769,0.751,0.812
Algeria,Africa,DZA,National,DZAt,Total,2023,0.887,0.702,0.791,0.849,0.883,0.68,0.675,0.599,0.831
Algeria,Africa,DZA,Subnat,DZAr104,"Hauts Plateaux Centre (Djelfa, Laghouat, MSila)",2023,0.862,0.67,0.777,0.842,0.877,0.596,0.643,0.6,0.832
Algeria,Africa,DZA,Subnat,DZAr105,"Hauts Plateaux Est (Setif, Batna, Khenchela, Bordj Bou Arreridj, Oum El Bouaghi, Tebessa)",2023,0.884,0.691,0.782,0.843,0.878,0.662,0.661,0.592,0.823
Algeria,Africa,DZA,Subnat,DZAr106,"Hauts Plateaux Ouest (Tiaret, Saida, Tissemsilt, Naama, El Bayadh)",2023,0.875,0.682,0.78,0.853,0.886,0.624,0.647,0.597,0.829
Algeria,Africa,DZA,Subnat,DZAr101,"Nord Centre (Alger, Blida, Boumerdes, Tipaza, Bouira, Medea, Tizi-Ouzou, Bejaia, Chlef, Ain Defla)",2023,0.896,0.725,0.809,0.864,0.896,0.727,0.705,0.606,0.84
Algeria,Africa,DZA,Subnat,DZAr102,"Nord Est (Annaba, Constantine, Skikda, Jijel, Mila, Souk Ahras, El Tarf, Guelma)",2023,0.9,0.704,0.782,0.811,0.851,0.723,0.682,0.595,0.826
Algeria,Africa,DZA,Subnat,DZAr103,"Nord Ouest (Oran, Tlemcen, Mostaganem, Ain Temouchent, Relizane, Sidi Bel Abbes, Mascara)",2023,0.878,0.69,0.785,0.868,0.899,0.634,0.651,0.596,0.827
Algeria,Africa,DZA,Subnat,DZAr107,"Sud (Bechar, Tindouf, Adrar, Ghardaia, Biskra, El Oued, Ouargla, Tamanrasset,Illizi)",2023,0.877,0.69,0.787,0.836,0.872,0.657,0.673,0.599,0.831
Andorra,Europe,AND,National,ANDt,Total,2023,,,,0.979,0.994,0.794,0.788,,
Angola,Africa,AGO,National,AGOt,Total,2023,0.906,0.584,0.645,0.687,0.686,0.472,0.601,0.615,0.651
Angola,Africa,AGO,Subnat,AGOr218," Bengo",2023,0.886,0.566,0.638,0.803,0.779,0.39,0.545,0.577,0.612
Angola,Africa,AGO,Subnat,AGOr209," Benguela",2023,0.89,0.529,0.595,0.575,0.596,0.44,0.569,0.585,0.621
Angola,Africa,AGO,Subnat,AGOr211," Bie",2023,0.878,0.492,0.561,0.686,0.686,0.341,0.474,0.51,0.543
Angola,Africa,AGO,Subnat,AGOr201," Cabinda",2023,0.939,0.686,0.73,0.769,0.752,0.615,0.719,0.682,0.72
Angola,Africa,AGO,Subnat,AGOr216," Cunene",2023,0.96,0.534,0.556,0.703,0.699,0.414,0.442,0.523,0.557
Angola,Africa,AGO,Subnat,AGOr210," Huambo",2023,0.9,0.534,0.593,0.656,0.662,0.413,0.53,0.562,0.596
Angola,Africa,AGO,Subnat,AGOr215," Huila",2023,0.902,0.517,0.573,0.618,0.63,0.409,0.513,0.548,0.582
Angola,Africa,AGO,Subnat,AGOr213," Kuando Kubango",2023,0.848,0.49,0.578,0.702,0.699,0.312,0.484,0.538,0.572
Angola,Africa,AGO,Subnat,AGOr205," Kuanza Norte",2023,0.855,0.524,0.613,0.67,0.673,0.384,0.577,0.56,0.594
Angola,Africa,AGO,Subnat,AGOr206," Kuanza Sul",2023,0.826,0.429,0.52,0.59,0.608,0.258,0.417,0.52,0.553
Angola,Africa,AGO,Subnat,AGOr204," Luanda",2023,0.939,0.708,0.754,0.757,0.743,0.623,0.728,0.752,0.792
Angola,Africa,AGO,Subnat,AGOr208," Lunda Norte",2023,0.826,0.495,0.6,0.727,0.719,0.305,0.517,0.548,0.582
Angola,Africa,AGO,Subnat,AGOr217," Lunda Sul",2023,0.863,0.564,0.653,0.763,0.748,0.41,0.615,0.571,0.606
Angola,Africa,AGO,Subnat,AGOr207," Malange",2023,0.858,0.546,0.636,0.737,0.727,0.38,0.577,0.579,0.614
Angola,Africa,AGO,Subnat,AGOr212," Moxico",2023,0.884,0.5,0.565,0.687,0.686,0.344,0.469,0.527,0.56
Angola,Africa,AGO,Subnat,AGOr214," Namibe",2023,0.935,0.592,0.633,0.664,0.667,0.519,0.596,0.603,0.638
Angola,Africa,AGO,Subnat,AGOr203," Uige",2023,0.854,0.523,0.612,0.701,0.698,0.389,0.59,0.523,0.556
Angola,Africa,AGO,Subnat,AGOr202," Zaire",2023,0.894,0.606,0.678,0.743,0.732,0.49,0.658,0.611,0.647
"Antigua and Barbuda",America,ATG,National,ATGt,Total,2023,1.031,0.862,0.836,0.889,0.878,0.872,0.767,0.826,0.869
"Argentina urban",America,ARG,National,ARGt,Total,2023,0.988,0.853,0.863,0.883,0.882,0.882,0.835,0.796,0.873
"Argentina urban",America,ARG,Subnat,ARGr104,Cuyo,2023,0.993,0.853,0.859,0.883,0.882,0.878,0.819,0.801,0.878
"Argentina urban",America,ARG,Subnat,ARGr101,"Gran Buenos Aires",2023,0.987,0.853,0.864,0.883,0.882,0.886,0.84,0.795,0.871
"Argentina urban",America,ARG,Subnat,ARGr103,NEA,2023,0.99,0.841,0.85,0.883,0.882,0.854,0.803,0.789,0.866
"Argentina urban",America,ARG,Subnat,ARGr102,NOA,2023,0.987,0.855,0.867,0.883,0.882,0.888,0.845,0.798,0.875
"Argentina urban",America,ARG,Subnat,ARGr105,Pampeana,2023,0.989,0.854,0.863,0.883,0.882,0.884,0.834,0.798,0.875
"Argentina urban",America,ARG,Subnat,ARGr106,Patagonia,2023,0.989,0.852,0.861,0.883,0.882,0.868,0.82,0.806,0.884
Armenia,Asia/Pacific,ARM,National,ARMt,Total,2023,1.006,0.812,0.807,0.876,0.829,0.792,0.764,0.772,0.831
Armenia,Asia/Pacific,ARM,Subnat,ARMr101,Aragatsotn,2023,0.986,0.789,0.801,0.876,0.829,0.743,0.761,0.755,0.814
Armenia,Asia/Pacific,ARM,Subnat,ARMr102,Ararat,2023,0.996,0.785,0.788,0.876,0.829,0.723,0.718,0.764,0.823
Armenia,Asia/Pacific,ARM,Subnat,ARMr103,Armavir,2023,1.011,0.781,0.773,0.876,0.829,0.73,0.694,0.745,0.803
Armenia,Asia/Pacific,ARM,Subnat,ARMr104,Gegharkunik,2023,0.993,0.77,0.775,0.876,0.829,0.705,0.705,0.739,0.797
Armenia,Asia/Pacific,ARM,Subnat,ARMr106,Kotayk,2023,1.013,0.82,0.809,0.876,0.829,0.8,0.757,0.786,0.845
Armenia,Asia/Pacific,ARM,Subnat,ARMr105,Lori,2023,1.019,0.795,0.781,0.876,0.829,0.766,0.711,0.749,0.807
Armenia,Asia/Pacific,ARM,Subnat,ARMr107,Shirak,2023,1.004,0.807,0.804,0.876,0.829,0.781,0.757,0.769,0.827
Armenia,Asia/Pacific,ARM,Subnat,ARMr108,Syunik,2023,1.011,0.806,0.797,0.876,0.829,0.775,0.737,0.77,0.829
Armenia,Asia/Pacific,ARM,Subnat,ARMr110,Tavush,2023,1.006,0.798,0.794,0.876,0.829,0.758,0.731,0.766,0.825
Armenia,Asia/Pacific,ARM,Subnat,ARMr109,"Vayots Dzor",2023,0.999,0.803,0.804,0.876,0.829,0.768,0.757,0.769,0.828
Armenia,Asia/Pacific,ARM,Subnat,ARMr111,Yerevan,2023,1.007,0.849,0.843,0.876,0.829,0.877,0.846,0.795,0.854
Australia,Asia/Pacific,AUS,National,AUSt,Total,2023,,,,,,0.932,0.926,0.934,0.985
Australia,Asia/Pacific,AUS,Subnat,AUSr108,"Australian Capital Territory",2023,,,,,,0.966,0.965,0.971,1
Australia,Asia/Pacific,AUS,Subnat,AUSr101,"New South Wales",2023,,,,,,0.934,0.93,0.931,0.982
Australia,Asia/Pacific,AUS,Subnat,AUSr107,"Northern Territory",2023,,,,,,0.933,0.917,0.97,1
Australia,Asia/Pacific,AUS,Subnat,AUSr103,Queensland,2023,,,,,,0.925,0.919,0.915,0.965
Australia,Asia/Pacific,AUS,Subnat,AUSr104,"South Australia",2023,,,,,,0.923,0.919,0.905,0.956
Australia,Asia/Pacific,AUS,Subnat,AUSr106,Tasmania,2023,,,,,,0.913,0.907,0.901,0.951
Australia,Asia/Pacific,AUS,Subnat,AUSr102,Victoria,2023,,,,,,0.936,0.928,0.915,0.965
Australia,Asia/Pacific,AUS,Subnat,AUSr105,"Western Australia",2023,,,,,,0.931,0.925,1,1
Austria,Europe,AUT,National,AUTt,Total,2023,0.985,0.921,0.936,0.951,0.955,0.871,0.859,0.944,1
Austria,Europe,AUT,Subnat,AUTr101,Burgenland,2023,0.975,0.882,0.904,0.949,0.957,0.81,0.817,0.892,0.946
Austria,Europe,AUT,Subnat,AUTr104,Karnten,2023,0.989,0.91,0.92,0.955,0.95,0.852,0.835,0.926,0.981
Austria,Europe,AUT,Subnat,AUTr102,Niederosterreich,2023,0.977,0.886,0.906,0.948,0.952,0.797,0.802,0.92,0.975
Austria,Europe,AUT,Subnat,AUTr106,Oberosterreich,2023,0.976,0.908,0.93,0.958,0.96,0.823,0.838,0.948,1
Austria,Europe,AUT,Subnat,AUTr107,Salzburg,2023,0.996,0.941,0.945,0.958,0.975,0.896,0.865,0.971,1
Austria,Europe,AUT,Subnat,AUTr105,Steiermark,2023,0.983,0.917,0.933,0.957,0.954,0.868,0.866,0.929,0.985
Austria,Europe,AUT,Subnat,AUTr108,Tirol,2023,0.989,0.934,0.945,0.966,0.974,0.888,0.867,0.95,1
Austria,Europe,AUT,Subnat,AUTr109,Vorarlberg,2023,0.987,0.91,0.921,0.968,0.966,0.802,0.81,0.97,1
Austria,Europe,AUT,Subnat,AUTr103,Wien,2023,0.986,0.94,0.954,0.932,0.938,0.923,0.924,0.965,1
Azerbaijan,Europe,AZE,National,AZEt,Total,2023,0.983,0.781,0.795,0.841,0.832,0.725,0.73,0.782,0.827
Azerbaijan,Europe,AZE,Subnat,AZEr102,Absheron,2023,0.982,0.798,0.813,0.854,0.843,0.74,0.75,0.805,0.851
Azerbaijan,Europe,AZE,Subnat,AZEr107,Aran,2023,0.97,0.752,0.776,0.839,0.831,0.67,0.702,0.757,0.801
Azerbaijan,Europe,AZE,Subnat,AZEr101,Baku,2023,0.991,0.817,0.825,0.864,0.851,0.774,0.765,0.817,0.863
Azerbaijan,Europe,AZE,Subnat,AZEr109,"Dakhlik Shirvan",2023,0.973,0.75,0.77,0.841,0.832,0.663,0.687,0.755,0.8
Azerbaijan,Europe,AZE,Subnat,AZEr103,"Ganja Gazakh",2023,0.995,0.78,0.784,0.829,0.822,0.753,0.728,0.76,0.804
Azerbaijan,Europe,AZE,Subnat,AZEr106,"Guba Khachmaz",2023,0.976,0.75,0.768,0.799,0.798,0.679,0.693,0.776,0.821
Azerbaijan,Europe,AZE,Subnat,AZEr105,Lankaran,2023,0.95,0.736,0.775,0.827,0.821,0.641,0.713,0.751,0.795
Azerbaijan,Europe,AZE,Subnat,AZEr110,Nakhchivan,2023,0.984,0.772,0.785,0.842,0.833,0.714,0.717,0.765,0.81
Azerbaijan,Europe,AZE,Subnat,AZEr104,"Shaki Zaqatala",2023,0.992,0.779,0.785,0.838,0.829,0.735,0.718,0.768,0.813
Azerbaijan,Europe,AZE,Subnat,AZEr108,"Yukhari Karabakh",2023,0.989,0.743,0.752,0.823,0.817,0.673,0.662,0.741,0.784
"Bahamas, The",America,BHS,National,BHSt,Total,2023,1.015,0.826,0.814,0.857,0.822,0.768,0.748,0.856,0.877
Bahrain,Asia/Pacific,BHR,National,BHRt,Total,2023,0.957,0.87,0.909,0.915,0.972,0.866,0.781,0.831,0.99
Bangladesh,Asia/Pacific,BGD,National,BGDt,Total,2023,0.918,0.65,0.708,0.829,0.854,0.552,0.575,0.599,0.721
Bangladesh,Asia/Pacific,BGD,Subnat,BGDr214," Bagerhat, Khulna, Satkhira",2023,0.913,0.68,0.744,0.861,0.881,0.609,0.65,0.599,0.72
Bangladesh,Asia/Pacific,BGD,Subnat,BGDr204," Bandarban, Cox s Bazar",2023,0.933,0.586,0.628,0.842,0.865,0.437,0.431,0.546,0.663
Bangladesh,Asia/Pacific,BGD,Subnat,BGDr202," Barguna, Bhola, Patuakhali",2023,0.911,0.64,0.703,0.805,0.835,0.57,0.601,0.571,0.691
Bangladesh,Asia/Pacific,BGD,Subnat,BGDr201," Barisal, Jhalokati, Pirojpur",2023,0.936,0.672,0.718,0.833,0.858,0.622,0.611,0.587,0.708
Bangladesh,Asia/Pacific,BGD,Subnat,BGDr219," Bogra, Gaibandha, Jaypurhat",2023,0.912,0.637,0.699,0.824,0.85,0.539,0.571,0.583,0.703
Bangladesh,Asia/Pacific,BGD,Subnat,BGDr207," Brahmanbaria, Chandpur, Comilla",2023,0.953,0.649,0.681,0.843,0.866,0.531,0.498,0.61,0.733
Bangladesh,Asia/Pacific,BGD,Subnat,BGDr203," Chittagong",2023,0.914,0.659,0.721,0.836,0.86,0.55,0.583,0.623,0.747
Bangladesh,Asia/Pacific,BGD,Subnat,BGDr216," Chuadanga, Jhenaidah, Kushtia, Meherpur",2023,0.916,0.659,0.719,0.828,0.853,0.569,0.597,0.607,0.73
Bangladesh,Asia/Pacific,BGD,Subnat,BGDr208," Dhaka",2023,0.923,0.705,0.764,0.85,0.872,0.609,0.635,0.677,0.807
Bangladesh,Asia/Pacific,BGD,Subnat,BGDr220," Dinajpur, Nilphamari, Panchagarh, Thakurgaon",2023,0.895,0.627,0.701,0.821,0.848,0.53,0.591,0.567,0.686
Bangladesh,Asia/Pacific,BGD,Subnat,BGDr212," Faridpur, Manikganj, Rajbari",2023,0.903,0.64,0.708,0.79,0.822,0.55,0.596,0.603,0.725
Bangladesh,Asia/Pacific,BGD,Subnat,BGDr206," Feni, Lakshmipur, Noakhali",2023,0.961,0.641,0.667,0.828,0.854,0.545,0.494,0.583,0.703
Bangladesh,Asia/Pacific,BGD,Subnat,BGDr209," Gazipur, Narayanganj, Narsingdi",2023,0.912,0.663,0.727,0.825,0.852,0.555,0.593,0.636,0.762
Bangladesh,Asia/Pacific,BGD,Subnat,BGDr213," Gopalganj, Madaripur, Munshiganj, Shariatpur",2023,0.911,0.648,0.711,0.859,0.879,0.523,0.562,0.606,0.729
Bangladesh,Asia/Pacific,BGD,Subnat,BGDr223," Habiganj, Sunamganj",2023,0.935,0.616,0.658,0.792,0.824,0.521,0.506,0.565,0.684
Bangladesh,Asia/Pacific,BGD,Subnat,BGDr210," Jamalpur, Sherpur, Tangail",2023,0.905,0.638,0.705,0.839,0.862,0.53,0.577,0.584,0.704
Bangladesh,Asia/Pacific,BGD,Subnat,BGDr215," Jessore, Magura, Narail",2023,0.913,0.665,0.729,0.853,0.874,0.576,0.613,0.6,0.722
Bangladesh,Asia/Pacific,BGD,Subnat,BGDr205," Khagrachhari, Rangamati (Chattagram)",2023,0.924,0.599,0.648,0.824,0.85,0.476,0.482,0.547,0.664
Bangladesh,Asia/Pacific,BGD,Subnat,BGDr211," Kishoreganj, Mymensingh, Netrakona",2023,0.927,0.63,0.679,0.809,0.838,0.54,0.541,0.571,0.69
Bangladesh,Asia/Pacific,BGD,Subnat,BGDr221," Kurigram, Lalmonirhat, Rangpur",2023,0.898,0.631,0.703,0.822,0.849,0.543,0.601,0.562,0.68
Bangladesh,Asia/Pacific,BGD,Subnat,BGDr222," Maulvibazar, Sylhet",2023,0.937,0.623,0.665,0.764,0.801,0.534,0.515,0.593,0.714
Bangladesh,Asia/Pacific,BGD,Subnat,BGDr217," Naogaon, Nawabganj, Rajshahi",2023,0.89,0.654,0.735,0.863,0.882,0.546,0.628,0.594,0.716
Bangladesh,Asia/Pacific,BGD,Subnat,BGDr218," Natore, Pabna, Sirajganj",2023,0.911,0.658,0.722,0.842,0.865,0.566,0.605,0.598,0.72
Barbados,America,BRB,National,BRBt,Total,2023,1.035,0.819,0.791,0.863,0.864,0.847,0.715,0.753,0.803
Barbados,America,BRB,Subnat,BRBr102,"Christ Church and St. Philip",2023,1.035,0.827,0.799,0.863,0.864,0.862,0.728,0.76,0.81
Barbados,America,BRB,Subnat,BRBr101,"St Michael",2023,1.039,0.815,0.784,0.863,0.864,0.841,0.702,0.745,0.795
Barbados,America,BRB,Subnat,BRBr103,"St. James, St. George, and St. Thomas",2023,1.027,0.828,0.807,0.863,0.864,0.866,0.75,0.76,0.81
Barbados,America,BRB,Subnat,BRBr104,"St. Lucy, St. Peter, St. Andrew, St. Joseph, and St. John",2023,1.031,0.809,0.785,0.863,0.864,0.822,0.703,0.747,0.797
Belarus,Europe,BLR,National,BLRt,Total,2023,1.009,0.826,0.82,0.87,0.801,0.795,0.789,0.816,0.871
Belarus,Europe,BLR,Subnat,BLRr101,"Brest region",2023,0.997,0.813,0.815,0.87,0.801,0.769,0.79,0.803,0.857
Belarus,Europe,BLR,Subnat,BLRr103,"Gomel region",2023,0.999,0.821,0.822,0.87,0.801,0.78,0.796,0.815,0.87
Belarus,Europe,BLR,Subnat,BLRr104,"Grodno region",2023,1.016,0.827,0.814,0.87,0.801,0.787,0.765,0.826,0.881
Belarus,Europe,BLR,Subnat,BLRr105,"Minsk region",2023,1.01,0.837,0.829,0.87,0.801,0.817,0.808,0.826,0.881
Belarus,Europe,BLR,Subnat,BLRr106,"Mogilev region",2023,1.012,0.816,0.806,0.87,0.801,0.775,0.761,0.806,0.86
Belarus,Europe,BLR,Subnat,BLRr102,"Vitebsk region",2023,1.009,0.82,0.813,0.87,0.801,0.784,0.778,0.808,0.862
Belgium,Europe,BEL,National,BELt,Total,2023,0.979,0.94,0.96,0.951,0.959,0.923,0.921,0.945,1
Belgium,Europe,BEL,Subnat,BELr101,"Bruxelles - Brussel",2023,0.997,0.959,0.962,0.951,0.951,0.926,0.936,1,1
Belgium,Europe,BEL,Subnat,BELr102,"Prov. Antwerpen",2023,0.985,0.954,0.968,0.962,0.979,0.93,0.927,0.971,1
Belgium,Europe,BEL,Subnat,BELr107,"Prov. Brabant Wallon",2023,1.006,0.956,0.951,0.964,0.976,0.925,0.881,0.982,1
Belgium,Europe,BEL,Subnat,BELr108,"Prov. Hainaut",2023,0.993,0.896,0.902,0.919,0.909,0.898,0.872,0.871,0.925
Belgium,Europe,BEL,Subnat,BELr109,"Prov. Liege",2023,0.994,0.91,0.915,0.922,0.932,0.915,0.867,0.893,0.948
Belgium,Europe,BEL,Subnat,BELr103,"Prov. Limburg",2023,0.976,0.932,0.955,0.961,0.98,0.923,0.917,0.913,0.969
Belgium,Europe,BEL,Subnat,BELr110,"Prov. Luxembourg",2023,0.993,0.905,0.911,0.931,0.931,0.918,0.882,0.867,0.921
Belgium,Europe,BEL,Subnat,BELr111,"Prov. Namur",2023,0.985,0.911,0.925,0.933,0.932,0.919,0.906,0.881,0.936
Belgium,Europe,BEL,Subnat,BELr104,"Prov. Oost-Vlaanderen",2023,0.977,0.943,0.966,0.962,0.974,0.933,0.933,0.935,0.991
Belgium,Europe,BEL,Subnat,BELr105,"Prov. Vlaams-Brabant",2023,1.007,0.956,0.95,0.971,0.983,0.934,0.872,0.964,1
Belgium,Europe,BEL,Subnat,BELr106,"Prov. West-Vlaanderen",2023,0.987,0.939,0.951,0.965,0.973,0.912,0.887,0.94,0.996
Belize,America,BLZ,National,BLZt,Total,2023,0.981,0.713,0.727,0.831,0.822,0.634,0.616,0.687,0.759
Belize,America,BLZ,Subnat,BLZr102,Belize,2023,0.984,0.746,0.758,0.792,0.79,0.733,0.699,0.714,0.787
Belize,America,BLZ,Subnat,BLZr103,Cayo,2023,0.966,0.635,0.657,0.811,0.806,0.531,0.534,0.593,0.66
Belize,America,BLZ,Subnat,BLZr101,"Corozal, Orange Walk",2023,0.965,0.679,0.703,0.843,0.832,0.548,0.558,0.678,0.749
Belize,America,BLZ,Subnat,BLZr104,"Stann Creek, Toledo",2023,0.987,0.725,0.735,0.856,0.843,0.641,0.614,0.694,0.766
Benin,Africa,BEN,National,BENt,Total,2023,0.866,0.479,0.553,0.611,0.644,0.339,0.462,0.53,0.567
Benin,Africa,BEN,Subnat,BENr101,"Atacora (incl Donga)",2023,0.871,0.436,0.501,0.618,0.649,0.259,0.347,0.52,0.557
Benin,Africa,BEN,Subnat,BENr102,"Atlantique (incl Littoral (Cotonou))",2023,0.876,0.535,0.611,0.601,0.635,0.441,0.58,0.579,0.618
Benin,Africa,BEN,Subnat,BENr103,"Borgou (incl Alibori)",2023,0.874,0.424,0.486,0.631,0.66,0.236,0.316,0.512,0.55
Benin,Africa,BEN,Subnat,BENr104,"Mono (incl Couffo)",2023,0.839,0.458,0.546,0.577,0.616,0.34,0.501,0.49,0.526
Benin,Africa,BEN,Subnat,BENr105,"Queme (incl Plateau)",2023,0.88,0.5,0.568,0.626,0.656,0.38,0.496,0.526,0.564
Benin,Africa,BEN,Subnat,BENr106,"Zou (incl Collines)",2023,0.837,0.472,0.564,0.606,0.64,0.332,0.5,0.522,0.56
Bhutan,Asia/Pacific,BTN,National,BTNt,Total,2023,0.958,0.681,0.711,0.807,0.828,0.554,0.562,0.707,0.772
Bhutan,Asia/Pacific,BTN,Subnat,BTNr101,Bumthang,2023,0.977,0.696,0.712,0.793,0.816,0.585,0.558,0.726,0.792
Bhutan,Asia/Pacific,BTN,Subnat,BTNr102,Chukha,2023,0.947,0.715,0.755,0.757,0.787,0.655,0.681,0.737,0.803
Bhutan,Asia/Pacific,BTN,Subnat,BTNr103,Dagana,2023,0.931,0.615,0.66,0.839,0.854,0.445,0.494,0.622,0.683
Bhutan,Asia/Pacific,BTN,Subnat,BTNr104,Gasa,2023,0.941,0.556,0.591,0.696,0.737,0.398,0.411,0.619,0.68
Bhutan,Asia/Pacific,BTN,Subnat,BTNr105,Haa,2023,0.993,0.738,0.743,0.909,0.911,0.592,0.555,0.747,0.813
Bhutan,Asia/Pacific,BTN,Subnat,BTNr106,Lhuntse,2023,0.943,0.611,0.648,0.894,0.899,0.398,0.43,0.643,0.705
Bhutan,Asia/Pacific,BTN,Subnat,BTNr107,Mongar,2023,0.959,0.623,0.649,0.773,0.8,0.467,0.467,0.669,0.733
Bhutan,Asia/Pacific,BTN,Subnat,BTNr108,Paro,2023,0.994,0.765,0.77,0.909,0.911,0.635,0.594,0.775,0.843
Bhutan,Asia/Pacific,BTN,Subnat,BTNr109,Pemagatshel,2023,0.938,0.617,0.657,0.775,0.801,0.469,0.501,0.645,0.707
Bhutan,Asia/Pacific,BTN,Subnat,BTNr110,Punakha,2023,1.01,0.7,0.693,0.813,0.833,0.581,0.505,0.726,0.792
Bhutan,Asia/Pacific,BTN,Subnat,BTNr111,"Samdrup jongkhar",2023,0.923,0.621,0.672,0.741,0.774,0.473,0.527,0.682,0.746
Bhutan,Asia/Pacific,BTN,Subnat,BTNr112,Samtse,2023,0.939,0.634,0.675,0.774,0.801,0.481,0.513,0.684,0.748
Bhutan,Asia/Pacific,BTN,Subnat,BTNr113,Sarpang,2023,0.933,0.698,0.749,0.851,0.863,0.554,0.616,0.723,0.789
Bhutan,Asia/Pacific,BTN,Subnat,BTNr114,Thimphu,2023,0.988,0.868,0.879,0.914,0.915,0.871,0.832,0.823,0.894
Bhutan,Asia/Pacific,BTN,Subnat,BTNr115,Trashigang,2023,0.964,0.596,0.619,0.748,0.78,0.433,0.424,0.655,0.718
Bhutan,Asia/Pacific,BTN,Subnat,BTNr116,Trashiyangtse,2023,0.926,0.593,0.641,0.801,0.823,0.388,0.435,0.672,0.736
Bhutan,Asia/Pacific,BTN,Subnat,BTNr117,Trongsa,2023,0.999,0.655,0.655,0.787,0.812,0.543,0.482,0.657,0.719
Bhutan,Asia/Pacific,BTN,Subnat,BTNr118,Tsirang,2023,0.925,0.637,0.688,0.835,0.85,0.476,0.538,0.65,0.712
Bhutan,Asia/Pacific,BTN,Subnat,BTNr119,Wangdi,2023,0.998,0.639,0.64,0.82,0.838,0.465,0.418,0.685,0.749
Bhutan,Asia/Pacific,BTN,Subnat,BTNr120,Zhemgang,2023,0.942,0.615,0.653,0.817,0.836,0.452,0.482,0.629,0.69
Bolivia,America,BOL,National,BOLt,Total,2023,0.961,0.718,0.748,0.748,0.748,0.748,0.789,0.662,0.708
Bolivia,America,BOL,Subnat,BOLr108,Beni,2023,0.982,0.732,0.745,0.791,0.783,0.79,0.786,0.628,0.673
Bolivia,America,BOL,Subnat,BOLr101,Chuquisaca,2023,0.964,0.691,0.717,0.793,0.784,0.674,0.709,0.617,0.662
Bolivia,America,BOL,Subnat,BOLr103,Cochabamba,2023,0.96,0.708,0.738,0.73,0.733,0.727,0.766,0.67,0.716
Bolivia,America,BOL,Subnat,BOLr102,"La Paz",2023,0.948,0.715,0.754,0.738,0.74,0.76,0.833,0.651,0.697
Bolivia,America,BOL,Subnat,BOLr104,Oruro,2023,0.95,0.723,0.761,0.763,0.76,0.757,0.829,0.654,0.7
Bolivia,America,BOL,Subnat,BOLr109,Pando,2023,0.975,0.748,0.767,0.779,0.773,0.813,0.827,0.661,0.707
Bolivia,America,BOL,Subnat,BOLr105,Potosi,2023,0.928,0.624,0.672,0.656,0.673,0.617,0.701,0.6,0.644
Bolivia,America,BOL,Subnat,BOLr107,"Santa Cruz",2023,0.991,0.787,0.794,0.815,0.802,0.832,0.814,0.718,0.767
Bolivia,America,BOL,Subnat,BOLr106,Tarija,2023,0.994,0.752,0.756,0.81,0.798,0.757,0.732,0.693,0.74
"Bosnia and Herzegovina",Europe,BIH,National,BIHt,Total,2023,0.967,0.789,0.816,0.899,0.876,0.725,0.74,0.753,0.838
"Bosnia and Herzegovina",Europe,BIH,Subnat,BIHr103,"Central Bosnia",2023,0.962,0.789,0.82,0.899,0.876,0.722,0.747,0.757,0.843
"Bosnia and Herzegovina",Europe,BIH,Subnat,BIHr102,"Northern Bosnia",2023,0.968,0.783,0.809,0.899,0.876,0.723,0.735,0.738,0.823
"Bosnia and Herzegovina",Europe,BIH,Subnat,BIHr105,"Republica Srpska",2023,0.967,0.786,0.813,0.899,0.876,0.724,0.738,0.746,0.831
"Bosnia and Herzegovina",Europe,BIH,Subnat,BIHr101,"Western Bosnia",2023,0.973,0.784,0.806,0.899,0.876,0.695,0.697,0.773,0.859
"Bosnia and Herzegovina",Europe,BIH,Subnat,BIHr104,"Western herzegovina",2023,0.98,0.816,0.832,0.899,0.876,0.789,0.772,0.766,0.852
Botswana,Africa,BWA,National,BWAt,Total,2023,0.997,0.73,0.732,0.757,0.757,0.675,0.659,0.762,0.788
Botswana,Africa,BWA,Subnat,BWAr101,Central,2023,1.004,0.709,0.706,0.753,0.754,0.638,0.609,0.742,0.767
Botswana,Africa,BWA,Subnat,BWAr110,Chobe,2023,0.982,0.701,0.714,0.722,0.728,0.639,0.648,0.747,0.772
Botswana,Africa,BWA,Subnat,BWAr102,Ghanzi,2023,0.951,0.665,0.699,0.75,0.751,0.538,0.604,0.729,0.754
Botswana,Africa,BWA,Subnat,BWAr103,Kgalagadi,2023,1.008,0.701,0.696,0.746,0.748,0.628,0.592,0.736,0.762
Botswana,Africa,BWA,Subnat,BWAr104,Kgatleng,2023,0.996,0.743,0.746,0.776,0.772,0.683,0.673,0.774,0.801
Botswana,Africa,BWA,Subnat,BWAr105,Kweneng,2023,0.995,0.713,0.717,0.773,0.769,0.628,0.619,0.747,0.773
Botswana,Africa,BWA,Subnat,BWAr106,North-East,2023,0.991,0.746,0.753,0.764,0.763,0.688,0.685,0.79,0.816
Botswana,Africa,BWA,Subnat,BWAr107,"North-West, Ngamiland",2023,0.976,0.688,0.705,0.734,0.738,0.623,0.644,0.711,0.736
Botswana,Africa,BWA,Subnat,BWAr108,South-East,2023,0.986,0.807,0.819,0.758,0.758,0.824,0.834,0.84,0.868
Botswana,Africa,BWA,Subnat,BWAr109,Southern,2023,1.022,0.721,0.706,0.757,0.756,0.664,0.602,0.746,0.772
Brazil,America,BRA,National,BRAt,Total,2023,1.002,0.785,0.783,0.869,0.85,0.746,0.692,0.745,0.817
Brazil,America,BRA,Subnat,BRAr102,Acre,2023,1.005,0.74,0.736,0.853,0.837,0.707,0.644,0.673,0.741
Brazil,America,BRA,Subnat,BRAr114,Alagoas,2023,1.011,0.745,0.737,0.839,0.825,0.689,0.617,0.715,0.785
Brazil,America,BRA,Subnat,BRAr106,Amapa,2023,1.007,0.774,0.769,0.871,0.852,0.764,0.696,0.697,0.766
Brazil,America,BRA,Subnat,BRAr103,Amazonas,2023,0.995,0.759,0.762,0.869,0.85,0.729,0.687,0.689,0.758
Brazil,America,BRA,Subnat,BRAr116,Bahia,2023,1.004,0.759,0.756,0.853,0.837,0.714,0.656,0.718,0.788
Brazil,America,BRA,Subnat,BRAr110,Ceara,2023,1.008,0.758,0.752,0.866,0.848,0.699,0.636,0.72,0.79
Brazil,America,BRA,Subnat,BRAr127,"Distrito Federal",2023,1.005,0.848,0.844,0.907,0.881,0.868,0.804,0.776,0.849
Brazil,America,BRA,Subnat,BRAr118,"Espirito Santo",2023,1.003,0.788,0.786,0.866,0.848,0.746,0.69,0.756,0.828
Brazil,America,BRA,Subnat,BRAr126,Goias,2023,1.008,0.794,0.788,0.878,0.857,0.754,0.689,0.756,0.828
Brazil,America,BRA,Subnat,BRAr108,Maranhao,2023,1.007,0.73,0.725,0.839,0.826,0.686,0.621,0.676,0.743
Brazil,America,BRA,Subnat,BRAr125,"Mato Grosso",2023,1.014,0.786,0.775,0.878,0.857,0.748,0.669,0.741,0.812
Brazil,America,BRA,Subnat,BRAr124,"Mato Grosso do Sul",2023,1.002,0.787,0.786,0.871,0.851,0.748,0.694,0.749,0.821
Brazil,America,BRA,Subnat,BRAr117,"Minas Gerais",2023,1.007,0.787,0.781,0.876,0.856,0.736,0.673,0.755,0.827
Brazil,America,BRA,Subnat,BRAr105,Para,2023,1.001,0.742,0.742,0.855,0.839,0.71,0.656,0.674,0.741
Brazil,America,BRA,Subnat,BRAr112,Paraiba,2023,1.017,0.764,0.751,0.855,0.839,0.718,0.633,0.727,0.798
Brazil,America,BRA,Subnat,BRAr121,Parana,2023,0.998,0.793,0.794,0.873,0.854,0.749,0.704,0.761,0.833
Brazil,America,BRA,Subnat,BRAr113,Pernambuco,2023,1.004,0.761,0.758,0.852,0.836,0.711,0.653,0.727,0.797
Brazil,America,BRA,Subnat,BRAr109,Piaui,2023,1.016,0.743,0.732,0.819,0.81,0.719,0.631,0.698,0.767
Brazil,America,BRA,Subnat,BRAr119,"Rio de Janeiro",2023,0.995,0.811,0.815,0.895,0.871,0.788,0.75,0.758,0.829
Brazil,America,BRA,Subnat,BRAr111,"Rio Grande do Norte",2023,1.005,0.775,0.771,0.856,0.839,0.734,0.672,0.742,0.813
Brazil,America,BRA,Subnat,BRAr123,"Rio Grande do Sul",2023,1.003,0.8,0.797,0.883,0.862,0.763,0.707,0.76,0.832
Brazil,America,BRA,Subnat,BRAr101,Rondonia,2023,1.005,0.759,0.755,0.875,0.855,0.709,0.65,0.703,0.773
Brazil,America,BRA,Subnat,BRAr104,Roraima,2023,1.009,0.788,0.781,0.905,0.879,0.757,0.69,0.713,0.783
Brazil,America,BRA,Subnat,BRAr122,"Santa Catarina",2023,0.998,0.798,0.799,0.883,0.862,0.753,0.708,0.764,0.837
Brazil,America,BRA,Subnat,BRAr120,"Sao Paulo",2023,0.996,0.808,0.812,0.889,0.866,0.77,0.731,0.772,0.844
Brazil,America,BRA,Subnat,BRAr115,Sergipe,2023,1.005,0.771,0.767,0.858,0.841,0.727,0.666,0.735,0.806
Brazil,America,BRA,Subnat,BRAr107,Tocantins,2023,1.017,0.779,0.766,0.877,0.857,0.746,0.661,0.722,0.792
"Brunei Darussalam",Asia/Pacific,BRN,National,BRNt,Total,2023,0.993,0.829,0.835,0.847,0.859,0.703,0.678,0.957,1
Bulgaria,Europe,BGR,National,BGRt,Total,2023,1,0.844,0.844,0.873,0.841,0.822,0.794,0.839,0.901
Bulgaria,Europe,BGR,Subnat,BGRr102,"Severen tsentralen",2023,0.998,0.812,0.813,0.857,0.824,0.804,0.781,0.775,0.835
Bulgaria,Europe,BGR,Subnat,BGRr103,Severoiztochen,2023,0.999,0.82,0.822,0.87,0.84,0.795,0.769,0.798,0.859
Bulgaria,Europe,BGR,Subnat,BGRr101,Severozapaden,2023,0.996,0.785,0.788,0.848,0.81,0.744,0.731,0.767,0.826
Bulgaria,Europe,BGR,Subnat,BGRr104,Yugoiztochen,2023,0.995,0.807,0.811,0.867,0.831,0.738,0.727,0.822,0.883
Bulgaria,Europe,BGR,Subnat,BGRr105,Yugozapaden,2023,1,0.904,0.903,0.884,0.859,0.915,0.879,0.912,0.976
Bulgaria,Europe,BGR,Subnat,BGRr106,"Yuzhen tsentralen",2023,1.004,0.818,0.814,0.881,0.846,0.795,0.759,0.781,0.84
"Burkina Faso",Africa,BFA,National,BFAt,Total,2023,0.881,0.428,0.486,0.626,0.637,0.297,0.346,0.422,0.521
"Burkina Faso",Africa,BFA,Subnat,BFAr101,"Boucle de Mouhoun",2023,0.911,0.401,0.44,0.635,0.644,0.262,0.273,0.387,0.483
"Burkina Faso",Africa,BFA,Subnat,BFAr102,Cascades,2023,0.867,0.429,0.495,0.583,0.602,0.3,0.363,0.452,0.554
"Burkina Faso",Africa,BFA,Subnat,BFAr103,"Centre (incl Ouagadougou)",2023,0.88,0.531,0.603,0.661,0.665,0.46,0.552,0.493,0.598
"Burkina Faso",Africa,BFA,Subnat,BFAr104,Centre-Est,2023,0.88,0.392,0.446,0.62,0.632,0.24,0.278,0.406,0.504
"Burkina Faso",Africa,BFA,Subnat,BFAr105,Centre-Nord,2023,0.896,0.385,0.43,0.619,0.631,0.236,0.257,0.391,0.487
"Burkina Faso",Africa,BFA,Subnat,BFAr106,Centre-Ouest,2023,0.887,0.427,0.482,0.653,0.659,0.3,0.343,0.398,0.495
"Burkina Faso",Africa,BFA,Subnat,BFAr107,Centre-Sud,2023,0.897,0.416,0.464,0.633,0.642,0.281,0.309,0.406,0.504
"Burkina Faso",Africa,BFA,Subnat,BFAr108,Est,2023,0.865,0.364,0.421,0.619,0.631,0.213,0.257,0.366,0.46
"Burkina Faso",Africa,BFA,Subnat,BFAr109,"Hauts Bassins",2023,0.877,0.453,0.516,0.614,0.627,0.336,0.397,0.45,0.552
"Burkina Faso",Africa,BFA,Subnat,BFAr110,Nord,2023,0.907,0.418,0.461,0.66,0.664,0.277,0.297,0.401,0.498
"Burkina Faso",Africa,BFA,Subnat,BFAr111,"Plateau Central",2023,0.9,0.417,0.464,0.643,0.651,0.279,0.304,0.406,0.504
"Burkina Faso",Africa,BFA,Subnat,BFAr112,Sahel,2023,0.902,0.29,0.322,0.553,0.578,0.122,0.126,0.364,0.459
"Burkina Faso",Africa,BFA,Subnat,BFAr113,Sud-Ouest,2023,0.832,0.331,0.398,0.525,0.555,0.186,0.243,0.372,0.467
Burundi,Africa,BDI,National,BDIt,Total,2023,0.932,0.424,0.456,0.665,0.678,0.375,0.409,0.307,0.341
Burundi,Africa,BDI,Subnat,BDIr103,"East (Cankuzo, Rutana, Ruyigi )",2023,0.923,0.405,0.439,0.692,0.7,0.326,0.367,0.296,0.329
Burundi,Africa,BDI,Subnat,BDIr105,"Middle (Gitega, Karuzi, Muramvya, Mwaro)",2023,0.948,0.431,0.454,0.68,0.691,0.388,0.404,0.302,0.336
Burundi,Africa,BDI,Subnat,BDIr101,"North (Kayanza, Kirundo, Muyinga, Ngozi)",2023,0.926,0.377,0.407,0.611,0.635,0.307,0.334,0.286,0.319
Burundi,Africa,BDI,Subnat,BDIr102,"South (Bururi, Makamba)",2023,0.943,0.457,0.485,0.715,0.719,0.419,0.448,0.319,0.353
Burundi,Africa,BDI,Subnat,BDIr104,"West (Bubanza, Buja Rural, Cibitoke, Mairie de Bujumbura)",2023,0.932,0.471,0.506,0.685,0.695,0.449,0.496,0.34,0.375
Cambodia,Asia/Pacific,KHM,National,KHMt,Total,2023,0.939,0.586,0.625,0.78,0.777,0.462,0.511,0.56,0.614
Cambodia,Asia/Pacific,KHM,Subnat,KHMr101,"Banteay Mean Chey",2023,0.959,0.628,0.654,0.784,0.781,0.549,0.57,0.574,0.629
Cambodia,Asia/Pacific,KHM,Subnat,KHMr113,"Bat Dambang-Krong Pailin",2023,0.96,0.589,0.613,0.759,0.76,0.482,0.496,0.558,0.613
Cambodia,Asia/Pacific,KHM,Subnat,KHMr102,"Kampong Cham (incl Tboung Khmum)",2023,0.942,0.536,0.569,0.768,0.768,0.366,0.399,0.546,0.6
Cambodia,Asia/Pacific,KHM,Subnat,KHMr103,"Kampong Chhnang",2023,0.95,0.606,0.638,0.739,0.743,0.571,0.601,0.529,0.582
Cambodia,Asia/Pacific,KHM,Subnat,KHMr104,"Kampong Spueu",2023,0.911,0.482,0.53,0.779,0.776,0.263,0.318,0.548,0.602
Cambodia,Asia/Pacific,KHM,Subnat,KHMr105,"Kampong Thum",2023,0.965,0.552,0.572,0.803,0.796,0.396,0.404,0.528,0.581
Cambodia,Asia/Pacific,KHM,Subnat,KHMr114,"Kampot-Krong Kaeb-Krong Preah Sihanouk",2023,0.936,0.561,0.599,0.757,0.759,0.422,0.468,0.552,0.606
Cambodia,Asia/Pacific,KHM,Subnat,KHMr106,Kandal,2023,0.934,0.585,0.626,0.797,0.792,0.415,0.47,0.604,0.661
Cambodia,Asia/Pacific,KHM,Subnat,KHMr107,"Kaoh Kong",2023,0.931,0.532,0.571,0.788,0.784,0.352,0.399,0.542,0.596
Cambodia,Asia/Pacific,KHM,Subnat,KHMr116,"Mondol Kiri-Rotanak Kiri",2023,0.913,0.513,0.562,0.726,0.733,0.385,0.454,0.484,0.535
Cambodia,Asia/Pacific,KHM,Subnat,KHMr108,"Phnom Penh",2023,0.944,0.68,0.721,0.815,0.806,0.626,0.69,0.618,0.675
Cambodia,Asia/Pacific,KHM,Subnat,KHMr110,Pousat,2023,0.91,0.508,0.558,0.782,0.779,0.317,0.383,0.529,0.582
Cambodia,Asia/Pacific,KHM,Subnat,KHMr115,"Preah Vihear-Stueng Traeng-Kracheh",2023,0.946,0.562,0.594,0.771,0.77,0.446,0.479,0.516,0.568
Cambodia,Asia/Pacific,KHM,Subnat,KHMr109,"Prey Veaeng",2023,0.924,0.585,0.633,0.764,0.764,0.468,0.541,0.56,0.615
Cambodia,Asia/Pacific,KHM,Subnat,KHMr117,"Siem Reab-Otdar Mean Chey",2023,0.947,0.595,0.628,0.795,0.79,0.487,0.524,0.545,0.599
Cambodia,Asia/Pacific,KHM,Subnat,KHMr111,"Svay Rieng",2023,0.918,0.582,0.634,0.744,0.747,0.487,0.571,0.544,0.597
Cambodia,Asia/Pacific,KHM,Subnat,KHMr112,Takaev,2023,0.92,0.609,0.662,0.793,0.788,0.509,0.6,0.559,0.614
Cameroon,Africa,CMR,National,CMRt,Total,2023,0.898,0.556,0.619,0.668,0.677,0.473,0.568,0.543,0.615
Cameroon,Africa,CMR,Subnat,CMRr101,Adamaoua,2023,0.816,0.449,0.551,0.655,0.667,0.28,0.443,0.494,0.564
Cameroon,Africa,CMR,Subnat,CMRr102,"Centre (incl Yaounde)",2023,0.933,0.642,0.688,0.707,0.708,0.629,0.684,0.597,0.673
Cameroon,Africa,CMR,Subnat,CMRr103,Est,2023,0.887,0.513,0.579,0.611,0.631,0.446,0.542,0.496,0.566
Cameroon,Africa,CMR,Subnat,CMRr104,"Extreme Nord",2023,0.8,0.415,0.519,0.646,0.659,0.248,0.412,0.447,0.515
Cameroon,Africa,CMR,Subnat,CMRr105,"Littoral (incl Douala)",2023,0.949,0.683,0.719,0.759,0.75,0.665,0.701,0.63,0.708
Cameroon,Africa,CMR,Subnat,CMRr106,Nord,2023,0.798,0.41,0.514,0.593,0.617,0.254,0.419,0.457,0.525
Cameroon,Africa,CMR,Subnat,CMRr107,"Nord Ouest",2023,0.951,0.547,0.575,0.737,0.732,0.426,0.438,0.523,0.594
Cameroon,Africa,CMR,Subnat,CMRr108,Ouest,2023,0.915,0.598,0.653,0.691,0.696,0.553,0.634,0.558,0.632
Cameroon,Africa,CMR,Subnat,CMRr109,Sud,2023,0.923,0.605,0.655,0.67,0.678,0.591,0.656,0.559,0.632
Cameroon,Africa,CMR,Subnat,CMRr110,"Sud Ouest",2023,0.949,0.657,0.692,0.718,0.717,0.607,0.634,0.65,0.729
Canada,America,CAN,National,CANt,Total,2023,0.991,0.934,0.943,0.959,0.968,0.922,0.886,0.923,0.977
Canada,America,CAN,Subnat,CANr109,Alberta,2023,0.999,0.949,0.95,0.955,0.958,0.935,0.894,0.956,1
Canada,America,CAN,Subnat,CANr110,"British Columbia",2023,0.995,0.948,0.952,0.972,0.97,0.945,0.907,0.927,0.981
Canada,America,CAN,Subnat,CANr107,Manitoba,2023,0.997,0.909,0.912,0.928,0.936,0.897,0.847,0.901,0.955
Canada,America,CAN,Subnat,CANr104,"New Brunswick",2023,0.995,0.905,0.909,0.94,0.951,0.887,0.84,0.888,0.942
Canada,America,CAN,Subnat,CANr101,"Newfoundland and Labrador",2023,0.992,0.9,0.908,0.924,0.939,0.853,0.814,0.926,0.98
Canada,America,CAN,Subnat,CANr103,"Nova Scotia",2023,0.995,0.91,0.914,0.935,0.946,0.911,0.862,0.884,0.937
Canada,America,CAN,Subnat,CANr106,Ontario,2023,0.989,0.94,0.95,0.965,0.973,0.932,0.902,0.923,0.978
Canada,America,CAN,Subnat,CANr102,"Prince Edward Island, Yukon Territory, Northwest Territories, Nunavut",2023,1.002,0.933,0.931,0.953,0.968,0.911,0.842,0.935,0.99
Canada,America,CAN,Subnat,CANr105,Quebec,2023,0.986,0.923,0.936,0.962,0.983,0.902,0.869,0.906,0.959
Canada,America,CAN,Subnat,CANr108,Saskatchewan,2023,1.003,0.925,0.922,0.935,0.935,0.899,0.843,0.941,0.996
"Cape Verde",Africa,CPV,National,CPVt,Total,2023,0.964,0.653,0.677,0.872,0.852,0.516,0.521,0.618,0.7
"Cape Verde",Africa,CPV,Subnat,CPVr105,Fogo,2023,0.942,0.65,0.69,0.872,0.852,0.513,0.556,0.613,0.693
"Cape Verde",Africa,CPV,Subnat,CPVr101,S.Antao,2023,0.969,0.635,0.656,0.872,0.852,0.484,0.482,0.606,0.687
"Cape Verde",Africa,CPV,Subnat,CPVr102,S.Vicente,2023,0.998,0.688,0.689,0.872,0.852,0.578,0.529,0.645,0.728
"Cape Verde",Africa,CPV,Subnat,CPVr104,"Santiago- Praia",2023,0.952,0.683,0.718,0.872,0.852,0.572,0.602,0.639,0.721
"Cape Verde",Africa,CPV,Subnat,CPVr103,Santiago-Interior,2023,0.96,0.597,0.621,0.872,0.852,0.418,0.426,0.583,0.662
"Central African Republic CAR",Africa,CAF,National,CAFt,Total,2023,,,,0.566,0.581,0.263,0.42,,
"Central African Republic CAR",Africa,CAF,Subnat,CAFr106,Bangui,2023,,,,0.637,0.638,0.495,0.61,,
"Central African Republic CAR",Africa,CAF,Subnat,CAFr101,"RS I (Ombella Mpoko, Lobaye, Kemo, Nana Grebizi, Ouaka)",2023,,,,0.545,0.564,0.275,0.432,,
"Central African Republic CAR",Africa,CAF,Subnat,CAFr102,"RS II (Mambera Kadei, Nana Mambere, Sangha Mbaere)",2023,,,,0.595,0.604,0.207,0.367,,
"Central African Republic CAR",Africa,CAF,Subnat,CAFr103,"RS III (Ouham Pende, Ouham)",2023,,,,0.559,0.575,0.186,0.358,,
"Central African Republic CAR",Africa,CAF,Subnat,CAFr104,"RS IV (Haute-Kotto, Baminigui Bangoran, Vakaga)",2023,,,,0.627,0.63,0.201,0.371,,
"Central African Republic CAR",Africa,CAF,Subnat,CAFr105,"RS V (Basse Kotto, Mbornou, Houte Mbormou)",2023,,,,0.526,0.549,0.162,0.33,,
Chad,Africa,TCD,National,TCDt,Total,2023,0.787,0.365,0.464,0.531,0.549,0.24,0.386,0.381,0.47
Chad,Africa,TCD,Subnat,TCDr101,"Zone 1 (N'Djamena)",2023,0.828,0.496,0.6,0.583,0.591,0.416,0.604,0.505,0.603
Chad,Africa,TCD,Subnat,TCDr102,"Zone 2 (Borkou, Ennedi, Tibesti, Kanem, Barh El Gazal, Lac)",2023,0.781,0.247,0.317,0.598,0.603,0.066,0.111,0.385,0.474
Chad,Africa,TCD,Subnat,TCDr103,"Zone 3 (Guera, Batha, Salamat)",2023,0.785,0.31,0.394,0.581,0.589,0.139,0.228,0.368,0.456
Chad,Africa,TCD,Subnat,TCDr104,"Zone 4 (Ouaddai, Assongha, Sila, Biltine - Wadi Fira)",2023,0.776,0.267,0.344,0.622,0.622,0.083,0.144,0.368,0.455
Chad,Africa,TCD,Subnat,TCDr105,"Zone 5 (Chari-Baguimi, Dababa, Baguirmi, Hadjer Lamis)",2023,0.709,0.248,0.35,0.496,0.521,0.081,0.174,0.382,0.471
Chad,Africa,TCD,Subnat,TCDr106,"Zone 6 (Mayo-Kebbi Est and Ouest)",2023,0.791,0.426,0.538,0.527,0.546,0.384,0.608,0.381,0.47
Chad,Africa,TCD,Subnat,TCDr107,"Zone 7 (Logone Occidental & Oriental, Monts de Lam, Tandjile Est & Ouest)",2023,0.772,0.383,0.496,0.457,0.49,0.339,0.553,0.364,0.451
Chad,Africa,TCD,Subnat,TCDr108,"Zone 8 (Mandoul, Moyen-Chari, Bahr Koh, Lac Iro)",2023,0.819,0.411,0.502,0.516,0.537,0.366,0.518,0.366,0.454
Chili,America,CHL,National,CHLt,Total,2023,0.967,0.862,0.891,0.932,0.95,0.851,0.842,0.808,0.885
Chili,America,CHL,Subnat,CHLr111,Aisen,2023,0.967,0.818,0.846,0.929,0.947,0.755,0.747,0.78,0.856
Chili,America,CHL,Subnat,CHLr102,Antofagasta,2023,0.956,0.878,0.918,0.903,0.925,0.91,0.928,0.822,0.9
Chili,America,CHL,Subnat,CHLr109,Arbucania,2023,0.968,0.798,0.825,0.916,0.936,0.726,0.714,0.765,0.84
Chili,America,CHL,Subnat,CHLr103,Atacama,2023,0.971,0.866,0.892,0.958,0.972,0.846,0.832,0.803,0.879
Chili,America,CHL,Subnat,CHLr108,"Bio Bio",2023,0.971,0.838,0.863,0.936,0.953,0.792,0.775,0.793,0.87
Chili,America,CHL,Subnat,CHLr104,Coquimbo,2023,0.974,0.843,0.866,0.944,0.96,0.808,0.785,0.787,0.862
Chili,America,CHL,Subnat,CHLr110,"Los Lagos (incl Los Rios)",2023,0.963,0.804,0.835,0.93,0.948,0.72,0.721,0.776,0.851
Chili,America,CHL,Subnat,CHLr112,"Magallanes and La Antartica Chilena",2023,0.96,0.871,0.908,0.919,0.938,0.874,0.884,0.824,0.901
Chili,America,CHL,Subnat,CHLr107,Maule,2023,0.988,0.81,0.82,0.913,0.934,0.742,0.686,0.785,0.861
Chili,America,CHL,Subnat,CHLr106,OHiggins,2023,0.98,0.836,0.853,0.939,0.955,0.778,0.742,0.8,0.876
Chili,America,CHL,Subnat,CHLr113,"Region Metropolitana",2023,0.96,0.887,0.925,0.935,0.952,0.902,0.916,0.829,0.907
Chili,America,CHL,Subnat,CHLr101,"Tarapaca (incl Arica and Parinacota)",2023,0.959,0.884,0.921,0.943,0.959,0.906,0.921,0.809,0.886
Chili,America,CHL,Subnat,CHLr105,"Valparaiso (former Aconcagua)",2023,0.969,0.879,0.907,0.936,0.954,0.888,0.875,0.816,0.893
China,Asia/Pacific,CHN,National,CHNt,Total,2023,0.976,0.786,0.806,0.899,0.888,0.704,0.694,0.769,0.849
China,Asia/Pacific,CHN,Subnat,CHNr112,Anhui,2023,0.959,0.758,0.791,0.893,0.886,0.654,0.675,0.747,0.825
China,Asia/Pacific,CHN,Subnat,CHNr101,Beijing,2023,0.965,0.893,0.926,0.953,0.961,0.842,0.846,0.889,0.975
China,Asia/Pacific,CHN,Subnat,CHNr122,Chongqing,2023,0.982,0.796,0.81,0.907,0.891,0.715,0.697,0.776,0.857
China,Asia/Pacific,CHN,Subnat,CHNr113,Fujian,2023,0.972,0.8,0.823,0.906,0.891,0.684,0.688,0.825,0.908
China,Asia/Pacific,CHN,Subnat,CHNr128,Gansu,2023,0.948,0.71,0.749,0.849,0.857,0.625,0.653,0.674,0.749
China,Asia/Pacific,CHN,Subnat,CHNr119,Guangdong,2023,0.977,0.812,0.83,0.916,0.905,0.732,0.721,0.797,0.878
China,Asia/Pacific,CHN,Subnat,CHNr120,Guangxi,2023,0.988,0.755,0.764,0.913,0.873,0.677,0.662,0.697,0.772
China,Asia/Pacific,CHN,Subnat,CHNr124,Guizhou,2023,0.975,0.724,0.742,0.862,0.834,0.631,0.635,0.696,0.772
China,Asia/Pacific,CHN,Subnat,CHNr121,Hainan,2023,0.983,0.782,0.796,0.926,0.891,0.703,0.695,0.735,0.813
China,Asia/Pacific,CHN,Subnat,CHNr103,Hebei,2023,0.983,0.763,0.776,0.89,0.881,0.703,0.675,0.709,0.786
China,Asia/Pacific,CHN,Subnat,CHNr108,Heilongjiang,2023,0.985,0.771,0.782,0.904,0.883,0.73,0.705,0.693,0.769
China,Asia/Pacific,CHN,Subnat,CHNr116,Henan,2023,0.984,0.762,0.774,0.895,0.872,0.69,0.671,0.715,0.792
China,Asia/Pacific,CHN,Subnat,CHNr117,Hubei,2023,0.968,0.789,0.815,0.89,0.889,0.708,0.709,0.779,0.859
China,Asia/Pacific,CHN,Subnat,CHNr118,Hunan,2023,0.976,0.779,0.798,0.894,0.884,0.711,0.698,0.745,0.823
China,Asia/Pacific,CHN,Subnat,CHNr105,"Inner Mongolia",2023,0.978,0.797,0.815,0.889,0.878,0.721,0.709,0.79,0.871
China,Asia/Pacific,CHN,Subnat,CHNr110,Jiangsu,2023,0.968,0.821,0.848,0.91,0.909,0.718,0.72,0.847,0.931
China,Asia/Pacific,CHN,Subnat,CHNr114,Jiangxi,2023,0.97,0.764,0.788,0.89,0.879,0.678,0.681,0.739,0.817
China,Asia/Pacific,CHN,Subnat,CHNr107,Jilin,2023,0.985,0.779,0.791,0.904,0.888,0.745,0.716,0.703,0.779
China,Asia/Pacific,CHN,Subnat,CHNr106,Liaoning,2023,0.988,0.797,0.807,0.906,0.893,0.757,0.721,0.737,0.816
China,Asia/Pacific,CHN,Subnat,CHNr130,Ningxia,2023,0.96,0.756,0.787,0.858,0.876,0.679,0.679,0.741,0.82
China,Asia/Pacific,CHN,Subnat,CHNr129,Qinghai,2023,0.968,0.714,0.738,0.827,0.828,0.611,0.608,0.72,0.797
China,Asia/Pacific,CHN,Subnat,CHNr127,Shaanxi,2023,0.975,0.79,0.81,0.886,0.887,0.726,0.71,0.766,0.846
China,Asia/Pacific,CHN,Subnat,CHNr115,Shandong,2023,0.97,0.784,0.808,0.915,0.9,0.683,0.689,0.772,0.852
China,Asia/Pacific,CHN,Subnat,CHNr109,Shanghai,2023,0.965,0.883,0.915,0.957,0.961,0.816,0.824,0.881,0.967
China,Asia/Pacific,CHN,Subnat,CHNr104,Shanxi,2023,0.981,0.791,0.807,0.889,0.888,0.745,0.715,0.748,0.827
China,Asia/Pacific,CHN,Subnat,CHNr123,Sichuan,2023,0.974,0.76,0.78,0.896,0.878,0.665,0.663,0.736,0.814
China,Asia/Pacific,CHN,Subnat,CHNr102,Tianjin,2023,0.974,0.851,0.873,0.934,0.944,0.805,0.784,0.818,0.901
China,Asia/Pacific,CHN,Subnat,CHNr126,Tibet,2023,0.938,0.634,0.675,0.802,0.806,0.444,0.482,0.715,0.792
China,Asia/Pacific,CHN,Subnat,CHNr131,Xinjiang,2023,0.979,0.762,0.778,0.85,0.858,0.703,0.671,0.74,0.818
China,Asia/Pacific,CHN,Subnat,CHNr125,Yunnan,2023,0.985,0.731,0.742,0.845,0.817,0.642,0.628,0.72,0.797
China,Asia/Pacific,CHN,Subnat,CHNr111,Zhejiang,2023,0.968,0.808,0.835,0.922,0.925,0.698,0.696,0.82,0.902
Colombia,America,COL,National,COLt,Total,2023,0.992,0.784,0.79,0.892,0.884,0.711,0.685,0.761,0.815
Colombia,America,COL,Subnat,COLr129,Amazonas,2023,0.955,0.724,0.758,0.842,0.843,0.663,0.707,0.68,0.732
Colombia,America,COL,Subnat,COLr101,"Antioquia (incl Medellin)",2023,0.996,0.79,0.793,0.898,0.889,0.709,0.677,0.774,0.829
Colombia,America,COL,Subnat,COLr125,Arauca,2023,1.011,0.764,0.756,0.88,0.874,0.677,0.616,0.748,0.802
Colombia,America,COL,Subnat,COLr102,"Atlantico (incl Barranquilla)",2023,0.977,0.798,0.817,0.889,0.882,0.74,0.746,0.773,0.828
Colombia,America,COL,Subnat,COLr103,"Bogota D.C.",2023,0.983,0.827,0.842,0.899,0.89,0.79,0.786,0.797,0.852
Colombia,America,COL,Subnat,COLr104,"Bolivar (Sur and Norte)",2023,0.998,0.774,0.776,0.9,0.891,0.707,0.671,0.73,0.783
Colombia,America,COL,Subnat,COLr105,Boyaca,2023,0.992,0.776,0.782,0.901,0.892,0.691,0.667,0.75,0.804
Colombia,America,COL,Subnat,COLr106,Caldas,2023,1.001,0.798,0.797,0.915,0.904,0.713,0.673,0.778,0.833
Colombia,America,COL,Subnat,COLr107,Caqueta,2023,0.996,0.734,0.737,0.893,0.885,0.621,0.59,0.714,0.767
Colombia,America,COL,Subnat,COLr126,Casanare,2023,0.993,0.766,0.772,0.902,0.893,0.674,0.649,0.739,0.793
Colombia,America,COL,Subnat,COLr108,Cauca,2023,0.982,0.732,0.745,0.881,0.875,0.626,0.62,0.711,0.763
Colombia,America,COL,Subnat,COLr109,Cesar,2023,1.006,0.752,0.748,0.869,0.865,0.681,0.626,0.719,0.772
Colombia,America,COL,Subnat,COLr112,Choco,2023,0.997,0.716,0.718,0.851,0.851,0.666,0.624,0.647,0.697
Colombia,America,COL,Subnat,COLr110,Cordoba,2023,0.98,0.729,0.743,0.886,0.88,0.623,0.621,0.7,0.752
Colombia,America,COL,Subnat,COLr111,Cundinamarca,2023,0.994,0.79,0.795,0.912,0.901,0.702,0.676,0.771,0.826
Colombia,America,COL,Subnat,COLr130,Guainja,2023,0.948,0.67,0.707,0.898,0.889,0.55,0.605,0.61,0.659
Colombia,America,COL,Subnat,COLr114,Guajira,2023,0.996,0.717,0.72,0.791,0.801,0.691,0.643,0.673,0.724
Colombia,America,COL,Subnat,COLr131,Guaviare,2023,1.001,0.774,0.773,0.896,0.888,0.703,0.659,0.737,0.79
Colombia,America,COL,Subnat,COLr113,Huila,2023,1.005,0.745,0.742,0.897,0.888,0.609,0.566,0.757,0.811
Colombia,America,COL,Subnat,COLr115,Magdalena,2023,1.008,0.749,0.743,0.873,0.869,0.673,0.615,0.715,0.767
Colombia,America,COL,Subnat,COLr116,Meta,2023,1.007,0.8,0.794,0.926,0.912,0.724,0.671,0.763,0.817
Colombia,America,COL,Subnat,COLr117,Narino,2023,0.995,0.739,0.743,0.89,0.883,0.637,0.608,0.712,0.765
Colombia,America,COL,Subnat,COLr118,"Norte de Santander",2023,0.996,0.768,0.771,0.881,0.875,0.675,0.642,0.762,0.816
Colombia,America,COL,Subnat,COLr127,Putumayo,2023,0.998,0.736,0.738,0.847,0.847,0.655,0.614,0.718,0.771
Colombia,America,COL,Subnat,COLr119,Quindio,2023,0.99,0.8,0.808,0.907,0.897,0.715,0.696,0.79,0.845
Colombia,America,COL,Subnat,COLr120,Risaralda,2023,0.987,0.776,0.786,0.901,0.891,0.664,0.651,0.781,0.836
Colombia,America,COL,Subnat,COLr128,"San Andres",2023,0.987,0.805,0.816,0.896,0.888,0.754,0.74,0.772,0.827
Colombia,America,COL,Subnat,COLr121,Santander,2023,1.016,0.803,0.79,0.893,0.885,0.747,0.671,0.776,0.831
Colombia,America,COL,Subnat,COLr122,Sucre,2023,0.993,0.76,0.765,0.91,0.899,0.665,0.642,0.724,0.777
Colombia,America,COL,Subnat,COLr123,Tolima,2023,1.007,0.767,0.762,0.897,0.888,0.684,0.632,0.737,0.79
Colombia,America,COL,Subnat,COLr124,"Valle (incl Cali)",2023,0.983,0.804,0.818,0.905,0.895,0.727,0.724,0.789,0.844
Colombia,America,COL,Subnat,COLr132,Vaupis,2023,0.923,0.635,0.689,0.804,0.812,0.573,0.667,0.557,0.603
Colombia,America,COL,Subnat,COLr133,Vichada,2023,0.989,0.769,0.778,0.899,0.89,0.676,0.658,0.749,0.803
Comoros,Africa,COM,National,COMt,Total,2023,0.929,0.581,0.625,0.714,0.727,0.553,0.59,0.495,0.568
Comoros,Africa,COM,Subnat,COMr103,"Anjouan (Ndzouani)",2023,0.924,0.554,0.599,0.694,0.711,0.507,0.546,0.484,0.556
Comoros,Africa,COM,Subnat,COMr101,"Grande Comore (Ngazidja)",2023,0.933,0.602,0.645,0.733,0.743,0.586,0.622,0.507,0.581
Comoros,Africa,COM,Subnat,COMr102,Moheli,2023,0.932,0.597,0.64,0.74,0.748,0.594,0.631,0.484,0.556
"Congo Brazzaville",Africa,COG,National,COGt,Total,2023,0.924,0.622,0.673,0.692,0.717,0.616,0.651,0.565,0.654
"Congo Brazzaville",Africa,COG,Subnat,COGr204," Bouenza",2023,0.88,0.53,0.602,0.651,0.684,0.468,0.558,0.488,0.571
"Congo Brazzaville",Africa,COG,Subnat,COGr211," Brazzaville",2023,0.939,0.682,0.726,0.703,0.727,0.708,0.722,0.636,0.73
"Congo Brazzaville",Africa,COG,Subnat,COGr207," Cuvette",2023,0.917,0.588,0.641,0.714,0.736,0.568,0.612,0.502,0.586
"Congo Brazzaville",Africa,COG,Subnat,COGr208," Cuvette Ouest",2023,0.89,0.516,0.58,0.609,0.649,0.522,0.587,0.432,0.512
"Congo Brazzaville",Africa,COG,Subnat,COGr201," Kouilou",2023,0.897,0.503,0.561,0.635,0.67,0.447,0.497,0.448,0.529
"Congo Brazzaville",Africa,COG,Subnat,COGr203," Lekoumou",2023,0.88,0.5,0.569,0.628,0.665,0.448,0.527,0.445,0.525
"Congo Brazzaville",Africa,COG,Subnat,COGr210," Likouala",2023,0.89,0.53,0.595,0.635,0.67,0.527,0.599,0.444,0.525
"Congo Brazzaville",Africa,COG,Subnat,COGr202," Niari",2023,0.902,0.572,0.634,0.708,0.731,0.523,0.591,0.504,0.589
"Congo Brazzaville",Africa,COG,Subnat,COGr206," Plateaux",2023,0.892,0.543,0.608,0.72,0.741,0.489,0.568,0.454,0.535
"Congo Brazzaville",Africa,COG,Subnat,COGr212," Pointe Noire",2023,0.946,0.672,0.71,0.768,0.781,0.643,0.65,0.614,0.706
"Congo Brazzaville",Africa,COG,Subnat,COGr205," Pool",2023,0.87,0.481,0.552,0.623,0.66,0.417,0.504,0.427,0.506
"Congo Brazzaville",Africa,COG,Subnat,COGr209," Sangha",2023,0.888,0.521,0.587,0.564,0.611,0.519,0.584,0.483,0.566
"Congo Democratic Republic",Africa,COD,National,CODt,Total,2023,0.886,0.491,0.554,0.639,0.651,0.492,0.618,0.377,0.424
"Congo Democratic Republic",Africa,COD,Subnat,CODr103,Bandundu,2023,0.873,0.466,0.534,0.673,0.678,0.475,0.623,0.318,0.361
"Congo Democratic Republic",Africa,COD,Subnat,CODr102,Bas-Congo,2023,0.906,0.497,0.548,0.637,0.649,0.493,0.58,0.39,0.437
"Congo Democratic Republic",Africa,COD,Subnat,CODr104,Equateur,2023,0.864,0.461,0.534,0.653,0.662,0.456,0.615,0.329,0.373
"Congo Democratic Republic",Africa,COD,Subnat,CODr111,"Kasai Occidental",2023,0.817,0.401,0.491,0.538,0.569,0.388,0.59,0.31,0.353
"Congo Democratic Republic",Africa,COD,Subnat,CODr110,"Kasai Oriental",2023,0.849,0.453,0.533,0.602,0.62,0.461,0.645,0.335,0.379
"Congo Democratic Republic",Africa,COD,Subnat,CODr109,Katanga,2023,0.869,0.471,0.542,0.624,0.638,0.443,0.588,0.379,0.425
"Congo Democratic Republic",Africa,COD,Subnat,CODr101,Kinshasa,2023,0.936,0.603,0.645,0.632,0.645,0.654,0.711,0.531,0.584
"Congo Democratic Republic",Africa,COD,Subnat,CODr108,Maniema,2023,0.832,0.427,0.513,0.619,0.634,0.402,0.598,0.313,0.357
"Congo Democratic Republic",Africa,COD,Subnat,CODr106,Nord-Kivu,2023,0.901,0.517,0.573,0.718,0.715,0.494,0.605,0.389,0.436
"Congo Democratic Republic",Africa,COD,Subnat,CODr105,Orientale,2023,0.897,0.48,0.535,0.679,0.683,0.452,0.552,0.361,0.406
"Congo Democratic Republic",Africa,COD,Subnat,CODr107,Sud-Kivu,2023,0.874,0.498,0.57,0.681,0.685,0.473,0.629,0.383,0.43
"Costa Rica",America,CRI,National,CRIt,Total,2023,0.975,0.818,0.84,0.937,0.933,0.768,0.73,0.761,0.869
"Costa Rica",America,CRI,Subnat,CRIr102,Alajuela,2023,0.974,0.815,0.837,0.948,0.942,0.75,0.715,0.763,0.871
"Costa Rica",America,CRI,Subnat,CRIr103,Cartago,2023,0.977,0.818,0.837,0.945,0.939,0.753,0.712,0.77,0.878
"Costa Rica",America,CRI,Subnat,CRIr105,Guanacaste,2023,0.99,0.811,0.82,0.95,0.943,0.748,0.68,0.751,0.858
"Costa Rica",America,CRI,Subnat,CRIr104,Heredia,2023,0.975,0.836,0.858,0.904,0.905,0.842,0.794,0.769,0.877
"Costa Rica",America,CRI,Subnat,CRIr107,Limon,2023,0.987,0.784,0.794,0.947,0.941,0.687,0.629,0.741,0.847
"Costa Rica",America,CRI,Subnat,CRIr106,Puntarenas,2023,0.976,0.799,0.818,0.948,0.942,0.717,0.679,0.749,0.857
"Costa Rica",America,CRI,Subnat,CRIr101,"San Jose",2023,0.967,0.832,0.86,0.932,0.929,0.805,0.781,0.768,0.876
"Cote d'Ivoire",Africa,CIV,National,CIVt,Total,2023,0.91,0.553,0.607,0.64,0.654,0.442,0.514,0.596,0.667
"Cote d'Ivoire",Africa,CIV,Subnat,CIVr101,Abidjan,2023,0.921,0.585,0.635,0.64,0.653,0.531,0.594,0.589,0.659
"Cote d'Ivoire",Africa,CIV,Subnat,CIVr103,"Bas Sassandra",2023,0.925,0.579,0.625,0.656,0.666,0.496,0.55,0.596,0.667
"Cote d'Ivoire",Africa,CIV,Subnat,CIVr104,Comoe,2023,0.896,0.527,0.589,0.622,0.639,0.42,0.507,0.56,0.629
"Cote d'Ivoire",Africa,CIV,Subnat,CIVr105,Denguele,2023,0.93,0.495,0.532,0.615,0.633,0.353,0.379,0.56,0.628
"Cote d'Ivoire",Africa,CIV,Subnat,CIVr106,Goh-Djiboua,2023,0.928,0.512,0.552,0.679,0.685,0.36,0.397,0.55,0.618
"Cote d'Ivoire",Africa,CIV,Subnat,CIVr107,Lacs,2023,0.886,0.439,0.496,0.548,0.58,0.278,0.337,0.556,0.625
"Cote d'Ivoire",Africa,CIV,Subnat,CIVr108,Lagunes,2023,0.888,0.505,0.569,0.588,0.612,0.412,0.502,0.533,0.601
"Cote d'Ivoire",Africa,CIV,Subnat,CIVr109,Montagnes,2023,0.914,0.588,0.643,0.675,0.682,0.468,0.544,0.644,0.717
"Cote d'Ivoire",Africa,CIV,Subnat,CIVr110,Sassandra-Marahoue,2023,0.911,0.538,0.591,0.656,0.667,0.432,0.501,0.55,0.618
"Cote d'Ivoire",Africa,CIV,Subnat,CIVr102,Yamoussoukro,2023,0.931,0.606,0.651,0.718,0.716,0.51,0.566,0.608,0.68
Croatia,Europe,HRV,National,HRVt,Total,2023,0.999,0.888,0.889,0.911,0.891,0.877,0.84,0.877,0.939
Croatia,Europe,HRV,Subnat,HRVr101,"City of Zagreb",2023,0.994,0.942,0.947,0.922,0.917,0.938,0.927,0.967,1
Croatia,Europe,HRV,Subnat,HRVr107,"County of Bjelovar-Bilogora",2023,0.998,0.834,0.835,0.877,0.859,0.807,0.773,0.819,0.878
Croatia,Europe,HRV,Subnat,HRVr110,"County of Brod-Posavina",2023,0.997,0.834,0.837,0.901,0.885,0.821,0.787,0.785,0.843
Croatia,Europe,HRV,Subnat,HRVr121,"County of Dubrovnik-Neretva",2023,0.997,0.909,0.912,0.948,0.934,0.904,0.866,0.878,0.939
Croatia,Europe,HRV,Subnat,HRVr120,"County of Istria",2023,1,0.917,0.916,0.944,0.921,0.894,0.856,0.913,0.976
Croatia,Europe,HRV,Subnat,HRVr113,"County of Karlovac",2023,1,0.857,0.857,0.901,0.879,0.838,0.803,0.832,0.892
Croatia,Europe,HRV,Subnat,HRVr105,"County of Koprivnica-Krizevc",2023,1.007,0.849,0.843,0.888,0.847,0.811,0.777,0.85,0.911
Croatia,Europe,HRV,Subnat,HRVr103,"County of Krapina-Zagorje",2023,1.013,0.838,0.827,0.888,0.831,0.821,0.786,0.808,0.866
Croatia,Europe,HRV,Subnat,HRVr116,"County of Lika-Senj",2023,0.984,0.848,0.862,0.9,0.921,0.811,0.777,0.836,0.896
Croatia,Europe,HRV,Subnat,HRVr106,"County of Medimurje",2023,1.002,0.866,0.864,0.914,0.884,0.834,0.799,0.853,0.913
Croatia,Europe,HRV,Subnat,HRVr111,"County of Osijek-Baranja",2023,0.996,0.859,0.863,0.889,0.877,0.849,0.813,0.84,0.901
Croatia,Europe,HRV,Subnat,HRVr109,"County of Pozega-Slavonia",2023,1.002,0.831,0.829,0.9,0.869,0.807,0.773,0.789,0.847
Croatia,Europe,HRV,Subnat,HRVr115,"County of Primorje-Gorski Kotar",2023,0.991,0.919,0.928,0.928,0.925,0.918,0.887,0.911,0.974
Croatia,Europe,HRV,Subnat,HRVr118,"County of Sibenik-Knin",2023,0.991,0.866,0.874,0.921,0.921,0.839,0.803,0.841,0.901
Croatia,Europe,HRV,Subnat,HRVr114,"County of Sisak-Moslavina",2023,1.001,0.846,0.845,0.887,0.862,0.824,0.789,0.827,0.887
Croatia,Europe,HRV,Subnat,HRVr119,"County of Split-Dalmatia",2023,0.993,0.887,0.894,0.933,0.928,0.896,0.858,0.836,0.896
Croatia,Europe,HRV,Subnat,HRVr104,"County of Varazdin",2023,1.006,0.868,0.864,0.901,0.864,0.857,0.821,0.848,0.909
Croatia,Europe,HRV,Subnat,HRVr108,"County of Virovitica-Podravina",2023,1.007,0.818,0.812,0.88,0.839,0.792,0.759,0.784,0.842
Croatia,Europe,HRV,Subnat,HRVr112,"County of Vukovar-Srijem",2023,0.997,0.833,0.836,0.899,0.882,0.814,0.78,0.791,0.849
Croatia,Europe,HRV,Subnat,HRVr117,"County of Zadar",2023,0.994,0.878,0.883,0.936,0.928,0.856,0.82,0.843,0.904
Croatia,Europe,HRV,Subnat,HRVr102,"County of Zagreb",2023,0.999,0.87,0.871,0.913,0.893,0.862,0.826,0.837,0.897
Cuba,America,CUB,National,CUBt,Total,2023,0.975,0.75,0.769,0.893,0.895,0.764,0.716,0.618,0.709
Cuba,America,CUB,Subnat,CUBr103,"C. Habana",2023,0.971,0.785,0.809,0.893,0.895,0.807,0.773,0.671,0.765
Cuba,America,CUB,Subnat,CUBr109,Camaguey,2023,0.974,0.737,0.756,0.893,0.895,0.766,0.719,0.585,0.673
Cuba,America,CUB,Subnat,CUBr108,"Ciego de Avila",2023,0.982,0.755,0.769,0.893,0.895,0.783,0.72,0.617,0.707
Cuba,America,CUB,Subnat,CUBr106,Cienfuegos,2023,0.977,0.756,0.774,0.893,0.895,0.773,0.723,0.627,0.718
Cuba,America,CUB,Subnat,CUBr112,Granma,2023,0.979,0.725,0.741,0.893,0.895,0.741,0.684,0.577,0.664
Cuba,America,CUB,Subnat,CUBr114,Guantanamo,2023,0.98,0.757,0.773,0.893,0.895,0.807,0.745,0.603,0.693
Cuba,America,CUB,Subnat,CUBr111,Holguin,2023,0.958,0.725,0.757,0.893,0.895,0.734,0.723,0.583,0.671
Cuba,America,CUB,Subnat,CUBr115,Isla,2023,0.982,0.764,0.779,0.893,0.895,0.749,0.692,0.668,0.762
Cuba,America,CUB,Subnat,CUBr110,"Las Tunas",2023,0.951,0.716,0.753,0.893,0.895,0.712,0.718,0.578,0.665
Cuba,America,CUB,Subnat,CUBr104,Matanzas,2023,0.995,0.754,0.758,0.893,0.895,0.745,0.659,0.645,0.737
Cuba,America,CUB,Subnat,CUBr101,"Pinar del Rio",2023,0.981,0.741,0.756,0.893,0.895,0.725,0.669,0.63,0.721
Cuba,America,CUB,Subnat,CUBr102,"Prov. Habana",2023,0.981,0.76,0.775,0.893,0.895,0.752,0.697,0.655,0.747
Cuba,America,CUB,Subnat,CUBr107,S.Spiritus,2023,0.962,0.727,0.756,0.893,0.895,0.708,0.692,0.607,0.697
Cuba,America,CUB,Subnat,CUBr113,"Santiago de Cuba",2023,0.976,0.755,0.774,0.893,0.895,0.809,0.756,0.596,0.685
Cuba,America,CUB,Subnat,CUBr105,"Villa Clara",2023,0.971,0.734,0.756,0.893,0.895,0.721,0.685,0.616,0.706
Cyprus,Europe,CYP,National,CYPt,Total,2023,0.996,0.911,0.915,0.941,0.956,0.889,0.849,0.903,0.943
Czechia,Europe,CZE,National,CZEt,Total,2023,0.987,0.908,0.919,0.925,0.915,0.913,0.886,0.885,0.959
Czechia,Europe,CZE,Subnat,CZEr106,Jihovychod,2023,0.983,0.912,0.928,0.934,0.922,0.934,0.919,0.871,0.944
Czechia,Europe,CZE,Subnat,CZEr103,Jihozapad,2023,0.984,0.889,0.904,0.923,0.921,0.893,0.866,0.853,0.925
Czechia,Europe,CZE,Subnat,CZEr108,Moravskoslezsko,2023,0.985,0.875,0.888,0.907,0.887,0.87,0.858,0.848,0.92
Czechia,Europe,CZE,Subnat,CZEr101,Praha,2023,0.997,0.974,0.977,0.948,0.943,0.973,0.988,1,1
Czechia,Europe,CZE,Subnat,CZEr105,Severovychod,2023,0.985,0.883,0.897,0.928,0.921,0.874,0.849,0.851,0.922
Czechia,Europe,CZE,Subnat,CZEr104,Severozapad,2023,0.98,0.844,0.861,0.895,0.888,0.815,0.805,0.822,0.893
Czechia,Europe,CZE,Subnat,CZEr102,"Stredni Cechy",2023,0.977,0.858,0.878,0.929,0.919,0.785,0.786,0.865,0.937
Czechia,Europe,CZE,Subnat,CZEr107,"Stredni Morava",2023,0.997,0.898,0.901,0.929,0.912,0.915,0.869,0.852,0.924
Denmark,Europe,DNK,National,DNKt,Total,2023,0.99,0.953,0.963,0.944,0.962,0.941,0.927,0.975,1
Denmark,Europe,DNK,Subnat,DNKr101,Hovedstaden,2023,0.998,0.969,0.971,0.947,0.966,0.962,0.949,1,1
Denmark,Europe,DNK,Subnat,DNKr104,Midtjylland,2023,0.985,0.95,0.965,0.951,0.969,0.942,0.926,0.957,1
Denmark,Europe,DNK,Subnat,DNKr105,Nordjylland,2023,0.979,0.931,0.951,0.931,0.954,0.927,0.916,0.934,0.984
Denmark,Europe,DNK,Subnat,DNKr102,Sjaelland,2023,0.989,0.921,0.931,0.934,0.949,0.923,0.891,0.905,0.953
Denmark,Europe,DNK,Subnat,DNKr103,Syddanmark,2023,0.983,0.94,0.956,0.944,0.96,0.925,0.909,0.95,1
Djibouti,Africa,DJI,National,DJIt,Total,2023,0.814,0.453,0.556,0.708,0.708,0.253,0.352,0.519,0.691
Djibouti,Africa,DJI,Subnat,DJIr101,Djibouti,2023,0.813,0.46,0.566,0.692,0.695,0.264,0.368,0.535,0.709
Djibouti,Africa,DJI,Subnat,DJIr102,"Other Districts",2023,0.807,0.405,0.502,0.803,0.785,0.188,0.269,0.438,0.599
Dominica,America,DMA,National,DMAt,Total,2023,,,,0.801,0.78,0.751,0.711,,
"Dominican Republic",America,DOM,National,DOMt,Total,2023,1.024,0.783,0.765,0.838,0.816,0.736,0.65,0.779,0.844
"Dominican Republic",America,DOM,Subnat,DOMr101,"Region 0 (Distrito Nacional, Santo Domingo, Monte Plata)",2023,1.016,0.798,0.785,0.812,0.795,0.784,0.705,0.797,0.862
"Dominican Republic",America,DOM,Subnat,DOMr102,"Region I (Peravia, San Cristobal, San Jose de Ocoa, Azua)",2023,1.031,0.781,0.758,0.877,0.847,0.712,0.621,0.763,0.828
"Dominican Republic",America,DOM,Subnat,DOMr103,"Region II (Espaillat, Puerto Plata, Santiago)",2023,1.025,0.777,0.758,0.838,0.815,0.709,0.624,0.79,0.856
"Dominican Republic",America,DOM,Subnat,DOMr104,"Region III (Duarte, Maria Trinidad Sanchez, Salcedo, Samana)",2023,1.042,0.785,0.754,0.85,0.826,0.736,0.619,0.774,0.838
"Dominican Republic",America,DOM,Subnat,DOMr105,"Region IV (Independencia, Bahoruco, Barahona, Pedernales)",2023,1.029,0.773,0.75,0.872,0.843,0.711,0.621,0.744,0.808
"Dominican Republic",America,DOM,Subnat,DOMr106,"Region V (El Seibo, La Altagracia, La Romana, San Pedro de Macoris, Hato Mayor)",2023,1.023,0.768,0.75,0.845,0.821,0.708,0.627,0.756,0.82
"Dominican Republic",America,DOM,Subnat,DOMr107,"Region VI (San Juan, Elias Pina)",2023,1.016,0.747,0.735,0.845,0.821,0.663,0.6,0.743,0.807
"Dominican Republic",America,DOM,Subnat,DOMr108,"Region VII (Dajabon, Monte Cristi, Santiago Rodriguez, Valverde)",2023,1.034,0.761,0.736,0.856,0.83,0.68,0.584,0.758,0.822
"Dominican Republic",America,DOM,Subnat,DOMr109,"Region VIII (La Vega, Monsenor Nouel, Sanchez Ramirez)",2023,1.025,0.782,0.763,0.854,0.829,0.714,0.63,0.784,0.849
Ecuador,America,ECU,National,ECUt,Total,2023,0.998,0.776,0.777,0.887,0.879,0.724,0.7,0.727,0.763
Ecuador,America,ECU,Subnat,ECUr101,Coste,2023,1.007,0.777,0.772,0.887,0.879,0.736,0.691,0.72,0.756
Ecuador,America,ECU,Subnat,ECUr103,Oriente,2023,0.989,0.737,0.744,0.887,0.879,0.666,0.66,0.676,0.711
Ecuador,America,ECU,Subnat,ECUr102,Sierra,2023,0.991,0.786,0.793,0.887,0.879,0.73,0.72,0.751,0.788
Egypt,Africa,EGY,National,EGYt,Total,2023,0.895,0.695,0.777,0.789,0.8,0.717,0.692,0.593,0.846
Egypt,Africa,EGY,Subnat,EGYr102,Alexandria,2023,0.921,0.755,0.819,0.798,0.807,0.889,0.79,0.606,0.861
Egypt,Africa,EGY,Subnat,EGYr118,Assuit,2023,0.873,0.635,0.728,0.744,0.762,0.598,0.611,0.577,0.827
Egypt,Africa,EGY,Subnat,EGYr121,Aswan,2023,0.894,0.689,0.77,0.779,0.791,0.714,0.688,0.588,0.84
Egypt,Africa,EGY,Subnat,EGYr112,Behera,2023,0.878,0.674,0.767,0.816,0.822,0.628,0.646,0.596,0.85
Egypt,Africa,EGY,Subnat,EGYr115,"Beni Suef",2023,0.88,0.657,0.746,0.76,0.776,0.633,0.636,0.589,0.841
Egypt,Africa,EGY,Subnat,EGYr101,Cairo,2023,0.918,0.752,0.819,0.823,0.827,0.855,0.772,0.604,0.859
Egypt,Africa,EGY,Subnat,EGYr106,Dakahlia,2023,0.925,0.723,0.783,0.808,0.816,0.782,0.689,0.599,0.853
Egypt,Africa,EGY,Subnat,EGYr105,Damietta,2023,0.95,0.742,0.782,0.826,0.83,0.818,0.668,0.605,0.861
Egypt,Africa,EGY,Subnat,EGYr116,Fayoum,2023,0.873,0.656,0.752,0.802,0.81,0.602,0.627,0.584,0.836
Egypt,Africa,EGY,Subnat,EGYr122,"Frontier governorates (Red Sea, New Valley, Matroh, North Sainai, South Sainai)",2023,0.891,0.7,0.786,0.801,0.809,0.721,0.707,0.594,0.847
Egypt,Africa,EGY,Subnat,EGYr110,Gharbia,2023,0.912,0.713,0.782,0.792,0.802,0.77,0.703,0.596,0.85
Egypt,Africa,EGY,Subnat,EGYr114,Giza,2023,0.889,0.694,0.781,0.802,0.811,0.699,0.692,0.596,0.85
Egypt,Africa,EGY,Subnat,EGYr113,Ismailia,2023,0.911,0.717,0.788,0.772,0.785,0.793,0.725,0.603,0.859
Egypt,Africa,EGY,Subnat,EGYr109,"Kafr El-Sheikh",2023,0.894,0.698,0.78,0.808,0.815,0.697,0.679,0.603,0.858
Egypt,Africa,EGY,Subnat,EGYr108,Kalyubia,2023,0.891,0.698,0.783,0.77,0.784,0.752,0.73,0.587,0.839
Egypt,Africa,EGY,Subnat,EGYr111,Menoufia,2023,0.898,0.714,0.795,0.823,0.827,0.742,0.716,0.595,0.849
Egypt,Africa,EGY,Subnat,EGYr117,Menya,2023,0.859,0.641,0.745,0.762,0.777,0.597,0.643,0.578,0.828
Egypt,Africa,EGY,Subnat,EGYr103,"Port Said",2023,0.924,0.768,0.831,0.81,0.817,0.909,0.806,0.615,0.873
Egypt,Africa,EGY,Subnat,EGYr120,Qena,2023,0.853,0.657,0.77,0.767,0.781,0.632,0.7,0.585,0.837
Egypt,Africa,EGY,Subnat,EGYr107,Sharkia,2023,0.895,0.694,0.776,0.778,0.79,0.73,0.702,0.59,0.842
Egypt,Africa,EGY,Subnat,EGYr119,Souhag,2023,0.845,0.632,0.748,0.751,0.768,0.584,0.66,0.576,0.825
Egypt,Africa,EGY,Subnat,EGYr104,Suez,2023,0.93,0.762,0.819,0.811,0.818,0.89,0.773,0.613,0.87
"El Salvador",America,SLV,National,SLVt,Total,2023,0.983,0.67,0.682,0.827,0.77,0.554,0.553,0.656,0.744
"El Salvador",America,SLV,Subnat,SLVr102,"Central I",2023,0.982,0.707,0.72,0.834,0.775,0.619,0.622,0.684,0.774
"El Salvador",America,SLV,Subnat,SLVr103,"Central II",2023,0.991,0.64,0.646,0.834,0.775,0.499,0.485,0.63,0.716
"El Salvador",America,SLV,Subnat,SLVr101,Occidental,2023,0.973,0.638,0.656,0.814,0.759,0.5,0.513,0.637,0.724
"El Salvador",America,SLV,Subnat,SLVr104,Oriental,2023,0.993,0.631,0.635,0.822,0.766,0.487,0.47,0.627,0.713
"Equatorial Guinea",Africa,GNQ,National,GNQt,Total,2023,,,,0.664,0.685,,,,
"Equatorial Guinea",Africa,GNQ,Subnat,GNQr101,"Annobon, Bioko",2023,,,,0.663,0.684,,,,
"Equatorial Guinea",Africa,GNQ,Subnat,GNQr102,"Centro Sur",2023,,,,0.674,0.694,,,,
"Equatorial Guinea",Africa,GNQ,Subnat,GNQr103,"Kie Ntem",2023,,,,0.655,0.678,,,,
"Equatorial Guinea",Africa,GNQ,Subnat,GNQr104,Litoral,2023,,,,0.705,0.718,,,,
"Equatorial Guinea",Africa,GNQ,Subnat,GNQr105,"Wele Nzas",2023,,,,0.617,0.647,,,,
Eritrea,Africa,ERI,National,ERIt,Total,2023,,,,0.741,0.754,0.325,0.406,,
Eritrea,Africa,ERI,Subnat,ERIr104,Anseba,2023,,,,0.817,0.816,0.235,0.308,,
Eritrea,Africa,ERI,Subnat,ERIr106,Debub,2023,,,,0.733,0.748,0.285,0.406,,
Eritrea,Africa,ERI,Subnat,ERIr101,"Debubawi Keih Bahri",2023,,,,0.615,0.651,0.343,0.422,,
Eritrea,Africa,ERI,Subnat,ERIr105,Gash-Barka,2023,,,,0.71,0.729,0.144,0.226,,
Eritrea,Africa,ERI,Subnat,ERIr102,Maekel,2023,,,,0.848,0.842,0.605,0.66,,
Eritrea,Africa,ERI,Subnat,ERIr103,"Semenawi Keih Bahri",2023,,,,0.659,0.687,0.193,0.291,,
Estonia,Europe,EST,National,ESTt,Total,2023,1.023,0.913,0.893,0.931,0.883,0.926,0.865,0.883,0.932
Estonia,Europe,EST,Subnat,ESTr103,Kesk-Eesti,2023,1.021,0.849,0.832,0.914,0.868,0.838,0.782,0.801,0.847
Estonia,Europe,EST,Subnat,ESTr104,Kirde-Eesti,2023,1.027,0.882,0.859,0.919,0.859,0.94,0.878,0.795,0.841
Estonia,Europe,EST,Subnat,ESTr102,Laane-Eesti,2023,1.021,0.87,0.852,0.938,0.893,0.866,0.809,0.811,0.857
Estonia,Europe,EST,Subnat,ESTr105,Louna-Eesti,2023,1.027,0.887,0.864,0.932,0.873,0.9,0.84,0.831,0.878
Estonia,Europe,EST,Subnat,ESTr101,Pohja-Eesti,2023,1.019,0.954,0.936,0.94,0.902,0.981,0.916,0.941,0.991
Eswatini,Africa,SWZ,National,SWZt,Total,2023,0.964,0.682,0.708,0.684,0.672,0.691,0.736,0.67,0.716
Eswatini,Africa,SWZ,Subnat,SWZr101,Hhohho,2023,0.962,0.696,0.724,0.726,0.706,0.675,0.731,0.688,0.735
Eswatini,Africa,SWZ,Subnat,SWZr104,Lubombo,2023,0.956,0.674,0.705,0.714,0.697,0.651,0.715,0.657,0.703
Eswatini,Africa,SWZ,Subnat,SWZr102,Manzini,2023,0.967,0.673,0.696,0.635,0.633,0.711,0.74,0.674,0.72
Eswatini,Africa,SWZ,Subnat,SWZr103,Shiselweni,2023,0.971,0.677,0.698,0.671,0.662,0.723,0.749,0.64,0.685
Ethiopia,Africa,ETH,National,ETHt,Total,2023,0.886,0.465,0.525,0.742,0.717,0.297,0.375,0.457,0.538
Ethiopia,Africa,ETH,Subnat,ETHr110,Addis,2023,0.917,0.668,0.729,0.845,0.798,0.509,0.613,0.694,0.793
Ethiopia,Africa,ETH,Subnat,ETHr102,Affar,2023,0.862,0.433,0.503,0.764,0.734,0.235,0.324,0.452,0.533
Ethiopia,Africa,ETH,Subnat,ETHr103,Amhara,2023,0.899,0.453,0.504,0.739,0.714,0.29,0.348,0.433,0.514
Ethiopia,Africa,ETH,Subnat,ETHr106,Ben-Gumz,2023,0.88,0.461,0.524,0.694,0.679,0.323,0.41,0.437,0.518
Ethiopia,Africa,ETH,Subnat,ETHr111,"Dire Dawa",2023,0.883,0.558,0.632,0.716,0.696,0.405,0.524,0.6,0.692
Ethiopia,Africa,ETH,Subnat,ETHr108,Gambela,2023,0.884,0.514,0.581,0.701,0.684,0.414,0.522,0.466,0.548
Ethiopia,Africa,ETH,Subnat,ETHr109,Harari,2023,0.868,0.541,0.623,0.749,0.722,0.369,0.505,0.573,0.663
Ethiopia,Africa,ETH,Subnat,ETHr104,Oromiya,2023,0.881,0.457,0.519,0.732,0.709,0.289,0.37,0.452,0.533
Ethiopia,Africa,ETH,Subnat,ETHr107,SNNP,2023,0.867,0.455,0.525,0.768,0.737,0.286,0.386,0.429,0.509
Ethiopia,Africa,ETH,Subnat,ETHr105,Somali,2023,0.813,0.385,0.473,0.672,0.661,0.2,0.319,0.423,0.502
Ethiopia,Africa,ETH,Subnat,ETHr101,Tigray,2023,0.945,0.515,0.545,0.799,0.762,0.34,0.361,0.502,0.587
Fiji,Asia/Pacific,FJI,National,FJIt,Total,2023,0.948,0.706,0.745,0.721,0.736,0.748,0.714,0.653,0.786
Fiji,Asia/Pacific,FJI,Subnat,FJIr108,Ba,2023,0.947,0.711,0.75,0.725,0.739,0.736,0.707,0.672,0.807
Fiji,Asia/Pacific,FJI,Subnat,FJIr106,"Cakaudrove, Bua",2023,0.956,0.672,0.703,0.721,0.736,0.689,0.637,0.611,0.74
Fiji,Asia/Pacific,FJI,Subnat,FJIr105,"Kadavu, Lau, Lomaiviti, Rotuma",2023,0.958,0.676,0.705,0.721,0.736,0.719,0.659,0.595,0.723
Fiji,Asia/Pacific,FJI,Subnat,FJIr107,Macuata,2023,0.96,0.711,0.741,0.721,0.736,0.751,0.692,0.665,0.8
Fiji,Asia/Pacific,FJI,Subnat,FJIr109,"Nadroga or Navosa",2023,0.954,0.686,0.719,0.721,0.736,0.721,0.672,0.622,0.752
Fiji,Asia/Pacific,FJI,Subnat,FJIr101,Naitasiri,2023,0.945,0.72,0.762,0.713,0.73,0.783,0.753,0.668,0.803
Fiji,Asia/Pacific,FJI,Subnat,FJIr110,Ra,2023,0.95,0.673,0.709,0.721,0.736,0.699,0.659,0.605,0.733
Fiji,Asia/Pacific,FJI,Subnat,FJIr102,Rewa,2023,0.945,0.722,0.764,0.746,0.757,0.771,0.747,0.655,0.788
Fiji,Asia/Pacific,FJI,Subnat,FJIr103,"Serua, Namosi",2023,0.951,0.699,0.735,0.721,0.736,0.747,0.705,0.634,0.766
Fiji,Asia/Pacific,FJI,Subnat,FJIr104,Tailevu,2023,0.938,0.699,0.745,0.721,0.736,0.744,0.731,0.637,0.769
Finland,Europe,FIN,National,FINt,Total,2023,0.992,0.943,0.951,0.956,0.949,0.939,0.926,0.934,0.98
Finland,Europe,FIN,Subnat,FINr105,Aland,2023,,,,0.975,0.987,,,0.939,0.985
Finland,Europe,FIN,Subnat,FINr103,Etela-Suomi,2023,0.993,0.934,0.941,0.958,0.947,0.929,0.915,0.915,0.96
Finland,Europe,FIN,Subnat,FINr102,Helsinki-Uusimaa,2023,0.995,0.96,0.965,0.96,0.956,0.951,0.94,0.971,1
Finland,Europe,FIN,Subnat,FINr101,Lansi-Suomi,2023,0.992,0.937,0.944,0.956,0.949,0.937,0.923,0.917,0.962
Finland,Europe,FIN,Subnat,FINr104,"Pohjois-ja Ita-Suomi",2023,0.993,0.932,0.938,0.95,0.939,0.935,0.919,0.911,0.957
France,Europe,FRA,National,FRAt,Total,2023,0.993,0.916,0.923,0.978,0.968,0.848,0.832,0.927,0.977
France,Europe,FRA,Subnat,FRAr110,Alsace,2023,0.988,0.908,0.919,0.971,0.971,0.844,0.83,0.912,0.961
France,Europe,FRA,Subnat,FRAr115,Aquitaine,2023,0.993,0.913,0.92,0.977,0.974,0.86,0.835,0.907,0.956
France,Europe,FRA,Subnat,FRAr119,Auvergne,2023,0.997,0.897,0.9,0.974,0.959,0.829,0.807,0.895,0.944
France,Europe,FRA,Subnat,FRAr106,Basse-Normandie,2023,1,0.89,0.89,0.968,0.946,0.82,0.796,0.889,0.937
France,Europe,FRA,Subnat,FRAr107,Bourgogne,2023,0.993,0.892,0.898,0.971,0.954,0.812,0.8,0.901,0.95
France,Europe,FRA,Subnat,FRAr113,Bretagne,2023,0.996,0.911,0.914,0.976,0.956,0.856,0.838,0.906,0.954
France,Europe,FRA,Subnat,FRAr105,Centre,2023,0.995,0.892,0.897,0.973,0.96,0.818,0.798,0.893,0.942
France,Europe,FRA,Subnat,FRAr102,Champagne-Ardenne,2023,0.996,0.89,0.894,0.968,0.948,0.802,0.787,0.91,0.958
France,Europe,FRA,Subnat,FRAr122,Corse,2023,1.001,0.873,0.872,0.982,0.979,0.766,0.726,0.884,0.932
France,Europe,FRA,Subnat,FRAr111,Franche-Comte,2023,0.988,0.891,0.901,0.974,0.964,0.82,0.815,0.885,0.933
France,Europe,FRA,Subnat,FRAr127,"French Guyana",2023,0.99,0.795,0.803,0.927,0.903,0.688,0.688,0.788,0.833
France,Europe,FRA,Subnat,FRAr125,Guadeloupe,2023,1.016,0.875,0.861,0.959,0.915,0.81,0.767,0.863,0.91
France,Europe,FRA,Subnat,FRAr104,Haute-Normandie,2023,0.994,0.898,0.903,0.959,0.943,0.834,0.818,0.906,0.955
France,Europe,FRA,Subnat,FRAr101,"Ile de France",2023,1.005,0.961,0.956,0.999,0.998,0.888,0.875,1,1
France,Europe,FRA,Subnat,FRAr120,Languedoc-Roussillon,2023,0.997,0.901,0.903,0.974,0.962,0.848,0.821,0.884,0.932
France,Europe,FRA,Subnat,FRAr117,Limousin,2023,0.993,0.892,0.898,0.974,0.959,0.827,0.814,0.881,0.929
France,Europe,FRA,Subnat,FRAr109,Lorraine,2023,0.989,0.883,0.893,0.959,0.951,0.817,0.807,0.879,0.927
France,Europe,FRA,Subnat,FRAr126,Martinique,2023,0.997,0.86,0.863,0.94,0.929,0.776,0.752,0.873,0.92
France,Europe,FRA,Subnat,FRAr129,Mayotte,2023,,,,0.809,0.883,,,0.742,0.785
France,Europe,FRA,Subnat,FRAr116,Midi-Pyrenees,2023,0.99,0.915,0.924,0.985,0.982,0.858,0.841,0.907,0.956
France,Europe,FRA,Subnat,FRAr108,Nord,2023,0.994,0.894,0.899,0.955,0.931,0.834,0.826,0.897,0.945
France,Europe,FRA,Subnat,FRAr112,"Pays de la Loire",2023,0.996,0.912,0.916,0.985,0.968,0.844,0.825,0.913,0.962
France,Europe,FRA,Subnat,FRAr103,Picardie,2023,0.99,0.875,0.883,0.957,0.942,0.791,0.785,0.884,0.932
France,Europe,FRA,Subnat,FRAr114,Poitou-Charentes,2023,0.998,0.9,0.901,0.977,0.953,0.831,0.813,0.897,0.945
France,Europe,FRA,Subnat,FRAr121,"Provence-Alpes-Cote dAzur",2023,0.993,0.917,0.924,0.982,0.974,0.843,0.824,0.932,0.982
France,Europe,FRA,Subnat,FRAr128,Reunion,2023,0.99,0.852,0.86,0.945,0.926,0.764,0.76,0.858,0.905
France,Europe,FRA,Subnat,FRAr118,Rhone-Alpes,2023,0.993,0.929,0.935,0.996,0.988,0.868,0.848,0.926,0.975
Gabon,Africa,GAB,National,GABt,Total,2023,0.994,0.728,0.733,0.747,0.745,0.701,0.637,0.738,0.83
Gabon,Africa,GAB,Subnat,GABr101,Estuaire,2023,0.995,0.745,0.749,0.737,0.737,0.743,0.673,0.755,0.847
Gabon,Africa,GAB,Subnat,GABr102,"Haut Ogooue",2023,0.971,0.695,0.716,0.74,0.739,0.647,0.629,0.701,0.79
Gabon,Africa,GAB,Subnat,GABr110,"Libreville-Port Gentil",2023,1.014,0.759,0.749,0.767,0.761,0.743,0.641,0.769,0.863
Gabon,Africa,GAB,Subnat,GABr103,"Moyen Ogooue",2023,0.973,0.679,0.698,0.762,0.757,0.605,0.586,0.681,0.768
Gabon,Africa,GAB,Subnat,GABr104,Ngounie,2023,0.955,0.647,0.677,0.727,0.728,0.569,0.575,0.655,0.741
Gabon,Africa,GAB,Subnat,GABr105,Nyanga,2023,0.942,0.649,0.689,0.73,0.731,0.577,0.609,0.65,0.736
Gabon,Africa,GAB,Subnat,GABr106,"Ogooue Ivindo",2023,0.952,0.618,0.649,0.659,0.674,0.571,0.572,0.626,0.71
Gabon,Africa,GAB,Subnat,GABr107,"Ogooue Lolo",2023,0.96,0.651,0.678,0.717,0.721,0.579,0.576,0.664,0.751
Gabon,Africa,GAB,Subnat,GABr108,"Ogooue Maritime",2023,0.98,0.689,0.703,0.778,0.77,0.612,0.582,0.687,0.775
Gabon,Africa,GAB,Subnat,GABr109,"Woleu Ntem",2023,0.957,0.676,0.707,0.69,0.699,0.645,0.644,0.696,0.784
Gambia,Africa,GMB,National,GMBt,Total,2023,0.959,0.515,0.537,0.693,0.718,0.403,0.418,0.49,0.517
Gambia,Africa,GMB,Subnat,GMBr101,Banjul,2023,1.016,0.575,0.566,0.694,0.719,0.509,0.446,0.538,0.566
Gambia,Africa,GMB,Subnat,GMBr108,Basse,2023,0.934,0.435,0.466,0.703,0.727,0.268,0.301,0.435,0.461
Gambia,Africa,GMB,Subnat,GMBr103,Brikama,2023,0.971,0.548,0.564,0.701,0.725,0.464,0.465,0.505,0.532
Gambia,Africa,GMB,Subnat,GMBr107,Janjabureh,2023,0.966,0.407,0.421,0.68,0.707,0.257,0.258,0.384,0.409
Gambia,Africa,GMB,Subnat,GMBr102,Kanifing,2023,0.965,0.569,0.589,0.698,0.722,0.487,0.497,0.542,0.571
Gambia,Africa,GMB,Subnat,GMBr105,Kerewan,2023,0.939,0.461,0.49,0.69,0.715,0.32,0.351,0.443,0.469
Gambia,Africa,GMB,Subnat,GMBr106,Kuntaur,2023,0.985,0.36,0.365,0.655,0.687,0.188,0.176,0.379,0.403
Gambia,Africa,GMB,Subnat,GMBr104,Mansakonko,2023,0.938,0.456,0.486,0.655,0.687,0.34,0.37,0.424,0.45
Georgia,Asia/Pacific,GEO,National,GEOt,Total,2023,1.009,0.846,0.838,0.871,0.801,0.899,0.878,0.772,0.837
Georgia,Asia/Pacific,GEO,Subnat,GEOr102,Ajaria,2023,0.996,0.845,0.848,0.86,0.793,0.884,0.897,0.792,0.858
Georgia,Asia/Pacific,GEO,Subnat,GEOr103,Guria,2023,1.004,0.8,0.796,0.857,0.79,0.796,0.786,0.749,0.813
Georgia,Asia/Pacific,GEO,Subnat,GEOr104,"Imereti Racha-Lochkhumi Kvemo Svaneti",2023,0.998,0.838,0.839,0.883,0.811,0.871,0.879,0.766,0.83
Georgia,Asia/Pacific,GEO,Subnat,GEOr105,Kakheti,2023,1.012,0.802,0.793,0.835,0.773,0.849,0.815,0.729,0.792
Georgia,Asia/Pacific,GEO,Subnat,GEOr106,"Kvemo Kartli",2023,1,0.823,0.823,0.884,0.811,0.828,0.833,0.762,0.826
Georgia,Asia/Pacific,GEO,Subnat,GEOr107,Mtskheta-Mtianeti,2023,1.023,0.836,0.817,0.871,0.801,0.892,0.835,0.752,0.816
Georgia,Asia/Pacific,GEO,Subnat,GEOr108,"Samegrelo-Zemo Svateni",2023,1.003,0.806,0.804,0.856,0.789,0.835,0.825,0.734,0.797
Georgia,Asia/Pacific,GEO,Subnat,GEOr109,Samtskhe-Javakheti,2023,0.998,0.813,0.814,0.881,0.809,0.813,0.82,0.751,0.815
Georgia,Asia/Pacific,GEO,Subnat,GEOr110,"Shida Kartli",2023,0.999,0.818,0.818,0.888,0.815,0.831,0.837,0.741,0.804
Georgia,Asia/Pacific,GEO,Subnat,GEOr111,Tbilisi,2023,1.013,0.878,0.867,0.873,0.803,0.963,0.931,0.806,0.872
Germany,Europe,DEU,National,DEUt,Total,2023,0.975,0.946,0.97,0.942,0.946,0.95,0.965,0.945,1
Germany,Europe,DEU,Subnat,DEUr101,Baden-Wurttemberg,2023,0.973,0.955,0.982,0.957,0.969,0.948,0.976,0.961,1
Germany,Europe,DEU,Subnat,DEUr102,Bayern,2023,0.978,0.952,0.973,0.952,0.959,0.935,0.96,0.969,1
Germany,Europe,DEU,Subnat,DEUr103,Berlin,2023,0.986,0.966,0.981,0.948,0.945,1,0.997,0.952,1
Germany,Europe,DEU,Subnat,DEUr104,Brandenburg,2023,0.99,0.931,0.94,0.945,0.931,0.946,0.932,0.902,0.957
Germany,Europe,DEU,Subnat,DEUr105,Bremen,2023,0.986,0.951,0.964,0.923,0.919,0.952,0.974,0.977,1
Germany,Europe,DEU,Subnat,DEUr106,Hamburg,2023,0.995,0.975,0.98,0.943,0.948,0.984,0.992,1,1
Germany,Europe,DEU,Subnat,DEUr107,Hessen,2023,0.978,0.949,0.97,0.943,0.954,0.942,0.957,0.961,1
Germany,Europe,DEU,Subnat,DEUr108,Mecklenburg-Vorpommern,2023,0.991,0.927,0.935,0.937,0.919,0.953,0.939,0.893,0.949
Germany,Europe,DEU,Subnat,DEUr109,Niedersachsen,2023,0.972,0.932,0.958,0.935,0.939,0.93,0.95,0.93,0.987
Germany,Europe,DEU,Subnat,DEUr110,Nordrhein-Westfalen,2023,0.973,0.941,0.967,0.933,0.94,0.953,0.966,0.938,0.995
Germany,Europe,DEU,Subnat,DEUr111,Rheinland-Pfalz,2023,0.971,0.933,0.961,0.938,0.947,0.933,0.95,0.929,0.985
Germany,Europe,DEU,Subnat,DEUr112,Saarland,2023,0.976,0.932,0.955,0.923,0.922,0.952,0.967,0.92,0.976
Germany,Europe,DEU,Subnat,DEUr113,Sachsen,2023,0.988,0.947,0.959,0.955,0.939,0.979,0.974,0.907,0.963
Germany,Europe,DEU,Subnat,DEUr114,Sachsen-Anhalt,2023,0.996,0.928,0.932,0.928,0.905,0.957,0.935,0.901,0.956
Germany,Europe,DEU,Subnat,DEUr115,Schleswig-Holstein,2023,0.969,0.923,0.952,0.934,0.944,0.919,0.94,0.917,0.973
Germany,Europe,DEU,Subnat,DEUr116,Thuringen,2023,0.988,0.931,0.942,0.935,0.925,0.963,0.95,0.897,0.952
Ghana,Africa,GHA,National,GHAt,Total,2023,0.933,0.607,0.651,0.699,0.702,0.519,0.598,0.617,0.657
Ghana,Africa,GHA,Subnat,GHAr106,Ashanti,2023,0.938,0.631,0.673,0.695,0.699,0.573,0.651,0.632,0.671
Ghana,Africa,GHA,Subnat,GHAr107,"Brong Ahafo",2023,0.946,0.591,0.624,0.706,0.708,0.488,0.54,0.597,0.636
Ghana,Africa,GHA,Subnat,GHAr102,Central,2023,0.921,0.611,0.664,0.693,0.697,0.54,0.646,0.61,0.649
Ghana,Africa,GHA,Subnat,GHAr105,Eastern,2023,0.947,0.631,0.666,0.702,0.704,0.584,0.644,0.611,0.651
Ghana,Africa,GHA,Subnat,GHAr103,"Greater Accra",2023,0.938,0.675,0.72,0.755,0.747,0.612,0.706,0.666,0.707
Ghana,Africa,GHA,Subnat,GHAr108,Northern,2023,0.903,0.5,0.554,0.681,0.687,0.317,0.4,0.579,0.617
Ghana,Africa,GHA,Subnat,GHAr110,"Upper East",2023,0.91,0.557,0.612,0.686,0.692,0.432,0.532,0.583,0.621
Ghana,Africa,GHA,Subnat,GHAr109,"Upper West",2023,0.935,0.552,0.591,0.702,0.704,0.425,0.486,0.565,0.603
Ghana,Africa,GHA,Subnat,GHAr104,Volta,2023,0.932,0.592,0.635,0.666,0.675,0.526,0.601,0.593,0.632
Ghana,Africa,GHA,Subnat,GHAr101,Western,2023,0.933,0.608,0.652,0.696,0.7,0.523,0.603,0.617,0.656
Greece,Europe,GRC,National,GRCt,Total,2023,0.963,0.889,0.923,0.951,0.951,0.874,0.897,0.846,0.923
Greece,Europe,GRC,Subnat,GRCr105,"Anatoliki Makedonia, Thraki",2023,0.961,0.857,0.892,0.937,0.936,0.849,0.877,0.792,0.866
Greece,Europe,GRC,Subnat,GRCr101,Attiki,2023,0.96,0.912,0.95,0.948,0.953,0.896,0.927,0.892,0.971
Greece,Europe,GRC,Subnat,GRCr111,"Dytiki Ellada",2023,0.966,0.862,0.893,0.945,0.943,0.852,0.867,0.796,0.871
Greece,Europe,GRC,Subnat,GRCr107,"Dytiki Makedonia",2023,0.97,0.886,0.913,0.969,0.954,0.864,0.88,0.829,0.905
Greece,Europe,GRC,Subnat,GRCr110,"Ionia Nisia",2023,0.965,0.869,0.901,0.948,0.945,0.843,0.863,0.821,0.897
Greece,Europe,GRC,Subnat,GRCr108,Ipeiros,2023,0.969,0.877,0.905,0.987,0.978,0.867,0.88,0.789,0.863
Greece,Europe,GRC,Subnat,GRCr106,"Kentriki Makedonia",2023,0.966,0.873,0.904,0.941,0.939,0.874,0.891,0.809,0.884
Greece,Europe,GRC,Subnat,GRCr104,Kriti,2023,0.969,0.881,0.91,0.971,0.96,0.861,0.876,0.819,0.894
Greece,Europe,GRC,Subnat,GRCr103,"Notio Aigaio",2023,0.965,0.874,0.906,0.962,0.97,0.82,0.831,0.846,0.923
Greece,Europe,GRC,Subnat,GRCr113,Peloponnisos,2023,0.966,0.876,0.907,0.954,0.951,0.852,0.87,0.827,0.903
Greece,Europe,GRC,Subnat,GRCr112,"Sterea Ellada",2023,0.944,0.866,0.917,0.954,0.946,0.794,0.873,0.857,0.934
Greece,Europe,GRC,Subnat,GRCr109,Thessalia,2023,0.966,0.877,0.908,0.957,0.954,0.875,0.891,0.807,0.881
Greece,Europe,GRC,Subnat,GRCr102,"Voreio Aigaio",2023,0.962,0.863,0.897,0.974,0.976,0.857,0.878,0.769,0.842
Grenada,America,GRD,National,GRDt,Total,2023,0.984,0.783,0.796,0.859,0.844,0.786,0.763,0.71,0.781
Guatemala,America,GTM,National,GTMt,Total,2023,0.934,0.638,0.683,0.806,0.812,0.479,0.508,0.672,0.771
Guatemala,America,GTM,Subnat,GTMr105,Central,2023,0.939,0.651,0.693,0.798,0.806,0.499,0.521,0.691,0.792
Guatemala,America,GTM,Subnat,GTMr101,Metropolitan,2023,0.953,0.739,0.775,0.829,0.832,0.65,0.657,0.747,0.852
Guatemala,America,GTM,Subnat,GTMr102,North,2023,0.899,0.556,0.618,0.807,0.813,0.373,0.438,0.57,0.662
Guatemala,America,GTM,Subnat,GTMr107,North-Occidental,2023,0.896,0.553,0.618,0.778,0.79,0.348,0.413,0.626,0.722
Guatemala,America,GTM,Subnat,GTMr103,North-Oriental,2023,0.966,0.642,0.664,0.793,0.802,0.499,0.476,0.668,0.767
Guatemala,America,GTM,Subnat,GTMr108,Peten,2023,0.953,0.624,0.655,0.838,0.839,0.468,0.468,0.619,0.715
Guatemala,America,GTM,Subnat,GTMr106,South-Occidental,2023,0.924,0.615,0.665,0.812,0.817,0.43,0.471,0.666,0.765
Guatemala,America,GTM,Subnat,GTMr104,South-Oriental,2023,0.957,0.631,0.66,0.808,0.815,0.471,0.463,0.662,0.76
Guinea,Africa,GIN,National,GINt,Total,2023,0.828,0.451,0.545,0.606,0.646,0.31,0.437,0.489,0.574
Guinea,Africa,GIN,Subnat,GINr101,Boke,2023,0.821,0.425,0.518,0.581,0.626,0.277,0.395,0.478,0.562
Guinea,Africa,GIN,Subnat,GINr102,Conakry,2023,0.885,0.644,0.727,0.728,0.746,0.572,0.7,0.64,0.736
Guinea,Africa,GIN,Subnat,GINr103,Faranah,2023,0.778,0.381,0.489,0.581,0.626,0.213,0.355,0.445,0.527
Guinea,Africa,GIN,Subnat,GINr104,Kankan,2023,0.798,0.372,0.466,0.564,0.612,0.188,0.291,0.483,0.567
Guinea,Africa,GIN,Subnat,GINr105,Kindia,2023,0.83,0.448,0.539,0.579,0.624,0.322,0.444,0.482,0.566
Guinea,Africa,GIN,Subnat,GINr106,Labe,2023,0.85,0.398,0.468,0.604,0.645,0.24,0.308,0.434,0.515
Guinea,Africa,GIN,Subnat,GINr107,Mamou,2023,0.845,0.424,0.502,0.64,0.674,0.258,0.345,0.462,0.545
Guinea,Africa,GIN,Subnat,GINr108,"N Zerekore",2023,0.803,0.429,0.535,0.634,0.669,0.287,0.444,0.434,0.515
"Guinea Bissau",Africa,GNB,National,GNBt,Total,2023,0.878,0.485,0.553,0.675,0.679,0.374,0.493,0.452,0.504
"Guinea Bissau",Africa,GNB,Subnat,GNBr106,Bafata,2023,0.869,0.461,0.531,0.765,0.751,0.292,0.404,0.44,0.492
"Guinea Bissau",Africa,GNB,Subnat,GNBr104,Biombo,2023,0.876,0.488,0.557,0.605,0.624,0.456,0.588,0.42,0.471
"Guinea Bissau",Africa,GNB,Subnat,GNBr109,Bissau,2023,0.912,0.587,0.643,0.673,0.678,0.544,0.645,0.552,0.609
"Guinea Bissau",Africa,GNB,Subnat,GNBr105,Bolama,2023,0.896,0.484,0.54,0.674,0.679,0.445,0.543,0.379,0.428
"Guinea Bissau",Africa,GNB,Subnat,GNBr108,Cacheu,2023,0.89,0.509,0.572,0.738,0.73,0.43,0.551,0.415,0.465
"Guinea Bissau",Africa,GNB,Subnat,GNBr107,Gabu,2023,0.855,0.389,0.455,0.574,0.598,0.239,0.328,0.43,0.482
"Guinea Bissau",Africa,GNB,Subnat,GNBr103,Oio,2023,0.815,0.417,0.512,0.714,0.711,0.248,0.41,0.411,0.461
"Guinea Bissau",Africa,GNB,Subnat,GNBr102,Quinara,2023,0.87,0.474,0.544,0.638,0.65,0.408,0.541,0.408,0.458
"Guinea Bissau",Africa,GNB,Subnat,GNBr101,Tombali,2023,0.858,0.462,0.538,0.696,0.696,0.349,0.493,0.405,0.455
Guyana,America,GUY,National,GUYt,Total,2023,0.992,0.771,0.777,0.791,0.754,0.662,0.641,0.875,0.971
Guyana,America,GUY,Subnat,GUYr101,Barima-Waini,2023,0.989,0.689,0.697,0.767,0.734,0.584,0.563,0.732,0.819
Guyana,America,GUY,Subnat,GUYr107,Cuyuni-Mazaruni,2023,0.991,0.718,0.724,0.753,0.724,0.628,0.602,0.781,0.871
Guyana,America,GUY,Subnat,GUYr104,Demerara-Mahaica,2023,0.995,0.792,0.796,0.798,0.759,0.699,0.673,0.891,0.988
Guyana,America,GUY,Subnat,GUYr106,"East Berbice-Corentyne",2023,0.991,0.762,0.768,0.825,0.781,0.609,0.596,0.879,0.975
Guyana,America,GUY,Subnat,GUYr103,"Essequibo Islands-West Demerara",2023,0.996,0.765,0.768,0.761,0.73,0.655,0.624,0.898,0.995
Guyana,America,GUY,Subnat,GUYr105,Mahaica-Berbice,2023,0.985,0.761,0.773,0.791,0.754,0.637,0.632,0.874,0.97
Guyana,America,GUY,Subnat,GUYr102,Pomeroon-Supenaam,2023,0.982,0.722,0.734,0.771,0.738,0.586,0.581,0.832,0.924
Guyana,America,GUY,Subnat,GUYr108,Potaro-Siparuni,2023,1,0.696,0.696,0.791,0.754,0.596,0.558,0.715,0.801
Guyana,America,GUY,Subnat,GUYr110,"Upper Demerara-Berbice",2023,0.979,0.793,0.811,0.76,0.729,0.731,0.734,0.899,0.996
Guyana,America,GUY,Subnat,GUYr109,"Upper Takutu-Upper Essequibo",2023,0.988,0.713,0.722,0.821,0.777,0.617,0.604,0.716,0.802
Haiti,America,HTI,National,HTIt,Total,2023,0.932,0.534,0.573,0.705,0.68,0.459,0.51,0.471,0.542
Haiti,America,HTI,Subnat,HTIr105,Artibonite,2023,0.915,0.498,0.544,0.703,0.679,0.405,0.471,0.434,0.503
Haiti,America,HTI,Subnat,HTIr106,Centre,2023,0.923,0.485,0.525,0.691,0.67,0.393,0.443,0.418,0.487
Haiti,America,HTI,Subnat,HTIr108,"Grande-Anse, Nippes",2023,0.937,0.506,0.541,0.734,0.704,0.429,0.467,0.413,0.481
Haiti,America,HTI,Subnat,HTIr103,North,2023,0.941,0.551,0.586,0.765,0.728,0.462,0.505,0.474,0.546
Haiti,America,HTI,Subnat,HTIr104,North-East,2023,0.927,0.523,0.564,0.717,0.69,0.436,0.492,0.458,0.529
Haiti,America,HTI,Subnat,HTIr109,North-West,2023,0.933,0.527,0.564,0.755,0.72,0.448,0.499,0.431,0.501
Haiti,America,HTI,Subnat,HTIr107,South,2023,0.938,0.521,0.555,0.747,0.714,0.434,0.474,0.437,0.506
Haiti,America,HTI,Subnat,HTIr102,South-East,2023,0.936,0.515,0.55,0.719,0.692,0.43,0.471,0.441,0.511
Haiti,America,HTI,Subnat,HTIr101,"West (incl Metropolitain area)",2023,0.931,0.563,0.605,0.672,0.655,0.508,0.566,0.523,0.598
Honduras,America,HND,National,HNDt,Total,2023,0.964,0.633,0.657,0.815,0.813,0.529,0.539,0.588,0.646
Honduras,America,HND,Subnat,HNDr101,Atlantida,2023,0.975,0.642,0.658,0.803,0.803,0.542,0.534,0.607,0.665
Honduras,America,HND,Subnat,HNDr106,Choluteca,2023,0.966,0.596,0.617,0.794,0.795,0.49,0.492,0.544,0.6
Honduras,America,HND,Subnat,HNDr102,Colon,2023,0.971,0.614,0.632,0.8,0.8,0.49,0.488,0.59,0.648
Honduras,America,HND,Subnat,HNDr103,Comayagua,2023,0.973,0.62,0.637,0.823,0.819,0.494,0.49,0.587,0.645
Honduras,America,HND,Subnat,HNDr104,Copan,2023,0.958,0.581,0.607,0.813,0.811,0.419,0.436,0.577,0.634
Honduras,America,HND,Subnat,HNDr105,Cortes,2023,0.952,0.671,0.704,0.828,0.823,0.581,0.618,0.628,0.687
Honduras,America,HND,Subnat,HNDr107,"El Paraiso",2023,0.978,0.602,0.616,0.81,0.808,0.485,0.472,0.556,0.612
Honduras,America,HND,Subnat,HNDr108,"Francisco Morazan",2023,0.967,0.691,0.714,0.816,0.813,0.658,0.665,0.614,0.673
Honduras,America,HND,Subnat,HNDr109,"Gracias a Dios",2023,0.954,0.563,0.59,0.762,0.769,0.53,0.542,0.442,0.493
Honduras,America,HND,Subnat,HNDr110,Intibuca,2023,0.942,0.576,0.611,0.795,0.796,0.443,0.48,0.542,0.598
Honduras,America,HND,Subnat,HNDr111,"Islas de la Bahia",2023,0.948,0.658,0.695,0.83,0.825,0.568,0.612,0.605,0.663
Honduras,America,HND,Subnat,HNDr112,"La Paz",2023,0.952,0.603,0.633,0.817,0.815,0.489,0.516,0.548,0.604
Honduras,America,HND,Subnat,HNDr113,Lempira,2023,0.976,0.559,0.572,0.81,0.808,0.399,0.389,0.541,0.596
Honduras,America,HND,Subnat,HNDr114,Ocotepeque,2023,0.973,0.603,0.62,0.811,0.809,0.458,0.453,0.591,0.649
Honduras,America,HND,Subnat,HNDr115,Olancho,2023,0.968,0.59,0.61,0.823,0.82,0.45,0.453,0.556,0.612
Honduras,America,HND,Subnat,HNDr116,"Santa Barbara",2023,0.953,0.602,0.632,0.823,0.819,0.455,0.481,0.581,0.639
Honduras,America,HND,Subnat,HNDr117,Valle,2023,0.973,0.604,0.621,0.794,0.796,0.496,0.489,0.56,0.616
Honduras,America,HND,Subnat,HNDr118,Yoro,2023,0.967,0.622,0.643,0.823,0.82,0.5,0.506,0.584,0.641
Hungary,Europe,HUN,National,HUNt,Total,2023,0.989,0.864,0.874,0.888,0.865,0.846,0.836,0.86,0.924
Hungary,Europe,HUN,Subnat,HUNr107,Del-Alfold,2023,0.99,0.862,0.871,0.89,0.864,0.842,0.831,0.855,0.919
Hungary,Europe,HUN,Subnat,HUNr104,Del-Dunantul,2023,0.991,0.855,0.862,0.89,0.872,0.83,0.81,0.845,0.909
Hungary,Europe,HUN,Subnat,HUNr106,Eszak-Alfold,2023,0.99,0.845,0.853,0.882,0.856,0.816,0.806,0.838,0.901
Hungary,Europe,HUN,Subnat,HUNr105,Eszak-Magyarorszag,2023,0.984,0.829,0.843,0.868,0.842,0.785,0.79,0.837,0.9
Hungary,Europe,HUN,Subnat,HUNr102,Kozep-Dunantul,2023,0.984,0.859,0.873,0.893,0.87,0.793,0.796,0.895,0.96
Hungary,Europe,HUN,Subnat,HUNr101,Kozep-Magyarorszag,2023,0.998,0.945,0.946,0.906,0.905,0.951,0.936,0.978,1
Hungary,Europe,HUN,Subnat,HUNr103,Nyugat-Dunantul,2023,0.98,0.871,0.889,0.907,0.891,0.82,0.826,0.889,0.954
Iceland,Europe,ISL,National,ISLt,Total,2023,0.983,0.959,0.975,0.954,0.977,0.966,0.95,0.957,1
India,Asia/Pacific,IND,National,INDt,Total,2023,0.874,0.631,0.722,0.786,0.816,0.554,0.625,0.576,0.738
India,Asia/Pacific,IND,Subnat,INDr136,"Andaman and Nicobar Islands",2023,0.917,0.705,0.769,0.842,0.861,0.647,0.648,0.644,0.815
India,Asia/Pacific,IND,Subnat,INDr101,"Andhra Pradesh",2023,0.877,0.629,0.717,0.793,0.822,0.523,0.586,0.601,0.767
India,Asia/Pacific,IND,Subnat,INDr125,"Arunachal Pradesh",2023,0.893,0.673,0.754,0.848,0.866,0.592,0.64,0.607,0.772
India,Asia/Pacific,IND,Subnat,INDr102,Assam,2023,0.897,0.611,0.681,0.797,0.825,0.558,0.575,0.513,0.667
India,Asia/Pacific,IND,Subnat,INDr103,Bihar,2023,0.835,0.555,0.665,0.753,0.788,0.46,0.578,0.494,0.646
India,Asia/Pacific,IND,Subnat,INDr131,Chandigarth,2023,0.914,0.75,0.82,0.826,0.849,0.744,0.754,0.685,0.861
India,Asia/Pacific,IND,Subnat,INDr129,Chhattisgarh,2023,0.876,0.613,0.7,0.776,0.808,0.535,0.594,0.554,0.714
India,Asia/Pacific,IND,Subnat,INDr132,"Dadra and Nagar Haveli",2023,0.874,0.609,0.697,0.803,0.829,0.505,0.569,0.559,0.718
India,Asia/Pacific,IND,Subnat,INDr134,"Daman and Diu",2023,0.895,0.665,0.743,0.842,0.861,0.568,0.608,0.615,0.782
India,Asia/Pacific,IND,Subnat,INDr104,Goa,2023,0.916,0.758,0.828,0.862,0.878,0.736,0.75,0.687,0.863
India,Asia/Pacific,IND,Subnat,INDr105,Gujarat,2023,0.864,0.627,0.726,0.797,0.825,0.507,0.597,0.61,0.777
India,Asia/Pacific,IND,Subnat,INDr106,Haryana,2023,0.881,0.682,0.774,0.791,0.819,0.617,0.688,0.65,0.822
India,Asia/Pacific,IND,Subnat,INDr107,"Himachal Pradesh",2023,0.905,0.711,0.786,0.818,0.842,0.681,0.707,0.647,0.818
India,Asia/Pacific,IND,Subnat,INDr108,"Jammu and Kashmir",2023,0.886,0.705,0.796,0.85,0.868,0.65,0.722,0.635,0.804
India,Asia/Pacific,IND,Subnat,INDr128,Jharkhand,2023,0.853,0.582,0.682,0.772,0.804,0.503,0.598,0.507,0.66
India,Asia/Pacific,IND,Subnat,INDr109,Karnataka,2023,0.888,0.663,0.747,0.82,0.843,0.58,0.634,0.613,0.78
India,Asia/Pacific,IND,Subnat,INDr110,Kerala,2023,0.938,0.765,0.816,0.876,0.89,0.783,0.739,0.653,0.825
India,Asia/Pacific,IND,Subnat,INDr135,Lakshadweep,2023,0.913,0.71,0.778,0.786,0.816,0.695,0.697,0.655,0.827
India,Asia/Pacific,IND,Subnat,INDr111,"Madhya Pradesh",2023,0.856,0.592,0.692,0.766,0.799,0.496,0.588,0.546,0.705
India,Asia/Pacific,IND,Subnat,INDr112,Maharashtra,2023,0.883,0.682,0.772,0.824,0.847,0.625,0.694,0.616,0.783
India,Asia/Pacific,IND,Subnat,INDr113,Manipur,2023,0.888,0.674,0.759,0.821,0.845,0.674,0.728,0.552,0.711
India,Asia/Pacific,IND,Subnat,INDr114,Meghalaya,2023,0.93,0.657,0.706,0.796,0.823,0.635,0.592,0.561,0.721
India,Asia/Pacific,IND,Subnat,INDr115,Mizoram,2023,0.912,0.708,0.776,0.819,0.843,0.674,0.682,0.643,0.813
India,Asia/Pacific,IND,Subnat,INDr116,Nagaland,2023,0.913,0.678,0.743,0.818,0.842,0.656,0.655,0.582,0.745
India,Asia/Pacific,IND,Subnat,INDr124,"New Delhi",2023,0.91,0.731,0.804,0.812,0.837,0.719,0.736,0.669,0.843
India,Asia/Pacific,IND,Subnat,INDr117,Orissa,2023,0.869,0.596,0.686,0.783,0.813,0.507,0.575,0.534,0.691
India,Asia/Pacific,IND,Subnat,INDr133,Puducherry,2023,0.915,0.74,0.808,0.869,0.884,0.706,0.717,0.661,0.833
India,Asia/Pacific,IND,Subnat,INDr118,Punjab,2023,0.92,0.7,0.761,0.8,0.827,0.644,0.635,0.665,0.839
India,Asia/Pacific,IND,Subnat,INDr119,Rajasthan,2023,0.845,0.626,0.741,0.792,0.82,0.515,0.646,0.601,0.767
India,Asia/Pacific,IND,Subnat,INDr120,Sikkim,2023,0.921,0.713,0.774,0.839,0.859,0.693,0.683,0.623,0.791
India,Asia/Pacific,IND,Subnat,INDr121,"Tamil Nadu",2023,0.907,0.688,0.759,0.83,0.852,0.642,0.66,0.612,0.778
India,Asia/Pacific,IND,Subnat,INDr130,Telangana,2023,0.874,0.645,0.738,0.811,0.836,0.543,0.62,0.608,0.774
India,Asia/Pacific,IND,Subnat,INDr126,Tripura,2023,0.878,0.614,0.699,0.773,0.805,0.561,0.615,0.534,0.69
India,Asia/Pacific,IND,Subnat,INDr123,"Uttar Pradesh",2023,0.848,0.589,0.695,0.75,0.786,0.507,0.614,0.538,0.695
India,Asia/Pacific,IND,Subnat,INDr127,Uttaranchal,2023,0.883,0.67,0.759,0.786,0.815,0.62,0.682,0.618,0.785
India,Asia/Pacific,IND,Subnat,INDr122,"West Bengal",2023,0.899,0.63,0.701,0.817,0.841,0.562,0.582,0.545,0.703
Indonesia,Asia/Pacific,IDN,National,IDNt,Total,2023,0.945,0.704,0.745,0.781,0.793,0.657,0.663,0.681,0.787
Indonesia,Asia/Pacific,IDN,Subnat,IDNr116,Bali,2023,0.925,0.721,0.779,0.788,0.799,0.659,0.714,0.721,0.83
Indonesia,Asia/Pacific,IDN,Subnat,IDNr109,"Bangka Belitung",2023,0.934,0.688,0.736,0.737,0.756,0.625,0.649,0.706,0.814
Indonesia,Asia/Pacific,IDN,Subnat,IDNr115,Banten,2023,0.939,0.703,0.749,0.764,0.779,0.645,0.664,0.704,0.811
Indonesia,Asia/Pacific,IDN,Subnat,IDNr107,Bengkulu,2023,0.954,0.719,0.753,0.802,0.81,0.685,0.675,0.676,0.782
Indonesia,Asia/Pacific,IDN,Subnat,IDNr112,"Central Java",2023,0.947,0.703,0.742,0.806,0.814,0.633,0.638,0.681,0.787
Indonesia,Asia/Pacific,IDN,Subnat,IDNr121,"Central Kalimantan",2023,0.942,0.682,0.723,0.773,0.786,0.635,0.644,0.645,0.748
Indonesia,Asia/Pacific,IDN,Subnat,IDNr125,"Central Sulawesi",2023,0.953,0.689,0.724,0.753,0.769,0.679,0.663,0.641,0.744
Indonesia,Asia/Pacific,IDN,Subnat,IDNr101,"DI Aceh",2023,0.954,0.713,0.747,0.778,0.79,0.709,0.694,0.657,0.761
Indonesia,Asia/Pacific,IDN,Subnat,IDNr113,"DI Yogyakarta",2023,0.946,0.754,0.798,0.817,0.823,0.756,0.77,0.694,0.801
Indonesia,Asia/Pacific,IDN,Subnat,IDNr110,"DKI Jakarta",2023,0.95,0.76,0.799,0.802,0.811,0.744,0.746,0.734,0.844
Indonesia,Asia/Pacific,IDN,Subnat,IDNr114,"East Java",2023,0.946,0.703,0.743,0.783,0.794,0.645,0.649,0.688,0.795
Indonesia,Asia/Pacific,IDN,Subnat,IDNr123,"East Kalimantan",2023,0.948,0.726,0.766,0.794,0.804,0.688,0.692,0.701,0.808
Indonesia,Asia/Pacific,IDN,Subnat,IDNr118,"East Nusa Tenggara",2023,0.941,0.649,0.69,0.755,0.771,0.627,0.63,0.578,0.676
Indonesia,Asia/Pacific,IDN,Subnat,IDNr128,Gorontalo,2023,0.974,0.676,0.694,0.717,0.739,0.667,0.604,0.645,0.748
Indonesia,Asia/Pacific,IDN,Subnat,IDNr130,"Irian Jaya (Papua and Papua Barat)",2023,0.91,0.64,0.704,0.682,0.71,0.634,0.694,0.606,0.707
Indonesia,Asia/Pacific,IDN,Subnat,IDNr105,Jambi,2023,0.943,0.698,0.74,0.771,0.784,0.647,0.656,0.682,0.788
Indonesia,Asia/Pacific,IDN,Subnat,IDNr108,Lampung,2023,0.95,0.696,0.733,0.781,0.793,0.64,0.636,0.674,0.78
Indonesia,Asia/Pacific,IDN,Subnat,IDNr129,Maluku,2023,0.947,0.694,0.733,0.726,0.747,0.725,0.716,0.634,0.736
Indonesia,Asia/Pacific,IDN,Subnat,IDNr124,"North Sulawesi",2023,0.976,0.73,0.747,0.753,0.77,0.759,0.691,0.679,0.784
Indonesia,Asia/Pacific,IDN,Subnat,IDNr102,"North Sumatra",2023,0.948,0.713,0.751,0.777,0.789,0.697,0.695,0.668,0.773
Indonesia,Asia/Pacific,IDN,Subnat,IDNr104,"Riau (incl. Riau islands)",2023,0.954,0.719,0.754,0.787,0.798,0.689,0.679,0.686,0.792
Indonesia,Asia/Pacific,IDN,Subnat,IDNr122,"South Kalimantan",2023,0.939,0.688,0.732,0.762,0.777,0.643,0.657,0.665,0.769
Indonesia,Asia/Pacific,IDN,Subnat,IDNr126,"South Sulawesi (incl Sulawesi Barat)",2023,0.966,0.706,0.731,0.779,0.791,0.678,0.641,0.666,0.771
Indonesia,Asia/Pacific,IDN,Subnat,IDNr106,"South Sumatra",2023,0.949,0.698,0.736,0.781,0.793,0.648,0.646,0.672,0.777
Indonesia,Asia/Pacific,IDN,Subnat,IDNr127,"Southeast Sulawesi",2023,0.95,0.7,0.737,0.749,0.766,0.697,0.686,0.657,0.761
Indonesia,Asia/Pacific,IDN,Subnat,IDNr111,"West Java",2023,0.94,0.704,0.749,0.788,0.799,0.64,0.659,0.693,0.799
Indonesia,Asia/Pacific,IDN,Subnat,IDNr120,"West Kalimantan",2023,0.941,0.676,0.718,0.803,0.811,0.594,0.609,0.647,0.75
Indonesia,Asia/Pacific,IDN,Subnat,IDNr117,"West Nusa Tenggara",2023,0.931,0.685,0.736,0.783,0.795,0.63,0.665,0.651,0.754
Indonesia,Asia/Pacific,IDN,Subnat,IDNr103,"West Sumatra",2023,0.973,0.738,0.758,0.799,0.808,0.748,0.694,0.673,0.778
Iran,Asia/Pacific,IRN,National,IRNt,Total,2023,0.875,0.724,0.828,0.879,0.897,0.754,0.746,0.573,0.848
Iran,Asia/Pacific,IRN,Subnat,IRNr125,Ardebil,2023,0.847,0.68,0.802,0.828,0.855,0.679,0.728,0.558,0.83
Iran,Asia/Pacific,IRN,Subnat,IRNr119,Bushehr,2023,0.869,0.733,0.844,0.878,0.896,0.762,0.774,0.59,0.868
Iran,Asia/Pacific,IRN,Subnat,IRNr115,"Chaharmahal and Bakhtiyari",2023,0.875,0.72,0.823,0.892,0.907,0.727,0.72,0.576,0.852
Iran,Asia/Pacific,IRN,Subnat,IRNr104,EastAzarbayejan,2023,0.864,0.707,0.818,0.876,0.895,0.703,0.721,0.574,0.849
Iran,Asia/Pacific,IRN,Subnat,IRNr111,Esfahan,2023,0.895,0.763,0.852,0.884,0.901,0.826,0.77,0.607,0.889
Iran,Asia/Pacific,IRN,Subnat,IRNr108,Fars,2023,0.881,0.736,0.835,0.878,0.896,0.782,0.759,0.58,0.856
Iran,Asia/Pacific,IRN,Subnat,IRNr102,Gilan,2023,0.883,0.731,0.828,0.897,0.912,0.783,0.752,0.556,0.827
Iran,Asia/Pacific,IRN,Subnat,IRNr128,Golestan,2023,0.858,0.696,0.811,0.891,0.907,0.678,0.709,0.557,0.829
Iran,Asia/Pacific,IRN,Subnat,IRNr114,Hamedan,2023,0.86,0.694,0.808,0.88,0.898,0.664,0.692,0.573,0.848
Iran,Asia/Pacific,IRN,Subnat,IRNr123,Hormozgan,2023,0.868,0.693,0.799,0.881,0.898,0.687,0.692,0.551,0.821
Iran,Asia/Pacific,IRN,Subnat,IRNr117,Ilam,2023,0.868,0.734,0.846,0.898,0.912,0.768,0.782,0.575,0.85
Iran,Asia/Pacific,IRN,Subnat,IRNr109,Kerman,2023,0.884,0.709,0.803,0.881,0.898,0.739,0.704,0.548,0.818
Iran,Asia/Pacific,IRN,Subnat,IRNr106,Kermanshah,2023,0.861,0.715,0.831,0.887,0.904,0.7,0.731,0.589,0.868
Iran,Asia/Pacific,IRN,Subnat,IRNr110,Khorasan-e-Razavi,2023,0.875,0.709,0.81,0.871,0.89,0.715,0.705,0.572,0.847
Iran,Asia/Pacific,IRN,Subnat,IRNr107,Khuzestan,2023,0.867,0.724,0.835,0.883,0.9,0.716,0.734,0.599,0.88
Iran,Asia/Pacific,IRN,Subnat,IRNr118,"Kohgiluyeh and Boyerahmad",2023,0.833,0.699,0.839,0.874,0.892,0.7,0.797,0.558,0.83
Iran,Asia/Pacific,IRN,Subnat,IRNr113,Kordestan,2023,0.833,0.66,0.791,0.834,0.86,0.588,0.669,0.585,0.862
Iran,Asia/Pacific,IRN,Subnat,IRNr116,Lorestan,2023,0.86,0.701,0.816,0.876,0.895,0.694,0.721,0.567,0.841
Iran,Asia/Pacific,IRN,Subnat,IRNr101,Markazi,2023,0.866,0.714,0.825,0.877,0.895,0.727,0.742,0.571,0.845
Iran,Asia/Pacific,IRN,Subnat,IRNr103,Mazandaran,2023,0.881,0.748,0.849,0.899,0.914,0.812,0.79,0.574,0.849
Iran,Asia/Pacific,IRN,Subnat,IRNr129,"North Khorasan",2023,0.857,0.669,0.78,0.865,0.885,0.64,0.664,0.541,0.809
Iran,Asia/Pacific,IRN,Subnat,IRNr127,Qazvin,2023,0.869,0.718,0.826,0.883,0.901,0.725,0.733,0.579,0.855
Iran,Asia/Pacific,IRN,Subnat,IRNr126,Qom,2023,0.864,0.734,0.849,0.893,0.909,0.761,0.785,0.581,0.858
Iran,Asia/Pacific,IRN,Subnat,IRNr121,Semnan,2023,0.888,0.752,0.847,0.881,0.899,0.836,0.792,0.577,0.853
Iran,Asia/Pacific,IRN,Subnat,IRNr112,"Sistanand Baluchestan",2023,0.823,0.602,0.731,0.87,0.889,0.495,0.574,0.506,0.766
Iran,Asia/Pacific,IRN,Subnat,IRNr130,"South Khorasan",2023,0.86,0.68,0.791,0.861,0.882,0.668,0.687,0.547,0.816
Iran,Asia/Pacific,IRN,Subnat,IRNr124,"Tehran and Alborz",2023,0.896,0.767,0.856,0.883,0.9,0.897,0.826,0.57,0.845
Iran,Asia/Pacific,IRN,Subnat,IRNr105,WestAzarbayejan,2023,0.839,0.673,0.802,0.866,0.886,0.614,0.687,0.574,0.849
Iran,Asia/Pacific,IRN,Subnat,IRNr122,Yazd,2023,0.88,0.748,0.851,0.897,0.912,0.788,0.774,0.593,0.872
Iran,Asia/Pacific,IRN,Subnat,IRNr120,Zanjan,2023,0.857,0.692,0.807,0.876,0.894,0.688,0.717,0.549,0.819
Iraq,Asia/Pacific,IRQ,National,IRQt,Total,2023,0.793,0.592,0.747,0.793,0.814,0.514,0.625,0.509,0.817
Iraq,Asia/Pacific,IRQ,Subnat,IRQr107,Anbar,2023,0.76,0.574,0.756,0.8,0.82,0.478,0.658,0.495,0.799
Iraq,Asia/Pacific,IRQ,Subnat,IRQr109,Babylon,2023,0.784,0.582,0.743,0.814,0.831,0.5,0.626,0.486,0.788
Iraq,Asia/Pacific,IRQ,Subnat,IRQr108,Baghdad,2023,0.816,0.615,0.753,0.805,0.824,0.555,0.624,0.52,0.831
Iraq,Asia/Pacific,IRQ,Subnat,IRQr118,Basra,2023,0.792,0.572,0.723,0.762,0.789,0.501,0.604,0.491,0.794
Iraq,Asia/Pacific,IRQ,Subnat,IRQr106,Diala,2023,0.802,0.603,0.752,0.782,0.805,0.546,0.643,0.514,0.823
Iraq,Asia/Pacific,IRQ,Subnat,IRQr101,Dohouk,2023,0.819,0.617,0.754,0.811,0.829,0.547,0.612,0.531,0.844
Iraq,Asia/Pacific,IRQ,Subnat,IRQr105,Erbil,2023,0.791,0.606,0.766,0.803,0.822,0.524,0.648,0.53,0.843
Iraq,Asia/Pacific,IRQ,Subnat,IRQr110,Kerbela,2023,0.799,0.579,0.724,0.76,0.787,0.518,0.606,0.493,0.796
Iraq,Asia/Pacific,IRQ,Subnat,IRQr117,Maysan,2023,0.75,0.531,0.708,0.787,0.809,0.395,0.561,0.482,0.783
Iraq,Asia/Pacific,IRQ,Subnat,IRQr115,Muthanna,2023,0.737,0.534,0.725,0.803,0.822,0.374,0.568,0.508,0.816
Iraq,Asia/Pacific,IRQ,Subnat,IRQr113,Najaf,2023,0.78,0.56,0.717,0.794,0.815,0.471,0.592,0.468,0.766
Iraq,Asia/Pacific,IRQ,Subnat,IRQr102,Nenava,2023,0.781,0.594,0.76,0.794,0.815,0.514,0.656,0.514,0.823
Iraq,Asia/Pacific,IRQ,Subnat,IRQr114,Qadisiya,2023,0.792,0.585,0.739,0.787,0.809,0.502,0.612,0.507,0.814
Iraq,Asia/Pacific,IRQ,Subnat,IRQr112,Salaheldeen,2023,0.769,0.587,0.763,0.786,0.808,0.494,0.661,0.521,0.831
Iraq,Asia/Pacific,IRQ,Subnat,IRQr103,Suleimaniya,2023,0.817,0.62,0.759,0.803,0.822,0.569,0.639,0.521,0.832
Iraq,Asia/Pacific,IRQ,Subnat,IRQr104,Ta-amem-Karkuk,2023,0.807,0.615,0.762,0.772,0.797,0.575,0.665,0.523,0.834
Iraq,Asia/Pacific,IRQ,Subnat,IRQr116,Thi-Qar,2023,0.784,0.586,0.748,0.805,0.824,0.491,0.62,0.51,0.819
Iraq,Asia/Pacific,IRQ,Subnat,IRQr111,Wasit,2023,0.782,0.561,0.717,0.768,0.794,0.483,0.6,0.475,0.774
Ireland,Europe,IRL,National,IRLt,Total,2023,1.001,0.95,0.949,0.954,0.967,0.898,0.884,1,1
Ireland,Europe,IRL,Subnat,IRLr101,Border,2023,0.987,0.907,0.919,0.952,0.967,0.886,0.858,0.885,0.936
Ireland,Europe,IRL,Subnat,IRLr104,Dublin,2023,0.996,0.951,0.954,0.949,0.963,0.905,0.902,1,1
Ireland,Europe,IRL,Subnat,IRLr105,Mid-East,2023,0.98,0.933,0.952,0.954,0.974,0.899,0.885,0.947,1
Ireland,Europe,IRL,Subnat,IRLr106,Mid-West,2023,0.986,0.929,0.942,0.936,0.952,0.895,0.878,0.956,1
Ireland,Europe,IRL,Subnat,IRLr102,Midland,2023,0.982,0.907,0.924,0.947,0.969,0.89,0.87,0.885,0.936
Ireland,Europe,IRL,Subnat,IRLr107,South-East,2023,0.984,0.923,0.938,0.946,0.963,0.889,0.867,0.937,0.989
Ireland,Europe,IRL,Subnat,IRLr108,South-West,2023,1.003,0.949,0.946,0.949,0.956,0.902,0.886,1,1
Ireland,Europe,IRL,Subnat,IRLr103,West,2023,0.986,0.936,0.949,0.958,0.97,0.903,0.881,0.947,0.999
Israel,Asia/Pacific,ISR,National,ISRt,Total,2023,0.994,0.915,0.921,0.955,0.964,0.883,0.85,0.909,0.953
Italy,Europe,ITA,National,ITAt,Total,2023,0.975,0.901,0.925,0.973,0.986,0.837,0.816,0.899,0.983
Italy,Europe,ITA,Subnat,ITAr105,Abruzzo,2023,0.987,0.902,0.914,0.976,0.979,0.865,0.819,0.869,0.952
Italy,Europe,ITA,Subnat,ITAr109,Basilicata,2023,0.971,0.873,0.9,0.968,0.973,0.786,0.781,0.876,0.958
Italy,Europe,ITA,Subnat,ITAr110,Calabria,2023,0.968,0.851,0.88,0.957,0.97,0.788,0.781,0.819,0.898
Italy,Europe,ITA,Subnat,ITAr107,Campania,2023,0.97,0.861,0.888,0.946,0.961,0.81,0.798,0.832,0.912
Italy,Europe,ITA,Subnat,ITAr117,Emilia-Romagna,2023,0.974,0.924,0.948,0.978,1,0.868,0.852,0.928,1
Italy,Europe,ITA,Subnat,ITAr116,"Friuli-Venezia Giulia",2023,0.976,0.914,0.936,0.981,0.989,0.852,0.831,0.913,0.998
Italy,Europe,ITA,Subnat,ITAr121,Lazio,2023,0.977,0.923,0.945,0.979,0.99,0.876,0.852,0.918,1
Italy,Europe,ITA,Subnat,ITAr103,Liguria,2023,0.97,0.905,0.933,0.973,0.984,0.835,0.828,0.911,0.996
Italy,Europe,ITA,Subnat,ITAr104,Lombardia,2023,0.987,0.923,0.935,0.984,0.995,0.847,0.823,0.944,1
Italy,Europe,ITA,Subnat,ITAr120,Marche,2023,0.981,0.912,0.929,0.982,0.995,0.869,0.83,0.889,0.973
Italy,Europe,ITA,Subnat,ITAr106,Molise,2023,0.973,0.88,0.905,0.968,0.973,0.823,0.812,0.855,0.937
Italy,Europe,ITA,Subnat,ITAr101,Piemonte,2023,0.97,0.905,0.932,0.971,0.982,0.842,0.834,0.905,0.99
Italy,Europe,ITA,Subnat,ITAr113,"Provincia Autonoma di Bolzano",2023,0.994,0.919,0.925,0.988,0.998,0.804,0.792,0.976,1
Italy,Europe,ITA,Subnat,ITAr114,"Provincia Autonoma di Trento",2023,0.986,0.929,0.942,0.998,1,0.852,0.836,0.944,1
Italy,Europe,ITA,Subnat,ITAr108,Puglia,2023,0.971,0.863,0.888,0.971,0.986,0.789,0.774,0.837,0.918
Italy,Europe,ITA,Subnat,ITAr112,Sardegna,2023,0.982,0.878,0.893,0.968,0.97,0.821,0.789,0.85,0.932
Italy,Europe,ITA,Subnat,ITAr111,Sicilia,2023,0.968,0.851,0.88,0.951,0.967,0.788,0.779,0.824,0.904
Italy,Europe,ITA,Subnat,ITAr118,Toscana,2023,0.977,0.916,0.938,0.981,0.996,0.864,0.833,0.909,0.993
Italy,Europe,ITA,Subnat,ITAr119,Umbria,2023,0.979,0.905,0.925,0.985,0.996,0.86,0.829,0.876,0.958
Italy,Europe,ITA,Subnat,ITAr102,"Valle dAosta",2023,0.986,0.895,0.908,0.962,0.986,0.791,0.76,0.943,1
Italy,Europe,ITA,Subnat,ITAr115,Veneto,2023,0.977,0.91,0.931,0.985,0.996,0.832,0.81,0.918,1
Jamaica,America,JAM,National,JAMt,Total,2023,1.013,0.723,0.713,0.792,0.792,0.717,0.634,0.665,0.723
Jamaica,America,JAM,Subnat,JAMr101,"Kingston, St Andrew",2023,0.995,0.725,0.729,0.775,0.778,0.723,0.673,0.68,0.74
Jamaica,America,JAM,Subnat,JAMr106,"Manchester, Clarendon",2023,1.016,0.721,0.71,0.802,0.8,0.72,0.631,0.65,0.708
Jamaica,America,JAM,Subnat,JAMr103,"St Ann, St Catherine",2023,1.025,0.741,0.723,0.827,0.821,0.736,0.634,0.667,0.725
Jamaica,America,JAM,Subnat,JAMr105,"St James, Hanover, Westmoreland",2023,1.015,0.715,0.704,0.768,0.772,0.715,0.624,0.667,0.725
Jamaica,America,JAM,Subnat,JAMr102,"St Thomas, Portland, St Mary",2023,1.02,0.715,0.7,0.793,0.792,0.706,0.611,0.652,0.71
Jamaica,America,JAM,Subnat,JAMr104,"Trelawny, St Elizabeth",2023,1.015,0.704,0.693,0.793,0.792,0.675,0.593,0.652,0.71
Japan,Asia/Pacific,JPN,National,JPNt,Total,2023,0.97,0.909,0.938,1,0.988,0.842,0.866,0.893,0.964
Japan,Asia/Pacific,JPN,Subnat,JPNr108,"Chugoku (Tottori, Shimane, Okayama, Hiroshima, Yamaguchi)",2023,0.974,0.906,0.93,1,0.99,0.844,0.854,0.881,0.951
Japan,Asia/Pacific,JPN,Subnat,JPNr101,Hokkaido,2023,0.965,0.881,0.913,0.994,0.978,0.794,0.833,0.865,0.935
Japan,Asia/Pacific,JPN,Subnat,JPNr105,"Hokuriku (Niigata, Toyama, Ishikawa, Fukui)",2023,0.963,0.888,0.922,1,0.989,0.79,0.83,0.886,0.956
Japan,Asia/Pacific,JPN,Subnat,JPNr107,"Kansai region (Shiga, Kyoto, Osaka, Hyogo, Nara, Wakayama)",2023,0.974,0.913,0.938,1,0.985,0.863,0.878,0.883,0.953
Japan,Asia/Pacific,JPN,Subnat,JPNr110,"Kyushu (Fukuoka, Saga, Nagasaki, Kumamoto, Oita, Miyazaki, Kagoshima, Okinawa)",2023,0.972,0.889,0.915,1,0.984,0.816,0.837,0.862,0.931
Japan,Asia/Pacific,JPN,Subnat,JPNr103,"Northern-Kanto, Koshin (Ibaraki, Tochigi, Gunma)",2023,0.97,0.898,0.925,0.993,0.979,0.812,0.836,0.897,0.968
Japan,Asia/Pacific,JPN,Subnat,JPNr109,"Shikoku (Tokushima, Kagawa, Ehime, Kochi)",2023,0.977,0.892,0.913,1,0.982,0.814,0.825,0.87,0.94
Japan,Asia/Pacific,JPN,Subnat,JPNr104,"Southern-Kanto (Saitama, Chiba, Tokyo, Kanagawa, Yamanashi, Nagano)",2023,0.969,0.934,0.964,1,0.991,0.892,0.919,0.913,0.984
Japan,Asia/Pacific,JPN,Subnat,JPNr102,"Tohoku (Aomori, Iwate, Miyagi, Akita, Yamagata, Fukushima)",2023,0.969,0.878,0.906,0.994,0.978,0.779,0.807,0.873,0.943
Japan,Asia/Pacific,JPN,Subnat,JPNr106,"Toukai (Gifu, Shizuoka, Aichi, Mie)",2023,0.969,0.909,0.938,1,0.99,0.826,0.85,0.909,0.981
Jordan,Asia/Pacific,JOR,National,JORt,Total,2023,0.861,0.677,0.787,0.888,0.896,0.7,0.715,0.5,0.76
Jordan,Asia/Pacific,JOR,Subnat,JORr108,Aljoun,2023,0.863,0.681,0.789,0.888,0.896,0.724,0.733,0.492,0.749
Jordan,Asia/Pacific,JOR,Subnat,JORr101,Amman,2023,0.862,0.688,0.798,0.9,0.906,0.714,0.73,0.508,0.769
Jordan,Asia/Pacific,JOR,Subnat,JORr112,Aqaba,2023,0.871,0.671,0.77,0.888,0.896,0.68,0.671,0.5,0.76
Jordan,Asia/Pacific,JOR,Subnat,JORr102,Balqa,2023,0.864,0.684,0.791,0.915,0.918,0.694,0.708,0.503,0.763
Jordan,Asia/Pacific,JOR,Subnat,JORr105,Irbid,2023,0.858,0.663,0.773,0.819,0.84,0.721,0.732,0.493,0.751
Jordan,Asia/Pacific,JOR,Subnat,JORr107,Jarash,2023,0.865,0.673,0.778,0.888,0.896,0.692,0.697,0.497,0.756
Jordan,Asia/Pacific,JOR,Subnat,JORr109,Karak,2023,0.86,0.667,0.776,0.888,0.896,0.675,0.692,0.495,0.754
Jordan,Asia/Pacific,JOR,Subnat,JORr111,Maan,2023,0.845,0.661,0.782,0.888,0.896,0.65,0.703,0.5,0.76
Jordan,Asia/Pacific,JOR,Subnat,JORr104,Madaba,2023,0.857,0.664,0.775,0.846,0.861,0.698,0.716,0.496,0.755
Jordan,Asia/Pacific,JOR,Subnat,JORr106,Mafraq,2023,0.855,0.634,0.742,0.888,0.896,0.593,0.615,0.485,0.741
Jordan,Asia/Pacific,JOR,Subnat,JORr110,Tafiela,2023,0.865,0.676,0.782,0.888,0.896,0.695,0.702,0.5,0.76
Jordan,Asia/Pacific,JOR,Subnat,JORr103,Zarqa,2023,0.86,0.667,0.775,0.88,0.889,0.679,0.694,0.496,0.754
Kazakhstan,Asia/Pacific,KAZ,National,KAZt,Total,2023,1.004,0.837,0.833,0.86,0.809,0.812,0.802,0.839,0.891
Kazakhstan,Asia/Pacific,KAZ,Subnat,KAZr101,"Almaty city",2023,1.003,0.868,0.865,0.835,0.789,0.897,0.888,0.872,0.925
Kazakhstan,Asia/Pacific,KAZ,Subnat,KAZr104,"Central region (Karagandinskaya)",2023,1.019,0.864,0.848,0.902,0.844,0.842,0.802,0.85,0.903
Kazakhstan,Asia/Pacific,KAZ,Subnat,KAZr106,"East region (East-Kazakhstanskaya)",2023,1.013,0.827,0.816,0.817,0.774,0.833,0.795,0.833,0.885
Kazakhstan,Asia/Pacific,KAZ,Subnat,KAZr105,"North region (Akmolinskaya (incl Astana city), Kostnaiskaya, Pavlodarskaya, North-Kazakhstanskaya)",2023,1.004,0.85,0.847,0.893,0.837,0.821,0.814,0.838,0.891
Kazakhstan,Asia/Pacific,KAZ,Subnat,KAZr102,"South region (Almatinskaya, Zhambylskaya, Kyzylordinskaya, South-Kazakhstanskaya)",2023,0.999,0.819,0.82,0.842,0.795,0.785,0.784,0.831,0.883
Kazakhstan,Asia/Pacific,KAZ,Subnat,KAZr103,"West region (Aktyubinskaya, Atyrauskaya, Mangistauskaya, West-Kazakhstanskaya)",2023,1.003,0.829,0.826,0.861,0.811,0.795,0.788,0.831,0.883
Kenya,Africa,KEN,National,KENt,Total,2023,0.944,0.61,0.646,0.668,0.676,0.586,0.63,0.58,0.633
Kenya,Africa,KEN,Subnat,KENr102,Central,2023,0.961,0.642,0.668,0.665,0.674,0.636,0.65,0.627,0.682
Kenya,Africa,KEN,Subnat,KENr103,Coast,2023,0.918,0.581,0.633,0.674,0.681,0.512,0.599,0.569,0.621
Kenya,Africa,KEN,Subnat,KENr104,Eastern,2023,0.952,0.605,0.635,0.689,0.694,0.574,0.603,0.56,0.612
Kenya,Africa,KEN,Subnat,KENr101,Nairobi,2023,0.96,0.679,0.707,0.667,0.676,0.701,0.721,0.67,0.726
Kenya,Africa,KEN,Subnat,KENr108,"North Eastern",2023,0.83,0.44,0.53,0.678,0.685,0.243,0.384,0.516,0.566
Kenya,Africa,KEN,Subnat,KENr105,Nyanza,2023,0.933,0.583,0.625,0.642,0.655,0.577,0.637,0.535,0.586
Kenya,Africa,KEN,Subnat,KENr106,"Rift Valley",2023,0.944,0.601,0.637,0.675,0.682,0.572,0.616,0.563,0.615
Kenya,Africa,KEN,Subnat,KENr107,Western,2023,0.942,0.592,0.628,0.652,0.663,0.59,0.633,0.539,0.59
Kiribati,Asia/Pacific,KIR,National,KIRt,Total,2023,0.976,0.634,0.65,0.703,0.724,0.654,0.614,0.555,0.619
Kiribati,Asia/Pacific,KIR,Subnat,KIRr103,"Central Gibert",2023,0.966,0.584,0.604,0.654,0.684,0.627,0.591,0.485,0.545
Kiribati,Asia/Pacific,KIR,Subnat,KIRr105,"Line and Phoenix Group",2023,0.992,0.62,0.625,0.717,0.736,0.628,0.56,0.529,0.591
Kiribati,Asia/Pacific,KIR,Subnat,KIRr102,"Northern Gilbert",2023,0.977,0.605,0.619,0.736,0.752,0.609,0.569,0.495,0.555
Kiribati,Asia/Pacific,KIR,Subnat,KIRr104,"Southern Gilbert",2023,0.971,0.602,0.62,0.711,0.732,0.63,0.596,0.487,0.547
Kiribati,Asia/Pacific,KIR,Subnat,KIRr101,"Souyth Tarawa",2023,0.973,0.663,0.681,0.692,0.715,0.678,0.642,0.621,0.688
"Korea, Rep.",Asia/Pacific,KOR,National,KORt,Total,2023,0.959,0.915,0.954,0.995,0.98,0.856,0.914,0.899,0.969
"Korea, Rep.",Asia/Pacific,KOR,Subnat,KORr101,"Capital Region",2023,0.964,0.946,0.982,0.997,0.991,0.935,0.974,0.909,0.98
"Korea, Rep.",Asia/Pacific,KOR,Subnat,KORr105,"Chungcheong Region",2023,0.95,0.891,0.937,0.991,0.974,0.78,0.858,0.915,0.986
"Korea, Rep.",Asia/Pacific,KOR,Subnat,KORr106,"Gangwon Region",2023,1.026,0.93,0.906,0.997,0.976,0.926,0.811,0.871,0.94
"Korea, Rep.",Asia/Pacific,KOR,Subnat,KORr103,"Gyeongbuk Region",2023,0.926,0.833,0.9,0.977,0.968,0.656,0.774,0.902,0.973
"Korea, Rep.",Asia/Pacific,KOR,Subnat,KORr102,"Gyeongnam Region",2023,0.951,0.907,0.954,0.988,0.973,0.875,0.957,0.864,0.932
"Korea, Rep.",Asia/Pacific,KOR,Subnat,KORr107,Jeju,2023,0.951,0.877,0.922,0.987,0.958,0.801,0.888,0.854,0.923
"Korea, Rep.",Asia/Pacific,KOR,Subnat,KORr104,"Jeolla Region",2023,0.953,0.891,0.935,0.996,0.963,0.801,0.888,0.885,0.955
Kuwait,Asia/Pacific,KWT,National,KWTt,Total,2023,1.011,0.849,0.84,0.913,0.95,0.781,0.625,0.859,0.998
Kuwait,Asia/Pacific,KWT,Subnat,KWTr102,Ahmadi,2023,0.993,0.85,0.855,0.913,0.95,0.784,0.662,0.857,0.995
Kuwait,Asia/Pacific,KWT,Subnat,KWTr101,"Al Asimah, Hawalli, Al-Farwaniyah, Mubarak al-Sabah",2023,1.019,0.851,0.835,0.913,0.95,0.783,0.613,0.86,0.999
Kuwait,Asia/Pacific,KWT,Subnat,KWTr103,Al-Jahra,2023,0.996,0.833,0.837,0.913,0.95,0.742,0.622,0.855,0.993
Kyrgyzstan,Asia/Pacific,KGZ,National,KGZt,Total,2023,0.959,0.701,0.731,0.812,0.78,0.756,0.755,0.562,0.663
Kyrgyzstan,Asia/Pacific,KGZ,Subnat,KGZr108,Batken,2023,0.963,0.682,0.709,0.825,0.791,0.692,0.684,0.556,0.658
Kyrgyzstan,Asia/Pacific,KGZ,Subnat,KGZr101,Bishkek,2023,0.962,0.739,0.769,0.803,0.772,0.849,0.843,0.593,0.697
Kyrgyzstan,Asia/Pacific,KGZ,Subnat,KGZr103,Chuy,2023,0.961,0.708,0.736,0.836,0.8,0.742,0.74,0.571,0.673
Kyrgyzstan,Asia/Pacific,KGZ,Subnat,KGZr102,Issyk-Kul,2023,0.968,0.704,0.727,0.805,0.774,0.764,0.742,0.567,0.67
Kyrgyzstan,Asia/Pacific,KGZ,Subnat,KGZr105,Jalal-Abad,2023,0.952,0.675,0.709,0.803,0.773,0.709,0.72,0.54,0.64
Kyrgyzstan,Asia/Pacific,KGZ,Subnat,KGZr107,Naryn,2023,0.969,0.686,0.708,0.783,0.756,0.77,0.739,0.536,0.635
Kyrgyzstan,Asia/Pacific,KGZ,Subnat,KGZr106,Osh,2023,0.952,0.678,0.711,0.811,0.779,0.713,0.725,0.537,0.637
Kyrgyzstan,Asia/Pacific,KGZ,Subnat,KGZr104,Talas,2023,0.969,0.683,0.705,0.798,0.769,0.726,0.699,0.551,0.652
Lao,Asia/Pacific,LAO,National,LAOt,Total,2023,0.911,0.583,0.64,0.75,0.758,0.417,0.503,0.635,0.688
Lao,Asia/Pacific,LAO,Subnat,LAOr117,Attapeu,2023,0.901,0.559,0.621,0.717,0.731,0.402,0.496,0.607,0.659
Lao,Asia/Pacific,LAO,Subnat,LAOr105,Bokeo,2023,0.884,0.549,0.62,0.717,0.731,0.361,0.473,0.637,0.69
Lao,Asia/Pacific,LAO,Subnat,LAOr111,Borikhamxay,2023,0.917,0.619,0.675,0.774,0.778,0.446,0.533,0.688,0.743
Lao,Asia/Pacific,LAO,Subnat,LAOr116,Champasack,2023,0.91,0.576,0.633,0.759,0.766,0.388,0.472,0.648,0.702
Lao,Asia/Pacific,LAO,Subnat,LAOr107,Huaphanh,2023,0.887,0.546,0.616,0.767,0.772,0.369,0.482,0.577,0.627
Lao,Asia/Pacific,LAO,Subnat,LAOr112,Khammuane,2023,0.909,0.567,0.624,0.704,0.72,0.412,0.494,0.631,0.683
Lao,Asia/Pacific,LAO,Subnat,LAOr103,Luangnamtha,2023,0.894,0.545,0.609,0.76,0.767,0.344,0.44,0.618,0.67
Lao,Asia/Pacific,LAO,Subnat,LAOr106,Luangprabang,2023,0.895,0.562,0.627,0.79,0.791,0.378,0.484,0.593,0.644
Lao,Asia/Pacific,LAO,Subnat,LAOr104,Oudomxay,2023,0.89,0.541,0.607,0.692,0.711,0.388,0.494,0.588,0.639
Lao,Asia/Pacific,LAO,Subnat,LAOr102,Phongsaly,2023,0.925,0.527,0.57,0.693,0.711,0.377,0.427,0.561,0.611
Lao,Asia/Pacific,LAO,Subnat,LAOr114,Saravane,2023,0.88,0.495,0.563,0.694,0.712,0.314,0.412,0.558,0.608
Lao,Asia/Pacific,LAO,Subnat,LAOr113,Savannakhet,2023,0.907,0.543,0.599,0.723,0.736,0.36,0.438,0.614,0.666
Lao,Asia/Pacific,LAO,Subnat,LAOr108,Sayabury,2023,0.932,0.638,0.685,0.867,0.855,0.453,0.525,0.663,0.717
Lao,Asia/Pacific,LAO,Subnat,LAOr115,Sekong,2023,0.886,0.545,0.616,0.786,0.788,0.355,0.468,0.582,0.633
Lao,Asia/Pacific,LAO,Subnat,LAOr101,"Vientiane Municipality",2023,0.952,0.714,0.75,0.836,0.829,0.598,0.649,0.726,0.783
Lao,Asia/Pacific,LAO,Subnat,LAOr110,"Vientiane Province",2023,0.902,0.592,0.656,0.738,0.748,0.427,0.53,0.659,0.713
Lao,Asia/Pacific,LAO,Subnat,LAOr109,Xiengkhuang,2023,0.899,0.604,0.672,0.766,0.772,0.448,0.565,0.642,0.695
Latvia,Europe,LVA,National,LVAt,Total,2023,,,,0.892,0.832,,,0.868,0.925
Latvia,Europe,LVA,Subnat,LVAr104,"Kurzeme region",2023,,,,0.884,0.822,,,0.82,0.875
Latvia,Europe,LVA,Subnat,LVAr106,"Latgale region",2023,,,,0.87,0.786,,,0.777,0.83
Latvia,Europe,LVA,Subnat,LVAr102,"Pieriga region",2023,,,,0.904,0.852,,,0.833,0.889
Latvia,Europe,LVA,Subnat,LVAr101,"Riga region",2023,,,,0.897,0.836,,,0.948,1
Latvia,Europe,LVA,Subnat,LVAr103,"Vidzeme region",2023,,,,0.895,0.83,,,0.802,0.857
Latvia,Europe,LVA,Subnat,LVAr105,"Zemgale region",2023,,,,0.889,0.836,,,0.786,0.84
Lebanon,Asia/Pacific,LBN,National,LBNt,Total,2023,0.992,0.749,0.755,0.881,0.896,0.771,0.621,0.62,0.774
Lebanon,Asia/Pacific,LBN,Subnat,LBNr101,Beirut,2023,1.014,0.726,0.716,0.881,0.896,0.704,0.532,0.617,0.77
Lebanon,Asia/Pacific,LBN,Subnat,LBNr104,Beqaa,2023,0.985,0.774,0.786,0.881,0.896,0.799,0.663,0.66,0.819
Lebanon,Asia/Pacific,LBN,Subnat,LBNr102,"Mount Lebanon",2023,0.974,0.742,0.761,0.881,0.896,0.723,0.618,0.641,0.797
Lebanon,Asia/Pacific,LBN,Subnat,LBNr103,Northern,2023,1,0.74,0.74,0.881,0.896,0.842,0.653,0.546,0.692
Lebanon,Asia/Pacific,LBN,Subnat,LBNr105,"Southern, Nabtieh",2023,1.017,0.776,0.763,0.881,0.896,0.829,0.622,0.641,0.797
Lesotho,Africa,LSO,National,LSOt,Total,2023,1.006,0.55,0.547,0.577,0.571,0.593,0.53,0.486,0.541
Lesotho,Africa,LSO,Subnat,LSOr103,Berea,2023,0.995,0.574,0.577,0.585,0.577,0.638,0.591,0.507,0.563
Lesotho,Africa,LSO,Subnat,LSOr101,Butha-Buthe,2023,1.011,0.546,0.54,0.589,0.58,0.586,0.516,0.472,0.526
Lesotho,Africa,LSO,Subnat,LSOr102,Leribe,2023,0.991,0.541,0.546,0.557,0.555,0.58,0.537,0.491,0.546
Lesotho,Africa,LSO,Subnat,LSOr105,Mafeteng,2023,1.009,0.541,0.536,0.597,0.587,0.568,0.504,0.466,0.521
Lesotho,Africa,LSO,Subnat,LSOr104,Maseru,2023,0.991,0.582,0.587,0.585,0.577,0.638,0.599,0.529,0.587
Lesotho,Africa,LSO,Subnat,LSOr106,"Mohale s Hoek",2023,1.028,0.531,0.517,0.589,0.58,0.571,0.476,0.447,0.5
Lesotho,Africa,LSO,Subnat,LSOr109,Mokhotlong,2023,1.057,0.495,0.468,0.57,0.566,0.525,0.398,0.405,0.456
Lesotho,Africa,LSO,Subnat,LSOr108,"Qasha s Nek",2023,1.034,0.528,0.51,0.608,0.595,0.546,0.45,0.443,0.496
Lesotho,Africa,LSO,Subnat,LSOr107,Quthing,2023,1,0.51,0.51,0.568,0.564,0.533,0.479,0.439,0.492
Lesotho,Africa,LSO,Subnat,LSOr110,Thaba-Tseka,2023,1.057,0.469,0.444,0.551,0.551,0.477,0.358,0.391,0.442
Liberia,Africa,LBR,National,LBRt,Total,2023,0.865,0.473,0.547,0.63,0.667,0.437,0.562,0.385,0.436
Liberia,Africa,LBR,Subnat,LBRr101,Bomi,2023,0.86,0.45,0.523,0.657,0.689,0.39,0.512,0.355,0.405
Liberia,Africa,LBR,Subnat,LBRr102,Bong,2023,0.848,0.432,0.51,0.665,0.696,0.354,0.485,0.343,0.393
Liberia,Africa,LBR,Subnat,LBRr103,Gbarpolu,2023,0.804,0.368,0.457,0.594,0.638,0.261,0.407,0.32,0.368
Liberia,Africa,LBR,Subnat,LBRr104,"Grand Bassa",2023,0.835,0.402,0.481,0.586,0.631,0.32,0.446,0.346,0.396
Liberia,Africa,LBR,Subnat,LBRr105,"Grand Cape Mount",2023,0.855,0.391,0.457,0.542,0.595,0.32,0.408,0.344,0.393
Liberia,Africa,LBR,Subnat,LBRr106,"Grand Gedeh",2023,0.835,0.448,0.536,0.629,0.666,0.393,0.558,0.364,0.414
Liberia,Africa,LBR,Subnat,LBRr107,"Grand Kru",2023,0.797,0.41,0.515,0.613,0.653,0.346,0.557,0.326,0.375
Liberia,Africa,LBR,Subnat,LBRr108,Lofa,2023,0.828,0.405,0.49,0.644,0.679,0.3,0.438,0.345,0.395
Liberia,Africa,LBR,Subnat,LBRr109,Margibi,2023,0.831,0.446,0.537,0.607,0.649,0.389,0.559,0.376,0.427
Liberia,Africa,LBR,Subnat,LBRr110,Maryland,2023,0.867,0.462,0.533,0.622,0.661,0.43,0.547,0.368,0.419
Liberia,Africa,LBR,Subnat,LBRr111,Montserrado,2023,0.897,0.549,0.611,0.636,0.672,0.581,0.679,0.446,0.501
Liberia,Africa,LBR,Subnat,LBRr112,Nimba,2023,0.86,0.454,0.528,0.661,0.693,0.399,0.525,0.355,0.405
Liberia,Africa,LBR,Subnat,LBRr113,"River Cess",2023,0.814,0.405,0.497,0.643,0.678,0.317,0.485,0.326,0.374
Liberia,Africa,LBR,Subnat,LBRr114,"River Gee",2023,0.839,0.453,0.54,0.639,0.675,0.405,0.57,0.359,0.409
Liberia,Africa,LBR,Subnat,LBRr115,Sinoe,2023,0.803,0.41,0.511,0.557,0.607,0.356,0.551,0.348,0.398
Libya,Africa,LBY,National,LBYt,Total,2023,0.955,0.7,0.733,0.737,0.781,0.642,0.596,0.725,0.847
Libya,Africa,LBY,Subnat,LBYr101,Cyrenaica,2023,0.969,0.695,0.718,0.737,0.781,0.643,0.571,0.709,0.83
Libya,Africa,LBY,Subnat,LBYr103,Fezzan,2023,0.961,0.7,0.728,0.737,0.781,0.662,0.601,0.703,0.823
Libya,Africa,LBY,Subnat,LBYr102,Tripolitania,2023,0.948,0.703,0.741,0.737,0.781,0.64,0.607,0.737,0.86
Liechtenstein,Europe,LIE,National,LIEt,Total,2023,0.964,0.919,0.954,0.966,0.99,0.804,0.877,1,1
Lithuania,Europe,LTU,National,LTUt,Total,2023,1.022,0.903,0.884,0.895,0.826,0.93,0.891,0.885,0.938
Lithuania,Europe,LTU,Subnat,LTUr101,"Alytus County",2023,1.027,0.872,0.849,0.9,0.817,0.905,0.867,0.814,0.864
Lithuania,Europe,LTU,Subnat,LTUr102,"Kaunas County",2023,1.022,0.91,0.891,0.904,0.835,0.941,0.902,0.885,0.938
Lithuania,Europe,LTU,Subnat,LTUr103,"Klaipeda County",2023,1.014,0.9,0.888,0.895,0.847,0.924,0.886,0.883,0.935
Lithuania,Europe,LTU,Subnat,LTUr104,"Marijampole County",2023,1.022,0.858,0.839,0.898,0.825,0.875,0.839,0.804,0.854
Lithuania,Europe,LTU,Subnat,LTUr105,"Panevezys County",2023,1.031,0.878,0.851,0.903,0.809,0.895,0.858,0.837,0.888
Lithuania,Europe,LTU,Subnat,LTUr106,"Siauliai County",2023,1.021,0.876,0.858,0.894,0.826,0.895,0.858,0.839,0.89
Lithuania,Europe,LTU,Subnat,LTUr107,"Taurage County",2023,1.036,0.854,0.824,0.903,0.798,0.87,0.834,0.792,0.842
Lithuania,Europe,LTU,Subnat,LTUr108,"Telsiai County",2023,1.026,0.875,0.853,0.909,0.827,0.889,0.852,0.829,0.88
Lithuania,Europe,LTU,Subnat,LTUr109,"Utena County",2023,1.024,0.862,0.841,0.879,0.804,0.897,0.86,0.812,0.862
Lithuania,Europe,LTU,Subnat,LTUr110,"Vilnius County",2023,1.022,0.943,0.923,0.907,0.838,0.979,0.938,0.946,1
Luxembourg,Europe,LUX,National,LUXt,Total,2023,0.996,0.919,0.922,0.944,0.97,0.829,0.808,0.991,1
Madagascar,Africa,MDG,National,MDGt,Total,2023,0.934,0.469,0.502,0.66,0.684,0.399,0.413,0.393,0.45
Madagascar,Africa,MDG,Subnat,MDGr112,"Alaotra Mangoro",2023,0.926,0.485,0.524,0.679,0.7,0.426,0.455,0.395,0.452
Madagascar,Africa,MDG,Subnat,MDGr101,Analamanga,2023,0.946,0.566,0.598,0.7,0.717,0.556,0.567,0.465,0.526
Madagascar,Africa,MDG,Subnat,MDGr111,Analanjirofo,2023,0.915,0.482,0.527,0.642,0.669,0.43,0.472,0.406,0.464
Madagascar,Africa,MDG,Subnat,MDGr106,"Anamoroni Mania",2023,0.93,0.458,0.493,0.636,0.664,0.412,0.426,0.367,0.423
Madagascar,Africa,MDG,Subnat,MDGr118,Androy,2023,1.006,0.412,0.409,0.691,0.71,0.305,0.25,0.332,0.386
Madagascar,Africa,MDG,Subnat,MDGr119,Anosy,2023,0.944,0.372,0.394,0.644,0.67,0.231,0.227,0.345,0.4
Madagascar,Africa,MDG,Subnat,MDGr117,"Atsimo Andrefana",2023,0.946,0.432,0.457,0.621,0.651,0.344,0.336,0.379,0.436
Madagascar,Africa,MDG,Subnat,MDGr109,"Atsimo Atsinanana",2023,0.846,0.375,0.443,0.65,0.676,0.241,0.33,0.337,0.391
Madagascar,Africa,MDG,Subnat,MDGr110,Atsinanana,2023,0.922,0.476,0.516,0.654,0.679,0.421,0.451,0.392,0.449
Madagascar,Africa,MDG,Subnat,MDGr115,Betsiboka,2023,0.931,0.411,0.441,0.633,0.661,0.301,0.309,0.363,0.419
Madagascar,Africa,MDG,Subnat,MDGr113,Boeny,2023,0.93,0.481,0.517,0.678,0.699,0.408,0.43,0.402,0.46
Madagascar,Africa,MDG,Subnat,MDGr104,Bongolava,2023,0.934,0.444,0.475,0.63,0.659,0.362,0.37,0.382,0.439
Madagascar,Africa,MDG,Subnat,MDGr121,Diana,2023,0.946,0.533,0.564,0.736,0.747,0.488,0.499,0.422,0.481
Madagascar,Africa,MDG,Subnat,MDGr105,"Haute Matsiatra",2023,0.956,0.485,0.507,0.662,0.686,0.448,0.431,0.383,0.44
Madagascar,Africa,MDG,Subnat,MDGr108,Ihorombe,2023,0.935,0.433,0.463,0.709,0.725,0.312,0.324,0.367,0.423
Madagascar,Africa,MDG,Subnat,MDGr103,Itasy,2023,0.954,0.474,0.497,0.7,0.717,0.393,0.385,0.388,0.445
Madagascar,Africa,MDG,Subnat,MDGr116,Melaky,2023,0.911,0.411,0.452,0.63,0.659,0.294,0.323,0.376,0.432
Madagascar,Africa,MDG,Subnat,MDGr120,Menabe,2023,0.906,0.364,0.402,0.646,0.672,0.211,0.236,0.353,0.409
Madagascar,Africa,MDG,Subnat,MDGr122,Sava,2023,0.915,0.483,0.528,0.719,0.732,0.393,0.44,0.4,0.457
Madagascar,Africa,MDG,Subnat,MDGr114,Sofia,2023,0.909,0.445,0.489,0.655,0.679,0.361,0.403,0.372,0.428
Madagascar,Africa,MDG,Subnat,MDGr102,Vakinankaratra,2023,0.934,0.469,0.502,0.656,0.681,0.409,0.421,0.385,0.442
Madagascar,Africa,MDG,Subnat,MDGr107,"Vatovavy Fitovinany",2023,0.919,0.424,0.462,0.569,0.609,0.377,0.393,0.356,0.411
Malawi,Africa,MWI,National,MWIt,Total,2023,0.925,0.497,0.537,0.739,0.717,0.422,0.485,0.394,0.447
Malawi,Africa,MWI,Subnat,MWIr101,Blantyre,2023,0.942,0.566,0.601,0.737,0.715,0.523,0.576,0.47,0.527
Malawi,Africa,MWI,Subnat,MWIr102,Kasungu,2023,0.934,0.522,0.559,0.798,0.763,0.448,0.508,0.397,0.451
Malawi,Africa,MWI,Subnat,MWIr109,Lilongwe,2023,0.933,0.508,0.545,0.754,0.728,0.43,0.485,0.404,0.457
Malawi,Africa,MWI,Subnat,MWIr103,Machinga,2023,0.924,0.472,0.511,0.74,0.717,0.384,0.441,0.371,0.422
Malawi,Africa,MWI,Subnat,MWIr104,Mangochi,2023,0.914,0.447,0.49,0.709,0.692,0.348,0.409,0.363,0.415
Malawi,Africa,MWI,Subnat,MWIr110,Mulanje,2023,0.927,0.494,0.533,0.742,0.718,0.421,0.481,0.386,0.439
Malawi,Africa,MWI,Subnat,MWIr105,Mzimba,2023,0.936,0.535,0.571,0.75,0.725,0.478,0.535,0.426,0.481
Malawi,Africa,MWI,Subnat,MWIr112,"Other central (Nkhota Kota, Mchinji, Dowa, Ntchisi, Dedza, Ntcheu)",2023,0.932,0.476,0.511,0.737,0.714,0.392,0.439,0.374,0.426
Malawi,Africa,MWI,Subnat,MWIr111,"Other northern (Chitipa, Karonga, Rumphi, Nkhata Bay)",2023,0.927,0.536,0.579,0.794,0.76,0.474,0.55,0.41,0.463
Malawi,Africa,MWI,Subnat,MWIr113,"Other southern (Balaka, Mwanza, Phalombe, Chiradzulu, Chikwawa, Nsanje, neno)",2023,0.91,0.481,0.529,0.724,0.704,0.405,0.486,0.38,0.432
Malawi,Africa,MWI,Subnat,MWIr106,Salima,2023,0.908,0.466,0.513,0.721,0.702,0.368,0.444,0.382,0.434
Malawi,Africa,MWI,Subnat,MWIr107,Thyolo,2023,0.904,0.466,0.515,0.687,0.675,0.394,0.475,0.374,0.426
Malawi,Africa,MWI,Subnat,MWIr108,Zomba,2023,0.935,0.508,0.544,0.738,0.716,0.449,0.5,0.396,0.449
Malaysia,Asia/Pacific,MYS,National,MYSt,Total,2023,0.973,0.805,0.828,0.875,0.873,0.729,0.712,0.818,0.911
Malaysia,Asia/Pacific,MYS,Subnat,MYSr101,Johor,2023,0.974,0.819,0.841,0.875,0.873,0.737,0.719,0.85,0.945
Malaysia,Asia/Pacific,MYS,Subnat,MYSr102,Kedah,2023,0.973,0.802,0.824,0.875,0.873,0.716,0.7,0.822,0.915
Malaysia,Asia/Pacific,MYS,Subnat,MYSr103,Kelantan,2023,0.97,0.771,0.795,0.875,0.873,0.693,0.681,0.756,0.846
Malaysia,Asia/Pacific,MYS,Subnat,MYSr114,"Kuala Lumpur Federal Territory",2023,0.981,0.865,0.881,0.875,0.873,0.858,0.819,0.861,0.957
Malaysia,Asia/Pacific,MYS,Subnat,MYSr115,"Labuan Federal Territory",2023,0.963,0.777,0.806,0.875,0.873,0.67,0.673,0.799,0.891
Malaysia,Asia/Pacific,MYS,Subnat,MYSr104,Melaka,2023,0.966,0.825,0.854,0.875,0.873,0.749,0.748,0.857,0.952
Malaysia,Asia/Pacific,MYS,Subnat,MYSr105,"Negeri Sembilan",2023,0.972,0.823,0.846,0.875,0.873,0.742,0.727,0.858,0.954
Malaysia,Asia/Pacific,MYS,Subnat,MYSr106,Pahang,2023,0.98,0.801,0.817,0.875,0.873,0.716,0.684,0.821,0.915
Malaysia,Asia/Pacific,MYS,Subnat,MYSr108,Perak,2023,0.971,0.808,0.833,0.875,0.873,0.716,0.705,0.844,0.938
Malaysia,Asia/Pacific,MYS,Subnat,MYSr109,Perlis,2023,0.969,0.797,0.823,0.875,0.873,0.707,0.699,0.82,0.913
Malaysia,Asia/Pacific,MYS,Subnat,MYSr107,"Pulau Pinang",2023,0.978,0.841,0.86,0.875,0.873,0.787,0.76,0.862,0.958
Malaysia,Asia/Pacific,MYS,Subnat,MYSr112,Sabah,2023,0.963,0.701,0.728,0.875,0.873,0.568,0.567,0.694,0.78
Malaysia,Asia/Pacific,MYS,Subnat,MYSr113,Sarawak,2023,0.953,0.731,0.767,0.875,0.873,0.604,0.624,0.738,0.826
Malaysia,Asia/Pacific,MYS,Subnat,MYSr110,Selangor,2023,0.98,0.86,0.877,0.875,0.873,0.84,0.804,0.866,0.962
Malaysia,Asia/Pacific,MYS,Subnat,MYSr111,Terengganu,2023,0.975,0.794,0.814,0.875,0.873,0.714,0.693,0.801,0.893
Maldives,Asia/Pacific,MDV,National,MDVt,Total,2023,0.986,0.755,0.766,0.928,0.957,0.64,0.569,0.725,0.826
Maldives,Asia/Pacific,MDV,Subnat,MDVr104,Central,2023,0.988,0.711,0.72,0.932,0.96,0.546,0.481,0.708,0.808
Maldives,Asia/Pacific,MDV,Subnat,MDVr101,Male,2023,0.983,0.792,0.806,0.922,0.952,0.721,0.647,0.747,0.85
Maldives,Asia/Pacific,MDV,Subnat,MDVr102,North,2023,0.98,0.72,0.734,0.924,0.954,0.569,0.513,0.709,0.809
Maldives,Asia/Pacific,MDV,Subnat,MDVr103,"North Central",2023,1.003,0.723,0.721,0.946,0.972,0.563,0.476,0.709,0.809
Maldives,Asia/Pacific,MDV,Subnat,MDVr106,South,2023,0.998,0.729,0.731,0.922,0.952,0.588,0.502,0.716,0.816
Maldives,Asia/Pacific,MDV,Subnat,MDVr105,"South Central",2023,0.988,0.728,0.736,0.933,0.961,0.581,0.512,0.712,0.812
Mali,Africa,MLI,National,MLIt,Total,2023,0.812,0.372,0.459,0.606,0.639,0.213,0.287,0.4,0.526
Mali,Africa,MLI,Subnat,MLIr108,Bamako,2023,0.83,0.524,0.631,0.719,0.731,0.389,0.527,0.513,0.653
Mali,Africa,MLI,Subnat,MLIr107,"Gao and Kidal",2023,0.811,0.339,0.418,0.672,0.693,0.171,0.23,0.337,0.457
Mali,Africa,MLI,Subnat,MLIr101,Kayes,2023,0.747,0.33,0.441,0.577,0.615,0.163,0.276,0.381,0.506
Mali,Africa,MLI,Subnat,MLIr102,Koulikoro,2023,0.821,0.376,0.458,0.614,0.646,0.22,0.286,0.394,0.52
Mali,Africa,MLI,Subnat,MLIr105,Mopti,2023,0.857,0.32,0.374,0.579,0.617,0.158,0.176,0.358,0.48
Mali,Africa,MLI,Subnat,MLIr104,Segou,2023,0.811,0.332,0.41,0.572,0.612,0.166,0.22,0.386,0.511
Mali,Africa,MLI,Subnat,MLIr103,Sikasso,2023,0.808,0.355,0.439,0.61,0.642,0.184,0.251,0.397,0.523
Mali,Africa,MLI,Subnat,MLIr106,Tombouctou,2023,0.796,0.289,0.363,0.577,0.615,0.122,0.168,0.343,0.463
Mauritania,Africa,MRT,National,MRTt,Total,2023,0.886,0.528,0.595,0.738,0.754,0.367,0.411,0.541,0.68
Mauritania,Africa,MRT,Subnat,MRTr107,Adrar,2023,0.879,0.547,0.622,0.65,0.682,0.459,0.514,0.548,0.687
Mauritania,Africa,MRT,Subnat,MRTr103,Assaba,2023,0.886,0.464,0.524,0.715,0.735,0.288,0.316,0.486,0.618
Mauritania,Africa,MRT,Subnat,MRTr105,Brakna,2023,0.899,0.506,0.564,0.736,0.752,0.336,0.359,0.525,0.662
Mauritania,Africa,MRT,Subnat,MRTr104,Gorgol,2023,0.893,0.451,0.505,0.72,0.739,0.274,0.293,0.466,0.596
Mauritania,Africa,MRT,Subnat,MRTr110,Guidimagha,2023,0.873,0.426,0.487,0.735,0.751,0.229,0.262,0.458,0.588
Mauritania,Africa,MRT,Subnat,MRTr101,"Hodh Charghi",2023,0.885,0.394,0.446,0.727,0.745,0.198,0.216,0.425,0.551
Mauritania,Africa,MRT,Subnat,MRTr102,"Hodh Gharbi",2023,0.925,0.45,0.487,0.725,0.743,0.26,0.251,0.484,0.617
Mauritania,Africa,MRT,Subnat,MRTr112,Inchiri,2023,0.914,0.601,0.657,0.66,0.69,0.537,0.543,0.611,0.758
Mauritania,Africa,MRT,Subnat,MRTr108,Nouadhibou,2023,0.943,0.675,0.715,0.748,0.762,0.611,0.582,0.672,0.826
Mauritania,Africa,MRT,Subnat,MRTr109,Tagant,2023,0.913,0.503,0.551,0.668,0.696,0.39,0.387,0.49,0.623
Mauritania,Africa,MRT,Subnat,MRTr111,Tiris-Zemmour,2023,0.894,0.676,0.756,0.786,0.793,0.607,0.682,0.649,0.8
Mauritania,Africa,MRT,Subnat,MRTr106,"Trarza incl Nouakchott",2023,0.907,0.635,0.7,0.778,0.786,0.519,0.556,0.636,0.785
Mauritius,Africa,MUS,National,MUSt,Total,2023,0.971,0.79,0.813,0.857,0.837,0.743,0.715,0.773,0.897
Mauritius,Africa,MUS,Subnat,MUSr101,"North (Port Louis, Pamplemousses, Riviere du Rempart, Flacq, Moka)",2023,0.966,0.782,0.809,0.857,0.837,0.725,0.709,0.77,0.893
Mauritius,Africa,MUS,Subnat,MUSr103,Rodrigues,2023,0.97,0.709,0.731,0.857,0.837,0.579,0.557,0.717,0.836
Mauritius,Africa,MUS,Subnat,MUSr102,"South (Grand Port, Savanne, Plaines Wilhems, Black River)",2023,0.975,0.801,0.821,0.857,0.837,0.769,0.731,0.78,0.904
Mexico,America,MEX,National,MEXt,Total,2023,0.976,0.777,0.797,0.851,0.842,0.726,0.702,0.761,0.854
Mexico,America,MEX,Subnat,MEXr101,Aguascalientes,2023,0.984,0.788,0.801,0.849,0.837,0.749,0.711,0.77,0.864
Mexico,America,MEX,Subnat,MEXr102,"Baja California",2023,0.988,0.805,0.815,0.86,0.845,0.797,0.747,0.762,0.856
Mexico,America,MEX,Subnat,MEXr103,"Baja California Sur",2023,0.987,0.802,0.813,0.844,0.833,0.81,0.761,0.755,0.848
Mexico,America,MEX,Subnat,MEXr104,Campeche,2023,0.977,0.767,0.785,0.871,0.855,0.727,0.705,0.713,0.803
Mexico,America,MEX,Subnat,MEXr107,Chiapas,2023,0.955,0.681,0.712,0.807,0.802,0.601,0.612,0.65,0.737
Mexico,America,MEX,Subnat,MEXr108,Chihuahua,2023,0.986,0.788,0.799,0.83,0.821,0.771,0.723,0.764,0.858
Mexico,America,MEX,Subnat,MEXr105,Coahuila,2023,0.973,0.788,0.81,0.839,0.829,0.759,0.743,0.768,0.862
Mexico,America,MEX,Subnat,MEXr106,Colima,2023,0.986,0.781,0.792,0.843,0.831,0.753,0.708,0.752,0.845
Mexico,America,MEX,Subnat,MEXr109,"Distrito Federal",2023,0.98,0.834,0.851,0.849,0.837,0.882,0.847,0.776,0.87
Mexico,America,MEX,Subnat,MEXr110,Durango,2023,0.988,0.762,0.772,0.806,0.802,0.738,0.686,0.743,0.835
Mexico,America,MEX,Subnat,MEXr111,Guanajuato,2023,0.984,0.753,0.765,0.837,0.827,0.686,0.649,0.743,0.835
Mexico,America,MEX,Subnat,MEXr112,Guerrero,2023,0.971,0.699,0.72,0.772,0.774,0.662,0.639,0.667,0.754
Mexico,America,MEX,Subnat,MEXr113,Hidalgo,2023,0.979,0.756,0.772,0.839,0.829,0.725,0.694,0.709,0.8
Mexico,America,MEX,Subnat,MEXr114,Jalisco,2023,0.98,0.783,0.799,0.842,0.831,0.739,0.708,0.773,0.867
Mexico,America,MEX,Subnat,MEXr115,Mexico,2023,0.979,0.778,0.795,0.829,0.82,0.771,0.738,0.738,0.83
Mexico,America,MEX,Subnat,MEXr116,"Michoacan de Ocampo",2023,0.984,0.741,0.752,0.836,0.826,0.668,0.63,0.727,0.819
Mexico,America,MEX,Subnat,MEXr117,Morelos,2023,0.983,0.773,0.786,0.85,0.838,0.745,0.707,0.729,0.82
Mexico,America,MEX,Subnat,MEXr118,Nayarit,2023,0.993,0.769,0.774,0.794,0.791,0.777,0.707,0.738,0.83
Mexico,America,MEX,Subnat,MEXr119,"Nuevo Leon",2023,0.976,0.802,0.821,0.85,0.838,0.78,0.758,0.777,0.871
Mexico,America,MEX,Subnat,MEXr120,Oaxaca,2023,0.971,0.699,0.719,0.817,0.81,0.642,0.623,0.651,0.737
Mexico,America,MEX,Subnat,MEXr121,Puebla,2023,0.976,0.735,0.753,0.815,0.809,0.697,0.67,0.699,0.789
Mexico,America,MEX,Subnat,MEXr122,Queretaro,2023,0.974,0.779,0.8,0.84,0.829,0.753,0.735,0.748,0.841
Mexico,America,MEX,Subnat,MEXr123,"Quintana Roo",2023,0.981,0.779,0.794,0.846,0.834,0.76,0.726,0.734,0.826
Mexico,America,MEX,Subnat,MEXr124,"San Luis Potosi",2023,0.985,0.753,0.764,0.828,0.819,0.72,0.675,0.716,0.807
Mexico,America,MEX,Subnat,MEXr125,Sinaloa,2023,0.988,0.801,0.81,0.861,0.846,0.796,0.746,0.749,0.842
Mexico,America,MEX,Subnat,MEXr126,Sonora,2023,0.988,0.803,0.813,0.847,0.835,0.81,0.759,0.756,0.849
Mexico,America,MEX,Subnat,MEXr127,Tabasco,2023,0.978,0.767,0.785,0.862,0.847,0.742,0.715,0.707,0.797
Mexico,America,MEX,Subnat,MEXr128,Tamaulipas,2023,0.983,0.785,0.799,0.847,0.835,0.764,0.727,0.748,0.841
Mexico,America,MEX,Subnat,MEXr129,Tlaxcala,2023,0.981,0.759,0.774,0.821,0.814,0.741,0.704,0.717,0.808
Mexico,America,MEX,Subnat,MEXr130,Veracruz,2023,0.972,0.731,0.752,0.817,0.811,0.687,0.668,0.694,0.784
Mexico,America,MEX,Subnat,MEXr131,Yucatan,2023,0.971,0.76,0.782,0.829,0.82,0.724,0.709,0.73,0.822
Mexico,America,MEX,Subnat,MEXr132,Zacatecas,2023,0.994,0.767,0.771,0.842,0.831,0.715,0.656,0.748,0.841
"Micronesia, Fed. Sts.",Asia/Pacific,FSM,National,FSMt,Total,2023,0.953,0.598,0.628,0.748,0.708,0.548,0.582,0.521,0.601
Moldova,Europe,MDA,National,MDAt,Total,2023,1.029,0.795,0.773,0.816,0.755,0.813,0.789,0.757,0.774
Moldova,Europe,MDA,Subnat,MDAr102,Center,2023,1.028,0.769,0.748,0.809,0.749,0.767,0.745,0.734,0.751
Moldova,Europe,MDA,Subnat,MDAr104,Chisinau,2023,1.029,0.862,0.839,0.82,0.758,0.935,0.91,0.836,0.855
Moldova,Europe,MDA,Subnat,MDAr101,North,2023,1.022,0.772,0.755,0.813,0.752,0.773,0.764,0.733,0.75
Moldova,Europe,MDA,Subnat,MDAr103,South,2023,1.025,0.789,0.77,0.83,0.766,0.785,0.771,0.754,0.771
Mongolia,Asia/Pacific,MNG,National,MNGt,Total,2023,1.03,0.757,0.735,0.83,0.765,0.733,0.658,0.713,0.788
Mongolia,Asia/Pacific,MNG,Subnat,MNGr103,"Central (Dornogovi, Dundgovi, Umnugovi, Selenge, Tuv, Darkhan-Uul, Govisumber)",2023,1.033,0.748,0.723,0.853,0.784,0.693,0.618,0.707,0.781
Mongolia,Asia/Pacific,MNG,Subnat,MNGr104,"Eastern (Dornod, Sukhbaatar, Khentii)",2023,1.037,0.716,0.691,0.838,0.772,0.65,0.571,0.675,0.748
Mongolia,Asia/Pacific,MNG,Subnat,MNGr102,"Khangai (Arkhangai, Bayankhongor, Bulgan, Uvurkhangai, Khuvsgul, Orkhon)",2023,1.034,0.702,0.679,0.791,0.734,0.659,0.58,0.665,0.737
Mongolia,Asia/Pacific,MNG,Subnat,MNGr105,Ulaanbaatar,2023,1.02,0.794,0.778,0.844,0.777,0.78,0.724,0.759,0.836
Mongolia,Asia/Pacific,MNG,Subnat,MNGr101,"Western (Bayan-Ulgii, Govi-Altai, Zavkhan, Uvs, Khovd)",2023,1.041,0.696,0.669,0.806,0.746,0.66,0.569,0.633,0.704
Montenegro,Europe,MNE,National,MNEt,Total,2023,0.984,0.855,0.868,0.889,0.865,0.859,0.858,0.817,0.881
Montenegro,Europe,MNE,Subnat,MNEr102,Centre,2023,0.987,0.865,0.876,0.889,0.865,0.885,0.877,0.821,0.885
Montenegro,Europe,MNE,Subnat,MNEr101,North,2023,0.993,0.852,0.859,0.889,0.865,0.848,0.826,0.822,0.886
Montenegro,Europe,MNE,Subnat,MNEr103,South,2023,0.972,0.831,0.856,0.889,0.865,0.803,0.834,0.804,0.868
Morocco,Africa,MAR,National,MARt,Total,2023,0.859,0.642,0.748,0.848,0.857,0.596,0.655,0.524,0.746
Morocco,Africa,MAR,Subnat,MARr103,Centre,2023,0.872,0.68,0.78,0.866,0.872,0.682,0.721,0.533,0.756
Morocco,Africa,MAR,Subnat,MARr102,"Centre north",2023,0.864,0.65,0.752,0.836,0.847,0.635,0.681,0.518,0.738
Morocco,Africa,MAR,Subnat,MARr105,"Centre south",2023,0.849,0.597,0.703,0.857,0.864,0.479,0.545,0.518,0.739
Morocco,Africa,MAR,Subnat,MARr104,Eastern,2023,0.856,0.607,0.709,0.852,0.86,0.515,0.569,0.509,0.728
Morocco,Africa,MAR,Subnat,MARr101,"North west",2023,0.866,0.663,0.766,0.85,0.859,0.647,0.694,0.53,0.753
Morocco,Africa,MAR,Subnat,MARr107,South,2023,0.865,0.656,0.758,0.867,0.873,0.619,0.668,0.525,0.747
Morocco,Africa,MAR,Subnat,MARr106,Tensift,2023,0.84,0.62,0.738,0.813,0.828,0.56,0.653,0.522,0.743
Mozambique,Africa,MOZ,National,MOZt,Total,2023,0.92,0.473,0.514,0.678,0.658,0.416,0.501,0.375,0.411
Mozambique,Africa,MOZ,Subnat,MOZr102,"Cabo delgado",2023,0.899,0.422,0.469,0.619,0.612,0.349,0.441,0.347,0.383
Mozambique,Africa,MOZ,Subnat,MOZr109,Gaza,2023,0.947,0.518,0.547,0.647,0.635,0.492,0.544,0.435,0.473
Mozambique,Africa,MOZ,Subnat,MOZr108,Inhambane,2023,0.956,0.511,0.534,0.703,0.678,0.484,0.524,0.391,0.428
Mozambique,Africa,MOZ,Subnat,MOZr106,Manica,2023,0.888,0.481,0.541,0.657,0.642,0.446,0.594,0.379,0.416
Mozambique,Africa,MOZ,Subnat,MOZr111,"Maputo Cidade",2023,0.956,0.645,0.675,0.68,0.66,0.696,0.763,0.569,0.612
Mozambique,Africa,MOZ,Subnat,MOZr110,"Maputo Provincia",2023,0.957,0.619,0.647,0.71,0.684,0.646,0.708,0.518,0.56
Mozambique,Africa,MOZ,Subnat,MOZr103,Nampula,2023,0.911,0.428,0.47,0.654,0.64,0.365,0.446,0.329,0.363
Mozambique,Africa,MOZ,Subnat,MOZr101,Niassa,2023,0.914,0.422,0.462,0.662,0.646,0.331,0.404,0.343,0.378
Mozambique,Africa,MOZ,Subnat,MOZr107,Sofala,2023,0.874,0.48,0.55,0.65,0.637,0.434,0.606,0.393,0.43
Mozambique,Africa,MOZ,Subnat,MOZr105,Tete,2023,0.929,0.456,0.491,0.748,0.714,0.358,0.425,0.354,0.389
Mozambique,Africa,MOZ,Subnat,MOZr104,Zambezia,2023,0.906,0.424,0.468,0.718,0.691,0.328,0.415,0.325,0.359
Myanmar,Asia/Pacific,MMR,National,MMRt,Total,2023,0.947,0.589,0.622,0.733,0.712,0.535,0.532,0.52,0.636
Myanmar,Asia/Pacific,MMR,Subnat,MMRr114,Ayeyarwaddy,2023,0.948,0.565,0.596,0.712,0.695,0.547,0.53,0.465,0.575
Myanmar,Asia/Pacific,MMR,Subnat,MMRr107,Bago,2023,0.945,0.581,0.615,0.71,0.693,0.552,0.546,0.502,0.616
Myanmar,Asia/Pacific,MMR,Subnat,MMRr104,Chin,2023,0.923,0.59,0.639,0.67,0.662,0.59,0.621,0.52,0.636
Myanmar,Asia/Pacific,MMR,Subnat,MMRr101,Kachin,2023,0.966,0.636,0.658,0.757,0.731,0.599,0.568,0.566,0.686
Myanmar,Asia/Pacific,MMR,Subnat,MMRr102,Kayah,2023,0.975,0.623,0.639,0.781,0.75,0.573,0.528,0.54,0.658
Myanmar,Asia/Pacific,MMR,Subnat,MMRr103,Kayin,2023,0.977,0.57,0.583,0.709,0.693,0.498,0.447,0.524,0.64
Myanmar,Asia/Pacific,MMR,Subnat,MMRr108,Magway,2023,0.942,0.589,0.625,0.769,0.741,0.525,0.531,0.506,0.62
Myanmar,Asia/Pacific,MMR,Subnat,MMRr109,"Mandalay, NayPyitaw",2023,0.943,0.606,0.642,0.741,0.719,0.561,0.566,0.534,0.652
Myanmar,Asia/Pacific,MMR,Subnat,MMRr110,Mon,2023,0.992,0.625,0.631,0.796,0.763,0.562,0.495,0.546,0.665
Myanmar,Asia/Pacific,MMR,Subnat,MMRr111,Rakhine,2023,0.9,0.535,0.595,0.763,0.736,0.434,0.497,0.463,0.574
Myanmar,Asia/Pacific,MMR,Subnat,MMRr105,Sagaing,2023,0.935,0.576,0.616,0.741,0.718,0.516,0.53,0.499,0.613
Myanmar,Asia/Pacific,MMR,Subnat,MMRr113,Shan,2023,0.946,0.514,0.543,0.681,0.67,0.375,0.368,0.531,0.648
Myanmar,Asia/Pacific,MMR,Subnat,MMRr106,Taninthayi,2023,0.97,0.595,0.613,0.711,0.694,0.569,0.522,0.521,0.637
Myanmar,Asia/Pacific,MMR,Subnat,MMRr112,Yangon,2023,0.955,0.676,0.707,0.791,0.759,0.658,0.652,0.592,0.715
Namibia,Africa,NAM,National,NAMt,Total,2023,1.011,0.668,0.661,0.751,0.705,0.578,0.561,0.686,0.73
Namibia,Africa,NAM,Subnat,NAMr101,Caprivi,2023,0.978,0.619,0.633,0.716,0.678,0.566,0.597,0.585,0.626
Namibia,Africa,NAM,Subnat,NAMr102,Erongo,2023,1.015,0.722,0.711,0.767,0.717,0.624,0.601,0.786,0.834
Namibia,Africa,NAM,Subnat,NAMr103,Hardap,2023,1.025,0.689,0.672,0.807,0.749,0.536,0.506,0.754,0.801
Namibia,Africa,NAM,Subnat,NAMr104,Karas,2023,1.014,0.703,0.693,0.791,0.736,0.588,0.571,0.746,0.793
Namibia,Africa,NAM,Subnat,NAMr108,Kavango,2023,0.962,0.563,0.585,0.661,0.635,0.464,0.508,0.579,0.621
Namibia,Africa,NAM,Subnat,NAMr105,Khomas,2023,1.032,0.765,0.742,0.798,0.741,0.708,0.655,0.794,0.841
Namibia,Africa,NAM,Subnat,NAMr106,Kunene,2023,1.036,0.597,0.576,0.789,0.734,0.421,0.382,0.639,0.682
Namibia,Africa,NAM,Subnat,NAMr107,Ohangwena,2023,1.002,0.589,0.588,0.701,0.666,0.508,0.497,0.574,0.615
Namibia,Africa,NAM,Subnat,NAMr109,Omaheke,2023,1.011,0.612,0.605,0.785,0.731,0.441,0.429,0.663,0.707
Namibia,Africa,NAM,Subnat,NAMr110,Omusati,2023,1.012,0.635,0.627,0.788,0.734,0.543,0.527,0.597,0.639
Namibia,Africa,NAM,Subnat,NAMr111,Oshana,2023,1.023,0.689,0.674,0.784,0.731,0.623,0.587,0.671,0.715
Namibia,Africa,NAM,Subnat,NAMr112,Oshikoto,2023,1.031,0.642,0.623,0.729,0.687,0.572,0.518,0.635,0.678
Namibia,Africa,NAM,Subnat,NAMr113,Otjozondjupa,2023,1.026,0.661,0.644,0.772,0.721,0.509,0.475,0.735,0.781
Nepal,Asia/Pacific,NPL,National,NPLt,Total,2023,0.858,0.567,0.661,0.759,0.79,0.459,0.581,0.523,0.628
Nepal,Asia/Pacific,NPL,Subnat,NPLr103,"Bagmati province",2023,0.88,0.626,0.711,0.79,0.815,0.546,0.652,0.567,0.676
Nepal,Asia/Pacific,NPL,Subnat,NPLr104,"Gandaki province",2023,0.884,0.609,0.689,0.793,0.817,0.512,0.602,0.556,0.664
Nepal,Asia/Pacific,NPL,Subnat,NPLr106,"Karnali province",2023,0.847,0.541,0.639,0.74,0.774,0.448,0.581,0.478,0.579
Nepal,Asia/Pacific,NPL,Subnat,NPLr101,"Koshi province",2023,0.868,0.567,0.653,0.768,0.797,0.458,0.561,0.519,0.624
Nepal,Asia/Pacific,NPL,Subnat,NPLr105,"Lumbini province",2023,0.862,0.562,0.652,0.75,0.783,0.458,0.57,0.516,0.621
Nepal,Asia/Pacific,NPL,Subnat,NPLr102,"Madhesh province",2023,0.815,0.505,0.619,0.746,0.779,0.353,0.516,0.488,0.59
Nepal,Asia/Pacific,NPL,Subnat,NPLr107,"Sudurpashchim province",2023,0.858,0.548,0.638,0.734,0.769,0.46,0.574,0.487,0.589
Netherlands,Europe,NLD,National,NLDt,Total,2023,0.971,0.938,0.966,0.942,0.97,0.915,0.93,0.957,1
Netherlands,Europe,NLD,Subnat,NLDr103,Drenthe,2023,0.974,0.912,0.936,0.93,0.956,0.906,0.901,0.9,0.951
Netherlands,Europe,NLD,Subnat,NLDr106,Flevoland,2023,0.968,0.917,0.947,0.944,0.971,0.897,0.909,0.91,0.962
Netherlands,Europe,NLD,Subnat,NLDr102,Friesland,2023,0.97,0.917,0.945,0.939,0.971,0.903,0.905,0.908,0.959
Netherlands,Europe,NLD,Subnat,NLDr105,Gelderland,2023,0.967,0.927,0.959,0.937,0.971,0.913,0.923,0.93,0.983
Netherlands,Europe,NLD,Subnat,NLDr101,Groningen,2023,0.973,0.935,0.961,0.934,0.954,0.911,0.929,0.961,1
Netherlands,Europe,NLD,Subnat,NLDr112,Limburg,2023,0.972,0.928,0.955,0.945,0.967,0.899,0.908,0.941,0.993
Netherlands,Europe,NLD,Subnat,NLDr111,Noord-Brabant,2023,0.97,0.937,0.966,0.944,0.971,0.908,0.929,0.961,1
Netherlands,Europe,NLD,Subnat,NLDr108,Noord-Holland,2023,0.987,0.957,0.969,0.944,0.973,0.931,0.936,0.997,1
Netherlands,Europe,NLD,Subnat,NLDr104,Overijssel,2023,0.967,0.926,0.957,0.939,0.965,0.907,0.924,0.931,0.983
Netherlands,Europe,NLD,Subnat,NLDr107,Utrecht,2023,0.98,0.958,0.977,0.947,0.979,0.939,0.953,0.989,1
Netherlands,Europe,NLD,Subnat,NLDr110,Zeeland,2023,0.976,0.918,0.941,0.953,0.97,0.871,0.873,0.933,0.986
Netherlands,Europe,NLD,Subnat,NLDr109,Zuid-Holland,2023,0.971,0.938,0.966,0.944,0.968,0.916,0.932,0.954,1
"New Zealand",Asia/Pacific,NZL,National,NZLt,Total,2023,0.973,0.925,0.95,0.943,0.968,0.93,0.929,0.903,0.954
"New Zealand",Asia/Pacific,NZL,Subnat,NZLr102,Auckland,2023,0.975,0.952,0.976,0.955,0.983,0.944,0.946,0.957,1
"New Zealand",Asia/Pacific,NZL,Subnat,NZLr104,"Bay of Plenty",2023,0.976,0.918,0.94,0.941,0.962,0.917,0.913,0.896,0.947
"New Zealand",Asia/Pacific,NZL,Subnat,NZLr113,Canterbury,2023,0.972,0.927,0.954,0.943,0.971,0.926,0.926,0.914,0.966
"New Zealand",Asia/Pacific,NZL,Subnat,NZLr105,Gisborne,2023,0.985,0.886,0.899,0.899,0.917,0.909,0.882,0.849,0.899
"New Zealand",Asia/Pacific,NZL,Subnat,NZLr106,"Hawkes Bay",2023,0.975,0.907,0.93,0.93,0.954,0.911,0.906,0.88,0.931
"New Zealand",Asia/Pacific,NZL,Subnat,NZLr108,Manawatu-Wanganui,2023,0.976,0.902,0.923,0.93,0.951,0.909,0.903,0.867,0.917
"New Zealand",Asia/Pacific,NZL,Subnat,NZLr111,Marlborough,2023,0.973,0.923,0.949,0.947,0.971,0.911,0.912,0.913,0.965
"New Zealand",Asia/Pacific,NZL,Subnat,NZLr101,Northland,2023,0.982,0.888,0.904,0.935,0.952,0.911,0.89,0.823,0.872
"New Zealand",Asia/Pacific,NZL,Subnat,NZLr114,Otago,2023,0.974,0.922,0.947,0.94,0.965,0.932,0.93,0.896,0.947
"New Zealand",Asia/Pacific,NZL,Subnat,NZLr115,Southland,2023,0.987,0.919,0.932,0.927,0.949,0.9,0.867,0.931,0.984
"New Zealand",Asia/Pacific,NZL,Subnat,NZLr107,Taranaki,2023,0.979,0.927,0.947,0.935,0.959,0.904,0.89,0.943,0.995
"New Zealand",Asia/Pacific,NZL,Subnat,NZLr110,"Tasman - Nelson",2023,0.973,0.918,0.943,0.95,0.976,0.926,0.925,0.879,0.93
"New Zealand",Asia/Pacific,NZL,Subnat,NZLr103,Waikato,2023,0.976,0.919,0.941,0.938,0.96,0.919,0.913,0.9,0.952
"New Zealand",Asia/Pacific,NZL,Subnat,NZLr109,Wellington,2023,0.978,0.954,0.975,0.946,0.971,0.951,0.955,0.965,1
"New Zealand",Asia/Pacific,NZL,Subnat,NZLr112,"West Coast",2023,0.984,0.908,0.923,0.927,0.954,0.897,0.865,0.902,0.953
Nicaragua,America,NIC,National,NICt,Total,2023,0.952,0.685,0.719,0.845,0.843,0.655,0.647,0.581,0.682
Nicaragua,America,NIC,Subnat,NICr103,"Atlantico (Rio San Juan, Atlantico Norte (Raan), Atlantico Sur (Raas))",2023,0.964,0.578,0.599,0.81,0.814,0.496,0.461,0.48,0.574
Nicaragua,America,NIC,Subnat,NICr102,"Central-Norte (Boaco, Chontales, Jinotega, Matagalpa, Esteli, Madriz, Nueva Segovia)",2023,0.963,0.644,0.669,0.832,0.832,0.587,0.556,0.547,0.646
Nicaragua,America,NIC,Subnat,NICr101,"Pacifico (Chinandega, Leon, Managua, Masaya, Granada, Carazo, Rivas)",2023,0.946,0.732,0.774,0.868,0.862,0.729,0.743,0.619,0.724
Niger,Africa,NER,National,NERt,Total,2023,0.855,0.385,0.451,0.61,0.658,0.244,0.314,0.385,0.444
Niger,Africa,NER,Subnat,NERr101,Agadez,2023,0.915,0.485,0.53,0.653,0.721,0.397,0.411,0.44,0.502
Niger,Africa,NER,Subnat,NERr102,Diffa,2023,0.871,0.359,0.412,0.653,0.721,0.174,0.207,0.407,0.468
Niger,Africa,NER,Subnat,NERr103,Dosso,2023,0.878,0.374,0.426,0.565,0.621,0.251,0.291,0.369,0.427
Niger,Africa,NER,Subnat,NERr104,Maradi,2023,0.787,0.353,0.449,0.593,0.644,0.196,0.32,0.379,0.438
Niger,Africa,NER,Subnat,NERr106,Tahoua,2023,0.814,0.333,0.409,0.628,0.673,0.159,0.237,0.368,0.427
Niger,Africa,NER,Subnat,NERr105,"Tillabery (incl Niamey)",2023,0.919,0.49,0.533,0.622,0.668,0.43,0.452,0.439,0.502
Niger,Africa,NER,Subnat,NERr107,Zinder,2023,0.847,0.352,0.416,0.6,0.65,0.203,0.265,0.359,0.418
Nigeria,Africa,NGA,National,NGAt,Total,2023,0.892,0.528,0.592,0.496,0.564,0.502,0.591,0.591,0.622
Nigeria,Africa,NGA,Subnat,NGAr122,Abia,2023,0.928,0.607,0.654,0.55,0.609,0.653,0.702,0.624,0.655
Nigeria,Africa,NGA,Subnat,NGAr137,"Abuja FCT",2023,0.922,0.655,0.71,0.633,0.679,0.655,0.743,0.677,0.71
Nigeria,Africa,NGA,Subnat,NGAr108,Adamawa,2023,0.87,0.509,0.586,0.584,0.638,0.432,0.569,0.524,0.553
Nigeria,Africa,NGA,Subnat,NGAr101,"Akwa Ibom",2023,0.926,0.588,0.635,0.569,0.626,0.612,0.666,0.583,0.614
Nigeria,Africa,NGA,Subnat,NGAr102,Anambra,2023,0.976,0.668,0.685,0.616,0.665,0.701,0.666,0.692,0.725
Nigeria,Africa,NGA,Subnat,NGAr103,Bauchi,2023,0.82,0.346,0.422,0.42,0.5,0.198,0.285,0.499,0.527
Nigeria,Africa,NGA,Subnat,NGAr131,Bayelsa,2023,0.886,0.551,0.622,0.475,0.546,0.616,0.732,0.572,0.602
Nigeria,Africa,NGA,Subnat,NGAr105,Benue,2023,0.881,0.554,0.629,0.598,0.65,0.535,0.682,0.532,0.561
Nigeria,Africa,NGA,Subnat,NGAr106,Borno,2023,0.83,0.431,0.519,0.492,0.561,0.289,0.421,0.563,0.593
Nigeria,Africa,NGA,Subnat,NGAr107,"Cross River",2023,0.908,0.559,0.615,0.524,0.588,0.621,0.7,0.536,0.565
Nigeria,Africa,NGA,Subnat,NGAr123,Delta,2023,0.906,0.588,0.649,0.52,0.585,0.618,0.705,0.632,0.663
Nigeria,Africa,NGA,Subnat,NGAr132,Ebonyi,2023,0.934,0.686,0.734,0.665,0.707,0.746,0.822,0.65,0.682
Nigeria,Africa,NGA,Subnat,NGAr104,Edo,2023,0.922,0.618,0.67,0.519,0.583,0.679,0.736,0.669,0.702
Nigeria,Africa,NGA,Subnat,NGAr133,Ekiti,2023,0.916,0.594,0.649,0.58,0.635,0.627,0.707,0.577,0.607
Nigeria,Africa,NGA,Subnat,NGAr124,Enugu,2023,0.939,0.651,0.693,0.653,0.697,0.655,0.708,0.644,0.676
Nigeria,Africa,NGA,Subnat,NGAr134,Gombe,2023,0.887,0.447,0.504,0.525,0.588,0.323,0.392,0.527,0.556
Nigeria,Africa,NGA,Subnat,NGAr109,Imo,2023,0.935,0.666,0.713,0.604,0.655,0.742,0.798,0.66,0.692
Nigeria,Africa,NGA,Subnat,NGAr125,Jigawa,2023,0.822,0.347,0.422,0.4,0.483,0.215,0.302,0.488,0.516
Nigeria,Africa,NGA,Subnat,NGAr110,Kaduna,2023,0.871,0.521,0.597,0.443,0.519,0.521,0.639,0.611,0.642
Nigeria,Africa,NGA,Subnat,NGAr111,Kano,2023,0.834,0.451,0.541,0.416,0.497,0.386,0.529,0.571,0.601
Nigeria,Africa,NGA,Subnat,NGAr112,Katsina,2023,0.81,0.398,0.491,0.434,0.512,0.287,0.433,0.506,0.535
Nigeria,Africa,NGA,Subnat,NGAr126,Kebbi,2023,0.748,0.322,0.431,0.4,0.484,0.164,0.308,0.508,0.536
Nigeria,Africa,NGA,Subnat,NGAr127,Kogi,2023,0.9,0.6,0.667,0.604,0.655,0.61,0.734,0.587,0.618
Nigeria,Africa,NGA,Subnat,NGAr113,Kwara,2023,0.912,0.577,0.632,0.593,0.646,0.529,0.608,0.613,0.644
Nigeria,Africa,NGA,Subnat,NGAr114,Lagos,2023,0.956,0.707,0.739,0.688,0.726,0.746,0.771,0.689,0.722
Nigeria,Africa,NGA,Subnat,NGAr135,Nassarawa,2023,0.868,0.52,0.599,0.556,0.615,0.447,0.586,0.565,0.595
Nigeria,Africa,NGA,Subnat,NGAr115,Niger,2023,0.848,0.487,0.574,0.584,0.638,0.335,0.477,0.591,0.622
Nigeria,Africa,NGA,Subnat,NGAr116,Ogun,2023,0.918,0.565,0.615,0.526,0.59,0.577,0.634,0.593,0.624
Nigeria,Africa,NGA,Subnat,NGAr117,Ondo,2023,0.909,0.59,0.649,0.593,0.646,0.603,0.7,0.575,0.605
Nigeria,Africa,NGA,Subnat,NGAr128,Osun,2023,0.905,0.585,0.646,0.594,0.647,0.556,0.655,0.606,0.637
Nigeria,Africa,NGA,Subnat,NGAr118,Oyo,2023,0.926,0.589,0.636,0.581,0.636,0.595,0.652,0.59,0.62
Nigeria,Africa,NGA,Subnat,NGAr119,Plateau,2023,0.904,0.545,0.603,0.529,0.592,0.566,0.648,0.541,0.571
Nigeria,Africa,NGA,Subnat,NGAr120,Rivers,2023,0.912,0.588,0.644,0.454,0.529,0.703,0.757,0.636,0.668
Nigeria,Africa,NGA,Subnat,NGAr121,Sokoto,2023,0.782,0.358,0.458,0.41,0.492,0.222,0.367,0.506,0.535
Nigeria,Africa,NGA,Subnat,NGAr129,Taraba,2023,0.852,0.494,0.58,0.576,0.631,0.418,0.583,0.502,0.53
Nigeria,Africa,NGA,Subnat,NGAr130,Yobe,2023,0.853,0.412,0.483,0.601,0.653,0.233,0.327,0.498,0.527
Nigeria,Africa,NGA,Subnat,NGAr136,Zamfora,2023,0.757,0.345,0.456,0.461,0.535,0.173,0.325,0.517,0.545
"North Macedonia",Europe,MKD,National,MKDt,Total,2023,0.955,0.794,0.831,0.878,0.886,0.746,0.758,0.763,0.856
"North Macedonia",Europe,MKD,Subnat,MKDr108,East,2023,0.968,0.779,0.804,0.878,0.886,0.719,0.7,0.747,0.839
"North Macedonia",Europe,MKD,Subnat,MKDr104,"North East",2023,0.957,0.773,0.808,0.878,0.886,0.707,0.712,0.745,0.837
"North Macedonia",Europe,MKD,Subnat,MKDr102,Pelagoniski,2023,0.951,0.802,0.844,0.878,0.886,0.768,0.789,0.765,0.858
"North Macedonia",Europe,MKD,Subnat,MKDr107,Poloski,2023,0.946,0.782,0.826,0.878,0.886,0.706,0.736,0.772,0.865
"North Macedonia",Europe,MKD,Subnat,MKDr101,Skopski,2023,0.954,0.811,0.849,0.887,0.894,0.78,0.795,0.77,0.863
"North Macedonia",Europe,MKD,Subnat,MKDr106,"South East",2023,0.964,0.765,0.793,0.878,0.886,0.679,0.669,0.75,0.842
"North Macedonia",Europe,MKD,Subnat,MKDr105,"South West",2023,0.959,0.797,0.831,0.878,0.886,0.748,0.751,0.77,0.863
"North Macedonia",Europe,MKD,Subnat,MKDr103,Vardarski,2023,0.957,0.789,0.824,0.878,0.886,0.73,0.735,0.765,0.858
Norway,Europe,NOR,National,NORt,Total,2023,0.995,0.967,0.972,0.959,0.988,0.943,0.93,1,1
Norway,Europe,NOR,Subnat,NORr104,"Agder og Rogaland",2023,1,0.968,0.968,0.962,0.991,0.942,0.916,1,1
Norway,Europe,NOR,Subnat,NORr102,"Hedmark og Oppland",2023,0.99,0.948,0.958,0.943,0.978,0.924,0.898,0.979,1
Norway,Europe,NOR,Subnat,NORr107,Nord-Norge,2023,1.004,0.961,0.958,0.947,0.97,0.938,0.905,1,1
Norway,Europe,NOR,Subnat,NORr101,"Oslo og Akershus",2023,0.995,0.979,0.983,0.973,1,0.963,0.951,1,1
Norway,Europe,NOR,Subnat,NORr103,Sor-Ostlandet,2023,1,0.955,0.955,0.957,0.984,0.929,0.886,0.979,1
Norway,Europe,NOR,Subnat,NORr106,Trondelag,2023,0.994,0.969,0.975,0.962,0.994,0.946,0.934,1,1
Norway,Europe,NOR,Subnat,NORr105,Vestlandet,2023,0.997,0.972,0.975,0.973,0.997,0.945,0.93,1,1
Oman,Asia/Pacific,OMN,National,OMNt,Total,2023,0.945,0.822,0.87,0.914,0.938,0.8,0.75,0.76,0.935
Pakistan,Asia/Pacific,PAK,National,PAKt,Total,2023,0.838,0.485,0.579,0.733,0.736,0.335,0.391,0.465,0.675
Pakistan,Asia/Pacific,PAK,Subnat,PAKr107,AJK,2023,0.876,0.541,0.617,0.71,0.718,0.463,0.473,0.48,0.693
Pakistan,Asia/Pacific,PAK,Subnat,PAKr104,Balochistan,2023,0.724,0.375,0.518,0.732,0.735,0.16,0.288,0.45,0.657
Pakistan,Asia/Pacific,PAK,Subnat,PAKr108,FATA,2023,0.575,0.314,0.547,0.834,0.815,0.1,0.356,0.37,0.563
Pakistan,Asia/Pacific,PAK,Subnat,PAKr106,"Gilgit Baltistan",2023,0.829,0.52,0.627,0.733,0.736,0.382,0.467,0.501,0.718
Pakistan,Asia/Pacific,PAK,Subnat,PAKr105,"Islamabad (ICT)",2023,0.896,0.606,0.677,0.796,0.785,0.528,0.525,0.53,0.752
Pakistan,Asia/Pacific,PAK,Subnat,PAKr103,"Khyber Pakhtunkhwa (NWFrontier)",2023,0.751,0.429,0.572,0.762,0.759,0.236,0.381,0.441,0.647
Pakistan,Asia/Pacific,PAK,Subnat,PAKr101,Punjab,2023,0.871,0.501,0.576,0.719,0.725,0.371,0.385,0.473,0.684
Pakistan,Asia/Pacific,PAK,Subnat,PAKr102,Sindh,2023,0.811,0.452,0.557,0.735,0.737,0.282,0.36,0.446,0.652
Palestine,Asia/Pacific,PSE,National,PSEt,Total,2023,0.945,0.638,0.676,0.754,0.649,0.725,0.672,0.476,0.707
Palestine,Asia/Pacific,PSE,Subnat,PSEr110,Bethlehem,2023,0.96,0.657,0.684,0.751,0.647,0.751,0.671,0.502,0.738
Palestine,Asia/Pacific,PSE,Subnat,PSEr114,"Deir El-Balah",2023,0.943,0.636,0.675,0.757,0.651,0.775,0.712,0.439,0.663
Palestine,Asia/Pacific,PSE,Subnat,PSEr113,"Gaza City",2023,0.936,0.622,0.664,0.737,0.637,0.732,0.686,0.446,0.671
Palestine,Asia/Pacific,PSE,Subnat,PSEr111,Hebron,2023,0.953,0.634,0.665,0.747,0.644,0.696,0.63,0.49,0.724
Palestine,Asia/Pacific,PSE,Subnat,PSEr101,Jenin,2023,0.946,0.647,0.685,0.766,0.658,0.722,0.673,0.491,0.725
Palestine,Asia/Pacific,PSE,Subnat,PSEr108,"Jericho and Al Aghwar",2023,0.962,0.632,0.657,0.773,0.663,0.655,0.582,0.5,0.735
Palestine,Asia/Pacific,PSE,Subnat,PSEr109,Jerusalem,2023,0.962,0.649,0.675,0.785,0.671,0.691,0.617,0.505,0.741
Palestine,Asia/Pacific,PSE,Subnat,PSEr115,"Khan Yunis",2023,0.936,0.636,0.679,0.772,0.662,0.766,0.72,0.435,0.658
Palestine,Asia/Pacific,PSE,Subnat,PSEr104,Nablus,2023,0.954,0.646,0.678,0.732,0.633,0.74,0.67,0.498,0.734
Palestine,Asia/Pacific,PSE,Subnat,PSEr112,"North Gaza",2023,0.924,0.615,0.666,0.746,0.644,0.713,0.694,0.437,0.661
Palestine,Asia/Pacific,PSE,Subnat,PSEr105,Qalqiliya,2023,0.937,0.641,0.684,0.742,0.64,0.713,0.682,0.498,0.734
Palestine,Asia/Pacific,PSE,Subnat,PSEr116,Rafah,2023,0.935,0.621,0.664,0.764,0.656,0.725,0.682,0.433,0.655
Palestine,Asia/Pacific,PSE,Subnat,PSEr107,"Ramallah & Al-Bireh",2023,0.953,0.653,0.685,0.761,0.654,0.727,0.665,0.502,0.738
Palestine,Asia/Pacific,PSE,Subnat,PSEr106,Salfit,2023,0.944,0.654,0.693,0.754,0.649,0.738,0.694,0.503,0.739
Palestine,Asia/Pacific,PSE,Subnat,PSEr102,Tubas,2023,0.952,0.64,0.672,0.735,0.636,0.723,0.656,0.494,0.729
Palestine,Asia/Pacific,PSE,Subnat,PSEr103,Tulkarm,2023,0.94,0.653,0.695,0.75,0.646,0.747,0.709,0.497,0.732
Panama,America,PAN,National,PANt,Total,2023,1.014,0.844,0.833,0.924,0.91,0.758,0.704,0.86,0.902
Panama,America,PAN,Subnat,PANr101,"Bocas del Toro",2023,0.987,0.762,0.772,0.924,0.91,0.608,0.61,0.788,0.828
Panama,America,PAN,Subnat,PANr104,Chiriqui,2023,1.006,0.84,0.835,0.924,0.91,0.74,0.703,0.867,0.909
Panama,America,PAN,Subnat,PANr102,Cocle,2023,1.021,0.819,0.803,0.924,0.91,0.719,0.654,0.827,0.869
Panama,America,PAN,Subnat,PANr103,Colon,2023,1.016,0.854,0.841,0.924,0.91,0.773,0.714,0.872,0.915
Panama,America,PAN,Subnat,PANr105,Darien,2023,1.008,0.74,0.734,0.924,0.91,0.584,0.55,0.75,0.789
Panama,America,PAN,Subnat,PANr111,"Embera Wounaan",2023,0.944,0.638,0.676,0.924,0.91,0.462,0.527,0.609,0.645
Panama,America,PAN,Subnat,PANr106,Herrera,2023,1.022,0.845,0.827,0.924,0.91,0.753,0.683,0.866,0.908
Panama,America,PAN,Subnat,PANr110,"Kuna Yala",2023,0.921,0.603,0.654,0.924,0.91,0.392,0.482,0.603,0.639
Panama,America,PAN,Subnat,PANr107,"Los Santos",2023,1.043,0.851,0.816,0.924,0.91,0.769,0.655,0.868,0.91
Panama,America,PAN,Subnat,PANr112,"Ngobe Bugle",2023,0.91,0.58,0.637,0.924,0.91,0.381,0.483,0.554,0.588
Panama,America,PAN,Subnat,PANr108,Panama,2023,1.02,0.879,0.862,0.924,0.91,0.821,0.749,0.897,0.94
Panama,America,PAN,Subnat,PANr109,Veraguas,2023,1.017,0.784,0.771,0.924,0.91,0.673,0.618,0.774,0.814
"Papua New Guinea",Asia/Pacific,PNG,National,PNGt,Total,2023,0.91,0.549,0.603,0.717,0.711,0.432,0.537,0.534,0.574
"Papua New Guinea",Asia/Pacific,PNG,Subnat,PNGr120,"Autonomous Region of Bougainville",2023,0.961,0.602,0.626,0.779,0.762,0.523,0.56,0.534,0.574
"Papua New Guinea",Asia/Pacific,PNG,Subnat,PNGr103,Central,2023,0.92,0.564,0.613,0.753,0.741,0.429,0.522,0.555,0.596
"Papua New Guinea",Asia/Pacific,PNG,Subnat,PNGr110,"Chimbu, Simbu",2023,0.924,0.569,0.616,0.699,0.697,0.476,0.563,0.554,0.595
"Papua New Guinea",Asia/Pacific,PNG,Subnat,PNGr118,"East New Britain",2023,0.94,0.603,0.642,0.749,0.738,0.527,0.601,0.556,0.596
"Papua New Guinea",Asia/Pacific,PNG,Subnat,PNGr114,"East Sepik",2023,0.906,0.542,0.599,0.706,0.703,0.429,0.54,0.527,0.566
"Papua New Guinea",Asia/Pacific,PNG,Subnat,PNGr111,"Eastern Highlands",2023,0.903,0.517,0.572,0.681,0.682,0.4,0.503,0.507,0.546
"Papua New Guinea",Asia/Pacific,PNG,Subnat,PNGr108,Enga,2023,0.865,0.472,0.545,0.631,0.642,0.328,0.463,0.506,0.545
"Papua New Guinea",Asia/Pacific,PNG,Subnat,PNGr102,Gulf,2023,0.878,0.504,0.574,0.734,0.726,0.342,0.474,0.509,0.548
"Papua New Guinea",Asia/Pacific,PNG,Subnat,PNGr121,Hela,2023,0.879,0.451,0.513,0.731,0.723,0.268,0.37,0.468,0.506
"Papua New Guinea",Asia/Pacific,PNG,Subnat,PNGr122,Jiwaka,2023,0.871,0.532,0.611,0.712,0.708,0.415,0.587,0.509,0.548
"Papua New Guinea",Asia/Pacific,PNG,Subnat,PNGr113,Madang,2023,0.907,0.549,0.605,0.747,0.736,0.422,0.534,0.524,0.563
"Papua New Guinea",Asia/Pacific,PNG,Subnat,PNGr116,Manus,2023,0.95,0.616,0.649,0.736,0.727,0.567,0.624,0.561,0.601
"Papua New Guinea",Asia/Pacific,PNG,Subnat,PNGr105,"Milne Bay",2023,0.966,0.571,0.591,0.764,0.75,0.465,0.488,0.524,0.563
"Papua New Guinea",Asia/Pacific,PNG,Subnat,PNGr112,Morobe,2023,0.907,0.581,0.641,0.714,0.709,0.465,0.587,0.591,0.632
"Papua New Guinea",Asia/Pacific,PNG,Subnat,PNGr104,"National Capital District",2023,0.937,0.724,0.773,0.722,0.716,0.654,0.756,0.805,0.854
"Papua New Guinea",Asia/Pacific,PNG,Subnat,PNGr117,"New Ireland",2023,0.956,0.607,0.635,0.725,0.718,0.581,0.625,0.531,0.571
"Papua New Guinea",Asia/Pacific,PNG,Subnat,PNGr106,"Northern, Oro",2023,0.924,0.552,0.597,0.723,0.717,0.437,0.52,0.533,0.573
"Papua New Guinea",Asia/Pacific,PNG,Subnat,PNGr107,"Southern Highlands",2023,0.843,0.466,0.554,0.624,0.636,0.33,0.502,0.493,0.532
"Papua New Guinea",Asia/Pacific,PNG,Subnat,PNGr119,"West New Britain",2023,0.936,0.592,0.632,0.756,0.744,0.484,0.561,0.566,0.607
"Papua New Guinea",Asia/Pacific,PNG,Subnat,PNGr115,"West Sepik, Sandaun",2023,0.907,0.523,0.577,0.734,0.725,0.387,0.487,0.503,0.542
"Papua New Guinea",Asia/Pacific,PNG,Subnat,PNGr101,Western,2023,0.917,0.558,0.608,0.735,0.726,0.458,0.558,0.516,0.555
"Papua New Guinea",Asia/Pacific,PNG,Subnat,PNGr109,"Western Highlands",2023,0.905,0.576,0.636,0.769,0.754,0.451,0.578,0.55,0.591
Paraguay,America,PRY,National,PRYt,Total,2023,0.988,0.75,0.759,0.838,0.821,0.698,0.675,0.722,0.789
Paraguay,America,PRY,Subnat,PRYr105,"Central (Asuncion, Central)",2023,0.985,0.786,0.798,0.854,0.835,0.744,0.731,0.764,0.833
Paraguay,America,PRY,Subnat,PRYr102,"North-East (Caaguazu, Alto Parana, Canideyu)",2023,0.984,0.728,0.74,0.825,0.811,0.668,0.651,0.701,0.767
Paraguay,America,PRY,Subnat,PRYr101,"North-West (Boqueron, Alto Paraguay, Presidente Hayes, Conception, Amambay, San pedro, Cordillera)",2023,0.993,0.726,0.731,0.823,0.809,0.683,0.647,0.682,0.747
Paraguay,America,PRY,Subnat,PRYr104,"South-East (Guaira, Misiones, Paraguari, Neembucu)",2023,0.987,0.737,0.747,0.845,0.827,0.661,0.642,0.718,0.785
Paraguay,America,PRY,Subnat,PRYr103,"South-West (Caazapa, Itapua)",2023,0.997,0.737,0.739,0.84,0.823,0.677,0.638,0.704,0.769
Peru,America,PER,National,PERt,Total,2023,0.959,0.777,0.81,0.887,0.891,0.736,0.769,0.719,0.776
Peru,America,PER,Subnat,PERr106,"Central (Huancavelica, Huanuco, Junin, Pasco)",2023,0.938,0.724,0.772,0.873,0.88,0.656,0.728,0.664,0.719
Peru,America,PER,Subnat,PERr103,"East (Madre de Dios, Cusco, Puno, Apurimac)",2023,0.93,0.705,0.758,0.856,0.865,0.636,0.721,0.645,0.699
Peru,America,PER,Subnat,PERr101,"North (Tumbes, Piura, Lambayeque, Cajamarca, La Libertad)",2023,0.959,0.745,0.777,0.893,0.896,0.668,0.699,0.692,0.749
Peru,America,PER,Subnat,PERr102,"North East (Amazonas, Loreto, San Martin, Ucayali)",2023,0.955,0.715,0.749,0.857,0.867,0.644,0.677,0.663,0.718
Peru,America,PER,Subnat,PERr104,"South (Tacna, Moquegua, Arequipa, Ica, Ayacucho)",2023,0.955,0.795,0.832,0.901,0.903,0.767,0.815,0.726,0.783
Peru,America,PER,Subnat,PERr105,"West (Ancash, Lima, Callao)",2023,0.972,0.84,0.864,0.904,0.905,0.833,0.841,0.787,0.847
Philippines,Asia/Pacific,PHL,National,PHLt,Total,2023,0.984,0.709,0.721,0.774,0.76,0.702,0.662,0.657,0.744
Philippines,Asia/Pacific,PHL,Subnat,PHLr117,ARMM,2023,0.995,0.633,0.636,0.762,0.75,0.599,0.54,0.555,0.635
Philippines,Asia/Pacific,PHL,Subnat,PHLr102,"Cordillera Admin Region",2023,0.99,0.74,0.747,0.798,0.779,0.757,0.706,0.67,0.757
Philippines,Asia/Pacific,PHL,Subnat,PHLr103,I-Ilocos,2023,0.986,0.711,0.721,0.736,0.728,0.727,0.677,0.671,0.759
Philippines,Asia/Pacific,PHL,Subnat,PHLr104,"II-Cagayan Valley",2023,0.986,0.717,0.727,0.803,0.784,0.697,0.658,0.658,0.744
Philippines,Asia/Pacific,PHL,Subnat,PHLr105,"III-Central Luzon",2023,0.978,0.722,0.737,0.774,0.76,0.71,0.684,0.683,0.772
Philippines,Asia/Pacific,PHL,Subnat,PHLr106,IVA-CALABARZON,2023,0.981,0.722,0.736,0.767,0.754,0.719,0.686,0.682,0.77
Philippines,Asia/Pacific,PHL,Subnat,PHLr107,IVB-MIMAROPA,2023,0.984,0.693,0.705,0.765,0.752,0.689,0.648,0.632,0.717
Philippines,Asia/Pacific,PHL,Subnat,PHLr112,"IX-Zamboanga Peninsula",2023,0.984,0.674,0.685,0.748,0.739,0.655,0.613,0.624,0.709
Philippines,Asia/Pacific,PHL,Subnat,PHLr101,"National Capital Region",2023,0.98,0.741,0.756,0.805,0.785,0.742,0.716,0.681,0.769
Philippines,Asia/Pacific,PHL,Subnat,PHLr108,V-Bicol,2023,0.99,0.682,0.689,0.768,0.755,0.65,0.601,0.637,0.722
Philippines,Asia/Pacific,PHL,Subnat,PHLr109,"VI-Western Visayas",2023,0.977,0.71,0.726,0.778,0.763,0.711,0.686,0.646,0.732
Philippines,Asia/Pacific,PHL,Subnat,PHLr110,"VII-Central Visayas",2023,0.978,0.692,0.707,0.766,0.753,0.677,0.65,0.638,0.724
Philippines,Asia/Pacific,PHL,Subnat,PHLr111,"VIII-Eastern Visayas",2023,0.992,0.699,0.704,0.764,0.751,0.7,0.644,0.637,0.723
Philippines,Asia/Pacific,PHL,Subnat,PHLr113,"X-Northern Mindanao",2023,0.993,0.714,0.719,0.784,0.768,0.703,0.647,0.661,0.747
Philippines,Asia/Pacific,PHL,Subnat,PHLr114,XI-Davao,2023,0.991,0.709,0.716,0.798,0.779,0.687,0.639,0.651,0.737
Philippines,Asia/Pacific,PHL,Subnat,PHLr115,XII-SOCCSKSARGEN,2023,0.993,0.687,0.692,0.759,0.747,0.676,0.619,0.631,0.716
Philippines,Asia/Pacific,PHL,Subnat,PHLr116,XIII-Caraga,2023,0.995,0.713,0.716,0.794,0.776,0.703,0.644,0.649,0.735
Poland,Europe,POL,National,POLt,Total,2023,1.012,0.91,0.899,0.921,0.883,0.935,0.873,0.877,0.944
Poland,Europe,POL,Subnat,POLr112,Dolnoslaskie,2023,1.006,0.926,0.921,0.915,0.875,0.951,0.909,0.913,0.981
Poland,Europe,POL,Subnat,POLr114,Kujawsko-Pomorskie,2023,1.007,0.889,0.883,0.909,0.882,0.897,0.84,0.862,0.928
Poland,Europe,POL,Subnat,POLr101,Lodzkie,2023,1.017,0.907,0.892,0.904,0.864,0.934,0.863,0.884,0.951
Poland,Europe,POL,Subnat,POLr105,Lubelskie,2023,1.021,0.893,0.875,0.929,0.879,0.924,0.85,0.831,0.896
Poland,Europe,POL,Subnat,POLr111,Lubuskie,2023,1.004,0.874,0.871,0.91,0.871,0.853,0.818,0.861,0.927
Poland,Europe,POL,Subnat,POLr103,Malopolskie,2023,1.007,0.922,0.915,0.94,0.906,0.954,0.9,0.874,0.941
Poland,Europe,POL,Subnat,POLr102,Mazowieckie,2023,1.013,0.957,0.944,0.929,0.891,0.974,0.944,0.968,1
Poland,Europe,POL,Subnat,POLr113,Opolskie,2023,1.011,0.892,0.882,0.929,0.884,0.891,0.841,0.856,0.922
Poland,Europe,POL,Subnat,POLr106,Podkarpackie,2023,1.006,0.884,0.879,0.943,0.903,0.882,0.84,0.831,0.896
Poland,Europe,POL,Subnat,POLr108,Podlaskie,2023,1.02,0.898,0.881,0.943,0.884,0.911,0.849,0.844,0.91
Poland,Europe,POL,Subnat,POLr116,Pomorskie,2023,1.012,0.923,0.912,0.92,0.89,0.956,0.886,0.894,0.962
Poland,Europe,POL,Subnat,POLr104,Slaskie,2023,1.008,0.912,0.905,0.909,0.878,0.926,0.871,0.902,0.97
Poland,Europe,POL,Subnat,POLr107,Swietokrzyskie,2023,1.017,0.883,0.868,0.928,0.873,0.89,0.833,0.835,0.9
Poland,Europe,POL,Subnat,POLr115,Warminsko-Mazurskie,2023,1.012,0.867,0.856,0.913,0.868,0.855,0.804,0.835,0.9
Poland,Europe,POL,Subnat,POLr109,Wielkopolskie,2023,1.009,0.921,0.912,0.92,0.887,0.94,0.881,0.903,0.971
Poland,Europe,POL,Subnat,POLr110,Zachodniopomorskie,2023,1.007,0.885,0.879,0.915,0.873,0.88,0.839,0.861,0.928
Portugal,Europe,PRT,National,PRTt,Total,2023,1,0.89,0.89,0.963,0.953,0.821,0.797,0.891,0.927
Portugal,Europe,PRT,Subnat,PRTr105,Alentejo,2023,1.007,0.869,0.863,0.947,0.927,0.787,0.758,0.879,0.914
Portugal,Europe,PRT,Subnat,PRTr102,Algarve,2023,1.009,0.879,0.871,0.958,0.933,0.777,0.748,0.911,0.947
Portugal,Europe,PRT,Subnat,PRTr104,"Area Metropolitana de Lisboa",2023,0.992,0.912,0.92,0.963,0.95,0.845,0.845,0.932,0.968
Portugal,Europe,PRT,Subnat,PRTr103,Centro,2023,1.004,0.883,0.88,0.968,0.958,0.821,0.788,0.867,0.902
Portugal,Europe,PRT,Subnat,PRTr101,Norte,2023,0.998,0.877,0.878,0.971,0.967,0.802,0.778,0.867,0.902
Portugal,Europe,PRT,Subnat,PRTr107,"Regiao Autonoma da Madeira",2023,1.001,0.844,0.843,0.927,0.911,0.726,0.709,0.892,0.928
Portugal,Europe,PRT,Subnat,PRTr106,"Regiao Autonoma dos Acores",2023,1.015,0.835,0.823,0.916,0.888,0.728,0.69,0.874,0.909
Qatar,Asia/Pacific,QAT,National,QATt,Total,2023,1.036,0.909,0.877,0.936,0.986,0.843,0.684,0.951,1
Romania,Europe,ROU,National,ROUt,Total,2023,0.986,0.837,0.849,0.878,0.845,0.783,0.769,0.853,0.942
Romania,Europe,ROU,Subnat,ROUr108,Bucuresti,2023,0.999,0.935,0.936,0.889,0.869,0.928,0.944,0.991,1
Romania,Europe,ROU,Subnat,ROUr107,Centru,2023,0.985,0.832,0.845,0.883,0.851,0.773,0.76,0.844,0.933
Romania,Europe,ROU,Subnat,ROUr101,Nord-Est,2023,0.989,0.796,0.805,0.877,0.83,0.743,0.731,0.774,0.858
Romania,Europe,ROU,Subnat,ROUr106,Nord-Vest,2023,0.988,0.842,0.852,0.875,0.851,0.81,0.783,0.841,0.929
Romania,Europe,ROU,Subnat,ROUr103,Sud,2023,0.978,0.792,0.81,0.874,0.835,0.705,0.713,0.808,0.895
Romania,Europe,ROU,Subnat,ROUr102,Sud-Est,2023,0.983,0.805,0.818,0.872,0.83,0.731,0.73,0.817,0.904
Romania,Europe,ROU,Subnat,ROUr104,"Sud-Vest Oltenia",2023,0.977,0.812,0.831,0.882,0.852,0.752,0.752,0.809,0.895
Romania,Europe,ROU,Subnat,ROUr105,Vest,2023,0.98,0.838,0.855,0.869,0.848,0.788,0.778,0.859,0.948
"Russian Federation",Europe,RUS,National,RUSt,Total,2023,,,,,,0.784,0.776,0.87,0.932
"Russian Federation",Europe,RUS,Subnat,RUSr101,"The Central Federal District",2023,,,,,,0.793,0.761,0.833,0.894
"Russian Federation",Europe,RUS,Subnat,RUSr108,"The Far East  Federal District",2023,,,,,,0.731,0.74,0.809,0.868
"Russian Federation",Europe,RUS,Subnat,RUSr102,"The North West Federal District",2023,,,,,,0.795,0.795,0.851,0.912
"Russian Federation",Europe,RUS,Subnat,RUSr104,"The North-Caucasian Federal District",2023,,,,,,0.772,0.777,0.62,0.672
"Russian Federation",Europe,RUS,Subnat,RUSr105,"The Privolzhsky (Volga) Federal District",2023,,,,,,0.799,0.804,0.739,0.796
"Russian Federation",Europe,RUS,Subnat,RUSr107,"The Siberian  Federal District",2023,,,,,,0.758,0.775,0.76,0.818
"Russian Federation",Europe,RUS,Subnat,RUSr103,"The South Federal District",2023,,,,,,0.79,0.783,0.71,0.766
"Russian Federation",Europe,RUS,Subnat,RUSr106,"The Urals  Federal District",2023,,,,,,0.788,0.787,0.871,0.933
Rwanda,Africa,RWA,National,RWAt,Total,2023,0.922,0.552,0.599,0.729,0.738,0.498,0.528,0.464,0.55
Rwanda,Africa,RWA,Subnat,RWAr101,"City of Kigali",2023,0.935,0.646,0.691,0.775,0.776,0.622,0.651,0.56,0.653
Rwanda,Africa,RWA,Subnat,RWAr105,East,2023,0.925,0.545,0.59,0.715,0.727,0.498,0.521,0.456,0.542
Rwanda,Africa,RWA,Subnat,RWAr104,North,2023,0.915,0.529,0.578,0.714,0.726,0.469,0.506,0.441,0.526
Rwanda,Africa,RWA,Subnat,RWAr102,South,2023,0.927,0.533,0.575,0.715,0.727,0.483,0.5,0.438,0.523
Rwanda,Africa,RWA,Subnat,RWAr103,West,2023,0.915,0.538,0.589,0.743,0.75,0.46,0.502,0.456,0.542
"Saint Lucia",America,LCA,National,LCAt,Total,2023,1.016,0.754,0.742,0.828,0.797,0.669,0.613,0.774,0.835
"Saint Lucia",America,LCA,Subnat,LCAr102,"St Lucia rural",2023,1.017,0.755,0.742,0.828,0.797,0.671,0.614,0.775,0.836
"Saint Lucia",America,LCA,Subnat,LCAr101,"St Lucia urban",2023,1.008,0.746,0.74,0.828,0.797,0.653,0.614,0.768,0.828
Samoa,Asia/Pacific,WSM,National,WSMt,Total,2023,0.955,0.687,0.719,0.787,0.806,0.753,0.694,0.546,0.665
Samoa,Asia/Pacific,WSM,Subnat,WSMr101,"Apia Urban Area",2023,0.956,0.749,0.783,0.782,0.786,0.812,0.773,0.661,0.79
Samoa,Asia/Pacific,WSM,Subnat,WSMr102,"North West Upolu",2023,0.968,0.716,0.74,0.782,0.786,0.75,0.686,0.627,0.753
Samoa,Asia/Pacific,WSM,Subnat,WSMr103,"Rest of Upolu",2023,0.963,0.716,0.744,0.793,0.795,0.742,0.69,0.624,0.75
Samoa,Asia/Pacific,WSM,Subnat,WSMr104,Savaii,2023,0.966,0.711,0.736,0.804,0.804,0.717,0.661,0.623,0.749
"Sao Tome & Principe",Africa,STP,National,STPt,Total,2023,0.98,0.633,0.646,0.788,0.75,0.546,0.577,0.59,0.623
"Sao Tome & Principe",Africa,STP,Subnat,STPr101,"Regiao Centro",2023,0.977,0.651,0.667,0.804,0.762,0.566,0.607,0.606,0.64
"Sao Tome & Principe",Africa,STP,Subnat,STPr104,"Regiao do Principe",2023,0.982,0.636,0.648,0.787,0.749,0.544,0.572,0.601,0.634
"Sao Tome & Principe",Africa,STP,Subnat,STPr103,"Regiao Norte",2023,0.986,0.604,0.613,0.76,0.728,0.513,0.529,0.566,0.598
"Sao Tome & Principe",Africa,STP,Subnat,STPr102,"Regiao Sul",2023,0.968,0.597,0.617,0.776,0.741,0.493,0.54,0.556,0.588
"Saudi Arabia",Asia/Pacific,SAU,National,SAUt,Total,2023,0.931,0.855,0.918,0.902,0.917,0.864,0.854,0.802,0.989
"Saudi Arabia",Asia/Pacific,SAU,Subnat,SAUr101,"Center (Riadh, Qassim)",2023,0.932,0.873,0.936,0.902,0.917,0.901,0.895,0.818,1
"Saudi Arabia",Asia/Pacific,SAU,Subnat,SAUr104,"Eastern province",2023,0.886,0.819,0.924,0.902,0.917,0.75,0.862,0.813,1
"Saudi Arabia",Asia/Pacific,SAU,Subnat,SAUr105,"North (Northern Borders, Al Jawf, Hail)",2023,0.952,0.873,0.917,0.902,0.917,0.874,0.841,0.845,1
"Saudi Arabia",Asia/Pacific,SAU,Subnat,SAUr103,"South (Bahah, Jizan, Asir, Najran)",2023,0.951,0.845,0.888,0.902,0.917,0.827,0.768,0.808,0.995
"Saudi Arabia",Asia/Pacific,SAU,Subnat,SAUr102,"West (Makka, Madinah, Tabuk)",2023,0.932,0.851,0.913,0.902,0.917,0.874,0.859,0.781,0.965
Senegal,Africa,SEN,National,SENt,Total,2023,0.924,0.509,0.55,0.742,0.758,0.358,0.36,0.496,0.61
Senegal,Africa,SEN,Subnat,SENr101,Dakar,2023,0.932,0.602,0.646,0.784,0.792,0.499,0.502,0.557,0.677
Senegal,Africa,SEN,Subnat,SENr103,Diourbel,2023,0.966,0.428,0.443,0.719,0.739,0.217,0.191,0.503,0.618
Senegal,Africa,SEN,Subnat,SENr109,Fatick,2023,0.911,0.507,0.557,0.757,0.77,0.37,0.389,0.467,0.578
Senegal,Africa,SEN,Subnat,SENr106,Kaolack,2023,0.912,0.447,0.49,0.741,0.757,0.26,0.27,0.462,0.574
Senegal,Africa,SEN,Subnat,SENr110,Kolda,2023,0.875,0.435,0.497,0.672,0.701,0.307,0.348,0.398,0.503
Senegal,Africa,SEN,Subnat,SENr108,Louga,2023,0.922,0.448,0.486,0.719,0.739,0.254,0.256,0.493,0.607
Senegal,Africa,SEN,Subnat,SENr104,"Saint Louis",2023,0.982,0.475,0.484,0.753,0.767,0.315,0.262,0.453,0.563
Senegal,Africa,SEN,Subnat,SENr105,Tambacounda,2023,0.934,0.433,0.463,0.715,0.736,0.272,0.259,0.416,0.523
Senegal,Africa,SEN,Subnat,SENr107,Thies,2023,0.94,0.543,0.577,0.752,0.766,0.398,0.385,0.534,0.652
Senegal,Africa,SEN,Subnat,SENr102,Ziguinchor,2023,0.905,0.576,0.636,0.798,0.803,0.542,0.581,0.441,0.55
Serbia,Europe,SRB,National,SRBt,Total,2023,0.987,0.827,0.838,0.885,0.862,0.816,0.798,0.783,0.857
Serbia,Europe,SRB,Subnat,SRBr101,Belgrade,2023,0.987,0.857,0.868,0.885,0.862,0.904,0.882,0.785,0.86
Serbia,Europe,SRB,Subnat,SRBr104,"South and East Serbia",2023,0.994,0.821,0.826,0.885,0.862,0.804,0.769,0.778,0.852
Serbia,Europe,SRB,Subnat,SRBr103,"Sumadija and West Serbia",2023,0.987,0.816,0.826,0.885,0.862,0.782,0.763,0.784,0.858
Serbia,Europe,SRB,Subnat,SRBr102,Vojvodina,2023,0.979,0.816,0.833,0.885,0.862,0.786,0.785,0.782,0.856
"Sierra Leone",Africa,SLE,National,SLEt,Total,2023,0.83,0.423,0.51,0.631,0.655,0.298,0.447,0.403,0.452
"Sierra Leone",Africa,SLE,Subnat,SLEr109,Bo,2023,0.813,0.408,0.502,0.607,0.636,0.288,0.454,0.389,0.438
"Sierra Leone",Africa,SLE,Subnat,SLEr101,Bombali,2023,0.815,0.419,0.514,0.678,0.693,0.28,0.449,0.388,0.436
"Sierra Leone",Africa,SLE,Subnat,SLEr110,Bonthe,2023,0.894,0.416,0.465,0.726,0.731,0.273,0.335,0.363,0.411
"Sierra Leone",Africa,SLE,Subnat,SLEr106,Kailahun,2023,0.818,0.402,0.491,0.684,0.697,0.268,0.423,0.353,0.4
"Sierra Leone",Africa,SLE,Subnat,SLEr102,Kambia,2023,0.795,0.384,0.483,0.602,0.632,0.242,0.408,0.389,0.438
"Sierra Leone",Africa,SLE,Subnat,SLEr107,Kenema,2023,0.836,0.403,0.482,0.58,0.614,0.291,0.419,0.387,0.436
"Sierra Leone",Africa,SLE,Subnat,SLEr103,Koinadugu,2023,0.811,0.38,0.469,0.679,0.693,0.221,0.359,0.366,0.414
"Sierra Leone",Africa,SLE,Subnat,SLEr108,Kono,2023,0.812,0.404,0.497,0.641,0.663,0.276,0.441,0.372,0.42
"Sierra Leone",Africa,SLE,Subnat,SLEr111,Moyamba,2023,0.842,0.388,0.461,0.615,0.642,0.274,0.386,0.348,0.395
"Sierra Leone",Africa,SLE,Subnat,SLEr104,"Port Loko",2023,0.794,0.376,0.473,0.549,0.589,0.255,0.422,0.379,0.427
"Sierra Leone",Africa,SLE,Subnat,SLEr112,Pujehun,2023,0.892,0.392,0.439,0.658,0.676,0.261,0.315,0.35,0.397
"Sierra Leone",Africa,SLE,Subnat,SLEr105,Tonkolili,2023,0.801,0.385,0.481,0.664,0.681,0.243,0.406,0.355,0.402
"Sierra Leone",Africa,SLE,Subnat,SLEr113,"Western Rural",2023,0.842,0.462,0.549,0.604,0.633,0.363,0.52,0.45,0.502
"Sierra Leone",Africa,SLE,Subnat,SLEr114,"Western Urban",2023,0.872,0.544,0.623,0.688,0.701,0.444,0.595,0.526,0.58
Singapore,Asia/Pacific,SGP,National,SGPt,Total,2023,0.994,0.944,0.95,0.981,0.981,0.858,0.873,1,1
"Slovak Republic",Europe,SVK,National,SVKt,Total,2023,0.999,0.879,0.88,0.909,0.885,0.868,0.837,0.861,0.919
"Slovak Republic",Europe,SVK,Subnat,SVKr101,"Bratislavsky kraj",2023,,,,0.926,0.927,,,0.975,1
"Slovak Republic",Europe,SVK,Subnat,SVKr103,"Stredne Slovensko",2023,0.999,0.863,0.864,0.909,0.875,0.846,0.825,0.835,0.892
"Slovak Republic",Europe,SVK,Subnat,SVKr104,"Vychodne Slovensko",2023,0.993,0.842,0.848,0.901,0.875,0.815,0.802,0.811,0.868
"Slovak Republic",Europe,SVK,Subnat,SVKr102,"Zapadne Slovensko",2023,1.001,0.871,0.87,0.909,0.884,0.858,0.824,0.847,0.905
Slovenia,Europe,SVN,National,SVNt,Total,2023,0.997,0.927,0.93,0.951,0.945,0.934,0.892,0.895,0.954
Slovenia,Europe,SVN,Subnat,SVNr110,Gorenjska,2023,0.988,0.916,0.926,0.957,0.967,0.936,0.899,0.857,0.915
Slovenia,Europe,SVN,Subnat,SVNr111,Goriska,2023,1.001,0.915,0.914,0.959,0.938,0.927,0.885,0.862,0.92
Slovenia,Europe,SVN,Subnat,SVNr107,"Jugovzhodna Slovenija",2023,1,0.908,0.908,0.933,0.924,0.917,0.867,0.876,0.935
Slovenia,Europe,SVN,Subnat,SVNr103,Koroska,2023,0.994,0.893,0.899,0.946,0.957,0.917,0.865,0.822,0.878
Slovenia,Europe,SVN,Subnat,SVNr112,Obalno-kraska,2023,0.994,0.928,0.933,0.97,0.963,0.931,0.895,0.885,0.943
Slovenia,Europe,SVN,Subnat,SVNr109,Osrednjeslovenska,2023,1.009,0.969,0.96,0.95,0.953,0.958,0.929,1,1
Slovenia,Europe,SVN,Subnat,SVNr102,Podravska,2023,0.995,0.898,0.903,0.931,0.928,0.931,0.887,0.837,0.894
Slovenia,Europe,SVN,Subnat,SVNr101,Pomurska,2023,0.997,0.87,0.873,0.932,0.923,0.896,0.855,0.788,0.843
Slovenia,Europe,SVN,Subnat,SVNr106,Posavska,2023,0.998,0.891,0.893,0.942,0.934,0.912,0.864,0.825,0.881
Slovenia,Europe,SVN,Subnat,SVNr108,Primorsko-notranjska,2023,0.993,0.888,0.895,0.957,0.964,0.925,0.877,0.791,0.847
Slovenia,Europe,SVN,Subnat,SVNr104,Savinjska,2023,1.002,0.907,0.905,0.936,0.924,0.927,0.874,0.86,0.918
Slovenia,Europe,SVN,Subnat,SVNr105,Zasavska,2023,0.994,0.85,0.855,0.938,0.931,0.909,0.869,0.719,0.772
"Solomon Islands",Asia/Pacific,SLB,National,SLBt,Total,2023,0.927,0.565,0.61,0.761,0.796,0.489,0.551,0.484,0.517
Somalia,Africa,SOM,National,SOMt,Total,2023,0.793,0.354,0.447,0.598,0.598,0.238,0.321,0.312,0.464
Somalia,Africa,SOM,Subnat,SOMr102,Awdal,2023,0.836,0.393,0.469,0.839,0.788,0.225,0.277,0.321,0.474
Somalia,Africa,SOM,Subnat,SOMr109,Bakool,2023,0.77,0.299,0.389,0.596,0.596,0.181,0.253,0.248,0.39
Somalia,Africa,SOM,Subnat,SOMr116,Banadir,2023,0.846,0.447,0.528,0.56,0.567,0.381,0.443,0.417,0.585
Somalia,Africa,SOM,Subnat,SOMr108,Bari,2023,0.818,0.413,0.506,0.677,0.66,0.286,0.373,0.365,0.525
Somalia,Africa,SOM,Subnat,SOMr110,Bay,2023,0.682,0.279,0.41,0.553,0.562,0.154,0.307,0.257,0.4
Somalia,Africa,SOM,Subnat,SOMr117,Galguduud,2023,0.686,0.256,0.373,0.601,0.6,0.104,0.21,0.266,0.41
Somalia,Africa,SOM,Subnat,SOMr111,Gedo,2023,0.834,0.349,0.419,0.616,0.612,0.253,0.286,0.274,0.42
Somalia,Africa,SOM,Subnat,SOMr113,Hiran,2023,0.729,0.269,0.369,0.855,0.8,0.084,0.151,0.272,0.417
Somalia,Africa,SOM,Subnat,SOMr118,"Lower Juba",2023,0.763,0.294,0.385,0.529,0.543,0.187,0.263,0.258,0.401
Somalia,Africa,SOM,Subnat,SOMr115,"Lower Shabelle",2023,0.744,0.303,0.407,0.526,0.54,0.185,0.288,0.286,0.434
Somalia,Africa,SOM,Subnat,SOMr112,"Middle Juba",2023,0.501,0.15,0.299,0.69,0.67,0.019,0.1,0.255,0.398
Somalia,Africa,SOM,Subnat,SOMr114,"Middle Shabelle",2023,0.701,0.304,0.433,0.649,0.638,0.15,0.292,0.288,0.436
Somalia,Africa,SOM,Subnat,SOMr106,Mudug,2023,0.848,0.389,0.459,0.663,0.648,0.274,0.311,0.324,0.478
Somalia,Africa,SOM,Subnat,SOMr107,Nugal,2023,0.861,0.393,0.456,0.65,0.639,0.305,0.326,0.305,0.456
Somalia,Africa,SOM,Subnat,SOMr103,Sanaag,2023,0.837,0.444,0.531,0.758,0.724,0.352,0.427,0.329,0.483
Somalia,Africa,SOM,Subnat,SOMr104,Sool,2023,0.768,0.315,0.41,0.703,0.681,0.154,0.231,0.289,0.437
Somalia,Africa,SOM,Subnat,SOMr105,Togdhere,2023,0.789,0.329,0.417,0.582,0.585,0.228,0.3,0.269,0.414
Somalia,Africa,SOM,Subnat,SOMr101,"W Galbeed",2023,0.803,0.435,0.541,0.625,0.619,0.328,0.454,0.4,0.565
"South Africa",Africa,ZAF,National,ZAFt,Total,2023,0.996,0.738,0.741,0.725,0.694,0.783,0.757,0.707,0.774
"South Africa",Africa,ZAF,Subnat,ZAFr102,"Eastern Cape",2023,0.996,0.7,0.703,0.692,0.669,0.745,0.711,0.667,0.731
"South Africa",Africa,ZAF,Subnat,ZAFr104,"Free State",2023,0.993,0.737,0.742,0.693,0.669,0.777,0.752,0.744,0.812
"South Africa",Africa,ZAF,Subnat,ZAFr107,Gauteng,2023,1.005,0.763,0.76,0.737,0.704,0.834,0.787,0.724,0.791
"South Africa",Africa,ZAF,Subnat,ZAFr105,"KwaZulu Natal",2023,0.99,0.732,0.739,0.742,0.708,0.757,0.748,0.697,0.763
"South Africa",Africa,ZAF,Subnat,ZAFr108,Mpumalanga,2023,0.976,0.698,0.715,0.677,0.656,0.743,0.751,0.676,0.741
"South Africa",Africa,ZAF,Subnat,ZAFr106,"North West",2023,1.001,0.703,0.703,0.691,0.667,0.743,0.7,0.678,0.744
"South Africa",Africa,ZAF,Subnat,ZAFr103,"Northern Cape",2023,1.005,0.728,0.724,0.724,0.693,0.737,0.693,0.724,0.791
"South Africa",Africa,ZAF,Subnat,ZAFr109,"Northern Province",2023,0.995,0.737,0.74,0.768,0.728,0.777,0.758,0.669,0.734
"South Africa",Africa,ZAF,Subnat,ZAFr101,"Western Cape",2023,1.006,0.779,0.774,0.744,0.709,0.815,0.77,0.781,0.85
"South Sudan",Africa,SSD,National,SSDt,Total,2023,,,,0.587,0.571,0.284,0.394,,
"South Sudan",Africa,SSD,Subnat,SSDr109,"Central Equatoria",2023,,,,0.549,0.542,0.553,0.589,,
"South Sudan",Africa,SSD,Subnat,SSDr110,"Eastern Equatoria",2023,,,,0.541,0.536,0.297,0.394,,
"South Sudan",Africa,SSD,Subnat,SSDr102,Jonglei,2023,,,,0.683,0.646,0.15,0.257,,
"South Sudan",Africa,SSD,Subnat,SSDr107,Lakes,2023,,,,0.645,0.616,0.144,0.281,,
"South Sudan",Africa,SSD,Subnat,SSDr105,"Northern Bahr El Ghazal",2023,,,,0.503,0.506,0.126,0.289,,
"South Sudan",Africa,SSD,Subnat,SSDr103,Unity,2023,,,,0.71,0.667,0.126,0.261,,
"South Sudan",Africa,SSD,Subnat,SSDr101,"Upper Nile",2023,,,,0.615,0.593,0.375,0.455,,
"South Sudan",Africa,SSD,Subnat,SSDr104,Warrap,2023,,,,0.555,0.547,0.096,0.279,,
"South Sudan",Africa,SSD,Subnat,SSDr106,"Western Bahr El Ghazal",2023,,,,0.58,0.566,0.375,0.447,,
"South Sudan",Africa,SSD,Subnat,SSDr108,"Western Equatoria",2023,,,,0.564,0.554,0.425,0.526,,
Spain,Europe,ESP,National,ESPt,Total,2023,0.989,0.91,0.92,0.982,0.976,0.856,0.838,0.896,0.952
Spain,Europe,ESP,Subnat,ESPr115,Andalucia,2023,0.992,0.883,0.89,0.963,0.957,0.84,0.814,0.851,0.906
Spain,Europe,ESP,Subnat,ESPr107,Aragon,2023,0.989,0.917,0.927,0.981,0.971,0.862,0.847,0.911,0.968
Spain,Europe,ESP,Subnat,ESPr119,Canarias,2023,0.99,0.879,0.887,0.966,0.965,0.817,0.791,0.86,0.915
Spain,Europe,ESP,Subnat,ESPr103,Cantabria,2023,0.986,0.908,0.922,0.977,0.974,0.868,0.854,0.885,0.94
Spain,Europe,ESP,Subnat,ESPr109,"Castilla y Leon",2023,0.985,0.912,0.926,0.994,0.984,0.859,0.854,0.89,0.945
Spain,Europe,ESP,Subnat,ESPr110,"Castilla-la Mancha",2023,0.989,0.879,0.888,0.983,0.984,0.801,0.776,0.862,0.917
Spain,Europe,ESP,Subnat,ESPr112,Cataluna,2023,0.992,0.922,0.93,0.989,0.982,0.863,0.839,0.919,0.976
Spain,Europe,ESP,Subnat,ESPr117,"Ciudad Autonoma de Ceuta",2023,0.987,0.861,0.872,0.924,0.947,0.798,0.762,0.865,0.92
Spain,Europe,ESP,Subnat,ESPr118,"Ciudad Autonoma de Melilla",2023,0.99,0.869,0.878,0.949,0.964,0.817,0.778,0.848,0.903
Spain,Europe,ESP,Subnat,ESPr108,"Comunidad de Madrid",2023,0.977,0.939,0.961,1,1,0.878,0.888,0.944,1
Spain,Europe,ESP,Subnat,ESPr105,"Comunidad Foral de Navarra",2023,0.991,0.93,0.939,0.997,0.984,0.873,0.857,0.925,0.982
Spain,Europe,ESP,Subnat,ESPr113,"Comunidad Valenciana",2023,0.989,0.896,0.906,0.972,0.968,0.846,0.826,0.874,0.93
Spain,Europe,ESP,Subnat,ESPr111,Extremadura,2023,0.997,0.882,0.884,0.97,0.965,0.829,0.79,0.853,0.908
Spain,Europe,ESP,Subnat,ESPr101,Galicia,2023,0.988,0.908,0.919,0.986,0.976,0.861,0.847,0.883,0.939
Spain,Europe,ESP,Subnat,ESPr114,"Illes Balears",2023,0.988,0.881,0.892,0.981,0.976,0.77,0.756,0.904,0.96
Spain,Europe,ESP,Subnat,ESPr106,"La Rioja",2023,0.984,0.916,0.93,0.984,0.974,0.864,0.861,0.904,0.96
Spain,Europe,ESP,Subnat,ESPr104,"Pais Vasco",2023,0.98,0.936,0.956,0.989,0.981,0.889,0.898,0.934,0.991
Spain,Europe,ESP,Subnat,ESPr102,"Principado de Asturias",2023,0.983,0.903,0.919,0.97,0.964,0.861,0.86,0.882,0.937
Spain,Europe,ESP,Subnat,ESPr116,"Region de Murcia",2023,0.992,0.887,0.894,0.966,0.959,0.834,0.809,0.866,0.921
"Sri Lanka",Asia/Pacific,LKA,National,LKAt,Total,2023,0.951,0.75,0.789,0.894,0.873,0.736,0.712,0.641,0.79
"St. Kitts and Nevis",America,KNA,National,KNAt,Total,2023,,,,0.823,0.786,0.871,0.826,,
"St. Vincent and the Grenadines",America,VCT,National,VCTt,Total,2023,,,,0.797,0.787,0.836,0.82,,
Sudan,Africa,SDN,National,SDNt,Total,2023,0.813,0.441,0.542,0.725,0.704,0.355,0.388,0.333,0.583
Sudan,Africa,SDN,Subnat,SDNr105,"Al Gedarif",2023,0.784,0.385,0.491,0.719,0.7,0.277,0.322,0.287,0.525
Sudan,Africa,SDN,Subnat,SDNr107,"Al Gezira",2023,0.837,0.487,0.582,0.757,0.729,0.388,0.412,0.394,0.658
Sudan,Africa,SDN,Subnat,SDNr110,"Blue Nile",2023,0.797,0.365,0.458,0.653,0.647,0.228,0.258,0.326,0.573
Sudan,Africa,SDN,Subnat,SDNr104,Kassala,2023,0.787,0.389,0.494,0.758,0.73,0.251,0.298,0.308,0.552
Sudan,Africa,SDN,Subnat,SDNr106,Khartoum,2023,0.866,0.565,0.653,0.759,0.731,0.535,0.527,0.446,0.722
Sudan,Africa,SDN,Subnat,SDNr102,"Nahr El Nil",2023,0.865,0.541,0.625,0.81,0.771,0.477,0.467,0.409,0.677
Sudan,Africa,SDN,Subnat,SDNr113,"North Darfur",2023,0.758,0.388,0.513,0.688,0.675,0.335,0.412,0.254,0.484
Sudan,Africa,SDN,Subnat,SDNr111,"North Kordofan",2023,0.802,0.399,0.497,0.756,0.729,0.301,0.328,0.279,0.516
Sudan,Africa,SDN,Subnat,SDNr101,Northern,2023,0.879,0.569,0.647,0.807,0.769,0.501,0.48,0.455,0.735
Sudan,Africa,SDN,Subnat,SDNr103,"Red Sea",2023,0.817,0.453,0.555,0.757,0.73,0.387,0.414,0.318,0.564
Sudan,Africa,SDN,Subnat,SDNr109,Sinnar,2023,0.806,0.428,0.531,0.754,0.727,0.312,0.353,0.333,0.583
Sudan,Africa,SDN,Subnat,SDNr115,"South Darfur",2023,0.756,0.367,0.486,0.692,0.678,0.272,0.341,0.264,0.496
Sudan,Africa,SDN,Subnat,SDNr112,"South Kordofan",2023,0.765,0.365,0.477,0.714,0.696,0.254,0.312,0.269,0.502
Sudan,Africa,SDN,Subnat,SDNr114,"West Darfur",2023,0.722,0.362,0.501,0.703,0.686,0.26,0.373,0.26,0.492
Sudan,Africa,SDN,Subnat,SDNr108,"White Nile",2023,0.812,0.429,0.528,0.716,0.697,0.341,0.371,0.323,0.57
Suriname,America,SUR,National,SURt,Total,2023,0.993,0.717,0.722,0.836,0.815,0.603,0.568,0.732,0.814
Suriname,America,SUR,Subnat,SURr105,"Brokopondo and Sipaliwini",2023,0.977,0.583,0.596,0.862,0.836,0.384,0.378,0.597,0.672
Suriname,America,SUR,Subnat,SURr104,"Commewijne and Marowijne",2023,1.006,0.704,0.7,0.85,0.827,0.576,0.524,0.712,0.794
Suriname,America,SUR,Subnat,SURr103,"Nickerie, Coronie and Saramacca",2023,0.996,0.714,0.717,0.858,0.833,0.572,0.537,0.741,0.824
Suriname,America,SUR,Subnat,SURr101,Paramaribo,2023,0.995,0.738,0.741,0.814,0.797,0.654,0.611,0.753,0.837
Suriname,America,SUR,Subnat,SURr102,"Wanica and Para",2023,0.989,0.722,0.73,0.836,0.815,0.606,0.579,0.743,0.826
Sweden,Europe,SWE,National,SWEt,Total,2023,0.988,0.95,0.961,0.963,0.984,0.931,0.901,0.955,1
Sweden,Europe,SWE,Subnat,SWEr107,"Mellersta Norrland",2023,0.994,0.938,0.944,0.946,0.972,0.928,0.875,0.941,0.988
Sweden,Europe,SWE,Subnat,SWEr106,"Norra Mellansverige",2023,0.993,0.933,0.939,0.955,0.978,0.918,0.87,0.926,0.973
Sweden,Europe,SWE,Subnat,SWEr102,"Ostra Mellansverige",2023,0.983,0.938,0.954,0.96,0.978,0.923,0.907,0.933,0.98
Sweden,Europe,SWE,Subnat,SWEr108,"Ovre Norrland",2023,0.985,0.947,0.961,0.947,0.973,0.928,0.913,0.966,1
Sweden,Europe,SWE,Subnat,SWEr103,"Smaland med oarna",2023,0.996,0.942,0.945,0.972,0.986,0.922,0.875,0.932,0.979
Sweden,Europe,SWE,Subnat,SWEr101,Stockholm,2023,1.003,0.973,0.97,0.975,0.997,0.945,0.915,0.999,1
Sweden,Europe,SWE,Subnat,SWEr104,Sydsverige,2023,0.984,0.938,0.953,0.956,0.978,0.927,0.907,0.93,0.977
Sweden,Europe,SWE,Subnat,SWEr105,Vastsverige,2023,0.99,0.949,0.958,0.964,0.984,0.933,0.897,0.95,0.997
Switzerland,Europe,CHE,National,CHEt,Total,2023,0.977,0.954,0.976,0.974,0.992,0.92,0.936,0.967,1
Switzerland,Europe,CHE,Subnat,CHEr106,"Central Switzerland",2023,0.974,0.944,0.97,0.982,1,0.878,0.911,0.977,1
Switzerland,Europe,CHE,Subnat,CHEr105,"Eastern Switzerland",2023,0.966,0.932,0.964,0.976,0.993,0.863,0.903,0.961,1
Switzerland,Europe,CHE,Subnat,CHEr102,"Espace Mittelland",2023,0.976,0.945,0.968,0.972,0.995,0.901,0.911,0.962,1
Switzerland,Europe,CHE,Subnat,CHEr101,"Lake Geneva region",2023,0.988,0.964,0.976,0.985,1,0.936,0.929,0.972,1
Switzerland,Europe,CHE,Subnat,CHEr103,"Northwestern Switzerland",2023,0.984,0.952,0.968,0.982,1,0.894,0.907,0.983,1
Switzerland,Europe,CHE,Subnat,CHEr107,Ticino,2023,0.994,0.961,0.966,0.999,1,0.896,0.902,0.991,1
Switzerland,Europe,CHE,Subnat,CHEr104,Zurich,2023,0.984,0.982,0.998,0.979,1,0.971,0.995,0.996,1
Tajikistan,Asia/Pacific,TJK,National,TJKt,Total,2023,0.926,0.662,0.715,0.792,0.801,0.654,0.699,0.559,0.652
Tajikistan,Asia/Pacific,TJK,Subnat,TJKr104,DRS,2023,0.914,0.65,0.711,0.801,0.809,0.611,0.68,0.56,0.654
Tajikistan,Asia/Pacific,TJK,Subnat,TJKr101,Duchanbe,2023,0.932,0.728,0.782,0.849,0.85,0.72,0.769,0.632,0.731
Tajikistan,Asia/Pacific,TJK,Subnat,TJKr105,GBAO,2023,0.924,0.67,0.725,0.801,0.809,0.688,0.74,0.545,0.638
Tajikistan,Asia/Pacific,TJK,Subnat,TJKr102,Khatlon,2023,0.913,0.639,0.699,0.776,0.787,0.622,0.687,0.54,0.632
Tajikistan,Asia/Pacific,TJK,Subnat,TJKr103,"Sughd (formerly Leninabad)",2023,0.942,0.672,0.714,0.793,0.802,0.693,0.702,0.552,0.645
Tanzania,Africa,TZA,National,TZAt,Total,2023,0.951,0.542,0.569,0.727,0.718,0.426,0.459,0.513,0.56
Tanzania,Africa,TZA,Subnat,TZAr202," Arusha, Manyara",2023,0.961,0.554,0.576,0.751,0.738,0.445,0.467,0.507,0.554
Tanzania,Africa,TZA,Subnat,TZAr207," Dar Es Salam",2023,0.95,0.626,0.66,0.696,0.693,0.569,0.617,0.62,0.671
Tanzania,Africa,TZA,Subnat,TZAr201," Dodoma",2023,0.961,0.555,0.577,0.777,0.759,0.429,0.453,0.512,0.559
Tanzania,Africa,TZA,Subnat,TZAr211," Iringa, Njombe",2023,0.955,0.56,0.586,0.685,0.684,0.474,0.5,0.541,0.589
Tanzania,Africa,TZA,Subnat,TZAr218," Kagera",2023,0.948,0.524,0.553,0.709,0.703,0.416,0.45,0.488,0.534
Tanzania,Africa,TZA,Subnat,TZAr216," Kigoma",2023,0.944,0.478,0.506,0.698,0.695,0.335,0.365,0.465,0.511
Tanzania,Africa,TZA,Subnat,TZAr203," Kilimanjaro",2023,0.975,0.606,0.621,0.71,0.705,0.538,0.54,0.581,0.631
Tanzania,Africa,TZA,Subnat,TZAr208," Lindi",2023,0.946,0.531,0.561,0.809,0.784,0.409,0.454,0.452,0.497
Tanzania,Africa,TZA,Subnat,TZAr220," Mara",2023,0.949,0.553,0.583,0.752,0.738,0.457,0.498,0.492,0.538
Tanzania,Africa,TZA,Subnat,TZAr212," Mbeya",2023,0.949,0.537,0.565,0.714,0.707,0.43,0.464,0.503,0.55
Tanzania,Africa,TZA,Subnat,TZAr205," Morogoro",2023,0.948,0.515,0.543,0.694,0.691,0.401,0.432,0.491,0.537
Tanzania,Africa,TZA,Subnat,TZAr209," Mtwara",2023,0.946,0.527,0.557,0.744,0.732,0.416,0.456,0.473,0.518
Tanzania,Africa,TZA,Subnat,TZAr219," Mwanza, Geita",2023,0.938,0.535,0.571,0.735,0.725,0.404,0.456,0.515,0.562
Tanzania,Africa,TZA,Subnat,TZAr224," Pemba North",2023,0.986,0.59,0.598,0.742,0.73,0.494,0.482,0.56,0.609
Tanzania,Africa,TZA,Subnat,TZAr225," Pemba South",2023,0.965,0.589,0.61,0.712,0.706,0.5,0.517,0.573,0.622
Tanzania,Africa,TZA,Subnat,TZAr206," Pwani",2023,0.942,0.547,0.58,0.677,0.678,0.451,0.494,0.535,0.583
Tanzania,Africa,TZA,Subnat,TZAr215," Rukwa, Katavi",2023,0.934,0.484,0.518,0.714,0.707,0.343,0.387,0.463,0.508
Tanzania,Africa,TZA,Subnat,TZAr210," Ruvuma",2023,0.964,0.534,0.554,0.676,0.677,0.45,0.459,0.5,0.547
Tanzania,Africa,TZA,Subnat,TZAr217," Shinyanga, Simiyu",2023,0.953,0.506,0.53,0.752,0.738,0.359,0.386,0.478,0.524
Tanzania,Africa,TZA,Subnat,TZAr213," Singida",2023,0.977,0.559,0.572,0.789,0.768,0.458,0.46,0.483,0.529
Tanzania,Africa,TZA,Subnat,TZAr214," Tabora",2023,0.935,0.462,0.494,0.716,0.709,0.294,0.331,0.469,0.514
Tanzania,Africa,TZA,Subnat,TZAr204," Tanga",2023,0.944,0.536,0.568,0.752,0.739,0.408,0.453,0.503,0.549
Tanzania,Africa,TZA,Subnat,TZAr221," Zanzibar North",2023,0.988,0.587,0.594,0.752,0.739,0.488,0.475,0.55,0.598
Tanzania,Africa,TZA,Subnat,TZAr222," Zanzibar South",2023,0.969,0.607,0.626,0.681,0.681,0.551,0.558,0.595,0.645
Tanzania,Africa,TZA,Subnat,TZAr223," Zanzibar West",2023,0.966,0.66,0.683,0.729,0.719,0.598,0.621,0.659,0.712
Thailand,Asia/Pacific,THA,National,THAt,Total,2023,1.008,0.802,0.795,0.898,0.841,0.726,0.731,0.79,0.818
Thailand,Asia/Pacific,THA,Subnat,THAr101,Bangkok,2023,1.01,0.838,0.83,0.898,0.841,0.841,0.841,0.78,0.808
Thailand,Asia/Pacific,THA,Subnat,THAr102,Central,2023,1.006,0.811,0.806,0.898,0.841,0.749,0.759,0.793,0.821
Thailand,Asia/Pacific,THA,Subnat,THAr103,North,2023,1.01,0.787,0.779,0.898,0.841,0.686,0.686,0.791,0.819
Thailand,Asia/Pacific,THA,Subnat,THAr104,Northeast,2023,1.007,0.782,0.776,0.898,0.841,0.667,0.674,0.797,0.825
Thailand,Asia/Pacific,THA,Subnat,THAr105,South,2023,1.007,0.789,0.784,0.89,0.835,0.706,0.712,0.783,0.81
"Timor Leste",Asia/Pacific,TLS,National,TLSt,Total,2023,0.939,0.613,0.653,0.722,0.747,0.567,0.589,0.564,0.634
"Timor Leste",Asia/Pacific,TLS,Subnat,TLSr101,Aileu,2023,0.947,0.602,0.635,0.738,0.761,0.538,0.545,0.548,0.618
"Timor Leste",Asia/Pacific,TLS,Subnat,TLSr102,Ainaro,2023,0.926,0.546,0.59,0.688,0.718,0.469,0.5,0.504,0.571
"Timor Leste",Asia/Pacific,TLS,Subnat,TLSr103,Baucau,2023,0.934,0.589,0.631,0.717,0.743,0.512,0.54,0.555,0.625
"Timor Leste",Asia/Pacific,TLS,Subnat,TLSr104,Bobonaro,2023,0.929,0.585,0.63,0.732,0.756,0.479,0.516,0.569,0.64
"Timor Leste",Asia/Pacific,TLS,Subnat,TLSr105,"Cova Lima",2023,0.931,0.6,0.644,0.748,0.769,0.53,0.568,0.543,0.612
"Timor Leste",Asia/Pacific,TLS,Subnat,TLSr106,Dili,2023,0.961,0.731,0.76,0.731,0.754,0.79,0.774,0.677,0.754
"Timor Leste",Asia/Pacific,TLS,Subnat,TLSr107,Ermera,2023,0.921,0.541,0.588,0.738,0.76,0.421,0.463,0.511,0.578
"Timor Leste",Asia/Pacific,TLS,Subnat,TLSr109,Lautem,2023,0.923,0.586,0.635,0.739,0.762,0.477,0.523,0.572,0.642
"Timor Leste",Asia/Pacific,TLS,Subnat,TLSr108,Liquica,2023,0.939,0.618,0.658,0.771,0.789,0.554,0.582,0.552,0.621
"Timor Leste",Asia/Pacific,TLS,Subnat,TLSr111,Manatuto,2023,0.953,0.608,0.638,0.723,0.748,0.569,0.564,0.547,0.616
"Timor Leste",Asia/Pacific,TLS,Subnat,TLSr110,Manufahi,2023,0.937,0.604,0.645,0.717,0.743,0.543,0.567,0.566,0.636
"Timor Leste",Asia/Pacific,TLS,Subnat,TLSr112,Oecussi,2023,0.917,0.544,0.593,0.648,0.684,0.504,0.546,0.493,0.559
"Timor Leste",Asia/Pacific,TLS,Subnat,TLSr113,Viqueque,2023,0.917,0.584,0.637,0.704,0.732,0.529,0.585,0.535,0.603
Togo,Africa,TGO,National,TGOt,Total,2023,0.865,0.535,0.618,0.622,0.693,0.509,0.65,0.484,0.525
Togo,Africa,TGO,Subnat,TGOr104,Centrale,2023,0.87,0.523,0.601,0.623,0.694,0.49,0.614,0.469,0.509
Togo,Africa,TGO,Subnat,TGOr105,Kara,2023,0.854,0.502,0.588,0.583,0.659,0.466,0.61,0.465,0.505
Togo,Africa,TGO,Subnat,TGOr101,Lome,2023,0.886,0.61,0.688,0.633,0.702,0.641,0.77,0.559,0.602
Togo,Africa,TGO,Subnat,TGOr102,Maritime,2023,0.85,0.513,0.604,0.607,0.68,0.484,0.648,0.46,0.5
Togo,Africa,TGO,Subnat,TGOr103,Plateaux,2023,0.866,0.523,0.604,0.644,0.712,0.496,0.634,0.448,0.487
Togo,Africa,TGO,Subnat,TGOr106,Savanes,2023,0.83,0.453,0.545,0.615,0.687,0.342,0.492,0.44,0.479
Tonga,Asia/Pacific,TON,National,TONt,Total,2023,0.998,0.763,0.764,0.829,0.798,0.866,0.821,0.617,0.681
Tonga,Asia/Pacific,TON,Subnat,TONr104,Eua,2023,1.002,0.744,0.742,0.829,0.798,0.817,0.765,0.607,0.67
Tonga,Asia/Pacific,TON,Subnat,TONr103,Ha-apai,2023,0.998,0.724,0.725,0.829,0.798,0.831,0.782,0.551,0.611
Tonga,Asia/Pacific,TON,Subnat,TONr105,"Ongo Niua",2023,0.98,0.72,0.735,0.829,0.798,0.83,0.826,0.542,0.602
Tonga,Asia/Pacific,TON,Subnat,TONr101,Tongatapu,2023,0.995,0.77,0.774,0.829,0.798,0.874,0.836,0.631,0.695
Tonga,Asia/Pacific,TON,Subnat,TONr102,Vava-u,2023,1.003,0.752,0.75,0.829,0.798,0.852,0.794,0.602,0.665
"Trinidad & Tobago",America,TTO,National,TTOt,Total,2023,0.99,0.801,0.809,0.834,0.814,0.77,0.74,0.802,0.88
"Trinidad & Tobago",America,TTO,Subnat,TTOr103,Central,2023,0.988,0.812,0.821,0.834,0.814,0.788,0.763,0.815,0.893
"Trinidad & Tobago",America,TTO,Subnat,TTOr102,East,2023,1.012,0.79,0.78,0.834,0.814,0.762,0.685,0.776,0.853
"Trinidad & Tobago",America,TTO,Subnat,TTOr101,"North West",2023,0.993,0.805,0.811,0.834,0.814,0.778,0.742,0.804,0.883
"Trinidad & Tobago",America,TTO,Subnat,TTOr104,"South West",2023,0.987,0.796,0.806,0.834,0.814,0.756,0.734,0.799,0.878
"Trinidad & Tobago",America,TTO,Subnat,TTOr105,Tobago,2023,0.993,0.8,0.806,0.834,0.814,0.774,0.737,0.794,0.872
Tunisia,Africa,TUN,National,TUNt,Total,2023,0.931,0.712,0.765,0.872,0.868,0.667,0.657,0.62,0.785
Tunisia,Africa,TUN,Subnat,TUNr105,"Centre Est (Sousse, Monastir, Mahdia, Sfax)",2023,0.927,0.709,0.765,0.872,0.868,0.655,0.653,0.623,0.789
Tunisia,Africa,TUN,Subnat,TUNr104,"Centre Ouest (Kairouan, Kasserine, Sidi Bouzid)",2023,0.909,0.645,0.709,0.821,0.826,0.55,0.571,0.594,0.756
Tunisia,Africa,TUN,Subnat,TUNr101,"Grand Tunis (Tunis, Ariana, Ben Arous, Manouba)",2023,0.937,0.756,0.807,0.891,0.884,0.76,0.738,0.639,0.807
Tunisia,Africa,TUN,Subnat,TUNr102,"Nord Est (Nabeul, Zaghouan, Bizerte)",2023,0.934,0.7,0.75,0.849,0.85,0.658,0.638,0.615,0.779
Tunisia,Africa,TUN,Subnat,TUNr103,"Nord Ouest (Beja, Jendouba, Kef, Siliana)",2023,0.927,0.687,0.741,0.854,0.854,0.623,0.616,0.611,0.774
Tunisia,Africa,TUN,Subnat,TUNr107,"Sud Est (Gabes, Medinine, Tataouine)",2023,0.933,0.711,0.762,0.882,0.876,0.661,0.646,0.616,0.781
Tunisia,Africa,TUN,Subnat,TUNr106,"Sud Ouest (Gafsa, Tozeur, Kebili)",2023,0.94,0.711,0.756,0.848,0.848,0.694,0.658,0.61,0.774
Turkey,Asia/Pacific,TUR,National,TURt,Total,2023,0.938,0.822,0.876,0.882,0.877,0.776,0.824,0.811,0.931
Turkey,Asia/Pacific,TUR,Subnat,TURr103,"Aegean (Afyon, Aydin, Denizli, Izmir, Kutahya, Man",2023,0.941,0.823,0.875,0.88,0.872,0.778,0.822,0.814,0.934
Turkey,Asia/Pacific,TUR,Subnat,TURr107,"Central Anatolia (Kayseri, Kirsehir, Nevsehir, Nig",2023,0.933,0.8,0.857,0.877,0.876,0.766,0.818,0.762,0.878
Turkey,Asia/Pacific,TUR,Subnat,TURr111,"Central East Anatolia (Bingol, Bitlis, Elazig, Hak",2023,0.924,0.765,0.828,0.88,0.881,0.75,0.819,0.678,0.788
Turkey,Asia/Pacific,TUR,Subnat,TURr109,"East Black Sea (Artvin, Giresun, Gumushane, Ordu,",2023,0.939,0.796,0.848,0.912,0.892,0.773,0.826,0.716,0.828
Turkey,Asia/Pacific,TUR,Subnat,TURr104,"East Marmara (Bilecik, Bolu, Bursa, Duzce, Eskiseh",2023,0.936,0.83,0.886,0.875,0.874,0.777,0.827,0.841,0.963
Turkey,Asia/Pacific,TUR,Subnat,TURr101,Istanbul,2023,0.949,0.856,0.902,0.888,0.883,0.792,0.831,0.891,1
Turkey,Asia/Pacific,TUR,Subnat,TURr106,"Mediterranean (Adana, Antalya, Burdur, Hatay, Ispa",2023,0.936,0.81,0.866,0.878,0.88,0.775,0.821,0.782,0.899
Turkey,Asia/Pacific,TUR,Subnat,TURr110,"North East Anatolia (Agri, Erzincan, Erzurum, Kars",2023,0.929,0.774,0.833,0.877,0.875,0.757,0.817,0.697,0.808
Turkey,Asia/Pacific,TUR,Subnat,TURr112,"South East Anatolia (Adiyaman, Diyarbakir, Gaziant",2023,0.933,0.772,0.827,0.878,0.868,0.743,0.797,0.706,0.818
Turkey,Asia/Pacific,TUR,Subnat,TURr105,"West Anatolia (Ankara, Konya, Karaman)",2023,0.938,0.838,0.893,0.889,0.885,0.792,0.842,0.834,0.956
Turkey,Asia/Pacific,TUR,Subnat,TURr108,"West Black Sea (Amasya, Cankiri, Corum, Kastamonu,",2023,0.936,0.794,0.849,0.884,0.876,0.765,0.816,0.741,0.855
Turkey,Asia/Pacific,TUR,Subnat,TURr102,"West Marmara (Balikesir, Canakkale, Edirne, Kirkla",2023,0.941,0.826,0.878,0.877,0.863,0.78,0.83,0.824,0.945
Turkmenistan,Asia/Pacific,TKM,National,TKMt,Total,2023,,,,0.774,0.76,0.731,0.753,,
Turkmenistan,Asia/Pacific,TKM,Subnat,TKMr102,Akhal,2023,,,,0.778,0.763,0.704,0.751,,
Turkmenistan,Asia/Pacific,TKM,Subnat,TKMr101,"Ashgabat City",2023,,,,0.804,0.784,0.817,0.838,,
Turkmenistan,Asia/Pacific,TKM,Subnat,TKMr103,Balkan,2023,,,,0.788,0.771,0.735,0.757,,
Turkmenistan,Asia/Pacific,TKM,Subnat,TKMr104,Dashoguz,2023,,,,0.768,0.754,0.707,0.713,,
Turkmenistan,Asia/Pacific,TKM,Subnat,TKMr105,Lebap,2023,,,,0.793,0.775,0.736,0.747,,
Turkmenistan,Asia/Pacific,TKM,Subnat,TKMr106,Mary,2023,,,,0.738,0.729,0.715,0.748,,
Tuvalu,Asia/Pacific,TUV,National,TUVt,Total,2023,0.969,0.675,0.697,0.742,0.712,0.704,0.7,0.59,0.679
Tuvalu,Asia/Pacific,TUV,Subnat,TUVr103,Funafuti,2023,0.972,0.698,0.718,0.735,0.707,0.762,0.752,0.607,0.697
Tuvalu,Asia/Pacific,TUV,Subnat,TUVr101,"Nanumea, Nanumaga, Niutao",2023,0.97,0.616,0.635,0.742,0.712,0.565,0.558,0.559,0.646
Tuvalu,Asia/Pacific,TUV,Subnat,TUVr102,"Vaitupu, Nui, Nukufetau",2023,0.937,0.622,0.664,0.742,0.712,0.563,0.618,0.577,0.666
Uganda,Africa,UGA,National,UGAt,Total,2023,0.908,0.556,0.612,0.748,0.735,0.486,0.595,0.472,0.524
Uganda,Africa,UGA,Subnat,UGAr101,"Central 1 (Central South)",2023,0.939,0.622,0.663,0.78,0.76,0.575,0.647,0.538,0.592
Uganda,Africa,UGA,Subnat,UGAr102,"Central 2 (Central North)",2023,0.935,0.575,0.615,0.746,0.733,0.52,0.584,0.491,0.543
Uganda,Africa,UGA,Subnat,UGAr104,"East Central (Busoga)",2023,0.909,0.558,0.614,0.724,0.716,0.512,0.621,0.469,0.52
Uganda,Africa,UGA,Subnat,UGAr105,"Eastern (Bukedi, Bugishu, Teso)",2023,0.898,0.552,0.614,0.767,0.75,0.492,0.624,0.445,0.495
Uganda,Africa,UGA,Subnat,UGAr103,Kampala,2023,0.933,0.675,0.723,0.768,0.751,0.656,0.755,0.61,0.668
Uganda,Africa,UGA,Subnat,UGAr106,"North (Karamoja, Lango, Acholi)",2023,0.86,0.488,0.567,0.744,0.732,0.369,0.528,0.422,0.471
Uganda,Africa,UGA,Subnat,UGAr109,"Southwest (Ankole, Kigezi)",2023,0.919,0.55,0.598,0.754,0.74,0.481,0.569,0.458,0.509
Uganda,Africa,UGA,Subnat,UGAr107,"West Nile",2023,0.853,0.498,0.584,0.721,0.713,0.404,0.59,0.424,0.474
Uganda,Africa,UGA,Subnat,UGAr108,"Western (Bunyoro, Tooro)",2023,0.916,0.528,0.577,0.724,0.716,0.446,0.529,0.456,0.506
Ukraine,Europe,UKR,National,UKRt,Total,2023,1.038,0.792,0.763,0.888,0.76,0.757,0.723,0.739,0.809
Ukraine,Europe,UKR,Subnat,UKRr102,Central,2023,1.041,0.787,0.756,0.888,0.76,0.763,0.721,0.719,0.788
Ukraine,Europe,UKR,Subnat,UKRr103,East,2023,1.047,0.802,0.766,0.888,0.76,0.772,0.718,0.752,0.823
Ukraine,Europe,UKR,Subnat,UKRr101,North,2023,1.039,0.795,0.765,0.888,0.76,0.772,0.733,0.734,0.803
Ukraine,Europe,UKR,Subnat,UKRr104,South,2023,1.028,0.793,0.772,0.888,0.76,0.748,0.737,0.752,0.823
Ukraine,Europe,UKR,Subnat,UKRr105,West,2023,1.03,0.776,0.753,0.888,0.76,0.729,0.71,0.722,0.791
"United Arab Emirates",Asia/Pacific,ARE,National,AREt,Total,2023,0.957,0.908,0.949,0.949,0.992,0.874,0.861,0.902,1
"United Kingdom",Europe,GBR,National,GBRt,Total,2023,0.979,0.933,0.953,0.934,0.952,0.952,0.926,0.914,0.982
"United Kingdom",Europe,GBR,Subnat,GBRr104,"East Midlands",2023,0.977,0.917,0.939,0.93,0.952,0.942,0.919,0.881,0.947
"United Kingdom",Europe,GBR,Subnat,GBRr106,"East of England",2023,0.979,0.923,0.943,0.946,0.965,0.924,0.898,0.9,0.967
"United Kingdom",Europe,GBR,Subnat,GBRr107,London,2023,1.002,0.979,0.977,0.959,0.974,0.978,0.957,1,1
"United Kingdom",Europe,GBR,Subnat,GBRr101,"North East",2023,0.977,0.903,0.924,0.914,0.927,0.931,0.913,0.865,0.931
"United Kingdom",Europe,GBR,Subnat,GBRr102,"North West",2023,0.976,0.917,0.94,0.917,0.935,0.942,0.924,0.894,0.961
"United Kingdom",Europe,GBR,Subnat,GBRr112,"Northern Ireland",2023,0.984,0.904,0.919,0.926,0.946,0.916,0.875,0.872,0.938
"United Kingdom",Europe,GBR,Subnat,GBRr111,Scotland,2023,0.98,0.923,0.943,0.903,0.917,0.963,0.94,0.905,0.972
"United Kingdom",Europe,GBR,Subnat,GBRr108,"South East",2023,0.98,0.948,0.967,0.952,0.974,0.964,0.932,0.928,0.996
"United Kingdom",Europe,GBR,Subnat,GBRr109,"South West",2023,0.979,0.93,0.95,0.947,0.964,0.951,0.926,0.894,0.961
"United Kingdom",Europe,GBR,Subnat,GBRr110,Wales,2023,0.986,0.908,0.921,0.922,0.935,0.938,0.898,0.865,0.93
"United Kingdom",Europe,GBR,Subnat,GBRr105,"West Midlands",2023,0.978,0.916,0.937,0.926,0.943,0.938,0.917,0.885,0.952
"United Kingdom",Europe,GBR,Subnat,GBRr103,"Yorkshire and The Humber",2023,0.975,0.91,0.934,0.922,0.941,0.934,0.918,0.877,0.943
"United States of America",America,USA,National,USAt,Total,2023,,,,,,0.934,0.879,0.967,1
"United States of America",America,USA,Subnat,USAr101,Alabama,2023,,,,,,0.915,0.855,0.901,0.955
"United States of America",America,USA,Subnat,USAr102,Alaska,2023,,,,,,0.953,0.89,0.973,1
"United States of America",America,USA,Subnat,USAr103,Arizona,2023,,,,,,0.922,0.87,0.929,0.984
"United States of America",America,USA,Subnat,USAr104,Arkansas,2023,,,,,,0.91,0.848,0.906,0.96
"United States of America",America,USA,Subnat,USAr105,California,2023,,,,,,0.909,0.861,1,1
"United States of America",America,USA,Subnat,USAr106,Colorado,2023,,,,,,0.975,0.918,0.992,1
"United States of America",America,USA,Subnat,USAr107,Connecticut,2023,,,,,,0.962,0.912,1,1
"United States of America",America,USA,Subnat,USAr108,Delaware,2023,,,,,,0.949,0.888,0.949,1
"United States of America",America,USA,Subnat,USAr109,"District of Columbia",2023,,,,,,1,0.954,1,1
"United States of America",America,USA,Subnat,USAr110,Florida,2023,,,,,,0.93,0.878,0.959,1
"United States of America",America,USA,Subnat,USAr111,Georgia,2023,,,,,,0.931,0.87,0.931,0.985
"United States of America",America,USA,Subnat,USAr112,Hawaii,2023,,,,,,0.953,0.894,0.953,1
"United States of America",America,USA,Subnat,USAr113,Idaho,2023,,,,,,0.932,0.88,0.914,0.969
"United States of America",America,USA,Subnat,USAr114,Illinois,2023,,,,,,0.948,0.889,0.979,1
"United States of America",America,USA,Subnat,USAr115,Indiana,2023,,,,,,0.927,0.875,0.934,0.989
"United States of America",America,USA,Subnat,USAr116,Iowa,2023,,,,,,0.95,0.891,0.937,0.992
"United States of America",America,USA,Subnat,USAr117,Kansas,2023,,,,,,0.95,0.895,0.945,1
"United States of America",America,USA,Subnat,USAr118,Kentucky,2023,,,,,,0.91,0.85,0.909,0.963
"United States of America",America,USA,Subnat,USAr119,Louisiana,2023,,,,,,0.915,0.843,0.923,0.978
"United States of America",America,USA,Subnat,USAr120,Maine,2023,,,,,,0.961,0.894,0.943,0.998
"United States of America",America,USA,Subnat,USAr121,Maryland,2023,,,,,,0.969,0.909,0.988,1
"United States of America",America,USA,Subnat,USAr122,Massachusetts,2023,,,,,,0.971,0.918,1,1
"United States of America",America,USA,Subnat,USAr123,Michigan,2023,,,,,,0.943,0.888,0.934,0.989
"United States of America",America,USA,Subnat,USAr124,Minnesota,2023,,,,,,0.97,0.912,0.975,1
"United States of America",America,USA,Subnat,USAr125,Mississippi,2023,,,,,,0.906,0.833,0.88,0.933
"United States of America",America,USA,Subnat,USAr126,Missouri,2023,,,,,,0.94,0.879,0.928,0.983
"United States of America",America,USA,Subnat,USAr127,Montana,2023,,,,,,0.963,0.903,0.936,0.991
"United States of America",America,USA,Subnat,USAr128,Nebraska,2023,,,,,,0.948,0.894,0.954,1
"United States of America",America,USA,Subnat,USAr129,Nevada,2023,,,,,,0.912,0.864,0.95,1
"United States of America",America,USA,Subnat,USAr130,"New Hampshire",2023,,,,,,0.978,0.915,1,1
"United States of America",America,USA,Subnat,USAr131,"New Jersey",2023,,,,,,0.957,0.905,1,1
"United States of America",America,USA,Subnat,USAr132,"New Mexico",2023,,,,,,0.912,0.855,0.904,0.958
"United States of America",America,USA,Subnat,USAr133,"New York",2023,,,,,,0.938,0.884,1,1
"United States of America",America,USA,Subnat,USAr134,"North Carolina",2023,,,,,,0.934,0.867,0.932,0.987
"United States of America",America,USA,Subnat,USAr135,"North Dakota",2023,,,,,,0.968,0.898,0.968,1
"United States of America",America,USA,Subnat,USAr136,Ohio,2023,,,,,,0.938,0.885,0.936,0.991
"United States of America",America,USA,Subnat,USAr137,Oklahoma,2023,,,,,,0.923,0.869,0.922,0.976
"United States of America",America,USA,Subnat,USAr138,Oregon,2023,,,,,,0.951,0.898,0.956,1
"United States of America",America,USA,Subnat,USAr139,Pennsylvania,2023,,,,,,0.942,0.89,0.967,1
"United States of America",America,USA,Subnat,USAr140,"Rhode Island",2023,,,,,,0.938,0.885,0.967,1
"United States of America",America,USA,Subnat,USAr141,"South Carolina",2023,,,,,,0.925,0.869,0.915,0.969
"United States of America",America,USA,Subnat,USAr142,"South Dakota",2023,,,,,,0.951,0.891,0.968,1
"United States of America",America,USA,Subnat,USAr143,Tennessee,2023,,,,,,0.923,0.863,0.934,0.989
"United States of America",America,USA,Subnat,USAr144,Texas,2023,,,,,,0.902,0.849,0.949,1
"United States of America",America,USA,Subnat,USAr145,Utah,2023,,,,,,0.952,0.909,0.932,0.987
"United States of America",America,USA,Subnat,USAr146,Vermont,2023,,,,,,0.985,0.902,0.957,1
"United States of America",America,USA,Subnat,USAr147,Virginia,2023,,,,,,0.957,0.901,0.975,1
"United States of America",America,USA,Subnat,USAr148,Washington,2023,,,,,,0.958,0.905,1,1
"United States of America",America,USA,Subnat,USAr149,"West Virginia",2023,,,,,,0.908,0.847,0.895,0.948
"United States of America",America,USA,Subnat,USAr150,Wisconsin,2023,,,,,,0.953,0.892,0.948,1
"United States of America",America,USA,Subnat,USAr151,Wyoming,2023,,,,,,0.953,0.903,0.988,1
Uruguay,America,URY,National,URYt,Total,2023,1.017,0.863,0.848,0.914,0.872,0.86,0.789,0.817,0.887
Uruguay,America,URY,Subnat,URYr105,"Centro (Durazno and Tacuarembo)",2023,1.046,0.843,0.806,0.914,0.872,0.803,0.678,0.816,0.886
Uruguay,America,URY,Subnat,URYr106,"Centro Sur (Flores, Florida and Lavalleja)",2023,1.046,0.851,0.814,0.914,0.872,0.829,0.699,0.814,0.883
Uruguay,America,URY,Subnat,URYr103,"Costa Este (Canelones, Maldonado and Rocha)",2023,1.02,0.865,0.847,0.914,0.872,0.861,0.783,0.821,0.891
Uruguay,America,URY,Subnat,URYr107,"Litoral Norte (Paysandu, Salto and Rio Negro)",2023,1.047,0.84,0.803,0.914,0.872,0.798,0.671,0.814,0.883
Uruguay,America,URY,Subnat,URYr104,"Litoral Sur (Soriano, Colonia and San Jose)",2023,1.026,0.834,0.813,0.914,0.872,0.781,0.699,0.812,0.882
Uruguay,America,URY,Subnat,URYr101,"Montevideo and Metropolitan area",2023,1.004,0.872,0.869,0.914,0.872,0.888,0.847,0.818,0.888
Uruguay,America,URY,Subnat,URYr102,"Norte (Artigas, Rivera, Cerro Largo and Trienta y Tres)",2023,1.039,0.838,0.807,0.914,0.872,0.795,0.685,0.81,0.88
Uzbekistan,Asia/Pacific,UZB,National,UZBt,Total,2023,0.951,0.718,0.755,0.814,0.799,0.74,0.747,0.614,0.72
Uzbekistan,Asia/Pacific,UZB,Subnat,UZBr102,"Central (Navoi, Bukhara, Samarkand)",2023,0.95,0.711,0.748,0.803,0.79,0.733,0.741,0.61,0.715
Uzbekistan,Asia/Pacific,UZB,Subnat,UZBr104,"Central-East (Dzhizak, Syrdarya)",2023,0.952,0.737,0.774,0.877,0.853,0.738,0.751,0.617,0.723
Uzbekistan,Asia/Pacific,UZB,Subnat,UZBr105,"East (Namangan, Fergana, Andizhan)",2023,0.951,0.71,0.747,0.825,0.808,0.732,0.739,0.593,0.697
Uzbekistan,Asia/Pacific,UZB,Subnat,UZBr103,"South (Kashkadarya, Surkhandarya)",2023,0.941,0.685,0.727,0.771,0.763,0.723,0.743,0.576,0.678
Uzbekistan,Asia/Pacific,UZB,Subnat,UZBr106,Tashkent,2023,0.964,0.804,0.835,0.857,0.836,0.825,0.817,0.735,0.851
Uzbekistan,Asia/Pacific,UZB,Subnat,UZBr101,"West (Karakalpakstan, Khorezm)",2023,0.955,0.718,0.752,0.796,0.784,0.746,0.742,0.624,0.731
Vanuatu,Asia/Pacific,VUT,National,VUTt,Total,2023,0.952,0.604,0.635,0.791,0.799,0.55,0.576,0.506,0.555
Vanuatu,Asia/Pacific,VUT,Subnat,VUTr108,Luganville,2023,0.954,0.651,0.683,0.791,0.799,0.601,0.629,0.581,0.633
Vanuatu,Asia/Pacific,VUT,Subnat,VUTr103,Malampa,2023,0.945,0.59,0.624,0.791,0.799,0.534,0.571,0.485,0.533
Vanuatu,Asia/Pacific,VUT,Subnat,VUTr104,Penama,2023,0.953,0.549,0.576,0.791,0.799,0.487,0.504,0.43,0.475
Vanuatu,Asia/Pacific,VUT,Subnat,VUTr107,"Port Vila",2023,0.959,0.68,0.708,0.791,0.799,0.657,0.678,0.604,0.656
Vanuatu,Asia/Pacific,VUT,Subnat,VUTr105,Sanma,2023,0.947,0.565,0.597,0.791,0.799,0.48,0.509,0.476,0.523
Vanuatu,Asia/Pacific,VUT,Subnat,VUTr102,Shefa,2023,0.954,0.63,0.66,0.791,0.799,0.575,0.6,0.55,0.601
Vanuatu,Asia/Pacific,VUT,Subnat,VUTr101,Tafea,2023,0.928,0.558,0.602,0.791,0.799,0.49,0.551,0.449,0.495
Vanuatu,Asia/Pacific,VUT,Subnat,VUTr106,Torba,2023,0.98,0.541,0.552,0.791,0.799,0.472,0.449,0.424,0.469
Venezuela,America,VEN,National,VENt,Total,2023,0.993,0.699,0.704,0.831,0.788,0.693,0.645,0.592,0.685
Venezuela,America,VEN,Subnat,VENr110,"Amacuros Delta Federal Territory",2023,1.011,0.69,0.682,0.837,0.793,0.699,0.614,0.561,0.651
Venezuela,America,VEN,Subnat,VENr102,"Amazonas Federal Territory",2023,0.965,0.673,0.697,0.769,0.739,0.693,0.692,0.571,0.663
Venezuela,America,VEN,Subnat,VENr103,Anzoategui,2023,0.989,0.708,0.716,0.851,0.804,0.701,0.664,0.594,0.687
Venezuela,America,VEN,Subnat,VENr104,Apure,2023,1.001,0.631,0.63,0.838,0.794,0.587,0.527,0.511,0.598
Venezuela,America,VEN,Subnat,VENr105,Aragua,2023,0.986,0.721,0.732,0.849,0.803,0.72,0.69,0.613,0.708
Venezuela,America,VEN,Subnat,VENr106,Barinas,2023,1.004,0.649,0.647,0.827,0.785,0.607,0.543,0.546,0.635
Venezuela,America,VEN,Subnat,VENr107,Bolivar,2023,0.987,0.7,0.709,0.829,0.787,0.704,0.666,0.588,0.681
Venezuela,America,VEN,Subnat,VENr108,Carabobo,2023,0.985,0.716,0.727,0.84,0.795,0.718,0.686,0.61,0.705
Venezuela,America,VEN,Subnat,VENr109,Cojedes,2023,0.998,0.678,0.679,0.817,0.777,0.669,0.61,0.569,0.661
Venezuela,America,VEN,Subnat,VENr111,Falcon,2023,0.994,0.689,0.693,0.84,0.796,0.672,0.623,0.578,0.67
Venezuela,America,VEN,Subnat,VENr101,"Federal District",2023,0.984,0.74,0.752,0.83,0.788,0.764,0.734,0.639,0.735
Venezuela,America,VEN,Subnat,VENr112,Guarico,2023,1.008,0.666,0.661,0.837,0.793,0.642,0.568,0.55,0.64
Venezuela,America,VEN,Subnat,VENr113,Lara,2023,1,0.681,0.681,0.823,0.781,0.673,0.611,0.571,0.662
Venezuela,America,VEN,Subnat,VENr114,Merida,2023,1.01,0.693,0.686,0.824,0.782,0.688,0.607,0.587,0.68
Venezuela,America,VEN,Subnat,VENr115,Miranda,2023,0.988,0.728,0.737,0.832,0.789,0.744,0.705,0.624,0.719
Venezuela,America,VEN,Subnat,VENr116,Monagas,2023,0.994,0.69,0.694,0.83,0.787,0.686,0.636,0.577,0.669
Venezuela,America,VEN,Subnat,VENr117,"Nueva Esparta",2023,0.995,0.719,0.723,0.84,0.795,0.718,0.669,0.615,0.71
Venezuela,America,VEN,Subnat,VENr118,Portuguesa,2023,0.996,0.648,0.65,0.808,0.77,0.613,0.56,0.548,0.638
Venezuela,America,VEN,Subnat,VENr119,Sucre,2023,1.007,0.673,0.669,0.827,0.785,0.652,0.58,0.566,0.657
Venezuela,America,VEN,Subnat,VENr120,Tachira,2023,0.995,0.697,0.7,0.841,0.796,0.672,0.624,0.597,0.691
Venezuela,America,VEN,Subnat,VENr121,Trujillo,2023,1.004,0.672,0.669,0.835,0.791,0.643,0.578,0.564,0.655
Venezuela,America,VEN,Subnat,VENr124,Vargas,2023,0.99,0.717,0.724,0.86,0.812,0.702,0.664,0.61,0.704
Venezuela,America,VEN,Subnat,VENr122,Yaracuy,2023,1.002,0.669,0.667,0.819,0.779,0.649,0.584,0.563,0.654
Venezuela,America,VEN,Subnat,VENr123,Zulia,2023,0.991,0.684,0.691,0.817,0.777,0.672,0.628,0.583,0.676
Vietnam,Asia/Pacific,VNM,National,VNMt,Total,2023,0.997,0.765,0.767,0.873,0.806,0.715,0.743,0.716,0.754
Vietnam,Asia/Pacific,VNM,Subnat,VNMr104,"Central Highlands",2023,0.998,0.722,0.723,0.856,0.792,0.648,0.668,0.679,0.716
Vietnam,Asia/Pacific,VNM,Subnat,VNMr106,"Mekong River Delta",2023,0.993,0.721,0.726,0.87,0.803,0.608,0.638,0.708,0.746
Vietnam,Asia/Pacific,VNM,Subnat,VNMr103,"North Central Coast and South Central Coast",2023,0.996,0.772,0.776,0.895,0.822,0.724,0.757,0.712,0.75
Vietnam,Asia/Pacific,VNM,Subnat,VNMr102,"North East, North West",2023,0.983,0.717,0.73,0.844,0.783,0.645,0.695,0.678,0.716
Vietnam,Asia/Pacific,VNM,Subnat,VNMr101,"Red River Delta",2023,0.997,0.807,0.81,0.898,0.825,0.795,0.831,0.737,0.776
Vietnam,Asia/Pacific,VNM,Subnat,VNMr105,"South East",2023,1.002,0.778,0.777,0.861,0.796,0.746,0.762,0.733,0.772
Yemen,Asia/Pacific,YEM,National,YEMt,Total,2023,0.407,0.221,0.543,0.752,0.765,0.301,0.473,0.048,0.443
Yemen,Asia/Pacific,YEM,Subnat,YEMr102,"Abyan, Aden (town and countryside), Lahej, Ad Dali (Al Dhalih)",2023,0.455,0.271,0.595,0.806,0.809,0.355,0.546,0.069,0.476
Yemen,Asia/Pacific,YEM,Subnat,YEMr104,"Beida (Al Bayda), Dhamar, Raimah",2023,0.338,0.169,0.499,0.716,0.736,0.212,0.404,0.032,0.418
Yemen,Asia/Pacific,YEM,Subnat,YEMr107,"Hajja, Sada, Amran (Omran)",2023,0.24,0.117,0.489,0.742,0.757,0.224,0.402,0.01,0.385
Yemen,Asia/Pacific,YEM,Subnat,YEMr108,"Hodeida (Al Hudaydah), Mahweit (Al Mahwit)",2023,0.34,0.165,0.486,0.744,0.759,0.251,0.372,0.024,0.406
Yemen,Asia/Pacific,YEM,Subnat,YEMr101,Ibb,2023,0.419,0.229,0.547,0.739,0.754,0.285,0.475,0.057,0.457
Yemen,Asia/Pacific,YEM,Subnat,YEMr106,"Jawf, Hadramet, Shabda (Shabwah), Marib, Mohra (Al Mahrah)",2023,0.472,0.275,0.584,0.808,0.811,0.309,0.494,0.084,0.498
Yemen,Asia/Pacific,YEM,Subnat,YEMr103,"Sana a (capital; Al Amana), Sana a (governorate)",2023,0.473,0.279,0.59,0.741,0.756,0.384,0.558,0.076,0.486
Yemen,Asia/Pacific,YEM,Subnat,YEMr105,Taiz,2023,0.416,0.237,0.57,0.765,0.776,0.38,0.542,0.046,0.44
Zambia,Africa,ZMB,National,ZMBt,Total,2023,0.949,0.58,0.611,0.71,0.714,0.529,0.584,0.52,0.548
Zambia,Africa,ZMB,Subnat,ZMBr101,Central,2023,0.958,0.577,0.602,0.754,0.75,0.505,0.548,0.504,0.532
Zambia,Africa,ZMB,Subnat,ZMBr102,Copperbelt,2023,0.961,0.649,0.675,0.747,0.744,0.611,0.657,0.6,0.629
Zambia,Africa,ZMB,Subnat,ZMBr103,Eastern,2023,0.958,0.525,0.548,0.711,0.715,0.428,0.458,0.475,0.502
Zambia,Africa,ZMB,Subnat,ZMBr104,Luapula,2023,0.917,0.502,0.548,0.61,0.633,0.449,0.531,0.462,0.489
Zambia,Africa,ZMB,Subnat,ZMBr105,Lusaka,2023,0.959,0.655,0.683,0.711,0.715,0.637,0.684,0.621,0.651
Zambia,Africa,ZMB,Subnat,ZMBr107,North-Western,2023,0.938,0.593,0.633,0.811,0.796,0.528,0.618,0.488,0.515
Zambia,Africa,ZMB,Subnat,ZMBr106,Northern,2023,0.917,0.525,0.573,0.698,0.704,0.454,0.551,0.458,0.484
Zambia,Africa,ZMB,Subnat,ZMBr108,Southern,2023,0.956,0.58,0.607,0.696,0.703,0.555,0.596,0.505,0.533
Zambia,Africa,ZMB,Subnat,ZMBr109,Western,2023,0.942,0.529,0.562,0.727,0.728,0.472,0.532,0.432,0.458
Zimbabwe,Africa,ZWE,National,ZWEt,Total,2023,0.944,0.581,0.616,0.654,0.657,0.576,0.641,0.521,0.554
Zimbabwe,Africa,ZWE,Subnat,ZWEr110,Bulawayo,2023,0.966,0.685,0.709,0.706,0.699,0.696,0.738,0.653,0.69
Zimbabwe,Africa,ZWE,Subnat,ZWEr109,Harare,2023,0.945,0.652,0.69,0.67,0.67,0.673,0.752,0.615,0.651
Zimbabwe,Africa,ZWE,Subnat,ZWEr101,Manicaland,2023,0.932,0.568,0.61,0.644,0.649,0.579,0.666,0.492,0.525
Zimbabwe,Africa,ZWE,Subnat,ZWEr102,"Mashonaland Central",2023,0.934,0.523,0.559,0.619,0.629,0.491,0.555,0.47,0.501
Zimbabwe,Africa,ZWE,Subnat,ZWEr103,"Mashonaland East",2023,0.95,0.571,0.6,0.664,0.666,0.563,0.615,0.496,0.529
Zimbabwe,Africa,ZWE,Subnat,ZWEr104,"Mashonaland West",2023,0.93,0.546,0.587,0.604,0.617,0.535,0.612,0.504,0.537
Zimbabwe,Africa,ZWE,Subnat,ZWEr108,Masvingo,2023,0.943,0.575,0.609,0.701,0.695,0.55,0.62,0.492,0.525
Zimbabwe,Africa,ZWE,Subnat,ZWEr105,"Matebeleland North",2023,0.959,0.533,0.556,0.692,0.688,0.488,0.52,0.45,0.481
Zimbabwe,Africa,ZWE,Subnat,ZWEr106,"Matebeleland South",2023,0.966,0.577,0.597,0.716,0.707,0.535,0.564,0.502,0.534
Zimbabwe,Africa,ZWE,Subnat,ZWEr107,Midlands,2023,0.942,0.578,0.614,0.643,0.648,0.583,0.651,0.515,0.548
