country,year,indicator,value,source,last_updated
Afghanistan,2020,Number of Disasters,1,EM-DAT (Realistic Simulation),2025-10-18
Afghanistan,2020,Total Affected (people),0,EM-DAT (Realistic Simulation),2025-10-18
Afghanistan,2020,Total Damages (USD millions),253.5840664753094,EM-DAT (Realistic Simulation),2025-10-18
Afghanistan,2020,Drought Events,3,EM-DAT (Realistic Simulation),2025-10-18
Afghanistan,2020,Flood Events,0,EM-DAT (Realistic Simulation),2025-10-18
Afghanistan,2020,Storm Events,0,EM-DAT (Realistic Simulation),2025-10-18
Afghanistan,2020,Food Security Impact Score,3.961595198447017,EM-DAT (Realistic Simulation),2025-10-18
Afghanistan,2021,Number of Disasters,2,EM-DAT (Realistic Simulation),2025-10-18
Afghanistan,2021,Total Affected (people),0,EM-DAT (Realistic Simulation),2025-10-18
Afghanistan,2021,Total Damages (USD millions),0,EM-DAT (Realistic Simulation),2025-10-18
Afghanistan,2021,Drought Events,1,EM-DAT (Realistic Simulation),2025-10-18
Afghanistan,2021,Flood Events,1,EM-DAT (Realistic Simulation),2025-10-18
Afghanistan,2021,Storm Events,0,EM-DAT (Realistic Simulation),2025-10-18
Afghanistan,2021,Food Security Impact Score,2.09066436066541,EM-DAT (Realistic Simulation),2025-10-18
Afghanistan,2022,Number of Disasters,3,EM-DAT (Realistic Simulation),2025-10-18
Afghanistan,2022,Total Affected (people),142487.53742301752,EM-DAT (Realistic Simulation),2025-10-18
Afghanistan,2022,Total Damages (USD millions),731.0052341409597,EM-DAT (Realistic Simulation),2025-10-18
Afghanistan,2022,Drought Events,0,EM-DAT (Realistic Simulation),2025-10-18
Afghanistan,2022,Flood Events,1,EM-DAT (Realistic Simulation),2025-10-18
Afghanistan,2022,Storm Events,2,EM-DAT (Realistic Simulation),2025-10-18
Afghanistan,2022,Food Security Impact Score,3.2551586969577344,EM-DAT (Realistic Simulation),2025-10-18
Afghanistan,2023,Number of Disasters,1,EM-DAT (Realistic Simulation),2025-10-18
Afghanistan,2023,Total Affected (people),11138.998312351898,EM-DAT (Realistic Simulation),2025-10-18
Afghanistan,2023,Total Damages (USD millions),0,EM-DAT (Realistic Simulation),2025-10-18
Afghanistan,2023,Drought Events,0,EM-DAT (Realistic Simulation),2025-10-18
Afghanistan,2023,Flood Events,2,EM-DAT (Realistic Simulation),2025-10-18
Afghanistan,2023,Storm Events,1,EM-DAT (Realistic Simulation),2025-10-18
Afghanistan,2023,Food Security Impact Score,3.4764376722723602,EM-DAT (Realistic Simulation),2025-10-18
Africa Eastern and Southern,2020,Number of Disasters,2,EM-DAT (Realistic Simulation),2025-10-18
Africa Eastern and Southern,2020,Total Affected (people),206921.96640924516,EM-DAT (Realistic Simulation),2025-10-18
Africa Eastern and Southern,2020,Total Damages (USD millions),347.36500505961357,EM-DAT (Realistic Simulation),2025-10-18
Africa Eastern and Southern,2020,Drought Events,0,EM-DAT (Realistic Simulation),2025-10-18
Africa Eastern and Southern,2020,Flood Events,1,EM-DAT (Realistic Simulation),2025-10-18
Africa Eastern and Southern,2020,Storm Events,0,EM-DAT (Realistic Simulation),2025-10-18
Africa Eastern and Southern,2020,Food Security Impact Score,2.0162379927397693,EM-DAT (Realistic Simulation),2025-10-18
Africa Eastern and Southern,2021,Number of Disasters,0,EM-DAT (Realistic Simulation),2025-10-18
Africa Eastern and Southern,2021,Total Affected (people),192859.64163014322,EM-DAT (Realistic Simulation),2025-10-18
Africa Eastern and Southern,2021,Total Damages (USD millions),292.0643867408461,EM-DAT (Realistic Simulation),2025-10-18
Africa Eastern and Southern,2021,Drought Events,1,EM-DAT (Realistic Simulation),2025-10-18
Africa Eastern and Southern,2021,Flood Events,0,EM-DAT (Realistic Simulation),2025-10-18
Africa Eastern and Southern,2021,Storm Events,0,EM-DAT (Realistic Simulation),2025-10-18
Africa Eastern and Southern,2021,Food Security Impact Score,2.7188900386106503,EM-DAT (Realistic Simulation),2025-10-18
Africa Eastern and Southern,2022,Number of Disasters,0,EM-DAT (Realistic Simulation),2025-10-18
Africa Eastern and Southern,2022,Total Affected (people),87542.75107893776,EM-DAT (Realistic Simulation),2025-10-18
Africa Eastern and Southern,2022,Total Damages (USD millions),1661.068366684673,EM-DAT (Realistic Simulation),2025-10-18
Africa Eastern and Southern,2022,Drought Events,0,EM-DAT (Realistic Simulation),2025-10-18
Africa Eastern and Southern,2022,Flood Events,2,EM-DAT (Realistic Simulation),2025-10-18
Africa Eastern and Southern,2022,Storm Events,1,EM-DAT (Realistic Simulation),2025-10-18
Africa Eastern and Southern,2022,Food Security Impact Score,0.04416769370306328,EM-DAT (Realistic Simulation),2025-10-18
Africa Eastern and Southern,2023,Number of Disasters,1,EM-DAT (Realistic Simulation),2025-10-18
Africa Eastern and Southern,2023,Total Affected (people),95537.93723693857,EM-DAT (Realistic Simulation),2025-10-18
Africa Eastern and Southern,2023,Total Damages (USD millions),1163.1663953105979,EM-DAT (Realistic Simulation),2025-10-18
Africa Eastern and Southern,2023,Drought Events,0,EM-DAT (Realistic Simulation),2025-10-18
Africa Eastern and Southern,2023,Flood Events,1,EM-DAT (Realistic Simulation),2025-10-18
Africa Eastern and Southern,2023,Storm Events,1,EM-DAT (Realistic Simulation),2025-10-18
Africa Eastern and Southern,2023,Food Security Impact Score,1.2842757002313228,EM-DAT (Realistic Simulation),2025-10-18
Africa Western and Central,2020,Number of Disasters,1,EM-DAT (Realistic Simulation),2025-10-18
Africa Western and Central,2020,Total Affected (people),33039.654010373095,EM-DAT (Realistic Simulation),2025-10-18
Africa Western and Central,2020,Total Damages (USD millions),136.42907131539693,EM-DAT (Realistic Simulation),2025-10-18
Africa Western and Central,2020,Drought Events,0,EM-DAT (Realistic Simulation),2025-10-18
Africa Western and Central,2020,Flood Events,0,EM-DAT (Realistic Simulation),2025-10-18
Africa Western and Central,2020,Storm Events,2,EM-DAT (Realistic Simulation),2025-10-18
Africa Western and Central,2020,Food Security Impact Score,0,EM-DAT (Realistic Simulation),2025-10-18
Africa Western and Central,2021,Number of Disasters,2,EM-DAT (Realistic Simulation),2025-10-18
Africa Western and Central,2021,Total Affected (people),30432.306940500042,EM-DAT (Realistic Simulation),2025-10-18
Africa Western and Central,2021,Total Damages (USD millions),0,EM-DAT (Realistic Simulation),2025-10-18
Africa Western and Central,2021,Drought Events,2,EM-DAT (Realistic Simulation),2025-10-18
Africa Western and Central,2021,Flood Events,0,EM-DAT (Realistic Simulation),2025-10-18
Africa Western and Central,2021,Storm Events,2,EM-DAT (Realistic Simulation),2025-10-18
Africa Western and Central,2021,Food Security Impact Score,4.936136592961072,EM-DAT (Realistic Simulation),2025-10-18
Africa Western and Central,2022,Number of Disasters,1,EM-DAT (Realistic Simulation),2025-10-18
Africa Western and Central,2022,Total Affected (people),16998.47080211722,EM-DAT (Realistic Simulation),2025-10-18
Africa Western and Central,2022,Total Damages (USD millions),839.6070652838985,EM-DAT (Realistic Simulation),2025-10-18
Africa Western and Central,2022,Drought Events,0,EM-DAT (Realistic Simulation),2025-10-18
Africa Western and Central,2022,Flood Events,4,EM-DAT (Realistic Simulation),2025-10-18
Africa Western and Central,2022,Storm Events,1,EM-DAT (Realistic Simulation),2025-10-18
Africa Western and Central,2022,Food Security Impact Score,5.363791084280107,EM-DAT (Realistic Simulation),2025-10-18
Africa Western and Central,2023,Number of Disasters,0,EM-DAT (Realistic Simulation),2025-10-18
Africa Western and Central,2023,Total Affected (people),7670.4662127834745,EM-DAT (Realistic Simulation),2025-10-18
Africa Western and Central,2023,Total Damages (USD millions),502.3711533249702,EM-DAT (Realistic Simulation),2025-10-18
Africa Western and Central,2023,Drought Events,0,EM-DAT (Realistic Simulation),2025-10-18
Africa Western and Central,2023,Flood Events,1,EM-DAT (Realistic Simulation),2025-10-18
Africa Western and Central,2023,Storm Events,1,EM-DAT (Realistic Simulation),2025-10-18
Africa Western and Central,2023,Food Security Impact Score,6.50199832565326,EM-DAT (Realistic Simulation),2025-10-18
Albania,2020,Number of Disasters,0,EM-DAT (Realistic Simulation),2025-10-18
Albania,2020,Total Affected (people),36403.44797491859,EM-DAT (Realistic Simulation),2025-10-18
Albania,2020,Total Damages (USD millions),0,EM-DAT (Realistic Simulation),2025-10-18
Albania,2020,Drought Events,0,EM-DAT (Realistic Simulation),2025-10-18
Albania,2020,Flood Events,2,EM-DAT (Realistic Simulation),2025-10-18
Albania,2020,Storm Events,0,EM-DAT (Realistic Simulation),2025-10-18
Albania,2020,Food Security Impact Score,2.459952773272956,EM-DAT (Realistic Simulation),2025-10-18
Albania,2021,Number of Disasters,2,EM-DAT (Realistic Simulation),2025-10-18
Albania,2021,Total Affected (people),41515.20326097845,EM-DAT (Realistic Simulation),2025-10-18
Albania,2021,Total Damages (USD millions),0,EM-DAT (Realistic Simulation),2025-10-18
Albania,2021,Drought Events,1,EM-DAT (Realistic Simulation),2025-10-18
Albania,2021,Flood Events,1,EM-DAT (Realistic Simulation),2025-10-18
Albania,2021,Storm Events,1,EM-DAT (Realistic Simulation),2025-10-18
Albania,2021,Food Security Impact Score,2.390463756392636,EM-DAT (Realistic Simulation),2025-10-18
Albania,2022,Number of Disasters,2,EM-DAT (Realistic Simulation),2025-10-18
Albania,2022,Total Affected (people),0,EM-DAT (Realistic Simulation),2025-10-18
Albania,2022,Total Damages (USD millions),0,EM-DAT (Realistic Simulation),2025-10-18
Albania,2022,Drought Events,1,EM-DAT (Realistic Simulation),2025-10-18
Albania,2022,Flood Events,0,EM-DAT (Realistic Simulation),2025-10-18
Albania,2022,Storm Events,3,EM-DAT (Realistic Simulation),2025-10-18
Albania,2022,Food Security Impact Score,6.024192461055975,EM-DAT (Realistic Simulation),2025-10-18
Albania,2023,Number of Disasters,0,EM-DAT (Realistic Simulation),2025-10-18
Albania,2023,Total Affected (people),0,EM-DAT (Realistic Simulation),2025-10-18
Albania,2023,Total Damages (USD millions),0,EM-DAT (Realistic Simulation),2025-10-18
Albania,2023,Drought Events,0,EM-DAT (Realistic Simulation),2025-10-18
Albania,2023,Flood Events,0,EM-DAT (Realistic Simulation),2025-10-18
Albania,2023,Storm Events,0,EM-DAT (Realistic Simulation),2025-10-18
Albania,2023,Food Security Impact Score,0,EM-DAT (Realistic Simulation),2025-10-18
Algeria,2020,Number of Disasters,2,EM-DAT (Realistic Simulation),2025-10-18
Algeria,2020,Total Affected (people),54613.76861273365,EM-DAT (Realistic Simulation),2025-10-18
Algeria,2020,Total Damages (USD millions),0,EM-DAT (Realistic Simulation),2025-10-18
Algeria,2020,Drought Events,0,EM-DAT (Realistic Simulation),2025-10-18
Algeria,2020,Flood Events,3,EM-DAT (Realistic Simulation),2025-10-18
Algeria,2020,Storm Events,0,EM-DAT (Realistic Simulation),2025-10-18
Algeria,2020,Food Security Impact Score,1.7300710927170775,EM-DAT (Realistic Simulation),2025-10-18
Algeria,2021,Number of Disasters,1,EM-DAT (Realistic Simulation),2025-10-18
Algeria,2021,Total Affected (people),20154.55671315669,EM-DAT (Realistic Simulation),2025-10-18
Algeria,2021,Total Damages (USD millions),566.1162008909041,EM-DAT (Realistic Simulation),2025-10-18
Algeria,2021,Drought Events,1,EM-DAT (Realistic Simulation),2025-10-18
Algeria,2021,Flood Events,0,EM-DAT (Realistic Simulation),2025-10-18
Algeria,2021,Storm Events,1,EM-DAT (Realistic Simulation),2025-10-18
Algeria,2021,Food Security Impact Score,3.2445137730070375,EM-DAT (Realistic Simulation),2025-10-18
Algeria,2022,Number of Disasters,2,EM-DAT (Realistic Simulation),2025-10-18
Algeria,2022,Total Affected (people),0,EM-DAT (Realistic Simulation),2025-10-18
Algeria,2022,Total Damages (USD millions),1316.232905224606,EM-DAT (Realistic Simulation),2025-10-18
Algeria,2022,Drought Events,1,EM-DAT (Realistic Simulation),2025-10-18
Algeria,2022,Flood Events,1,EM-DAT (Realistic Simulation),2025-10-18
Algeria,2022,Storm Events,1,EM-DAT (Realistic Simulation),2025-10-18
Algeria,2022,Food Security Impact Score,0,EM-DAT (Realistic Simulation),2025-10-18
Algeria,2023,Number of Disasters,3,EM-DAT (Realistic Simulation),2025-10-18
Algeria,2023,Total Affected (people),0,EM-DAT (Realistic Simulation),2025-10-18
Algeria,2023,Total Damages (USD millions),380.2554849779804,EM-DAT (Realistic Simulation),2025-10-18
Algeria,2023,Drought Events,0,EM-DAT (Realistic Simulation),2025-10-18
Algeria,2023,Flood Events,2,EM-DAT (Realistic Simulation),2025-10-18
Algeria,2023,Storm Events,0,EM-DAT (Realistic Simulation),2025-10-18
Algeria,2023,Food Security Impact Score,2.707126400978608,EM-DAT (Realistic Simulation),2025-10-18
American Samoa,2020,Number of Disasters,4,EM-DAT (Realistic Simulation),2025-10-18
American Samoa,2020,Total Affected (people),79910.61657377797,EM-DAT (Realistic Simulation),2025-10-18
American Samoa,2020,Total Damages (USD millions),22.281191568408858,EM-DAT (Realistic Simulation),2025-10-18
American Samoa,2020,Drought Events,1,EM-DAT (Realistic Simulation),2025-10-18
American Samoa,2020,Flood Events,2,EM-DAT (Realistic Simulation),2025-10-18
American Samoa,2020,Storm Events,3,EM-DAT (Realistic Simulation),2025-10-18
American Samoa,2020,Food Security Impact Score,4.91289107827399,EM-DAT (Realistic Simulation),2025-10-18
American Samoa,2021,Number of Disasters,2,EM-DAT (Realistic Simulation),2025-10-18
American Samoa,2021,Total Affected (people),81362.44795279749,EM-DAT (Realistic Simulation),2025-10-18
American Samoa,2021,Total Damages (USD millions),0,EM-DAT (Realistic Simulation),2025-10-18
American Samoa,2021,Drought Events,0,EM-DAT (Realistic Simulation),2025-10-18
American Samoa,2021,Flood Events,1,EM-DAT (Realistic Simulation),2025-10-18
American Samoa,2021,Storm Events,1,EM-DAT (Realistic Simulation),2025-10-18
American Samoa,2021,Food Security Impact Score,1.5747537867306962,EM-DAT (Realistic Simulation),2025-10-18
American Samoa,2022,Number of Disasters,0,EM-DAT (Realistic Simulation),2025-10-18
American Samoa,2022,Total Affected (people),109849.20103348559,EM-DAT (Realistic Simulation),2025-10-18
American Samoa,2022,Total Damages (USD millions),0,EM-DAT (Realistic Simulation),2025-10-18
American Samoa,2022,Drought Events,0,EM-DAT (Realistic Simulation),2025-10-18
American Samoa,2022,Flood Events,0,EM-DAT (Realistic Simulation),2025-10-18
American Samoa,2022,Storm Events,0,EM-DAT (Realistic Simulation),2025-10-18
American Samoa,2022,Food Security Impact Score,1.434354729280929,EM-DAT (Realistic Simulation),2025-10-18
American Samoa,2023,Number of Disasters,3,EM-DAT (Realistic Simulation),2025-10-18
American Samoa,2023,Total Affected (people),130243.37373153365,EM-DAT (Realistic Simulation),2025-10-18
American Samoa,2023,Total Damages (USD millions),426.89633174617614,EM-DAT (Realistic Simulation),2025-10-18
American Samoa,2023,Drought Events,0,EM-DAT (Realistic Simulation),2025-10-18
American Samoa,2023,Flood Events,0,EM-DAT (Realistic Simulation),2025-10-18
American Samoa,2023,Storm Events,1,EM-DAT (Realistic Simulation),2025-10-18
American Samoa,2023,Food Security Impact Score,3.4425513564403825,EM-DAT (Realistic Simulation),2025-10-18
Andorra,2020,Number of Disasters,2,EM-DAT (Realistic Simulation),2025-10-18
Andorra,2020,Total Affected (people),15975.228621875794,EM-DAT (Realistic Simulation),2025-10-18
Andorra,2020,Total Damages (USD millions),611.6511639964178,EM-DAT (Realistic Simulation),2025-10-18
Andorra,2020,Drought Events,2,EM-DAT (Realistic Simulation),2025-10-18
Andorra,2020,Flood Events,0,EM-DAT (Realistic Simulation),2025-10-18
Andorra,2020,Storm Events,0,EM-DAT (Realistic Simulation),2025-10-18
Andorra,2020,Food Security Impact Score,2.628425775010202,EM-DAT (Realistic Simulation),2025-10-18
Andorra,2021,Number of Disasters,5,EM-DAT (Realistic Simulation),2025-10-18
Andorra,2021,Total Affected (people),113127.40647203001,EM-DAT (Realistic Simulation),2025-10-18
Andorra,2021,Total Damages (USD millions),0,EM-DAT (Realistic Simulation),2025-10-18
Andorra,2021,Drought Events,2,EM-DAT (Realistic Simulation),2025-10-18
Andorra,2021,Flood Events,1,EM-DAT (Realistic Simulation),2025-10-18
Andorra,2021,Storm Events,1,EM-DAT (Realistic Simulation),2025-10-18
Andorra,2021,Food Security Impact Score,3.524358802694503,EM-DAT (Realistic Simulation),2025-10-18
Andorra,2022,Number of Disasters,3,EM-DAT (Realistic Simulation),2025-10-18
Andorra,2022,Total Affected (people),46459.95221824093,EM-DAT (Realistic Simulation),2025-10-18
Andorra,2022,Total Damages (USD millions),804.2389472977264,EM-DAT (Realistic Simulation),2025-10-18
Andorra,2022,Drought Events,0,EM-DAT (Realistic Simulation),2025-10-18
Andorra,2022,Flood Events,1,EM-DAT (Realistic Simulation),2025-10-18
Andorra,2022,Storm Events,2,EM-DAT (Realistic Simulation),2025-10-18
Andorra,2022,Food Security Impact Score,1.2494518874535714,EM-DAT (Realistic Simulation),2025-10-18
Andorra,2023,Number of Disasters,1,EM-DAT (Realistic Simulation),2025-10-18
Andorra,2023,Total Affected (people),15451.498102684367,EM-DAT (Realistic Simulation),2025-10-18
Andorra,2023,Total Damages (USD millions),0,EM-DAT (Realistic Simulation),2025-10-18
Andorra,2023,Drought Events,0,EM-DAT (Realistic Simulation),2025-10-18
Andorra,2023,Flood Events,2,EM-DAT (Realistic Simulation),2025-10-18
Andorra,2023,Storm Events,1,EM-DAT (Realistic Simulation),2025-10-18
Andorra,2023,Food Security Impact Score,6.706712136983299,EM-DAT (Realistic Simulation),2025-10-18
Angola,2020,Number of Disasters,2,EM-DAT (Realistic Simulation),2025-10-18
Angola,2020,Total Affected (people),88450.18615906288,EM-DAT (Realistic Simulation),2025-10-18
Angola,2020,Total Damages (USD millions),88.39636435432998,EM-DAT (Realistic Simulation),2025-10-18
Angola,2020,Drought Events,0,EM-DAT (Realistic Simulation),2025-10-18
Angola,2020,Flood Events,0,EM-DAT (Realistic Simulation),2025-10-18
Angola,2020,Storm Events,1,EM-DAT (Realistic Simulation),2025-10-18
Angola,2020,Food Security Impact Score,6.746153086848986,EM-DAT (Realistic Simulation),2025-10-18
Angola,2021,Number of Disasters,3,EM-DAT (Realistic Simulation),2025-10-18
Angola,2021,Total Affected (people),0,EM-DAT (Realistic Simulation),2025-10-18
Angola,2021,Total Damages (USD millions),0,EM-DAT (Realistic Simulation),2025-10-18
Angola,2021,Drought Events,1,EM-DAT (Realistic Simulation),2025-10-18
Angola,2021,Flood Events,0,EM-DAT (Realistic Simulation),2025-10-18
Angola,2021,Storm Events,2,EM-DAT (Realistic Simulation),2025-10-18
Angola,2021,Food Security Impact Score,2.777919893624765,EM-DAT (Realistic Simulation),2025-10-18
Angola,2022,Number of Disasters,2,EM-DAT (Realistic Simulation),2025-10-18
Angola,2022,Total Affected (people),0,EM-DAT (Realistic Simulation),2025-10-18
Angola,2022,Total Damages (USD millions),1203.635264132096,EM-DAT (Realistic Simulation),2025-10-18
Angola,2022,Drought Events,0,EM-DAT (Realistic Simulation),2025-10-18
Angola,2022,Flood Events,1,EM-DAT (Realistic Simulation),2025-10-18
Angola,2022,Storm Events,2,EM-DAT (Realistic Simulation),2025-10-18
Angola,2022,Food Security Impact Score,2.7982377939350345,EM-DAT (Realistic Simulation),2025-10-18
Angola,2023,Number of Disasters,2,EM-DAT (Realistic Simulation),2025-10-18
Angola,2023,Total Affected (people),0,EM-DAT (Realistic Simulation),2025-10-18
Angola,2023,Total Damages (USD millions),97.26031962696344,EM-DAT (Realistic Simulation),2025-10-18
Angola,2023,Drought Events,0,EM-DAT (Realistic Simulation),2025-10-18
Angola,2023,Flood Events,1,EM-DAT (Realistic Simulation),2025-10-18
Angola,2023,Storm Events,0,EM-DAT (Realistic Simulation),2025-10-18
Angola,2023,Food Security Impact Score,2.249444454899548,EM-DAT (Realistic Simulation),2025-10-18
Antigua and Barbuda,2020,Number of Disasters,1,EM-DAT (Realistic Simulation),2025-10-18
Antigua and Barbuda,2020,Total Affected (people),56599.83134970746,EM-DAT (Realistic Simulation),2025-10-18
Antigua and Barbuda,2020,Total Damages (USD millions),0,EM-DAT (Realistic Simulation),2025-10-18
Antigua and Barbuda,2020,Drought Events,1,EM-DAT (Realistic Simulation),2025-10-18
Antigua and Barbuda,2020,Flood Events,2,EM-DAT (Realistic Simulation),2025-10-18
Antigua and Barbuda,2020,Storm Events,2,EM-DAT (Realistic Simulation),2025-10-18
Antigua and Barbuda,2020,Food Security Impact Score,3.834592199517324,EM-DAT (Realistic Simulation),2025-10-18
Antigua and Barbuda,2021,Number of Disasters,2,EM-DAT (Realistic Simulation),2025-10-18
Antigua and Barbuda,2021,Total Affected (people),214473.30009132525,EM-DAT (Realistic Simulation),2025-10-18
Antigua and Barbuda,2021,Total Damages (USD millions),0,EM-DAT (Realistic Simulation),2025-10-18
Antigua and Barbuda,2021,Drought Events,0,EM-DAT (Realistic Simulation),2025-10-18
Antigua and Barbuda,2021,Flood Events,0,EM-DAT (Realistic Simulation),2025-10-18
Antigua and Barbuda,2021,Storm Events,2,EM-DAT (Realistic Simulation),2025-10-18
Antigua and Barbuda,2021,Food Security Impact Score,0.5417300157234837,EM-DAT (Realistic Simulation),2025-10-18
Antigua and Barbuda,2022,Number of Disasters,5,EM-DAT (Realistic Simulation),2025-10-18
Antigua and Barbuda,2022,Total Affected (people),83454.13223981735,EM-DAT (Realistic Simulation),2025-10-18
Antigua and Barbuda,2022,Total Damages (USD millions),0,EM-DAT (Realistic Simulation),2025-10-18
Antigua and Barbuda,2022,Drought Events,1,EM-DAT (Realistic Simulation),2025-10-18
Antigua and Barbuda,2022,Flood Events,0,EM-DAT (Realistic Simulation),2025-10-18
Antigua and Barbuda,2022,Storm Events,0,EM-DAT (Realistic Simulation),2025-10-18
Antigua and Barbuda,2022,Food Security Impact Score,10,EM-DAT (Realistic Simulation),2025-10-18
Antigua and Barbuda,2023,Number of Disasters,0,EM-DAT (Realistic Simulation),2025-10-18
Antigua and Barbuda,2023,Total Affected (people),100046.89971229405,EM-DAT (Realistic Simulation),2025-10-18
Antigua and Barbuda,2023,Total Damages (USD millions),0,EM-DAT (Realistic Simulation),2025-10-18
Antigua and Barbuda,2023,Drought Events,0,EM-DAT (Realistic Simulation),2025-10-18
Antigua and Barbuda,2023,Flood Events,0,EM-DAT (Realistic Simulation),2025-10-18
Antigua and Barbuda,2023,Storm Events,3,EM-DAT (Realistic Simulation),2025-10-18
Antigua and Barbuda,2023,Food Security Impact Score,2.9052638157198483,EM-DAT (Realistic Simulation),2025-10-18
Arab World,2020,Number of Disasters,4,EM-DAT (Realistic Simulation),2025-10-18
Arab World,2020,Total Affected (people),0,EM-DAT (Realistic Simulation),2025-10-18
Arab World,2020,Total Damages (USD millions),656.9342352124219,EM-DAT (Realistic Simulation),2025-10-18
Arab World,2020,Drought Events,1,EM-DAT (Realistic Simulation),2025-10-18
Arab World,2020,Flood Events,0,EM-DAT (Realistic Simulation),2025-10-18
Arab World,2020,Storm Events,2,EM-DAT (Realistic Simulation),2025-10-18
Arab World,2020,Food Security Impact Score,3.441076401677338,EM-DAT (Realistic Simulation),2025-10-18
Arab World,2021,Number of Disasters,2,EM-DAT (Realistic Simulation),2025-10-18
Arab World,2021,Total Affected (people),204290.2169066202,EM-DAT (Realistic Simulation),2025-10-18
Arab World,2021,Total Damages (USD millions),650.0491511517017,EM-DAT (Realistic Simulation),2025-10-18
Arab World,2021,Drought Events,0,EM-DAT (Realistic Simulation),2025-10-18
Arab World,2021,Flood Events,1,EM-DAT (Realistic Simulation),2025-10-18
Arab World,2021,Storm Events,1,EM-DAT (Realistic Simulation),2025-10-18
Arab World,2021,Food Security Impact Score,4.8530827911013414,EM-DAT (Realistic Simulation),2025-10-18
Arab World,2022,Number of Disasters,3,EM-DAT (Realistic Simulation),2025-10-18
Arab World,2022,Total Affected (people),171141.10413127113,EM-DAT (Realistic Simulation),2025-10-18
Arab World,2022,Total Damages (USD millions),306.26232199574315,EM-DAT (Realistic Simulation),2025-10-18
Arab World,2022,Drought Events,0,EM-DAT (Realistic Simulation),2025-10-18
Arab World,2022,Flood Events,2,EM-DAT (Realistic Simulation),2025-10-18
Arab World,2022,Storm Events,0,EM-DAT (Realistic Simulation),2025-10-18
Arab World,2022,Food Security Impact Score,2.4316822194205736,EM-DAT (Realistic Simulation),2025-10-18
Arab World,2023,Number of Disasters,3,EM-DAT (Realistic Simulation),2025-10-18
Arab World,2023,Total Affected (people),10416.672617238524,EM-DAT (Realistic Simulation),2025-10-18
Arab World,2023,Total Damages (USD millions),797.6089201970331,EM-DAT (Realistic Simulation),2025-10-18
Arab World,2023,Drought Events,0,EM-DAT (Realistic Simulation),2025-10-18
Arab World,2023,Flood Events,0,EM-DAT (Realistic Simulation),2025-10-18
Arab World,2023,Storm Events,1,EM-DAT (Realistic Simulation),2025-10-18
Arab World,2023,Food Security Impact Score,1.3766439178451524,EM-DAT (Realistic Simulation),2025-10-18
Argentina,2020,Number of Disasters,2,EM-DAT (Realistic Simulation),2025-10-18
Argentina,2020,Total Affected (people),106804.77438020578,EM-DAT (Realistic Simulation),2025-10-18
Argentina,2020,Total Damages (USD millions),655.5211942463505,EM-DAT (Realistic Simulation),2025-10-18
Argentina,2020,Drought Events,2,EM-DAT (Realistic Simulation),2025-10-18
Argentina,2020,Flood Events,2,EM-DAT (Realistic Simulation),2025-10-18
Argentina,2020,Storm Events,0,EM-DAT (Realistic Simulation),2025-10-18
Argentina,2020,Food Security Impact Score,4.080713632480486,EM-DAT (Realistic Simulation),2025-10-18
Argentina,2021,Number of Disasters,2,EM-DAT (Realistic Simulation),2025-10-18
Argentina,2021,Total Affected (people),29614.03651587577,EM-DAT (Realistic Simulation),2025-10-18
Argentina,2021,Total Damages (USD millions),5.2725086922420275,EM-DAT (Realistic Simulation),2025-10-18
Argentina,2021,Drought Events,2,EM-DAT (Realistic Simulation),2025-10-18
Argentina,2021,Flood Events,1,EM-DAT (Realistic Simulation),2025-10-18
Argentina,2021,Storm Events,0,EM-DAT (Realistic Simulation),2025-10-18
Argentina,2021,Food Security Impact Score,0.32375312893444974,EM-DAT (Realistic Simulation),2025-10-18
Argentina,2022,Number of Disasters,1,EM-DAT (Realistic Simulation),2025-10-18
Argentina,2022,Total Affected (people),0,EM-DAT (Realistic Simulation),2025-10-18
Argentina,2022,Total Damages (USD millions),307.1289718494256,EM-DAT (Realistic Simulation),2025-10-18
Argentina,2022,Drought Events,0,EM-DAT (Realistic Simulation),2025-10-18
Argentina,2022,Flood Events,0,EM-DAT (Realistic Simulation),2025-10-18
Argentina,2022,Storm Events,1,EM-DAT (Realistic Simulation),2025-10-18
Argentina,2022,Food Security Impact Score,2.302607116110666,EM-DAT (Realistic Simulation),2025-10-18
Argentina,2023,Number of Disasters,1,EM-DAT (Realistic Simulation),2025-10-18
Argentina,2023,Total Affected (people),112409.51776065645,EM-DAT (Realistic Simulation),2025-10-18
Argentina,2023,Total Damages (USD millions),253.73837962359778,EM-DAT (Realistic Simulation),2025-10-18
Argentina,2023,Drought Events,0,EM-DAT (Realistic Simulation),2025-10-18
Argentina,2023,Flood Events,2,EM-DAT (Realistic Simulation),2025-10-18
Argentina,2023,Storm Events,1,EM-DAT (Realistic Simulation),2025-10-18
Argentina,2023,Food Security Impact Score,0.017359982986005384,EM-DAT (Realistic Simulation),2025-10-18
Armenia,2020,Number of Disasters,0,EM-DAT (Realistic Simulation),2025-10-18
Armenia,2020,Total Affected (people),26650.377072304444,EM-DAT (Realistic Simulation),2025-10-18
Armenia,2020,Total Damages (USD millions),318.9872117551671,EM-DAT (Realistic Simulation),2025-10-18
Armenia,2020,Drought Events,0,EM-DAT (Realistic Simulation),2025-10-18
Armenia,2020,Flood Events,1,EM-DAT (Realistic Simulation),2025-10-18
Armenia,2020,Storm Events,0,EM-DAT (Realistic Simulation),2025-10-18
Armenia,2020,Food Security Impact Score,4.185500670184956,EM-DAT (Realistic Simulation),2025-10-18
Armenia,2021,Number of Disasters,1,EM-DAT (Realistic Simulation),2025-10-18
Armenia,2021,Total Affected (people),7900.215697993372,EM-DAT (Realistic Simulation),2025-10-18
Armenia,2021,Total Damages (USD millions),0,EM-DAT (Realistic Simulation),2025-10-18
Armenia,2021,Drought Events,0,EM-DAT (Realistic Simulation),2025-10-18
Armenia,2021,Flood Events,2,EM-DAT (Realistic Simulation),2025-10-18
Armenia,2021,Storm Events,1,EM-DAT (Realistic Simulation),2025-10-18
Armenia,2021,Food Security Impact Score,1.8974046606133819,EM-DAT (Realistic Simulation),2025-10-18
Armenia,2022,Number of Disasters,3,EM-DAT (Realistic Simulation),2025-10-18
Armenia,2022,Total Affected (people),260419.29247140914,EM-DAT (Realistic Simulation),2025-10-18
Armenia,2022,Total Damages (USD millions),317.7156212938283,EM-DAT (Realistic Simulation),2025-10-18
Armenia,2022,Drought Events,0,EM-DAT (Realistic Simulation),2025-10-18
Armenia,2022,Flood Events,1,EM-DAT (Realistic Simulation),2025-10-18
Armenia,2022,Storm Events,0,EM-DAT (Realistic Simulation),2025-10-18
Armenia,2022,Food Security Impact Score,2.7554700648442627,EM-DAT (Realistic Simulation),2025-10-18
Armenia,2023,Number of Disasters,4,EM-DAT (Realistic Simulation),2025-10-18
Armenia,2023,Total Affected (people),0,EM-DAT (Realistic Simulation),2025-10-18
Armenia,2023,Total Damages (USD millions),966.3336940729147,EM-DAT (Realistic Simulation),2025-10-18
Armenia,2023,Drought Events,0,EM-DAT (Realistic Simulation),2025-10-18
Armenia,2023,Flood Events,2,EM-DAT (Realistic Simulation),2025-10-18
Armenia,2023,Storm Events,0,EM-DAT (Realistic Simulation),2025-10-18
Armenia,2023,Food Security Impact Score,1.5301224972054894,EM-DAT (Realistic Simulation),2025-10-18
Aruba,2020,Number of Disasters,1,EM-DAT (Realistic Simulation),2025-10-18
Aruba,2020,Total Affected (people),38361.484228111796,EM-DAT (Realistic Simulation),2025-10-18
Aruba,2020,Total Damages (USD millions),0,EM-DAT (Realistic Simulation),2025-10-18
Aruba,2020,Drought Events,0,EM-DAT (Realistic Simulation),2025-10-18
Aruba,2020,Flood Events,0,EM-DAT (Realistic Simulation),2025-10-18
Aruba,2020,Storm Events,0,EM-DAT (Realistic Simulation),2025-10-18
Aruba,2020,Food Security Impact Score,2.251733078007412,EM-DAT (Realistic Simulation),2025-10-18
Aruba,2021,Number of Disasters,1,EM-DAT (Realistic Simulation),2025-10-18
Aruba,2021,Total Affected (people),59613.48020078243,EM-DAT (Realistic Simulation),2025-10-18
Aruba,2021,Total Damages (USD millions),510.2691046359047,EM-DAT (Realistic Simulation),2025-10-18
Aruba,2021,Drought Events,0,EM-DAT (Realistic Simulation),2025-10-18
Aruba,2021,Flood Events,1,EM-DAT (Realistic Simulation),2025-10-18
Aruba,2021,Storm Events,0,EM-DAT (Realistic Simulation),2025-10-18
Aruba,2021,Food Security Impact Score,2.1210493880747734,EM-DAT (Realistic Simulation),2025-10-18
Aruba,2022,Number of Disasters,3,EM-DAT (Realistic Simulation),2025-10-18
Aruba,2022,Total Affected (people),33842.095640501335,EM-DAT (Realistic Simulation),2025-10-18
Aruba,2022,Total Damages (USD millions),453.22949935159016,EM-DAT (Realistic Simulation),2025-10-18
Aruba,2022,Drought Events,0,EM-DAT (Realistic Simulation),2025-10-18
Aruba,2022,Flood Events,0,EM-DAT (Realistic Simulation),2025-10-18
Aruba,2022,Storm Events,2,EM-DAT (Realistic Simulation),2025-10-18
Aruba,2022,Food Security Impact Score,0.5424334523908438,EM-DAT (Realistic Simulation),2025-10-18
Aruba,2023,Number of Disasters,1,EM-DAT (Realistic Simulation),2025-10-18
Aruba,2023,Total Affected (people),0,EM-DAT (Realistic Simulation),2025-10-18
Aruba,2023,Total Damages (USD millions),605.3094844175988,EM-DAT (Realistic Simulation),2025-10-18
Aruba,2023,Drought Events,0,EM-DAT (Realistic Simulation),2025-10-18
Aruba,2023,Flood Events,0,EM-DAT (Realistic Simulation),2025-10-18
Aruba,2023,Storm Events,0,EM-DAT (Realistic Simulation),2025-10-18
Aruba,2023,Food Security Impact Score,3.1698329454664544,EM-DAT (Realistic Simulation),2025-10-18
Australia,2020,Number of Disasters,1,EM-DAT (Realistic Simulation),2025-10-18
Australia,2020,Total Affected (people),160705.71128980178,EM-DAT (Realistic Simulation),2025-10-18
Australia,2020,Total Damages (USD millions),492.5792964969033,EM-DAT (Realistic Simulation),2025-10-18
Australia,2020,Drought Events,0,EM-DAT (Realistic Simulation),2025-10-18
Australia,2020,Flood Events,1,EM-DAT (Realistic Simulation),2025-10-18
Australia,2020,Storm Events,1,EM-DAT (Realistic Simulation),2025-10-18
Australia,2020,Food Security Impact Score,4.7689831881197815,EM-DAT (Realistic Simulation),2025-10-18
Australia,2021,Number of Disasters,1,EM-DAT (Realistic Simulation),2025-10-18
Australia,2021,Total Affected (people),72375.59785604526,EM-DAT (Realistic Simulation),2025-10-18
Australia,2021,Total Damages (USD millions),976.1681982977026,EM-DAT (Realistic Simulation),2025-10-18
Australia,2021,Drought Events,0,EM-DAT (Realistic Simulation),2025-10-18
Australia,2021,Flood Events,2,EM-DAT (Realistic Simulation),2025-10-18
Australia,2021,Storm Events,2,EM-DAT (Realistic Simulation),2025-10-18
Australia,2021,Food Security Impact Score,4.114628985656106,EM-DAT (Realistic Simulation),2025-10-18
Australia,2022,Number of Disasters,1,EM-DAT (Realistic Simulation),2025-10-18
Australia,2022,Total Affected (people),179841.3533750468,EM-DAT (Realistic Simulation),2025-10-18
Australia,2022,Total Damages (USD millions),1845.43084465551,EM-DAT (Realistic Simulation),2025-10-18
Australia,2022,Drought Events,0,EM-DAT (Realistic Simulation),2025-10-18
Australia,2022,Flood Events,1,EM-DAT (Realistic Simulation),2025-10-18
Australia,2022,Storm Events,1,EM-DAT (Realistic Simulation),2025-10-18
Australia,2022,Food Security Impact Score,4.596976409942744,EM-DAT (Realistic Simulation),2025-10-18
Australia,2023,Number of Disasters,0,EM-DAT (Realistic Simulation),2025-10-18
Australia,2023,Total Affected (people),0,EM-DAT (Realistic Simulation),2025-10-18
Australia,2023,Total Damages (USD millions),0,EM-DAT (Realistic Simulation),2025-10-18
Australia,2023,Drought Events,1,EM-DAT (Realistic Simulation),2025-10-18
Australia,2023,Flood Events,2,EM-DAT (Realistic Simulation),2025-10-18
Australia,2023,Storm Events,1,EM-DAT (Realistic Simulation),2025-10-18
Australia,2023,Food Security Impact Score,3.572108725112158,EM-DAT (Realistic Simulation),2025-10-18
Austria,2020,Number of Disasters,1,EM-DAT (Realistic Simulation),2025-10-18
Austria,2020,Total Affected (people),0,EM-DAT (Realistic Simulation),2025-10-18
Austria,2020,Total Damages (USD millions),0,EM-DAT (Realistic Simulation),2025-10-18
Austria,2020,Drought Events,0,EM-DAT (Realistic Simulation),2025-10-18
Austria,2020,Flood Events,1,EM-DAT (Realistic Simulation),2025-10-18
Austria,2020,Storm Events,0,EM-DAT (Realistic Simulation),2025-10-18
Austria,2020,Food Security Impact Score,1.9921974813416632,EM-DAT (Realistic Simulation),2025-10-18
Austria,2021,Number of Disasters,0,EM-DAT (Realistic Simulation),2025-10-18
Austria,2021,Total Affected (people),61719.972000277936,EM-DAT (Realistic Simulation),2025-10-18
Austria,2021,Total Damages (USD millions),0,EM-DAT (Realistic Simulation),2025-10-18
Austria,2021,Drought Events,0,EM-DAT (Realistic Simulation),2025-10-18
Austria,2021,Flood Events,0,EM-DAT (Realistic Simulation),2025-10-18
Austria,2021,Storm Events,0,EM-DAT (Realistic Simulation),2025-10-18
Austria,2021,Food Security Impact Score,4.706772184432312,EM-DAT (Realistic Simulation),2025-10-18
Austria,2022,Number of Disasters,3,EM-DAT (Realistic Simulation),2025-10-18
Austria,2022,Total Affected (people),131021.25347168373,EM-DAT (Realistic Simulation),2025-10-18
Austria,2022,Total Damages (USD millions),373.1160427466265,EM-DAT (Realistic Simulation),2025-10-18
Austria,2022,Drought Events,0,EM-DAT (Realistic Simulation),2025-10-18
Austria,2022,Flood Events,1,EM-DAT (Realistic Simulation),2025-10-18
Austria,2022,Storm Events,1,EM-DAT (Realistic Simulation),2025-10-18
Austria,2022,Food Security Impact Score,4.493967760094395,EM-DAT (Realistic Simulation),2025-10-18
Austria,2023,Number of Disasters,0,EM-DAT (Realistic Simulation),2025-10-18
Austria,2023,Total Affected (people),176652.1596855949,EM-DAT (Realistic Simulation),2025-10-18
Austria,2023,Total Damages (USD millions),0,EM-DAT (Realistic Simulation),2025-10-18
Austria,2023,Drought Events,1,EM-DAT (Realistic Simulation),2025-10-18
Austria,2023,Flood Events,1,EM-DAT (Realistic Simulation),2025-10-18
Austria,2023,Storm Events,1,EM-DAT (Realistic Simulation),2025-10-18
Austria,2023,Food Security Impact Score,1.9179028329555388,EM-DAT (Realistic Simulation),2025-10-18
Azerbaijan,2020,Number of Disasters,1,EM-DAT (Realistic Simulation),2025-10-18
Azerbaijan,2020,Total Affected (people),137535.6783837318,EM-DAT (Realistic Simulation),2025-10-18
Azerbaijan,2020,Total Damages (USD millions),380.549356097316,EM-DAT (Realistic Simulation),2025-10-18
Azerbaijan,2020,Drought Events,0,EM-DAT (Realistic Simulation),2025-10-18
Azerbaijan,2020,Flood Events,1,EM-DAT (Realistic Simulation),2025-10-18
Azerbaijan,2020,Storm Events,0,EM-DAT (Realistic Simulation),2025-10-18
Azerbaijan,2020,Food Security Impact Score,5.282120862481252,EM-DAT (Realistic Simulation),2025-10-18
Azerbaijan,2021,Number of Disasters,0,EM-DAT (Realistic Simulation),2025-10-18
Azerbaijan,2021,Total Affected (people),79861.30698953384,EM-DAT (Realistic Simulation),2025-10-18
Azerbaijan,2021,Total Damages (USD millions),842.8260316410127,EM-DAT (Realistic Simulation),2025-10-18
Azerbaijan,2021,Drought Events,1,EM-DAT (Realistic Simulation),2025-10-18
Azerbaijan,2021,Flood Events,2,EM-DAT (Realistic Simulation),2025-10-18
Azerbaijan,2021,Storm Events,1,EM-DAT (Realistic Simulation),2025-10-18
Azerbaijan,2021,Food Security Impact Score,2.042843435481571,EM-DAT (Realistic Simulation),2025-10-18
Azerbaijan,2022,Number of Disasters,4,EM-DAT (Realistic Simulation),2025-10-18
Azerbaijan,2022,Total Affected (people),90556.6782943005,EM-DAT (Realistic Simulation),2025-10-18
Azerbaijan,2022,Total Damages (USD millions),353.2957528125819,EM-DAT (Realistic Simulation),2025-10-18
Azerbaijan,2022,Drought Events,0,EM-DAT (Realistic Simulation),2025-10-18
Azerbaijan,2022,Flood Events,0,EM-DAT (Realistic Simulation),2025-10-18
Azerbaijan,2022,Storm Events,0,EM-DAT (Realistic Simulation),2025-10-18
Azerbaijan,2022,Food Security Impact Score,1.0944975082649653,EM-DAT (Realistic Simulation),2025-10-18
Azerbaijan,2023,Number of Disasters,3,EM-DAT (Realistic Simulation),2025-10-18
Azerbaijan,2023,Total Affected (people),0,EM-DAT (Realistic Simulation),2025-10-18
Azerbaijan,2023,Total Damages (USD millions),410.46275348376713,EM-DAT (Realistic Simulation),2025-10-18
Azerbaijan,2023,Drought Events,0,EM-DAT (Realistic Simulation),2025-10-18
Azerbaijan,2023,Flood Events,0,EM-DAT (Realistic Simulation),2025-10-18
Azerbaijan,2023,Storm Events,0,EM-DAT (Realistic Simulation),2025-10-18
Azerbaijan,2023,Food Security Impact Score,3.442720556030766,EM-DAT (Realistic Simulation),2025-10-18
"Bahamas, The",2020,Number of Disasters,2,EM-DAT (Realistic Simulation),2025-10-18
"Bahamas, The",2020,Total Affected (people),261465.57250482382,EM-DAT (Realistic Simulation),2025-10-18
"Bahamas, The",2020,Total Damages (USD millions),0,EM-DAT (Realistic Simulation),2025-10-18
"Bahamas, The",2020,Drought Events,0,EM-DAT (Realistic Simulation),2025-10-18
"Bahamas, The",2020,Flood Events,2,EM-DAT (Realistic Simulation),2025-10-18
"Bahamas, The",2020,Storm Events,1,EM-DAT (Realistic Simulation),2025-10-18
"Bahamas, The",2020,Food Security Impact Score,3.490228549354385,EM-DAT (Realistic Simulation),2025-10-18
"Bahamas, The",2021,Number of Disasters,4,EM-DAT (Realistic Simulation),2025-10-18
"Bahamas, The",2021,Total Affected (people),238064.32977478567,EM-DAT (Realistic Simulation),2025-10-18
"Bahamas, The",2021,Total Damages (USD millions),607.3954644058023,EM-DAT (Realistic Simulation),2025-10-18
"Bahamas, The",2021,Drought Events,1,EM-DAT (Realistic Simulation),2025-10-18
"Bahamas, The",2021,Flood Events,1,EM-DAT (Realistic Simulation),2025-10-18
"Bahamas, The",2021,Storm Events,1,EM-DAT (Realistic Simulation),2025-10-18
"Bahamas, The",2021,Food Security Impact Score,1.47567182930616,EM-DAT (Realistic Simulation),2025-10-18
"Bahamas, The",2022,Number of Disasters,6,EM-DAT (Realistic Simulation),2025-10-18
"Bahamas, The",2022,Total Affected (people),95302.50162839476,EM-DAT (Realistic Simulation),2025-10-18
"Bahamas, The",2022,Total Damages (USD millions),827.9393915978948,EM-DAT (Realistic Simulation),2025-10-18
"Bahamas, The",2022,Drought Events,0,EM-DAT (Realistic Simulation),2025-10-18
"Bahamas, The",2022,Flood Events,0,EM-DAT (Realistic Simulation),2025-10-18
"Bahamas, The",2022,Storm Events,0,EM-DAT (Realistic Simulation),2025-10-18
"Bahamas, The",2022,Food Security Impact Score,4.190492345353769,EM-DAT (Realistic Simulation),2025-10-18
"Bahamas, The",2023,Number of Disasters,5,EM-DAT (Realistic Simulation),2025-10-18
"Bahamas, The",2023,Total Affected (people),144920.06888907833,EM-DAT (Realistic Simulation),2025-10-18
"Bahamas, The",2023,Total Damages (USD millions),0,EM-DAT (Realistic Simulation),2025-10-18
"Bahamas, The",2023,Drought Events,0,EM-DAT (Realistic Simulation),2025-10-18
"Bahamas, The",2023,Flood Events,1,EM-DAT (Realistic Simulation),2025-10-18
"Bahamas, The",2023,Storm Events,0,EM-DAT (Realistic Simulation),2025-10-18
"Bahamas, The",2023,Food Security Impact Score,0,EM-DAT (Realistic Simulation),2025-10-18
Bahrain,2020,Number of Disasters,2,EM-DAT (Realistic Simulation),2025-10-18
Bahrain,2020,Total Affected (people),0,EM-DAT (Realistic Simulation),2025-10-18
Bahrain,2020,Total Damages (USD millions),0,EM-DAT (Realistic Simulation),2025-10-18
Bahrain,2020,Drought Events,1,EM-DAT (Realistic Simulation),2025-10-18
Bahrain,2020,Flood Events,0,EM-DAT (Realistic Simulation),2025-10-18
Bahrain,2020,Storm Events,2,EM-DAT (Realistic Simulation),2025-10-18
Bahrain,2020,Food Security Impact Score,4.530539759857677,EM-DAT (Realistic Simulation),2025-10-18
Bahrain,2021,Number of Disasters,3,EM-DAT (Realistic Simulation),2025-10-18
Bahrain,2021,Total Affected (people),155079.48683260957,EM-DAT (Realistic Simulation),2025-10-18
Bahrain,2021,Total Damages (USD millions),358.72584839013126,EM-DAT (Realistic Simulation),2025-10-18
Bahrain,2021,Drought Events,2,EM-DAT (Realistic Simulation),2025-10-18
Bahrain,2021,Flood Events,1,EM-DAT (Realistic Simulation),2025-10-18
Bahrain,2021,Storm Events,2,EM-DAT (Realistic Simulation),2025-10-18
Bahrain,2021,Food Security Impact Score,7.538443319072813,EM-DAT (Realistic Simulation),2025-10-18
Bahrain,2022,Number of Disasters,1,EM-DAT (Realistic Simulation),2025-10-18
Bahrain,2022,Total Affected (people),84878.62593114603,EM-DAT (Realistic Simulation),2025-10-18
Bahrain,2022,Total Damages (USD millions),0,EM-DAT (Realistic Simulation),2025-10-18
Bahrain,2022,Drought Events,1,EM-DAT (Realistic Simulation),2025-10-18
Bahrain,2022,Flood Events,2,EM-DAT (Realistic Simulation),2025-10-18
Bahrain,2022,Storm Events,1,EM-DAT (Realistic Simulation),2025-10-18
Bahrain,2022,Food Security Impact Score,4.443002511181837,EM-DAT (Realistic Simulation),2025-10-18
Bahrain,2023,Number of Disasters,2,EM-DAT (Realistic Simulation),2025-10-18
Bahrain,2023,Total Affected (people),61240.519921722786,EM-DAT (Realistic Simulation),2025-10-18
Bahrain,2023,Total Damages (USD millions),783.4744249278098,EM-DAT (Realistic Simulation),2025-10-18
Bahrain,2023,Drought Events,0,EM-DAT (Realistic Simulation),2025-10-18
Bahrain,2023,Flood Events,1,EM-DAT (Realistic Simulation),2025-10-18
Bahrain,2023,Storm Events,1,EM-DAT (Realistic Simulation),2025-10-18
Bahrain,2023,Food Security Impact Score,2.6597484730998606,EM-DAT (Realistic Simulation),2025-10-18
Bangladesh,2020,Number of Disasters,1,EM-DAT (Realistic Simulation),2025-10-18
Bangladesh,2020,Total Affected (people),18348.958549416377,EM-DAT (Realistic Simulation),2025-10-18
Bangladesh,2020,Total Damages (USD millions),267.9637293848141,EM-DAT (Realistic Simulation),2025-10-18
Bangladesh,2020,Drought Events,0,EM-DAT (Realistic Simulation),2025-10-18
Bangladesh,2020,Flood Events,2,EM-DAT (Realistic Simulation),2025-10-18
Bangladesh,2020,Storm Events,0,EM-DAT (Realistic Simulation),2025-10-18
Bangladesh,2020,Food Security Impact Score,6.526230961627217,EM-DAT (Realistic Simulation),2025-10-18
Bangladesh,2021,Number of Disasters,1,EM-DAT (Realistic Simulation),2025-10-18
Bangladesh,2021,Total Affected (people),180041.61019834617,EM-DAT (Realistic Simulation),2025-10-18
Bangladesh,2021,Total Damages (USD millions),763.1685434026011,EM-DAT (Realistic Simulation),2025-10-18
Bangladesh,2021,Drought Events,0,EM-DAT (Realistic Simulation),2025-10-18
Bangladesh,2021,Flood Events,0,EM-DAT (Realistic Simulation),2025-10-18
Bangladesh,2021,Storm Events,0,EM-DAT (Realistic Simulation),2025-10-18
Bangladesh,2021,Food Security Impact Score,0,EM-DAT (Realistic Simulation),2025-10-18
Bangladesh,2022,Number of Disasters,1,EM-DAT (Realistic Simulation),2025-10-18
Bangladesh,2022,Total Affected (people),0,EM-DAT (Realistic Simulation),2025-10-18
Bangladesh,2022,Total Damages (USD millions),300.190251137456,EM-DAT (Realistic Simulation),2025-10-18
Bangladesh,2022,Drought Events,0,EM-DAT (Realistic Simulation),2025-10-18
Bangladesh,2022,Flood Events,2,EM-DAT (Realistic Simulation),2025-10-18
Bangladesh,2022,Storm Events,2,EM-DAT (Realistic Simulation),2025-10-18
Bangladesh,2022,Food Security Impact Score,0.8807943065502584,EM-DAT (Realistic Simulation),2025-10-18
Bangladesh,2023,Number of Disasters,2,EM-DAT (Realistic Simulation),2025-10-18
Bangladesh,2023,Total Affected (people),140071.2191174511,EM-DAT (Realistic Simulation),2025-10-18
Bangladesh,2023,Total Damages (USD millions),0,EM-DAT (Realistic Simulation),2025-10-18
Bangladesh,2023,Drought Events,0,EM-DAT (Realistic Simulation),2025-10-18
Bangladesh,2023,Flood Events,2,EM-DAT (Realistic Simulation),2025-10-18
Bangladesh,2023,Storm Events,0,EM-DAT (Realistic Simulation),2025-10-18
Bangladesh,2023,Food Security Impact Score,4.222135184337679,EM-DAT (Realistic Simulation),2025-10-18
Barbados,2020,Number of Disasters,1,EM-DAT (Realistic Simulation),2025-10-18
Barbados,2020,Total Affected (people),0,EM-DAT (Realistic Simulation),2025-10-18
Barbados,2020,Total Damages (USD millions),0,EM-DAT (Realistic Simulation),2025-10-18
Barbados,2020,Drought Events,0,EM-DAT (Realistic Simulation),2025-10-18
Barbados,2020,Flood Events,0,EM-DAT (Realistic Simulation),2025-10-18
Barbados,2020,Storm Events,0,EM-DAT (Realistic Simulation),2025-10-18
Barbados,2020,Food Security Impact Score,1.8913618593598291,EM-DAT (Realistic Simulation),2025-10-18
Barbados,2021,Number of Disasters,0,EM-DAT (Realistic Simulation),2025-10-18
Barbados,2021,Total Affected (people),1176.0971882746744,EM-DAT (Realistic Simulation),2025-10-18
Barbados,2021,Total Damages (USD millions),495.7760778145101,EM-DAT (Realistic Simulation),2025-10-18
Barbados,2021,Drought Events,1,EM-DAT (Realistic Simulation),2025-10-18
Barbados,2021,Flood Events,0,EM-DAT (Realistic Simulation),2025-10-18
Barbados,2021,Storm Events,1,EM-DAT (Realistic Simulation),2025-10-18
Barbados,2021,Food Security Impact Score,0.7964239735587784,EM-DAT (Realistic Simulation),2025-10-18
Barbados,2022,Number of Disasters,0,EM-DAT (Realistic Simulation),2025-10-18
Barbados,2022,Total Affected (people),46099.65125852468,EM-DAT (Realistic Simulation),2025-10-18
Barbados,2022,Total Damages (USD millions),111.1385740691994,EM-DAT (Realistic Simulation),2025-10-18
Barbados,2022,Drought Events,0,EM-DAT (Realistic Simulation),2025-10-18
Barbados,2022,Flood Events,2,EM-DAT (Realistic Simulation),2025-10-18
Barbados,2022,Storm Events,1,EM-DAT (Realistic Simulation),2025-10-18
Barbados,2022,Food Security Impact Score,0.28165868284321016,EM-DAT (Realistic Simulation),2025-10-18
Barbados,2023,Number of Disasters,2,EM-DAT (Realistic Simulation),2025-10-18
Barbados,2023,Total Affected (people),0,EM-DAT (Realistic Simulation),2025-10-18
Barbados,2023,Total Damages (USD millions),0,EM-DAT (Realistic Simulation),2025-10-18
Barbados,2023,Drought Events,1,EM-DAT (Realistic Simulation),2025-10-18
Barbados,2023,Flood Events,0,EM-DAT (Realistic Simulation),2025-10-18
Barbados,2023,Storm Events,0,EM-DAT (Realistic Simulation),2025-10-18
Barbados,2023,Food Security Impact Score,2.6018821860745294,EM-DAT (Realistic Simulation),2025-10-18
Belarus,2020,Number of Disasters,5,EM-DAT (Realistic Simulation),2025-10-18
Belarus,2020,Total Affected (people),0,EM-DAT (Realistic Simulation),2025-10-18
Belarus,2020,Total Damages (USD millions),39.50236592947159,EM-DAT (Realistic Simulation),2025-10-18
Belarus,2020,Drought Events,0,EM-DAT (Realistic Simulation),2025-10-18
Belarus,2020,Flood Events,1,EM-DAT (Realistic Simulation),2025-10-18
Belarus,2020,Storm Events,0,EM-DAT (Realistic Simulation),2025-10-18
Belarus,2020,Food Security Impact Score,3.4430271965909474,EM-DAT (Realistic Simulation),2025-10-18
Belarus,2021,Number of Disasters,0,EM-DAT (Realistic Simulation),2025-10-18
Belarus,2021,Total Affected (people),64190.47588235931,EM-DAT (Realistic Simulation),2025-10-18
Belarus,2021,Total Damages (USD millions),401.0777774851792,EM-DAT (Realistic Simulation),2025-10-18
Belarus,2021,Drought Events,1,EM-DAT (Realistic Simulation),2025-10-18
Belarus,2021,Flood Events,0,EM-DAT (Realistic Simulation),2025-10-18
Belarus,2021,Storm Events,1,EM-DAT (Realistic Simulation),2025-10-18
Belarus,2021,Food Security Impact Score,2.259265554805645,EM-DAT (Realistic Simulation),2025-10-18
Belarus,2022,Number of Disasters,2,EM-DAT (Realistic Simulation),2025-10-18
Belarus,2022,Total Affected (people),115816.6819886631,EM-DAT (Realistic Simulation),2025-10-18
Belarus,2022,Total Damages (USD millions),274.8551374223322,EM-DAT (Realistic Simulation),2025-10-18
Belarus,2022,Drought Events,1,EM-DAT (Realistic Simulation),2025-10-18
Belarus,2022,Flood Events,1,EM-DAT (Realistic Simulation),2025-10-18
Belarus,2022,Storm Events,0,EM-DAT (Realistic Simulation),2025-10-18
Belarus,2022,Food Security Impact Score,0,EM-DAT (Realistic Simulation),2025-10-18
Belarus,2023,Number of Disasters,2,EM-DAT (Realistic Simulation),2025-10-18
Belarus,2023,Total Affected (people),0,EM-DAT (Realistic Simulation),2025-10-18
Belarus,2023,Total Damages (USD millions),0,EM-DAT (Realistic Simulation),2025-10-18
Belarus,2023,Drought Events,2,EM-DAT (Realistic Simulation),2025-10-18
Belarus,2023,Flood Events,0,EM-DAT (Realistic Simulation),2025-10-18
Belarus,2023,Storm Events,1,EM-DAT (Realistic Simulation),2025-10-18
Belarus,2023,Food Security Impact Score,1.7440488301200614,EM-DAT (Realistic Simulation),2025-10-18
Belgium,2020,Number of Disasters,4,EM-DAT (Realistic Simulation),2025-10-18
Belgium,2020,Total Affected (people),11842.444333549509,EM-DAT (Realistic Simulation),2025-10-18
Belgium,2020,Total Damages (USD millions),251.89768911506582,EM-DAT (Realistic Simulation),2025-10-18
Belgium,2020,Drought Events,1,EM-DAT (Realistic Simulation),2025-10-18
Belgium,2020,Flood Events,1,EM-DAT (Realistic Simulation),2025-10-18
Belgium,2020,Storm Events,3,EM-DAT (Realistic Simulation),2025-10-18
Belgium,2020,Food Security Impact Score,1.5515527909978684,EM-DAT (Realistic Simulation),2025-10-18
Belgium,2021,Number of Disasters,2,EM-DAT (Realistic Simulation),2025-10-18
Belgium,2021,Total Affected (people),61915.810938312105,EM-DAT (Realistic Simulation),2025-10-18
Belgium,2021,Total Damages (USD millions),0,EM-DAT (Realistic Simulation),2025-10-18
Belgium,2021,Drought Events,3,EM-DAT (Realistic Simulation),2025-10-18
Belgium,2021,Flood Events,0,EM-DAT (Realistic Simulation),2025-10-18
Belgium,2021,Storm Events,2,EM-DAT (Realistic Simulation),2025-10-18
Belgium,2021,Food Security Impact Score,2.619993890178014,EM-DAT (Realistic Simulation),2025-10-18
Belgium,2022,Number of Disasters,2,EM-DAT (Realistic Simulation),2025-10-18
Belgium,2022,Total Affected (people),0,EM-DAT (Realistic Simulation),2025-10-18
Belgium,2022,Total Damages (USD millions),0,EM-DAT (Realistic Simulation),2025-10-18
Belgium,2022,Drought Events,0,EM-DAT (Realistic Simulation),2025-10-18
Belgium,2022,Flood Events,0,EM-DAT (Realistic Simulation),2025-10-18
Belgium,2022,Storm Events,1,EM-DAT (Realistic Simulation),2025-10-18
Belgium,2022,Food Security Impact Score,1.4437397362504736,EM-DAT (Realistic Simulation),2025-10-18
Belgium,2023,Number of Disasters,3,EM-DAT (Realistic Simulation),2025-10-18
Belgium,2023,Total Affected (people),24177.83768966937,EM-DAT (Realistic Simulation),2025-10-18
Belgium,2023,Total Damages (USD millions),236.53923757296303,EM-DAT (Realistic Simulation),2025-10-18
Belgium,2023,Drought Events,0,EM-DAT (Realistic Simulation),2025-10-18
Belgium,2023,Flood Events,0,EM-DAT (Realistic Simulation),2025-10-18
Belgium,2023,Storm Events,2,EM-DAT (Realistic Simulation),2025-10-18
Belgium,2023,Food Security Impact Score,8.372586333783413,EM-DAT (Realistic Simulation),2025-10-18
Belize,2020,Number of Disasters,4,EM-DAT (Realistic Simulation),2025-10-18
Belize,2020,Total Affected (people),117995.90245614402,EM-DAT (Realistic Simulation),2025-10-18
Belize,2020,Total Damages (USD millions),494.8191161933051,EM-DAT (Realistic Simulation),2025-10-18
Belize,2020,Drought Events,0,EM-DAT (Realistic Simulation),2025-10-18
Belize,2020,Flood Events,1,EM-DAT (Realistic Simulation),2025-10-18
Belize,2020,Storm Events,0,EM-DAT (Realistic Simulation),2025-10-18
Belize,2020,Food Security Impact Score,2.2742073788109747,EM-DAT (Realistic Simulation),2025-10-18
Belize,2021,Number of Disasters,2,EM-DAT (Realistic Simulation),2025-10-18
Belize,2021,Total Affected (people),0,EM-DAT (Realistic Simulation),2025-10-18
Belize,2021,Total Damages (USD millions),0,EM-DAT (Realistic Simulation),2025-10-18
Belize,2021,Drought Events,1,EM-DAT (Realistic Simulation),2025-10-18
Belize,2021,Flood Events,1,EM-DAT (Realistic Simulation),2025-10-18
Belize,2021,Storm Events,3,EM-DAT (Realistic Simulation),2025-10-18
Belize,2021,Food Security Impact Score,5.0400766902449945,EM-DAT (Realistic Simulation),2025-10-18
Belize,2022,Number of Disasters,3,EM-DAT (Realistic Simulation),2025-10-18
Belize,2022,Total Affected (people),34293.58074278166,EM-DAT (Realistic Simulation),2025-10-18
Belize,2022,Total Damages (USD millions),501.4694619095913,EM-DAT (Realistic Simulation),2025-10-18
Belize,2022,Drought Events,4,EM-DAT (Realistic Simulation),2025-10-18
Belize,2022,Flood Events,0,EM-DAT (Realistic Simulation),2025-10-18
Belize,2022,Storm Events,2,EM-DAT (Realistic Simulation),2025-10-18
Belize,2022,Food Security Impact Score,2.4935662001140058,EM-DAT (Realistic Simulation),2025-10-18
Belize,2023,Number of Disasters,2,EM-DAT (Realistic Simulation),2025-10-18
Belize,2023,Total Affected (people),0,EM-DAT (Realistic Simulation),2025-10-18
Belize,2023,Total Damages (USD millions),0,EM-DAT (Realistic Simulation),2025-10-18
Belize,2023,Drought Events,0,EM-DAT (Realistic Simulation),2025-10-18
Belize,2023,Flood Events,0,EM-DAT (Realistic Simulation),2025-10-18
Belize,2023,Storm Events,1,EM-DAT (Realistic Simulation),2025-10-18
Belize,2023,Food Security Impact Score,2.1260833445939773,EM-DAT (Realistic Simulation),2025-10-18
Benin,2020,Number of Disasters,2,EM-DAT (Realistic Simulation),2025-10-18
Benin,2020,Total Affected (people),211796.23116941188,EM-DAT (Realistic Simulation),2025-10-18
Benin,2020,Total Damages (USD millions),0,EM-DAT (Realistic Simulation),2025-10-18
Benin,2020,Drought Events,0,EM-DAT (Realistic Simulation),2025-10-18
Benin,2020,Flood Events,0,EM-DAT (Realistic Simulation),2025-10-18
Benin,2020,Storm Events,0,EM-DAT (Realistic Simulation),2025-10-18
Benin,2020,Food Security Impact Score,0,EM-DAT (Realistic Simulation),2025-10-18
Benin,2021,Number of Disasters,1,EM-DAT (Realistic Simulation),2025-10-18
Benin,2021,Total Affected (people),0,EM-DAT (Realistic Simulation),2025-10-18
Benin,2021,Total Damages (USD millions),376.3515377094173,EM-DAT (Realistic Simulation),2025-10-18
Benin,2021,Drought Events,0,EM-DAT (Realistic Simulation),2025-10-18
Benin,2021,Flood Events,1,EM-DAT (Realistic Simulation),2025-10-18
Benin,2021,Storm Events,0,EM-DAT (Realistic Simulation),2025-10-18
Benin,2021,Food Security Impact Score,0.802481545859409,EM-DAT (Realistic Simulation),2025-10-18
Benin,2022,Number of Disasters,2,EM-DAT (Realistic Simulation),2025-10-18
Benin,2022,Total Affected (people),130612.71021378279,EM-DAT (Realistic Simulation),2025-10-18
Benin,2022,Total Damages (USD millions),0,EM-DAT (Realistic Simulation),2025-10-18
Benin,2022,Drought Events,0,EM-DAT (Realistic Simulation),2025-10-18
Benin,2022,Flood Events,0,EM-DAT (Realistic Simulation),2025-10-18
Benin,2022,Storm Events,2,EM-DAT (Realistic Simulation),2025-10-18
Benin,2022,Food Security Impact Score,4.315454709058905,EM-DAT (Realistic Simulation),2025-10-18
Benin,2023,Number of Disasters,4,EM-DAT (Realistic Simulation),2025-10-18
Benin,2023,Total Affected (people),41135.06107559455,EM-DAT (Realistic Simulation),2025-10-18
Benin,2023,Total Damages (USD millions),11.507303375104854,EM-DAT (Realistic Simulation),2025-10-18
Benin,2023,Drought Events,2,EM-DAT (Realistic Simulation),2025-10-18
Benin,2023,Flood Events,0,EM-DAT (Realistic Simulation),2025-10-18
Benin,2023,Storm Events,1,EM-DAT (Realistic Simulation),2025-10-18
Benin,2023,Food Security Impact Score,2.4392453196088746,EM-DAT (Realistic Simulation),2025-10-18
Bermuda,2020,Number of Disasters,1,EM-DAT (Realistic Simulation),2025-10-18
Bermuda,2020,Total Affected (people),111983.88231573574,EM-DAT (Realistic Simulation),2025-10-18
Bermuda,2020,Total Damages (USD millions),419.7618037247194,EM-DAT (Realistic Simulation),2025-10-18
Bermuda,2020,Drought Events,0,EM-DAT (Realistic Simulation),2025-10-18
Bermuda,2020,Flood Events,0,EM-DAT (Realistic Simulation),2025-10-18
Bermuda,2020,Storm Events,1,EM-DAT (Realistic Simulation),2025-10-18
Bermuda,2020,Food Security Impact Score,6.3023261955324426,EM-DAT (Realistic Simulation),2025-10-18
Bermuda,2021,Number of Disasters,1,EM-DAT (Realistic Simulation),2025-10-18
Bermuda,2021,Total Affected (people),128006.65265106849,EM-DAT (Realistic Simulation),2025-10-18
Bermuda,2021,Total Damages (USD millions),742.8636438621501,EM-DAT (Realistic Simulation),2025-10-18
Bermuda,2021,Drought Events,2,EM-DAT (Realistic Simulation),2025-10-18
Bermuda,2021,Flood Events,0,EM-DAT (Realistic Simulation),2025-10-18
Bermuda,2021,Storm Events,1,EM-DAT (Realistic Simulation),2025-10-18
Bermuda,2021,Food Security Impact Score,0,EM-DAT (Realistic Simulation),2025-10-18
Bermuda,2022,Number of Disasters,1,EM-DAT (Realistic Simulation),2025-10-18
Bermuda,2022,Total Affected (people),56884.40018143566,EM-DAT (Realistic Simulation),2025-10-18
Bermuda,2022,Total Damages (USD millions),0,EM-DAT (Realistic Simulation),2025-10-18
Bermuda,2022,Drought Events,2,EM-DAT (Realistic Simulation),2025-10-18
Bermuda,2022,Flood Events,1,EM-DAT (Realistic Simulation),2025-10-18
Bermuda,2022,Storm Events,0,EM-DAT (Realistic Simulation),2025-10-18
Bermuda,2022,Food Security Impact Score,7.406898396667954,EM-DAT (Realistic Simulation),2025-10-18
Bermuda,2023,Number of Disasters,1,EM-DAT (Realistic Simulation),2025-10-18
Bermuda,2023,Total Affected (people),97092.30698317393,EM-DAT (Realistic Simulation),2025-10-18
Bermuda,2023,Total Damages (USD millions),943.0411106569408,EM-DAT (Realistic Simulation),2025-10-18
Bermuda,2023,Drought Events,1,EM-DAT (Realistic Simulation),2025-10-18
Bermuda,2023,Flood Events,1,EM-DAT (Realistic Simulation),2025-10-18
Bermuda,2023,Storm Events,0,EM-DAT (Realistic Simulation),2025-10-18
Bermuda,2023,Food Security Impact Score,1.4545384614060148,EM-DAT (Realistic Simulation),2025-10-18
Bhutan,2020,Number of Disasters,3,EM-DAT (Realistic Simulation),2025-10-18
Bhutan,2020,Total Affected (people),121442.910085652,EM-DAT (Realistic Simulation),2025-10-18
Bhutan,2020,Total Damages (USD millions),0,EM-DAT (Realistic Simulation),2025-10-18
Bhutan,2020,Drought Events,1,EM-DAT (Realistic Simulation),2025-10-18
Bhutan,2020,Flood Events,0,EM-DAT (Realistic Simulation),2025-10-18
Bhutan,2020,Storm Events,0,EM-DAT (Realistic Simulation),2025-10-18
Bhutan,2020,Food Security Impact Score,0.6606269474080873,EM-DAT (Realistic Simulation),2025-10-18
Bhutan,2021,Number of Disasters,1,EM-DAT (Realistic Simulation),2025-10-18
Bhutan,2021,Total Affected (people),121268.75976981746,EM-DAT (Realistic Simulation),2025-10-18
Bhutan,2021,Total Damages (USD millions),0,EM-DAT (Realistic Simulation),2025-10-18
Bhutan,2021,Drought Events,1,EM-DAT (Realistic Simulation),2025-10-18
Bhutan,2021,Flood Events,2,EM-DAT (Realistic Simulation),2025-10-18
Bhutan,2021,Storm Events,2,EM-DAT (Realistic Simulation),2025-10-18
Bhutan,2021,Food Security Impact Score,0.6699450145352901,EM-DAT (Realistic Simulation),2025-10-18
Bhutan,2022,Number of Disasters,3,EM-DAT (Realistic Simulation),2025-10-18
Bhutan,2022,Total Affected (people),155303.3017508696,EM-DAT (Realistic Simulation),2025-10-18
Bhutan,2022,Total Damages (USD millions),126.10970971638525,EM-DAT (Realistic Simulation),2025-10-18
Bhutan,2022,Drought Events,0,EM-DAT (Realistic Simulation),2025-10-18
Bhutan,2022,Flood Events,1,EM-DAT (Realistic Simulation),2025-10-18
Bhutan,2022,Storm Events,1,EM-DAT (Realistic Simulation),2025-10-18
Bhutan,2022,Food Security Impact Score,0.59232073079121506,EM-DAT (Realistic Simulation),2025-10-18
Bhutan,2023,Number of Disasters,0,EM-DAT (Realistic Simulation),2025-10-18
Bhutan,2023,Total Affected (people),192024.88707621885,EM-DAT (Realistic Simulation),2025-10-18
Bhutan,2023,Total Damages (USD millions),0,EM-DAT (Realistic Simulation),2025-10-18
Bhutan,2023,Drought Events,0,EM-DAT (Realistic Simulation),2025-10-18
Bhutan,2023,Flood Events,0,EM-DAT (Realistic Simulation),2025-10-18
Bhutan,2023,Storm Events,1,EM-DAT (Realistic Simulation),2025-10-18
Bhutan,2023,Food Security Impact Score,4.405084326368612,EM-DAT (Realistic Simulation),2025-10-18
Bolivia,2020,Number of Disasters,2,EM-DAT (Realistic Simulation),2025-10-18
Bolivia,2020,Total Affected (people),0,EM-DAT (Realistic Simulation),2025-10-18
Bolivia,2020,Total Damages (USD millions),478.48049540235877,EM-DAT (Realistic Simulation),2025-10-18
Bolivia,2020,Drought Events,1,EM-DAT (Realistic Simulation),2025-10-18
Bolivia,2020,Flood Events,0,EM-DAT (Realistic Simulation),2025-10-18
Bolivia,2020,Storm Events,2,EM-DAT (Realistic Simulation),2025-10-18
Bolivia,2020,Food Security Impact Score,1.7731995343945264,EM-DAT (Realistic Simulation),2025-10-18
Bolivia,2021,Number of Disasters,3,EM-DAT (Realistic Simulation),2025-10-18
Bolivia,2021,Total Affected (people),0,EM-DAT (Realistic Simulation),2025-10-18
Bolivia,2021,Total Damages (USD millions),0,EM-DAT (Realistic Simulation),2025-10-18
Bolivia,2021,Drought Events,0,EM-DAT (Realistic Simulation),2025-10-18
Bolivia,2021,Flood Events,2,EM-DAT (Realistic Simulation),2025-10-18
Bolivia,2021,Storm Events,2,EM-DAT (Realistic Simulation),2025-10-18
Bolivia,2021,Food Security Impact Score,0,EM-DAT (Realistic Simulation),2025-10-18
Bolivia,2022,Number of Disasters,2,EM-DAT (Realistic Simulation),2025-10-18
Bolivia,2022,Total Affected (people),103249.24132707104,EM-DAT (Realistic Simulation),2025-10-18
Bolivia,2022,Total Damages (USD millions),406.86198902522864,EM-DAT (Realistic Simulation),2025-10-18
Bolivia,2022,Drought Events,1,EM-DAT (Realistic Simulation),2025-10-18
Bolivia,2022,Flood Events,0,EM-DAT (Realistic Simulation),2025-10-18
Bolivia,2022,Storm Events,1,EM-DAT (Realistic Simulation),2025-10-18
Bolivia,2022,Food Security Impact Score,5.8067896499218445,EM-DAT (Realistic Simulation),2025-10-18
Bolivia,2023,Number of Disasters,3,EM-DAT (Realistic Simulation),2025-10-18
Bolivia,2023,Total Affected (people),226154.00403275178,EM-DAT (Realistic Simulation),2025-10-18
Bolivia,2023,Total Damages (USD millions),0,EM-DAT (Realistic Simulation),2025-10-18
Bolivia,2023,Drought Events,1,EM-DAT (Realistic Simulation),2025-10-18
Bolivia,2023,Flood Events,2,EM-DAT (Realistic Simulation),2025-10-18
Bolivia,2023,Storm Events,2,EM-DAT (Realistic Simulation),2025-10-18
Bolivia,2023,Food Security Impact Score,2.8537924670484855,EM-DAT (Realistic Simulation),2025-10-18
Bosnia and Herzegovina,2020,Number of Disasters,4,EM-DAT (Realistic Simulation),2025-10-18
Bosnia and Herzegovina,2020,Total Affected (people),140301.25187434815,EM-DAT (Realistic Simulation),2025-10-18
Bosnia and Herzegovina,2020,Total Damages (USD millions),0,EM-DAT (Realistic Simulation),2025-10-18
Bosnia and Herzegovina,2020,Drought Events,0,EM-DAT (Realistic Simulation),2025-10-18
Bosnia and Herzegovina,2020,Flood Events,0,EM-DAT (Realistic Simulation),2025-10-18
Bosnia and Herzegovina,2020,Storm Events,1,EM-DAT (Realistic Simulation),2025-10-18
Bosnia and Herzegovina,2020,Food Security Impact Score,4.139963653474061,EM-DAT (Realistic Simulation),2025-10-18
Bosnia and Herzegovina,2021,Number of Disasters,1,EM-DAT (Realistic Simulation),2025-10-18
Bosnia and Herzegovina,2021,Total Affected (people),50210.63890336789,EM-DAT (Realistic Simulation),2025-10-18
Bosnia and Herzegovina,2021,Total Damages (USD millions),0,EM-DAT (Realistic Simulation),2025-10-18
Bosnia and Herzegovina,2021,Drought Events,0,EM-DAT (Realistic Simulation),2025-10-18
Bosnia and Herzegovina,2021,Flood Events,1,EM-DAT (Realistic Simulation),2025-10-18
Bosnia and Herzegovina,2021,Storm Events,0,EM-DAT (Realistic Simulation),2025-10-18
Bosnia and Herzegovina,2021,Food Security Impact Score,0,EM-DAT (Realistic Simulation),2025-10-18
Bosnia and Herzegovina,2022,Number of Disasters,0,EM-DAT (Realistic Simulation),2025-10-18
Bosnia and Herzegovina,2022,Total Affected (people),263434.12066582113,EM-DAT (Realistic Simulation),2025-10-18
Bosnia and Herzegovina,2022,Total Damages (USD millions),456.8531482916664,EM-DAT (Realistic Simulation),2025-10-18
Bosnia and Herzegovina,2022,Drought Events,0,EM-DAT (Realistic Simulation),2025-10-18
Bosnia and Herzegovina,2022,Flood Events,1,EM-DAT (Realistic Simulation),2025-10-18
Bosnia and Herzegovina,2022,Storm Events,0,EM-DAT (Realistic Simulation),2025-10-18
Bosnia and Herzegovina,2022,Food Security Impact Score,1.572799567985528,EM-DAT (Realistic Simulation),2025-10-18
Bosnia and Herzegovina,2023,Number of Disasters,2,EM-DAT (Realistic Simulation),2025-10-18
Bosnia and Herzegovina,2023,Total Affected (people),16107.542339802516,EM-DAT (Realistic Simulation),2025-10-18
Bosnia and Herzegovina,2023,Total Damages (USD millions),375.19485877348427,EM-DAT (Realistic Simulation),2025-10-18
Bosnia and Herzegovina,2023,Drought Events,0,EM-DAT (Realistic Simulation),2025-10-18
Bosnia and Herzegovina,2023,Flood Events,0,EM-DAT (Realistic Simulation),2025-10-18
Bosnia and Herzegovina,2023,Storm Events,1,EM-DAT (Realistic Simulation),2025-10-18
Bosnia and Herzegovina,2023,Food Security Impact Score,2.491675393970868,EM-DAT (Realistic Simulation),2025-10-18
Botswana,2020,Number of Disasters,1,EM-DAT (Realistic Simulation),2025-10-18
Botswana,2020,Total Affected (people),89457.33664101677,EM-DAT (Realistic Simulation),2025-10-18
Botswana,2020,Total Damages (USD millions),0,EM-DAT (Realistic Simulation),2025-10-18
Botswana,2020,Drought Events,0,EM-DAT (Realistic Simulation),2025-10-18
Botswana,2020,Flood Events,2,EM-DAT (Realistic Simulation),2025-10-18
Botswana,2020,Storm Events,0,EM-DAT (Realistic Simulation),2025-10-18
Botswana,2020,Food Security Impact Score,1.9136342980923624,EM-DAT (Realistic Simulation),2025-10-18
Botswana,2021,Number of Disasters,6,EM-DAT (Realistic Simulation),2025-10-18
Botswana,2021,Total Affected (people),106385.17088562006,EM-DAT (Realistic Simulation),2025-10-18
Botswana,2021,Total Damages (USD millions),0,EM-DAT (Realistic Simulation),2025-10-18
Botswana,2021,Drought Events,0,EM-DAT (Realistic Simulation),2025-10-18
Botswana,2021,Flood Events,0,EM-DAT (Realistic Simulation),2025-10-18
Botswana,2021,Storm Events,1,EM-DAT (Realistic Simulation),2025-10-18
Botswana,2021,Food Security Impact Score,1.1319987185205838,EM-DAT (Realistic Simulation),2025-10-18
Botswana,2022,Number of Disasters,3,EM-DAT (Realistic Simulation),2025-10-18
Botswana,2022,Total Affected (people),230134.5996661331,EM-DAT (Realistic Simulation),2025-10-18
Botswana,2022,Total Damages (USD millions),625.8525523772386,EM-DAT (Realistic Simulation),2025-10-18
Botswana,2022,Drought Events,1,EM-DAT (Realistic Simulation),2025-10-18
Botswana,2022,Flood Events,3,EM-DAT (Realistic Simulation),2025-10-18
Botswana,2022,Storm Events,0,EM-DAT (Realistic Simulation),2025-10-18
Botswana,2022,Food Security Impact Score,1.84809941156852,EM-DAT (Realistic Simulation),2025-10-18
Botswana,2023,Number of Disasters,1,EM-DAT (Realistic Simulation),2025-10-18
Botswana,2023,Total Affected (people),72293.78130374462,EM-DAT (Realistic Simulation),2025-10-18
Botswana,2023,Total Damages (USD millions),649.6983617238303,EM-DAT (Realistic Simulation),2025-10-18
Botswana,2023,Drought Events,2,EM-DAT (Realistic Simulation),2025-10-18
Botswana,2023,Flood Events,1,EM-DAT (Realistic Simulation),2025-10-18
Botswana,2023,Storm Events,1,EM-DAT (Realistic Simulation),2025-10-18
Botswana,2023,Food Security Impact Score,2.37784187577764,EM-DAT (Realistic Simulation),2025-10-18
Brazil,2020,Number of Disasters,3,EM-DAT (Realistic Simulation),2025-10-18
Brazil,2020,Total Affected (people),211293.10317492002,EM-DAT (Realistic Simulation),2025-10-18
Brazil,2020,Total Damages (USD millions),896.7532624062491,EM-DAT (Realistic Simulation),2025-10-18
Brazil,2020,Drought Events,2,EM-DAT (Realistic Simulation),2025-10-18
Brazil,2020,Flood Events,2,EM-DAT (Realistic Simulation),2025-10-18
Brazil,2020,Storm Events,1,EM-DAT (Realistic Simulation),2025-10-18
Brazil,2020,Food Security Impact Score,2.091551820524071,EM-DAT (Realistic Simulation),2025-10-18
Brazil,2021,Number of Disasters,1,EM-DAT (Realistic Simulation),2025-10-18
Brazil,2021,Total Affected (people),179872.60179131388,EM-DAT (Realistic Simulation),2025-10-18
Brazil,2021,Total Damages (USD millions),0,EM-DAT (Realistic Simulation),2025-10-18
Brazil,2021,Drought Events,0,EM-DAT (Realistic Simulation),2025-10-18
Brazil,2021,Flood Events,1,EM-DAT (Realistic Simulation),2025-10-18
Brazil,2021,Storm Events,1,EM-DAT (Realistic Simulation),2025-10-18
Brazil,2021,Food Security Impact Score,0.8456411598024571,EM-DAT (Realistic Simulation),2025-10-18
Brazil,2022,Number of Disasters,4,EM-DAT (Realistic Simulation),2025-10-18
Brazil,2022,Total Affected (people),163593.65201270912,EM-DAT (Realistic Simulation),2025-10-18
Brazil,2022,Total Damages (USD millions),151.7438884093792,EM-DAT (Realistic Simulation),2025-10-18
Brazil,2022,Drought Events,1,EM-DAT (Realistic Simulation),2025-10-18
Brazil,2022,Flood Events,0,EM-DAT (Realistic Simulation),2025-10-18
Brazil,2022,Storm Events,0,EM-DAT (Realistic Simulation),2025-10-18
Brazil,2022,Food Security Impact Score,3.2252680187846217,EM-DAT (Realistic Simulation),2025-10-18
Brazil,2023,Number of Disasters,1,EM-DAT (Realistic Simulation),2025-10-18
Brazil,2023,Total Affected (people),0,EM-DAT (Realistic Simulation),2025-10-18
Brazil,2023,Total Damages (USD millions),0,EM-DAT (Realistic Simulation),2025-10-18
Brazil,2023,Drought Events,1,EM-DAT (Realistic Simulation),2025-10-18
Brazil,2023,Flood Events,0,EM-DAT (Realistic Simulation),2025-10-18
Brazil,2023,Storm Events,1,EM-DAT (Realistic Simulation),2025-10-18
Brazil,2023,Food Security Impact Score,0.5096181611103812,EM-DAT (Realistic Simulation),2025-10-18
British Virgin Islands,2020,Number of Disasters,4,EM-DAT (Realistic Simulation),2025-10-18
British Virgin Islands,2020,Total Affected (people),94171.29091892988,EM-DAT (Realistic Simulation),2025-10-18
British Virgin Islands,2020,Total Damages (USD millions),0,EM-DAT (Realistic Simulation),2025-10-18
British Virgin Islands,2020,Drought Events,0,EM-DAT (Realistic Simulation),2025-10-18
British Virgin Islands,2020,Flood Events,0,EM-DAT (Realistic Simulation),2025-10-18
British Virgin Islands,2020,Storm Events,0,EM-DAT (Realistic Simulation),2025-10-18
British Virgin Islands,2020,Food Security Impact Score,4.528801201355378,EM-DAT (Realistic Simulation),2025-10-18
British Virgin Islands,2021,Number of Disasters,3,EM-DAT (Realistic Simulation),2025-10-18
British Virgin Islands,2021,Total Affected (people),143381.93750485947,EM-DAT (Realistic Simulation),2025-10-18
British Virgin Islands,2021,Total Damages (USD millions),419.30688341183037,EM-DAT (Realistic Simulation),2025-10-18
British Virgin Islands,2021,Drought Events,0,EM-DAT (Realistic Simulation),2025-10-18
British Virgin Islands,2021,Flood Events,0,EM-DAT (Realistic Simulation),2025-10-18
British Virgin Islands,2021,Storm Events,0,EM-DAT (Realistic Simulation),2025-10-18
British Virgin Islands,2021,Food Security Impact Score,5.312112127106653,EM-DAT (Realistic Simulation),2025-10-18
British Virgin Islands,2022,Number of Disasters,2,EM-DAT (Realistic Simulation),2025-10-18
British Virgin Islands,2022,Total Affected (people),0,EM-DAT (Realistic Simulation),2025-10-18
British Virgin Islands,2022,Total Damages (USD millions),547.606433369177,EM-DAT (Realistic Simulation),2025-10-18
British Virgin Islands,2022,Drought Events,0,EM-DAT (Realistic Simulation),2025-10-18
British Virgin Islands,2022,Flood Events,1,EM-DAT (Realistic Simulation),2025-10-18
British Virgin Islands,2022,Storm Events,0,EM-DAT (Realistic Simulation),2025-10-18
British Virgin Islands,2022,Food Security Impact Score,3.0522013936585717,EM-DAT (Realistic Simulation),2025-10-18
British Virgin Islands,2023,Number of Disasters,0,EM-DAT (Realistic Simulation),2025-10-18
British Virgin Islands,2023,Total Affected (people),140027.0143986544,EM-DAT (Realistic Simulation),2025-10-18
British Virgin Islands,2023,Total Damages (USD millions),76.77027937653621,EM-DAT (Realistic Simulation),2025-10-18
British Virgin Islands,2023,Drought Events,0,EM-DAT (Realistic Simulation),2025-10-18
British Virgin Islands,2023,Flood Events,1,EM-DAT (Realistic Simulation),2025-10-18
British Virgin Islands,2023,Storm Events,2,EM-DAT (Realistic Simulation),2025-10-18
British Virgin Islands,2023,Food Security Impact Score,3.8788935812186063,EM-DAT (Realistic Simulation),2025-10-18
Brunei Darussalam,2020,Number of Disasters,1,EM-DAT (Realistic Simulation),2025-10-18
Brunei Darussalam,2020,Total Affected (people),0,EM-DAT (Realistic Simulation),2025-10-18
Brunei Darussalam,2020,Total Damages (USD millions),44.72939488703755,EM-DAT (Realistic Simulation),2025-10-18
Brunei Darussalam,2020,Drought Events,0,EM-DAT (Realistic Simulation),2025-10-18
Brunei Darussalam,2020,Flood Events,1,EM-DAT (Realistic Simulation),2025-10-18
Brunei Darussalam,2020,Storm Events,1,EM-DAT (Realistic Simulation),2025-10-18
Brunei Darussalam,2020,Food Security Impact Score,0.45829074837169514,EM-DAT (Realistic Simulation),2025-10-18
Brunei Darussalam,2021,Number of Disasters,3,EM-DAT (Realistic Simulation),2025-10-18
Brunei Darussalam,2021,Total Affected (people),93411.84918902814,EM-DAT (Realistic Simulation),2025-10-18
Brunei Darussalam,2021,Total Damages (USD millions),0,EM-DAT (Realistic Simulation),2025-10-18
Brunei Darussalam,2021,Drought Events,1,EM-DAT (Realistic Simulation),2025-10-18
Brunei Darussalam,2021,Flood Events,2,EM-DAT (Realistic Simulation),2025-10-18
Brunei Darussalam,2021,Storm Events,1,EM-DAT (Realistic Simulation),2025-10-18
Brunei Darussalam,2021,Food Security Impact Score,3.957457178779086,EM-DAT (Realistic Simulation),2025-10-18
Brunei Darussalam,2022,Number of Disasters,2,EM-DAT (Realistic Simulation),2025-10-18
Brunei Darussalam,2022,Total Affected (people),0,EM-DAT (Realistic Simulation),2025-10-18
Brunei Darussalam,2022,Total Damages (USD millions),402.97152950546285,EM-DAT (Realistic Simulation),2025-10-18
Brunei Darussalam,2022,Drought Events,0,EM-DAT (Realistic Simulation),2025-10-18
Brunei Darussalam,2022,Flood Events,0,EM-DAT (Realistic Simulation),2025-10-18
Brunei Darussalam,2022,Storm Events,0,EM-DAT (Realistic Simulation),2025-10-18
Brunei Darussalam,2022,Food Security Impact Score,3.138154531657829,EM-DAT (Realistic Simulation),2025-10-18
Brunei Darussalam,2023,Number of Disasters,2,EM-DAT (Realistic Simulation),2025-10-18
Brunei Darussalam,2023,Total Affected (people),0,EM-DAT (Realistic Simulation),2025-10-18
Brunei Darussalam,2023,Total Damages (USD millions),1001.9897984238588,EM-DAT (Realistic Simulation),2025-10-18
Brunei Darussalam,2023,Drought Events,0,EM-DAT (Realistic Simulation),2025-10-18
Brunei Darussalam,2023,Flood Events,0,EM-DAT (Realistic Simulation),2025-10-18
Brunei Darussalam,2023,Storm Events,0,EM-DAT (Realistic Simulation),2025-10-18
Brunei Darussalam,2023,Food Security Impact Score,3.6562969262701914,EM-DAT (Realistic Simulation),2025-10-18
Bulgaria,2020,Number of Disasters,2,EM-DAT (Realistic Simulation),2025-10-18
Bulgaria,2020,Total Affected (people),0,EM-DAT (Realistic Simulation),2025-10-18
Bulgaria,2020,Total Damages (USD millions),0,EM-DAT (Realistic Simulation),2025-10-18
Bulgaria,2020,Drought Events,0,EM-DAT (Realistic Simulation),2025-10-18
Bulgaria,2020,Flood Events,1,EM-DAT (Realistic Simulation),2025-10-18
Bulgaria,2020,Storm Events,3,EM-DAT (Realistic Simulation),2025-10-18
Bulgaria,2020,Food Security Impact Score,2.995788019882638,EM-DAT (Realistic Simulation),2025-10-18
Bulgaria,2021,Number of Disasters,1,EM-DAT (Realistic Simulation),2025-10-18
Bulgaria,2021,Total Affected (people),58796.72560781852,EM-DAT (Realistic Simulation),2025-10-18
Bulgaria,2021,Total Damages (USD millions),194.20693418738398,EM-DAT (Realistic Simulation),2025-10-18
Bulgaria,2021,Drought Events,0,EM-DAT (Realistic Simulation),2025-10-18
Bulgaria,2021,Flood Events,0,EM-DAT (Realistic Simulation),2025-10-18
Bulgaria,2021,Storm Events,3,EM-DAT (Realistic Simulation),2025-10-18
Bulgaria,2021,Food Security Impact Score,3.231253597831527,EM-DAT (Realistic Simulation),2025-10-18
Bulgaria,2022,Number of Disasters,0,EM-DAT (Realistic Simulation),2025-10-18
Bulgaria,2022,Total Affected (people),61428.9083848453,EM-DAT (Realistic Simulation),2025-10-18
Bulgaria,2022,Total Damages (USD millions),0,EM-DAT (Realistic Simulation),2025-10-18
Bulgaria,2022,Drought Events,1,EM-DAT (Realistic Simulation),2025-10-18
Bulgaria,2022,Flood Events,1,EM-DAT (Realistic Simulation),2025-10-18
Bulgaria,2022,Storm Events,2,EM-DAT (Realistic Simulation),2025-10-18
Bulgaria,2022,Food Security Impact Score,3.829786706094965,EM-DAT (Realistic Simulation),2025-10-18
Bulgaria,2023,Number of Disasters,3,EM-DAT (Realistic Simulation),2025-10-18
Bulgaria,2023,Total Affected (people),31731.757736396117,EM-DAT (Realistic Simulation),2025-10-18
Bulgaria,2023,Total Damages (USD millions),454.19420193737204,EM-DAT (Realistic Simulation),2025-10-18
Bulgaria,2023,Drought Events,1,EM-DAT (Realistic Simulation),2025-10-18
Bulgaria,2023,Flood Events,0,EM-DAT (Realistic Simulation),2025-10-18
Bulgaria,2023,Storm Events,1,EM-DAT (Realistic Simulation),2025-10-18
Bulgaria,2023,Food Security Impact Score,2.012318748784061,EM-DAT (Realistic Simulation),2025-10-18
Burkina Faso,2020,Number of Disasters,1,EM-DAT (Realistic Simulation),2025-10-18
Burkina Faso,2020,Total Affected (people),0,EM-DAT (Realistic Simulation),2025-10-18
Burkina Faso,2020,Total Damages (USD millions),851.5121297026614,EM-DAT (Realistic Simulation),2025-10-18
Burkina Faso,2020,Drought Events,0,EM-DAT (Realistic Simulation),2025-10-18
Burkina Faso,2020,Flood Events,0,EM-DAT (Realistic Simulation),2025-10-18
Burkina Faso,2020,Storm Events,2,EM-DAT (Realistic Simulation),2025-10-18
Burkina Faso,2020,Food Security Impact Score,3.8410075319330232,EM-DAT (Realistic Simulation),2025-10-18
Burkina Faso,2021,Number of Disasters,1,EM-DAT (Realistic Simulation),2025-10-18
Burkina Faso,2021,Total Affected (people),236906.15532884747,EM-DAT (Realistic Simulation),2025-10-18
Burkina Faso,2021,Total Damages (USD millions),716.9903590064549,EM-DAT (Realistic Simulation),2025-10-18
Burkina Faso,2021,Drought Events,2,EM-DAT (Realistic Simulation),2025-10-18
Burkina Faso,2021,Flood Events,1,EM-DAT (Realistic Simulation),2025-10-18
Burkina Faso,2021,Storm Events,1,EM-DAT (Realistic Simulation),2025-10-18
Burkina Faso,2021,Food Security Impact Score,2.8770369930221404,EM-DAT (Realistic Simulation),2025-10-18
Burkina Faso,2022,Number of Disasters,4,EM-DAT (Realistic Simulation),2025-10-18
Burkina Faso,2022,Total Affected (people),71119.53331730908,EM-DAT (Realistic Simulation),2025-10-18
Burkina Faso,2022,Total Damages (USD millions),237.65862110640342,EM-DAT (Realistic Simulation),2025-10-18
Burkina Faso,2022,Drought Events,0,EM-DAT (Realistic Simulation),2025-10-18
Burkina Faso,2022,Flood Events,0,EM-DAT (Realistic Simulation),2025-10-18
Burkina Faso,2022,Storm Events,1,EM-DAT (Realistic Simulation),2025-10-18
Burkina Faso,2022,Food Security Impact Score,3.36607539931065,EM-DAT (Realistic Simulation),2025-10-18
Burkina Faso,2023,Number of Disasters,3,EM-DAT (Realistic Simulation),2025-10-18
Burkina Faso,2023,Total Affected (people),123064.64324418653,EM-DAT (Realistic Simulation),2025-10-18
Burkina Faso,2023,Total Damages (USD millions),949.6519705649849,EM-DAT (Realistic Simulation),2025-10-18
Burkina Faso,2023,Drought Events,2,EM-DAT (Realistic Simulation),2025-10-18
Burkina Faso,2023,Flood Events,1,EM-DAT (Realistic Simulation),2025-10-18
Burkina Faso,2023,Storm Events,0,EM-DAT (Realistic Simulation),2025-10-18
Burkina Faso,2023,Food Security Impact Score,2.364641911909156,EM-DAT (Realistic Simulation),2025-10-18
Burundi,2020,Number of Disasters,3,EM-DAT (Realistic Simulation),2025-10-18
Burundi,2020,Total Affected (people),63803.545446000426,EM-DAT (Realistic Simulation),2025-10-18
Burundi,2020,Total Damages (USD millions),430.65004236493405,EM-DAT (Realistic Simulation),2025-10-18
Burundi,2020,Drought Events,0,EM-DAT (Realistic Simulation),2025-10-18
Burundi,2020,Flood Events,1,EM-DAT (Realistic Simulation),2025-10-18
Burundi,2020,Storm Events,1,EM-DAT (Realistic Simulation),2025-10-18
Burundi,2020,Food Security Impact Score,1.1958960930627092,EM-DAT (Realistic Simulation),2025-10-18
Burundi,2021,Number of Disasters,1,EM-DAT (Realistic Simulation),2025-10-18
Burundi,2021,Total Affected (people),59535.48856435646,EM-DAT (Realistic Simulation),2025-10-18
Burundi,2021,Total Damages (USD millions),272.5129648340595,EM-DAT (Realistic Simulation),2025-10-18
Burundi,2021,Drought Events,0,EM-DAT (Realistic Simulation),2025-10-18
Burundi,2021,Flood Events,1,EM-DAT (Realistic Simulation),2025-10-18
Burundi,2021,Storm Events,0,EM-DAT (Realistic Simulation),2025-10-18
Burundi,2021,Food Security Impact Score,7.1141938740695405,EM-DAT (Realistic Simulation),2025-10-18
Burundi,2022,Number of Disasters,1,EM-DAT (Realistic Simulation),2025-10-18
Burundi,2022,Total Affected (people),0,EM-DAT (Realistic Simulation),2025-10-18
Burundi,2022,Total Damages (USD millions),174.24058293458629,EM-DAT (Realistic Simulation),2025-10-18
Burundi,2022,Drought Events,0,EM-DAT (Realistic Simulation),2025-10-18
Burundi,2022,Flood Events,0,EM-DAT (Realistic Simulation),2025-10-18
Burundi,2022,Storm Events,0,EM-DAT (Realistic Simulation),2025-10-18
Burundi,2022,Food Security Impact Score,5.773363855628675,EM-DAT (Realistic Simulation),2025-10-18
Burundi,2023,Number of Disasters,5,EM-DAT (Realistic Simulation),2025-10-18
Burundi,2023,Total Affected (people),119496.13129584251,EM-DAT (Realistic Simulation),2025-10-18
Burundi,2023,Total Damages (USD millions),0,EM-DAT (Realistic Simulation),2025-10-18
Burundi,2023,Drought Events,0,EM-DAT (Realistic Simulation),2025-10-18
Burundi,2023,Flood Events,0,EM-DAT (Realistic Simulation),2025-10-18
Burundi,2023,Storm Events,0,EM-DAT (Realistic Simulation),2025-10-18
Burundi,2023,Food Security Impact Score,1.0868562797820442,EM-DAT (Realistic Simulation),2025-10-18
Cabo Verde,2020,Number of Disasters,2,EM-DAT (Realistic Simulation),2025-10-18
Cabo Verde,2020,Total Affected (people),419.16223680088297,EM-DAT (Realistic Simulation),2025-10-18
Cabo Verde,2020,Total Damages (USD millions),151.55732314550792,EM-DAT (Realistic Simulation),2025-10-18
Cabo Verde,2020,Drought Events,1,EM-DAT (Realistic Simulation),2025-10-18
Cabo Verde,2020,Flood Events,2,EM-DAT (Realistic Simulation),2025-10-18
Cabo Verde,2020,Storm Events,2,EM-DAT (Realistic Simulation),2025-10-18
Cabo Verde,2020,Food Security Impact Score,1.3072748159762206,EM-DAT (Realistic Simulation),2025-10-18
Cabo Verde,2021,Number of Disasters,2,EM-DAT (Realistic Simulation),2025-10-18
Cabo Verde,2021,Total Affected (people),35375.61405717732,EM-DAT (Realistic Simulation),2025-10-18
Cabo Verde,2021,Total Damages (USD millions),0,EM-DAT (Realistic Simulation),2025-10-18
Cabo Verde,2021,Drought Events,0,EM-DAT (Realistic Simulation),2025-10-18
Cabo Verde,2021,Flood Events,0,EM-DAT (Realistic Simulation),2025-10-18
Cabo Verde,2021,Storm Events,0,EM-DAT (Realistic Simulation),2025-10-18
Cabo Verde,2021,Food Security Impact Score,4.908536814538235,EM-DAT (Realistic Simulation),2025-10-18
Cabo Verde,2022,Number of Disasters,0,EM-DAT (Realistic Simulation),2025-10-18
Cabo Verde,2022,Total Affected (people),5729.873761952505,EM-DAT (Realistic Simulation),2025-10-18
Cabo Verde,2022,Total Damages (USD millions),0,EM-DAT (Realistic Simulation),2025-10-18
Cabo Verde,2022,Drought Events,0,EM-DAT (Realistic Simulation),2025-10-18
Cabo Verde,2022,Flood Events,1,EM-DAT (Realistic Simulation),2025-10-18
Cabo Verde,2022,Storm Events,0,EM-DAT (Realistic Simulation),2025-10-18
Cabo Verde,2022,Food Security Impact Score,0,EM-DAT (Realistic Simulation),2025-10-18
Cabo Verde,2023,Number of Disasters,1,EM-DAT (Realistic Simulation),2025-10-18
Cabo Verde,2023,Total Affected (people),181160.03707436097,EM-DAT (Realistic Simulation),2025-10-18
Cabo Verde,2023,Total Damages (USD millions),223.75905700561123,EM-DAT (Realistic Simulation),2025-10-18
Cabo Verde,2023,Drought Events,2,EM-DAT (Realistic Simulation),2025-10-18
Cabo Verde,2023,Flood Events,2,EM-DAT (Realistic Simulation),2025-10-18
Cabo Verde,2023,Storm Events,1,EM-DAT (Realistic Simulation),2025-10-18
Cabo Verde,2023,Food Security Impact Score,2.5367582021491275,EM-DAT (Realistic Simulation),2025-10-18
Cambodia,2020,Number of Disasters,1,EM-DAT (Realistic Simulation),2025-10-18
Cambodia,2020,Total Affected (people),0,EM-DAT (Realistic Simulation),2025-10-18
Cambodia,2020,Total Damages (USD millions),0,EM-DAT (Realistic Simulation),2025-10-18
Cambodia,2020,Drought Events,0,EM-DAT (Realistic Simulation),2025-10-18
Cambodia,2020,Flood Events,0,EM-DAT (Realistic Simulation),2025-10-18
Cambodia,2020,Storm Events,0,EM-DAT (Realistic Simulation),2025-10-18
Cambodia,2020,Food Security Impact Score,1.0967902316775722,EM-DAT (Realistic Simulation),2025-10-18
Cambodia,2021,Number of Disasters,1,EM-DAT (Realistic Simulation),2025-10-18
Cambodia,2021,Total Affected (people),34074.3572286763,EM-DAT (Realistic Simulation),2025-10-18
Cambodia,2021,Total Damages (USD millions),234.15196691203354,EM-DAT (Realistic Simulation),2025-10-18
Cambodia,2021,Drought Events,0,EM-DAT (Realistic Simulation),2025-10-18
Cambodia,2021,Flood Events,1,EM-DAT (Realistic Simulation),2025-10-18
Cambodia,2021,Storm Events,0,EM-DAT (Realistic Simulation),2025-10-18
Cambodia,2021,Food Security Impact Score,4.789469656784603,EM-DAT (Realistic Simulation),2025-10-18
Cambodia,2022,Number of Disasters,2,EM-DAT (Realistic Simulation),2025-10-18
Cambodia,2022,Total Affected (people),48382.6647250959,EM-DAT (Realistic Simulation),2025-10-18
Cambodia,2022,Total Damages (USD millions),248.2610136005768,EM-DAT (Realistic Simulation),2025-10-18
Cambodia,2022,Drought Events,3,EM-DAT (Realistic Simulation),2025-10-18
Cambodia,2022,Flood Events,0,EM-DAT (Realistic Simulation),2025-10-18
Cambodia,2022,Storm Events,2,EM-DAT (Realistic Simulation),2025-10-18
Cambodia,2022,Food Security Impact Score,0,EM-DAT (Realistic Simulation),2025-10-18
Cambodia,2023,Number of Disasters,2,EM-DAT (Realistic Simulation),2025-10-18
Cambodia,2023,Total Affected (people),351748.5337830297,EM-DAT (Realistic Simulation),2025-10-18
Cambodia,2023,Total Damages (USD millions),625.9538580142383,EM-DAT (Realistic Simulation),2025-10-18
Cambodia,2023,Drought Events,1,EM-DAT (Realistic Simulation),2025-10-18
Cambodia,2023,Flood Events,4,EM-DAT (Realistic Simulation),2025-10-18
Cambodia,2023,Storm Events,2,EM-DAT (Realistic Simulation),2025-10-18
Cambodia,2023,Food Security Impact Score,0.9065343747497567,EM-DAT (Realistic Simulation),2025-10-18
Cameroon,2020,Number of Disasters,1,EM-DAT (Realistic Simulation),2025-10-18
Cameroon,2020,Total Affected (people),54514.132609779124,EM-DAT (Realistic Simulation),2025-10-18
Cameroon,2020,Total Damages (USD millions),527.1212053556792,EM-DAT (Realistic Simulation),2025-10-18
Cameroon,2020,Drought Events,1,EM-DAT (Realistic Simulation),2025-10-18
Cameroon,2020,Flood Events,1,EM-DAT (Realistic Simulation),2025-10-18
Cameroon,2020,Storm Events,1,EM-DAT (Realistic Simulation),2025-10-18
Cameroon,2020,Food Security Impact Score,2.85070687482664,EM-DAT (Realistic Simulation),2025-10-18
Cameroon,2021,Number of Disasters,3,EM-DAT (Realistic Simulation),2025-10-18
Cameroon,2021,Total Affected (people),114343.04234041578,EM-DAT (Realistic Simulation),2025-10-18
Cameroon,2021,Total Damages (USD millions),418.9224522417186,EM-DAT (Realistic Simulation),2025-10-18
Cameroon,2021,Drought Events,0,EM-DAT (Realistic Simulation),2025-10-18
Cameroon,2021,Flood Events,2,EM-DAT (Realistic Simulation),2025-10-18
Cameroon,2021,Storm Events,0,EM-DAT (Realistic Simulation),2025-10-18
Cameroon,2021,Food Security Impact Score,1.6051569319406005,EM-DAT (Realistic Simulation),2025-10-18
Cameroon,2022,Number of Disasters,1,EM-DAT (Realistic Simulation),2025-10-18
Cameroon,2022,Total Affected (people),74560.90120646759,EM-DAT (Realistic Simulation),2025-10-18
Cameroon,2022,Total Damages (USD millions),0,EM-DAT (Realistic Simulation),2025-10-18
Cameroon,2022,Drought Events,0,EM-DAT (Realistic Simulation),2025-10-18
Cameroon,2022,Flood Events,0,EM-DAT (Realistic Simulation),2025-10-18
Cameroon,2022,Storm Events,2,EM-DAT (Realistic Simulation),2025-10-18
Cameroon,2022,Food Security Impact Score,3.6128957089431486,EM-DAT (Realistic Simulation),2025-10-18
Cameroon,2023,Number of Disasters,1,EM-DAT (Realistic Simulation),2025-10-18
Cameroon,2023,Total Affected (people),0,EM-DAT (Realistic Simulation),2025-10-18
Cameroon,2023,Total Damages (USD millions),58.455031014237846,EM-DAT (Realistic Simulation),2025-10-18
Cameroon,2023,Drought Events,0,EM-DAT (Realistic Simulation),2025-10-18
Cameroon,2023,Flood Events,0,EM-DAT (Realistic Simulation),2025-10-18
Cameroon,2023,Storm Events,3,EM-DAT (Realistic Simulation),2025-10-18
Cameroon,2023,Food Security Impact Score,2.5767082169143407,EM-DAT (Realistic Simulation),2025-10-18
Canada,2020,Number of Disasters,0,EM-DAT (Realistic Simulation),2025-10-18
Canada,2020,Total Affected (people),87330.5921718036,EM-DAT (Realistic Simulation),2025-10-18
Canada,2020,Total Damages (USD millions),654.1291171322247,EM-DAT (Realistic Simulation),2025-10-18
Canada,2020,Drought Events,0,EM-DAT (Realistic Simulation),2025-10-18
Canada,2020,Flood Events,1,EM-DAT (Realistic Simulation),2025-10-18
Canada,2020,Storm Events,0,EM-DAT (Realistic Simulation),2025-10-18
Canada,2020,Food Security Impact Score,1.2468359428522742,EM-DAT (Realistic Simulation),2025-10-18
Canada,2021,Number of Disasters,2,EM-DAT (Realistic Simulation),2025-10-18
Canada,2021,Total Affected (people),113973.19351429498,EM-DAT (Realistic Simulation),2025-10-18
Canada,2021,Total Damages (USD millions),0,EM-DAT (Realistic Simulation),2025-10-18
Canada,2021,Drought Events,0,EM-DAT (Realistic Simulation),2025-10-18
Canada,2021,Flood Events,0,EM-DAT (Realistic Simulation),2025-10-18
Canada,2021,Storm Events,2,EM-DAT (Realistic Simulation),2025-10-18
Canada,2021,Food Security Impact Score,2.880119427437094,EM-DAT (Realistic Simulation),2025-10-18
Canada,2022,Number of Disasters,2,EM-DAT (Realistic Simulation),2025-10-18
Canada,2022,Total Affected (people),0,EM-DAT (Realistic Simulation),2025-10-18
Canada,2022,Total Damages (USD millions),608.8746576990434,EM-DAT (Realistic Simulation),2025-10-18
Canada,2022,Drought Events,0,EM-DAT (Realistic Simulation),2025-10-18
Canada,2022,Flood Events,1,EM-DAT (Realistic Simulation),2025-10-18
Canada,2022,Storm Events,0,EM-DAT (Realistic Simulation),2025-10-18
Canada,2022,Food Security Impact Score,6.658719663924649,EM-DAT (Realistic Simulation),2025-10-18
Canada,2023,Number of Disasters,1,EM-DAT (Realistic Simulation),2025-10-18
Canada,2023,Total Affected (people),81021.93121883356,EM-DAT (Realistic Simulation),2025-10-18
Canada,2023,Total Damages (USD millions),0,EM-DAT (Realistic Simulation),2025-10-18
Canada,2023,Drought Events,0,EM-DAT (Realistic Simulation),2025-10-18
Canada,2023,Flood Events,1,EM-DAT (Realistic Simulation),2025-10-18
Canada,2023,Storm Events,2,EM-DAT (Realistic Simulation),2025-10-18
Canada,2023,Food Security Impact Score,4.982896271263376,EM-DAT (Realistic Simulation),2025-10-18
Caribbean small states,2020,Number of Disasters,3,EM-DAT (Realistic Simulation),2025-10-18
Caribbean small states,2020,Total Affected (people),90541.401785089,EM-DAT (Realistic Simulation),2025-10-18
Caribbean small states,2020,Total Damages (USD millions),344.38021123754356,EM-DAT (Realistic Simulation),2025-10-18
Caribbean small states,2020,Drought Events,0,EM-DAT (Realistic Simulation),2025-10-18
Caribbean small states,2020,Flood Events,0,EM-DAT (Realistic Simulation),2025-10-18
Caribbean small states,2020,Storm Events,0,EM-DAT (Realistic Simulation),2025-10-18
Caribbean small states,2020,Food Security Impact Score,5.501443570541133,EM-DAT (Realistic Simulation),2025-10-18
Caribbean small states,2021,Number of Disasters,2,EM-DAT (Realistic Simulation),2025-10-18
Caribbean small states,2021,Total Affected (people),0,EM-DAT (Realistic Simulation),2025-10-18
Caribbean small states,2021,Total Damages (USD millions),973.4821542637443,EM-DAT (Realistic Simulation),2025-10-18
Caribbean small states,2021,Drought Events,0,EM-DAT (Realistic Simulation),2025-10-18
Caribbean small states,2021,Flood Events,2,EM-DAT (Realistic Simulation),2025-10-18
Caribbean small states,2021,Storm Events,1,EM-DAT (Realistic Simulation),2025-10-18
Caribbean small states,2021,Food Security Impact Score,1.9632945478869903,EM-DAT (Realistic Simulation),2025-10-18
Caribbean small states,2022,Number of Disasters,2,EM-DAT (Realistic Simulation),2025-10-18
Caribbean small states,2022,Total Affected (people),62708.13977025822,EM-DAT (Realistic Simulation),2025-10-18
Caribbean small states,2022,Total Damages (USD millions),572.8345995755706,EM-DAT (Realistic Simulation),2025-10-18
Caribbean small states,2022,Drought Events,0,EM-DAT (Realistic Simulation),2025-10-18
Caribbean small states,2022,Flood Events,1,EM-DAT (Realistic Simulation),2025-10-18
Caribbean small states,2022,Storm Events,0,EM-DAT (Realistic Simulation),2025-10-18
Caribbean small states,2022,Food Security Impact Score,3.1879290874775004,EM-DAT (Realistic Simulation),2025-10-18
Caribbean small states,2023,Number of Disasters,3,EM-DAT (Realistic Simulation),2025-10-18
Caribbean small states,2023,Total Affected (people),0,EM-DAT (Realistic Simulation),2025-10-18
Caribbean small states,2023,Total Damages (USD millions),389.35260162198017,EM-DAT (Realistic Simulation),2025-10-18
Caribbean small states,2023,Drought Events,1,EM-DAT (Realistic Simulation),2025-10-18
Caribbean small states,2023,Flood Events,2,EM-DAT (Realistic Simulation),2025-10-18
Caribbean small states,2023,Storm Events,3,EM-DAT (Realistic Simulation),2025-10-18
Caribbean small states,2023,Food Security Impact Score,1.7785525118097743,EM-DAT (Realistic Simulation),2025-10-18
Cayman Islands,2020,Number of Disasters,4,EM-DAT (Realistic Simulation),2025-10-18
Cayman Islands,2020,Total Affected (people),152784.84192636522,EM-DAT (Realistic Simulation),2025-10-18
Cayman Islands,2020,Total Damages (USD millions),0,EM-DAT (Realistic Simulation),2025-10-18
Cayman Islands,2020,Drought Events,0,EM-DAT (Realistic Simulation),2025-10-18
Cayman Islands,2020,Flood Events,2,EM-DAT (Realistic Simulation),2025-10-18
Cayman Islands,2020,Storm Events,0,EM-DAT (Realistic Simulation),2025-10-18
Cayman Islands,2020,Food Security Impact Score,0.4547456162810466,EM-DAT (Realistic Simulation),2025-10-18
Cayman Islands,2021,Number of Disasters,1,EM-DAT (Realistic Simulation),2025-10-18
Cayman Islands,2021,Total Affected (people),100641.2797955446,EM-DAT (Realistic Simulation),2025-10-18
Cayman Islands,2021,Total Damages (USD millions),1252.9339947994752,EM-DAT (Realistic Simulation),2025-10-18
Cayman Islands,2021,Drought Events,0,EM-DAT (Realistic Simulation),2025-10-18
Cayman Islands,2021,Flood Events,0,EM-DAT (Realistic Simulation),2025-10-18
Cayman Islands,2021,Storm Events,1,EM-DAT (Realistic Simulation),2025-10-18
Cayman Islands,2021,Food Security Impact Score,5.555688609426369,EM-DAT (Realistic Simulation),2025-10-18
Cayman Islands,2022,Number of Disasters,1,EM-DAT (Realistic Simulation),2025-10-18
Cayman Islands,2022,Total Affected (people),0,EM-DAT (Realistic Simulation),2025-10-18
Cayman Islands,2022,Total Damages (USD millions),0,EM-DAT (Realistic Simulation),2025-10-18
Cayman Islands,2022,Drought Events,0,EM-DAT (Realistic Simulation),2025-10-18
Cayman Islands,2022,Flood Events,1,EM-DAT (Realistic Simulation),2025-10-18
Cayman Islands,2022,Storm Events,1,EM-DAT (Realistic Simulation),2025-10-18
Cayman Islands,2022,Food Security Impact Score,2.4521813867647904,EM-DAT (Realistic Simulation),2025-10-18
Cayman Islands,2023,Number of Disasters,2,EM-DAT (Realistic Simulation),2025-10-18
Cayman Islands,2023,Total Affected (people),281081.1056305991,EM-DAT (Realistic Simulation),2025-10-18
Cayman Islands,2023,Total Damages (USD millions),181.66680390496947,EM-DAT (Realistic Simulation),2025-10-18
Cayman Islands,2023,Drought Events,1,EM-DAT (Realistic Simulation),2025-10-18
Cayman Islands,2023,Flood Events,2,EM-DAT (Realistic Simulation),2025-10-18
Cayman Islands,2023,Storm Events,0,EM-DAT (Realistic Simulation),2025-10-18
Cayman Islands,2023,Food Security Impact Score,6.499653659009866,EM-DAT (Realistic Simulation),2025-10-18
Central African Republic,2020,Number of Disasters,1,EM-DAT (Realistic Simulation),2025-10-18
Central African Republic,2020,Total Affected (people),0,EM-DAT (Realistic Simulation),2025-10-18
Central African Republic,2020,Total Damages (USD millions),223.90476023160176,EM-DAT (Realistic Simulation),2025-10-18
Central African Republic,2020,Drought Events,0,EM-DAT (Realistic Simulation),2025-10-18
Central African Republic,2020,Flood Events,1,EM-DAT (Realistic Simulation),2025-10-18
Central African Republic,2020,Storm Events,1,EM-DAT (Realistic Simulation),2025-10-18
Central African Republic,2020,Food Security Impact Score,3.0507904245274227,EM-DAT (Realistic Simulation),2025-10-18
Central African Republic,2021,Number of Disasters,2,EM-DAT (Realistic Simulation),2025-10-18
Central African Republic,2021,Total Affected (people),0,EM-DAT (Realistic Simulation),2025-10-18
Central African Republic,2021,Total Damages (USD millions),244.1939045934031,EM-DAT (Realistic Simulation),2025-10-18
Central African Republic,2021,Drought Events,0,EM-DAT (Realistic Simulation),2025-10-18
Central African Republic,2021,Flood Events,0,EM-DAT (Realistic Simulation),2025-10-18
Central African Republic,2021,Storm Events,4,EM-DAT (Realistic Simulation),2025-10-18
Central African Republic,2021,Food Security Impact Score,0.05769859461830995,EM-DAT (Realistic Simulation),2025-10-18
Central African Republic,2022,Number of Disasters,1,EM-DAT (Realistic Simulation),2025-10-18
Central African Republic,2022,Total Affected (people),0,EM-DAT (Realistic Simulation),2025-10-18
Central African Republic,2022,Total Damages (USD millions),489.2916864242572,EM-DAT (Realistic Simulation),2025-10-18
Central African Republic,2022,Drought Events,0,EM-DAT (Realistic Simulation),2025-10-18
Central African Republic,2022,Flood Events,1,EM-DAT (Realistic Simulation),2025-10-18
Central African Republic,2022,Storm Events,0,EM-DAT (Realistic Simulation),2025-10-18
Central African Republic,2022,Food Security Impact Score,0,EM-DAT (Realistic Simulation),2025-10-18
Central African Republic,2023,Number of Disasters,1,EM-DAT (Realistic Simulation),2025-10-18
Central African Republic,2023,Total Affected (people),227452.85353570926,EM-DAT (Realistic Simulation),2025-10-18
Central African Republic,2023,Total Damages (USD millions),980.1492382190233,EM-DAT (Realistic Simulation),2025-10-18
Central African Republic,2023,Drought Events,1,EM-DAT (Realistic Simulation),2025-10-18
Central African Republic,2023,Flood Events,0,EM-DAT (Realistic Simulation),2025-10-18
Central African Republic,2023,Storm Events,0,EM-DAT (Realistic Simulation),2025-10-18
Central African Republic,2023,Food Security Impact Score,2.996036086797205,EM-DAT (Realistic Simulation),2025-10-18
Central Europe and the Baltics,2020,Number of Disasters,3,EM-DAT (Realistic Simulation),2025-10-18
Central Europe and the Baltics,2020,Total Affected (people),215240.2389973079,EM-DAT (Realistic Simulation),2025-10-18
Central Europe and the Baltics,2020,Total Damages (USD millions),366.1223180497337,EM-DAT (Realistic Simulation),2025-10-18
Central Europe and the Baltics,2020,Drought Events,1,EM-DAT (Realistic Simulation),2025-10-18
Central Europe and the Baltics,2020,Flood Events,2,EM-DAT (Realistic Simulation),2025-10-18
Central Europe and the Baltics,2020,Storm Events,0,EM-DAT (Realistic Simulation),2025-10-18
Central Europe and the Baltics,2020,Food Security Impact Score,0.8809494892056109,EM-DAT (Realistic Simulation),2025-10-18
Central Europe and the Baltics,2021,Number of Disasters,1,EM-DAT (Realistic Simulation),2025-10-18
Central Europe and the Baltics,2021,Total Affected (people),56003.208330008456,EM-DAT (Realistic Simulation),2025-10-18
Central Europe and the Baltics,2021,Total Damages (USD millions),1030.3407496081365,EM-DAT (Realistic Simulation),2025-10-18
Central Europe and the Baltics,2021,Drought Events,1,EM-DAT (Realistic Simulation),2025-10-18
Central Europe and the Baltics,2021,Flood Events,3,EM-DAT (Realistic Simulation),2025-10-18
Central Europe and the Baltics,2021,Storm Events,1,EM-DAT (Realistic Simulation),2025-10-18
Central Europe and the Baltics,2021,Food Security Impact Score,2.5408781410103165,EM-DAT (Realistic Simulation),2025-10-18
Central Europe and the Baltics,2022,Number of Disasters,3,EM-DAT (Realistic Simulation),2025-10-18
Central Europe and the Baltics,2022,Total Affected (people),87984.10373411875,EM-DAT (Realistic Simulation),2025-10-18
Central Europe and the Baltics,2022,Total Damages (USD millions),421.27919646996656,EM-DAT (Realistic Simulation),2025-10-18
Central Europe and the Baltics,2022,Drought Events,2,EM-DAT (Realistic Simulation),2025-10-18
Central Europe and the Baltics,2022,Flood Events,3,EM-DAT (Realistic Simulation),2025-10-18
Central Europe and the Baltics,2022,Storm Events,0,EM-DAT (Realistic Simulation),2025-10-18
Central Europe and the Baltics,2022,Food Security Impact Score,2.0782534891444544,EM-DAT (Realistic Simulation),2025-10-18
Central Europe and the Baltics,2023,Number of Disasters,4,EM-DAT (Realistic Simulation),2025-10-18
Central Europe and the Baltics,2023,Total Affected (people),88394.546236233,EM-DAT (Realistic Simulation),2025-10-18
Central Europe and the Baltics,2023,Total Damages (USD millions),0,EM-DAT (Realistic Simulation),2025-10-18
Central Europe and the Baltics,2023,Drought Events,0,EM-DAT (Realistic Simulation),2025-10-18
Central Europe and the Baltics,2023,Flood Events,3,EM-DAT (Realistic Simulation),2025-10-18
Central Europe and the Baltics,2023,Storm Events,0,EM-DAT (Realistic Simulation),2025-10-18
Central Europe and the Baltics,2023,Food Security Impact Score,1.4629122970967916,EM-DAT (Realistic Simulation),2025-10-18
Chad,2020,Number of Disasters,2,EM-DAT (Realistic Simulation),2025-10-18
Chad,2020,Total Affected (people),124703.90033499642,EM-DAT (Realistic Simulation),2025-10-18
Chad,2020,Total Damages (USD millions),337.5873278947623,EM-DAT (Realistic Simulation),2025-10-18
Chad,2020,Drought Events,0,EM-DAT (Realistic Simulation),2025-10-18
Chad,2020,Flood Events,3,EM-DAT (Realistic Simulation),2025-10-18
Chad,2020,Storm Events,1,EM-DAT (Realistic Simulation),2025-10-18
Chad,2020,Food Security Impact Score,5.181604447149972,EM-DAT (Realistic Simulation),2025-10-18
Chad,2021,Number of Disasters,3,EM-DAT (Realistic Simulation),2025-10-18
Chad,2021,Total Affected (people),0,EM-DAT (Realistic Simulation),2025-10-18
Chad,2021,Total Damages (USD millions),0,EM-DAT (Realistic Simulation),2025-10-18
Chad,2021,Drought Events,0,EM-DAT (Realistic Simulation),2025-10-18
Chad,2021,Flood Events,1,EM-DAT (Realistic Simulation),2025-10-18
Chad,2021,Storm Events,0,EM-DAT (Realistic Simulation),2025-10-18
Chad,2021,Food Security Impact Score,1.994246404617091,EM-DAT (Realistic Simulation),2025-10-18
Chad,2022,Number of Disasters,1,EM-DAT (Realistic Simulation),2025-10-18
Chad,2022,Total Affected (people),173791.59585419984,EM-DAT (Realistic Simulation),2025-10-18
Chad,2022,Total Damages (USD millions),3.016716000160926,EM-DAT (Realistic Simulation),2025-10-18
Chad,2022,Drought Events,0,EM-DAT (Realistic Simulation),2025-10-18
Chad,2022,Flood Events,0,EM-DAT (Realistic Simulation),2025-10-18
Chad,2022,Storm Events,1,EM-DAT (Realistic Simulation),2025-10-18
Chad,2022,Food Security Impact Score,3.192169136340396,EM-DAT (Realistic Simulation),2025-10-18
Chad,2023,Number of Disasters,1,EM-DAT (Realistic Simulation),2025-10-18
Chad,2023,Total Affected (people),151240.81534575584,EM-DAT (Realistic Simulation),2025-10-18
Chad,2023,Total Damages (USD millions),45.205140867489135,EM-DAT (Realistic Simulation),2025-10-18
Chad,2023,Drought Events,0,EM-DAT (Realistic Simulation),2025-10-18
Chad,2023,Flood Events,1,EM-DAT (Realistic Simulation),2025-10-18
Chad,2023,Storm Events,0,EM-DAT (Realistic Simulation),2025-10-18
Chad,2023,Food Security Impact Score,1.7517021286689196,EM-DAT (Realistic Simulation),2025-10-18
Channel Islands,2020,Number of Disasters,1,EM-DAT (Realistic Simulation),2025-10-18
Channel Islands,2020,Total Affected (people),85012.88683420501,EM-DAT (Realistic Simulation),2025-10-18
Channel Islands,2020,Total Damages (USD millions),441.01798340092296,EM-DAT (Realistic Simulation),2025-10-18
Channel Islands,2020,Drought Events,0,EM-DAT (Realistic Simulation),2025-10-18
Channel Islands,2020,Flood Events,1,EM-DAT (Realistic Simulation),2025-10-18
Channel Islands,2020,Storm Events,1,EM-DAT (Realistic Simulation),2025-10-18
Channel Islands,2020,Food Security Impact Score,3.2924061375829314,EM-DAT (Realistic Simulation),2025-10-18
Channel Islands,2021,Number of Disasters,5,EM-DAT (Realistic Simulation),2025-10-18
Channel Islands,2021,Total Affected (people),65293.87172948046,EM-DAT (Realistic Simulation),2025-10-18
Channel Islands,2021,Total Damages (USD millions),34.58876313255848,EM-DAT (Realistic Simulation),2025-10-18
Channel Islands,2021,Drought Events,0,EM-DAT (Realistic Simulation),2025-10-18
Channel Islands,2021,Flood Events,0,EM-DAT (Realistic Simulation),2025-10-18
Channel Islands,2021,Storm Events,0,EM-DAT (Realistic Simulation),2025-10-18
Channel Islands,2021,Food Security Impact Score,4.676656864377182,EM-DAT (Realistic Simulation),2025-10-18
Channel Islands,2022,Number of Disasters,5,EM-DAT (Realistic Simulation),2025-10-18
Channel Islands,2022,Total Affected (people),18623.31595334201,EM-DAT (Realistic Simulation),2025-10-18
Channel Islands,2022,Total Damages (USD millions),447.69525536179685,EM-DAT (Realistic Simulation),2025-10-18
Channel Islands,2022,Drought Events,1,EM-DAT (Realistic Simulation),2025-10-18
Channel Islands,2022,Flood Events,1,EM-DAT (Realistic Simulation),2025-10-18
Channel Islands,2022,Storm Events,1,EM-DAT (Realistic Simulation),2025-10-18
Channel Islands,2022,Food Security Impact Score,2.2574645971400233,EM-DAT (Realistic Simulation),2025-10-18
Channel Islands,2023,Number of Disasters,1,EM-DAT (Realistic Simulation),2025-10-18
Channel Islands,2023,Total Affected (people),0,EM-DAT (Realistic Simulation),2025-10-18
Channel Islands,2023,Total Damages (USD millions),0,EM-DAT (Realistic Simulation),2025-10-18
Channel Islands,2023,Drought Events,0,EM-DAT (Realistic Simulation),2025-10-18
Channel Islands,2023,Flood Events,1,EM-DAT (Realistic Simulation),2025-10-18
Channel Islands,2023,Storm Events,2,EM-DAT (Realistic Simulation),2025-10-18
Channel Islands,2023,Food Security Impact Score,0.5593430882599342,EM-DAT (Realistic Simulation),2025-10-18
Chile,2020,Number of Disasters,2,EM-DAT (Realistic Simulation),2025-10-18
Chile,2020,Total Affected (people),106751.74993992466,EM-DAT (Realistic Simulation),2025-10-18
Chile,2020,Total Damages (USD millions),0,EM-DAT (Realistic Simulation),2025-10-18
Chile,2020,Drought Events,1,EM-DAT (Realistic Simulation),2025-10-18
Chile,2020,Flood Events,1,EM-DAT (Realistic Simulation),2025-10-18
Chile,2020,Storm Events,1,EM-DAT (Realistic Simulation),2025-10-18
Chile,2020,Food Security Impact Score,1.038863719002699,EM-DAT (Realistic Simulation),2025-10-18
Chile,2021,Number of Disasters,1,EM-DAT (Realistic Simulation),2025-10-18
Chile,2021,Total Affected (people),43690.12509035729,EM-DAT (Realistic Simulation),2025-10-18
Chile,2021,Total Damages (USD millions),402.6313769747953,EM-DAT (Realistic Simulation),2025-10-18
Chile,2021,Drought Events,0,EM-DAT (Realistic Simulation),2025-10-18
Chile,2021,Flood Events,1,EM-DAT (Realistic Simulation),2025-10-18
Chile,2021,Storm Events,0,EM-DAT (Realistic Simulation),2025-10-18
Chile,2021,Food Security Impact Score,3.941815267727562,EM-DAT (Realistic Simulation),2025-10-18
Chile,2022,Number of Disasters,2,EM-DAT (Realistic Simulation),2025-10-18
Chile,2022,Total Affected (people),0,EM-DAT (Realistic Simulation),2025-10-18
Chile,2022,Total Damages (USD millions),526.9246321298881,EM-DAT (Realistic Simulation),2025-10-18
Chile,2022,Drought Events,0,EM-DAT (Realistic Simulation),2025-10-18
Chile,2022,Flood Events,0,EM-DAT (Realistic Simulation),2025-10-18
Chile,2022,Storm Events,3,EM-DAT (Realistic Simulation),2025-10-18
Chile,2022,Food Security Impact Score,4.637225374480405,EM-DAT (Realistic Simulation),2025-10-18
Chile,2023,Number of Disasters,2,EM-DAT (Realistic Simulation),2025-10-18
Chile,2023,Total Affected (people),197140.4695672319,EM-DAT (Realistic Simulation),2025-10-18
Chile,2023,Total Damages (USD millions),369.427884290361,EM-DAT (Realistic Simulation),2025-10-18
Chile,2023,Drought Events,0,EM-DAT (Realistic Simulation),2025-10-18
Chile,2023,Flood Events,0,EM-DAT (Realistic Simulation),2025-10-18
Chile,2023,Storm Events,0,EM-DAT (Realistic Simulation),2025-10-18
Chile,2023,Food Security Impact Score,5.275787920413485,EM-DAT (Realistic Simulation),2025-10-18
China,2020,Number of Disasters,2,EM-DAT (Realistic Simulation),2025-10-18
China,2020,Total Affected (people),264656.26352870907,EM-DAT (Realistic Simulation),2025-10-18
China,2020,Total Damages (USD millions),0,EM-DAT (Realistic Simulation),2025-10-18
China,2020,Drought Events,0,EM-DAT (Realistic Simulation),2025-10-18
China,2020,Flood Events,1,EM-DAT (Realistic Simulation),2025-10-18
China,2020,Storm Events,1,EM-DAT (Realistic Simulation),2025-10-18
China,2020,Food Security Impact Score,0.5399821491344308,EM-DAT (Realistic Simulation),2025-10-18
China,2021,Number of Disasters,6,EM-DAT (Realistic Simulation),2025-10-18
China,2021,Total Affected (people),0,EM-DAT (Realistic Simulation),2025-10-18
China,2021,Total Damages (USD millions),0,EM-DAT (Realistic Simulation),2025-10-18
China,2021,Drought Events,0,EM-DAT (Realistic Simulation),2025-10-18
China,2021,Flood Events,1,EM-DAT (Realistic Simulation),2025-10-18
China,2021,Storm Events,1,EM-DAT (Realistic Simulation),2025-10-18
China,2021,Food Security Impact Score,1.218477611763426,EM-DAT (Realistic Simulation),2025-10-18
China,2022,Number of Disasters,4,EM-DAT (Realistic Simulation),2025-10-18
China,2022,Total Affected (people),131092.25351729692,EM-DAT (Realistic Simulation),2025-10-18
China,2022,Total Damages (USD millions),172.5731353570849,EM-DAT (Realistic Simulation),2025-10-18
China,2022,Drought Events,0,EM-DAT (Realistic Simulation),2025-10-18
China,2022,Flood Events,0,EM-DAT (Realistic Simulation),2025-10-18
China,2022,Storm Events,1,EM-DAT (Realistic Simulation),2025-10-18
China,2022,Food Security Impact Score,1.8614394411837114,EM-DAT (Realistic Simulation),2025-10-18
China,2023,Number of Disasters,0,EM-DAT (Realistic Simulation),2025-10-18
China,2023,Total Affected (people),1853.6860206872807,EM-DAT (Realistic Simulation),2025-10-18
China,2023,Total Damages (USD millions),439.97840268232164,EM-DAT (Realistic Simulation),2025-10-18
China,2023,Drought Events,1,EM-DAT (Realistic Simulation),2025-10-18
China,2023,Flood Events,1,EM-DAT (Realistic Simulation),2025-10-18
China,2023,Storm Events,0,EM-DAT (Realistic Simulation),2025-10-18
China,2023,Food Security Impact Score,8.792503593340854,EM-DAT (Realistic Simulation),2025-10-18
Colombia,2020,Number of Disasters,1,EM-DAT (Realistic Simulation),2025-10-18
Colombia,2020,Total Affected (people),98647.67661425401,EM-DAT (Realistic Simulation),2025-10-18
Colombia,2020,Total Damages (USD millions),910.8603684986181,EM-DAT (Realistic Simulation),2025-10-18
Colombia,2020,Drought Events,0,EM-DAT (Realistic Simulation),2025-10-18
Colombia,2020,Flood Events,0,EM-DAT (Realistic Simulation),2025-10-18
Colombia,2020,Storm Events,0,EM-DAT (Realistic Simulation),2025-10-18
Colombia,2020,Food Security Impact Score,4.76372709282495,EM-DAT (Realistic Simulation),2025-10-18
Colombia,2021,Number of Disasters,2,EM-DAT (Realistic Simulation),2025-10-18
Colombia,2021,Total Affected (people),296352.8440527763,EM-DAT (Realistic Simulation),2025-10-18
Colombia,2021,Total Damages (USD millions),0,EM-DAT (Realistic Simulation),2025-10-18
Colombia,2021,Drought Events,1,EM-DAT (Realistic Simulation),2025-10-18
Colombia,2021,Flood Events,1,EM-DAT (Realistic Simulation),2025-10-18
Colombia,2021,Storm Events,0,EM-DAT (Realistic Simulation),2025-10-18
Colombia,2021,Food Security Impact Score,5.1746130390013025,EM-DAT (Realistic Simulation),2025-10-18
Colombia,2022,Number of Disasters,5,EM-DAT (Realistic Simulation),2025-10-18
Colombia,2022,Total Affected (people),147229.11490359704,EM-DAT (Realistic Simulation),2025-10-18
Colombia,2022,Total Damages (USD millions),106.3917382339798,EM-DAT (Realistic Simulation),2025-10-18
Colombia,2022,Drought Events,0,EM-DAT (Realistic Simulation),2025-10-18
Colombia,2022,Flood Events,2,EM-DAT (Realistic Simulation),2025-10-18
Colombia,2022,Storm Events,0,EM-DAT (Realistic Simulation),2025-10-18
Colombia,2022,Food Security Impact Score,3.4962008625814085,EM-DAT (Realistic Simulation),2025-10-18
Colombia,2023,Number of Disasters,4,EM-DAT (Realistic Simulation),2025-10-18
Colombia,2023,Total Affected (people),12507.015995205511,EM-DAT (Realistic Simulation),2025-10-18
Colombia,2023,Total Damages (USD millions),0,EM-DAT (Realistic Simulation),2025-10-18
Colombia,2023,Drought Events,0,EM-DAT (Realistic Simulation),2025-10-18
Colombia,2023,Flood Events,2,EM-DAT (Realistic Simulation),2025-10-18
Colombia,2023,Storm Events,0,EM-DAT (Realistic Simulation),2025-10-18
Colombia,2023,Food Security Impact Score,4.337182488033834,EM-DAT (Realistic Simulation),2025-10-18
Comoros,2020,Number of Disasters,1,EM-DAT (Realistic Simulation),2025-10-18
Comoros,2020,Total Affected (people),21973.587192633364,EM-DAT (Realistic Simulation),2025-10-18
Comoros,2020,Total Damages (USD millions),300.28597305758785,EM-DAT (Realistic Simulation),2025-10-18
Comoros,2020,Drought Events,1,EM-DAT (Realistic Simulation),2025-10-18
Comoros,2020,Flood Events,3,EM-DAT (Realistic Simulation),2025-10-18
Comoros,2020,Storm Events,0,EM-DAT (Realistic Simulation),2025-10-18
Comoros,2020,Food Security Impact Score,2.79185272829445,EM-DAT (Realistic Simulation),2025-10-18
Comoros,2021,Number of Disasters,3,EM-DAT (Realistic Simulation),2025-10-18
Comoros,2021,Total Affected (people),54307.120488561704,EM-DAT (Realistic Simulation),2025-10-18
Comoros,2021,Total Damages (USD millions),497.6951706092452,EM-DAT (Realistic Simulation),2025-10-18
Comoros,2021,Drought Events,0,EM-DAT (Realistic Simulation),2025-10-18
Comoros,2021,Flood Events,0,EM-DAT (Realistic Simulation),2025-10-18
Comoros,2021,Storm Events,0,EM-DAT (Realistic Simulation),2025-10-18
Comoros,2021,Food Security Impact Score,3.983374677885875,EM-DAT (Realistic Simulation),2025-10-18
Comoros,2022,Number of Disasters,1,EM-DAT (Realistic Simulation),2025-10-18
Comoros,2022,Total Affected (people),753.6009556870195,EM-DAT (Realistic Simulation),2025-10-18
Comoros,2022,Total Damages (USD millions),0,EM-DAT (Realistic Simulation),2025-10-18
Comoros,2022,Drought Events,1,EM-DAT (Realistic Simulation),2025-10-18
Comoros,2022,Flood Events,0,EM-DAT (Realistic Simulation),2025-10-18
Comoros,2022,Storm Events,0,EM-DAT (Realistic Simulation),2025-10-18
Comoros,2022,Food Security Impact Score,3.0368495639744553,EM-DAT (Realistic Simulation),2025-10-18
Comoros,2023,Number of Disasters,0,EM-DAT (Realistic Simulation),2025-10-18
Comoros,2023,Total Affected (people),0,EM-DAT (Realistic Simulation),2025-10-18
Comoros,2023,Total Damages (USD millions),302.43164937997915,EM-DAT (Realistic Simulation),2025-10-18
Comoros,2023,Drought Events,2,EM-DAT (Realistic Simulation),2025-10-18
Comoros,2023,Flood Events,3,EM-DAT (Realistic Simulation),2025-10-18
Comoros,2023,Storm Events,0,EM-DAT (Realistic Simulation),2025-10-18
Comoros,2023,Food Security Impact Score,2.658971608031928,EM-DAT (Realistic Simulation),2025-10-18
"Congo, Dem. Rep.",2020,Number of Disasters,1,EM-DAT (Realistic Simulation),2025-10-18
"Congo, Dem. Rep.",2020,Total Affected (people),54377.686071693286,EM-DAT (Realistic Simulation),2025-10-18
"Congo, Dem. Rep.",2020,Total Damages (USD millions),251.78452255609386,EM-DAT (Realistic Simulation),2025-10-18
"Congo, Dem. Rep.",2020,Drought Events,0,EM-DAT (Realistic Simulation),2025-10-18
"Congo, Dem. Rep.",2020,Flood Events,3,EM-DAT (Realistic Simulation),2025-10-18
"Congo, Dem. Rep.",2020,Storm Events,0,EM-DAT (Realistic Simulation),2025-10-18
"Congo, Dem. Rep.",2020,Food Security Impact Score,1.2614914172787874,EM-DAT (Realistic Simulation),2025-10-18
"Congo, Dem. Rep.",2021,Number of Disasters,3,EM-DAT (Realistic Simulation),2025-10-18
"Congo, Dem. Rep.",2021,Total Affected (people),43191.115866144704,EM-DAT (Realistic Simulation),2025-10-18
"Congo, Dem. Rep.",2021,Total Damages (USD millions),860.4712100208458,EM-DAT (Realistic Simulation),2025-10-18
"Congo, Dem. Rep.",2021,Drought Events,2,EM-DAT (Realistic Simulation),2025-10-18
"Congo, Dem. Rep.",2021,Flood Events,1,EM-DAT (Realistic Simulation),2025-10-18
"Congo, Dem. Rep.",2021,Storm Events,0,EM-DAT (Realistic Simulation),2025-10-18
"Congo, Dem. Rep.",2021,Food Security Impact Score,4.01988288999785,EM-DAT (Realistic Simulation),2025-10-18
"Congo, Dem. Rep.",2022,Number of Disasters,2,EM-DAT (Realistic Simulation),2025-10-18
"Congo, Dem. Rep.",2022,Total Affected (people),75217.79109958556,EM-DAT (Realistic Simulation),2025-10-18
"Congo, Dem. Rep.",2022,Total Damages (USD millions),0,EM-DAT (Realistic Simulation),2025-10-18
"Congo, Dem. Rep.",2022,Drought Events,1,EM-DAT (Realistic Simulation),2025-10-18
"Congo, Dem. Rep.",2022,Flood Events,0,EM-DAT (Realistic Simulation),2025-10-18
"Congo, Dem. Rep.",2022,Storm Events,0,EM-DAT (Realistic Simulation),2025-10-18
"Congo, Dem. Rep.",2022,Food Security Impact Score,6.633661343887446,EM-DAT (Realistic Simulation),2025-10-18
"Congo, Dem. Rep.",2023,Number of Disasters,2,EM-DAT (Realistic Simulation),2025-10-18
"Congo, Dem. Rep.",2023,Total Affected (people),265254.8896179673,EM-DAT (Realistic Simulation),2025-10-18
"Congo, Dem. Rep.",2023,Total Damages (USD millions),491.46322519157474,EM-DAT (Realistic Simulation),2025-10-18
"Congo, Dem. Rep.",2023,Drought Events,0,EM-DAT (Realistic Simulation),2025-10-18
"Congo, Dem. Rep.",2023,Flood Events,0,EM-DAT (Realistic Simulation),2025-10-18
"Congo, Dem. Rep.",2023,Storm Events,1,EM-DAT (Realistic Simulation),2025-10-18
"Congo, Dem. Rep.",2023,Food Security Impact Score,2.8956479019485775,EM-DAT (Realistic Simulation),2025-10-18
"Congo, Rep.",2020,Number of Disasters,2,EM-DAT (Realistic Simulation),2025-10-18
"Congo, Rep.",2020,Total Affected (people),30056.738060328462,EM-DAT (Realistic Simulation),2025-10-18
"Congo, Rep.",2020,Total Damages (USD millions),307.54972231163094,EM-DAT (Realistic Simulation),2025-10-18
"Congo, Rep.",2020,Drought Events,2,EM-DAT (Realistic Simulation),2025-10-18
"Congo, Rep.",2020,Flood Events,1,EM-DAT (Realistic Simulation),2025-10-18
"Congo, Rep.",2020,Storm Events,1,EM-DAT (Realistic Simulation),2025-10-18
"Congo, Rep.",2020,Food Security Impact Score,1.3072332674625473,EM-DAT (Realistic Simulation),2025-10-18
"Congo, Rep.",2021,Number of Disasters,0,EM-DAT (Realistic Simulation),2025-10-18
"Congo, Rep.",2021,Total Affected (people),89714.92684147507,EM-DAT (Realistic Simulation),2025-10-18
"Congo, Rep.",2021,Total Damages (USD millions),0,EM-DAT (Realistic Simulation),2025-10-18
"Congo, Rep.",2021,Drought Events,1,EM-DAT (Realistic Simulation),2025-10-18
"Congo, Rep.",2021,Flood Events,2,EM-DAT (Realistic Simulation),2025-10-18
"Congo, Rep.",2021,Storm Events,1,EM-DAT (Realistic Simulation),2025-10-18
"Congo, Rep.",2021,Food Security Impact Score,4.0631814832957645,EM-DAT (Realistic Simulation),2025-10-18
"Congo, Rep.",2022,Number of Disasters,2,EM-DAT (Realistic Simulation),2025-10-18
"Congo, Rep.",2022,Total Affected (people),105691.7952009441,EM-DAT (Realistic Simulation),2025-10-18
"Congo, Rep.",2022,Total Damages (USD millions),0,EM-DAT (Realistic Simulation),2025-10-18
"Congo, Rep.",2022,Drought Events,1,EM-DAT (Realistic Simulation),2025-10-18
"Congo, Rep.",2022,Flood Events,2,EM-DAT (Realistic Simulation),2025-10-18
"Congo, Rep.",2022,Storm Events,1,EM-DAT (Realistic Simulation),2025-10-18
"Congo, Rep.",2022,Food Security Impact Score,3.901368762682631,EM-DAT (Realistic Simulation),2025-10-18
"Congo, Rep.",2023,Number of Disasters,0,EM-DAT (Realistic Simulation),2025-10-18
"Congo, Rep.",2023,Total Affected (people),0,EM-DAT (Realistic Simulation),2025-10-18
"Congo, Rep.",2023,Total Damages (USD millions),719.9140952064423,EM-DAT (Realistic Simulation),2025-10-18
"Congo, Rep.",2023,Drought Events,0,EM-DAT (Realistic Simulation),2025-10-18
"Congo, Rep.",2023,Flood Events,1,EM-DAT (Realistic Simulation),2025-10-18
"Congo, Rep.",2023,Storm Events,1,EM-DAT (Realistic Simulation),2025-10-18
"Congo, Rep.",2023,Food Security Impact Score,3.346445040465663,EM-DAT (Realistic Simulation),2025-10-18
Costa Rica,2020,Number of Disasters,1,EM-DAT (Realistic Simulation),2025-10-18
Costa Rica,2020,Total Affected (people),61193.67930760907,EM-DAT (Realistic Simulation),2025-10-18
Costa Rica,2020,Total Damages (USD millions),0,EM-DAT (Realistic Simulation),2025-10-18
Costa Rica,2020,Drought Events,0,EM-DAT (Realistic Simulation),2025-10-18
Costa Rica,2020,Flood Events,1,EM-DAT (Realistic Simulation),2025-10-18
Costa Rica,2020,Storm Events,1,EM-DAT (Realistic Simulation),2025-10-18
Costa Rica,2020,Food Security Impact Score,6.730214821256844,EM-DAT (Realistic Simulation),2025-10-18
Costa Rica,2021,Number of Disasters,1,EM-DAT (Realistic Simulation),2025-10-18
Costa Rica,2021,Total Affected (people),294155.6464677955,EM-DAT (Realistic Simulation),2025-10-18
Costa Rica,2021,Total Damages (USD millions),0,EM-DAT (Realistic Simulation),2025-10-18
Costa Rica,2021,Drought Events,2,EM-DAT (Realistic Simulation),2025-10-18
Costa Rica,2021,Flood Events,1,EM-DAT (Realistic Simulation),2025-10-18
Costa Rica,2021,Storm Events,1,EM-DAT (Realistic Simulation),2025-10-18
Costa Rica,2021,Food Security Impact Score,1.1731103648026784,EM-DAT (Realistic Simulation),2025-10-18
Costa Rica,2022,Number of Disasters,2,EM-DAT (Realistic Simulation),2025-10-18
Costa Rica,2022,Total Affected (people),148073.77403497975,EM-DAT (Realistic Simulation),2025-10-18
Costa Rica,2022,Total Damages (USD millions),1121.3256172960312,EM-DAT (Realistic Simulation),2025-10-18
Costa Rica,2022,Drought Events,0,EM-DAT (Realistic Simulation),2025-10-18
Costa Rica,2022,Flood Events,2,EM-DAT (Realistic Simulation),2025-10-18
Costa Rica,2022,Storm Events,1,EM-DAT (Realistic Simulation),2025-10-18
Costa Rica,2022,Food Security Impact Score,4.823245276462521,EM-DAT (Realistic Simulation),2025-10-18
Costa Rica,2023,Number of Disasters,5,EM-DAT (Realistic Simulation),2025-10-18
Costa Rica,2023,Total Affected (people),1822.7316363243954,EM-DAT (Realistic Simulation),2025-10-18
Costa Rica,2023,Total Damages (USD millions),0,EM-DAT (Realistic Simulation),2025-10-18
Costa Rica,2023,Drought Events,1,EM-DAT (Realistic Simulation),2025-10-18
Costa Rica,2023,Flood Events,1,EM-DAT (Realistic Simulation),2025-10-18
Costa Rica,2023,Storm Events,0,EM-DAT (Realistic Simulation),2025-10-18
Costa Rica,2023,Food Security Impact Score,3.3961028970181033,EM-DAT (Realistic Simulation),2025-10-18
Cote d'Ivoire,2020,Number of Disasters,1,EM-DAT (Realistic Simulation),2025-10-18
Cote d'Ivoire,2020,Total Affected (people),69865.89998187346,EM-DAT (Realistic Simulation),2025-10-18
Cote d'Ivoire,2020,Total Damages (USD millions),0,EM-DAT (Realistic Simulation),2025-10-18
Cote d'Ivoire,2020,Drought Events,0,EM-DAT (Realistic Simulation),2025-10-18
Cote d'Ivoire,2020,Flood Events,0,EM-DAT (Realistic Simulation),2025-10-18
Cote d'Ivoire,2020,Storm Events,1,EM-DAT (Realistic Simulation),2025-10-18
Cote d'Ivoire,2020,Food Security Impact Score,5.281557805581038,EM-DAT (Realistic Simulation),2025-10-18
Cote d'Ivoire,2021,Number of Disasters,1,EM-DAT (Realistic Simulation),2025-10-18
Cote d'Ivoire,2021,Total Affected (people),148137.34938547568,EM-DAT (Realistic Simulation),2025-10-18
Cote d'Ivoire,2021,Total Damages (USD millions),776.7107091630772,EM-DAT (Realistic Simulation),2025-10-18
Cote d'Ivoire,2021,Drought Events,1,EM-DAT (Realistic Simulation),2025-10-18
Cote d'Ivoire,2021,Flood Events,4,EM-DAT (Realistic Simulation),2025-10-18
Cote d'Ivoire,2021,Storm Events,1,EM-DAT (Realistic Simulation),2025-10-18
Cote d'Ivoire,2021,Food Security Impact Score,4.444974847345308,EM-DAT (Realistic Simulation),2025-10-18
Cote d'Ivoire,2022,Number of Disasters,1,EM-DAT (Realistic Simulation),2025-10-18
Cote d'Ivoire,2022,Total Affected (people),106485.96838724334,EM-DAT (Realistic Simulation),2025-10-18
Cote d'Ivoire,2022,Total Damages (USD millions),233.56594494623658,EM-DAT (Realistic Simulation),2025-10-18
Cote d'Ivoire,2022,Drought Events,0,EM-DAT (Realistic Simulation),2025-10-18
Cote d'Ivoire,2022,Flood Events,1,EM-DAT (Realistic Simulation),2025-10-18
Cote d'Ivoire,2022,Storm Events,1,EM-DAT (Realistic Simulation),2025-10-18
Cote d'Ivoire,2022,Food Security Impact Score,2.020681692669508,EM-DAT (Realistic Simulation),2025-10-18
Cote d'Ivoire,2023,Number of Disasters,2,EM-DAT (Realistic Simulation),2025-10-18
Cote d'Ivoire,2023,Total Affected (people),165236.45435997838,EM-DAT (Realistic Simulation),2025-10-18
Cote d'Ivoire,2023,Total Damages (USD millions),297.0193880785258,EM-DAT (Realistic Simulation),2025-10-18
Cote d'Ivoire,2023,Drought Events,0,EM-DAT (Realistic Simulation),2025-10-18
Cote d'Ivoire,2023,Flood Events,3,EM-DAT (Realistic Simulation),2025-10-18
Cote d'Ivoire,2023,Storm Events,0,EM-DAT (Realistic Simulation),2025-10-18
Cote d'Ivoire,2023,Food Security Impact Score,0.5757522413584648,EM-DAT (Realistic Simulation),2025-10-18
Croatia,2020,Number of Disasters,1,EM-DAT (Realistic Simulation),2025-10-18
Croatia,2020,Total Affected (people),0,EM-DAT (Realistic Simulation),2025-10-18
Croatia,2020,Total Damages (USD millions),0,EM-DAT (Realistic Simulation),2025-10-18
Croatia,2020,Drought Events,1,EM-DAT (Realistic Simulation),2025-10-18
Croatia,2020,Flood Events,1,EM-DAT (Realistic Simulation),2025-10-18
Croatia,2020,Storm Events,0,EM-DAT (Realistic Simulation),2025-10-18
Croatia,2020,Food Security Impact Score,3.242463788384322,EM-DAT (Realistic Simulation),2025-10-18
Croatia,2021,Number of Disasters,1,EM-DAT (Realistic Simulation),2025-10-18
Croatia,2021,Total Affected (people),0,EM-DAT (Realistic Simulation),2025-10-18
Croatia,2021,Total Damages (USD millions),850.8808175822056,EM-DAT (Realistic Simulation),2025-10-18
Croatia,2021,Drought Events,1,EM-DAT (Realistic Simulation),2025-10-18
Croatia,2021,Flood Events,1,EM-DAT (Realistic Simulation),2025-10-18
Croatia,2021,Storm Events,1,EM-DAT (Realistic Simulation),2025-10-18
Croatia,2021,Food Security Impact Score,5.023984156417048,EM-DAT (Realistic Simulation),2025-10-18
Croatia,2022,Number of Disasters,4,EM-DAT (Realistic Simulation),2025-10-18
Croatia,2022,Total Affected (people),71539.47988014706,EM-DAT (Realistic Simulation),2025-10-18
Croatia,2022,Total Damages (USD millions),337.2794970377749,EM-DAT (Realistic Simulation),2025-10-18
Croatia,2022,Drought Events,0,EM-DAT (Realistic Simulation),2025-10-18
Croatia,2022,Flood Events,1,EM-DAT (Realistic Simulation),2025-10-18
Croatia,2022,Storm Events,1,EM-DAT (Realistic Simulation),2025-10-18
Croatia,2022,Food Security Impact Score,4.23812673290901,EM-DAT (Realistic Simulation),2025-10-18
Croatia,2023,Number of Disasters,1,EM-DAT (Realistic Simulation),2025-10-18
Croatia,2023,Total Affected (people),105842.6972518641,EM-DAT (Realistic Simulation),2025-10-18
Croatia,2023,Total Damages (USD millions),148.02171131419715,EM-DAT (Realistic Simulation),2025-10-18
Croatia,2023,Drought Events,0,EM-DAT (Realistic Simulation),2025-10-18
Croatia,2023,Flood Events,2,EM-DAT (Realistic Simulation),2025-10-18
Croatia,2023,Storm Events,1,EM-DAT (Realistic Simulation),2025-10-18
Croatia,2023,Food Security Impact Score,4.557421789690792,EM-DAT (Realistic Simulation),2025-10-18
Cuba,2020,Number of Disasters,1,EM-DAT (Realistic Simulation),2025-10-18
Cuba,2020,Total Affected (people),0,EM-DAT (Realistic Simulation),2025-10-18
Cuba,2020,Total Damages (USD millions),27.043075550768194,EM-DAT (Realistic Simulation),2025-10-18
Cuba,2020,Drought Events,0,EM-DAT (Realistic Simulation),2025-10-18
Cuba,2020,Flood Events,0,EM-DAT (Realistic Simulation),2025-10-18
Cuba,2020,Storm Events,0,EM-DAT (Realistic Simulation),2025-10-18
Cuba,2020,Food Security Impact Score,0.7152069719792387,EM-DAT (Realistic Simulation),2025-10-18
Cuba,2021,Number of Disasters,5,EM-DAT (Realistic Simulation),2025-10-18
Cuba,2021,Total Affected (people),61386.560418765264,EM-DAT (Realistic Simulation),2025-10-18
Cuba,2021,Total Damages (USD millions),0,EM-DAT (Realistic Simulation),2025-10-18
Cuba,2021,Drought Events,0,EM-DAT (Realistic Simulation),2025-10-18
Cuba,2021,Flood Events,1,EM-DAT (Realistic Simulation),2025-10-18
Cuba,2021,Storm Events,1,EM-DAT (Realistic Simulation),2025-10-18
Cuba,2021,Food Security Impact Score,6.112809666541784,EM-DAT (Realistic Simulation),2025-10-18
Cuba,2022,Number of Disasters,1,EM-DAT (Realistic Simulation),2025-10-18
Cuba,2022,Total Affected (people),67187.31813806984,EM-DAT (Realistic Simulation),2025-10-18
Cuba,2022,Total Damages (USD millions),248.95667752990715,EM-DAT (Realistic Simulation),2025-10-18
Cuba,2022,Drought Events,0,EM-DAT (Realistic Simulation),2025-10-18
Cuba,2022,Flood Events,2,EM-DAT (Realistic Simulation),2025-10-18
Cuba,2022,Storm Events,0,EM-DAT (Realistic Simulation),2025-10-18
Cuba,2022,Food Security Impact Score,3.5305860124247532,EM-DAT (Realistic Simulation),2025-10-18
Cuba,2023,Number of Disasters,0,EM-DAT (Realistic Simulation),2025-10-18
Cuba,2023,Total Affected (people),277132.5463024212,EM-DAT (Realistic Simulation),2025-10-18
Cuba,2023,Total Damages (USD millions),0,EM-DAT (Realistic Simulation),2025-10-18
Cuba,2023,Drought Events,1,EM-DAT (Realistic Simulation),2025-10-18
Cuba,2023,Flood Events,1,EM-DAT (Realistic Simulation),2025-10-18
Cuba,2023,Storm Events,0,EM-DAT (Realistic Simulation),2025-10-18
Cuba,2023,Food Security Impact Score,0.6494942913145865,EM-DAT (Realistic Simulation),2025-10-18
Curacao,2020,Number of Disasters,2,EM-DAT (Realistic Simulation),2025-10-18
Curacao,2020,Total Affected (people),60736.89248827418,EM-DAT (Realistic Simulation),2025-10-18
Curacao,2020,Total Damages (USD millions),0,EM-DAT (Realistic Simulation),2025-10-18
Curacao,2020,Drought Events,1,EM-DAT (Realistic Simulation),2025-10-18
Curacao,2020,Flood Events,0,EM-DAT (Realistic Simulation),2025-10-18
Curacao,2020,Storm Events,1,EM-DAT (Realistic Simulation),2025-10-18
Curacao,2020,Food Security Impact Score,3.5191519569952914,EM-DAT (Realistic Simulation),2025-10-18
Curacao,2021,Number of Disasters,3,EM-DAT (Realistic Simulation),2025-10-18
Curacao,2021,Total Affected (people),0,EM-DAT (Realistic Simulation),2025-10-18
Curacao,2021,Total Damages (USD millions),0,EM-DAT (Realistic Simulation),2025-10-18
Curacao,2021,Drought Events,0,EM-DAT (Realistic Simulation),2025-10-18
Curacao,2021,Flood Events,1,EM-DAT (Realistic Simulation),2025-10-18
Curacao,2021,Storm Events,1,EM-DAT (Realistic Simulation),2025-10-18
Curacao,2021,Food Security Impact Score,2.121071701302094,EM-DAT (Realistic Simulation),2025-10-18
Curacao,2022,Number of Disasters,0,EM-DAT (Realistic Simulation),2025-10-18
Curacao,2022,Total Affected (people),10060.863424725547,EM-DAT (Realistic Simulation),2025-10-18
Curacao,2022,Total Damages (USD millions),281.17632623784726,EM-DAT (Realistic Simulation),2025-10-18
Curacao,2022,Drought Events,0,EM-DAT (Realistic Simulation),2025-10-18
Curacao,2022,Flood Events,1,EM-DAT (Realistic Simulation),2025-10-18
Curacao,2022,Storm Events,0,EM-DAT (Realistic Simulation),2025-10-18
Curacao,2022,Food Security Impact Score,1.0112069539587403,EM-DAT (Realistic Simulation),2025-10-18
Curacao,2023,Number of Disasters,1,EM-DAT (Realistic Simulation),2025-10-18
Curacao,2023,Total Affected (people),60231.104957424744,EM-DAT (Realistic Simulation),2025-10-18
Curacao,2023,Total Damages (USD millions),0,EM-DAT (Realistic Simulation),2025-10-18
Curacao,2023,Drought Events,0,EM-DAT (Realistic Simulation),2025-10-18
Curacao,2023,Flood Events,2,EM-DAT (Realistic Simulation),2025-10-18
Curacao,2023,Storm Events,0,EM-DAT (Realistic Simulation),2025-10-18
Curacao,2023,Food Security Impact Score,4.330775164308254,EM-DAT (Realistic Simulation),2025-10-18
Cyprus,2020,Number of Disasters,2,EM-DAT (Realistic Simulation),2025-10-18
Cyprus,2020,Total Affected (people),147449.10153356873,EM-DAT (Realistic Simulation),2025-10-18
Cyprus,2020,Total Damages (USD millions),280.88618743872973,EM-DAT (Realistic Simulation),2025-10-18
Cyprus,2020,Drought Events,1,EM-DAT (Realistic Simulation),2025-10-18
Cyprus,2020,Flood Events,4,EM-DAT (Realistic Simulation),2025-10-18
Cyprus,2020,Storm Events,0,EM-DAT (Realistic Simulation),2025-10-18
Cyprus,2020,Food Security Impact Score,5.947080898582309,EM-DAT (Realistic Simulation),2025-10-18
Cyprus,2021,Number of Disasters,3,EM-DAT (Realistic Simulation),2025-10-18
Cyprus,2021,Total Affected (people),10823.419899265282,EM-DAT (Realistic Simulation),2025-10-18
Cyprus,2021,Total Damages (USD millions),0,EM-DAT (Realistic Simulation),2025-10-18
Cyprus,2021,Drought Events,0,EM-DAT (Realistic Simulation),2025-10-18
Cyprus,2021,Flood Events,1,EM-DAT (Realistic Simulation),2025-10-18
Cyprus,2021,Storm Events,1,EM-DAT (Realistic Simulation),2025-10-18
Cyprus,2021,Food Security Impact Score,1.1190903779844874,EM-DAT (Realistic Simulation),2025-10-18
Cyprus,2022,Number of Disasters,1,EM-DAT (Realistic Simulation),2025-10-18
Cyprus,2022,Total Affected (people),71595.88489202474,EM-DAT (Realistic Simulation),2025-10-18
Cyprus,2022,Total Damages (USD millions),357.3195310480451,EM-DAT (Realistic Simulation),2025-10-18
Cyprus,2022,Drought Events,2,EM-DAT (Realistic Simulation),2025-10-18
Cyprus,2022,Flood Events,2,EM-DAT (Realistic Simulation),2025-10-18
Cyprus,2022,Storm Events,3,EM-DAT (Realistic Simulation),2025-10-18
Cyprus,2022,Food Security Impact Score,3.066124232999218,EM-DAT (Realistic Simulation),2025-10-18
Cyprus,2023,Number of Disasters,1,EM-DAT (Realistic Simulation),2025-10-18
Cyprus,2023,Total Affected (people),126620.28572557829,EM-DAT (Realistic Simulation),2025-10-18
Cyprus,2023,Total Damages (USD millions),0,EM-DAT (Realistic Simulation),2025-10-18
Cyprus,2023,Drought Events,0,EM-DAT (Realistic Simulation),2025-10-18
Cyprus,2023,Flood Events,1,EM-DAT (Realistic Simulation),2025-10-18
Cyprus,2023,Storm Events,1,EM-DAT (Realistic Simulation),2025-10-18
Cyprus,2023,Food Security Impact Score,2.211346714315016,EM-DAT (Realistic Simulation),2025-10-18
Czechia,2020,Number of Disasters,1,EM-DAT (Realistic Simulation),2025-10-18
Czechia,2020,Total Affected (people),0,EM-DAT (Realistic Simulation),2025-10-18
Czechia,2020,Total Damages (USD millions),0,EM-DAT (Realistic Simulation),2025-10-18
Czechia,2020,Drought Events,0,EM-DAT (Realistic Simulation),2025-10-18
Czechia,2020,Flood Events,0,EM-DAT (Realistic Simulation),2025-10-18
Czechia,2020,Storm Events,1,EM-DAT (Realistic Simulation),2025-10-18
Czechia,2020,Food Security Impact Score,3.6034390128247957,EM-DAT (Realistic Simulation),2025-10-18
Czechia,2021,Number of Disasters,0,EM-DAT (Realistic Simulation),2025-10-18
Czechia,2021,Total Affected (people),0,EM-DAT (Realistic Simulation),2025-10-18
Czechia,2021,Total Damages (USD millions),0,EM-DAT (Realistic Simulation),2025-10-18
Czechia,2021,Drought Events,0,EM-DAT (Realistic Simulation),2025-10-18
Czechia,2021,Flood Events,0,EM-DAT (Realistic Simulation),2025-10-18
Czechia,2021,Storm Events,0,EM-DAT (Realistic Simulation),2025-10-18
Czechia,2021,Food Security Impact Score,4.4430000426740115,EM-DAT (Realistic Simulation),2025-10-18
Czechia,2022,Number of Disasters,0,EM-DAT (Realistic Simulation),2025-10-18
Czechia,2022,Total Affected (people),15267.449585755116,EM-DAT (Realistic Simulation),2025-10-18
Czechia,2022,Total Damages (USD millions),325.2128574576385,EM-DAT (Realistic Simulation),2025-10-18
Czechia,2022,Drought Events,0,EM-DAT (Realistic Simulation),2025-10-18
Czechia,2022,Flood Events,0,EM-DAT (Realistic Simulation),2025-10-18
Czechia,2022,Storm Events,2,EM-DAT (Realistic Simulation),2025-10-18
Czechia,2022,Food Security Impact Score,4.173701573089741,EM-DAT (Realistic Simulation),2025-10-18
Czechia,2023,Number of Disasters,2,EM-DAT (Realistic Simulation),2025-10-18
Czechia,2023,Total Affected (people),0,EM-DAT (Realistic Simulation),2025-10-18
Czechia,2023,Total Damages (USD millions),252.05471969509776,EM-DAT (Realistic Simulation),2025-10-18
Czechia,2023,Drought Events,0,EM-DAT (Realistic Simulation),2025-10-18
Czechia,2023,Flood Events,1,EM-DAT (Realistic Simulation),2025-10-18
Czechia,2023,Storm Events,2,EM-DAT (Realistic Simulation),2025-10-18
Czechia,2023,Food Security Impact Score,2.592723853820551,EM-DAT (Realistic Simulation),2025-10-18
Denmark,2020,Number of Disasters,1,EM-DAT (Realistic Simulation),2025-10-18
Denmark,2020,Total Affected (people),35587.35388869442,EM-DAT (Realistic Simulation),2025-10-18
Denmark,2020,Total Damages (USD millions),1023.6009223729886,EM-DAT (Realistic Simulation),2025-10-18
Denmark,2020,Drought Events,2,EM-DAT (Realistic Simulation),2025-10-18
Denmark,2020,Flood Events,0,EM-DAT (Realistic Simulation),2025-10-18
Denmark,2020,Storm Events,2,EM-DAT (Realistic Simulation),2025-10-18
Denmark,2020,Food Security Impact Score,2.6444428157202506,EM-DAT (Realistic Simulation),2025-10-18
Denmark,2021,Number of Disasters,2,EM-DAT (Realistic Simulation),2025-10-18
Denmark,2021,Total Affected (people),167225.62348600716,EM-DAT (Realistic Simulation),2025-10-18
Denmark,2021,Total Damages (USD millions),0,EM-DAT (Realistic Simulation),2025-10-18
Denmark,2021,Drought Events,1,EM-DAT (Realistic Simulation),2025-10-18
Denmark,2021,Flood Events,2,EM-DAT (Realistic Simulation),2025-10-18
Denmark,2021,Storm Events,0,EM-DAT (Realistic Simulation),2025-10-18
Denmark,2021,Food Security Impact Score,3.604692286749132,EM-DAT (Realistic Simulation),2025-10-18
Denmark,2022,Number of Disasters,3,EM-DAT (Realistic Simulation),2025-10-18
Denmark,2022,Total Affected (people),63397.25825930363,EM-DAT (Realistic Simulation),2025-10-18
Denmark,2022,Total Damages (USD millions),29.36963722911088,EM-DAT (Realistic Simulation),2025-10-18
Denmark,2022,Drought Events,1,EM-DAT (Realistic Simulation),2025-10-18
Denmark,2022,Flood Events,0,EM-DAT (Realistic Simulation),2025-10-18
Denmark,2022,Storm Events,1,EM-DAT (Realistic Simulation),2025-10-18
Denmark,2022,Food Security Impact Score,2.7360095972870244,EM-DAT (Realistic Simulation),2025-10-18
Denmark,2023,Number of Disasters,2,EM-DAT (Realistic Simulation),2025-10-18
Denmark,2023,Total Affected (people),139059.2654191713,EM-DAT (Realistic Simulation),2025-10-18
Denmark,2023,Total Damages (USD millions),707.1505090516021,EM-DAT (Realistic Simulation),2025-10-18
Denmark,2023,Drought Events,0,EM-DAT (Realistic Simulation),2025-10-18
Denmark,2023,Flood Events,0,EM-DAT (Realistic Simulation),2025-10-18
Denmark,2023,Storm Events,0,EM-DAT (Realistic Simulation),2025-10-18
Denmark,2023,Food Security Impact Score,2.861449043387964,EM-DAT (Realistic Simulation),2025-10-18
Djibouti,2020,Number of Disasters,1,EM-DAT (Realistic Simulation),2025-10-18
Djibouti,2020,Total Affected (people),51405.47152250568,EM-DAT (Realistic Simulation),2025-10-18
Djibouti,2020,Total Damages (USD millions),322.3476672965794,EM-DAT (Realistic Simulation),2025-10-18
Djibouti,2020,Drought Events,0,EM-DAT (Realistic Simulation),2025-10-18
Djibouti,2020,Flood Events,1,EM-DAT (Realistic Simulation),2025-10-18
Djibouti,2020,Storm Events,0,EM-DAT (Realistic Simulation),2025-10-18
Djibouti,2020,Food Security Impact Score,3.0472400077920847,EM-DAT (Realistic Simulation),2025-10-18
Djibouti,2021,Number of Disasters,1,EM-DAT (Realistic Simulation),2025-10-18
Djibouti,2021,Total Affected (people),92982.03304038441,EM-DAT (Realistic Simulation),2025-10-18
Djibouti,2021,Total Damages (USD millions),522.8586216574444,EM-DAT (Realistic Simulation),2025-10-18
Djibouti,2021,Drought Events,0,EM-DAT (Realistic Simulation),2025-10-18
Djibouti,2021,Flood Events,1,EM-DAT (Realistic Simulation),2025-10-18
Djibouti,2021,Storm Events,0,EM-DAT (Realistic Simulation),2025-10-18
Djibouti,2021,Food Security Impact Score,5.79720399728044,EM-DAT (Realistic Simulation),2025-10-18
Djibouti,2022,Number of Disasters,2,EM-DAT (Realistic Simulation),2025-10-18
Djibouti,2022,Total Affected (people),51676.39304232938,EM-DAT (Realistic Simulation),2025-10-18
Djibouti,2022,Total Damages (USD millions),0,EM-DAT (Realistic Simulation),2025-10-18
Djibouti,2022,Drought Events,0,EM-DAT (Realistic Simulation),2025-10-18
Djibouti,2022,Flood Events,0,EM-DAT (Realistic Simulation),2025-10-18
Djibouti,2022,Storm Events,3,EM-DAT (Realistic Simulation),2025-10-18
Djibouti,2022,Food Security Impact Score,6.989453301561863,EM-DAT (Realistic Simulation),2025-10-18
Djibouti,2023,Number of Disasters,2,EM-DAT (Realistic Simulation),2025-10-18
Djibouti,2023,Total Affected (people),147256.90288490237,EM-DAT (Realistic Simulation),2025-10-18
Djibouti,2023,Total Damages (USD millions),0,EM-DAT (Realistic Simulation),2025-10-18
Djibouti,2023,Drought Events,0,EM-DAT (Realistic Simulation),2025-10-18
Djibouti,2023,Flood Events,0,EM-DAT (Realistic Simulation),2025-10-18
Djibouti,2023,Storm Events,2,EM-DAT (Realistic Simulation),2025-10-18
Djibouti,2023,Food Security Impact Score,1.2068960534256112,EM-DAT (Realistic Simulation),2025-10-18
Dominica,2020,Number of Disasters,0,EM-DAT (Realistic Simulation),2025-10-18
Dominica,2020,Total Affected (people),183670.76598282807,EM-DAT (Realistic Simulation),2025-10-18
Dominica,2020,Total Damages (USD millions),101.58983515613951,EM-DAT (Realistic Simulation),2025-10-18
Dominica,2020,Drought Events,0,EM-DAT (Realistic Simulation),2025-10-18
Dominica,2020,Flood Events,0,EM-DAT (Realistic Simulation),2025-10-18
Dominica,2020,Storm Events,1,EM-DAT (Realistic Simulation),2025-10-18
Dominica,2020,Food Security Impact Score,1.449054055425323,EM-DAT (Realistic Simulation),2025-10-18
Dominica,2021,Number of Disasters,1,EM-DAT (Realistic Simulation),2025-10-18
Dominica,2021,Total Affected (people),0,EM-DAT (Realistic Simulation),2025-10-18
Dominica,2021,Total Damages (USD millions),0,EM-DAT (Realistic Simulation),2025-10-18
Dominica,2021,Drought Events,0,EM-DAT (Realistic Simulation),2025-10-18
Dominica,2021,Flood Events,0,EM-DAT (Realistic Simulation),2025-10-18
Dominica,2021,Storm Events,0,EM-DAT (Realistic Simulation),2025-10-18
Dominica,2021,Food Security Impact Score,3.9621014043118885,EM-DAT (Realistic Simulation),2025-10-18
Dominica,2022,Number of Disasters,1,EM-DAT (Realistic Simulation),2025-10-18
Dominica,2022,Total Affected (people),145492.72387045895,EM-DAT (Realistic Simulation),2025-10-18
Dominica,2022,Total Damages (USD millions),25.53850297131538,EM-DAT (Realistic Simulation),2025-10-18
Dominica,2022,Drought Events,0,EM-DAT (Realistic Simulation),2025-10-18
Dominica,2022,Flood Events,2,EM-DAT (Realistic Simulation),2025-10-18
Dominica,2022,Storm Events,1,EM-DAT (Realistic Simulation),2025-10-18
Dominica,2022,Food Security Impact Score,0,EM-DAT (Realistic Simulation),2025-10-18
Dominica,2023,Number of Disasters,2,EM-DAT (Realistic Simulation),2025-10-18
Dominica,2023,Total Affected (people),30723.846562110175,EM-DAT (Realistic Simulation),2025-10-18
Dominica,2023,Total Damages (USD millions),1429.1498543473022,EM-DAT (Realistic Simulation),2025-10-18
Dominica,2023,Drought Events,1,EM-DAT (Realistic Simulation),2025-10-18
Dominica,2023,Flood Events,0,EM-DAT (Realistic Simulation),2025-10-18
Dominica,2023,Storm Events,1,EM-DAT (Realistic Simulation),2025-10-18
Dominica,2023,Food Security Impact Score,2.4582567469361454,EM-DAT (Realistic Simulation),2025-10-18
Dominican Republic,2020,Number of Disasters,0,EM-DAT (Realistic Simulation),2025-10-18
Dominican Republic,2020,Total Affected (people),38132.23303935916,EM-DAT (Realistic Simulation),2025-10-18
Dominican Republic,2020,Total Damages (USD millions),0,EM-DAT (Realistic Simulation),2025-10-18
Dominican Republic,2020,Drought Events,1,EM-DAT (Realistic Simulation),2025-10-18
Dominican Republic,2020,Flood Events,0,EM-DAT (Realistic Simulation),2025-10-18
Dominican Republic,2020,Storm Events,1,EM-DAT (Realistic Simulation),2025-10-18
Dominican Republic,2020,Food Security Impact Score,3.558308619269327,EM-DAT (Realistic Simulation),2025-10-18
Dominican Republic,2021,Number of Disasters,5,EM-DAT (Realistic Simulation),2025-10-18
Dominican Republic,2021,Total Affected (people),41890.50145664091,EM-DAT (Realistic Simulation),2025-10-18
Dominican Republic,2021,Total Damages (USD millions),590.2865521513379,EM-DAT (Realistic Simulation),2025-10-18
Dominican Republic,2021,Drought Events,0,EM-DAT (Realistic Simulation),2025-10-18
Dominican Republic,2021,Flood Events,1,EM-DAT (Realistic Simulation),2025-10-18
Dominican Republic,2021,Storm Events,1,EM-DAT (Realistic Simulation),2025-10-18
Dominican Republic,2021,Food Security Impact Score,4.388644803765707,EM-DAT (Realistic Simulation),2025-10-18
Dominican Republic,2022,Number of Disasters,4,EM-DAT (Realistic Simulation),2025-10-18
Dominican Republic,2022,Total Affected (people),34797.3416522449,EM-DAT (Realistic Simulation),2025-10-18
Dominican Republic,2022,Total Damages (USD millions),748.99772908865,EM-DAT (Realistic Simulation),2025-10-18
Dominican Republic,2022,Drought Events,0,EM-DAT (Realistic Simulation),2025-10-18
Dominican Republic,2022,Flood Events,0,EM-DAT (Realistic Simulation),2025-10-18
Dominican Republic,2022,Storm Events,1,EM-DAT (Realistic Simulation),2025-10-18
Dominican Republic,2022,Food Security Impact Score,0,EM-DAT (Realistic Simulation),2025-10-18
Dominican Republic,2023,Number of Disasters,1,EM-DAT (Realistic Simulation),2025-10-18
Dominican Republic,2023,Total Affected (people),114097.1384152327,EM-DAT (Realistic Simulation),2025-10-18
Dominican Republic,2023,Total Damages (USD millions),0,EM-DAT (Realistic Simulation),2025-10-18
Dominican Republic,2023,Drought Events,1,EM-DAT (Realistic Simulation),2025-10-18
Dominican Republic,2023,Flood Events,0,EM-DAT (Realistic Simulation),2025-10-18
Dominican Republic,2023,Storm Events,2,EM-DAT (Realistic Simulation),2025-10-18
Dominican Republic,2023,Food Security Impact Score,0,EM-DAT (Realistic Simulation),2025-10-18
Early-demographic dividend,2020,Number of Disasters,2,EM-DAT (Realistic Simulation),2025-10-18
Early-demographic dividend,2020,Total Affected (people),121909.99960154893,EM-DAT (Realistic Simulation),2025-10-18
Early-demographic dividend,2020,Total Damages (USD millions),476.7431875051074,EM-DAT (Realistic Simulation),2025-10-18
Early-demographic dividend,2020,Drought Events,0,EM-DAT (Realistic Simulation),2025-10-18
Early-demographic dividend,2020,Flood Events,1,EM-DAT (Realistic Simulation),2025-10-18
Early-demographic dividend,2020,Storm Events,1,EM-DAT (Realistic Simulation),2025-10-18
Early-demographic dividend,2020,Food Security Impact Score,2.859425880242397,EM-DAT (Realistic Simulation),2025-10-18
Early-demographic dividend,2021,Number of Disasters,3,EM-DAT (Realistic Simulation),2025-10-18
Early-demographic dividend,2021,Total Affected (people),27936.505853055638,EM-DAT (Realistic Simulation),2025-10-18
Early-demographic dividend,2021,Total Damages (USD millions),919.889456568082,EM-DAT (Realistic Simulation),2025-10-18
Early-demographic dividend,2021,Drought Events,0,EM-DAT (Realistic Simulation),2025-10-18
Early-demographic dividend,2021,Flood Events,2,EM-DAT (Realistic Simulation),2025-10-18
Early-demographic dividend,2021,Storm Events,0,EM-DAT (Realistic Simulation),2025-10-18
Early-demographic dividend,2021,Food Security Impact Score,3.9927197219234696,EM-DAT (Realistic Simulation),2025-10-18
Early-demographic dividend,2022,Number of Disasters,2,EM-DAT (Realistic Simulation),2025-10-18
Early-demographic dividend,2022,Total Affected (people),0,EM-DAT (Realistic Simulation),2025-10-18
Early-demographic dividend,2022,Total Damages (USD millions),0,EM-DAT (Realistic Simulation),2025-10-18
Early-demographic dividend,2022,Drought Events,0,EM-DAT (Realistic Simulation),2025-10-18
Early-demographic dividend,2022,Flood Events,0,EM-DAT (Realistic Simulation),2025-10-18
Early-demographic dividend,2022,Storm Events,0,EM-DAT (Realistic Simulation),2025-10-18
Early-demographic dividend,2022,Food Security Impact Score,0,EM-DAT (Realistic Simulation),2025-10-18
Early-demographic dividend,2023,Number of Disasters,0,EM-DAT (Realistic Simulation),2025-10-18
Early-demographic dividend,2023,Total Affected (people),138242.58547645452,EM-DAT (Realistic Simulation),2025-10-18
Early-demographic dividend,2023,Total Damages (USD millions),0,EM-DAT (Realistic Simulation),2025-10-18
Early-demographic dividend,2023,Drought Events,2,EM-DAT (Realistic Simulation),2025-10-18
Early-demographic dividend,2023,Flood Events,1,EM-DAT (Realistic Simulation),2025-10-18
Early-demographic dividend,2023,Storm Events,1,EM-DAT (Realistic Simulation),2025-10-18
Early-demographic dividend,2023,Food Security Impact Score,5.132781627581416,EM-DAT (Realistic Simulation),2025-10-18
East Asia & Pacific,2020,Number of Disasters,2,EM-DAT (Realistic Simulation),2025-10-18
East Asia & Pacific,2020,Total Affected (people),34687.36617440051,EM-DAT (Realistic Simulation),2025-10-18
East Asia & Pacific,2020,Total Damages (USD millions),0,EM-DAT (Realistic Simulation),2025-10-18
East Asia & Pacific,2020,Drought Events,2,EM-DAT (Realistic Simulation),2025-10-18
East Asia & Pacific,2020,Flood Events,1,EM-DAT (Realistic Simulation),2025-10-18
East Asia & Pacific,2020,Storm Events,0,EM-DAT (Realistic Simulation),2025-10-18
East Asia & Pacific,2020,Food Security Impact Score,3.839495430932863,EM-DAT (Realistic Simulation),2025-10-18
East Asia & Pacific,2021,Number of Disasters,1,EM-DAT (Realistic Simulation),2025-10-18
East Asia & Pacific,2021,Total Affected (people),72516.85978158328,EM-DAT (Realistic Simulation),2025-10-18
East Asia & Pacific,2021,Total Damages (USD millions),0,EM-DAT (Realistic Simulation),2025-10-18
East Asia & Pacific,2021,Drought Events,1,EM-DAT (Realistic Simulation),2025-10-18
East Asia & Pacific,2021,Flood Events,2,EM-DAT (Realistic Simulation),2025-10-18
East Asia & Pacific,2021,Storm Events,0,EM-DAT (Realistic Simulation),2025-10-18
East Asia & Pacific,2021,Food Security Impact Score,5.581189562853503,EM-DAT (Realistic Simulation),2025-10-18
East Asia & Pacific,2022,Number of Disasters,2,EM-DAT (Realistic Simulation),2025-10-18
East Asia & Pacific,2022,Total Affected (people),260692.00933281524,EM-DAT (Realistic Simulation),2025-10-18
East Asia & Pacific,2022,Total Damages (USD millions),833.4949601099817,EM-DAT (Realistic Simulation),2025-10-18
East Asia & Pacific,2022,Drought Events,1,EM-DAT (Realistic Simulation),2025-10-18
East Asia & Pacific,2022,Flood Events,0,EM-DAT (Realistic Simulation),2025-10-18
East Asia & Pacific,2022,Storm Events,2,EM-DAT (Realistic Simulation),2025-10-18
East Asia & Pacific,2022,Food Security Impact Score,4.629264983911693,EM-DAT (Realistic Simulation),2025-10-18
East Asia & Pacific,2023,Number of Disasters,2,EM-DAT (Realistic Simulation),2025-10-18
East Asia & Pacific,2023,Total Affected (people),0,EM-DAT (Realistic Simulation),2025-10-18
East Asia & Pacific,2023,Total Damages (USD millions),0,EM-DAT (Realistic Simulation),2025-10-18
East Asia & Pacific,2023,Drought Events,0,EM-DAT (Realistic Simulation),2025-10-18
East Asia & Pacific,2023,Flood Events,2,EM-DAT (Realistic Simulation),2025-10-18
East Asia & Pacific,2023,Storm Events,1,EM-DAT (Realistic Simulation),2025-10-18
East Asia & Pacific,2023,Food Security Impact Score,4.139216682693883,EM-DAT (Realistic Simulation),2025-10-18
East Asia & Pacific (excluding high income),2020,Number of Disasters,1,EM-DAT (Realistic Simulation),2025-10-18
East Asia & Pacific (excluding high income),2020,Total Affected (people),155493.44055081753,EM-DAT (Realistic Simulation),2025-10-18
East Asia & Pacific (excluding high income),2020,Total Damages (USD millions),185.1435142998447,EM-DAT (Realistic Simulation),2025-10-18
East Asia & Pacific (excluding high income),2020,Drought Events,0,EM-DAT (Realistic Simulation),2025-10-18
East Asia & Pacific (excluding high income),2020,Flood Events,0,EM-DAT (Realistic Simulation),2025-10-18
East Asia & Pacific (excluding high income),2020,Storm Events,1,EM-DAT (Realistic Simulation),2025-10-18
East Asia & Pacific (excluding high income),2020,Food Security Impact Score,6.514238478719451,EM-DAT (Realistic Simulation),2025-10-18
East Asia & Pacific (excluding high income),2021,Number of Disasters,2,EM-DAT (Realistic Simulation),2025-10-18
East Asia & Pacific (excluding high income),2021,Total Affected (people),143197.29998991144,EM-DAT (Realistic Simulation),2025-10-18
East Asia & Pacific (excluding high income),2021,Total Damages (USD millions),0,EM-DAT (Realistic Simulation),2025-10-18
East Asia & Pacific (excluding high income),2021,Drought Events,0,EM-DAT (Realistic Simulation),2025-10-18
East Asia & Pacific (excluding high income),2021,Flood Events,1,EM-DAT (Realistic Simulation),2025-10-18
East Asia & Pacific (excluding high income),2021,Storm Events,1,EM-DAT (Realistic Simulation),2025-10-18
East Asia & Pacific (excluding high income),2021,Food Security Impact Score,0.4839243565481901,EM-DAT (Realistic Simulation),2025-10-18
East Asia & Pacific (excluding high income),2022,Number of Disasters,1,EM-DAT (Realistic Simulation),2025-10-18
East Asia & Pacific (excluding high income),2022,Total Affected (people),175816.82641869487,EM-DAT (Realistic Simulation),2025-10-18
East Asia & Pacific (excluding high income),2022,Total Damages (USD millions),685.821994786333,EM-DAT (Realistic Simulation),2025-10-18
East Asia & Pacific (excluding high income),2022,Drought Events,0,EM-DAT (Realistic Simulation),2025-10-18
East Asia & Pacific (excluding high income),2022,Flood Events,1,EM-DAT (Realistic Simulation),2025-10-18
East Asia & Pacific (excluding high income),2022,Storm Events,2,EM-DAT (Realistic Simulation),2025-10-18
East Asia & Pacific (excluding high income),2022,Food Security Impact Score,3.6031258493205987,EM-DAT (Realistic Simulation),2025-10-18
East Asia & Pacific (excluding high income),2023,Number of Disasters,2,EM-DAT (Realistic Simulation),2025-10-18
East Asia & Pacific (excluding high income),2023,Total Affected (people),65086.0198063476,EM-DAT (Realistic Simulation),2025-10-18
East Asia & Pacific (excluding high income),2023,Total Damages (USD millions),0,EM-DAT (Realistic Simulation),2025-10-18
East Asia & Pacific (excluding high income),2023,Drought Events,1,EM-DAT (Realistic Simulation),2025-10-18
East Asia & Pacific (excluding high income),2023,Flood Events,2,EM-DAT (Realistic Simulation),2025-10-18
East Asia & Pacific (excluding high income),2023,Storm Events,0,EM-DAT (Realistic Simulation),2025-10-18
East Asia & Pacific (excluding high income),2023,Food Security Impact Score,5.783002066986226,EM-DAT (Realistic Simulation),2025-10-18
East Asia & Pacific (IDA & IBRD countries),2020,Number of Disasters,3,EM-DAT (Realistic Simulation),2025-10-18
East Asia & Pacific (IDA & IBRD countries),2020,Total Affected (people),70425.56811099412,EM-DAT (Realistic Simulation),2025-10-18
East Asia & Pacific (IDA & IBRD countries),2020,Total Damages (USD millions),306.6141090516297,EM-DAT (Realistic Simulation),2025-10-18
East Asia & Pacific (IDA & IBRD countries),2020,Drought Events,0,EM-DAT (Realistic Simulation),2025-10-18
East Asia & Pacific (IDA & IBRD countries),2020,Flood Events,3,EM-DAT (Realistic Simulation),2025-10-18
East Asia & Pacific (IDA & IBRD countries),2020,Storm Events,1,EM-DAT (Realistic Simulation),2025-10-18
East Asia & Pacific (IDA & IBRD countries),2020,Food Security Impact Score,2.297682416741216,EM-DAT (Realistic Simulation),2025-10-18
East Asia & Pacific (IDA & IBRD countries),2021,Number of Disasters,1,EM-DAT (Realistic Simulation),2025-10-18
East Asia & Pacific (IDA & IBRD countries),2021,Total Affected (people),92723.87663098358,EM-DAT (Realistic Simulation),2025-10-18
East Asia & Pacific (IDA & IBRD countries),2021,Total Damages (USD millions),0,EM-DAT (Realistic Simulation),2025-10-18
East Asia & Pacific (IDA & IBRD countries),2021,Drought Events,0,EM-DAT (Realistic Simulation),2025-10-18
East Asia & Pacific (IDA & IBRD countries),2021,Flood Events,0,EM-DAT (Realistic Simulation),2025-10-18
East Asia & Pacific (IDA & IBRD countries),2021,Storm Events,0,EM-DAT (Realistic Simulation),2025-10-18
East Asia & Pacific (IDA & IBRD countries),2021,Food Security Impact Score,4.66235673106463,EM-DAT (Realistic Simulation),2025-10-18
East Asia & Pacific (IDA & IBRD countries),2022,Number of Disasters,2,EM-DAT (Realistic Simulation),2025-10-18
East Asia & Pacific (IDA & IBRD countries),2022,Total Affected (people),155083.35049878905,EM-DAT (Realistic Simulation),2025-10-18
East Asia & Pacific (IDA & IBRD countries),2022,Total Damages (USD millions),193.6451329034191,EM-DAT (Realistic Simulation),2025-10-18
East Asia & Pacific (IDA & IBRD countries),2022,Drought Events,0,EM-DAT (Realistic Simulation),2025-10-18
East Asia & Pacific (IDA & IBRD countries),2022,Flood Events,4,EM-DAT (Realistic Simulation),2025-10-18
East Asia & Pacific (IDA & IBRD countries),2022,Storm Events,0,EM-DAT (Realistic Simulation),2025-10-18
East Asia & Pacific (IDA & IBRD countries),2022,Food Security Impact Score,0.16448567454203644,EM-DAT (Realistic Simulation),2025-10-18
East Asia & Pacific (IDA & IBRD countries),2023,Number of Disasters,1,EM-DAT (Realistic Simulation),2025-10-18
East Asia & Pacific (IDA & IBRD countries),2023,Total Affected (people),0,EM-DAT (Realistic Simulation),2025-10-18
East Asia & Pacific (IDA & IBRD countries),2023,Total Damages (USD millions),0,EM-DAT (Realistic Simulation),2025-10-18
East Asia & Pacific (IDA & IBRD countries),2023,Drought Events,0,EM-DAT (Realistic Simulation),2025-10-18
East Asia & Pacific (IDA & IBRD countries),2023,Flood Events,2,EM-DAT (Realistic Simulation),2025-10-18
East Asia & Pacific (IDA & IBRD countries),2023,Storm Events,0,EM-DAT (Realistic Simulation),2025-10-18
East Asia & Pacific (IDA & IBRD countries),2023,Food Security Impact Score,4.028727912004431,EM-DAT (Realistic Simulation),2025-10-18
Ecuador,2020,Number of Disasters,4,EM-DAT (Realistic Simulation),2025-10-18
Ecuador,2020,Total Affected (people),77812.78058351263,EM-DAT (Realistic Simulation),2025-10-18
Ecuador,2020,Total Damages (USD millions),0,EM-DAT (Realistic Simulation),2025-10-18
Ecuador,2020,Drought Events,0,EM-DAT (Realistic Simulation),2025-10-18
Ecuador,2020,Flood Events,0,EM-DAT (Realistic Simulation),2025-10-18
Ecuador,2020,Storm Events,0,EM-DAT (Realistic Simulation),2025-10-18
Ecuador,2020,Food Security Impact Score,5.86897867938193,EM-DAT (Realistic Simulation),2025-10-18
Ecuador,2021,Number of Disasters,2,EM-DAT (Realistic Simulation),2025-10-18
Ecuador,2021,Total Affected (people),78488.76140788349,EM-DAT (Realistic Simulation),2025-10-18
Ecuador,2021,Total Damages (USD millions),859.7535195854247,EM-DAT (Realistic Simulation),2025-10-18
Ecuador,2021,Drought Events,0,EM-DAT (Realistic Simulation),2025-10-18
Ecuador,2021,Flood Events,1,EM-DAT (Realistic Simulation),2025-10-18
Ecuador,2021,Storm Events,0,EM-DAT (Realistic Simulation),2025-10-18
Ecuador,2021,Food Security Impact Score,3.489087615429251,EM-DAT (Realistic Simulation),2025-10-18
Ecuador,2022,Number of Disasters,3,EM-DAT (Realistic Simulation),2025-10-18
Ecuador,2022,Total Affected (people),0,EM-DAT (Realistic Simulation),2025-10-18
Ecuador,2022,Total Damages (USD millions),364.0237546411667,EM-DAT (Realistic Simulation),2025-10-18
Ecuador,2022,Drought Events,0,EM-DAT (Realistic Simulation),2025-10-18
Ecuador,2022,Flood Events,2,EM-DAT (Realistic Simulation),2025-10-18
Ecuador,2022,Storm Events,0,EM-DAT (Realistic Simulation),2025-10-18
Ecuador,2022,Food Security Impact Score,2.776263039805509,EM-DAT (Realistic Simulation),2025-10-18
Ecuador,2023,Number of Disasters,2,EM-DAT (Realistic Simulation),2025-10-18
Ecuador,2023,Total Affected (people),125064.43099815851,EM-DAT (Realistic Simulation),2025-10-18
Ecuador,2023,Total Damages (USD millions),0,EM-DAT (Realistic Simulation),2025-10-18
Ecuador,2023,Drought Events,0,EM-DAT (Realistic Simulation),2025-10-18
Ecuador,2023,Flood Events,1,EM-DAT (Realistic Simulation),2025-10-18
Ecuador,2023,Storm Events,0,EM-DAT (Realistic Simulation),2025-10-18
Ecuador,2023,Food Security Impact Score,0.42227821820675526,EM-DAT (Realistic Simulation),2025-10-18
"Egypt, Arab Rep.",2020,Number of Disasters,3,EM-DAT (Realistic Simulation),2025-10-18
"Egypt, Arab Rep.",2020,Total Affected (people),235678.30204524627,EM-DAT (Realistic Simulation),2025-10-18
"Egypt, Arab Rep.",2020,Total Damages (USD millions),0,EM-DAT (Realistic Simulation),2025-10-18
"Egypt, Arab Rep.",2020,Drought Events,1,EM-DAT (Realistic Simulation),2025-10-18
"Egypt, Arab Rep.",2020,Flood Events,1,EM-DAT (Realistic Simulation),2025-10-18
"Egypt, Arab Rep.",2020,Storm Events,0,EM-DAT (Realistic Simulation),2025-10-18
"Egypt, Arab Rep.",2020,Food Security Impact Score,1.2930031969104117,EM-DAT (Realistic Simulation),2025-10-18
"Egypt, Arab Rep.",2021,Number of Disasters,0,EM-DAT (Realistic Simulation),2025-10-18
"Egypt, Arab Rep.",2021,Total Affected (people),58137.60464734186,EM-DAT (Realistic Simulation),2025-10-18
"Egypt, Arab Rep.",2021,Total Damages (USD millions),196.36486494464629,EM-DAT (Realistic Simulation),2025-10-18
"Egypt, Arab Rep.",2021,Drought Events,1,EM-DAT (Realistic Simulation),2025-10-18
"Egypt, Arab Rep.",2021,Flood Events,0,EM-DAT (Realistic Simulation),2025-10-18
"Egypt, Arab Rep.",2021,Storm Events,0,EM-DAT (Realistic Simulation),2025-10-18
"Egypt, Arab Rep.",2021,Food Security Impact Score,0.8591636095424353,EM-DAT (Realistic Simulation),2025-10-18
"Egypt, Arab Rep.",2022,Number of Disasters,2,EM-DAT (Realistic Simulation),2025-10-18
"Egypt, Arab Rep.",2022,Total Affected (people),1207.657480809401,EM-DAT (Realistic Simulation),2025-10-18
"Egypt, Arab Rep.",2022,Total Damages (USD millions),176.18342566760802,EM-DAT (Realistic Simulation),2025-10-18
"Egypt, Arab Rep.",2022,Drought Events,1,EM-DAT (Realistic Simulation),2025-10-18
"Egypt, Arab Rep.",2022,Flood Events,0,EM-DAT (Realistic Simulation),2025-10-18
"Egypt, Arab Rep.",2022,Storm Events,0,EM-DAT (Realistic Simulation),2025-10-18
"Egypt, Arab Rep.",2022,Food Security Impact Score,1.178368478572679,EM-DAT (Realistic Simulation),2025-10-18
"Egypt, Arab Rep.",2023,Number of Disasters,1,EM-DAT (Realistic Simulation),2025-10-18
"Egypt, Arab Rep.",2023,Total Affected (people),164874.9212216906,EM-DAT (Realistic Simulation),2025-10-18
"Egypt, Arab Rep.",2023,Total Damages (USD millions),468.47427432181604,EM-DAT (Realistic Simulation),2025-10-18
"Egypt, Arab Rep.",2023,Drought Events,0,EM-DAT (Realistic Simulation),2025-10-18
"Egypt, Arab Rep.",2023,Flood Events,1,EM-DAT (Realistic Simulation),2025-10-18
"Egypt, Arab Rep.",2023,Storm Events,3,EM-DAT (Realistic Simulation),2025-10-18
"Egypt, Arab Rep.",2023,Food Security Impact Score,5.333262639487492,EM-DAT (Realistic Simulation),2025-10-18
El Salvador,2020,Number of Disasters,1,EM-DAT (Realistic Simulation),2025-10-18
El Salvador,2020,Total Affected (people),0,EM-DAT (Realistic Simulation),2025-10-18
El Salvador,2020,Total Damages (USD millions),0,EM-DAT (Realistic Simulation),2025-10-18
El Salvador,2020,Drought Events,1,EM-DAT (Realistic Simulation),2025-10-18
El Salvador,2020,Flood Events,2,EM-DAT (Realistic Simulation),2025-10-18
El Salvador,2020,Storm Events,1,EM-DAT (Realistic Simulation),2025-10-18
El Salvador,2020,Food Security Impact Score,3.494924692844645,EM-DAT (Realistic Simulation),2025-10-18
El Salvador,2021,Number of Disasters,1,EM-DAT (Realistic Simulation),2025-10-18
El Salvador,2021,Total Affected (people),0,EM-DAT (Realistic Simulation),2025-10-18
El Salvador,2021,Total Damages (USD millions),0,EM-DAT (Realistic Simulation),2025-10-18
El Salvador,2021,Drought Events,0,EM-DAT (Realistic Simulation),2025-10-18
El Salvador,2021,Flood Events,0,EM-DAT (Realistic Simulation),2025-10-18
El Salvador,2021,Storm Events,1,EM-DAT (Realistic Simulation),2025-10-18
El Salvador,2021,Food Security Impact Score,1.2027306173252392,EM-DAT (Realistic Simulation),2025-10-18
El Salvador,2022,Number of Disasters,2,EM-DAT (Realistic Simulation),2025-10-18
El Salvador,2022,Total Affected (people),69602.44253021285,EM-DAT (Realistic Simulation),2025-10-18
El Salvador,2022,Total Damages (USD millions),0,EM-DAT (Realistic Simulation),2025-10-18
El Salvador,2022,Drought Events,2,EM-DAT (Realistic Simulation),2025-10-18
El Salvador,2022,Flood Events,1,EM-DAT (Realistic Simulation),2025-10-18
El Salvador,2022,Storm Events,1,EM-DAT (Realistic Simulation),2025-10-18
El Salvador,2022,Food Security Impact Score,5.275219319210139,EM-DAT (Realistic Simulation),2025-10-18
El Salvador,2023,Number of Disasters,2,EM-DAT (Realistic Simulation),2025-10-18
El Salvador,2023,Total Affected (people),76121.11793450132,EM-DAT (Realistic Simulation),2025-10-18
El Salvador,2023,Total Damages (USD millions),120.49726204419859,EM-DAT (Realistic Simulation),2025-10-18
El Salvador,2023,Drought Events,1,EM-DAT (Realistic Simulation),2025-10-18
El Salvador,2023,Flood Events,3,EM-DAT (Realistic Simulation),2025-10-18
El Salvador,2023,Storm Events,1,EM-DAT (Realistic Simulation),2025-10-18
El Salvador,2023,Food Security Impact Score,1.8456358726309827,EM-DAT (Realistic Simulation),2025-10-18
Equatorial Guinea,2020,Number of Disasters,0,EM-DAT (Realistic Simulation),2025-10-18
Equatorial Guinea,2020,Total Affected (people),0,EM-DAT (Realistic Simulation),2025-10-18
Equatorial Guinea,2020,Total Damages (USD millions),0,EM-DAT (Realistic Simulation),2025-10-18
Equatorial Guinea,2020,Drought Events,0,EM-DAT (Realistic Simulation),2025-10-18
Equatorial Guinea,2020,Flood Events,1,EM-DAT (Realistic Simulation),2025-10-18
Equatorial Guinea,2020,Storm Events,0,EM-DAT (Realistic Simulation),2025-10-18
Equatorial Guinea,2020,Food Security Impact Score,5.437967811628829,EM-DAT (Realistic Simulation),2025-10-18
Equatorial Guinea,2021,Number of Disasters,1,EM-DAT (Realistic Simulation),2025-10-18
Equatorial Guinea,2021,Total Affected (people),97877.90676885619,EM-DAT (Realistic Simulation),2025-10-18
Equatorial Guinea,2021,Total Damages (USD millions),1126.975839054093,EM-DAT (Realistic Simulation),2025-10-18
Equatorial Guinea,2021,Drought Events,1,EM-DAT (Realistic Simulation),2025-10-18
Equatorial Guinea,2021,Flood Events,0,EM-DAT (Realistic Simulation),2025-10-18
Equatorial Guinea,2021,Storm Events,0,EM-DAT (Realistic Simulation),2025-10-18
Equatorial Guinea,2021,Food Security Impact Score,1.3210651630743477,EM-DAT (Realistic Simulation),2025-10-18
Equatorial Guinea,2022,Number of Disasters,3,EM-DAT (Realistic Simulation),2025-10-18
Equatorial Guinea,2022,Total Affected (people),121677.53506189882,EM-DAT (Realistic Simulation),2025-10-18
Equatorial Guinea,2022,Total Damages (USD millions),0,EM-DAT (Realistic Simulation),2025-10-18
Equatorial Guinea,2022,Drought Events,2,EM-DAT (Realistic Simulation),2025-10-18
Equatorial Guinea,2022,Flood Events,0,EM-DAT (Realistic Simulation),2025-10-18
Equatorial Guinea,2022,Storm Events,2,EM-DAT (Realistic Simulation),2025-10-18
Equatorial Guinea,2022,Food Security Impact Score,5.139152475131111,EM-DAT (Realistic Simulation),2025-10-18
Equatorial Guinea,2023,Number of Disasters,3,EM-DAT (Realistic Simulation),2025-10-18
Equatorial Guinea,2023,Total Affected (people),67940.12441586755,EM-DAT (Realistic Simulation),2025-10-18
Equatorial Guinea,2023,Total Damages (USD millions),554.72017073262,EM-DAT (Realistic Simulation),2025-10-18
Equatorial Guinea,2023,Drought Events,1,EM-DAT (Realistic Simulation),2025-10-18
Equatorial Guinea,2023,Flood Events,2,EM-DAT (Realistic Simulation),2025-10-18
Equatorial Guinea,2023,Storm Events,1,EM-DAT (Realistic Simulation),2025-10-18
Equatorial Guinea,2023,Food Security Impact Score,5.247751312612915,EM-DAT (Realistic Simulation),2025-10-18
Eritrea,2020,Number of Disasters,0,EM-DAT (Realistic Simulation),2025-10-18
Eritrea,2020,Total Affected (people),73568.36196406042,EM-DAT (Realistic Simulation),2025-10-18
Eritrea,2020,Total Damages (USD millions),55.40148547679912,EM-DAT (Realistic Simulation),2025-10-18
Eritrea,2020,Drought Events,3,EM-DAT (Realistic Simulation),2025-10-18
Eritrea,2020,Flood Events,1,EM-DAT (Realistic Simulation),2025-10-18
Eritrea,2020,Storm Events,0,EM-DAT (Realistic Simulation),2025-10-18
Eritrea,2020,Food Security Impact Score,0,EM-DAT (Realistic Simulation),2025-10-18
Eritrea,2021,Number of Disasters,7,EM-DAT (Realistic Simulation),2025-10-18
Eritrea,2021,Total Affected (people),80896.73856859298,EM-DAT (Realistic Simulation),2025-10-18
Eritrea,2021,Total Damages (USD millions),107.04630285848617,EM-DAT (Realistic Simulation),2025-10-18
Eritrea,2021,Drought Events,2,EM-DAT (Realistic Simulation),2025-10-18
Eritrea,2021,Flood Events,1,EM-DAT (Realistic Simulation),2025-10-18
Eritrea,2021,Storm Events,1,EM-DAT (Realistic Simulation),2025-10-18
Eritrea,2021,Food Security Impact Score,3.0775187753333593,EM-DAT (Realistic Simulation),2025-10-18
Eritrea,2022,Number of Disasters,1,EM-DAT (Realistic Simulation),2025-10-18
Eritrea,2022,Total Affected (people),0,EM-DAT (Realistic Simulation),2025-10-18
Eritrea,2022,Total Damages (USD millions),79.04141266191796,EM-DAT (Realistic Simulation),2025-10-18
Eritrea,2022,Drought Events,0,EM-DAT (Realistic Simulation),2025-10-18
Eritrea,2022,Flood Events,0,EM-DAT (Realistic Simulation),2025-10-18
Eritrea,2022,Storm Events,0,EM-DAT (Realistic Simulation),2025-10-18
Eritrea,2022,Food Security Impact Score,4.057128029560384,EM-DAT (Realistic Simulation),2025-10-18
Eritrea,2023,Number of Disasters,4,EM-DAT (Realistic Simulation),2025-10-18
Eritrea,2023,Total Affected (people),11839.956551581468,EM-DAT (Realistic Simulation),2025-10-18
Eritrea,2023,Total Damages (USD millions),0,EM-DAT (Realistic Simulation),2025-10-18
Eritrea,2023,Drought Events,0,EM-DAT (Realistic Simulation),2025-10-18
Eritrea,2023,Flood Events,0,EM-DAT (Realistic Simulation),2025-10-18
Eritrea,2023,Storm Events,0,EM-DAT (Realistic Simulation),2025-10-18
Eritrea,2023,Food Security Impact Score,1.89945771155502,EM-DAT (Realistic Simulation),2025-10-18
Estonia,2020,Number of Disasters,1,EM-DAT (Realistic Simulation),2025-10-18
Estonia,2020,Total Affected (people),0,EM-DAT (Realistic Simulation),2025-10-18
Estonia,2020,Total Damages (USD millions),29.653084956540553,EM-DAT (Realistic Simulation),2025-10-18
Estonia,2020,Drought Events,1,EM-DAT (Realistic Simulation),2025-10-18
Estonia,2020,Flood Events,1,EM-DAT (Realistic Simulation),2025-10-18
Estonia,2020,Storm Events,3,EM-DAT (Realistic Simulation),2025-10-18
Estonia,2020,Food Security Impact Score,0,EM-DAT (Realistic Simulation),2025-10-18
Estonia,2021,Number of Disasters,1,EM-DAT (Realistic Simulation),2025-10-18
Estonia,2021,Total Affected (people),95907.77361525875,EM-DAT (Realistic Simulation),2025-10-18
Estonia,2021,Total Damages (USD millions),0,EM-DAT (Realistic Simulation),2025-10-18
Estonia,2021,Drought Events,1,EM-DAT (Realistic Simulation),2025-10-18
Estonia,2021,Flood Events,0,EM-DAT (Realistic Simulation),2025-10-18
Estonia,2021,Storm Events,2,EM-DAT (Realistic Simulation),2025-10-18
Estonia,2021,Food Security Impact Score,1.3071406414769404,EM-DAT (Realistic Simulation),2025-10-18
Estonia,2022,Number of Disasters,0,EM-DAT (Realistic Simulation),2025-10-18
Estonia,2022,Total Affected (people),0,EM-DAT (Realistic Simulation),2025-10-18
Estonia,2022,Total Damages (USD millions),587.2491006850769,EM-DAT (Realistic Simulation),2025-10-18
Estonia,2022,Drought Events,0,EM-DAT (Realistic Simulation),2025-10-18
Estonia,2022,Flood Events,1,EM-DAT (Realistic Simulation),2025-10-18
Estonia,2022,Storm Events,3,EM-DAT (Realistic Simulation),2025-10-18
Estonia,2022,Food Security Impact Score,2.744449192636579,EM-DAT (Realistic Simulation),2025-10-18
Estonia,2023,Number of Disasters,1,EM-DAT (Realistic Simulation),2025-10-18
Estonia,2023,Total Affected (people),38044.01870568616,EM-DAT (Realistic Simulation),2025-10-18
Estonia,2023,Total Damages (USD millions),0,EM-DAT (Realistic Simulation),2025-10-18
Estonia,2023,Drought Events,0,EM-DAT (Realistic Simulation),2025-10-18
Estonia,2023,Flood Events,1,EM-DAT (Realistic Simulation),2025-10-18
Estonia,2023,Storm Events,3,EM-DAT (Realistic Simulation),2025-10-18
Estonia,2023,Food Security Impact Score,4.102534287008517,EM-DAT (Realistic Simulation),2025-10-18
Eswatini,2020,Number of Disasters,4,EM-DAT (Realistic Simulation),2025-10-18
Eswatini,2020,Total Affected (people),57627.77360816873,EM-DAT (Realistic Simulation),2025-10-18
Eswatini,2020,Total Damages (USD millions),545.6021509328376,EM-DAT (Realistic Simulation),2025-10-18
Eswatini,2020,Drought Events,0,EM-DAT (Realistic Simulation),2025-10-18
Eswatini,2020,Flood Events,1,EM-DAT (Realistic Simulation),2025-10-18
Eswatini,2020,Storm Events,3,EM-DAT (Realistic Simulation),2025-10-18
Eswatini,2020,Food Security Impact Score,5.149377969620754,EM-DAT (Realistic Simulation),2025-10-18
Eswatini,2021,Number of Disasters,2,EM-DAT (Realistic Simulation),2025-10-18
Eswatini,2021,Total Affected (people),42100.93753802685,EM-DAT (Realistic Simulation),2025-10-18
Eswatini,2021,Total Damages (USD millions),166.3006121229845,EM-DAT (Realistic Simulation),2025-10-18
Eswatini,2021,Drought Events,1,EM-DAT (Realistic Simulation),2025-10-18
Eswatini,2021,Flood Events,0,EM-DAT (Realistic Simulation),2025-10-18
Eswatini,2021,Storm Events,1,EM-DAT (Realistic Simulation),2025-10-18
Eswatini,2021,Food Security Impact Score,1.5685182748171762,EM-DAT (Realistic Simulation),2025-10-18
Eswatini,2022,Number of Disasters,4,EM-DAT (Realistic Simulation),2025-10-18
Eswatini,2022,Total Affected (people),58648.46410850779,EM-DAT (Realistic Simulation),2025-10-18
Eswatini,2022,Total Damages (USD millions),75.03244554022703,EM-DAT (Realistic Simulation),2025-10-18
Eswatini,2022,Drought Events,0,EM-DAT (Realistic Simulation),2025-10-18
Eswatini,2022,Flood Events,3,EM-DAT (Realistic Simulation),2025-10-18
Eswatini,2022,Storm Events,3,EM-DAT (Realistic Simulation),2025-10-18
Eswatini,2022,Food Security Impact Score,5.397636896135177,EM-DAT (Realistic Simulation),2025-10-18
Eswatini,2023,Number of Disasters,1,EM-DAT (Realistic Simulation),2025-10-18
Eswatini,2023,Total Affected (people),146907.62831732095,EM-DAT (Realistic Simulation),2025-10-18
Eswatini,2023,Total Damages (USD millions),286.37681112491276,EM-DAT (Realistic Simulation),2025-10-18
Eswatini,2023,Drought Events,0,EM-DAT (Realistic Simulation),2025-10-18
Eswatini,2023,Flood Events,1,EM-DAT (Realistic Simulation),2025-10-18
Eswatini,2023,Storm Events,2,EM-DAT (Realistic Simulation),2025-10-18
Eswatini,2023,Food Security Impact Score,2.55675820559309,EM-DAT (Realistic Simulation),2025-10-18
Ethiopia,2020,Number of Disasters,4,EM-DAT (Realistic Simulation),2025-10-18
Ethiopia,2020,Total Affected (people),138947.5330133587,EM-DAT (Realistic Simulation),2025-10-18
Ethiopia,2020,Total Damages (USD millions),30.84127510991432,EM-DAT (Realistic Simulation),2025-10-18
Ethiopia,2020,Drought Events,0,EM-DAT (Realistic Simulation),2025-10-18
Ethiopia,2020,Flood Events,0,EM-DAT (Realistic Simulation),2025-10-18
Ethiopia,2020,Storm Events,1,EM-DAT (Realistic Simulation),2025-10-18
Ethiopia,2020,Food Security Impact Score,3.0719559308767797,EM-DAT (Realistic Simulation),2025-10-18
Ethiopia,2021,Number of Disasters,3,EM-DAT (Realistic Simulation),2025-10-18
Ethiopia,2021,Total Affected (people),0,EM-DAT (Realistic Simulation),2025-10-18
Ethiopia,2021,Total Damages (USD millions),544.3573290720562,EM-DAT (Realistic Simulation),2025-10-18
Ethiopia,2021,Drought Events,0,EM-DAT (Realistic Simulation),2025-10-18
Ethiopia,2021,Flood Events,0,EM-DAT (Realistic Simulation),2025-10-18
Ethiopia,2021,Storm Events,0,EM-DAT (Realistic Simulation),2025-10-18
Ethiopia,2021,Food Security Impact Score,1.204390918527967,EM-DAT (Realistic Simulation),2025-10-18
Ethiopia,2022,Number of Disasters,0,EM-DAT (Realistic Simulation),2025-10-18
Ethiopia,2022,Total Affected (people),108070.68350061205,EM-DAT (Realistic Simulation),2025-10-18
Ethiopia,2022,Total Damages (USD millions),0,EM-DAT (Realistic Simulation),2025-10-18
Ethiopia,2022,Drought Events,1,EM-DAT (Realistic Simulation),2025-10-18
Ethiopia,2022,Flood Events,1,EM-DAT (Realistic Simulation),2025-10-18
Ethiopia,2022,Storm Events,0,EM-DAT (Realistic Simulation),2025-10-18
Ethiopia,2022,Food Security Impact Score,6.396005386120535,EM-DAT (Realistic Simulation),2025-10-18
Ethiopia,2023,Number of Disasters,1,EM-DAT (Realistic Simulation),2025-10-18
Ethiopia,2023,Total Affected (people),182733.0889130327,EM-DAT (Realistic Simulation),2025-10-18
Ethiopia,2023,Total Damages (USD millions),544.4445849258484,EM-DAT (Realistic Simulation),2025-10-18
Ethiopia,2023,Drought Events,0,EM-DAT (Realistic Simulation),2025-10-18
Ethiopia,2023,Flood Events,0,EM-DAT (Realistic Simulation),2025-10-18
Ethiopia,2023,Storm Events,1,EM-DAT (Realistic Simulation),2025-10-18
Ethiopia,2023,Food Security Impact Score,1.3463574825402198,EM-DAT (Realistic Simulation),2025-10-18
Euro area,2020,Number of Disasters,3,EM-DAT (Realistic Simulation),2025-10-18
Euro area,2020,Total Affected (people),164259.26553871646,EM-DAT (Realistic Simulation),2025-10-18
Euro area,2020,Total Damages (USD millions),0,EM-DAT (Realistic Simulation),2025-10-18
Euro area,2020,Drought Events,1,EM-DAT (Realistic Simulation),2025-10-18
Euro area,2020,Flood Events,0,EM-DAT (Realistic Simulation),2025-10-18
Euro area,2020,Storm Events,0,EM-DAT (Realistic Simulation),2025-10-18
Euro area,2020,Food Security Impact Score,3.521481060805294,EM-DAT (Realistic Simulation),2025-10-18
Euro area,2021,Number of Disasters,2,EM-DAT (Realistic Simulation),2025-10-18
Euro area,2021,Total Affected (people),0,EM-DAT (Realistic Simulation),2025-10-18
Euro area,2021,Total Damages (USD millions),0,EM-DAT (Realistic Simulation),2025-10-18
Euro area,2021,Drought Events,0,EM-DAT (Realistic Simulation),2025-10-18
Euro area,2021,Flood Events,2,EM-DAT (Realistic Simulation),2025-10-18
Euro area,2021,Storm Events,0,EM-DAT (Realistic Simulation),2025-10-18
Euro area,2021,Food Security Impact Score,3.317941935307351,EM-DAT (Realistic Simulation),2025-10-18
Euro area,2022,Number of Disasters,3,EM-DAT (Realistic Simulation),2025-10-18
Euro area,2022,Total Affected (people),0,EM-DAT (Realistic Simulation),2025-10-18
Euro area,2022,Total Damages (USD millions),226.97511785828016,EM-DAT (Realistic Simulation),2025-10-18
Euro area,2022,Drought Events,0,EM-DAT (Realistic Simulation),2025-10-18
Euro area,2022,Flood Events,0,EM-DAT (Realistic Simulation),2025-10-18
Euro area,2022,Storm Events,1,EM-DAT (Realistic Simulation),2025-10-18
Euro area,2022,Food Security Impact Score,4.921624691029468,EM-DAT (Realistic Simulation),2025-10-18
Euro area,2023,Number of Disasters,4,EM-DAT (Realistic Simulation),2025-10-18
Euro area,2023,Total Affected (people),61880.03425850063,EM-DAT (Realistic Simulation),2025-10-18
Euro area,2023,Total Damages (USD millions),418.2866061340783,EM-DAT (Realistic Simulation),2025-10-18
Euro area,2023,Drought Events,0,EM-DAT (Realistic Simulation),2025-10-18
Euro area,2023,Flood Events,2,EM-DAT (Realistic Simulation),2025-10-18
Euro area,2023,Storm Events,0,EM-DAT (Realistic Simulation),2025-10-18
Euro area,2023,Food Security Impact Score,0,EM-DAT (Realistic Simulation),2025-10-18
Europe & Central Asia,2020,Number of Disasters,2,EM-DAT (Realistic Simulation),2025-10-18
Europe & Central Asia,2020,Total Affected (people),0,EM-DAT (Realistic Simulation),2025-10-18
Europe & Central Asia,2020,Total Damages (USD millions),272.1211166329456,EM-DAT (Realistic Simulation),2025-10-18
Europe & Central Asia,2020,Drought Events,0,EM-DAT (Realistic Simulation),2025-10-18
Europe & Central Asia,2020,Flood Events,2,EM-DAT (Realistic Simulation),2025-10-18
Europe & Central Asia,2020,Storm Events,1,EM-DAT (Realistic Simulation),2025-10-18
Europe & Central Asia,2020,Food Security Impact Score,3.211179105921549,EM-DAT (Realistic Simulation),2025-10-18
Europe & Central Asia,2021,Number of Disasters,5,EM-DAT (Realistic Simulation),2025-10-18
Europe & Central Asia,2021,Total Affected (people),182148.39153108644,EM-DAT (Realistic Simulation),2025-10-18
Europe & Central Asia,2021,Total Damages (USD millions),0,EM-DAT (Realistic Simulation),2025-10-18
Europe & Central Asia,2021,Drought Events,0,EM-DAT (Realistic Simulation),2025-10-18
Europe & Central Asia,2021,Flood Events,1,EM-DAT (Realistic Simulation),2025-10-18
Europe & Central Asia,2021,Storm Events,0,EM-DAT (Realistic Simulation),2025-10-18
Europe & Central Asia,2021,Food Security Impact Score,4.102363018769983,EM-DAT (Realistic Simulation),2025-10-18
Europe & Central Asia,2022,Number of Disasters,2,EM-DAT (Realistic Simulation),2025-10-18
Europe & Central Asia,2022,Total Affected (people),43920.679134595295,EM-DAT (Realistic Simulation),2025-10-18
Europe & Central Asia,2022,Total Damages (USD millions),329.49591018319484,EM-DAT (Realistic Simulation),2025-10-18
Europe & Central Asia,2022,Drought Events,0,EM-DAT (Realistic Simulation),2025-10-18
Europe & Central Asia,2022,Flood Events,1,EM-DAT (Realistic Simulation),2025-10-18
Europe & Central Asia,2022,Storm Events,1,EM-DAT (Realistic Simulation),2025-10-18
Europe & Central Asia,2022,Food Security Impact Score,3.271980219696778,EM-DAT (Realistic Simulation),2025-10-18
Europe & Central Asia,2023,Number of Disasters,3,EM-DAT (Realistic Simulation),2025-10-18
Europe & Central Asia,2023,Total Affected (people),116172.00481390137,EM-DAT (Realistic Simulation),2025-10-18
Europe & Central Asia,2023,Total Damages (USD millions),0,EM-DAT (Realistic Simulation),2025-10-18
Europe & Central Asia,2023,Drought Events,0,EM-DAT (Realistic Simulation),2025-10-18
Europe & Central Asia,2023,Flood Events,3,EM-DAT (Realistic Simulation),2025-10-18
Europe & Central Asia,2023,Storm Events,0,EM-DAT (Realistic Simulation),2025-10-18
Europe & Central Asia,2023,Food Security Impact Score,3.071613355102019,EM-DAT (Realistic Simulation),2025-10-18
Europe & Central Asia (excluding high income),2020,Number of Disasters,1,EM-DAT (Realistic Simulation),2025-10-18
Europe & Central Asia (excluding high income),2020,Total Affected (people),111672.83263551505,EM-DAT (Realistic Simulation),2025-10-18
Europe & Central Asia (excluding high income),2020,Total Damages (USD millions),0,EM-DAT (Realistic Simulation),2025-10-18
Europe & Central Asia (excluding high income),2020,Drought Events,0,EM-DAT (Realistic Simulation),2025-10-18
Europe & Central Asia (excluding high income),2020,Flood Events,0,EM-DAT (Realistic Simulation),2025-10-18
Europe & Central Asia (excluding high income),2020,Storm Events,0,EM-DAT (Realistic Simulation),2025-10-18
Europe & Central Asia (excluding high income),2020,Food Security Impact Score,3.4073599372420165,EM-DAT (Realistic Simulation),2025-10-18
Europe & Central Asia (excluding high income),2021,Number of Disasters,2,EM-DAT (Realistic Simulation),2025-10-18
Europe & Central Asia (excluding high income),2021,Total Affected (people),150468.1272972115,EM-DAT (Realistic Simulation),2025-10-18
Europe & Central Asia (excluding high income),2021,Total Damages (USD millions),925.4029215985547,EM-DAT (Realistic Simulation),2025-10-18
Europe & Central Asia (excluding high income),2021,Drought Events,0,EM-DAT (Realistic Simulation),2025-10-18
Europe & Central Asia (excluding high income),2021,Flood Events,0,EM-DAT (Realistic Simulation),2025-10-18
Europe & Central Asia (excluding high income),2021,Storm Events,0,EM-DAT (Realistic Simulation),2025-10-18
Europe & Central Asia (excluding high income),2021,Food Security Impact Score,1.9139775058064739,EM-DAT (Realistic Simulation),2025-10-18
Europe & Central Asia (excluding high income),2022,Number of Disasters,5,EM-DAT (Realistic Simulation),2025-10-18
Europe & Central Asia (excluding high income),2022,Total Affected (people),0,EM-DAT (Realistic Simulation),2025-10-18
Europe & Central Asia (excluding high income),2022,Total Damages (USD millions),0,EM-DAT (Realistic Simulation),2025-10-18
Europe & Central Asia (excluding high income),2022,Drought Events,0,EM-DAT (Realistic Simulation),2025-10-18
Europe & Central Asia (excluding high income),2022,Flood Events,0,EM-DAT (Realistic Simulation),2025-10-18
Europe & Central Asia (excluding high income),2022,Storm Events,1,EM-DAT (Realistic Simulation),2025-10-18
Europe & Central Asia (excluding high income),2022,Food Security Impact Score,0.6558984740710918,EM-DAT (Realistic Simulation),2025-10-18
Europe & Central Asia (excluding high income),2023,Number of Disasters,2,EM-DAT (Realistic Simulation),2025-10-18
Europe & Central Asia (excluding high income),2023,Total Affected (people),0,EM-DAT (Realistic Simulation),2025-10-18
Europe & Central Asia (excluding high income),2023,Total Damages (USD millions),281.2172951038943,EM-DAT (Realistic Simulation),2025-10-18
Europe & Central Asia (excluding high income),2023,Drought Events,1,EM-DAT (Realistic Simulation),2025-10-18
Europe & Central Asia (excluding high income),2023,Flood Events,1,EM-DAT (Realistic Simulation),2025-10-18
Europe & Central Asia (excluding high income),2023,Storm Events,1,EM-DAT (Realistic Simulation),2025-10-18
Europe & Central Asia (excluding high income),2023,Food Security Impact Score,1.6502173201464296,EM-DAT (Realistic Simulation),2025-10-18
Europe & Central Asia (IDA & IBRD countries),2020,Number of Disasters,1,EM-DAT (Realistic Simulation),2025-10-18
Europe & Central Asia (IDA & IBRD countries),2020,Total Affected (people),165895.72012775892,EM-DAT (Realistic Simulation),2025-10-18
Europe & Central Asia (IDA & IBRD countries),2020,Total Damages (USD millions),642.3702337846953,EM-DAT (Realistic Simulation),2025-10-18
Europe & Central Asia (IDA & IBRD countries),2020,Drought Events,1,EM-DAT (Realistic Simulation),2025-10-18
Europe & Central Asia (IDA & IBRD countries),2020,Flood Events,1,EM-DAT (Realistic Simulation),2025-10-18
Europe & Central Asia (IDA & IBRD countries),2020,Storm Events,0,EM-DAT (Realistic Simulation),2025-10-18
Europe & Central Asia (IDA & IBRD countries),2020,Food Security Impact Score,3.166277670324958,EM-DAT (Realistic Simulation),2025-10-18
Europe & Central Asia (IDA & IBRD countries),2021,Number of Disasters,2,EM-DAT (Realistic Simulation),2025-10-18
Europe & Central Asia (IDA & IBRD countries),2021,Total Affected (people),4182.604947518972,EM-DAT (Realistic Simulation),2025-10-18
Europe & Central Asia (IDA & IBRD countries),2021,Total Damages (USD millions),401.17913909861784,EM-DAT (Realistic Simulation),2025-10-18
Europe & Central Asia (IDA & IBRD countries),2021,Drought Events,1,EM-DAT (Realistic Simulation),2025-10-18
Europe & Central Asia (IDA & IBRD countries),2021,Flood Events,1,EM-DAT (Realistic Simulation),2025-10-18
Europe & Central Asia (IDA & IBRD countries),2021,Storm Events,0,EM-DAT (Realistic Simulation),2025-10-18
Europe & Central Asia (IDA & IBRD countries),2021,Food Security Impact Score,1.318037217790692,EM-DAT (Realistic Simulation),2025-10-18
Europe & Central Asia (IDA & IBRD countries),2022,Number of Disasters,2,EM-DAT (Realistic Simulation),2025-10-18
Europe & Central Asia (IDA & IBRD countries),2022,Total Affected (people),83202.04523256162,EM-DAT (Realistic Simulation),2025-10-18
Europe & Central Asia (IDA & IBRD countries),2022,Total Damages (USD millions),298.9027642076714,EM-DAT (Realistic Simulation),2025-10-18
Europe & Central Asia (IDA & IBRD countries),2022,Drought Events,1,EM-DAT (Realistic Simulation),2025-10-18
Europe & Central Asia (IDA & IBRD countries),2022,Flood Events,0,EM-DAT (Realistic Simulation),2025-10-18
Europe & Central Asia (IDA & IBRD countries),2022,Storm Events,0,EM-DAT (Realistic Simulation),2025-10-18
Europe & Central Asia (IDA & IBRD countries),2022,Food Security Impact Score,0.04355047183388505,EM-DAT (Realistic Simulation),2025-10-18
Europe & Central Asia (IDA & IBRD countries),2023,Number of Disasters,2,EM-DAT (Realistic Simulation),2025-10-18
Europe & Central Asia (IDA & IBRD countries),2023,Total Affected (people),0,EM-DAT (Realistic Simulation),2025-10-18
Europe & Central Asia (IDA & IBRD countries),2023,Total Damages (USD millions),0,EM-DAT (Realistic Simulation),2025-10-18
Europe & Central Asia (IDA & IBRD countries),2023,Drought Events,0,EM-DAT (Realistic Simulation),2025-10-18
Europe & Central Asia (IDA & IBRD countries),2023,Flood Events,3,EM-DAT (Realistic Simulation),2025-10-18
Europe & Central Asia (IDA & IBRD countries),2023,Storm Events,0,EM-DAT (Realistic Simulation),2025-10-18
Europe & Central Asia (IDA & IBRD countries),2023,Food Security Impact Score,3.6984601735249547,EM-DAT (Realistic Simulation),2025-10-18
European Union,2020,Number of Disasters,2,EM-DAT (Realistic Simulation),2025-10-18
European Union,2020,Total Affected (people),18219.132774600872,EM-DAT (Realistic Simulation),2025-10-18
European Union,2020,Total Damages (USD millions),251.44422166246622,EM-DAT (Realistic Simulation),2025-10-18
European Union,2020,Drought Events,1,EM-DAT (Realistic Simulation),2025-10-18
European Union,2020,Flood Events,2,EM-DAT (Realistic Simulation),2025-10-18
European Union,2020,Storm Events,0,EM-DAT (Realistic Simulation),2025-10-18
European Union,2020,Food Security Impact Score,2.542361365762628,EM-DAT (Realistic Simulation),2025-10-18
European Union,2021,Number of Disasters,1,EM-DAT (Realistic Simulation),2025-10-18
European Union,2021,Total Affected (people),0,EM-DAT (Realistic Simulation),2025-10-18
European Union,2021,Total Damages (USD millions),966.8828608835228,EM-DAT (Realistic Simulation),2025-10-18
European Union,2021,Drought Events,1,EM-DAT (Realistic Simulation),2025-10-18
European Union,2021,Flood Events,0,EM-DAT (Realistic Simulation),2025-10-18
European Union,2021,Storm Events,0,EM-DAT (Realistic Simulation),2025-10-18
European Union,2021,Food Security Impact Score,0,EM-DAT (Realistic Simulation),2025-10-18
European Union,2022,Number of Disasters,3,EM-DAT (Realistic Simulation),2025-10-18
European Union,2022,Total Affected (people),0,EM-DAT (Realistic Simulation),2025-10-18
European Union,2022,Total Damages (USD millions),241.53989954061387,EM-DAT (Realistic Simulation),2025-10-18
European Union,2022,Drought Events,0,EM-DAT (Realistic Simulation),2025-10-18
European Union,2022,Flood Events,0,EM-DAT (Realistic Simulation),2025-10-18
European Union,2022,Storm Events,0,EM-DAT (Realistic Simulation),2025-10-18
European Union,2022,Food Security Impact Score,2.653629834170224,EM-DAT (Realistic Simulation),2025-10-18
European Union,2023,Number of Disasters,2,EM-DAT (Realistic Simulation),2025-10-18
European Union,2023,Total Affected (people),0,EM-DAT (Realistic Simulation),2025-10-18
European Union,2023,Total Damages (USD millions),0,EM-DAT (Realistic Simulation),2025-10-18
European Union,2023,Drought Events,0,EM-DAT (Realistic Simulation),2025-10-18
European Union,2023,Flood Events,0,EM-DAT (Realistic Simulation),2025-10-18
European Union,2023,Storm Events,0,EM-DAT (Realistic Simulation),2025-10-18
European Union,2023,Food Security Impact Score,0,EM-DAT (Realistic Simulation),2025-10-18
Faroe Islands,2020,Number of Disasters,0,EM-DAT (Realistic Simulation),2025-10-18
Faroe Islands,2020,Total Affected (people),114897.0874045048,EM-DAT (Realistic Simulation),2025-10-18
Faroe Islands,2020,Total Damages (USD millions),388.38567593366116,EM-DAT (Realistic Simulation),2025-10-18
Faroe Islands,2020,Drought Events,0,EM-DAT (Realistic Simulation),2025-10-18
Faroe Islands,2020,Flood Events,0,EM-DAT (Realistic Simulation),2025-10-18
Faroe Islands,2020,Storm Events,1,EM-DAT (Realistic Simulation),2025-10-18
Faroe Islands,2020,Food Security Impact Score,6.218673251886431,EM-DAT (Realistic Simulation),2025-10-18
Faroe Islands,2021,Number of Disasters,1,EM-DAT (Realistic Simulation),2025-10-18
Faroe Islands,2021,Total Affected (people),0,EM-DAT (Realistic Simulation),2025-10-18
Faroe Islands,2021,Total Damages (USD millions),0,EM-DAT (Realistic Simulation),2025-10-18
Faroe Islands,2021,Drought Events,0,EM-DAT (Realistic Simulation),2025-10-18
Faroe Islands,2021,Flood Events,0,EM-DAT (Realistic Simulation),2025-10-18
Faroe Islands,2021,Storm Events,0,EM-DAT (Realistic Simulation),2025-10-18
Faroe Islands,2021,Food Security Impact Score,0.7122065534717295,EM-DAT (Realistic Simulation),2025-10-18
Faroe Islands,2022,Number of Disasters,4,EM-DAT (Realistic Simulation),2025-10-18
Faroe Islands,2022,Total Affected (people),98862.03969825646,EM-DAT (Realistic Simulation),2025-10-18
Faroe Islands,2022,Total Damages (USD millions),0,EM-DAT (Realistic Simulation),2025-10-18
Faroe Islands,2022,Drought Events,0,EM-DAT (Realistic Simulation),2025-10-18
Faroe Islands,2022,Flood Events,0,EM-DAT (Realistic Simulation),2025-10-18
Faroe Islands,2022,Storm Events,1,EM-DAT (Realistic Simulation),2025-10-18
Faroe Islands,2022,Food Security Impact Score,3.616787620022917,EM-DAT (Realistic Simulation),2025-10-18
Faroe Islands,2023,Number of Disasters,2,EM-DAT (Realistic Simulation),2025-10-18
Faroe Islands,2023,Total Affected (people),0,EM-DAT (Realistic Simulation),2025-10-18
Faroe Islands,2023,Total Damages (USD millions),588.2687865625242,EM-DAT (Realistic Simulation),2025-10-18
Faroe Islands,2023,Drought Events,1,EM-DAT (Realistic Simulation),2025-10-18
Faroe Islands,2023,Flood Events,0,EM-DAT (Realistic Simulation),2025-10-18
Faroe Islands,2023,Storm Events,1,EM-DAT (Realistic Simulation),2025-10-18
Faroe Islands,2023,Food Security Impact Score,3.5604434878238242,EM-DAT (Realistic Simulation),2025-10-18
Fiji,2020,Number of Disasters,3,EM-DAT (Realistic Simulation),2025-10-18
Fiji,2020,Total Affected (people),299540.6979215436,EM-DAT (Realistic Simulation),2025-10-18
Fiji,2020,Total Damages (USD millions),0,EM-DAT (Realistic Simulation),2025-10-18
Fiji,2020,Drought Events,1,EM-DAT (Realistic Simulation),2025-10-18
Fiji,2020,Flood Events,0,EM-DAT (Realistic Simulation),2025-10-18
Fiji,2020,Storm Events,0,EM-DAT (Realistic Simulation),2025-10-18
Fiji,2020,Food Security Impact Score,0.22488719242937272,EM-DAT (Realistic Simulation),2025-10-18
Fiji,2021,Number of Disasters,4,EM-DAT (Realistic Simulation),2025-10-18
Fiji,2021,Total Affected (people),81531.26038802252,EM-DAT (Realistic Simulation),2025-10-18
Fiji,2021,Total Damages (USD millions),675.5780415648161,EM-DAT (Realistic Simulation),2025-10-18
Fiji,2021,Drought Events,0,EM-DAT (Realistic Simulation),2025-10-18
Fiji,2021,Flood Events,0,EM-DAT (Realistic Simulation),2025-10-18
Fiji,2021,Storm Events,1,EM-DAT (Realistic Simulation),2025-10-18
Fiji,2021,Food Security Impact Score,4.56016470968287,EM-DAT (Realistic Simulation),2025-10-18
Fiji,2022,Number of Disasters,2,EM-DAT (Realistic Simulation),2025-10-18
Fiji,2022,Total Affected (people),0,EM-DAT (Realistic Simulation),2025-10-18
Fiji,2022,Total Damages (USD millions),194.53527093231816,EM-DAT (Realistic Simulation),2025-10-18
Fiji,2022,Drought Events,0,EM-DAT (Realistic Simulation),2025-10-18
Fiji,2022,Flood Events,1,EM-DAT (Realistic Simulation),2025-10-18
Fiji,2022,Storm Events,4,EM-DAT (Realistic Simulation),2025-10-18
Fiji,2022,Food Security Impact Score,1.375457969261366,EM-DAT (Realistic Simulation),2025-10-18
Fiji,2023,Number of Disasters,2,EM-DAT (Realistic Simulation),2025-10-18
Fiji,2023,Total Affected (people),108167.61756261854,EM-DAT (Realistic Simulation),2025-10-18
Fiji,2023,Total Damages (USD millions),43.79587376350319,EM-DAT (Realistic Simulation),2025-10-18
Fiji,2023,Drought Events,0,EM-DAT (Realistic Simulation),2025-10-18
Fiji,2023,Flood Events,1,EM-DAT (Realistic Simulation),2025-10-18
Fiji,2023,Storm Events,0,EM-DAT (Realistic Simulation),2025-10-18
Fiji,2023,Food Security Impact Score,2.827686542640674,EM-DAT (Realistic Simulation),2025-10-18
Finland,2020,Number of Disasters,2,EM-DAT (Realistic Simulation),2025-10-18
Finland,2020,Total Affected (people),148555.74892528576,EM-DAT (Realistic Simulation),2025-10-18
Finland,2020,Total Damages (USD millions),0,EM-DAT (Realistic Simulation),2025-10-18
Finland,2020,Drought Events,0,EM-DAT (Realistic Simulation),2025-10-18
Finland,2020,Flood Events,3,EM-DAT (Realistic Simulation),2025-10-18
Finland,2020,Storm Events,3,EM-DAT (Realistic Simulation),2025-10-18
Finland,2020,Food Security Impact Score,4.284276701712903,EM-DAT (Realistic Simulation),2025-10-18
Finland,2021,Number of Disasters,2,EM-DAT (Realistic Simulation),2025-10-18
Finland,2021,Total Affected (people),0,EM-DAT (Realistic Simulation),2025-10-18
Finland,2021,Total Damages (USD millions),0,EM-DAT (Realistic Simulation),2025-10-18
Finland,2021,Drought Events,0,EM-DAT (Realistic Simulation),2025-10-18
Finland,2021,Flood Events,1,EM-DAT (Realistic Simulation),2025-10-18
Finland,2021,Storm Events,1,EM-DAT (Realistic Simulation),2025-10-18
Finland,2021,Food Security Impact Score,2.2457964649554385,EM-DAT (Realistic Simulation),2025-10-18
Finland,2022,Number of Disasters,4,EM-DAT (Realistic Simulation),2025-10-18
Finland,2022,Total Affected (people),0,EM-DAT (Realistic Simulation),2025-10-18
Finland,2022,Total Damages (USD millions),465.1832761453265,EM-DAT (Realistic Simulation),2025-10-18
Finland,2022,Drought Events,1,EM-DAT (Realistic Simulation),2025-10-18
Finland,2022,Flood Events,0,EM-DAT (Realistic Simulation),2025-10-18
Finland,2022,Storm Events,0,EM-DAT (Realistic Simulation),2025-10-18
Finland,2022,Food Security Impact Score,2.840101918087078,EM-DAT (Realistic Simulation),2025-10-18
Finland,2023,Number of Disasters,2,EM-DAT (Realistic Simulation),2025-10-18
Finland,2023,Total Affected (people),21479.21939437275,EM-DAT (Realistic Simulation),2025-10-18
Finland,2023,Total Damages (USD millions),527.2984399696229,EM-DAT (Realistic Simulation),2025-10-18
Finland,2023,Drought Events,0,EM-DAT (Realistic Simulation),2025-10-18
Finland,2023,Flood Events,1,EM-DAT (Realistic Simulation),2025-10-18
Finland,2023,Storm Events,1,EM-DAT (Realistic Simulation),2025-10-18
Finland,2023,Food Security Impact Score,6.777222499259658,EM-DAT (Realistic Simulation),2025-10-18
Fragile and conflict affected situations,2020,Number of Disasters,2,EM-DAT (Realistic Simulation),2025-10-18
Fragile and conflict affected situations,2020,Total Affected (people),70403.4608168107,EM-DAT (Realistic Simulation),2025-10-18
Fragile and conflict affected situations,2020,Total Damages (USD millions),427.6278662435219,EM-DAT (Realistic Simulation),2025-10-18
Fragile and conflict affected situations,2020,Drought Events,1,EM-DAT (Realistic Simulation),2025-10-18
Fragile and conflict affected situations,2020,Flood Events,0,EM-DAT (Realistic Simulation),2025-10-18
Fragile and conflict affected situations,2020,Storm Events,0,EM-DAT (Realistic Simulation),2025-10-18
Fragile and conflict affected situations,2020,Food Security Impact Score,3.040479158333147,EM-DAT (Realistic Simulation),2025-10-18
Fragile and conflict affected situations,2021,Number of Disasters,2,EM-DAT (Realistic Simulation),2025-10-18
Fragile and conflict affected situations,2021,Total Affected (people),142422.3246154883,EM-DAT (Realistic Simulation),2025-10-18
Fragile and conflict affected situations,2021,Total Damages (USD millions),0,EM-DAT (Realistic Simulation),2025-10-18
Fragile and conflict affected situations,2021,Drought Events,0,EM-DAT (Realistic Simulation),2025-10-18
Fragile and conflict affected situations,2021,Flood Events,0,EM-DAT (Realistic Simulation),2025-10-18
Fragile and conflict affected situations,2021,Storm Events,1,EM-DAT (Realistic Simulation),2025-10-18
Fragile and conflict affected situations,2021,Food Security Impact Score,2.209539872782614,EM-DAT (Realistic Simulation),2025-10-18
Fragile and conflict affected situations,2022,Number of Disasters,4,EM-DAT (Realistic Simulation),2025-10-18
Fragile and conflict affected situations,2022,Total Affected (people),83454.95621029178,EM-DAT (Realistic Simulation),2025-10-18
Fragile and conflict affected situations,2022,Total Damages (USD millions),526.1929671194259,EM-DAT (Realistic Simulation),2025-10-18
Fragile and conflict affected situations,2022,Drought Events,0,EM-DAT (Realistic Simulation),2025-10-18
Fragile and conflict affected situations,2022,Flood Events,2,EM-DAT (Realistic Simulation),2025-10-18
Fragile and conflict affected situations,2022,Storm Events,0,EM-DAT (Realistic Simulation),2025-10-18
Fragile and conflict affected situations,2022,Food Security Impact Score,1.308128418037176,EM-DAT (Realistic Simulation),2025-10-18
Fragile and conflict affected situations,2023,Number of Disasters,0,EM-DAT (Realistic Simulation),2025-10-18
Fragile and conflict affected situations,2023,Total Affected (people),109956.44503481578,EM-DAT (Realistic Simulation),2025-10-18
Fragile and conflict affected situations,2023,Total Damages (USD millions),65.96857268852989,EM-DAT (Realistic Simulation),2025-10-18
Fragile and conflict affected situations,2023,Drought Events,0,EM-DAT (Realistic Simulation),2025-10-18
Fragile and conflict affected situations,2023,Flood Events,0,EM-DAT (Realistic Simulation),2025-10-18
Fragile and conflict affected situations,2023,Storm Events,1,EM-DAT (Realistic Simulation),2025-10-18
Fragile and conflict affected situations,2023,Food Security Impact Score,5.198910304786569,EM-DAT (Realistic Simulation),2025-10-18
France,2020,Number of Disasters,1,EM-DAT (Realistic Simulation),2025-10-18
France,2020,Total Affected (people),44234.96619996719,EM-DAT (Realistic Simulation),2025-10-18
France,2020,Total Damages (USD millions),0,EM-DAT (Realistic Simulation),2025-10-18
France,2020,Drought Events,0,EM-DAT (Realistic Simulation),2025-10-18
France,2020,Flood Events,0,EM-DAT (Realistic Simulation),2025-10-18
France,2020,Storm Events,0,EM-DAT (Realistic Simulation),2025-10-18
France,2020,Food Security Impact Score,0.02496224201862729,EM-DAT (Realistic Simulation),2025-10-18
France,2021,Number of Disasters,2,EM-DAT (Realistic Simulation),2025-10-18
France,2021,Total Affected (people),54768.836172649215,EM-DAT (Realistic Simulation),2025-10-18
France,2021,Total Damages (USD millions),0,EM-DAT (Realistic Simulation),2025-10-18
France,2021,Drought Events,0,EM-DAT (Realistic Simulation),2025-10-18
France,2021,Flood Events,1,EM-DAT (Realistic Simulation),2025-10-18
France,2021,Storm Events,0,EM-DAT (Realistic Simulation),2025-10-18
France,2021,Food Security Impact Score,5.244898733724739,EM-DAT (Realistic Simulation),2025-10-18
France,2022,Number of Disasters,1,EM-DAT (Realistic Simulation),2025-10-18
France,2022,Total Affected (people),0,EM-DAT (Realistic Simulation),2025-10-18
France,2022,Total Damages (USD millions),675.5427306198891,EM-DAT (Realistic Simulation),2025-10-18
France,2022,Drought Events,0,EM-DAT (Realistic Simulation),2025-10-18
France,2022,Flood Events,3,EM-DAT (Realistic Simulation),2025-10-18
France,2022,Storm Events,1,EM-DAT (Realistic Simulation),2025-10-18
France,2022,Food Security Impact Score,4.3642499524662846,EM-DAT (Realistic Simulation),2025-10-18
France,2023,Number of Disasters,2,EM-DAT (Realistic Simulation),2025-10-18
France,2023,Total Affected (people),0,EM-DAT (Realistic Simulation),2025-10-18
France,2023,Total Damages (USD millions),452.00994314581277,EM-DAT (Realistic Simulation),2025-10-18
France,2023,Drought Events,0,EM-DAT (Realistic Simulation),2025-10-18
France,2023,Flood Events,0,EM-DAT (Realistic Simulation),2025-10-18
France,2023,Storm Events,0,EM-DAT (Realistic Simulation),2025-10-18
France,2023,Food Security Impact Score,1.0983253836696272,EM-DAT (Realistic Simulation),2025-10-18
French Polynesia,2020,Number of Disasters,3,EM-DAT (Realistic Simulation),2025-10-18
French Polynesia,2020,Total Affected (people),76652.71978717999,EM-DAT (Realistic Simulation),2025-10-18
French Polynesia,2020,Total Damages (USD millions),0,EM-DAT (Realistic Simulation),2025-10-18
French Polynesia,2020,Drought Events,2,EM-DAT (Realistic Simulation),2025-10-18
French Polynesia,2020,Flood Events,2,EM-DAT (Realistic Simulation),2025-10-18
French Polynesia,2020,Storm Events,1,EM-DAT (Realistic Simulation),2025-10-18
French Polynesia,2020,Food Security Impact Score,3.065646136005866,EM-DAT (Realistic Simulation),2025-10-18
French Polynesia,2021,Number of Disasters,5,EM-DAT (Realistic Simulation),2025-10-18
French Polynesia,2021,Total Affected (people),223827.77306053007,EM-DAT (Realistic Simulation),2025-10-18
French Polynesia,2021,Total Damages (USD millions),1194.0679998260296,EM-DAT (Realistic Simulation),2025-10-18
French Polynesia,2021,Drought Events,0,EM-DAT (Realistic Simulation),2025-10-18
French Polynesia,2021,Flood Events,3,EM-DAT (Realistic Simulation),2025-10-18
French Polynesia,2021,Storm Events,0,EM-DAT (Realistic Simulation),2025-10-18
French Polynesia,2021,Food Security Impact Score,4.269897456564259,EM-DAT (Realistic Simulation),2025-10-18
French Polynesia,2022,Number of Disasters,2,EM-DAT (Realistic Simulation),2025-10-18
French Polynesia,2022,Total Affected (people),0,EM-DAT (Realistic Simulation),2025-10-18
French Polynesia,2022,Total Damages (USD millions),1329.5883242252053,EM-DAT (Realistic Simulation),2025-10-18
French Polynesia,2022,Drought Events,0,EM-DAT (Realistic Simulation),2025-10-18
French Polynesia,2022,Flood Events,0,EM-DAT (Realistic Simulation),2025-10-18
French Polynesia,2022,Storm Events,1,EM-DAT (Realistic Simulation),2025-10-18
French Polynesia,2022,Food Security Impact Score,4.174652990495077,EM-DAT (Realistic Simulation),2025-10-18
French Polynesia,2023,Number of Disasters,2,EM-DAT (Realistic Simulation),2025-10-18
French Polynesia,2023,Total Affected (people),53137.07411387455,EM-DAT (Realistic Simulation),2025-10-18
French Polynesia,2023,Total Damages (USD millions),9.814737843908404,EM-DAT (Realistic Simulation),2025-10-18
French Polynesia,2023,Drought Events,0,EM-DAT (Realistic Simulation),2025-10-18
French Polynesia,2023,Flood Events,2,EM-DAT (Realistic Simulation),2025-10-18
French Polynesia,2023,Storm Events,1,EM-DAT (Realistic Simulation),2025-10-18
French Polynesia,2023,Food Security Impact Score,0.3057902901937464,EM-DAT (Realistic Simulation),2025-10-18
Gabon,2020,Number of Disasters,3,EM-DAT (Realistic Simulation),2025-10-18
Gabon,2020,Total Affected (people),0,EM-DAT (Realistic Simulation),2025-10-18
Gabon,2020,Total Damages (USD millions),595.1880166531982,EM-DAT (Realistic Simulation),2025-10-18
Gabon,2020,Drought Events,0,EM-DAT (Realistic Simulation),2025-10-18
Gabon,2020,Flood Events,0,EM-DAT (Realistic Simulation),2025-10-18
Gabon,2020,Storm Events,1,EM-DAT (Realistic Simulation),2025-10-18
Gabon,2020,Food Security Impact Score,1.4886281525581746,EM-DAT (Realistic Simulation),2025-10-18
Gabon,2021,Number of Disasters,2,EM-DAT (Realistic Simulation),2025-10-18
Gabon,2021,Total Affected (people),0,EM-DAT (Realistic Simulation),2025-10-18
Gabon,2021,Total Damages (USD millions),1050.2000417057764,EM-DAT (Realistic Simulation),2025-10-18
Gabon,2021,Drought Events,2,EM-DAT (Realistic Simulation),2025-10-18
Gabon,2021,Flood Events,1,EM-DAT (Realistic Simulation),2025-10-18
Gabon,2021,Storm Events,1,EM-DAT (Realistic Simulation),2025-10-18
Gabon,2021,Food Security Impact Score,2.1107598999881847,EM-DAT (Realistic Simulation),2025-10-18
Gabon,2022,Number of Disasters,1,EM-DAT (Realistic Simulation),2025-10-18
Gabon,2022,Total Affected (people),0,EM-DAT (Realistic Simulation),2025-10-18
Gabon,2022,Total Damages (USD millions),0,EM-DAT (Realistic Simulation),2025-10-18
Gabon,2022,Drought Events,0,EM-DAT (Realistic Simulation),2025-10-18
Gabon,2022,Flood Events,1,EM-DAT (Realistic Simulation),2025-10-18
Gabon,2022,Storm Events,0,EM-DAT (Realistic Simulation),2025-10-18
Gabon,2022,Food Security Impact Score,1.4782827062573087,EM-DAT (Realistic Simulation),2025-10-18
Gabon,2023,Number of Disasters,3,EM-DAT (Realistic Simulation),2025-10-18
Gabon,2023,Total Affected (people),136250.2022304764,EM-DAT (Realistic Simulation),2025-10-18
Gabon,2023,Total Damages (USD millions),816.4630071769317,EM-DAT (Realistic Simulation),2025-10-18
Gabon,2023,Drought Events,1,EM-DAT (Realistic Simulation),2025-10-18
Gabon,2023,Flood Events,0,EM-DAT (Realistic Simulation),2025-10-18
Gabon,2023,Storm Events,0,EM-DAT (Realistic Simulation),2025-10-18
Gabon,2023,Food Security Impact Score,3.160876140872835,EM-DAT (Realistic Simulation),2025-10-18
"Gambia, The",2020,Number of Disasters,0,EM-DAT (Realistic Simulation),2025-10-18
"Gambia, The",2020,Total Affected (people),0,EM-DAT (Realistic Simulation),2025-10-18
"Gambia, The",2020,Total Damages (USD millions),482.45032965800556,EM-DAT (Realistic Simulation),2025-10-18
"Gambia, The",2020,Drought Events,0,EM-DAT (Realistic Simulation),2025-10-18
"Gambia, The",2020,Flood Events,0,EM-DAT (Realistic Simulation),2025-10-18
"Gambia, The",2020,Storm Events,4,EM-DAT (Realistic Simulation),2025-10-18
"Gambia, The",2020,Food Security Impact Score,3.4788459807324696,EM-DAT (Realistic Simulation),2025-10-18
"Gambia, The",2021,Number of Disasters,0,EM-DAT (Realistic Simulation),2025-10-18
"Gambia, The",2021,Total Affected (people),243548.0875098946,EM-DAT (Realistic Simulation),2025-10-18
"Gambia, The",2021,Total Damages (USD millions),275.16586078144945,EM-DAT (Realistic Simulation),2025-10-18
"Gambia, The",2021,Drought Events,2,EM-DAT (Realistic Simulation),2025-10-18
"Gambia, The",2021,Flood Events,1,EM-DAT (Realistic Simulation),2025-10-18
"Gambia, The",2021,Storm Events,4,EM-DAT (Realistic Simulation),2025-10-18
"Gambia, The",2021,Food Security Impact Score,0.06409886778172602,EM-DAT (Realistic Simulation),2025-10-18
"Gambia, The",2022,Number of Disasters,0,EM-DAT (Realistic Simulation),2025-10-18
"Gambia, The",2022,Total Affected (people),0,EM-DAT (Realistic Simulation),2025-10-18
"Gambia, The",2022,Total Damages (USD millions),0,EM-DAT (Realistic Simulation),2025-10-18
"Gambia, The",2022,Drought Events,1,EM-DAT (Realistic Simulation),2025-10-18
"Gambia, The",2022,Flood Events,0,EM-DAT (Realistic Simulation),2025-10-18
"Gambia, The",2022,Storm Events,2,EM-DAT (Realistic Simulation),2025-10-18
"Gambia, The",2022,Food Security Impact Score,2.6990243140236228,EM-DAT (Realistic Simulation),2025-10-18
"Gambia, The",2023,Number of Disasters,3,EM-DAT (Realistic Simulation),2025-10-18
"Gambia, The",2023,Total Affected (people),142355.5913739024,EM-DAT (Realistic Simulation),2025-10-18
"Gambia, The",2023,Total Damages (USD millions),511.9089680980179,EM-DAT (Realistic Simulation),2025-10-18
"Gambia, The",2023,Drought Events,0,EM-DAT (Realistic Simulation),2025-10-18
"Gambia, The",2023,Flood Events,0,EM-DAT (Realistic Simulation),2025-10-18
"Gambia, The",2023,Storm Events,0,EM-DAT (Realistic Simulation),2025-10-18
"Gambia, The",2023,Food Security Impact Score,3.1682531614668923,EM-DAT (Realistic Simulation),2025-10-18
Georgia,2020,Number of Disasters,2,EM-DAT (Realistic Simulation),2025-10-18
Georgia,2020,Total Affected (people),71929.44412041319,EM-DAT (Realistic Simulation),2025-10-18
Georgia,2020,Total Damages (USD millions),179.67020999417298,EM-DAT (Realistic Simulation),2025-10-18
Georgia,2020,Drought Events,1,EM-DAT (Realistic Simulation),2025-10-18
Georgia,2020,Flood Events,2,EM-DAT (Realistic Simulation),2025-10-18
Georgia,2020,Storm Events,1,EM-DAT (Realistic Simulation),2025-10-18
Georgia,2020,Food Security Impact Score,5.728271662059498,EM-DAT (Realistic Simulation),2025-10-18
Georgia,2021,Number of Disasters,2,EM-DAT (Realistic Simulation),2025-10-18
Georgia,2021,Total Affected (people),0,EM-DAT (Realistic Simulation),2025-10-18
Georgia,2021,Total Damages (USD millions),704.5223347475244,EM-DAT (Realistic Simulation),2025-10-18
Georgia,2021,Drought Events,0,EM-DAT (Realistic Simulation),2025-10-18
Georgia,2021,Flood Events,0,EM-DAT (Realistic Simulation),2025-10-18
Georgia,2021,Storm Events,1,EM-DAT (Realistic Simulation),2025-10-18
Georgia,2021,Food Security Impact Score,1.8789538249273428,EM-DAT (Realistic Simulation),2025-10-18
Georgia,2022,Number of Disasters,4,EM-DAT (Realistic Simulation),2025-10-18
Georgia,2022,Total Affected (people),0,EM-DAT (Realistic Simulation),2025-10-18
Georgia,2022,Total Damages (USD millions),201.79202468291567,EM-DAT (Realistic Simulation),2025-10-18
Georgia,2022,Drought Events,0,EM-DAT (Realistic Simulation),2025-10-18
Georgia,2022,Flood Events,0,EM-DAT (Realistic Simulation),2025-10-18
Georgia,2022,Storm Events,0,EM-DAT (Realistic Simulation),2025-10-18
Georgia,2022,Food Security Impact Score,2.9856848705535493,EM-DAT (Realistic Simulation),2025-10-18
Georgia,2023,Number of Disasters,1,EM-DAT (Realistic Simulation),2025-10-18
Georgia,2023,Total Affected (people),244977.78676945614,EM-DAT (Realistic Simulation),2025-10-18
Georgia,2023,Total Damages (USD millions),306.6673771814939,EM-DAT (Realistic Simulation),2025-10-18
Georgia,2023,Drought Events,0,EM-DAT (Realistic Simulation),2025-10-18
Georgia,2023,Flood Events,1,EM-DAT (Realistic Simulation),2025-10-18
Georgia,2023,Storm Events,1,EM-DAT (Realistic Simulation),2025-10-18
Georgia,2023,Food Security Impact Score,4.7569013733130285,EM-DAT (Realistic Simulation),2025-10-18
Germany,2020,Number of Disasters,5,EM-DAT (Realistic Simulation),2025-10-18
Germany,2020,Total Affected (people),0,EM-DAT (Realistic Simulation),2025-10-18
Germany,2020,Total Damages (USD millions),0,EM-DAT (Realistic Simulation),2025-10-18
Germany,2020,Drought Events,0,EM-DAT (Realistic Simulation),2025-10-18
Germany,2020,Flood Events,3,EM-DAT (Realistic Simulation),2025-10-18
Germany,2020,Storm Events,0,EM-DAT (Realistic Simulation),2025-10-18
Germany,2020,Food Security Impact Score,3.9502128650078783,EM-DAT (Realistic Simulation),2025-10-18
Germany,2021,Number of Disasters,2,EM-DAT (Realistic Simulation),2025-10-18
Germany,2021,Total Affected (people),116319.58030209088,EM-DAT (Realistic Simulation),2025-10-18
Germany,2021,Total Damages (USD millions),336.1277263647738,EM-DAT (Realistic Simulation),2025-10-18
Germany,2021,Drought Events,1,EM-DAT (Realistic Simulation),2025-10-18
Germany,2021,Flood Events,1,EM-DAT (Realistic Simulation),2025-10-18
Germany,2021,Storm Events,3,EM-DAT (Realistic Simulation),2025-10-18
Germany,2021,Food Security Impact Score,4.246515240979386,EM-DAT (Realistic Simulation),2025-10-18
Germany,2022,Number of Disasters,2,EM-DAT (Realistic Simulation),2025-10-18
Germany,2022,Total Affected (people),94377.27131383089,EM-DAT (Realistic Simulation),2025-10-18
Germany,2022,Total Damages (USD millions),93.90334039547204,EM-DAT (Realistic Simulation),2025-10-18
Germany,2022,Drought Events,0,EM-DAT (Realistic Simulation),2025-10-18
Germany,2022,Flood Events,1,EM-DAT (Realistic Simulation),2025-10-18
Germany,2022,Storm Events,2,EM-DAT (Realistic Simulation),2025-10-18
Germany,2022,Food Security Impact Score,2.3842810085886077,EM-DAT (Realistic Simulation),2025-10-18
Germany,2023,Number of Disasters,1,EM-DAT (Realistic Simulation),2025-10-18
Germany,2023,Total Affected (people),74016.64755797049,EM-DAT (Realistic Simulation),2025-10-18
Germany,2023,Total Damages (USD millions),3.362651623988995,EM-DAT (Realistic Simulation),2025-10-18
Germany,2023,Drought Events,0,EM-DAT (Realistic Simulation),2025-10-18
Germany,2023,Flood Events,2,EM-DAT (Realistic Simulation),2025-10-18
Germany,2023,Storm Events,0,EM-DAT (Realistic Simulation),2025-10-18
Germany,2023,Food Security Impact Score,4.51745689011452,EM-DAT (Realistic Simulation),2025-10-18
Ghana,2020,Number of Disasters,1,EM-DAT (Realistic Simulation),2025-10-18
Ghana,2020,Total Affected (people),32025.28188954023,EM-DAT (Realistic Simulation),2025-10-18
Ghana,2020,Total Damages (USD millions),0,EM-DAT (Realistic Simulation),2025-10-18
Ghana,2020,Drought Events,0,EM-DAT (Realistic Simulation),2025-10-18
Ghana,2020,Flood Events,1,EM-DAT (Realistic Simulation),2025-10-18
Ghana,2020,Storm Events,0,EM-DAT (Realistic Simulation),2025-10-18
Ghana,2020,Food Security Impact Score,3.829036974244711,EM-DAT (Realistic Simulation),2025-10-18
Ghana,2021,Number of Disasters,2,EM-DAT (Realistic Simulation),2025-10-18
Ghana,2021,Total Affected (people),0,EM-DAT (Realistic Simulation),2025-10-18
Ghana,2021,Total Damages (USD millions),196.79780279185616,EM-DAT (Realistic Simulation),2025-10-18
Ghana,2021,Drought Events,0,EM-DAT (Realistic Simulation),2025-10-18
Ghana,2021,Flood Events,1,EM-DAT (Realistic Simulation),2025-10-18
Ghana,2021,Storm Events,2,EM-DAT (Realistic Simulation),2025-10-18
Ghana,2021,Food Security Impact Score,5.336121037386039,EM-DAT (Realistic Simulation),2025-10-18
Ghana,2022,Number of Disasters,2,EM-DAT (Realistic Simulation),2025-10-18
Ghana,2022,Total Affected (people),90777.65277679192,EM-DAT (Realistic Simulation),2025-10-18
Ghana,2022,Total Damages (USD millions),208.3787073576156,EM-DAT (Realistic Simulation),2025-10-18
Ghana,2022,Drought Events,1,EM-DAT (Realistic Simulation),2025-10-18
Ghana,2022,Flood Events,1,EM-DAT (Realistic Simulation),2025-10-18
Ghana,2022,Storm Events,2,EM-DAT (Realistic Simulation),2025-10-18
Ghana,2022,Food Security Impact Score,1.762532161476982,EM-DAT (Realistic Simulation),2025-10-18
Ghana,2023,Number of Disasters,2,EM-DAT (Realistic Simulation),2025-10-18
Ghana,2023,Total Affected (people),170909.1369126627,EM-DAT (Realistic Simulation),2025-10-18
Ghana,2023,Total Damages (USD millions),204.21707594870145,EM-DAT (Realistic Simulation),2025-10-18
Ghana,2023,Drought Events,1,EM-DAT (Realistic Simulation),2025-10-18
Ghana,2023,Flood Events,1,EM-DAT (Realistic Simulation),2025-10-18
Ghana,2023,Storm Events,3,EM-DAT (Realistic Simulation),2025-10-18
Ghana,2023,Food Security Impact Score,3.7056712374641916,EM-DAT (Realistic Simulation),2025-10-18
Gibraltar,2020,Number of Disasters,0,EM-DAT (Realistic Simulation),2025-10-18
Gibraltar,2020,Total Affected (people),95880.8498551085,EM-DAT (Realistic Simulation),2025-10-18
Gibraltar,2020,Total Damages (USD millions),242.91390669818261,EM-DAT (Realistic Simulation),2025-10-18
Gibraltar,2020,Drought Events,0,EM-DAT (Realistic Simulation),2025-10-18
Gibraltar,2020,Flood Events,1,EM-DAT (Realistic Simulation),2025-10-18
Gibraltar,2020,Storm Events,0,EM-DAT (Realistic Simulation),2025-10-18
Gibraltar,2020,Food Security Impact Score,1.1651948700895411,EM-DAT (Realistic Simulation),2025-10-18
Gibraltar,2021,Number of Disasters,1,EM-DAT (Realistic Simulation),2025-10-18
Gibraltar,2021,Total Affected (people),221980.4619384502,EM-DAT (Realistic Simulation),2025-10-18
Gibraltar,2021,Total Damages (USD millions),0,EM-DAT (Realistic Simulation),2025-10-18
Gibraltar,2021,Drought Events,1,EM-DAT (Realistic Simulation),2025-10-18
Gibraltar,2021,Flood Events,1,EM-DAT (Realistic Simulation),2025-10-18
Gibraltar,2021,Storm Events,0,EM-DAT (Realistic Simulation),2025-10-18
Gibraltar,2021,Food Security Impact Score,3.906395655579357,EM-DAT (Realistic Simulation),2025-10-18
Gibraltar,2022,Number of Disasters,1,EM-DAT (Realistic Simulation),2025-10-18
Gibraltar,2022,Total Affected (people),242908.52759287183,EM-DAT (Realistic Simulation),2025-10-18
Gibraltar,2022,Total Damages (USD millions),0,EM-DAT (Realistic Simulation),2025-10-18
Gibraltar,2022,Drought Events,0,EM-DAT (Realistic Simulation),2025-10-18
Gibraltar,2022,Flood Events,1,EM-DAT (Realistic Simulation),2025-10-18
Gibraltar,2022,Storm Events,0,EM-DAT (Realistic Simulation),2025-10-18
Gibraltar,2022,Food Security Impact Score,0,EM-DAT (Realistic Simulation),2025-10-18
Gibraltar,2023,Number of Disasters,3,EM-DAT (Realistic Simulation),2025-10-18
Gibraltar,2023,Total Affected (people),5474.204559536156,EM-DAT (Realistic Simulation),2025-10-18
Gibraltar,2023,Total Damages (USD millions),1.207512588438945,EM-DAT (Realistic Simulation),2025-10-18
Gibraltar,2023,Drought Events,0,EM-DAT (Realistic Simulation),2025-10-18
Gibraltar,2023,Flood Events,0,EM-DAT (Realistic Simulation),2025-10-18
Gibraltar,2023,Storm Events,0,EM-DAT (Realistic Simulation),2025-10-18
Gibraltar,2023,Food Security Impact Score,0.6780842381139816,EM-DAT (Realistic Simulation),2025-10-18
Greece,2020,Number of Disasters,0,EM-DAT (Realistic Simulation),2025-10-18
Greece,2020,Total Affected (people),178401.18940438138,EM-DAT (Realistic Simulation),2025-10-18
Greece,2020,Total Damages (USD millions),905.902934773519,EM-DAT (Realistic Simulation),2025-10-18
Greece,2020,Drought Events,1,EM-DAT (Realistic Simulation),2025-10-18
Greece,2020,Flood Events,0,EM-DAT (Realistic Simulation),2025-10-18
Greece,2020,Storm Events,0,EM-DAT (Realistic Simulation),2025-10-18
Greece,2020,Food Security Impact Score,2.40952258054068,EM-DAT (Realistic Simulation),2025-10-18
Greece,2021,Number of Disasters,1,EM-DAT (Realistic Simulation),2025-10-18
Greece,2021,Total Affected (people),318163.8963412201,EM-DAT (Realistic Simulation),2025-10-18
Greece,2021,Total Damages (USD millions),0,EM-DAT (Realistic Simulation),2025-10-18
Greece,2021,Drought Events,0,EM-DAT (Realistic Simulation),2025-10-18
Greece,2021,Flood Events,0,EM-DAT (Realistic Simulation),2025-10-18
Greece,2021,Storm Events,1,EM-DAT (Realistic Simulation),2025-10-18
Greece,2021,Food Security Impact Score,2.343260570066575,EM-DAT (Realistic Simulation),2025-10-18
Greece,2022,Number of Disasters,4,EM-DAT (Realistic Simulation),2025-10-18
Greece,2022,Total Affected (people),42647.38438176486,EM-DAT (Realistic Simulation),2025-10-18
Greece,2022,Total Damages (USD millions),0,EM-DAT (Realistic Simulation),2025-10-18
Greece,2022,Drought Events,0,EM-DAT (Realistic Simulation),2025-10-18
Greece,2022,Flood Events,0,EM-DAT (Realistic Simulation),2025-10-18
Greece,2022,Storm Events,0,EM-DAT (Realistic Simulation),2025-10-18
Greece,2022,Food Security Impact Score,6.0939164692364916,EM-DAT (Realistic Simulation),2025-10-18
Greece,2023,Number of Disasters,1,EM-DAT (Realistic Simulation),2025-10-18
Greece,2023,Total Affected (people),0,EM-DAT (Realistic Simulation),2025-10-18
Greece,2023,Total Damages (USD millions),348.1515077695483,EM-DAT (Realistic Simulation),2025-10-18
Greece,2023,Drought Events,0,EM-DAT (Realistic Simulation),2025-10-18
Greece,2023,Flood Events,1,EM-DAT (Realistic Simulation),2025-10-18
Greece,2023,Storm Events,0,EM-DAT (Realistic Simulation),2025-10-18
Greece,2023,Food Security Impact Score,2.5629398896142326,EM-DAT (Realistic Simulation),2025-10-18
Greenland,2020,Number of Disasters,0,EM-DAT (Realistic Simulation),2025-10-18
Greenland,2020,Total Affected (people),57140.382567584275,EM-DAT (Realistic Simulation),2025-10-18
Greenland,2020,Total Damages (USD millions),515.2807601003296,EM-DAT (Realistic Simulation),2025-10-18
Greenland,2020,Drought Events,1,EM-DAT (Realistic Simulation),2025-10-18
Greenland,2020,Flood Events,1,EM-DAT (Realistic Simulation),2025-10-18
Greenland,2020,Storm Events,0,EM-DAT (Realistic Simulation),2025-10-18
Greenland,2020,Food Security Impact Score,3.036939352555109,EM-DAT (Realistic Simulation),2025-10-18
Greenland,2021,Number of Disasters,1,EM-DAT (Realistic Simulation),2025-10-18
Greenland,2021,Total Affected (people),0,EM-DAT (Realistic Simulation),2025-10-18
Greenland,2021,Total Damages (USD millions),0,EM-DAT (Realistic Simulation),2025-10-18
Greenland,2021,Drought Events,1,EM-DAT (Realistic Simulation),2025-10-18
Greenland,2021,Flood Events,1,EM-DAT (Realistic Simulation),2025-10-18
Greenland,2021,Storm Events,2,EM-DAT (Realistic Simulation),2025-10-18
Greenland,2021,Food Security Impact Score,2.9766757930771717,EM-DAT (Realistic Simulation),2025-10-18
Greenland,2022,Number of Disasters,1,EM-DAT (Realistic Simulation),2025-10-18
Greenland,2022,Total Affected (people),272914.45108182344,EM-DAT (Realistic Simulation),2025-10-18
Greenland,2022,Total Damages (USD millions),78.08462154853383,EM-DAT (Realistic Simulation),2025-10-18
Greenland,2022,Drought Events,0,EM-DAT (Realistic Simulation),2025-10-18
Greenland,2022,Flood Events,3,EM-DAT (Realistic Simulation),2025-10-18
Greenland,2022,Storm Events,2,EM-DAT (Realistic Simulation),2025-10-18
Greenland,2022,Food Security Impact Score,3.154363855274823,EM-DAT (Realistic Simulation),2025-10-18
Greenland,2023,Number of Disasters,5,EM-DAT (Realistic Simulation),2025-10-18
Greenland,2023,Total Affected (people),62134.73811569446,EM-DAT (Realistic Simulation),2025-10-18
Greenland,2023,Total Damages (USD millions),0,EM-DAT (Realistic Simulation),2025-10-18
Greenland,2023,Drought Events,0,EM-DAT (Realistic Simulation),2025-10-18
Greenland,2023,Flood Events,1,EM-DAT (Realistic Simulation),2025-10-18
Greenland,2023,Storm Events,1,EM-DAT (Realistic Simulation),2025-10-18
Greenland,2023,Food Security Impact Score,1.2716468427677974,EM-DAT (Realistic Simulation),2025-10-18
Grenada,2020,Number of Disasters,2,EM-DAT (Realistic Simulation),2025-10-18
Grenada,2020,Total Affected (people),0,EM-DAT (Realistic Simulation),2025-10-18
Grenada,2020,Total Damages (USD millions),1468.3622513578173,EM-DAT (Realistic Simulation),2025-10-18
Grenada,2020,Drought Events,0,EM-DAT (Realistic Simulation),2025-10-18
Grenada,2020,Flood Events,0,EM-DAT (Realistic Simulation),2025-10-18
Grenada,2020,Storm Events,0,EM-DAT (Realistic Simulation),2025-10-18
Grenada,2020,Food Security Impact Score,0.29899605728600864,EM-DAT (Realistic Simulation),2025-10-18
Grenada,2021,Number of Disasters,4,EM-DAT (Realistic Simulation),2025-10-18
Grenada,2021,Total Affected (people),34640.47763784054,EM-DAT (Realistic Simulation),2025-10-18
Grenada,2021,Total Damages (USD millions),1056.3163985934093,EM-DAT (Realistic Simulation),2025-10-18
Grenada,2021,Drought Events,1,EM-DAT (Realistic Simulation),2025-10-18
Grenada,2021,Flood Events,0,EM-DAT (Realistic Simulation),2025-10-18
Grenada,2021,Storm Events,1,EM-DAT (Realistic Simulation),2025-10-18
Grenada,2021,Food Security Impact Score,3.4546644186445303,EM-DAT (Realistic Simulation),2025-10-18
Grenada,2022,Number of Disasters,3,EM-DAT (Realistic Simulation),2025-10-18
Grenada,2022,Total Affected (people),21966.60176338628,EM-DAT (Realistic Simulation),2025-10-18
Grenada,2022,Total Damages (USD millions),0,EM-DAT (Realistic Simulation),2025-10-18
Grenada,2022,Drought Events,0,EM-DAT (Realistic Simulation),2025-10-18
Grenada,2022,Flood Events,4,EM-DAT (Realistic Simulation),2025-10-18
Grenada,2022,Storm Events,0,EM-DAT (Realistic Simulation),2025-10-18
Grenada,2022,Food Security Impact Score,5.253797640883818,EM-DAT (Realistic Simulation),2025-10-18
Grenada,2023,Number of Disasters,1,EM-DAT (Realistic Simulation),2025-10-18
Grenada,2023,Total Affected (people),0,EM-DAT (Realistic Simulation),2025-10-18
Grenada,2023,Total Damages (USD millions),361.80105520565246,EM-DAT (Realistic Simulation),2025-10-18
Grenada,2023,Drought Events,0,EM-DAT (Realistic Simulation),2025-10-18
Grenada,2023,Flood Events,0,EM-DAT (Realistic Simulation),2025-10-18
Grenada,2023,Storm Events,2,EM-DAT (Realistic Simulation),2025-10-18
Grenada,2023,Food Security Impact Score,2.740911374911804,EM-DAT (Realistic Simulation),2025-10-18
Guam,2020,Number of Disasters,2,EM-DAT (Realistic Simulation),2025-10-18
Guam,2020,Total Affected (people),0,EM-DAT (Realistic Simulation),2025-10-18
Guam,2020,Total Damages (USD millions),0,EM-DAT (Realistic Simulation),2025-10-18
Guam,2020,Drought Events,0,EM-DAT (Realistic Simulation),2025-10-18
Guam,2020,Flood Events,1,EM-DAT (Realistic Simulation),2025-10-18
Guam,2020,Storm Events,2,EM-DAT (Realistic Simulation),2025-10-18
Guam,2020,Food Security Impact Score,7.3444638377974325,EM-DAT (Realistic Simulation),2025-10-18
Guam,2021,Number of Disasters,0,EM-DAT (Realistic Simulation),2025-10-18
Guam,2021,Total Affected (people),102553.0439507938,EM-DAT (Realistic Simulation),2025-10-18
Guam,2021,Total Damages (USD millions),1370.357530913843,EM-DAT (Realistic Simulation),2025-10-18
Guam,2021,Drought Events,0,EM-DAT (Realistic Simulation),2025-10-18
Guam,2021,Flood Events,0,EM-DAT (Realistic Simulation),2025-10-18
Guam,2021,Storm Events,1,EM-DAT (Realistic Simulation),2025-10-18
Guam,2021,Food Security Impact Score,0.7767818725690896,EM-DAT (Realistic Simulation),2025-10-18
Guam,2022,Number of Disasters,1,EM-DAT (Realistic Simulation),2025-10-18
Guam,2022,Total Affected (people),17421.978470738086,EM-DAT (Realistic Simulation),2025-10-18
Guam,2022,Total Damages (USD millions),0,EM-DAT (Realistic Simulation),2025-10-18
Guam,2022,Drought Events,1,EM-DAT (Realistic Simulation),2025-10-18
Guam,2022,Flood Events,0,EM-DAT (Realistic Simulation),2025-10-18
Guam,2022,Storm Events,0,EM-DAT (Realistic Simulation),2025-10-18
Guam,2022,Food Security Impact Score,6.746725675581738,EM-DAT (Realistic Simulation),2025-10-18
Guam,2023,Number of Disasters,3,EM-DAT (Realistic Simulation),2025-10-18
Guam,2023,Total Affected (people),189957.64010504348,EM-DAT (Realistic Simulation),2025-10-18
Guam,2023,Total Damages (USD millions),0,EM-DAT (Realistic Simulation),2025-10-18
Guam,2023,Drought Events,1,EM-DAT (Realistic Simulation),2025-10-18
Guam,2023,Flood Events,2,EM-DAT (Realistic Simulation),2025-10-18
Guam,2023,Storm Events,1,EM-DAT (Realistic Simulation),2025-10-18
Guam,2023,Food Security Impact Score,4.510974783625518,EM-DAT (Realistic Simulation),2025-10-18
Guatemala,2020,Number of Disasters,3,EM-DAT (Realistic Simulation),2025-10-18
Guatemala,2020,Total Affected (people),143942.67652551064,EM-DAT (Realistic Simulation),2025-10-18
Guatemala,2020,Total Damages (USD millions),287.4005696637139,EM-DAT (Realistic Simulation),2025-10-18
Guatemala,2020,Drought Events,0,EM-DAT (Realistic Simulation),2025-10-18
Guatemala,2020,Flood Events,1,EM-DAT (Realistic Simulation),2025-10-18
Guatemala,2020,Storm Events,0,EM-DAT (Realistic Simulation),2025-10-18
Guatemala,2020,Food Security Impact Score,4.592555225165204,EM-DAT (Realistic Simulation),2025-10-18
Guatemala,2021,Number of Disasters,2,EM-DAT (Realistic Simulation),2025-10-18
Guatemala,2021,Total Affected (people),0,EM-DAT (Realistic Simulation),2025-10-18
Guatemala,2021,Total Damages (USD millions),218.5088401485532,EM-DAT (Realistic Simulation),2025-10-18
Guatemala,2021,Drought Events,0,EM-DAT (Realistic Simulation),2025-10-18
Guatemala,2021,Flood Events,0,EM-DAT (Realistic Simulation),2025-10-18
Guatemala,2021,Storm Events,1,EM-DAT (Realistic Simulation),2025-10-18
Guatemala,2021,Food Security Impact Score,3.1399091243014183,EM-DAT (Realistic Simulation),2025-10-18
Guatemala,2022,Number of Disasters,0,EM-DAT (Realistic Simulation),2025-10-18
Guatemala,2022,Total Affected (people),0,EM-DAT (Realistic Simulation),2025-10-18
Guatemala,2022,Total Damages (USD millions),0,EM-DAT (Realistic Simulation),2025-10-18
Guatemala,2022,Drought Events,0,EM-DAT (Realistic Simulation),2025-10-18
Guatemala,2022,Flood Events,1,EM-DAT (Realistic Simulation),2025-10-18
Guatemala,2022,Storm Events,2,EM-DAT (Realistic Simulation),2025-10-18
Guatemala,2022,Food Security Impact Score,2.901736608989192,EM-DAT (Realistic Simulation),2025-10-18
Guatemala,2023,Number of Disasters,5,EM-DAT (Realistic Simulation),2025-10-18
Guatemala,2023,Total Affected (people),0,EM-DAT (Realistic Simulation),2025-10-18
Guatemala,2023,Total Damages (USD millions),274.93161957466725,EM-DAT (Realistic Simulation),2025-10-18
Guatemala,2023,Drought Events,0,EM-DAT (Realistic Simulation),2025-10-18
Guatemala,2023,Flood Events,2,EM-DAT (Realistic Simulation),2025-10-18
Guatemala,2023,Storm Events,1,EM-DAT (Realistic Simulation),2025-10-18
Guatemala,2023,Food Security Impact Score,1.211250180496146,EM-DAT (Realistic Simulation),2025-10-18
Guinea,2020,Number of Disasters,5,EM-DAT (Realistic Simulation),2025-10-18
Guinea,2020,Total Affected (people),0,EM-DAT (Realistic Simulation),2025-10-18
Guinea,2020,Total Damages (USD millions),604.0823807765435,EM-DAT (Realistic Simulation),2025-10-18
Guinea,2020,Drought Events,0,EM-DAT (Realistic Simulation),2025-10-18
Guinea,2020,Flood Events,0,EM-DAT (Realistic Simulation),2025-10-18
Guinea,2020,Storm Events,0,EM-DAT (Realistic Simulation),2025-10-18
Guinea,2020,Food Security Impact Score,4.527522729860077,EM-DAT (Realistic Simulation),2025-10-18
Guinea,2021,Number of Disasters,3,EM-DAT (Realistic Simulation),2025-10-18
Guinea,2021,Total Affected (people),127364.20815899396,EM-DAT (Realistic Simulation),2025-10-18
Guinea,2021,Total Damages (USD millions),0,EM-DAT (Realistic Simulation),2025-10-18
Guinea,2021,Drought Events,1,EM-DAT (Realistic Simulation),2025-10-18
Guinea,2021,Flood Events,0,EM-DAT (Realistic Simulation),2025-10-18
Guinea,2021,Storm Events,0,EM-DAT (Realistic Simulation),2025-10-18
Guinea,2021,Food Security Impact Score,3.660207366329834,EM-DAT (Realistic Simulation),2025-10-18
Guinea,2022,Number of Disasters,5,EM-DAT (Realistic Simulation),2025-10-18
Guinea,2022,Total Affected (people),9892.401793946025,EM-DAT (Realistic Simulation),2025-10-18
Guinea,2022,Total Damages (USD millions),98.59918960029971,EM-DAT (Realistic Simulation),2025-10-18
Guinea,2022,Drought Events,0,EM-DAT (Realistic Simulation),2025-10-18
Guinea,2022,Flood Events,0,EM-DAT (Realistic Simulation),2025-10-18
Guinea,2022,Storm Events,0,EM-DAT (Realistic Simulation),2025-10-18
Guinea,2022,Food Security Impact Score,2.7577544002717125,EM-DAT (Realistic Simulation),2025-10-18
Guinea,2023,Number of Disasters,3,EM-DAT (Realistic Simulation),2025-10-18
Guinea,2023,Total Affected (people),0,EM-DAT (Realistic Simulation),2025-10-18
Guinea,2023,Total Damages (USD millions),394.84285738605973,EM-DAT (Realistic Simulation),2025-10-18
Guinea,2023,Drought Events,0,EM-DAT (Realistic Simulation),2025-10-18
Guinea,2023,Flood Events,0,EM-DAT (Realistic Simulation),2025-10-18
Guinea,2023,Storm Events,0,EM-DAT (Realistic Simulation),2025-10-18
Guinea,2023,Food Security Impact Score,1.9574750761007345,EM-DAT (Realistic Simulation),2025-10-18
Guinea-Bissau,2020,Number of Disasters,3,EM-DAT (Realistic Simulation),2025-10-18
Guinea-Bissau,2020,Total Affected (people),0,EM-DAT (Realistic Simulation),2025-10-18
Guinea-Bissau,2020,Total Damages (USD millions),0,EM-DAT (Realistic Simulation),2025-10-18
Guinea-Bissau,2020,Drought Events,0,EM-DAT (Realistic Simulation),2025-10-18
Guinea-Bissau,2020,Flood Events,1,EM-DAT (Realistic Simulation),2025-10-18
Guinea-Bissau,2020,Storm Events,0,EM-DAT (Realistic Simulation),2025-10-18
Guinea-Bissau,2020,Food Security Impact Score,1.7614073980125424,EM-DAT (Realistic Simulation),2025-10-18
Guinea-Bissau,2021,Number of Disasters,3,EM-DAT (Realistic Simulation),2025-10-18
Guinea-Bissau,2021,Total Affected (people),148164.23320356547,EM-DAT (Realistic Simulation),2025-10-18
Guinea-Bissau,2021,Total Damages (USD millions),0,EM-DAT (Realistic Simulation),2025-10-18
Guinea-Bissau,2021,Drought Events,0,EM-DAT (Realistic Simulation),2025-10-18
Guinea-Bissau,2021,Flood Events,1,EM-DAT (Realistic Simulation),2025-10-18
Guinea-Bissau,2021,Storm Events,0,EM-DAT (Realistic Simulation),2025-10-18
Guinea-Bissau,2021,Food Security Impact Score,2.0934153976207788,EM-DAT (Realistic Simulation),2025-10-18
Guinea-Bissau,2022,Number of Disasters,0,EM-DAT (Realistic Simulation),2025-10-18
Guinea-Bissau,2022,Total Affected (people),0,EM-DAT (Realistic Simulation),2025-10-18
Guinea-Bissau,2022,Total Damages (USD millions),206.97779000645895,EM-DAT (Realistic Simulation),2025-10-18
Guinea-Bissau,2022,Drought Events,0,EM-DAT (Realistic Simulation),2025-10-18
Guinea-Bissau,2022,Flood Events,0,EM-DAT (Realistic Simulation),2025-10-18
Guinea-Bissau,2022,Storm Events,0,EM-DAT (Realistic Simulation),2025-10-18
Guinea-Bissau,2022,Food Security Impact Score,3.930952966103731,EM-DAT (Realistic Simulation),2025-10-18
Guinea-Bissau,2023,Number of Disasters,2,EM-DAT (Realistic Simulation),2025-10-18
Guinea-Bissau,2023,Total Affected (people),71693.44876213587,EM-DAT (Realistic Simulation),2025-10-18
Guinea-Bissau,2023,Total Damages (USD millions),18.489892268607207,EM-DAT (Realistic Simulation),2025-10-18
Guinea-Bissau,2023,Drought Events,0,EM-DAT (Realistic Simulation),2025-10-18
Guinea-Bissau,2023,Flood Events,1,EM-DAT (Realistic Simulation),2025-10-18
Guinea-Bissau,2023,Storm Events,0,EM-DAT (Realistic Simulation),2025-10-18
Guinea-Bissau,2023,Food Security Impact Score,3.1663834785083433,EM-DAT (Realistic Simulation),2025-10-18
Guyana,2020,Number of Disasters,1,EM-DAT (Realistic Simulation),2025-10-18
Guyana,2020,Total Affected (people),0,EM-DAT (Realistic Simulation),2025-10-18
Guyana,2020,Total Damages (USD millions),43.85508828969019,EM-DAT (Realistic Simulation),2025-10-18
Guyana,2020,Drought Events,1,EM-DAT (Realistic Simulation),2025-10-18
Guyana,2020,Flood Events,1,EM-DAT (Realistic Simulation),2025-10-18
Guyana,2020,Storm Events,0,EM-DAT (Realistic Simulation),2025-10-18
Guyana,2020,Food Security Impact Score,3.3137144592590575,EM-DAT (Realistic Simulation),2025-10-18
Guyana,2021,Number of Disasters,2,EM-DAT (Realistic Simulation),2025-10-18
Guyana,2021,Total Affected (people),141519.51935673482,EM-DAT (Realistic Simulation),2025-10-18
Guyana,2021,Total Damages (USD millions),0,EM-DAT (Realistic Simulation),2025-10-18
Guyana,2021,Drought Events,0,EM-DAT (Realistic Simulation),2025-10-18
Guyana,2021,Flood Events,0,EM-DAT (Realistic Simulation),2025-10-18
Guyana,2021,Storm Events,0,EM-DAT (Realistic Simulation),2025-10-18
Guyana,2021,Food Security Impact Score,0,EM-DAT (Realistic Simulation),2025-10-18
Guyana,2022,Number of Disasters,2,EM-DAT (Realistic Simulation),2025-10-18
Guyana,2022,Total Affected (people),208092.14745398678,EM-DAT (Realistic Simulation),2025-10-18
Guyana,2022,Total Damages (USD millions),0,EM-DAT (Realistic Simulation),2025-10-18
Guyana,2022,Drought Events,1,EM-DAT (Realistic Simulation),2025-10-18
Guyana,2022,Flood Events,0,EM-DAT (Realistic Simulation),2025-10-18
Guyana,2022,Storm Events,1,EM-DAT (Realistic Simulation),2025-10-18
Guyana,2022,Food Security Impact Score,4.563294250029115,EM-DAT (Realistic Simulation),2025-10-18
Guyana,2023,Number of Disasters,2,EM-DAT (Realistic Simulation),2025-10-18
Guyana,2023,Total Affected (people),0,EM-DAT (Realistic Simulation),2025-10-18
Guyana,2023,Total Damages (USD millions),0,EM-DAT (Realistic Simulation),2025-10-18
Guyana,2023,Drought Events,1,EM-DAT (Realistic Simulation),2025-10-18
Guyana,2023,Flood Events,4,EM-DAT (Realistic Simulation),2025-10-18
Guyana,2023,Storm Events,3,EM-DAT (Realistic Simulation),2025-10-18
Guyana,2023,Food Security Impact Score,3.6270720345757352,EM-DAT (Realistic Simulation),2025-10-18
Haiti,2020,Number of Disasters,3,EM-DAT (Realistic Simulation),2025-10-18
Haiti,2020,Total Affected (people),2029.8558018530603,EM-DAT (Realistic Simulation),2025-10-18
Haiti,2020,Total Damages (USD millions),0,EM-DAT (Realistic Simulation),2025-10-18
Haiti,2020,Drought Events,0,EM-DAT (Realistic Simulation),2025-10-18
Haiti,2020,Flood Events,2,EM-DAT (Realistic Simulation),2025-10-18
Haiti,2020,Storm Events,1,EM-DAT (Realistic Simulation),2025-10-18
Haiti,2020,Food Security Impact Score,2.2148742864267508,EM-DAT (Realistic Simulation),2025-10-18
Haiti,2021,Number of Disasters,0,EM-DAT (Realistic Simulation),2025-10-18
Haiti,2021,Total Affected (people),175176.06361366002,EM-DAT (Realistic Simulation),2025-10-18
Haiti,2021,Total Damages (USD millions),796.5098125240629,EM-DAT (Realistic Simulation),2025-10-18
Haiti,2021,Drought Events,0,EM-DAT (Realistic Simulation),2025-10-18
Haiti,2021,Flood Events,0,EM-DAT (Realistic Simulation),2025-10-18
Haiti,2021,Storm Events,0,EM-DAT (Realistic Simulation),2025-10-18
Haiti,2021,Food Security Impact Score,3.487598181267723,EM-DAT (Realistic Simulation),2025-10-18
Haiti,2022,Number of Disasters,4,EM-DAT (Realistic Simulation),2025-10-18
Haiti,2022,Total Affected (people),39548.41090032421,EM-DAT (Realistic Simulation),2025-10-18
Haiti,2022,Total Damages (USD millions),40.95387787138182,EM-DAT (Realistic Simulation),2025-10-18
Haiti,2022,Drought Events,1,EM-DAT (Realistic Simulation),2025-10-18
Haiti,2022,Flood Events,0,EM-DAT (Realistic Simulation),2025-10-18
Haiti,2022,Storm Events,2,EM-DAT (Realistic Simulation),2025-10-18
Haiti,2022,Food Security Impact Score,1.8301194892800494,EM-DAT (Realistic Simulation),2025-10-18
Haiti,2023,Number of Disasters,2,EM-DAT (Realistic Simulation),2025-10-18
Haiti,2023,Total Affected (people),57456.551271150274,EM-DAT (Realistic Simulation),2025-10-18
Haiti,2023,Total Damages (USD millions),660.4953121504132,EM-DAT (Realistic Simulation),2025-10-18
Haiti,2023,Drought Events,0,EM-DAT (Realistic Simulation),2025-10-18
Haiti,2023,Flood Events,3,EM-DAT (Realistic Simulation),2025-10-18
Haiti,2023,Storm Events,1,EM-DAT (Realistic Simulation),2025-10-18
Haiti,2023,Food Security Impact Score,2.3076059959769166,EM-DAT (Realistic Simulation),2025-10-18
Heavily indebted poor countries (HIPC),2020,Number of Disasters,4,EM-DAT (Realistic Simulation),2025-10-18
Heavily indebted poor countries (HIPC),2020,Total Affected (people),178677.71955102985,EM-DAT (Realistic Simulation),2025-10-18
Heavily indebted poor countries (HIPC),2020,Total Damages (USD millions),644.1170406471122,EM-DAT (Realistic Simulation),2025-10-18
Heavily indebted poor countries (HIPC),2020,Drought Events,0,EM-DAT (Realistic Simulation),2025-10-18
Heavily indebted poor countries (HIPC),2020,Flood Events,1,EM-DAT (Realistic Simulation),2025-10-18
Heavily indebted poor countries (HIPC),2020,Storm Events,1,EM-DAT (Realistic Simulation),2025-10-18
Heavily indebted poor countries (HIPC),2020,Food Security Impact Score,4.084810166428063,EM-DAT (Realistic Simulation),2025-10-18
Heavily indebted poor countries (HIPC),2021,Number of Disasters,3,EM-DAT (Realistic Simulation),2025-10-18
Heavily indebted poor countries (HIPC),2021,Total Affected (people),21011.261995817476,EM-DAT (Realistic Simulation),2025-10-18
Heavily indebted poor countries (HIPC),2021,Total Damages (USD millions),188.2522547842394,EM-DAT (Realistic Simulation),2025-10-18
Heavily indebted poor countries (HIPC),2021,Drought Events,0,EM-DAT (Realistic Simulation),2025-10-18
Heavily indebted poor countries (HIPC),2021,Flood Events,2,EM-DAT (Realistic Simulation),2025-10-18
Heavily indebted poor countries (HIPC),2021,Storm Events,1,EM-DAT (Realistic Simulation),2025-10-18
Heavily indebted poor countries (HIPC),2021,Food Security Impact Score,5.410696462075535,EM-DAT (Realistic Simulation),2025-10-18
Heavily indebted poor countries (HIPC),2022,Number of Disasters,3,EM-DAT (Realistic Simulation),2025-10-18
Heavily indebted poor countries (HIPC),2022,Total Affected (people),0,EM-DAT (Realistic Simulation),2025-10-18
Heavily indebted poor countries (HIPC),2022,Total Damages (USD millions),553.395165168851,EM-DAT (Realistic Simulation),2025-10-18
Heavily indebted poor countries (HIPC),2022,Drought Events,1,EM-DAT (Realistic Simulation),2025-10-18
Heavily indebted poor countries (HIPC),2022,Flood Events,1,EM-DAT (Realistic Simulation),2025-10-18
Heavily indebted poor countries (HIPC),2022,Storm Events,1,EM-DAT (Realistic Simulation),2025-10-18
Heavily indebted poor countries (HIPC),2022,Food Security Impact Score,1.9783751736452297,EM-DAT (Realistic Simulation),2025-10-18
Heavily indebted poor countries (HIPC),2023,Number of Disasters,3,EM-DAT (Realistic Simulation),2025-10-18
Heavily indebted poor countries (HIPC),2023,Total Affected (people),148193.09107983846,EM-DAT (Realistic Simulation),2025-10-18
Heavily indebted poor countries (HIPC),2023,Total Damages (USD millions),250.56999696728414,EM-DAT (Realistic Simulation),2025-10-18
Heavily indebted poor countries (HIPC),2023,Drought Events,0,EM-DAT (Realistic Simulation),2025-10-18
Heavily indebted poor countries (HIPC),2023,Flood Events,1,EM-DAT (Realistic Simulation),2025-10-18
Heavily indebted poor countries (HIPC),2023,Storm Events,0,EM-DAT (Realistic Simulation),2025-10-18
Heavily indebted poor countries (HIPC),2023,Food Security Impact Score,0.7315720858978723,EM-DAT (Realistic Simulation),2025-10-18
High income,2020,Number of Disasters,1,EM-DAT (Realistic Simulation),2025-10-18
High income,2020,Total Affected (people),102974.23017711371,EM-DAT (Realistic Simulation),2025-10-18
High income,2020,Total Damages (USD millions),0,EM-DAT (Realistic Simulation),2025-10-18
High income,2020,Drought Events,1,EM-DAT (Realistic Simulation),2025-10-18
High income,2020,Flood Events,0,EM-DAT (Realistic Simulation),2025-10-18
High income,2020,Storm Events,2,EM-DAT (Realistic Simulation),2025-10-18
High income,2020,Food Security Impact Score,6.076539680273574,EM-DAT (Realistic Simulation),2025-10-18
High income,2021,Number of Disasters,1,EM-DAT (Realistic Simulation),2025-10-18
High income,2021,Total Affected (people),145332.97268433508,EM-DAT (Realistic Simulation),2025-10-18
High income,2021,Total Damages (USD millions),0,EM-DAT (Realistic Simulation),2025-10-18
High income,2021,Drought Events,0,EM-DAT (Realistic Simulation),2025-10-18
High income,2021,Flood Events,2,EM-DAT (Realistic Simulation),2025-10-18
High income,2021,Storm Events,0,EM-DAT (Realistic Simulation),2025-10-18
High income,2021,Food Security Impact Score,6.481874427663421,EM-DAT (Realistic Simulation),2025-10-18
High income,2022,Number of Disasters,2,EM-DAT (Realistic Simulation),2025-10-18
High income,2022,Total Affected (people),0,EM-DAT (Realistic Simulation),2025-10-18
High income,2022,Total Damages (USD millions),0,EM-DAT (Realistic Simulation),2025-10-18
High income,2022,Drought Events,1,EM-DAT (Realistic Simulation),2025-10-18
High income,2022,Flood Events,1,EM-DAT (Realistic Simulation),2025-10-18
High income,2022,Storm Events,1,EM-DAT (Realistic Simulation),2025-10-18
High income,2022,Food Security Impact Score,0.7237020186432499,EM-DAT (Realistic Simulation),2025-10-18
High income,2023,Number of Disasters,1,EM-DAT (Realistic Simulation),2025-10-18
High income,2023,Total Affected (people),133765.44995758784,EM-DAT (Realistic Simulation),2025-10-18
High income,2023,Total Damages (USD millions),306.273782620317,EM-DAT (Realistic Simulation),2025-10-18
High income,2023,Drought Events,1,EM-DAT (Realistic Simulation),2025-10-18
High income,2023,Flood Events,1,EM-DAT (Realistic Simulation),2025-10-18
High income,2023,Storm Events,1,EM-DAT (Realistic Simulation),2025-10-18
High income,2023,Food Security Impact Score,2.052232627597029,EM-DAT (Realistic Simulation),2025-10-18
Honduras,2020,Number of Disasters,3,EM-DAT (Realistic Simulation),2025-10-18
Honduras,2020,Total Affected (people),134155.35056339824,EM-DAT (Realistic Simulation),2025-10-18
Honduras,2020,Total Damages (USD millions),0,EM-DAT (Realistic Simulation),2025-10-18
Honduras,2020,Drought Events,0,EM-DAT (Realistic Simulation),2025-10-18
Honduras,2020,Flood Events,0,EM-DAT (Realistic Simulation),2025-10-18
Honduras,2020,Storm Events,3,EM-DAT (Realistic Simulation),2025-10-18
Honduras,2020,Food Security Impact Score,4.0665653108973725,EM-DAT (Realistic Simulation),2025-10-18
Honduras,2021,Number of Disasters,4,EM-DAT (Realistic Simulation),2025-10-18
Honduras,2021,Total Affected (people),55651.01381189209,EM-DAT (Realistic Simulation),2025-10-18
Honduras,2021,Total Damages (USD millions),0,EM-DAT (Realistic Simulation),2025-10-18
Honduras,2021,Drought Events,1,EM-DAT (Realistic Simulation),2025-10-18
Honduras,2021,Flood Events,0,EM-DAT (Realistic Simulation),2025-10-18
Honduras,2021,Storm Events,0,EM-DAT (Realistic Simulation),2025-10-18
Honduras,2021,Food Security Impact Score,2.4502073274822402,EM-DAT (Realistic Simulation),2025-10-18
Honduras,2022,Number of Disasters,3,EM-DAT (Realistic Simulation),2025-10-18
Honduras,2022,Total Affected (people),79679.14647936146,EM-DAT (Realistic Simulation),2025-10-18
Honduras,2022,Total Damages (USD millions),556.5916568214748,EM-DAT (Realistic Simulation),2025-10-18
Honduras,2022,Drought Events,0,EM-DAT (Realistic Simulation),2025-10-18
Honduras,2022,Flood Events,0,EM-DAT (Realistic Simulation),2025-10-18
Honduras,2022,Storm Events,0,EM-DAT (Realistic Simulation),2025-10-18
Honduras,2022,Food Security Impact Score,3.4518532038979304,EM-DAT (Realistic Simulation),2025-10-18
Honduras,2023,Number of Disasters,6,EM-DAT (Realistic Simulation),2025-10-18
Honduras,2023,Total Affected (people),167093.6243698711,EM-DAT (Realistic Simulation),2025-10-18
Honduras,2023,Total Damages (USD millions),549.7775940221563,EM-DAT (Realistic Simulation),2025-10-18
Honduras,2023,Drought Events,1,EM-DAT (Realistic Simulation),2025-10-18
Honduras,2023,Flood Events,0,EM-DAT (Realistic Simulation),2025-10-18
Honduras,2023,Storm Events,1,EM-DAT (Realistic Simulation),2025-10-18
Honduras,2023,Food Security Impact Score,4.977273282687806,EM-DAT (Realistic Simulation),2025-10-18
"Hong Kong SAR, China",2020,Number of Disasters,5,EM-DAT (Realistic Simulation),2025-10-18
"Hong Kong SAR, China",2020,Total Affected (people),259063.72077820275,EM-DAT (Realistic Simulation),2025-10-18
"Hong Kong SAR, China",2020,Total Damages (USD millions),402.15531325422427,EM-DAT (Realistic Simulation),2025-10-18
"Hong Kong SAR, China",2020,Drought Events,0,EM-DAT (Realistic Simulation),2025-10-18
"Hong Kong SAR, China",2020,Flood Events,1,EM-DAT (Realistic Simulation),2025-10-18
"Hong Kong SAR, China",2020,Storm Events,0,EM-DAT (Realistic Simulation),2025-10-18
"Hong Kong SAR, China",2020,Food Security Impact Score,2.772919423365197,EM-DAT (Realistic Simulation),2025-10-18
"Hong Kong SAR, China",2021,Number of Disasters,2,EM-DAT (Realistic Simulation),2025-10-18
"Hong Kong SAR, China",2021,Total Affected (people),155679.29559698014,EM-DAT (Realistic Simulation),2025-10-18
"Hong Kong SAR, China",2021,Total Damages (USD millions),0,EM-DAT (Realistic Simulation),2025-10-18
"Hong Kong SAR, China",2021,Drought Events,0,EM-DAT (Realistic Simulation),2025-10-18
"Hong Kong SAR, China",2021,Flood Events,0,EM-DAT (Realistic Simulation),2025-10-18
"Hong Kong SAR, China",2021,Storm Events,0,EM-DAT (Realistic Simulation),2025-10-18
"Hong Kong SAR, China",2021,Food Security Impact Score,6.785025907303124,EM-DAT (Realistic Simulation),2025-10-18
"Hong Kong SAR, China",2022,Number of Disasters,3,EM-DAT (Realistic Simulation),2025-10-18
"Hong Kong SAR, China",2022,Total Affected (people),66417.54518614299,EM-DAT (Realistic Simulation),2025-10-18
"Hong Kong SAR, China",2022,Total Damages (USD millions),954.3955524202943,EM-DAT (Realistic Simulation),2025-10-18
"Hong Kong SAR, China",2022,Drought Events,0,EM-DAT (Realistic Simulation),2025-10-18
"Hong Kong SAR, China",2022,Flood Events,1,EM-DAT (Realistic Simulation),2025-10-18
"Hong Kong SAR, China",2022,Storm Events,1,EM-DAT (Realistic Simulation),2025-10-18
"Hong Kong SAR, China",2022,Food Security Impact Score,5.282918400026865,EM-DAT (Realistic Simulation),2025-10-18
"Hong Kong SAR, China",2023,Number of Disasters,1,EM-DAT (Realistic Simulation),2025-10-18
"Hong Kong SAR, China",2023,Total Affected (people),7282.854338612429,EM-DAT (Realistic Simulation),2025-10-18
"Hong Kong SAR, China",2023,Total Damages (USD millions),0,EM-DAT (Realistic Simulation),2025-10-18
"Hong Kong SAR, China",2023,Drought Events,1,EM-DAT (Realistic Simulation),2025-10-18
"Hong Kong SAR, China",2023,Flood Events,2,EM-DAT (Realistic Simulation),2025-10-18
"Hong Kong SAR, China",2023,Storm Events,2,EM-DAT (Realistic Simulation),2025-10-18
"Hong Kong SAR, China",2023,Food Security Impact Score,3.6609770399211152,EM-DAT (Realistic Simulation),2025-10-18
Hungary,2020,Number of Disasters,5,EM-DAT (Realistic Simulation),2025-10-18
Hungary,2020,Total Affected (people),55378.57718315244,EM-DAT (Realistic Simulation),2025-10-18
Hungary,2020,Total Damages (USD millions),284.6657126903066,EM-DAT (Realistic Simulation),2025-10-18
Hungary,2020,Drought Events,1,EM-DAT (Realistic Simulation),2025-10-18
Hungary,2020,Flood Events,1,EM-DAT (Realistic Simulation),2025-10-18
Hungary,2020,Storm Events,1,EM-DAT (Realistic Simulation),2025-10-18
Hungary,2020,Food Security Impact Score,3.184932374010444,EM-DAT (Realistic Simulation),2025-10-18
Hungary,2021,Number of Disasters,3,EM-DAT (Realistic Simulation),2025-10-18
Hungary,2021,Total Affected (people),132962.699442518,EM-DAT (Realistic Simulation),2025-10-18
Hungary,2021,Total Damages (USD millions),110.01082584201268,EM-DAT (Realistic Simulation),2025-10-18
Hungary,2021,Drought Events,0,EM-DAT (Realistic Simulation),2025-10-18
Hungary,2021,Flood Events,1,EM-DAT (Realistic Simulation),2025-10-18
Hungary,2021,Storm Events,1,EM-DAT (Realistic Simulation),2025-10-18
Hungary,2021,Food Security Impact Score,2.5294253416126984,EM-DAT (Realistic Simulation),2025-10-18
Hungary,2022,Number of Disasters,0,EM-DAT (Realistic Simulation),2025-10-18
Hungary,2022,Total Affected (people),226764.7614616172,EM-DAT (Realistic Simulation),2025-10-18
Hungary,2022,Total Damages (USD millions),0,EM-DAT (Realistic Simulation),2025-10-18
Hungary,2022,Drought Events,0,EM-DAT (Realistic Simulation),2025-10-18
Hungary,2022,Flood Events,2,EM-DAT (Realistic Simulation),2025-10-18
Hungary,2022,Storm Events,0,EM-DAT (Realistic Simulation),2025-10-18
Hungary,2022,Food Security Impact Score,4.358848363420919,EM-DAT (Realistic Simulation),2025-10-18
Hungary,2023,Number of Disasters,2,EM-DAT (Realistic Simulation),2025-10-18
Hungary,2023,Total Affected (people),0,EM-DAT (Realistic Simulation),2025-10-18
Hungary,2023,Total Damages (USD millions),312.2000452531487,EM-DAT (Realistic Simulation),2025-10-18
Hungary,2023,Drought Events,1,EM-DAT (Realistic Simulation),2025-10-18
Hungary,2023,Flood Events,1,EM-DAT (Realistic Simulation),2025-10-18
Hungary,2023,Storm Events,0,EM-DAT (Realistic Simulation),2025-10-18
Hungary,2023,Food Security Impact Score,0.15809541100388635,EM-DAT (Realistic Simulation),2025-10-18
IBRD only,2020,Number of Disasters,2,EM-DAT (Realistic Simulation),2025-10-18
IBRD only,2020,Total Affected (people),10080.84834254715,EM-DAT (Realistic Simulation),2025-10-18
IBRD only,2020,Total Damages (USD millions),0,EM-DAT (Realistic Simulation),2025-10-18
IBRD only,2020,Drought Events,0,EM-DAT (Realistic Simulation),2025-10-18
IBRD only,2020,Flood Events,0,EM-DAT (Realistic Simulation),2025-10-18
IBRD only,2020,Storm Events,0,EM-DAT (Realistic Simulation),2025-10-18
IBRD only,2020,Food Security Impact Score,2.4849267556279715,EM-DAT (Realistic Simulation),2025-10-18
IBRD only,2021,Number of Disasters,1,EM-DAT (Realistic Simulation),2025-10-18
IBRD only,2021,Total Affected (people),0,EM-DAT (Realistic Simulation),2025-10-18
IBRD only,2021,Total Damages (USD millions),0,EM-DAT (Realistic Simulation),2025-10-18
IBRD only,2021,Drought Events,0,EM-DAT (Realistic Simulation),2025-10-18
IBRD only,2021,Flood Events,3,EM-DAT (Realistic Simulation),2025-10-18
IBRD only,2021,Storm Events,0,EM-DAT (Realistic Simulation),2025-10-18
IBRD only,2021,Food Security Impact Score,2.866011056824576,EM-DAT (Realistic Simulation),2025-10-18
IBRD only,2022,Number of Disasters,4,EM-DAT (Realistic Simulation),2025-10-18
IBRD only,2022,Total Affected (people),52065.22690899191,EM-DAT (Realistic Simulation),2025-10-18
IBRD only,2022,Total Damages (USD millions),0,EM-DAT (Realistic Simulation),2025-10-18
IBRD only,2022,Drought Events,0,EM-DAT (Realistic Simulation),2025-10-18
IBRD only,2022,Flood Events,0,EM-DAT (Realistic Simulation),2025-10-18
IBRD only,2022,Storm Events,3,EM-DAT (Realistic Simulation),2025-10-18
IBRD only,2022,Food Security Impact Score,4.491458268634023,EM-DAT (Realistic Simulation),2025-10-18
IBRD only,2023,Number of Disasters,0,EM-DAT (Realistic Simulation),2025-10-18
IBRD only,2023,Total Affected (people),107122.91828946542,EM-DAT (Realistic Simulation),2025-10-18
IBRD only,2023,Total Damages (USD millions),259.9665738183873,EM-DAT (Realistic Simulation),2025-10-18
IBRD only,2023,Drought Events,0,EM-DAT (Realistic Simulation),2025-10-18
IBRD only,2023,Flood Events,1,EM-DAT (Realistic Simulation),2025-10-18
IBRD only,2023,Storm Events,3,EM-DAT (Realistic Simulation),2025-10-18
IBRD only,2023,Food Security Impact Score,2.3751250758949847,EM-DAT (Realistic Simulation),2025-10-18
Iceland,2020,Number of Disasters,0,EM-DAT (Realistic Simulation),2025-10-18
Iceland,2020,Total Affected (people),106625.35677445502,EM-DAT (Realistic Simulation),2025-10-18
Iceland,2020,Total Damages (USD millions),0,EM-DAT (Realistic Simulation),2025-10-18
Iceland,2020,Drought Events,0,EM-DAT (Realistic Simulation),2025-10-18
Iceland,2020,Flood Events,1,EM-DAT (Realistic Simulation),2025-10-18
Iceland,2020,Storm Events,0,EM-DAT (Realistic Simulation),2025-10-18
Iceland,2020,Food Security Impact Score,3.4771650224557487,EM-DAT (Realistic Simulation),2025-10-18
Iceland,2021,Number of Disasters,0,EM-DAT (Realistic Simulation),2025-10-18
Iceland,2021,Total Affected (people),240204.2540976151,EM-DAT (Realistic Simulation),2025-10-18
Iceland,2021,Total Damages (USD millions),471.55857858062035,EM-DAT (Realistic Simulation),2025-10-18
Iceland,2021,Drought Events,0,EM-DAT (Realistic Simulation),2025-10-18
Iceland,2021,Flood Events,1,EM-DAT (Realistic Simulation),2025-10-18
Iceland,2021,Storm Events,0,EM-DAT (Realistic Simulation),2025-10-18
Iceland,2021,Food Security Impact Score,4.016417157910372,EM-DAT (Realistic Simulation),2025-10-18
Iceland,2022,Number of Disasters,3,EM-DAT (Realistic Simulation),2025-10-18
Iceland,2022,Total Affected (people),0,EM-DAT (Realistic Simulation),2025-10-18
Iceland,2022,Total Damages (USD millions),0,EM-DAT (Realistic Simulation),2025-10-18
Iceland,2022,Drought Events,1,EM-DAT (Realistic Simulation),2025-10-18
Iceland,2022,Flood Events,1,EM-DAT (Realistic Simulation),2025-10-18
Iceland,2022,Storm Events,1,EM-DAT (Realistic Simulation),2025-10-18
Iceland,2022,Food Security Impact Score,1.463609965699818,EM-DAT (Realistic Simulation),2025-10-18
Iceland,2023,Number of Disasters,1,EM-DAT (Realistic Simulation),2025-10-18
Iceland,2023,Total Affected (people),4082.128574153867,EM-DAT (Realistic Simulation),2025-10-18
Iceland,2023,Total Damages (USD millions),0,EM-DAT (Realistic Simulation),2025-10-18
Iceland,2023,Drought Events,1,EM-DAT (Realistic Simulation),2025-10-18
Iceland,2023,Flood Events,0,EM-DAT (Realistic Simulation),2025-10-18
Iceland,2023,Storm Events,0,EM-DAT (Realistic Simulation),2025-10-18
Iceland,2023,Food Security Impact Score,4.613827340724278,EM-DAT (Realistic Simulation),2025-10-18
IDA & IBRD total,2020,Number of Disasters,0,EM-DAT (Realistic Simulation),2025-10-18
IDA & IBRD total,2020,Total Affected (people),54848.20263804654,EM-DAT (Realistic Simulation),2025-10-18
IDA & IBRD total,2020,Total Damages (USD millions),121.8282963921031,EM-DAT (Realistic Simulation),2025-10-18
IDA & IBRD total,2020,Drought Events,0,EM-DAT (Realistic Simulation),2025-10-18
IDA & IBRD total,2020,Flood Events,2,EM-DAT (Realistic Simulation),2025-10-18
IDA & IBRD total,2020,Storm Events,0,EM-DAT (Realistic Simulation),2025-10-18
IDA & IBRD total,2020,Food Security Impact Score,5.715298904671197,EM-DAT (Realistic Simulation),2025-10-18
IDA & IBRD total,2021,Number of Disasters,0,EM-DAT (Realistic Simulation),2025-10-18
IDA & IBRD total,2021,Total Affected (people),208363.64391336657,EM-DAT (Realistic Simulation),2025-10-18
IDA & IBRD total,2021,Total Damages (USD millions),150.2006180968792,EM-DAT (Realistic Simulation),2025-10-18
IDA & IBRD total,2021,Drought Events,0,EM-DAT (Realistic Simulation),2025-10-18
IDA & IBRD total,2021,Flood Events,1,EM-DAT (Realistic Simulation),2025-10-18
IDA & IBRD total,2021,Storm Events,1,EM-DAT (Realistic Simulation),2025-10-18
IDA & IBRD total,2021,Food Security Impact Score,3.389753800011105,EM-DAT (Realistic Simulation),2025-10-18
IDA & IBRD total,2022,Number of Disasters,3,EM-DAT (Realistic Simulation),2025-10-18
IDA & IBRD total,2022,Total Affected (people),0,EM-DAT (Realistic Simulation),2025-10-18
IDA & IBRD total,2022,Total Damages (USD millions),376.47803965187757,EM-DAT (Realistic Simulation),2025-10-18
IDA & IBRD total,2022,Drought Events,0,EM-DAT (Realistic Simulation),2025-10-18
IDA & IBRD total,2022,Flood Events,0,EM-DAT (Realistic Simulation),2025-10-18
IDA & IBRD total,2022,Storm Events,3,EM-DAT (Realistic Simulation),2025-10-18
IDA & IBRD total,2022,Food Security Impact Score,2.5703599053941257,EM-DAT (Realistic Simulation),2025-10-18
IDA & IBRD total,2023,Number of Disasters,3,EM-DAT (Realistic Simulation),2025-10-18
IDA & IBRD total,2023,Total Affected (people),0,EM-DAT (Realistic Simulation),2025-10-18
IDA & IBRD total,2023,Total Damages (USD millions),1205.9299716503235,EM-DAT (Realistic Simulation),2025-10-18
IDA & IBRD total,2023,Drought Events,1,EM-DAT (Realistic Simulation),2025-10-18
IDA & IBRD total,2023,Flood Events,0,EM-DAT (Realistic Simulation),2025-10-18
IDA & IBRD total,2023,Storm Events,1,EM-DAT (Realistic Simulation),2025-10-18
IDA & IBRD total,2023,Food Security Impact Score,0,EM-DAT (Realistic Simulation),2025-10-18
IDA blend,2020,Number of Disasters,1,EM-DAT (Realistic Simulation),2025-10-18
IDA blend,2020,Total Affected (people),0,EM-DAT (Realistic Simulation),2025-10-18
IDA blend,2020,Total Damages (USD millions),0,EM-DAT (Realistic Simulation),2025-10-18
IDA blend,2020,Drought Events,0,EM-DAT (Realistic Simulation),2025-10-18
IDA blend,2020,Flood Events,2,EM-DAT (Realistic Simulation),2025-10-18
IDA blend,2020,Storm Events,1,EM-DAT (Realistic Simulation),2025-10-18
IDA blend,2020,Food Security Impact Score,1.9158425230306606,EM-DAT (Realistic Simulation),2025-10-18
IDA blend,2021,Number of Disasters,3,EM-DAT (Realistic Simulation),2025-10-18
IDA blend,2021,Total Affected (people),24704.033254963786,EM-DAT (Realistic Simulation),2025-10-18
IDA blend,2021,Total Damages (USD millions),580.7067323460591,EM-DAT (Realistic Simulation),2025-10-18
IDA blend,2021,Drought Events,1,EM-DAT (Realistic Simulation),2025-10-18
IDA blend,2021,Flood Events,0,EM-DAT (Realistic Simulation),2025-10-18
IDA blend,2021,Storm Events,1,EM-DAT (Realistic Simulation),2025-10-18
IDA blend,2021,Food Security Impact Score,1.5378005287193233,EM-DAT (Realistic Simulation),2025-10-18
IDA blend,2022,Number of Disasters,2,EM-DAT (Realistic Simulation),2025-10-18
IDA blend,2022,Total Affected (people),877.0954299949299,EM-DAT (Realistic Simulation),2025-10-18
IDA blend,2022,Total Damages (USD millions),1251.4825676374523,EM-DAT (Realistic Simulation),2025-10-18
IDA blend,2022,Drought Events,0,EM-DAT (Realistic Simulation),2025-10-18
IDA blend,2022,Flood Events,1,EM-DAT (Realistic Simulation),2025-10-18
IDA blend,2022,Storm Events,0,EM-DAT (Realistic Simulation),2025-10-18
IDA blend,2022,Food Security Impact Score,1.9527215775059183,EM-DAT (Realistic Simulation),2025-10-18
IDA blend,2023,Number of Disasters,1,EM-DAT (Realistic Simulation),2025-10-18
IDA blend,2023,Total Affected (people),66691.93334618789,EM-DAT (Realistic Simulation),2025-10-18
IDA blend,2023,Total Damages (USD millions),0,EM-DAT (Realistic Simulation),2025-10-18
IDA blend,2023,Drought Events,1,EM-DAT (Realistic Simulation),2025-10-18
IDA blend,2023,Flood Events,1,EM-DAT (Realistic Simulation),2025-10-18
IDA blend,2023,Storm Events,0,EM-DAT (Realistic Simulation),2025-10-18
IDA blend,2023,Food Security Impact Score,2.1914535435985925,EM-DAT (Realistic Simulation),2025-10-18
IDA only,2020,Number of Disasters,0,EM-DAT (Realistic Simulation),2025-10-18
IDA only,2020,Total Affected (people),101933.74165621224,EM-DAT (Realistic Simulation),2025-10-18
IDA only,2020,Total Damages (USD millions),436.5261083988939,EM-DAT (Realistic Simulation),2025-10-18
IDA only,2020,Drought Events,1,EM-DAT (Realistic Simulation),2025-10-18
IDA only,2020,Flood Events,0,EM-DAT (Realistic Simulation),2025-10-18
IDA only,2020,Storm Events,0,EM-DAT (Realistic Simulation),2025-10-18
IDA only,2020,Food Security Impact Score,4.744795327734303,EM-DAT (Realistic Simulation),2025-10-18
IDA only,2021,Number of Disasters,2,EM-DAT (Realistic Simulation),2025-10-18
IDA only,2021,Total Affected (people),0,EM-DAT (Realistic Simulation),2025-10-18
IDA only,2021,Total Damages (USD millions),109.23835090839,EM-DAT (Realistic Simulation),2025-10-18
IDA only,2021,Drought Events,0,EM-DAT (Realistic Simulation),2025-10-18
IDA only,2021,Flood Events,1,EM-DAT (Realistic Simulation),2025-10-18
IDA only,2021,Storm Events,0,EM-DAT (Realistic Simulation),2025-10-18
IDA only,2021,Food Security Impact Score,4.821879798466306,EM-DAT (Realistic Simulation),2025-10-18
IDA only,2022,Number of Disasters,0,EM-DAT (Realistic Simulation),2025-10-18
IDA only,2022,Total Affected (people),84774.81284565269,EM-DAT (Realistic Simulation),2025-10-18
IDA only,2022,Total Damages (USD millions),0,EM-DAT (Realistic Simulation),2025-10-18
IDA only,2022,Drought Events,2,EM-DAT (Realistic Simulation),2025-10-18
IDA only,2022,Flood Events,1,EM-DAT (Realistic Simulation),2025-10-18
IDA only,2022,Storm Events,1,EM-DAT (Realistic Simulation),2025-10-18
IDA only,2022,Food Security Impact Score,1.5989639064221008,EM-DAT (Realistic Simulation),2025-10-18
IDA only,2023,Number of Disasters,0,EM-DAT (Realistic Simulation),2025-10-18
IDA only,2023,Total Affected (people),36822.14803872774,EM-DAT (Realistic Simulation),2025-10-18
IDA only,2023,Total Damages (USD millions),1005.0450811353854,EM-DAT (Realistic Simulation),2025-10-18
IDA only,2023,Drought Events,2,EM-DAT (Realistic Simulation),2025-10-18
IDA only,2023,Flood Events,0,EM-DAT (Realistic Simulation),2025-10-18
IDA only,2023,Storm Events,0,EM-DAT (Realistic Simulation),2025-10-18
IDA only,2023,Food Security Impact Score,5.2210354774677175,EM-DAT (Realistic Simulation),2025-10-18
IDA total,2020,Number of Disasters,4,EM-DAT (Realistic Simulation),2025-10-18
IDA total,2020,Total Affected (people),0,EM-DAT (Realistic Simulation),2025-10-18
IDA total,2020,Total Damages (USD millions),0,EM-DAT (Realistic Simulation),2025-10-18
IDA total,2020,Drought Events,1,EM-DAT (Realistic Simulation),2025-10-18
IDA total,2020,Flood Events,3,EM-DAT (Realistic Simulation),2025-10-18
IDA total,2020,Storm Events,1,EM-DAT (Realistic Simulation),2025-10-18
IDA total,2020,Food Security Impact Score,5.1272895930790146,EM-DAT (Realistic Simulation),2025-10-18
IDA total,2021,Number of Disasters,0,EM-DAT (Realistic Simulation),2025-10-18
IDA total,2021,Total Affected (people),23234.020703937396,EM-DAT (Realistic Simulation),2025-10-18
IDA total,2021,Total Damages (USD millions),0,EM-DAT (Realistic Simulation),2025-10-18
IDA total,2021,Drought Events,1,EM-DAT (Realistic Simulation),2025-10-18
IDA total,2021,Flood Events,4,EM-DAT (Realistic Simulation),2025-10-18
IDA total,2021,Storm Events,3,EM-DAT (Realistic Simulation),2025-10-18
IDA total,2021,Food Security Impact Score,2.5467654183378174,EM-DAT (Realistic Simulation),2025-10-18
IDA total,2022,Number of Disasters,2,EM-DAT (Realistic Simulation),2025-10-18
IDA total,2022,Total Affected (people),9137.700519663078,EM-DAT (Realistic Simulation),2025-10-18
IDA total,2022,Total Damages (USD millions),170.21499840681582,EM-DAT (Realistic Simulation),2025-10-18
IDA total,2022,Drought Events,0,EM-DAT (Realistic Simulation),2025-10-18
IDA total,2022,Flood Events,0,EM-DAT (Realistic Simulation),2025-10-18
IDA total,2022,Storm Events,0,EM-DAT (Realistic Simulation),2025-10-18
IDA total,2022,Food Security Impact Score,5.0458351580899325,EM-DAT (Realistic Simulation),2025-10-18
IDA total,2023,Number of Disasters,0,EM-DAT (Realistic Simulation),2025-10-18
IDA total,2023,Total Affected (people),139835.457546281,EM-DAT (Realistic Simulation),2025-10-18
IDA total,2023,Total Damages (USD millions),0,EM-DAT (Realistic Simulation),2025-10-18
IDA total,2023,Drought Events,0,EM-DAT (Realistic Simulation),2025-10-18
IDA total,2023,Flood Events,1,EM-DAT (Realistic Simulation),2025-10-18
IDA total,2023,Storm Events,0,EM-DAT (Realistic Simulation),2025-10-18
IDA total,2023,Food Security Impact Score,4.334552598832977,EM-DAT (Realistic Simulation),2025-10-18
India,2020,Number of Disasters,0,EM-DAT (Realistic Simulation),2025-10-18
India,2020,Total Affected (people),95988.54371508298,EM-DAT (Realistic Simulation),2025-10-18
India,2020,Total Damages (USD millions),295.0272378055081,EM-DAT (Realistic Simulation),2025-10-18
India,2020,Drought Events,2,EM-DAT (Realistic Simulation),2025-10-18
India,2020,Flood Events,0,EM-DAT (Realistic Simulation),2025-10-18
India,2020,Storm Events,0,EM-DAT (Realistic Simulation),2025-10-18
India,2020,Food Security Impact Score,3.357470449499988,EM-DAT (Realistic Simulation),2025-10-18
India,2021,Number of Disasters,3,EM-DAT (Realistic Simulation),2025-10-18
India,2021,Total Affected (people),185607.62544992208,EM-DAT (Realistic Simulation),2025-10-18
India,2021,Total Damages (USD millions),362.31122769878436,EM-DAT (Realistic Simulation),2025-10-18
India,2021,Drought Events,2,EM-DAT (Realistic Simulation),2025-10-18
India,2021,Flood Events,2,EM-DAT (Realistic Simulation),2025-10-18
India,2021,Storm Events,1,EM-DAT (Realistic Simulation),2025-10-18
India,2021,Food Security Impact Score,3.4769257908602085,EM-DAT (Realistic Simulation),2025-10-18
India,2022,Number of Disasters,1,EM-DAT (Realistic Simulation),2025-10-18
India,2022,Total Affected (people),69858.1236201619,EM-DAT (Realistic Simulation),2025-10-18
India,2022,Total Damages (USD millions),937.1566882323682,EM-DAT (Realistic Simulation),2025-10-18
India,2022,Drought Events,2,EM-DAT (Realistic Simulation),2025-10-18
India,2022,Flood Events,1,EM-DAT (Realistic Simulation),2025-10-18
India,2022,Storm Events,1,EM-DAT (Realistic Simulation),2025-10-18
India,2022,Food Security Impact Score,3.741449405117644,EM-DAT (Realistic Simulation),2025-10-18
India,2023,Number of Disasters,1,EM-DAT (Realistic Simulation),2025-10-18
India,2023,Total Affected (people),217524.862656176,EM-DAT (Realistic Simulation),2025-10-18
India,2023,Total Damages (USD millions),0,EM-DAT (Realistic Simulation),2025-10-18
India,2023,Drought Events,0,EM-DAT (Realistic Simulation),2025-10-18
India,2023,Flood Events,1,EM-DAT (Realistic Simulation),2025-10-18
India,2023,Storm Events,0,EM-DAT (Realistic Simulation),2025-10-18
India,2023,Food Security Impact Score,1.0489052846129558,EM-DAT (Realistic Simulation),2025-10-18
Indonesia,2020,Number of Disasters,0,EM-DAT (Realistic Simulation),2025-10-18
Indonesia,2020,Total Affected (people),119378.05222219184,EM-DAT (Realistic Simulation),2025-10-18
Indonesia,2020,Total Damages (USD millions),790.0176325520977,EM-DAT (Realistic Simulation),2025-10-18
Indonesia,2020,Drought Events,0,EM-DAT (Realistic Simulation),2025-10-18
Indonesia,2020,Flood Events,0,EM-DAT (Realistic Simulation),2025-10-18
Indonesia,2020,Storm Events,0,EM-DAT (Realistic Simulation),2025-10-18
Indonesia,2020,Food Security Impact Score,3.8059226888868207,EM-DAT (Realistic Simulation),2025-10-18
Indonesia,2021,Number of Disasters,2,EM-DAT (Realistic Simulation),2025-10-18
Indonesia,2021,Total Affected (people),138333.77542853274,EM-DAT (Realistic Simulation),2025-10-18
Indonesia,2021,Total Damages (USD millions),11.846246626466694,EM-DAT (Realistic Simulation),2025-10-18
Indonesia,2021,Drought Events,0,EM-DAT (Realistic Simulation),2025-10-18
Indonesia,2021,Flood Events,3,EM-DAT (Realistic Simulation),2025-10-18
Indonesia,2021,Storm Events,0,EM-DAT (Realistic Simulation),2025-10-18
Indonesia,2021,Food Security Impact Score,5.207523909713229,EM-DAT (Realistic Simulation),2025-10-18
Indonesia,2022,Number of Disasters,1,EM-DAT (Realistic Simulation),2025-10-18
Indonesia,2022,Total Affected (people),150733.6485343867,EM-DAT (Realistic Simulation),2025-10-18
Indonesia,2022,Total Damages (USD millions),982.4349154985235,EM-DAT (Realistic Simulation),2025-10-18
Indonesia,2022,Drought Events,1,EM-DAT (Realistic Simulation),2025-10-18
Indonesia,2022,Flood Events,3,EM-DAT (Realistic Simulation),2025-10-18
Indonesia,2022,Storm Events,2,EM-DAT (Realistic Simulation),2025-10-18
Indonesia,2022,Food Security Impact Score,2.0110520536496033,EM-DAT (Realistic Simulation),2025-10-18
Indonesia,2023,Number of Disasters,2,EM-DAT (Realistic Simulation),2025-10-18
Indonesia,2023,Total Affected (people),0,EM-DAT (Realistic Simulation),2025-10-18
Indonesia,2023,Total Damages (USD millions),0,EM-DAT (Realistic Simulation),2025-10-18
Indonesia,2023,Drought Events,1,EM-DAT (Realistic Simulation),2025-10-18
Indonesia,2023,Flood Events,1,EM-DAT (Realistic Simulation),2025-10-18
Indonesia,2023,Storm Events,2,EM-DAT (Realistic Simulation),2025-10-18
Indonesia,2023,Food Security Impact Score,3.764961269497225,EM-DAT (Realistic Simulation),2025-10-18
"Iran, Islamic Rep.",2020,Number of Disasters,5,EM-DAT (Realistic Simulation),2025-10-18
"Iran, Islamic Rep.",2020,Total Affected (people),33089.93782642303,EM-DAT (Realistic Simulation),2025-10-18
"Iran, Islamic Rep.",2020,Total Damages (USD millions),0,EM-DAT (Realistic Simulation),2025-10-18
"Iran, Islamic Rep.",2020,Drought Events,0,EM-DAT (Realistic Simulation),2025-10-18
"Iran, Islamic Rep.",2020,Flood Events,0,EM-DAT (Realistic Simulation),2025-10-18
"Iran, Islamic Rep.",2020,Storm Events,0,EM-DAT (Realistic Simulation),2025-10-18
"Iran, Islamic Rep.",2020,Food Security Impact Score,1.4718514548667883,EM-DAT (Realistic Simulation),2025-10-18
"Iran, Islamic Rep.",2021,Number of Disasters,2,EM-DAT (Realistic Simulation),2025-10-18
"Iran, Islamic Rep.",2021,Total Affected (people),65327.199801266775,EM-DAT (Realistic Simulation),2025-10-18
"Iran, Islamic Rep.",2021,Total Damages (USD millions),33.39127105959729,EM-DAT (Realistic Simulation),2025-10-18
"Iran, Islamic Rep.",2021,Drought Events,0,EM-DAT (Realistic Simulation),2025-10-18
"Iran, Islamic Rep.",2021,Flood Events,2,EM-DAT (Realistic Simulation),2025-10-18
"Iran, Islamic Rep.",2021,Storm Events,1,EM-DAT (Realistic Simulation),2025-10-18
"Iran, Islamic Rep.",2021,Food Security Impact Score,2.3472984626784146,EM-DAT (Realistic Simulation),2025-10-18
"Iran, Islamic Rep.",2022,Number of Disasters,2,EM-DAT (Realistic Simulation),2025-10-18
"Iran, Islamic Rep.",2022,Total Affected (people),0,EM-DAT (Realistic Simulation),2025-10-18
"Iran, Islamic Rep.",2022,Total Damages (USD millions),0,EM-DAT (Realistic Simulation),2025-10-18
"Iran, Islamic Rep.",2022,Drought Events,0,EM-DAT (Realistic Simulation),2025-10-18
"Iran, Islamic Rep.",2022,Flood Events,0,EM-DAT (Realistic Simulation),2025-10-18
"Iran, Islamic Rep.",2022,Storm Events,1,EM-DAT (Realistic Simulation),2025-10-18
"Iran, Islamic Rep.",2022,Food Security Impact Score,6.444009006781641,EM-DAT (Realistic Simulation),2025-10-18
"Iran, Islamic Rep.",2023,Number of Disasters,0,EM-DAT (Realistic Simulation),2025-10-18
"Iran, Islamic Rep.",2023,Total Affected (people),52165.3793757998,EM-DAT (Realistic Simulation),2025-10-18
"Iran, Islamic Rep.",2023,Total Damages (USD millions),0,EM-DAT (Realistic Simulation),2025-10-18
"Iran, Islamic Rep.",2023,Drought Events,0,EM-DAT (Realistic Simulation),2025-10-18
"Iran, Islamic Rep.",2023,Flood Events,0,EM-DAT (Realistic Simulation),2025-10-18
"Iran, Islamic Rep.",2023,Storm Events,0,EM-DAT (Realistic Simulation),2025-10-18
"Iran, Islamic Rep.",2023,Food Security Impact Score,2.876997677561825,EM-DAT (Realistic Simulation),2025-10-18
Iraq,2020,Number of Disasters,6,EM-DAT (Realistic Simulation),2025-10-18
Iraq,2020,Total Affected (people),209707.77326775304,EM-DAT (Realistic Simulation),2025-10-18
Iraq,2020,Total Damages (USD millions),0,EM-DAT (Realistic Simulation),2025-10-18
Iraq,2020,Drought Events,0,EM-DAT (Realistic Simulation),2025-10-18
Iraq,2020,Flood Events,1,EM-DAT (Realistic Simulation),2025-10-18
Iraq,2020,Storm Events,0,EM-DAT (Realistic Simulation),2025-10-18
Iraq,2020,Food Security Impact Score,5.0253298349435465,EM-DAT (Realistic Simulation),2025-10-18
Iraq,2021,Number of Disasters,1,EM-DAT (Realistic Simulation),2025-10-18
Iraq,2021,Total Affected (people),33572.715159955435,EM-DAT (Realistic Simulation),2025-10-18
Iraq,2021,Total Damages (USD millions),0,EM-DAT (Realistic Simulation),2025-10-18
Iraq,2021,Drought Events,0,EM-DAT (Realistic Simulation),2025-10-18
Iraq,2021,Flood Events,0,EM-DAT (Realistic Simulation),2025-10-18
Iraq,2021,Storm Events,1,EM-DAT (Realistic Simulation),2025-10-18
Iraq,2021,Food Security Impact Score,2.1869648931593786,EM-DAT (Realistic Simulation),2025-10-18
Iraq,2022,Number of Disasters,4,EM-DAT (Realistic Simulation),2025-10-18
Iraq,2022,Total Affected (people),217669.39711353031,EM-DAT (Realistic Simulation),2025-10-18
Iraq,2022,Total Damages (USD millions),335.1807816494639,EM-DAT (Realistic Simulation),2025-10-18
Iraq,2022,Drought Events,0,EM-DAT (Realistic Simulation),2025-10-18
Iraq,2022,Flood Events,2,EM-DAT (Realistic Simulation),2025-10-18
Iraq,2022,Storm Events,0,EM-DAT (Realistic Simulation),2025-10-18
Iraq,2022,Food Security Impact Score,1.2464626162064476,EM-DAT (Realistic Simulation),2025-10-18
Iraq,2023,Number of Disasters,0,EM-DAT (Realistic Simulation),2025-10-18
Iraq,2023,Total Affected (people),11385.358531951468,EM-DAT (Realistic Simulation),2025-10-18
Iraq,2023,Total Damages (USD millions),0,EM-DAT (Realistic Simulation),2025-10-18
Iraq,2023,Drought Events,0,EM-DAT (Realistic Simulation),2025-10-18
Iraq,2023,Flood Events,0,EM-DAT (Realistic Simulation),2025-10-18
Iraq,2023,Storm Events,2,EM-DAT (Realistic Simulation),2025-10-18
Iraq,2023,Food Security Impact Score,2.1688272336593784,EM-DAT (Realistic Simulation),2025-10-18
Ireland,2020,Number of Disasters,1,EM-DAT (Realistic Simulation),2025-10-18
Ireland,2020,Total Affected (people),188320.50260094766,EM-DAT (Realistic Simulation),2025-10-18
Ireland,2020,Total Damages (USD millions),0,EM-DAT (Realistic Simulation),2025-10-18
Ireland,2020,Drought Events,0,EM-DAT (Realistic Simulation),2025-10-18
Ireland,2020,Flood Events,1,EM-DAT (Realistic Simulation),2025-10-18
Ireland,2020,Storm Events,0,EM-DAT (Realistic Simulation),2025-10-18
Ireland,2020,Food Security Impact Score,1.2518183589253362,EM-DAT (Realistic Simulation),2025-10-18
Ireland,2021,Number of Disasters,0,EM-DAT (Realistic Simulation),2025-10-18
Ireland,2021,Total Affected (people),51256.71270245937,EM-DAT (Realistic Simulation),2025-10-18
Ireland,2021,Total Damages (USD millions),46.62453363959004,EM-DAT (Realistic Simulation),2025-10-18
Ireland,2021,Drought Events,0,EM-DAT (Realistic Simulation),2025-10-18
Ireland,2021,Flood Events,2,EM-DAT (Realistic Simulation),2025-10-18
Ireland,2021,Storm Events,0,EM-DAT (Realistic Simulation),2025-10-18
Ireland,2021,Food Security Impact Score,5.934094371284225,EM-DAT (Realistic Simulation),2025-10-18
Ireland,2022,Number of Disasters,1,EM-DAT (Realistic Simulation),2025-10-18
Ireland,2022,Total Affected (people),188761.48441199667,EM-DAT (Realistic Simulation),2025-10-18
Ireland,2022,Total Damages (USD millions),0,EM-DAT (Realistic Simulation),2025-10-18
Ireland,2022,Drought Events,1,EM-DAT (Realistic Simulation),2025-10-18
Ireland,2022,Flood Events,0,EM-DAT (Realistic Simulation),2025-10-18
Ireland,2022,Storm Events,0,EM-DAT (Realistic Simulation),2025-10-18
Ireland,2022,Food Security Impact Score,5.127174738648309,EM-DAT (Realistic Simulation),2025-10-18
Ireland,2023,Number of Disasters,1,EM-DAT (Realistic Simulation),2025-10-18
Ireland,2023,Total Affected (people),10111.895965216747,EM-DAT (Realistic Simulation),2025-10-18
Ireland,2023,Total Damages (USD millions),99.1457958400334,EM-DAT (Realistic Simulation),2025-10-18
Ireland,2023,Drought Events,0,EM-DAT (Realistic Simulation),2025-10-18
Ireland,2023,Flood Events,3,EM-DAT (Realistic Simulation),2025-10-18
Ireland,2023,Storm Events,3,EM-DAT (Realistic Simulation),2025-10-18
Ireland,2023,Food Security Impact Score,4.167805037219061,EM-DAT (Realistic Simulation),2025-10-18
Isle of Man,2020,Number of Disasters,2,EM-DAT (Realistic Simulation),2025-10-18
Isle of Man,2020,Total Affected (people),64389.96769208036,EM-DAT (Realistic Simulation),2025-10-18
Isle of Man,2020,Total Damages (USD millions),0,EM-DAT (Realistic Simulation),2025-10-18
Isle of Man,2020,Drought Events,0,EM-DAT (Realistic Simulation),2025-10-18
Isle of Man,2020,Flood Events,1,EM-DAT (Realistic Simulation),2025-10-18
Isle of Man,2020,Storm Events,0,EM-DAT (Realistic Simulation),2025-10-18
Isle of Man,2020,Food Security Impact Score,0.862916458544928,EM-DAT (Realistic Simulation),2025-10-18
Isle of Man,2021,Number of Disasters,2,EM-DAT (Realistic Simulation),2025-10-18
Isle of Man,2021,Total Affected (people),0,EM-DAT (Realistic Simulation),2025-10-18
Isle of Man,2021,Total Damages (USD millions),0,EM-DAT (Realistic Simulation),2025-10-18
Isle of Man,2021,Drought Events,0,EM-DAT (Realistic Simulation),2025-10-18
Isle of Man,2021,Flood Events,0,EM-DAT (Realistic Simulation),2025-10-18
Isle of Man,2021,Storm Events,0,EM-DAT (Realistic Simulation),2025-10-18
Isle of Man,2021,Food Security Impact Score,6.068617317154455,EM-DAT (Realistic Simulation),2025-10-18
Isle of Man,2022,Number of Disasters,2,EM-DAT (Realistic Simulation),2025-10-18
Isle of Man,2022,Total Affected (people),99459.50742731323,EM-DAT (Realistic Simulation),2025-10-18
Isle of Man,2022,Total Damages (USD millions),0,EM-DAT (Realistic Simulation),2025-10-18
Isle of Man,2022,Drought Events,0,EM-DAT (Realistic Simulation),2025-10-18
Isle of Man,2022,Flood Events,0,EM-DAT (Realistic Simulation),2025-10-18
Isle of Man,2022,Storm Events,1,EM-DAT (Realistic Simulation),2025-10-18
Isle of Man,2022,Food Security Impact Score,0.7612127083440385,EM-DAT (Realistic Simulation),2025-10-18
Isle of Man,2023,Number of Disasters,3,EM-DAT (Realistic Simulation),2025-10-18
Isle of Man,2023,Total Affected (people),44832.88587972103,EM-DAT (Realistic Simulation),2025-10-18
Isle of Man,2023,Total Damages (USD millions),290.69416007830637,EM-DAT (Realistic Simulation),2025-10-18
Isle of Man,2023,Drought Events,1,EM-DAT (Realistic Simulation),2025-10-18
Isle of Man,2023,Flood Events,2,EM-DAT (Realistic Simulation),2025-10-18
Isle of Man,2023,Storm Events,0,EM-DAT (Realistic Simulation),2025-10-18
Isle of Man,2023,Food Security Impact Score,1.1935996566831997,EM-DAT (Realistic Simulation),2025-10-18
Israel,2020,Number of Disasters,0,EM-DAT (Realistic Simulation),2025-10-18
Israel,2020,Total Affected (people),81908.04336874436,EM-DAT (Realistic Simulation),2025-10-18
Israel,2020,Total Damages (USD millions),267.2721206991389,EM-DAT (Realistic Simulation),2025-10-18
Israel,2020,Drought Events,0,EM-DAT (Realistic Simulation),2025-10-18
Israel,2020,Flood Events,0,EM-DAT (Realistic Simulation),2025-10-18
Israel,2020,Storm Events,0,EM-DAT (Realistic Simulation),2025-10-18
Israel,2020,Food Security Impact Score,0.9077499806562068,EM-DAT (Realistic Simulation),2025-10-18
Israel,2021,Number of Disasters,0,EM-DAT (Realistic Simulation),2025-10-18
Israel,2021,Total Affected (people),104773.01858173971,EM-DAT (Realistic Simulation),2025-10-18
Israel,2021,Total Damages (USD millions),0,EM-DAT (Realistic Simulation),2025-10-18
Israel,2021,Drought Events,0,EM-DAT (Realistic Simulation),2025-10-18
Israel,2021,Flood Events,1,EM-DAT (Realistic Simulation),2025-10-18
Israel,2021,Storm Events,0,EM-DAT (Realistic Simulation),2025-10-18
Israel,2021,Food Security Impact Score,2.6001662483926165,EM-DAT (Realistic Simulation),2025-10-18
Israel,2022,Number of Disasters,4,EM-DAT (Realistic Simulation),2025-10-18
Israel,2022,Total Affected (people),62160.59431894264,EM-DAT (Realistic Simulation),2025-10-18
Israel,2022,Total Damages (USD millions),104.59931869565565,EM-DAT (Realistic Simulation),2025-10-18
Israel,2022,Drought Events,1,EM-DAT (Realistic Simulation),2025-10-18
Israel,2022,Flood Events,0,EM-DAT (Realistic Simulation),2025-10-18
Israel,2022,Storm Events,0,EM-DAT (Realistic Simulation),2025-10-18
Israel,2022,Food Security Impact Score,7.404193665636184,EM-DAT (Realistic Simulation),2025-10-18
Israel,2023,Number of Disasters,2,EM-DAT (Realistic Simulation),2025-10-18
Israel,2023,Total Affected (people),181588.44782660605,EM-DAT (Realistic Simulation),2025-10-18
Israel,2023,Total Damages (USD millions),531.0250028776962,EM-DAT (Realistic Simulation),2025-10-18
Israel,2023,Drought Events,0,EM-DAT (Realistic Simulation),2025-10-18
Israel,2023,Flood Events,3,EM-DAT (Realistic Simulation),2025-10-18
Israel,2023,Storm Events,1,EM-DAT (Realistic Simulation),2025-10-18
Israel,2023,Food Security Impact Score,2.3586378693375036,EM-DAT (Realistic Simulation),2025-10-18
Italy,2020,Number of Disasters,3,EM-DAT (Realistic Simulation),2025-10-18
Italy,2020,Total Affected (people),154034.18923777126,EM-DAT (Realistic Simulation),2025-10-18
Italy,2020,Total Damages (USD millions),0,EM-DAT (Realistic Simulation),2025-10-18
Italy,2020,Drought Events,0,EM-DAT (Realistic Simulation),2025-10-18
Italy,2020,Flood Events,2,EM-DAT (Realistic Simulation),2025-10-18
Italy,2020,Storm Events,0,EM-DAT (Realistic Simulation),2025-10-18
Italy,2020,Food Security Impact Score,3.0972964601468957,EM-DAT (Realistic Simulation),2025-10-18
Italy,2021,Number of Disasters,5,EM-DAT (Realistic Simulation),2025-10-18
Italy,2021,Total Affected (people),0,EM-DAT (Realistic Simulation),2025-10-18
Italy,2021,Total Damages (USD millions),0,EM-DAT (Realistic Simulation),2025-10-18
Italy,2021,Drought Events,0,EM-DAT (Realistic Simulation),2025-10-18
Italy,2021,Flood Events,1,EM-DAT (Realistic Simulation),2025-10-18
Italy,2021,Storm Events,1,EM-DAT (Realistic Simulation),2025-10-18
Italy,2021,Food Security Impact Score,3.2556798649959506,EM-DAT (Realistic Simulation),2025-10-18
Italy,2022,Number of Disasters,1,EM-DAT (Realistic Simulation),2025-10-18
Italy,2022,Total Affected (people),0,EM-DAT (Realistic Simulation),2025-10-18
Italy,2022,Total Damages (USD millions),313.7697847881966,EM-DAT (Realistic Simulation),2025-10-18
Italy,2022,Drought Events,1,EM-DAT (Realistic Simulation),2025-10-18
Italy,2022,Flood Events,0,EM-DAT (Realistic Simulation),2025-10-18
Italy,2022,Storm Events,2,EM-DAT (Realistic Simulation),2025-10-18
Italy,2022,Food Security Impact Score,1.5450168486560396,EM-DAT (Realistic Simulation),2025-10-18
Italy,2023,Number of Disasters,2,EM-DAT (Realistic Simulation),2025-10-18
Italy,2023,Total Affected (people),186643.39201565043,EM-DAT (Realistic Simulation),2025-10-18
Italy,2023,Total Damages (USD millions),364.5445067141514,EM-DAT (Realistic Simulation),2025-10-18
Italy,2023,Drought Events,1,EM-DAT (Realistic Simulation),2025-10-18
Italy,2023,Flood Events,2,EM-DAT (Realistic Simulation),2025-10-18
Italy,2023,Storm Events,0,EM-DAT (Realistic Simulation),2025-10-18
Italy,2023,Food Security Impact Score,5.712518679866672,EM-DAT (Realistic Simulation),2025-10-18
Jamaica,2020,Number of Disasters,0,EM-DAT (Realistic Simulation),2025-10-18
Jamaica,2020,Total Affected (people),0,EM-DAT (Realistic Simulation),2025-10-18
Jamaica,2020,Total Damages (USD millions),0,EM-DAT (Realistic Simulation),2025-10-18
Jamaica,2020,Drought Events,0,EM-DAT (Realistic Simulation),2025-10-18
Jamaica,2020,Flood Events,2,EM-DAT (Realistic Simulation),2025-10-18
Jamaica,2020,Storm Events,0,EM-DAT (Realistic Simulation),2025-10-18
Jamaica,2020,Food Security Impact Score,0.48127383666363155,EM-DAT (Realistic Simulation),2025-10-18
Jamaica,2021,Number of Disasters,1,EM-DAT (Realistic Simulation),2025-10-18
Jamaica,2021,Total Affected (people),84734.16927315919,EM-DAT (Realistic Simulation),2025-10-18
Jamaica,2021,Total Damages (USD millions),919.2457355782253,EM-DAT (Realistic Simulation),2025-10-18
Jamaica,2021,Drought Events,0,EM-DAT (Realistic Simulation),2025-10-18
Jamaica,2021,Flood Events,1,EM-DAT (Realistic Simulation),2025-10-18
Jamaica,2021,Storm Events,1,EM-DAT (Realistic Simulation),2025-10-18
Jamaica,2021,Food Security Impact Score,4.5244802371751405,EM-DAT (Realistic Simulation),2025-10-18
Jamaica,2022,Number of Disasters,4,EM-DAT (Realistic Simulation),2025-10-18
Jamaica,2022,Total Affected (people),62780.689173680905,EM-DAT (Realistic Simulation),2025-10-18
Jamaica,2022,Total Damages (USD millions),0,EM-DAT (Realistic Simulation),2025-10-18
Jamaica,2022,Drought Events,0,EM-DAT (Realistic Simulation),2025-10-18
Jamaica,2022,Flood Events,1,EM-DAT (Realistic Simulation),2025-10-18
Jamaica,2022,Storm Events,0,EM-DAT (Realistic Simulation),2025-10-18
Jamaica,2022,Food Security Impact Score,2.9074183114051593,EM-DAT (Realistic Simulation),2025-10-18
Jamaica,2023,Number of Disasters,4,EM-DAT (Realistic Simulation),2025-10-18
Jamaica,2023,Total Affected (people),32177.884147002856,EM-DAT (Realistic Simulation),2025-10-18
Jamaica,2023,Total Damages (USD millions),0,EM-DAT (Realistic Simulation),2025-10-18
Jamaica,2023,Drought Events,0,EM-DAT (Realistic Simulation),2025-10-18
Jamaica,2023,Flood Events,0,EM-DAT (Realistic Simulation),2025-10-18
Jamaica,2023,Storm Events,0,EM-DAT (Realistic Simulation),2025-10-18
Jamaica,2023,Food Security Impact Score,3.7995289667058594,EM-DAT (Realistic Simulation),2025-10-18
Japan,2020,Number of Disasters,1,EM-DAT (Realistic Simulation),2025-10-18
Japan,2020,Total Affected (people),0,EM-DAT (Realistic Simulation),2025-10-18
Japan,2020,Total Damages (USD millions),0,EM-DAT (Realistic Simulation),2025-10-18
Japan,2020,Drought Events,0,EM-DAT (Realistic Simulation),2025-10-18
Japan,2020,Flood Events,1,EM-DAT (Realistic Simulation),2025-10-18
Japan,2020,Storm Events,2,EM-DAT (Realistic Simulation),2025-10-18
Japan,2020,Food Security Impact Score,2.3327155441585936,EM-DAT (Realistic Simulation),2025-10-18
Japan,2021,Number of Disasters,0,EM-DAT (Realistic Simulation),2025-10-18
Japan,2021,Total Affected (people),19758.008869899073,EM-DAT (Realistic Simulation),2025-10-18
Japan,2021,Total Damages (USD millions),329.7295299121838,EM-DAT (Realistic Simulation),2025-10-18
Japan,2021,Drought Events,0,EM-DAT (Realistic Simulation),2025-10-18
Japan,2021,Flood Events,0,EM-DAT (Realistic Simulation),2025-10-18
Japan,2021,Storm Events,3,EM-DAT (Realistic Simulation),2025-10-18
Japan,2021,Food Security Impact Score,1.675101648996408,EM-DAT (Realistic Simulation),2025-10-18
Japan,2022,Number of Disasters,2,EM-DAT (Realistic Simulation),2025-10-18
Japan,2022,Total Affected (people),0,EM-DAT (Realistic Simulation),2025-10-18
Japan,2022,Total Damages (USD millions),0,EM-DAT (Realistic Simulation),2025-10-18
Japan,2022,Drought Events,0,EM-DAT (Realistic Simulation),2025-10-18
Japan,2022,Flood Events,0,EM-DAT (Realistic Simulation),2025-10-18
Japan,2022,Storm Events,0,EM-DAT (Realistic Simulation),2025-10-18
Japan,2022,Food Security Impact Score,1.7056028301182238,EM-DAT (Realistic Simulation),2025-10-18
Japan,2023,Number of Disasters,2,EM-DAT (Realistic Simulation),2025-10-18
Japan,2023,Total Affected (people),3848.9154906499753,EM-DAT (Realistic Simulation),2025-10-18
Japan,2023,Total Damages (USD millions),0,EM-DAT (Realistic Simulation),2025-10-18
Japan,2023,Drought Events,0,EM-DAT (Realistic Simulation),2025-10-18
Japan,2023,Flood Events,0,EM-DAT (Realistic Simulation),2025-10-18
Japan,2023,Storm Events,0,EM-DAT (Realistic Simulation),2025-10-18
Japan,2023,Food Security Impact Score,0.8716473850727411,EM-DAT (Realistic Simulation),2025-10-18
Jordan,2020,Number of Disasters,1,EM-DAT (Realistic Simulation),2025-10-18
Jordan,2020,Total Affected (people),44236.988827242465,EM-DAT (Realistic Simulation),2025-10-18
Jordan,2020,Total Damages (USD millions),0,EM-DAT (Realistic Simulation),2025-10-18
Jordan,2020,Drought Events,2,EM-DAT (Realistic Simulation),2025-10-18
Jordan,2020,Flood Events,0,EM-DAT (Realistic Simulation),2025-10-18
Jordan,2020,Storm Events,1,EM-DAT (Realistic Simulation),2025-10-18
Jordan,2020,Food Security Impact Score,3.5609858214596137,EM-DAT (Realistic Simulation),2025-10-18
Jordan,2021,Number of Disasters,3,EM-DAT (Realistic Simulation),2025-10-18
Jordan,2021,Total Affected (people),0,EM-DAT (Realistic Simulation),2025-10-18
Jordan,2021,Total Damages (USD millions),0,EM-DAT (Realistic Simulation),2025-10-18
Jordan,2021,Drought Events,0,EM-DAT (Realistic Simulation),2025-10-18
Jordan,2021,Flood Events,0,EM-DAT (Realistic Simulation),2025-10-18
Jordan,2021,Storm Events,0,EM-DAT (Realistic Simulation),2025-10-18
Jordan,2021,Food Security Impact Score,3.0682223979451955,EM-DAT (Realistic Simulation),2025-10-18
Jordan,2022,Number of Disasters,1,EM-DAT (Realistic Simulation),2025-10-18
Jordan,2022,Total Affected (people),30212.227900214653,EM-DAT (Realistic Simulation),2025-10-18
Jordan,2022,Total Damages (USD millions),295.46261991091137,EM-DAT (Realistic Simulation),2025-10-18
Jordan,2022,Drought Events,0,EM-DAT (Realistic Simulation),2025-10-18
Jordan,2022,Flood Events,4,EM-DAT (Realistic Simulation),2025-10-18
Jordan,2022,Storm Events,0,EM-DAT (Realistic Simulation),2025-10-18
Jordan,2022,Food Security Impact Score,2.496491107966423,EM-DAT (Realistic Simulation),2025-10-18
Jordan,2023,Number of Disasters,3,EM-DAT (Realistic Simulation),2025-10-18
Jordan,2023,Total Affected (people),169582.41495579196,EM-DAT (Realistic Simulation),2025-10-18
Jordan,2023,Total Damages (USD millions),707.4780047746011,EM-DAT (Realistic Simulation),2025-10-18
Jordan,2023,Drought Events,2,EM-DAT (Realistic Simulation),2025-10-18
Jordan,2023,Flood Events,3,EM-DAT (Realistic Simulation),2025-10-18
Jordan,2023,Storm Events,1,EM-DAT (Realistic Simulation),2025-10-18
Jordan,2023,Food Security Impact Score,1.0400920966481675,EM-DAT (Realistic Simulation),2025-10-18
Kazakhstan,2020,Number of Disasters,2,EM-DAT (Realistic Simulation),2025-10-18
Kazakhstan,2020,Total Affected (people),16156.492464044684,EM-DAT (Realistic Simulation),2025-10-18
Kazakhstan,2020,Total Damages (USD millions),0,EM-DAT (Realistic Simulation),2025-10-18
Kazakhstan,2020,Drought Events,1,EM-DAT (Realistic Simulation),2025-10-18
Kazakhstan,2020,Flood Events,1,EM-DAT (Realistic Simulation),2025-10-18
Kazakhstan,2020,Storm Events,0,EM-DAT (Realistic Simulation),2025-10-18
Kazakhstan,2020,Food Security Impact Score,1.489002981961525,EM-DAT (Realistic Simulation),2025-10-18
Kazakhstan,2021,Number of Disasters,1,EM-DAT (Realistic Simulation),2025-10-18
Kazakhstan,2021,Total Affected (people),228940.64752684877,EM-DAT (Realistic Simulation),2025-10-18
Kazakhstan,2021,Total Damages (USD millions),546.4709376927428,EM-DAT (Realistic Simulation),2025-10-18
Kazakhstan,2021,Drought Events,0,EM-DAT (Realistic Simulation),2025-10-18
Kazakhstan,2021,Flood Events,1,EM-DAT (Realistic Simulation),2025-10-18
Kazakhstan,2021,Storm Events,1,EM-DAT (Realistic Simulation),2025-10-18
Kazakhstan,2021,Food Security Impact Score,1.4048387707755592,EM-DAT (Realistic Simulation),2025-10-18
Kazakhstan,2022,Number of Disasters,4,EM-DAT (Realistic Simulation),2025-10-18
Kazakhstan,2022,Total Affected (people),48879.41299233757,EM-DAT (Realistic Simulation),2025-10-18
Kazakhstan,2022,Total Damages (USD millions),880.3125073999798,EM-DAT (Realistic Simulation),2025-10-18
Kazakhstan,2022,Drought Events,0,EM-DAT (Realistic Simulation),2025-10-18
Kazakhstan,2022,Flood Events,1,EM-DAT (Realistic Simulation),2025-10-18
Kazakhstan,2022,Storm Events,1,EM-DAT (Realistic Simulation),2025-10-18
Kazakhstan,2022,Food Security Impact Score,3.267314197275699,EM-DAT (Realistic Simulation),2025-10-18
Kazakhstan,2023,Number of Disasters,3,EM-DAT (Realistic Simulation),2025-10-18
Kazakhstan,2023,Total Affected (people),113260.61580703876,EM-DAT (Realistic Simulation),2025-10-18
Kazakhstan,2023,Total Damages (USD millions),703.0580592383619,EM-DAT (Realistic Simulation),2025-10-18
Kazakhstan,2023,Drought Events,1,EM-DAT (Realistic Simulation),2025-10-18
Kazakhstan,2023,Flood Events,0,EM-DAT (Realistic Simulation),2025-10-18
Kazakhstan,2023,Storm Events,0,EM-DAT (Realistic Simulation),2025-10-18
Kazakhstan,2023,Food Security Impact Score,2.2348596630235993,EM-DAT (Realistic Simulation),2025-10-18
Kenya,2020,Number of Disasters,0,EM-DAT (Realistic Simulation),2025-10-18
Kenya,2020,Total Affected (people),316958.5563183405,EM-DAT (Realistic Simulation),2025-10-18
Kenya,2020,Total Damages (USD millions),0,EM-DAT (Realistic Simulation),2025-10-18
Kenya,2020,Drought Events,1,EM-DAT (Realistic Simulation),2025-10-18
Kenya,2020,Flood Events,0,EM-DAT (Realistic Simulation),2025-10-18
Kenya,2020,Storm Events,0,EM-DAT (Realistic Simulation),2025-10-18
Kenya,2020,Food Security Impact Score,4.7641118652383865,EM-DAT (Realistic Simulation),2025-10-18
Kenya,2021,Number of Disasters,6,EM-DAT (Realistic Simulation),2025-10-18
Kenya,2021,Total Affected (people),108377.93494163043,EM-DAT (Realistic Simulation),2025-10-18
Kenya,2021,Total Damages (USD millions),1021.4432423943431,EM-DAT (Realistic Simulation),2025-10-18
Kenya,2021,Drought Events,2,EM-DAT (Realistic Simulation),2025-10-18
Kenya,2021,Flood Events,0,EM-DAT (Realistic Simulation),2025-10-18
Kenya,2021,Storm Events,0,EM-DAT (Realistic Simulation),2025-10-18
Kenya,2021,Food Security Impact Score,5.056680408811626,EM-DAT (Realistic Simulation),2025-10-18
Kenya,2022,Number of Disasters,1,EM-DAT (Realistic Simulation),2025-10-18
Kenya,2022,Total Affected (people),44374.12386170885,EM-DAT (Realistic Simulation),2025-10-18
Kenya,2022,Total Damages (USD millions),0,EM-DAT (Realistic Simulation),2025-10-18
Kenya,2022,Drought Events,0,EM-DAT (Realistic Simulation),2025-10-18
Kenya,2022,Flood Events,1,EM-DAT (Realistic Simulation),2025-10-18
Kenya,2022,Storm Events,1,EM-DAT (Realistic Simulation),2025-10-18
Kenya,2022,Food Security Impact Score,2.170319946466729,EM-DAT (Realistic Simulation),2025-10-18
Kenya,2023,Number of Disasters,2,EM-DAT (Realistic Simulation),2025-10-18
Kenya,2023,Total Affected (people),0,EM-DAT (Realistic Simulation),2025-10-18
Kenya,2023,Total Damages (USD millions),0,EM-DAT (Realistic Simulation),2025-10-18
Kenya,2023,Drought Events,0,EM-DAT (Realistic Simulation),2025-10-18
Kenya,2023,Flood Events,1,EM-DAT (Realistic Simulation),2025-10-18
Kenya,2023,Storm Events,1,EM-DAT (Realistic Simulation),2025-10-18
Kenya,2023,Food Security Impact Score,4.501398582068019,EM-DAT (Realistic Simulation),2025-10-18
Kiribati,2020,Number of Disasters,5,EM-DAT (Realistic Simulation),2025-10-18
Kiribati,2020,Total Affected (people),0,EM-DAT (Realistic Simulation),2025-10-18
Kiribati,2020,Total Damages (USD millions),0,EM-DAT (Realistic Simulation),2025-10-18
Kiribati,2020,Drought Events,0,EM-DAT (Realistic Simulation),2025-10-18
Kiribati,2020,Flood Events,0,EM-DAT (Realistic Simulation),2025-10-18
Kiribati,2020,Storm Events,0,EM-DAT (Realistic Simulation),2025-10-18
Kiribati,2020,Food Security Impact Score,3.8198466413998915,EM-DAT (Realistic Simulation),2025-10-18
Kiribati,2021,Number of Disasters,1,EM-DAT (Realistic Simulation),2025-10-18
Kiribati,2021,Total Affected (people),76372.22418794918,EM-DAT (Realistic Simulation),2025-10-18
Kiribati,2021,Total Damages (USD millions),0,EM-DAT (Realistic Simulation),2025-10-18
Kiribati,2021,Drought Events,1,EM-DAT (Realistic Simulation),2025-10-18
Kiribati,2021,Flood Events,1,EM-DAT (Realistic Simulation),2025-10-18
Kiribati,2021,Storm Events,1,EM-DAT (Realistic Simulation),2025-10-18
Kiribati,2021,Food Security Impact Score,1.6948208988507099,EM-DAT (Realistic Simulation),2025-10-18
Kiribati,2022,Number of Disasters,2,EM-DAT (Realistic Simulation),2025-10-18
Kiribati,2022,Total Affected (people),0,EM-DAT (Realistic Simulation),2025-10-18
Kiribati,2022,Total Damages (USD millions),0,EM-DAT (Realistic Simulation),2025-10-18
Kiribati,2022,Drought Events,2,EM-DAT (Realistic Simulation),2025-10-18
Kiribati,2022,Flood Events,1,EM-DAT (Realistic Simulation),2025-10-18
Kiribati,2022,Storm Events,0,EM-DAT (Realistic Simulation),2025-10-18
Kiribati,2022,Food Security Impact Score,4.434030336300356,EM-DAT (Realistic Simulation),2025-10-18
Kiribati,2023,Number of Disasters,0,EM-DAT (Realistic Simulation),2025-10-18
Kiribati,2023,Total Affected (people),0,EM-DAT (Realistic Simulation),2025-10-18
Kiribati,2023,Total Damages (USD millions),0,EM-DAT (Realistic Simulation),2025-10-18
Kiribati,2023,Drought Events,2,EM-DAT (Realistic Simulation),2025-10-18
Kiribati,2023,Flood Events,1,EM-DAT (Realistic Simulation),2025-10-18
Kiribati,2023,Storm Events,1,EM-DAT (Realistic Simulation),2025-10-18
Kiribati,2023,Food Security Impact Score,2.2011564582003036,EM-DAT (Realistic Simulation),2025-10-18
"Korea, Dem. People's Rep.",2020,Number of Disasters,2,EM-DAT (Realistic Simulation),2025-10-18
"Korea, Dem. People's Rep.",2020,Total Affected (people),0,EM-DAT (Realistic Simulation),2025-10-18
"Korea, Dem. People's Rep.",2020,Total Damages (USD millions),550.2262378503092,EM-DAT (Realistic Simulation),2025-10-18
"Korea, Dem. People's Rep.",2020,Drought Events,1,EM-DAT (Realistic Simulation),2025-10-18
"Korea, Dem. People's Rep.",2020,Flood Events,1,EM-DAT (Realistic Simulation),2025-10-18
"Korea, Dem. People's Rep.",2020,Storm Events,2,EM-DAT (Realistic Simulation),2025-10-18
"Korea, Dem. People's Rep.",2020,Food Security Impact Score,5.389271960409258,EM-DAT (Realistic Simulation),2025-10-18
"Korea, Dem. People's Rep.",2021,Number of Disasters,1,EM-DAT (Realistic Simulation),2025-10-18
"Korea, Dem. People's Rep.",2021,Total Affected (people),200448.59133851255,EM-DAT (Realistic Simulation),2025-10-18
"Korea, Dem. People's Rep.",2021,Total Damages (USD millions),341.9141504603798,EM-DAT (Realistic Simulation),2025-10-18
"Korea, Dem. People's Rep.",2021,Drought Events,0,EM-DAT (Realistic Simulation),2025-10-18
"Korea, Dem. People's Rep.",2021,Flood Events,0,EM-DAT (Realistic Simulation),2025-10-18
"Korea, Dem. People's Rep.",2021,Storm Events,0,EM-DAT (Realistic Simulation),2025-10-18
"Korea, Dem. People's Rep.",2021,Food Security Impact Score,0.19143752926832214,EM-DAT (Realistic Simulation),2025-10-18
"Korea, Dem. People's Rep.",2022,Number of Disasters,0,EM-DAT (Realistic Simulation),2025-10-18
"Korea, Dem. People's Rep.",2022,Total Affected (people),116044.54936276599,EM-DAT (Realistic Simulation),2025-10-18
"Korea, Dem. People's Rep.",2022,Total Damages (USD millions),1123.8642670773086,EM-DAT (Realistic Simulation),2025-10-18
"Korea, Dem. People's Rep.",2022,Drought Events,0,EM-DAT (Realistic Simulation),2025-10-18
"Korea, Dem. People's Rep.",2022,Flood Events,1,EM-DAT (Realistic Simulation),2025-10-18
"Korea, Dem. People's Rep.",2022,Storm Events,0,EM-DAT (Realistic Simulation),2025-10-18
"Korea, Dem. People's Rep.",2022,Food Security Impact Score,3.7380188729966215,EM-DAT (Realistic Simulation),2025-10-18
"Korea, Dem. People's Rep.",2023,Number of Disasters,1,EM-DAT (Realistic Simulation),2025-10-18
"Korea, Dem. People's Rep.",2023,Total Affected (people),9247.644030164287,EM-DAT (Realistic Simulation),2025-10-18
"Korea, Dem. People's Rep.",2023,Total Damages (USD millions),0,EM-DAT (Realistic Simulation),2025-10-18
"Korea, Dem. People's Rep.",2023,Drought Events,1,EM-DAT (Realistic Simulation),2025-10-18
"Korea, Dem. People's Rep.",2023,Flood Events,0,EM-DAT (Realistic Simulation),2025-10-18
"Korea, Dem. People's Rep.",2023,Storm Events,3,EM-DAT (Realistic Simulation),2025-10-18
"Korea, Dem. People's Rep.",2023,Food Security Impact Score,1.6124939385889234,EM-DAT (Realistic Simulation),2025-10-18
"Korea, Rep.",2020,Number of Disasters,2,EM-DAT (Realistic Simulation),2025-10-18
"Korea, Rep.",2020,Total Affected (people),50729.3411845175,EM-DAT (Realistic Simulation),2025-10-18
"Korea, Rep.",2020,Total Damages (USD millions),705.3329956142827,EM-DAT (Realistic Simulation),2025-10-18
"Korea, Rep.",2020,Drought Events,0,EM-DAT (Realistic Simulation),2025-10-18
"Korea, Rep.",2020,Flood Events,2,EM-DAT (Realistic Simulation),2025-10-18
"Korea, Rep.",2020,Storm Events,0,EM-DAT (Realistic Simulation),2025-10-18
"Korea, Rep.",2020,Food Security Impact Score,2.13675192599466,EM-DAT (Realistic Simulation),2025-10-18
"Korea, Rep.",2021,Number of Disasters,3,EM-DAT (Realistic Simulation),2025-10-18
"Korea, Rep.",2021,Total Affected (people),0,EM-DAT (Realistic Simulation),2025-10-18
"Korea, Rep.",2021,Total Damages (USD millions),0,EM-DAT (Realistic Simulation),2025-10-18
"Korea, Rep.",2021,Drought Events,1,EM-DAT (Realistic Simulation),2025-10-18
"Korea, Rep.",2021,Flood Events,3,EM-DAT (Realistic Simulation),2025-10-18
"Korea, Rep.",2021,Storm Events,2,EM-DAT (Realistic Simulation),2025-10-18
"Korea, Rep.",2021,Food Security Impact Score,2.4564289040058487,EM-DAT (Realistic Simulation),2025-10-18
"Korea, Rep.",2022,Number of Disasters,1,EM-DAT (Realistic Simulation),2025-10-18
"Korea, Rep.",2022,Total Affected (people),103204.03828082766,EM-DAT (Realistic Simulation),2025-10-18
"Korea, Rep.",2022,Total Damages (USD millions),158.4473545488379,EM-DAT (Realistic Simulation),2025-10-18
"Korea, Rep.",2022,Drought Events,1,EM-DAT (Realistic Simulation),2025-10-18
"Korea, Rep.",2022,Flood Events,2,EM-DAT (Realistic Simulation),2025-10-18
"Korea, Rep.",2022,Storm Events,2,EM-DAT (Realistic Simulation),2025-10-18
"Korea, Rep.",2022,Food Security Impact Score,0.14339441367297034,EM-DAT (Realistic Simulation),2025-10-18
"Korea, Rep.",2023,Number of Disasters,1,EM-DAT (Realistic Simulation),2025-10-18
"Korea, Rep.",2023,Total Affected (people),153076.37866918714,EM-DAT (Realistic Simulation),2025-10-18
"Korea, Rep.",2023,Total Damages (USD millions),0,EM-DAT (Realistic Simulation),2025-10-18
"Korea, Rep.",2023,Drought Events,1,EM-DAT (Realistic Simulation),2025-10-18
"Korea, Rep.",2023,Flood Events,1,EM-DAT (Realistic Simulation),2025-10-18
"Korea, Rep.",2023,Storm Events,2,EM-DAT (Realistic Simulation),2025-10-18
"Korea, Rep.",2023,Food Security Impact Score,5.009856313008138,EM-DAT (Realistic Simulation),2025-10-18
Kosovo,2020,Number of Disasters,3,EM-DAT (Realistic Simulation),2025-10-18
Kosovo,2020,Total Affected (people),50142.247142781154,EM-DAT (Realistic Simulation),2025-10-18
Kosovo,2020,Total Damages (USD millions),0,EM-DAT (Realistic Simulation),2025-10-18
Kosovo,2020,Drought Events,1,EM-DAT (Realistic Simulation),2025-10-18
Kosovo,2020,Flood Events,2,EM-DAT (Realistic Simulation),2025-10-18
Kosovo,2020,Storm Events,1,EM-DAT (Realistic Simulation),2025-10-18
Kosovo,2020,Food Security Impact Score,2.533578158730192,EM-DAT (Realistic Simulation),2025-10-18
Kosovo,2021,Number of Disasters,2,EM-DAT (Realistic Simulation),2025-10-18
Kosovo,2021,Total Affected (people),0,EM-DAT (Realistic Simulation),2025-10-18
Kosovo,2021,Total Damages (USD millions),127.9227622911162,EM-DAT (Realistic Simulation),2025-10-18
Kosovo,2021,Drought Events,1,EM-DAT (Realistic Simulation),2025-10-18
Kosovo,2021,Flood Events,1,EM-DAT (Realistic Simulation),2025-10-18
Kosovo,2021,Storm Events,1,EM-DAT (Realistic Simulation),2025-10-18
Kosovo,2021,Food Security Impact Score,6.267312158628496,EM-DAT (Realistic Simulation),2025-10-18
Kosovo,2022,Number of Disasters,1,EM-DAT (Realistic Simulation),2025-10-18
Kosovo,2022,Total Affected (people),111967.65428669243,EM-DAT (Realistic Simulation),2025-10-18
Kosovo,2022,Total Damages (USD millions),219.643878059007,EM-DAT (Realistic Simulation),2025-10-18
Kosovo,2022,Drought Events,0,EM-DAT (Realistic Simulation),2025-10-18
Kosovo,2022,Flood Events,1,EM-DAT (Realistic Simulation),2025-10-18
Kosovo,2022,Storm Events,2,EM-DAT (Realistic Simulation),2025-10-18
Kosovo,2022,Food Security Impact Score,2.218005062559323,EM-DAT (Realistic Simulation),2025-10-18
Kosovo,2023,Number of Disasters,1,EM-DAT (Realistic Simulation),2025-10-18
Kosovo,2023,Total Affected (people),89944.17724017013,EM-DAT (Realistic Simulation),2025-10-18
Kosovo,2023,Total Damages (USD millions),0,EM-DAT (Realistic Simulation),2025-10-18
Kosovo,2023,Drought Events,0,EM-DAT (Realistic Simulation),2025-10-18
Kosovo,2023,Flood Events,1,EM-DAT (Realistic Simulation),2025-10-18
Kosovo,2023,Storm Events,1,EM-DAT (Realistic Simulation),2025-10-18
Kosovo,2023,Food Security Impact Score,4.110523294929219,EM-DAT (Realistic Simulation),2025-10-18
Kuwait,2020,Number of Disasters,1,EM-DAT (Realistic Simulation),2025-10-18
Kuwait,2020,Total Affected (people),83381.9164980189,EM-DAT (Realistic Simulation),2025-10-18
Kuwait,2020,Total Damages (USD millions),661.5374939662516,EM-DAT (Realistic Simulation),2025-10-18
Kuwait,2020,Drought Events,0,EM-DAT (Realistic Simulation),2025-10-18
Kuwait,2020,Flood Events,2,EM-DAT (Realistic Simulation),2025-10-18
Kuwait,2020,Storm Events,3,EM-DAT (Realistic Simulation),2025-10-18
Kuwait,2020,Food Security Impact Score,4.624979423107277,EM-DAT (Realistic Simulation),2025-10-18
Kuwait,2021,Number of Disasters,4,EM-DAT (Realistic Simulation),2025-10-18
Kuwait,2021,Total Affected (people),0,EM-DAT (Realistic Simulation),2025-10-18
Kuwait,2021,Total Damages (USD millions),24.88541543339683,EM-DAT (Realistic Simulation),2025-10-18
Kuwait,2021,Drought Events,0,EM-DAT (Realistic Simulation),2025-10-18
Kuwait,2021,Flood Events,2,EM-DAT (Realistic Simulation),2025-10-18
Kuwait,2021,Storm Events,0,EM-DAT (Realistic Simulation),2025-10-18
Kuwait,2021,Food Security Impact Score,6.616201134314039,EM-DAT (Realistic Simulation),2025-10-18
Kuwait,2022,Number of Disasters,4,EM-DAT (Realistic Simulation),2025-10-18
Kuwait,2022,Total Affected (people),118893.37518415417,EM-DAT (Realistic Simulation),2025-10-18
Kuwait,2022,Total Damages (USD millions),0,EM-DAT (Realistic Simulation),2025-10-18
Kuwait,2022,Drought Events,1,EM-DAT (Realistic Simulation),2025-10-18
Kuwait,2022,Flood Events,1,EM-DAT (Realistic Simulation),2025-10-18
Kuwait,2022,Storm Events,0,EM-DAT (Realistic Simulation),2025-10-18
Kuwait,2022,Food Security Impact Score,4.962317456038648,EM-DAT (Realistic Simulation),2025-10-18
Kuwait,2023,Number of Disasters,3,EM-DAT (Realistic Simulation),2025-10-18
Kuwait,2023,Total Affected (people),71222.8981995502,EM-DAT (Realistic Simulation),2025-10-18
Kuwait,2023,Total Damages (USD millions),96.56143657116868,EM-DAT (Realistic Simulation),2025-10-18
Kuwait,2023,Drought Events,0,EM-DAT (Realistic Simulation),2025-10-18
Kuwait,2023,Flood Events,1,EM-DAT (Realistic Simulation),2025-10-18
Kuwait,2023,Storm Events,0,EM-DAT (Realistic Simulation),2025-10-18
Kuwait,2023,Food Security Impact Score,4.715201488670171,EM-DAT (Realistic Simulation),2025-10-18
Kyrgyz Republic,2020,Number of Disasters,0,EM-DAT (Realistic Simulation),2025-10-18
Kyrgyz Republic,2020,Total Affected (people),0,EM-DAT (Realistic Simulation),2025-10-18
Kyrgyz Republic,2020,Total Damages (USD millions),520.148759883039,EM-DAT (Realistic Simulation),2025-10-18
Kyrgyz Republic,2020,Drought Events,1,EM-DAT (Realistic Simulation),2025-10-18
Kyrgyz Republic,2020,Flood Events,1,EM-DAT (Realistic Simulation),2025-10-18
Kyrgyz Republic,2020,Storm Events,3,EM-DAT (Realistic Simulation),2025-10-18
Kyrgyz Republic,2020,Food Security Impact Score,2.0526056960742562,EM-DAT (Realistic Simulation),2025-10-18
Kyrgyz Republic,2021,Number of Disasters,1,EM-DAT (Realistic Simulation),2025-10-18
Kyrgyz Republic,2021,Total Affected (people),41823.559753608366,EM-DAT (Realistic Simulation),2025-10-18
Kyrgyz Republic,2021,Total Damages (USD millions),364.4448248548591,EM-DAT (Realistic Simulation),2025-10-18
Kyrgyz Republic,2021,Drought Events,0,EM-DAT (Realistic Simulation),2025-10-18
Kyrgyz Republic,2021,Flood Events,0,EM-DAT (Realistic Simulation),2025-10-18
Kyrgyz Republic,2021,Storm Events,0,EM-DAT (Realistic Simulation),2025-10-18
Kyrgyz Republic,2021,Food Security Impact Score,0.8872229773535101,EM-DAT (Realistic Simulation),2025-10-18
Kyrgyz Republic,2022,Number of Disasters,2,EM-DAT (Realistic Simulation),2025-10-18
Kyrgyz Republic,2022,Total Affected (people),0,EM-DAT (Realistic Simulation),2025-10-18
Kyrgyz Republic,2022,Total Damages (USD millions),453.2875273525508,EM-DAT (Realistic Simulation),2025-10-18
Kyrgyz Republic,2022,Drought Events,0,EM-DAT (Realistic Simulation),2025-10-18
Kyrgyz Republic,2022,Flood Events,1,EM-DAT (Realistic Simulation),2025-10-18
Kyrgyz Republic,2022,Storm Events,1,EM-DAT (Realistic Simulation),2025-10-18
Kyrgyz Republic,2022,Food Security Impact Score,2.477134332456626,EM-DAT (Realistic Simulation),2025-10-18
Kyrgyz Republic,2023,Number of Disasters,4,EM-DAT (Realistic Simulation),2025-10-18
Kyrgyz Republic,2023,Total Affected (people),0,EM-DAT (Realistic Simulation),2025-10-18
Kyrgyz Republic,2023,Total Damages (USD millions),0,EM-DAT (Realistic Simulation),2025-10-18
Kyrgyz Republic,2023,Drought Events,1,EM-DAT (Realistic Simulation),2025-10-18
Kyrgyz Republic,2023,Flood Events,0,EM-DAT (Realistic Simulation),2025-10-18
Kyrgyz Republic,2023,Storm Events,1,EM-DAT (Realistic Simulation),2025-10-18
Kyrgyz Republic,2023,Food Security Impact Score,4.428511631495526,EM-DAT (Realistic Simulation),2025-10-18
Lao PDR,2020,Number of Disasters,1,EM-DAT (Realistic Simulation),2025-10-18
Lao PDR,2020,Total Affected (people),0,EM-DAT (Realistic Simulation),2025-10-18
Lao PDR,2020,Total Damages (USD millions),657.3619979866293,EM-DAT (Realistic Simulation),2025-10-18
Lao PDR,2020,Drought Events,1,EM-DAT (Realistic Simulation),2025-10-18
Lao PDR,2020,Flood Events,1,EM-DAT (Realistic Simulation),2025-10-18
Lao PDR,2020,Storm Events,1,EM-DAT (Realistic Simulation),2025-10-18
Lao PDR,2020,Food Security Impact Score,2.015126873519049,EM-DAT (Realistic Simulation),2025-10-18
Lao PDR,2021,Number of Disasters,2,EM-DAT (Realistic Simulation),2025-10-18
Lao PDR,2021,Total Affected (people),35667.4702927647,EM-DAT (Realistic Simulation),2025-10-18
Lao PDR,2021,Total Damages (USD millions),20.287904099982455,EM-DAT (Realistic Simulation),2025-10-18
Lao PDR,2021,Drought Events,1,EM-DAT (Realistic Simulation),2025-10-18
Lao PDR,2021,Flood Events,1,EM-DAT (Realistic Simulation),2025-10-18
Lao PDR,2021,Storm Events,1,EM-DAT (Realistic Simulation),2025-10-18
Lao PDR,2021,Food Security Impact Score,3.152907206246546,EM-DAT (Realistic Simulation),2025-10-18
Lao PDR,2022,Number of Disasters,3,EM-DAT (Realistic Simulation),2025-10-18
Lao PDR,2022,Total Affected (people),145641.61143268066,EM-DAT (Realistic Simulation),2025-10-18
Lao PDR,2022,Total Damages (USD millions),342.17299316308436,EM-DAT (Realistic Simulation),2025-10-18
Lao PDR,2022,Drought Events,2,EM-DAT (Realistic Simulation),2025-10-18
Lao PDR,2022,Flood Events,0,EM-DAT (Realistic Simulation),2025-10-18
Lao PDR,2022,Storm Events,1,EM-DAT (Realistic Simulation),2025-10-18
Lao PDR,2022,Food Security Impact Score,4.482972120334588,EM-DAT (Realistic Simulation),2025-10-18
Lao PDR,2023,Number of Disasters,2,EM-DAT (Realistic Simulation),2025-10-18
Lao PDR,2023,Total Affected (people),88644.79109035619,EM-DAT (Realistic Simulation),2025-10-18
Lao PDR,2023,Total Damages (USD millions),0,EM-DAT (Realistic Simulation),2025-10-18
Lao PDR,2023,Drought Events,0,EM-DAT (Realistic Simulation),2025-10-18
Lao PDR,2023,Flood Events,2,EM-DAT (Realistic Simulation),2025-10-18
Lao PDR,2023,Storm Events,2,EM-DAT (Realistic Simulation),2025-10-18
Lao PDR,2023,Food Security Impact Score,5.0671332634598905,EM-DAT (Realistic Simulation),2025-10-18
Late-demographic dividend,2020,Number of Disasters,1,EM-DAT (Realistic Simulation),2025-10-18
Late-demographic dividend,2020,Total Affected (people),0,EM-DAT (Realistic Simulation),2025-10-18
Late-demographic dividend,2020,Total Damages (USD millions),498.39271409941506,EM-DAT (Realistic Simulation),2025-10-18
Late-demographic dividend,2020,Drought Events,1,EM-DAT (Realistic Simulation),2025-10-18
Late-demographic dividend,2020,Flood Events,0,EM-DAT (Realistic Simulation),2025-10-18
Late-demographic dividend,2020,Storm Events,0,EM-DAT (Realistic Simulation),2025-10-18
Late-demographic dividend,2020,Food Security Impact Score,2.542441611791588,EM-DAT (Realistic Simulation),2025-10-18
Late-demographic dividend,2021,Number of Disasters,1,EM-DAT (Realistic Simulation),2025-10-18
Late-demographic dividend,2021,Total Affected (people),179079.92828014045,EM-DAT (Realistic Simulation),2025-10-18
Late-demographic dividend,2021,Total Damages (USD millions),386.16182438986095,EM-DAT (Realistic Simulation),2025-10-18
Late-demographic dividend,2021,Drought Events,1,EM-DAT (Realistic Simulation),2025-10-18
Late-demographic dividend,2021,Flood Events,1,EM-DAT (Realistic Simulation),2025-10-18
Late-demographic dividend,2021,Storm Events,1,EM-DAT (Realistic Simulation),2025-10-18
Late-demographic dividend,2021,Food Security Impact Score,2.565944686294626,EM-DAT (Realistic Simulation),2025-10-18
Late-demographic dividend,2022,Number of Disasters,1,EM-DAT (Realistic Simulation),2025-10-18
Late-demographic dividend,2022,Total Affected (people),104793.52830344882,EM-DAT (Realistic Simulation),2025-10-18
Late-demographic dividend,2022,Total Damages (USD millions),3.9176648992779377,EM-DAT (Realistic Simulation),2025-10-18
Late-demographic dividend,2022,Drought Events,0,EM-DAT (Realistic Simulation),2025-10-18
Late-demographic dividend,2022,Flood Events,1,EM-DAT (Realistic Simulation),2025-10-18
Late-demographic dividend,2022,Storm Events,1,EM-DAT (Realistic Simulation),2025-10-18
Late-demographic dividend,2022,Food Security Impact Score,2.0500121720492004,EM-DAT (Realistic Simulation),2025-10-18
Late-demographic dividend,2023,Number of Disasters,0,EM-DAT (Realistic Simulation),2025-10-18
Late-demographic dividend,2023,Total Affected (people),18080.665998122815,EM-DAT (Realistic Simulation),2025-10-18
Late-demographic dividend,2023,Total Damages (USD millions),0,EM-DAT (Realistic Simulation),2025-10-18
Late-demographic dividend,2023,Drought Events,1,EM-DAT (Realistic Simulation),2025-10-18
Late-demographic dividend,2023,Flood Events,0,EM-DAT (Realistic Simulation),2025-10-18
Late-demographic dividend,2023,Storm Events,1,EM-DAT (Realistic Simulation),2025-10-18
Late-demographic dividend,2023,Food Security Impact Score,0,EM-DAT (Realistic Simulation),2025-10-18
Latin America & Caribbean,2020,Number of Disasters,1,EM-DAT (Realistic Simulation),2025-10-18
Latin America & Caribbean,2020,Total Affected (people),190374.84125135295,EM-DAT (Realistic Simulation),2025-10-18
Latin America & Caribbean,2020,Total Damages (USD millions),0,EM-DAT (Realistic Simulation),2025-10-18
Latin America & Caribbean,2020,Drought Events,0,EM-DAT (Realistic Simulation),2025-10-18
Latin America & Caribbean,2020,Flood Events,1,EM-DAT (Realistic Simulation),2025-10-18
Latin America & Caribbean,2020,Storm Events,2,EM-DAT (Realistic Simulation),2025-10-18
Latin America & Caribbean,2020,Food Security Impact Score,5.5335291937423055,EM-DAT (Realistic Simulation),2025-10-18
Latin America & Caribbean,2021,Number of Disasters,2,EM-DAT (Realistic Simulation),2025-10-18
Latin America & Caribbean,2021,Total Affected (people),122687.19934743433,EM-DAT (Realistic Simulation),2025-10-18
Latin America & Caribbean,2021,Total Damages (USD millions),0,EM-DAT (Realistic Simulation),2025-10-18
Latin America & Caribbean,2021,Drought Events,0,EM-DAT (Realistic Simulation),2025-10-18
Latin America & Caribbean,2021,Flood Events,2,EM-DAT (Realistic Simulation),2025-10-18
Latin America & Caribbean,2021,Storm Events,0,EM-DAT (Realistic Simulation),2025-10-18
Latin America & Caribbean,2021,Food Security Impact Score,1.786931926959614,EM-DAT (Realistic Simulation),2025-10-18
Latin America & Caribbean,2022,Number of Disasters,0,EM-DAT (Realistic Simulation),2025-10-18
Latin America & Caribbean,2022,Total Affected (people),89376.21069211497,EM-DAT (Realistic Simulation),2025-10-18
Latin America & Caribbean,2022,Total Damages (USD millions),264.70346339982393,EM-DAT (Realistic Simulation),2025-10-18
Latin America & Caribbean,2022,Drought Events,1,EM-DAT (Realistic Simulation),2025-10-18
Latin America & Caribbean,2022,Flood Events,3,EM-DAT (Realistic Simulation),2025-10-18
Latin America & Caribbean,2022,Storm Events,3,EM-DAT (Realistic Simulation),2025-10-18
Latin America & Caribbean,2022,Food Security Impact Score,4.142531658718495,EM-DAT (Realistic Simulation),2025-10-18
Latin America & Caribbean,2023,Number of Disasters,1,EM-DAT (Realistic Simulation),2025-10-18
Latin America & Caribbean,2023,Total Affected (people),0,EM-DAT (Realistic Simulation),2025-10-18
Latin America & Caribbean,2023,Total Damages (USD millions),0,EM-DAT (Realistic Simulation),2025-10-18
Latin America & Caribbean,2023,Drought Events,1,EM-DAT (Realistic Simulation),2025-10-18
Latin America & Caribbean,2023,Flood Events,1,EM-DAT (Realistic Simulation),2025-10-18
Latin America & Caribbean,2023,Storm Events,2,EM-DAT (Realistic Simulation),2025-10-18
Latin America & Caribbean,2023,Food Security Impact Score,0,EM-DAT (Realistic Simulation),2025-10-18
Latin America & Caribbean (excluding high income),2020,Number of Disasters,2,EM-DAT (Realistic Simulation),2025-10-18
Latin America & Caribbean (excluding high income),2020,Total Affected (people),157514.82985306048,EM-DAT (Realistic Simulation),2025-10-18
Latin America & Caribbean (excluding high income),2020,Total Damages (USD millions),694.6104629419325,EM-DAT (Realistic Simulation),2025-10-18
Latin America & Caribbean (excluding high income),2020,Drought Events,1,EM-DAT (Realistic Simulation),2025-10-18
Latin America & Caribbean (excluding high income),2020,Flood Events,1,EM-DAT (Realistic Simulation),2025-10-18
Latin America & Caribbean (excluding high income),2020,Storm Events,1,EM-DAT (Realistic Simulation),2025-10-18
Latin America & Caribbean (excluding high income),2020,Food Security Impact Score,4.482996201542577,EM-DAT (Realistic Simulation),2025-10-18
Latin America & Caribbean (excluding high income),2021,Number of Disasters,5,EM-DAT (Realistic Simulation),2025-10-18
Latin America & Caribbean (excluding high income),2021,Total Affected (people),115538.73648170526,EM-DAT (Realistic Simulation),2025-10-18
Latin America & Caribbean (excluding high income),2021,Total Damages (USD millions),0,EM-DAT (Realistic Simulation),2025-10-18
Latin America & Caribbean (excluding high income),2021,Drought Events,0,EM-DAT (Realistic Simulation),2025-10-18
Latin America & Caribbean (excluding high income),2021,Flood Events,2,EM-DAT (Realistic Simulation),2025-10-18
Latin America & Caribbean (excluding high income),2021,Storm Events,2,EM-DAT (Realistic Simulation),2025-10-18
Latin America & Caribbean (excluding high income),2021,Food Security Impact Score,0,EM-DAT (Realistic Simulation),2025-10-18
Latin America & Caribbean (excluding high income),2022,Number of Disasters,7,EM-DAT (Realistic Simulation),2025-10-18
Latin America & Caribbean (excluding high income),2022,Total Affected (people),78468.43181096215,EM-DAT (Realistic Simulation),2025-10-18
Latin America & Caribbean (excluding high income),2022,Total Damages (USD millions),0,EM-DAT (Realistic Simulation),2025-10-18
Latin America & Caribbean (excluding high income),2022,Drought Events,0,EM-DAT (Realistic Simulation),2025-10-18
Latin America & Caribbean (excluding high income),2022,Flood Events,0,EM-DAT (Realistic Simulation),2025-10-18
Latin America & Caribbean (excluding high income),2022,Storm Events,2,EM-DAT (Realistic Simulation),2025-10-18
Latin America & Caribbean (excluding high income),2022,Food Security Impact Score,2.485651406134248,EM-DAT (Realistic Simulation),2025-10-18
Latin America & Caribbean (excluding high income),2023,Number of Disasters,0,EM-DAT (Realistic Simulation),2025-10-18
Latin America & Caribbean (excluding high income),2023,Total Affected (people),37226.76128262446,EM-DAT (Realistic Simulation),2025-10-18
Latin America & Caribbean (excluding high income),2023,Total Damages (USD millions),0,EM-DAT (Realistic Simulation),2025-10-18
Latin America & Caribbean (excluding high income),2023,Drought Events,1,EM-DAT (Realistic Simulation),2025-10-18
Latin America & Caribbean (excluding high income),2023,Flood Events,0,EM-DAT (Realistic Simulation),2025-10-18
Latin America & Caribbean (excluding high income),2023,Storm Events,0,EM-DAT (Realistic Simulation),2025-10-18
Latin America & Caribbean (excluding high income),2023,Food Security Impact Score,1.5444948174908277,EM-DAT (Realistic Simulation),2025-10-18
Latin America & the Caribbean (IDA & IBRD countries),2020,Number of Disasters,0,EM-DAT (Realistic Simulation),2025-10-18
Latin America & the Caribbean (IDA & IBRD countries),2020,Total Affected (people),90805.15211057811,EM-DAT (Realistic Simulation),2025-10-18
Latin America & the Caribbean (IDA & IBRD countries),2020,Total Damages (USD millions),46.14047495182145,EM-DAT (Realistic Simulation),2025-10-18
Latin America & the Caribbean (IDA & IBRD countries),2020,Drought Events,0,EM-DAT (Realistic Simulation),2025-10-18
Latin America & the Caribbean (IDA & IBRD countries),2020,Flood Events,1,EM-DAT (Realistic Simulation),2025-10-18
Latin America & the Caribbean (IDA & IBRD countries),2020,Storm Events,0,EM-DAT (Realistic Simulation),2025-10-18
Latin America & the Caribbean (IDA & IBRD countries),2020,Food Security Impact Score,3.458943101351881,EM-DAT (Realistic Simulation),2025-10-18
Latin America & the Caribbean (IDA & IBRD countries),2021,Number of Disasters,3,EM-DAT (Realistic Simulation),2025-10-18
Latin America & the Caribbean (IDA & IBRD countries),2021,Total Affected (people),0,EM-DAT (Realistic Simulation),2025-10-18
Latin America & the Caribbean (IDA & IBRD countries),2021,Total Damages (USD millions),0,EM-DAT (Realistic Simulation),2025-10-18
Latin America & the Caribbean (IDA & IBRD countries),2021,Drought Events,2,EM-DAT (Realistic Simulation),2025-10-18
Latin America & the Caribbean (IDA & IBRD countries),2021,Flood Events,2,EM-DAT (Realistic Simulation),2025-10-18
Latin America & the Caribbean (IDA & IBRD countries),2021,Storm Events,1,EM-DAT (Realistic Simulation),2025-10-18
Latin America & the Caribbean (IDA & IBRD countries),2021,Food Security Impact Score,0.8881917416043867,EM-DAT (Realistic Simulation),2025-10-18
Latin America & the Caribbean (IDA & IBRD countries),2022,Number of Disasters,3,EM-DAT (Realistic Simulation),2025-10-18
Latin America & the Caribbean (IDA & IBRD countries),2022,Total Affected (people),28815.633793135567,EM-DAT (Realistic Simulation),2025-10-18
Latin America & the Caribbean (IDA & IBRD countries),2022,Total Damages (USD millions),0,EM-DAT (Realistic Simulation),2025-10-18
Latin America & the Caribbean (IDA & IBRD countries),2022,Drought Events,1,EM-DAT (Realistic Simulation),2025-10-18
Latin America & the Caribbean (IDA & IBRD countries),2022,Flood Events,3,EM-DAT (Realistic Simulation),2025-10-18
Latin America & the Caribbean (IDA & IBRD countries),2022,Storm Events,0,EM-DAT (Realistic Simulation),2025-10-18
Latin America & the Caribbean (IDA & IBRD countries),2022,Food Security Impact Score,2.8579905569876587,EM-DAT (Realistic Simulation),2025-10-18
Latin America & the Caribbean (IDA & IBRD countries),2023,Number of Disasters,2,EM-DAT (Realistic Simulation),2025-10-18
Latin America & the Caribbean (IDA & IBRD countries),2023,Total Affected (people),115202.18307012203,EM-DAT (Realistic Simulation),2025-10-18
Latin America & the Caribbean (IDA & IBRD countries),2023,Total Damages (USD millions),914.1008083433464,EM-DAT (Realistic Simulation),2025-10-18
Latin America & the Caribbean (IDA & IBRD countries),2023,Drought Events,1,EM-DAT (Realistic Simulation),2025-10-18
Latin America & the Caribbean (IDA & IBRD countries),2023,Flood Events,1,EM-DAT (Realistic Simulation),2025-10-18
Latin America & the Caribbean (IDA & IBRD countries),2023,Storm Events,0,EM-DAT (Realistic Simulation),2025-10-18
Latin America & the Caribbean (IDA & IBRD countries),2023,Food Security Impact Score,4.890125289663759,EM-DAT (Realistic Simulation),2025-10-18
Latvia,2020,Number of Disasters,1,EM-DAT (Realistic Simulation),2025-10-18
Latvia,2020,Total Affected (people),80116.23377981679,EM-DAT (Realistic Simulation),2025-10-18
Latvia,2020,Total Damages (USD millions),47.33911224832676,EM-DAT (Realistic Simulation),2025-10-18
Latvia,2020,Drought Events,0,EM-DAT (Realistic Simulation),2025-10-18
Latvia,2020,Flood Events,0,EM-DAT (Realistic Simulation),2025-10-18
Latvia,2020,Storm Events,1,EM-DAT (Realistic Simulation),2025-10-18
Latvia,2020,Food Security Impact Score,3.5670772835776865,EM-DAT (Realistic Simulation),2025-10-18
Latvia,2021,Number of Disasters,3,EM-DAT (Realistic Simulation),2025-10-18
Latvia,2021,Total Affected (people),179828.48724082625,EM-DAT (Realistic Simulation),2025-10-18
Latvia,2021,Total Damages (USD millions),311.21041139221495,EM-DAT (Realistic Simulation),2025-10-18
Latvia,2021,Drought Events,1,EM-DAT (Realistic Simulation),2025-10-18
Latvia,2021,Flood Events,0,EM-DAT (Realistic Simulation),2025-10-18
Latvia,2021,Storm Events,0,EM-DAT (Realistic Simulation),2025-10-18
Latvia,2021,Food Security Impact Score,0,EM-DAT (Realistic Simulation),2025-10-18
Latvia,2022,Number of Disasters,2,EM-DAT (Realistic Simulation),2025-10-18
Latvia,2022,Total Affected (people),0,EM-DAT (Realistic Simulation),2025-10-18
Latvia,2022,Total Damages (USD millions),707.4411755878548,EM-DAT (Realistic Simulation),2025-10-18
Latvia,2022,Drought Events,0,EM-DAT (Realistic Simulation),2025-10-18
Latvia,2022,Flood Events,2,EM-DAT (Realistic Simulation),2025-10-18
Latvia,2022,Storm Events,0,EM-DAT (Realistic Simulation),2025-10-18
Latvia,2022,Food Security Impact Score,3.793990863905579,EM-DAT (Realistic Simulation),2025-10-18
Latvia,2023,Number of Disasters,1,EM-DAT (Realistic Simulation),2025-10-18
Latvia,2023,Total Affected (people),136912.64759888966,EM-DAT (Realistic Simulation),2025-10-18
Latvia,2023,Total Damages (USD millions),0,EM-DAT (Realistic Simulation),2025-10-18
Latvia,2023,Drought Events,1,EM-DAT (Realistic Simulation),2025-10-18
Latvia,2023,Flood Events,2,EM-DAT (Realistic Simulation),2025-10-18
Latvia,2023,Storm Events,0,EM-DAT (Realistic Simulation),2025-10-18
Latvia,2023,Food Security Impact Score,3.544588702080969,EM-DAT (Realistic Simulation),2025-10-18
Least developed countries: UN classification,2020,Number of Disasters,2,EM-DAT (Realistic Simulation),2025-10-18
Least developed countries: UN classification,2020,Total Affected (people),0,EM-DAT (Realistic Simulation),2025-10-18
Least developed countries: UN classification,2020,Total Damages (USD millions),0,EM-DAT (Realistic Simulation),2025-10-18
Least developed countries: UN classification,2020,Drought Events,1,EM-DAT (Realistic Simulation),2025-10-18
Least developed countries: UN classification,2020,Flood Events,1,EM-DAT (Realistic Simulation),2025-10-18
Least developed countries: UN classification,2020,Storm Events,2,EM-DAT (Realistic Simulation),2025-10-18
Least developed countries: UN classification,2020,Food Security Impact Score,0.9572423279167261,EM-DAT (Realistic Simulation),2025-10-18
Least developed countries: UN classification,2021,Number of Disasters,2,EM-DAT (Realistic Simulation),2025-10-18
Least developed countries: UN classification,2021,Total Affected (people),85564.64757038065,EM-DAT (Realistic Simulation),2025-10-18
Least developed countries: UN classification,2021,Total Damages (USD millions),0,EM-DAT (Realistic Simulation),2025-10-18
Least developed countries: UN classification,2021,Drought Events,1,EM-DAT (Realistic Simulation),2025-10-18
Least developed countries: UN classification,2021,Flood Events,0,EM-DAT (Realistic Simulation),2025-10-18
Least developed countries: UN classification,2021,Storm Events,3,EM-DAT (Realistic Simulation),2025-10-18
Least developed countries: UN classification,2021,Food Security Impact Score,4.323789937792326,EM-DAT (Realistic Simulation),2025-10-18
Least developed countries: UN classification,2022,Number of Disasters,1,EM-DAT (Realistic Simulation),2025-10-18
Least developed countries: UN classification,2022,Total Affected (people),56203.294652408105,EM-DAT (Realistic Simulation),2025-10-18
Least developed countries: UN classification,2022,Total Damages (USD millions),213.008876115237,EM-DAT (Realistic Simulation),2025-10-18
Least developed countries: UN classification,2022,Drought Events,1,EM-DAT (Realistic Simulation),2025-10-18
Least developed countries: UN classification,2022,Flood Events,1,EM-DAT (Realistic Simulation),2025-10-18
Least developed countries: UN classification,2022,Storm Events,0,EM-DAT (Realistic Simulation),2025-10-18
Least developed countries: UN classification,2022,Food Security Impact Score,2.44783651635566,EM-DAT (Realistic Simulation),2025-10-18
Least developed countries: UN classification,2023,Number of Disasters,1,EM-DAT (Realistic Simulation),2025-10-18
Least developed countries: UN classification,2023,Total Affected (people),47884.967599744166,EM-DAT (Realistic Simulation),2025-10-18
Least developed countries: UN classification,2023,Total Damages (USD millions),0,EM-DAT (Realistic Simulation),2025-10-18
Least developed countries: UN classification,2023,Drought Events,2,EM-DAT (Realistic Simulation),2025-10-18
Least developed countries: UN classification,2023,Flood Events,1,EM-DAT (Realistic Simulation),2025-10-18
Least developed countries: UN classification,2023,Storm Events,1,EM-DAT (Realistic Simulation),2025-10-18
Least developed countries: UN classification,2023,Food Security Impact Score,0,EM-DAT (Realistic Simulation),2025-10-18
Lebanon,2020,Number of Disasters,3,EM-DAT (Realistic Simulation),2025-10-18
Lebanon,2020,Total Affected (people),171230.88429567244,EM-DAT (Realistic Simulation),2025-10-18
Lebanon,2020,Total Damages (USD millions),0,EM-DAT (Realistic Simulation),2025-10-18
Lebanon,2020,Drought Events,0,EM-DAT (Realistic Simulation),2025-10-18
Lebanon,2020,Flood Events,1,EM-DAT (Realistic Simulation),2025-10-18
Lebanon,2020,Storm Events,1,EM-DAT (Realistic Simulation),2025-10-18
Lebanon,2020,Food Security Impact Score,2.7109026622073564,EM-DAT (Realistic Simulation),2025-10-18
Lebanon,2021,Number of Disasters,2,EM-DAT (Realistic Simulation),2025-10-18
Lebanon,2021,Total Affected (people),0,EM-DAT (Realistic Simulation),2025-10-18
Lebanon,2021,Total Damages (USD millions),63.61423453040889,EM-DAT (Realistic Simulation),2025-10-18
Lebanon,2021,Drought Events,0,EM-DAT (Realistic Simulation),2025-10-18
Lebanon,2021,Flood Events,1,EM-DAT (Realistic Simulation),2025-10-18
Lebanon,2021,Storm Events,0,EM-DAT (Realistic Simulation),2025-10-18
Lebanon,2021,Food Security Impact Score,2.0581488061160247,EM-DAT (Realistic Simulation),2025-10-18
Lebanon,2022,Number of Disasters,1,EM-DAT (Realistic Simulation),2025-10-18
Lebanon,2022,Total Affected (people),137652.60210887104,EM-DAT (Realistic Simulation),2025-10-18
Lebanon,2022,Total Damages (USD millions),0,EM-DAT (Realistic Simulation),2025-10-18
Lebanon,2022,Drought Events,1,EM-DAT (Realistic Simulation),2025-10-18
Lebanon,2022,Flood Events,2,EM-DAT (Realistic Simulation),2025-10-18
Lebanon,2022,Storm Events,1,EM-DAT (Realistic Simulation),2025-10-18
Lebanon,2022,Food Security Impact Score,0,EM-DAT (Realistic Simulation),2025-10-18
Lebanon,2023,Number of Disasters,1,EM-DAT (Realistic Simulation),2025-10-18
Lebanon,2023,Total Affected (people),0,EM-DAT (Realistic Simulation),2025-10-18
Lebanon,2023,Total Damages (USD millions),0,EM-DAT (Realistic Simulation),2025-10-18
Lebanon,2023,Drought Events,0,EM-DAT (Realistic Simulation),2025-10-18
Lebanon,2023,Flood Events,1,EM-DAT (Realistic Simulation),2025-10-18
Lebanon,2023,Storm Events,0,EM-DAT (Realistic Simulation),2025-10-18
Lebanon,2023,Food Security Impact Score,5.134328113199605,EM-DAT (Realistic Simulation),2025-10-18
Lesotho,2020,Number of Disasters,2,EM-DAT (Realistic Simulation),2025-10-18
Lesotho,2020,Total Affected (people),32916.514590143066,EM-DAT (Realistic Simulation),2025-10-18
Lesotho,2020,Total Damages (USD millions),265.60889041796077,EM-DAT (Realistic Simulation),2025-10-18
Lesotho,2020,Drought Events,0,EM-DAT (Realistic Simulation),2025-10-18
Lesotho,2020,Flood Events,4,EM-DAT (Realistic Simulation),2025-10-18
Lesotho,2020,Storm Events,0,EM-DAT (Realistic Simulation),2025-10-18
Lesotho,2020,Food Security Impact Score,2.925510323579132,EM-DAT (Realistic Simulation),2025-10-18
Lesotho,2021,Number of Disasters,3,EM-DAT (Realistic Simulation),2025-10-18
Lesotho,2021,Total Affected (people),53381.2949387401,EM-DAT (Realistic Simulation),2025-10-18
Lesotho,2021,Total Damages (USD millions),376.78528540636665,EM-DAT (Realistic Simulation),2025-10-18
Lesotho,2021,Drought Events,0,EM-DAT (Realistic Simulation),2025-10-18
Lesotho,2021,Flood Events,2,EM-DAT (Realistic Simulation),2025-10-18
Lesotho,2021,Storm Events,1,EM-DAT (Realistic Simulation),2025-10-18
Lesotho,2021,Food Security Impact Score,6.503886527118736,EM-DAT (Realistic Simulation),2025-10-18
Lesotho,2022,Number of Disasters,4,EM-DAT (Realistic Simulation),2025-10-18
Lesotho,2022,Total Affected (people),43602.92250109262,EM-DAT (Realistic Simulation),2025-10-18
Lesotho,2022,Total Damages (USD millions),1229.55700640269,EM-DAT (Realistic Simulation),2025-10-18
Lesotho,2022,Drought Events,0,EM-DAT (Realistic Simulation),2025-10-18
Lesotho,2022,Flood Events,1,EM-DAT (Realistic Simulation),2025-10-18
Lesotho,2022,Storm Events,1,EM-DAT (Realistic Simulation),2025-10-18
Lesotho,2022,Food Security Impact Score,0.39477029226097926,EM-DAT (Realistic Simulation),2025-10-18
Lesotho,2023,Number of Disasters,3,EM-DAT (Realistic Simulation),2025-10-18
Lesotho,2023,Total Affected (people),128232.3335737843,EM-DAT (Realistic Simulation),2025-10-18
Lesotho,2023,Total Damages (USD millions),0,EM-DAT (Realistic Simulation),2025-10-18
Lesotho,2023,Drought Events,1,EM-DAT (Realistic Simulation),2025-10-18
Lesotho,2023,Flood Events,0,EM-DAT (Realistic Simulation),2025-10-18
Lesotho,2023,Storm Events,0,EM-DAT (Realistic Simulation),2025-10-18
Lesotho,2023,Food Security Impact Score,3.391241123839028,EM-DAT (Realistic Simulation),2025-10-18
Liberia,2020,Number of Disasters,0,EM-DAT (Realistic Simulation),2025-10-18
Liberia,2020,Total Affected (people),92819.11286201689,EM-DAT (Realistic Simulation),2025-10-18
Liberia,2020,Total Damages (USD millions),320.5898690492626,EM-DAT (Realistic Simulation),2025-10-18
Liberia,2020,Drought Events,0,EM-DAT (Realistic Simulation),2025-10-18
Liberia,2020,Flood Events,2,EM-DAT (Realistic Simulation),2025-10-18
Liberia,2020,Storm Events,1,EM-DAT (Realistic Simulation),2025-10-18
Liberia,2020,Food Security Impact Score,2.7123084342980732,EM-DAT (Realistic Simulation),2025-10-18
Liberia,2021,Number of Disasters,1,EM-DAT (Realistic Simulation),2025-10-18
Liberia,2021,Total Affected (people),185948.37474744726,EM-DAT (Realistic Simulation),2025-10-18
Liberia,2021,Total Damages (USD millions),0,EM-DAT (Realistic Simulation),2025-10-18
Liberia,2021,Drought Events,1,EM-DAT (Realistic Simulation),2025-10-18
Liberia,2021,Flood Events,0,EM-DAT (Realistic Simulation),2025-10-18
Liberia,2021,Storm Events,1,EM-DAT (Realistic Simulation),2025-10-18
Liberia,2021,Food Security Impact Score,3.6540460246042707,EM-DAT (Realistic Simulation),2025-10-18
Liberia,2022,Number of Disasters,1,EM-DAT (Realistic Simulation),2025-10-18
Liberia,2022,Total Affected (people),93334.87648672343,EM-DAT (Realistic Simulation),2025-10-18
Liberia,2022,Total Damages (USD millions),541.1986103246556,EM-DAT (Realistic Simulation),2025-10-18
Liberia,2022,Drought Events,0,EM-DAT (Realistic Simulation),2025-10-18
Liberia,2022,Flood Events,2,EM-DAT (Realistic Simulation),2025-10-18
Liberia,2022,Storm Events,0,EM-DAT (Realistic Simulation),2025-10-18
Liberia,2022,Food Security Impact Score,3.0581727980783135,EM-DAT (Realistic Simulation),2025-10-18
Liberia,2023,Number of Disasters,0,EM-DAT (Realistic Simulation),2025-10-18
Liberia,2023,Total Affected (people),0,EM-DAT (Realistic Simulation),2025-10-18
Liberia,2023,Total Damages (USD millions),95.29336793376892,EM-DAT (Realistic Simulation),2025-10-18
Liberia,2023,Drought Events,0,EM-DAT (Realistic Simulation),2025-10-18
Liberia,2023,Flood Events,1,EM-DAT (Realistic Simulation),2025-10-18
Liberia,2023,Storm Events,0,EM-DAT (Realistic Simulation),2025-10-18
Liberia,2023,Food Security Impact Score,2.4306107064461893,EM-DAT (Realistic Simulation),2025-10-18
Libya,2020,Number of Disasters,1,EM-DAT (Realistic Simulation),2025-10-18
Libya,2020,Total Affected (people),0,EM-DAT (Realistic Simulation),2025-10-18
Libya,2020,Total Damages (USD millions),0,EM-DAT (Realistic Simulation),2025-10-18
Libya,2020,Drought Events,0,EM-DAT (Realistic Simulation),2025-10-18
Libya,2020,Flood Events,0,EM-DAT (Realistic Simulation),2025-10-18
Libya,2020,Storm Events,0,EM-DAT (Realistic Simulation),2025-10-18
Libya,2020,Food Security Impact Score,4.572265401985381,EM-DAT (Realistic Simulation),2025-10-18
Libya,2021,Number of Disasters,2,EM-DAT (Realistic Simulation),2025-10-18
Libya,2021,Total Affected (people),118825.63122156101,EM-DAT (Realistic Simulation),2025-10-18
Libya,2021,Total Damages (USD millions),0,EM-DAT (Realistic Simulation),2025-10-18
Libya,2021,Drought Events,0,EM-DAT (Realistic Simulation),2025-10-18
Libya,2021,Flood Events,0,EM-DAT (Realistic Simulation),2025-10-18
Libya,2021,Storm Events,0,EM-DAT (Realistic Simulation),2025-10-18
Libya,2021,Food Security Impact Score,2.369617929666149,EM-DAT (Realistic Simulation),2025-10-18
Libya,2022,Number of Disasters,3,EM-DAT (Realistic Simulation),2025-10-18
Libya,2022,Total Affected (people),104675.50631664679,EM-DAT (Realistic Simulation),2025-10-18
Libya,2022,Total Damages (USD millions),0,EM-DAT (Realistic Simulation),2025-10-18
Libya,2022,Drought Events,1,EM-DAT (Realistic Simulation),2025-10-18
Libya,2022,Flood Events,2,EM-DAT (Realistic Simulation),2025-10-18
Libya,2022,Storm Events,0,EM-DAT (Realistic Simulation),2025-10-18
Libya,2022,Food Security Impact Score,5.294526314206847,EM-DAT (Realistic Simulation),2025-10-18
Libya,2023,Number of Disasters,0,EM-DAT (Realistic Simulation),2025-10-18
Libya,2023,Total Affected (people),11849.615430130994,EM-DAT (Realistic Simulation),2025-10-18
Libya,2023,Total Damages (USD millions),401.030098830533,EM-DAT (Realistic Simulation),2025-10-18
Libya,2023,Drought Events,0,EM-DAT (Realistic Simulation),2025-10-18
Libya,2023,Flood Events,2,EM-DAT (Realistic Simulation),2025-10-18
Libya,2023,Storm Events,0,EM-DAT (Realistic Simulation),2025-10-18
Libya,2023,Food Security Impact Score,2.0214286082596855,EM-DAT (Realistic Simulation),2025-10-18
Liechtenstein,2020,Number of Disasters,2,EM-DAT (Realistic Simulation),2025-10-18
Liechtenstein,2020,Total Affected (people),69761.41070388678,EM-DAT (Realistic Simulation),2025-10-18
Liechtenstein,2020,Total Damages (USD millions),0,EM-DAT (Realistic Simulation),2025-10-18
Liechtenstein,2020,Drought Events,0,EM-DAT (Realistic Simulation),2025-10-18
Liechtenstein,2020,Flood Events,3,EM-DAT (Realistic Simulation),2025-10-18
Liechtenstein,2020,Storm Events,0,EM-DAT (Realistic Simulation),2025-10-18
Liechtenstein,2020,Food Security Impact Score,3.2767892818725413,EM-DAT (Realistic Simulation),2025-10-18
Liechtenstein,2021,Number of Disasters,3,EM-DAT (Realistic Simulation),2025-10-18
Liechtenstein,2021,Total Affected (people),0,EM-DAT (Realistic Simulation),2025-10-18
Liechtenstein,2021,Total Damages (USD millions),0,EM-DAT (Realistic Simulation),2025-10-18
Liechtenstein,2021,Drought Events,0,EM-DAT (Realistic Simulation),2025-10-18
Liechtenstein,2021,Flood Events,0,EM-DAT (Realistic Simulation),2025-10-18
Liechtenstein,2021,Storm Events,2,EM-DAT (Realistic Simulation),2025-10-18
Liechtenstein,2021,Food Security Impact Score,7.412204079253201,EM-DAT (Realistic Simulation),2025-10-18
Liechtenstein,2022,Number of Disasters,5,EM-DAT (Realistic Simulation),2025-10-18
Liechtenstein,2022,Total Affected (people),170625.85122859728,EM-DAT (Realistic Simulation),2025-10-18
Liechtenstein,2022,Total Damages (USD millions),0,EM-DAT (Realistic Simulation),2025-10-18
Liechtenstein,2022,Drought Events,0,EM-DAT (Realistic Simulation),2025-10-18
Liechtenstein,2022,Flood Events,0,EM-DAT (Realistic Simulation),2025-10-18
Liechtenstein,2022,Storm Events,0,EM-DAT (Realistic Simulation),2025-10-18
Liechtenstein,2022,Food Security Impact Score,4.239101005361414,EM-DAT (Realistic Simulation),2025-10-18
Liechtenstein,2023,Number of Disasters,3,EM-DAT (Realistic Simulation),2025-10-18
Liechtenstein,2023,Total Affected (people),0,EM-DAT (Realistic Simulation),2025-10-18
Liechtenstein,2023,Total Damages (USD millions),827.1764800270989,EM-DAT (Realistic Simulation),2025-10-18
Liechtenstein,2023,Drought Events,0,EM-DAT (Realistic Simulation),2025-10-18
Liechtenstein,2023,Flood Events,0,EM-DAT (Realistic Simulation),2025-10-18
Liechtenstein,2023,Storm Events,1,EM-DAT (Realistic Simulation),2025-10-18
Liechtenstein,2023,Food Security Impact Score,6.08817195410904,EM-DAT (Realistic Simulation),2025-10-18
Lithuania,2020,Number of Disasters,0,EM-DAT (Realistic Simulation),2025-10-18
Lithuania,2020,Total Affected (people),221630.90575490502,EM-DAT (Realistic Simulation),2025-10-18
Lithuania,2020,Total Damages (USD millions),0,EM-DAT (Realistic Simulation),2025-10-18
Lithuania,2020,Drought Events,0,EM-DAT (Realistic Simulation),2025-10-18
Lithuania,2020,Flood Events,1,EM-DAT (Realistic Simulation),2025-10-18
Lithuania,2020,Storm Events,1,EM-DAT (Realistic Simulation),2025-10-18
Lithuania,2020,Food Security Impact Score,4.808693646544083,EM-DAT (Realistic Simulation),2025-10-18
Lithuania,2021,Number of Disasters,4,EM-DAT (Realistic Simulation),2025-10-18
Lithuania,2021,Total Affected (people),129120.09368860662,EM-DAT (Realistic Simulation),2025-10-18
Lithuania,2021,Total Damages (USD millions),296.19044115155555,EM-DAT (Realistic Simulation),2025-10-18
Lithuania,2021,Drought Events,0,EM-DAT (Realistic Simulation),2025-10-18
Lithuania,2021,Flood Events,0,EM-DAT (Realistic Simulation),2025-10-18
Lithuania,2021,Storm Events,3,EM-DAT (Realistic Simulation),2025-10-18
Lithuania,2021,Food Security Impact Score,2.0665137079625326,EM-DAT (Realistic Simulation),2025-10-18
Lithuania,2022,Number of Disasters,2,EM-DAT (Realistic Simulation),2025-10-18
Lithuania,2022,Total Affected (people),0,EM-DAT (Realistic Simulation),2025-10-18
Lithuania,2022,Total Damages (USD millions),896.6190555110476,EM-DAT (Realistic Simulation),2025-10-18
Lithuania,2022,Drought Events,0,EM-DAT (Realistic Simulation),2025-10-18
Lithuania,2022,Flood Events,1,EM-DAT (Realistic Simulation),2025-10-18
Lithuania,2022,Storm Events,1,EM-DAT (Realistic Simulation),2025-10-18
Lithuania,2022,Food Security Impact Score,0.4484560788974914,EM-DAT (Realistic Simulation),2025-10-18
Lithuania,2023,Number of Disasters,4,EM-DAT (Realistic Simulation),2025-10-18
Lithuania,2023,Total Affected (people),198264.89150728882,EM-DAT (Realistic Simulation),2025-10-18
Lithuania,2023,Total Damages (USD millions),38.10363326296615,EM-DAT (Realistic Simulation),2025-10-18
Lithuania,2023,Drought Events,0,EM-DAT (Realistic Simulation),2025-10-18
Lithuania,2023,Flood Events,0,EM-DAT (Realistic Simulation),2025-10-18
Lithuania,2023,Storm Events,2,EM-DAT (Realistic Simulation),2025-10-18
Lithuania,2023,Food Security Impact Score,2.5590523556039106,EM-DAT (Realistic Simulation),2025-10-18
Low & middle income,2020,Number of Disasters,3,EM-DAT (Realistic Simulation),2025-10-18
Low & middle income,2020,Total Affected (people),0,EM-DAT (Realistic Simulation),2025-10-18
Low & middle income,2020,Total Damages (USD millions),0,EM-DAT (Realistic Simulation),2025-10-18
Low & middle income,2020,Drought Events,2,EM-DAT (Realistic Simulation),2025-10-18
Low & middle income,2020,Flood Events,2,EM-DAT (Realistic Simulation),2025-10-18
Low & middle income,2020,Storm Events,1,EM-DAT (Realistic Simulation),2025-10-18
Low & middle income,2020,Food Security Impact Score,4.095316008981168,EM-DAT (Realistic Simulation),2025-10-18
Low & middle income,2021,Number of Disasters,2,EM-DAT (Realistic Simulation),2025-10-18
Low & middle income,2021,Total Affected (people),7067.866763186321,EM-DAT (Realistic Simulation),2025-10-18
Low & middle income,2021,Total Damages (USD millions),0,EM-DAT (Realistic Simulation),2025-10-18
Low & middle income,2021,Drought Events,0,EM-DAT (Realistic Simulation),2025-10-18
Low & middle income,2021,Flood Events,0,EM-DAT (Realistic Simulation),2025-10-18
Low & middle income,2021,Storm Events,2,EM-DAT (Realistic Simulation),2025-10-18
Low & middle income,2021,Food Security Impact Score,4.414574577575848,EM-DAT (Realistic Simulation),2025-10-18
Low & middle income,2022,Number of Disasters,1,EM-DAT (Realistic Simulation),2025-10-18
Low & middle income,2022,Total Affected (people),33013.5487474447,EM-DAT (Realistic Simulation),2025-10-18
Low & middle income,2022,Total Damages (USD millions),351.51473210964537,EM-DAT (Realistic Simulation),2025-10-18
Low & middle income,2022,Drought Events,0,EM-DAT (Realistic Simulation),2025-10-18
Low & middle income,2022,Flood Events,1,EM-DAT (Realistic Simulation),2025-10-18
Low & middle income,2022,Storm Events,0,EM-DAT (Realistic Simulation),2025-10-18
Low & middle income,2022,Food Security Impact Score,1.0428258963817025,EM-DAT (Realistic Simulation),2025-10-18
Low & middle income,2023,Number of Disasters,2,EM-DAT (Realistic Simulation),2025-10-18
Low & middle income,2023,Total Affected (people),0,EM-DAT (Realistic Simulation),2025-10-18
Low & middle income,2023,Total Damages (USD millions),0,EM-DAT (Realistic Simulation),2025-10-18
Low & middle income,2023,Drought Events,0,EM-DAT (Realistic Simulation),2025-10-18
Low & middle income,2023,Flood Events,1,EM-DAT (Realistic Simulation),2025-10-18
Low & middle income,2023,Storm Events,0,EM-DAT (Realistic Simulation),2025-10-18
Low & middle income,2023,Food Security Impact Score,3.7441182040353937,EM-DAT (Realistic Simulation),2025-10-18
Low income,2020,Number of Disasters,0,EM-DAT (Realistic Simulation),2025-10-18
Low income,2020,Total Affected (people),106242.48109887012,EM-DAT (Realistic Simulation),2025-10-18
Low income,2020,Total Damages (USD millions),241.4413590255976,EM-DAT (Realistic Simulation),2025-10-18
Low income,2020,Drought Events,0,EM-DAT (Realistic Simulation),2025-10-18
Low income,2020,Flood Events,2,EM-DAT (Realistic Simulation),2025-10-18
Low income,2020,Storm Events,0,EM-DAT (Realistic Simulation),2025-10-18
Low income,2020,Food Security Impact Score,2.9569371049080484,EM-DAT (Realistic Simulation),2025-10-18
Low income,2021,Number of Disasters,1,EM-DAT (Realistic Simulation),2025-10-18
Low income,2021,Total Affected (people),0,EM-DAT (Realistic Simulation),2025-10-18
Low income,2021,Total Damages (USD millions),0,EM-DAT (Realistic Simulation),2025-10-18
Low income,2021,Drought Events,0,EM-DAT (Realistic Simulation),2025-10-18
Low income,2021,Flood Events,3,EM-DAT (Realistic Simulation),2025-10-18
Low income,2021,Storm Events,1,EM-DAT (Realistic Simulation),2025-10-18
Low income,2021,Food Security Impact Score,2.236364196180598,EM-DAT (Realistic Simulation),2025-10-18
Low income,2022,Number of Disasters,3,EM-DAT (Realistic Simulation),2025-10-18
Low income,2022,Total Affected (people),16013.780232599616,EM-DAT (Realistic Simulation),2025-10-18
Low income,2022,Total Damages (USD millions),308.2986167754658,EM-DAT (Realistic Simulation),2025-10-18
Low income,2022,Drought Events,0,EM-DAT (Realistic Simulation),2025-10-18
Low income,2022,Flood Events,0,EM-DAT (Realistic Simulation),2025-10-18
Low income,2022,Storm Events,0,EM-DAT (Realistic Simulation),2025-10-18
Low income,2022,Food Security Impact Score,2.5560664828509907,EM-DAT (Realistic Simulation),2025-10-18
Low income,2023,Number of Disasters,2,EM-DAT (Realistic Simulation),2025-10-18
Low income,2023,Total Affected (people),156704.71276281396,EM-DAT (Realistic Simulation),2025-10-18
Low income,2023,Total Damages (USD millions),0,EM-DAT (Realistic Simulation),2025-10-18
Low income,2023,Drought Events,0,EM-DAT (Realistic Simulation),2025-10-18
Low income,2023,Flood Events,2,EM-DAT (Realistic Simulation),2025-10-18
Low income,2023,Storm Events,2,EM-DAT (Realistic Simulation),2025-10-18
Low income,2023,Food Security Impact Score,3.4549031635808425,EM-DAT (Realistic Simulation),2025-10-18
Lower middle income,2020,Number of Disasters,2,EM-DAT (Realistic Simulation),2025-10-18
Lower middle income,2020,Total Affected (people),18688.17453374438,EM-DAT (Realistic Simulation),2025-10-18
Lower middle income,2020,Total Damages (USD millions),298.7287427169648,EM-DAT (Realistic Simulation),2025-10-18
Lower middle income,2020,Drought Events,2,EM-DAT (Realistic Simulation),2025-10-18
Lower middle income,2020,Flood Events,0,EM-DAT (Realistic Simulation),2025-10-18
Lower middle income,2020,Storm Events,1,EM-DAT (Realistic Simulation),2025-10-18
Lower middle income,2020,Food Security Impact Score,0.8464395291626703,EM-DAT (Realistic Simulation),2025-10-18
Lower middle income,2021,Number of Disasters,3,EM-DAT (Realistic Simulation),2025-10-18
Lower middle income,2021,Total Affected (people),0,EM-DAT (Realistic Simulation),2025-10-18
Lower middle income,2021,Total Damages (USD millions),250.27109615556913,EM-DAT (Realistic Simulation),2025-10-18
Lower middle income,2021,Drought Events,0,EM-DAT (Realistic Simulation),2025-10-18
Lower middle income,2021,Flood Events,1,EM-DAT (Realistic Simulation),2025-10-18
Lower middle income,2021,Storm Events,1,EM-DAT (Realistic Simulation),2025-10-18
Lower middle income,2021,Food Security Impact Score,4.670855353542281,EM-DAT (Realistic Simulation),2025-10-18
Lower middle income,2022,Number of Disasters,4,EM-DAT (Realistic Simulation),2025-10-18
Lower middle income,2022,Total Affected (people),93844.81374509895,EM-DAT (Realistic Simulation),2025-10-18
Lower middle income,2022,Total Damages (USD millions),0,EM-DAT (Realistic Simulation),2025-10-18
Lower middle income,2022,Drought Events,1,EM-DAT (Realistic Simulation),2025-10-18
Lower middle income,2022,Flood Events,1,EM-DAT (Realistic Simulation),2025-10-18
Lower middle income,2022,Storm Events,1,EM-DAT (Realistic Simulation),2025-10-18
Lower middle income,2022,Food Security Impact Score,4.439490567282568,EM-DAT (Realistic Simulation),2025-10-18
Lower middle income,2023,Number of Disasters,3,EM-DAT (Realistic Simulation),2025-10-18
Lower middle income,2023,Total Affected (people),126042.0771778667,EM-DAT (Realistic Simulation),2025-10-18
Lower middle income,2023,Total Damages (USD millions),234.00773818230638,EM-DAT (Realistic Simulation),2025-10-18
Lower middle income,2023,Drought Events,1,EM-DAT (Realistic Simulation),2025-10-18
Lower middle income,2023,Flood Events,2,EM-DAT (Realistic Simulation),2025-10-18
Lower middle income,2023,Storm Events,0,EM-DAT (Realistic Simulation),2025-10-18
Lower middle income,2023,Food Security Impact Score,2.97042417545862,EM-DAT (Realistic Simulation),2025-10-18
Luxembourg,2020,Number of Disasters,2,EM-DAT (Realistic Simulation),2025-10-18
Luxembourg,2020,Total Affected (people),103985.28383519512,EM-DAT (Realistic Simulation),2025-10-18
Luxembourg,2020,Total Damages (USD millions),0,EM-DAT (Realistic Simulation),2025-10-18
Luxembourg,2020,Drought Events,0,EM-DAT (Realistic Simulation),2025-10-18
Luxembourg,2020,Flood Events,1,EM-DAT (Realistic Simulation),2025-10-18
Luxembourg,2020,Storm Events,1,EM-DAT (Realistic Simulation),2025-10-18
Luxembourg,2020,Food Security Impact Score,4.507166342195147,EM-DAT (Realistic Simulation),2025-10-18
Luxembourg,2021,Number of Disasters,4,EM-DAT (Realistic Simulation),2025-10-18
Luxembourg,2021,Total Affected (people),101703.94090070995,EM-DAT (Realistic Simulation),2025-10-18
Luxembourg,2021,Total Damages (USD millions),506.41145635978523,EM-DAT (Realistic Simulation),2025-10-18
Luxembourg,2021,Drought Events,0,EM-DAT (Realistic Simulation),2025-10-18
Luxembourg,2021,Flood Events,1,EM-DAT (Realistic Simulation),2025-10-18
Luxembourg,2021,Storm Events,1,EM-DAT (Realistic Simulation),2025-10-18
Luxembourg,2021,Food Security Impact Score,5.139094697740587,EM-DAT (Realistic Simulation),2025-10-18
Luxembourg,2022,Number of Disasters,0,EM-DAT (Realistic Simulation),2025-10-18
Luxembourg,2022,Total Affected (people),101583.9113982945,EM-DAT (Realistic Simulation),2025-10-18
Luxembourg,2022,Total Damages (USD millions),0,EM-DAT (Realistic Simulation),2025-10-18
Luxembourg,2022,Drought Events,0,EM-DAT (Realistic Simulation),2025-10-18
Luxembourg,2022,Flood Events,2,EM-DAT (Realistic Simulation),2025-10-18
Luxembourg,2022,Storm Events,2,EM-DAT (Realistic Simulation),2025-10-18
Luxembourg,2022,Food Security Impact Score,2.796357249452061,EM-DAT (Realistic Simulation),2025-10-18
Luxembourg,2023,Number of Disasters,1,EM-DAT (Realistic Simulation),2025-10-18
Luxembourg,2023,Total Affected (people),0,EM-DAT (Realistic Simulation),2025-10-18
Luxembourg,2023,Total Damages (USD millions),525.382140813635,EM-DAT (Realistic Simulation),2025-10-18
Luxembourg,2023,Drought Events,0,EM-DAT (Realistic Simulation),2025-10-18
Luxembourg,2023,Flood Events,0,EM-DAT (Realistic Simulation),2025-10-18
Luxembourg,2023,Storm Events,0,EM-DAT (Realistic Simulation),2025-10-18
Luxembourg,2023,Food Security Impact Score,1.7111172186293948,EM-DAT (Realistic Simulation),2025-10-18
"Macao SAR, China",2020,Number of Disasters,2,EM-DAT (Realistic Simulation),2025-10-18
"Macao SAR, China",2020,Total Affected (people),167843.04289266764,EM-DAT (Realistic Simulation),2025-10-18
"Macao SAR, China",2020,Total Damages (USD millions),676.2311947362696,EM-DAT (Realistic Simulation),2025-10-18
"Macao SAR, China",2020,Drought Events,0,EM-DAT (Realistic Simulation),2025-10-18
"Macao SAR, China",2020,Flood Events,5,EM-DAT (Realistic Simulation),2025-10-18
"Macao SAR, China",2020,Storm Events,1,EM-DAT (Realistic Simulation),2025-10-18
"Macao SAR, China",2020,Food Security Impact Score,4.53412706523339,EM-DAT (Realistic Simulation),2025-10-18
"Macao SAR, China",2021,Number of Disasters,2,EM-DAT (Realistic Simulation),2025-10-18
"Macao SAR, China",2021,Total Affected (people),0,EM-DAT (Realistic Simulation),2025-10-18
"Macao SAR, China",2021,Total Damages (USD millions),0,EM-DAT (Realistic Simulation),2025-10-18
"Macao SAR, China",2021,Drought Events,0,EM-DAT (Realistic Simulation),2025-10-18
"Macao SAR, China",2021,Flood Events,2,EM-DAT (Realistic Simulation),2025-10-18
"Macao SAR, China",2021,Storm Events,0,EM-DAT (Realistic Simulation),2025-10-18
"Macao SAR, China",2021,Food Security Impact Score,1.8419784509459223,EM-DAT (Realistic Simulation),2025-10-18
"Macao SAR, China",2022,Number of Disasters,5,EM-DAT (Realistic Simulation),2025-10-18
"Macao SAR, China",2022,Total Affected (people),0,EM-DAT (Realistic Simulation),2025-10-18
"Macao SAR, China",2022,Total Damages (USD millions),896.7262191060134,EM-DAT (Realistic Simulation),2025-10-18
"Macao SAR, China",2022,Drought Events,1,EM-DAT (Realistic Simulation),2025-10-18
"Macao SAR, China",2022,Flood Events,2,EM-DAT (Realistic Simulation),2025-10-18
"Macao SAR, China",2022,Storm Events,0,EM-DAT (Realistic Simulation),2025-10-18
"Macao SAR, China",2022,Food Security Impact Score,3.9469452263002283,EM-DAT (Realistic Simulation),2025-10-18
"Macao SAR, China",2023,Number of Disasters,1,EM-DAT (Realistic Simulation),2025-10-18
"Macao SAR, China",2023,Total Affected (people),156567.7126371729,EM-DAT (Realistic Simulation),2025-10-18
"Macao SAR, China",2023,Total Damages (USD millions),161.75786501115442,EM-DAT (Realistic Simulation),2025-10-18
"Macao SAR, China",2023,Drought Events,0,EM-DAT (Realistic Simulation),2025-10-18
"Macao SAR, China",2023,Flood Events,1,EM-DAT (Realistic Simulation),2025-10-18
"Macao SAR, China",2023,Storm Events,1,EM-DAT (Realistic Simulation),2025-10-18
"Macao SAR, China",2023,Food Security Impact Score,2.2756241788720075,EM-DAT (Realistic Simulation),2025-10-18
Madagascar,2020,Number of Disasters,1,EM-DAT (Realistic Simulation),2025-10-18
Madagascar,2020,Total Affected (people),42512.51086829164,EM-DAT (Realistic Simulation),2025-10-18
Madagascar,2020,Total Damages (USD millions),0,EM-DAT (Realistic Simulation),2025-10-18
Madagascar,2020,Drought Events,0,EM-DAT (Realistic Simulation),2025-10-18
Madagascar,2020,Flood Events,1,EM-DAT (Realistic Simulation),2025-10-18
Madagascar,2020,Storm Events,0,EM-DAT (Realistic Simulation),2025-10-18
Madagascar,2020,Food Security Impact Score,2.436670585398048,EM-DAT (Realistic Simulation),2025-10-18
Madagascar,2021,Number of Disasters,3,EM-DAT (Realistic Simulation),2025-10-18
Madagascar,2021,Total Affected (people),23922.569181600058,EM-DAT (Realistic Simulation),2025-10-18
Madagascar,2021,Total Damages (USD millions),0,EM-DAT (Realistic Simulation),2025-10-18
Madagascar,2021,Drought Events,2,EM-DAT (Realistic Simulation),2025-10-18
Madagascar,2021,Flood Events,1,EM-DAT (Realistic Simulation),2025-10-18
Madagascar,2021,Storm Events,1,EM-DAT (Realistic Simulation),2025-10-18
Madagascar,2021,Food Security Impact Score,0.4728054338936998,EM-DAT (Realistic Simulation),2025-10-18
Madagascar,2022,Number of Disasters,4,EM-DAT (Realistic Simulation),2025-10-18
Madagascar,2022,Total Affected (people),0,EM-DAT (Realistic Simulation),2025-10-18
Madagascar,2022,Total Damages (USD millions),0,EM-DAT (Realistic Simulation),2025-10-18
Madagascar,2022,Drought Events,0,EM-DAT (Realistic Simulation),2025-10-18
Madagascar,2022,Flood Events,0,EM-DAT (Realistic Simulation),2025-10-18
Madagascar,2022,Storm Events,0,EM-DAT (Realistic Simulation),2025-10-18
Madagascar,2022,Food Security Impact Score,0.16076552823099854,EM-DAT (Realistic Simulation),2025-10-18
Madagascar,2023,Number of Disasters,2,EM-DAT (Realistic Simulation),2025-10-18
Madagascar,2023,Total Affected (people),0,EM-DAT (Realistic Simulation),2025-10-18
Madagascar,2023,Total Damages (USD millions),0,EM-DAT (Realistic Simulation),2025-10-18
Madagascar,2023,Drought Events,1,EM-DAT (Realistic Simulation),2025-10-18
Madagascar,2023,Flood Events,0,EM-DAT (Realistic Simulation),2025-10-18
Madagascar,2023,Storm Events,5,EM-DAT (Realistic Simulation),2025-10-18
Madagascar,2023,Food Security Impact Score,5.466976866081371,EM-DAT (Realistic Simulation),2025-10-18
Malawi,2020,Number of Disasters,2,EM-DAT (Realistic Simulation),2025-10-18
Malawi,2020,Total Affected (people),146024.57974794152,EM-DAT (Realistic Simulation),2025-10-18
Malawi,2020,Total Damages (USD millions),0,EM-DAT (Realistic Simulation),2025-10-18
Malawi,2020,Drought Events,2,EM-DAT (Realistic Simulation),2025-10-18
Malawi,2020,Flood Events,4,EM-DAT (Realistic Simulation),2025-10-18
Malawi,2020,Storm Events,0,EM-DAT (Realistic Simulation),2025-10-18
Malawi,2020,Food Security Impact Score,4.290558120897362,EM-DAT (Realistic Simulation),2025-10-18
Malawi,2021,Number of Disasters,6,EM-DAT (Realistic Simulation),2025-10-18
Malawi,2021,Total Affected (people),152966.01067106513,EM-DAT (Realistic Simulation),2025-10-18
Malawi,2021,Total Damages (USD millions),507.30191160173507,EM-DAT (Realistic Simulation),2025-10-18
Malawi,2021,Drought Events,1,EM-DAT (Realistic Simulation),2025-10-18
Malawi,2021,Flood Events,1,EM-DAT (Realistic Simulation),2025-10-18
Malawi,2021,Storm Events,1,EM-DAT (Realistic Simulation),2025-10-18
Malawi,2021,Food Security Impact Score,1.672732019542999,EM-DAT (Realistic Simulation),2025-10-18
Malawi,2022,Number of Disasters,0,EM-DAT (Realistic Simulation),2025-10-18
Malawi,2022,Total Affected (people),128817.99036417001,EM-DAT (Realistic Simulation),2025-10-18
Malawi,2022,Total Damages (USD millions),989.0805366277397,EM-DAT (Realistic Simulation),2025-10-18
Malawi,2022,Drought Events,0,EM-DAT (Realistic Simulation),2025-10-18
Malawi,2022,Flood Events,0,EM-DAT (Realistic Simulation),2025-10-18
Malawi,2022,Storm Events,1,EM-DAT (Realistic Simulation),2025-10-18
Malawi,2022,Food Security Impact Score,7.044987948388188,EM-DAT (Realistic Simulation),2025-10-18
Malawi,2023,Number of Disasters,1,EM-DAT (Realistic Simulation),2025-10-18
Malawi,2023,Total Affected (people),0,EM-DAT (Realistic Simulation),2025-10-18
Malawi,2023,Total Damages (USD millions),138.17179132051348,EM-DAT (Realistic Simulation),2025-10-18
Malawi,2023,Drought Events,0,EM-DAT (Realistic Simulation),2025-10-18
Malawi,2023,Flood Events,0,EM-DAT (Realistic Simulation),2025-10-18
Malawi,2023,Storm Events,1,EM-DAT (Realistic Simulation),2025-10-18
Malawi,2023,Food Security Impact Score,1.1113153340789952,EM-DAT (Realistic Simulation),2025-10-18
Malaysia,2020,Number of Disasters,4,EM-DAT (Realistic Simulation),2025-10-18
Malaysia,2020,Total Affected (people),88387.64569409692,EM-DAT (Realistic Simulation),2025-10-18
Malaysia,2020,Total Damages (USD millions),664.8478334896511,EM-DAT (Realistic Simulation),2025-10-18
Malaysia,2020,Drought Events,0,EM-DAT (Realistic Simulation),2025-10-18
Malaysia,2020,Flood Events,1,EM-DAT (Realistic Simulation),2025-10-18
Malaysia,2020,Storm Events,0,EM-DAT (Realistic Simulation),2025-10-18
Malaysia,2020,Food Security Impact Score,2.2111879533460734,EM-DAT (Realistic Simulation),2025-10-18
Malaysia,2021,Number of Disasters,4,EM-DAT (Realistic Simulation),2025-10-18
Malaysia,2021,Total Affected (people),36588.28145657007,EM-DAT (Realistic Simulation),2025-10-18
Malaysia,2021,Total Damages (USD millions),0,EM-DAT (Realistic Simulation),2025-10-18
Malaysia,2021,Drought Events,0,EM-DAT (Realistic Simulation),2025-10-18
Malaysia,2021,Flood Events,1,EM-DAT (Realistic Simulation),2025-10-18
Malaysia,2021,Storm Events,0,EM-DAT (Realistic Simulation),2025-10-18
Malaysia,2021,Food Security Impact Score,0.7966897121891141,EM-DAT (Realistic Simulation),2025-10-18
Malaysia,2022,Number of Disasters,3,EM-DAT (Realistic Simulation),2025-10-18
Malaysia,2022,Total Affected (people),0,EM-DAT (Realistic Simulation),2025-10-18
Malaysia,2022,Total Damages (USD millions),169.31636173563868,EM-DAT (Realistic Simulation),2025-10-18
Malaysia,2022,Drought Events,0,EM-DAT (Realistic Simulation),2025-10-18
Malaysia,2022,Flood Events,1,EM-DAT (Realistic Simulation),2025-10-18
Malaysia,2022,Storm Events,1,EM-DAT (Realistic Simulation),2025-10-18
Malaysia,2022,Food Security Impact Score,1.553824426171645,EM-DAT (Realistic Simulation),2025-10-18
Malaysia,2023,Number of Disasters,3,EM-DAT (Realistic Simulation),2025-10-18
Malaysia,2023,Total Affected (people),118252.68873112294,EM-DAT (Realistic Simulation),2025-10-18
Malaysia,2023,Total Damages (USD millions),0,EM-DAT (Realistic Simulation),2025-10-18
Malaysia,2023,Drought Events,2,EM-DAT (Realistic Simulation),2025-10-18
Malaysia,2023,Flood Events,0,EM-DAT (Realistic Simulation),2025-10-18
Malaysia,2023,Storm Events,0,EM-DAT (Realistic Simulation),2025-10-18
Malaysia,2023,Food Security Impact Score,2.016770009455666,EM-DAT (Realistic Simulation),2025-10-18
Maldives,2020,Number of Disasters,2,EM-DAT (Realistic Simulation),2025-10-18
Maldives,2020,Total Affected (people),61223.03241033876,EM-DAT (Realistic Simulation),2025-10-18
Maldives,2020,Total Damages (USD millions),1117.7148258578932,EM-DAT (Realistic Simulation),2025-10-18
Maldives,2020,Drought Events,0,EM-DAT (Realistic Simulation),2025-10-18
Maldives,2020,Flood Events,0,EM-DAT (Realistic Simulation),2025-10-18
Maldives,2020,Storm Events,3,EM-DAT (Realistic Simulation),2025-10-18
Maldives,2020,Food Security Impact Score,3.9491713134483284,EM-DAT (Realistic Simulation),2025-10-18
Maldives,2021,Number of Disasters,2,EM-DAT (Realistic Simulation),2025-10-18
Maldives,2021,Total Affected (people),190573.542268033,EM-DAT (Realistic Simulation),2025-10-18
Maldives,2021,Total Damages (USD millions),452.7854578957952,EM-DAT (Realistic Simulation),2025-10-18
Maldives,2021,Drought Events,0,EM-DAT (Realistic Simulation),2025-10-18
Maldives,2021,Flood Events,0,EM-DAT (Realistic Simulation),2025-10-18
Maldives,2021,Storm Events,0,EM-DAT (Realistic Simulation),2025-10-18
Maldives,2021,Food Security Impact Score,3.4285460897501645,EM-DAT (Realistic Simulation),2025-10-18
Maldives,2022,Number of Disasters,1,EM-DAT (Realistic Simulation),2025-10-18
Maldives,2022,Total Affected (people),4907.47178668069,EM-DAT (Realistic Simulation),2025-10-18
Maldives,2022,Total Damages (USD millions),0,EM-DAT (Realistic Simulation),2025-10-18
Maldives,2022,Drought Events,0,EM-DAT (Realistic Simulation),2025-10-18
Maldives,2022,Flood Events,1,EM-DAT (Realistic Simulation),2025-10-18
Maldives,2022,Storm Events,1,EM-DAT (Realistic Simulation),2025-10-18
Maldives,2022,Food Security Impact Score,0.8455582965726025,EM-DAT (Realistic Simulation),2025-10-18
Maldives,2023,Number of Disasters,1,EM-DAT (Realistic Simulation),2025-10-18
Maldives,2023,Total Affected (people),95065.63140498816,EM-DAT (Realistic Simulation),2025-10-18
Maldives,2023,Total Damages (USD millions),4.434816782807076,EM-DAT (Realistic Simulation),2025-10-18
Maldives,2023,Drought Events,1,EM-DAT (Realistic Simulation),2025-10-18
Maldives,2023,Flood Events,0,EM-DAT (Realistic Simulation),2025-10-18
Maldives,2023,Storm Events,1,EM-DAT (Realistic Simulation),2025-10-18
Maldives,2023,Food Security Impact Score,3.044868737230833,EM-DAT (Realistic Simulation),2025-10-18
Mali,2020,Number of Disasters,2,EM-DAT (Realistic Simulation),2025-10-18
Mali,2020,Total Affected (people),0,EM-DAT (Realistic Simulation),2025-10-18
Mali,2020,Total Damages (USD millions),540.8715844027972,EM-DAT (Realistic Simulation),2025-10-18
Mali,2020,Drought Events,0,EM-DAT (Realistic Simulation),2025-10-18
Mali,2020,Flood Events,1,EM-DAT (Realistic Simulation),2025-10-18
Mali,2020,Storm Events,0,EM-DAT (Realistic Simulation),2025-10-18
Mali,2020,Food Security Impact Score,6.03590165828037,EM-DAT (Realistic Simulation),2025-10-18
Mali,2021,Number of Disasters,3,EM-DAT (Realistic Simulation),2025-10-18
Mali,2021,Total Affected (people),4065.09917006865,EM-DAT (Realistic Simulation),2025-10-18
Mali,2021,Total Damages (USD millions),0,EM-DAT (Realistic Simulation),2025-10-18
Mali,2021,Drought Events,0,EM-DAT (Realistic Simulation),2025-10-18
Mali,2021,Flood Events,0,EM-DAT (Realistic Simulation),2025-10-18
Mali,2021,Storm Events,1,EM-DAT (Realistic Simulation),2025-10-18
Mali,2021,Food Security Impact Score,3.8350640832938425,EM-DAT (Realistic Simulation),2025-10-18
Mali,2022,Number of Disasters,2,EM-DAT (Realistic Simulation),2025-10-18
Mali,2022,Total Affected (people),0,EM-DAT (Realistic Simulation),2025-10-18
Mali,2022,Total Damages (USD millions),430.6200284713445,EM-DAT (Realistic Simulation),2025-10-18
Mali,2022,Drought Events,0,EM-DAT (Realistic Simulation),2025-10-18
Mali,2022,Flood Events,2,EM-DAT (Realistic Simulation),2025-10-18
Mali,2022,Storm Events,0,EM-DAT (Realistic Simulation),2025-10-18
Mali,2022,Food Security Impact Score,1.6707503059760673,EM-DAT (Realistic Simulation),2025-10-18
Mali,2023,Number of Disasters,3,EM-DAT (Realistic Simulation),2025-10-18
Mali,2023,Total Affected (people),0,EM-DAT (Realistic Simulation),2025-10-18
Mali,2023,Total Damages (USD millions),300.1454657109268,EM-DAT (Realistic Simulation),2025-10-18
Mali,2023,Drought Events,1,EM-DAT (Realistic Simulation),2025-10-18
Mali,2023,Flood Events,3,EM-DAT (Realistic Simulation),2025-10-18
Mali,2023,Storm Events,1,EM-DAT (Realistic Simulation),2025-10-18
Mali,2023,Food Security Impact Score,1.7051543596401308,EM-DAT (Realistic Simulation),2025-10-18
Malta,2020,Number of Disasters,2,EM-DAT (Realistic Simulation),2025-10-18
Malta,2020,Total Affected (people),78597.14200565894,EM-DAT (Realistic Simulation),2025-10-18
Malta,2020,Total Damages (USD millions),406.07909388108527,EM-DAT (Realistic Simulation),2025-10-18
Malta,2020,Drought Events,1,EM-DAT (Realistic Simulation),2025-10-18
Malta,2020,Flood Events,0,EM-DAT (Realistic Simulation),2025-10-18
Malta,2020,Storm Events,0,EM-DAT (Realistic Simulation),2025-10-18
Malta,2020,Food Security Impact Score,2.4611336516290363,EM-DAT (Realistic Simulation),2025-10-18
Malta,2021,Number of Disasters,1,EM-DAT (Realistic Simulation),2025-10-18
Malta,2021,Total Affected (people),0,EM-DAT (Realistic Simulation),2025-10-18
Malta,2021,Total Damages (USD millions),978.7153793530887,EM-DAT (Realistic Simulation),2025-10-18
Malta,2021,Drought Events,0,EM-DAT (Realistic Simulation),2025-10-18
Malta,2021,Flood Events,1,EM-DAT (Realistic Simulation),2025-10-18
Malta,2021,Storm Events,0,EM-DAT (Realistic Simulation),2025-10-18
Malta,2021,Food Security Impact Score,3.4755703413481873,EM-DAT (Realistic Simulation),2025-10-18
Malta,2022,Number of Disasters,3,EM-DAT (Realistic Simulation),2025-10-18
Malta,2022,Total Affected (people),0,EM-DAT (Realistic Simulation),2025-10-18
Malta,2022,Total Damages (USD millions),80.96625761162294,EM-DAT (Realistic Simulation),2025-10-18
Malta,2022,Drought Events,1,EM-DAT (Realistic Simulation),2025-10-18
Malta,2022,Flood Events,0,EM-DAT (Realistic Simulation),2025-10-18
Malta,2022,Storm Events,1,EM-DAT (Realistic Simulation),2025-10-18
Malta,2022,Food Security Impact Score,3.633823484760729,EM-DAT (Realistic Simulation),2025-10-18
Malta,2023,Number of Disasters,2,EM-DAT (Realistic Simulation),2025-10-18
Malta,2023,Total Affected (people),193849.3635295443,EM-DAT (Realistic Simulation),2025-10-18
Malta,2023,Total Damages (USD millions),0,EM-DAT (Realistic Simulation),2025-10-18
Malta,2023,Drought Events,1,EM-DAT (Realistic Simulation),2025-10-18
Malta,2023,Flood Events,1,EM-DAT (Realistic Simulation),2025-10-18
Malta,2023,Storm Events,0,EM-DAT (Realistic Simulation),2025-10-18
Malta,2023,Food Security Impact Score,6.1115836272194795,EM-DAT (Realistic Simulation),2025-10-18
Marshall Islands,2020,Number of Disasters,1,EM-DAT (Realistic Simulation),2025-10-18
Marshall Islands,2020,Total Affected (people),0,EM-DAT (Realistic Simulation),2025-10-18
Marshall Islands,2020,Total Damages (USD millions),504.53402482753376,EM-DAT (Realistic Simulation),2025-10-18
Marshall Islands,2020,Drought Events,0,EM-DAT (Realistic Simulation),2025-10-18
Marshall Islands,2020,Flood Events,1,EM-DAT (Realistic Simulation),2025-10-18
Marshall Islands,2020,Storm Events,0,EM-DAT (Realistic Simulation),2025-10-18
Marshall Islands,2020,Food Security Impact Score,0,EM-DAT (Realistic Simulation),2025-10-18
Marshall Islands,2021,Number of Disasters,2,EM-DAT (Realistic Simulation),2025-10-18
Marshall Islands,2021,Total Affected (people),12509.696979929213,EM-DAT (Realistic Simulation),2025-10-18
Marshall Islands,2021,Total Damages (USD millions),0,EM-DAT (Realistic Simulation),2025-10-18
Marshall Islands,2021,Drought Events,0,EM-DAT (Realistic Simulation),2025-10-18
Marshall Islands,2021,Flood Events,1,EM-DAT (Realistic Simulation),2025-10-18
Marshall Islands,2021,Storm Events,3,EM-DAT (Realistic Simulation),2025-10-18
Marshall Islands,2021,Food Security Impact Score,5.021252888138633,EM-DAT (Realistic Simulation),2025-10-18
Marshall Islands,2022,Number of Disasters,2,EM-DAT (Realistic Simulation),2025-10-18
Marshall Islands,2022,Total Affected (people),35474.30491133106,EM-DAT (Realistic Simulation),2025-10-18
Marshall Islands,2022,Total Damages (USD millions),841.7448680208846,EM-DAT (Realistic Simulation),2025-10-18
Marshall Islands,2022,Drought Events,0,EM-DAT (Realistic Simulation),2025-10-18
Marshall Islands,2022,Flood Events,1,EM-DAT (Realistic Simulation),2025-10-18
Marshall Islands,2022,Storm Events,1,EM-DAT (Realistic Simulation),2025-10-18
Marshall Islands,2022,Food Security Impact Score,5.35218969226815,EM-DAT (Realistic Simulation),2025-10-18
Marshall Islands,2023,Number of Disasters,2,EM-DAT (Realistic Simulation),2025-10-18
Marshall Islands,2023,Total Affected (people),71498.80620017597,EM-DAT (Realistic Simulation),2025-10-18
Marshall Islands,2023,Total Damages (USD millions),82.43102150708656,EM-DAT (Realistic Simulation),2025-10-18
Marshall Islands,2023,Drought Events,0,EM-DAT (Realistic Simulation),2025-10-18
Marshall Islands,2023,Flood Events,2,EM-DAT (Realistic Simulation),2025-10-18
Marshall Islands,2023,Storm Events,1,EM-DAT (Realistic Simulation),2025-10-18
Marshall Islands,2023,Food Security Impact Score,4.035785001463324,EM-DAT (Realistic Simulation),2025-10-18
Mauritania,2020,Number of Disasters,2,EM-DAT (Realistic Simulation),2025-10-18
Mauritania,2020,Total Affected (people),230860.1552719883,EM-DAT (Realistic Simulation),2025-10-18
Mauritania,2020,Total Damages (USD millions),11.82049167944524,EM-DAT (Realistic Simulation),2025-10-18
Mauritania,2020,Drought Events,0,EM-DAT (Realistic Simulation),2025-10-18
Mauritania,2020,Flood Events,0,EM-DAT (Realistic Simulation),2025-10-18
Mauritania,2020,Storm Events,1,EM-DAT (Realistic Simulation),2025-10-18
Mauritania,2020,Food Security Impact Score,2.5578036811181164,EM-DAT (Realistic Simulation),2025-10-18
Mauritania,2021,Number of Disasters,0,EM-DAT (Realistic Simulation),2025-10-18
Mauritania,2021,Total Affected (people),107987.13666843138,EM-DAT (Realistic Simulation),2025-10-18
Mauritania,2021,Total Damages (USD millions),83.50318047570215,EM-DAT (Realistic Simulation),2025-10-18
Mauritania,2021,Drought Events,1,EM-DAT (Realistic Simulation),2025-10-18
Mauritania,2021,Flood Events,2,EM-DAT (Realistic Simulation),2025-10-18
Mauritania,2021,Storm Events,1,EM-DAT (Realistic Simulation),2025-10-18
Mauritania,2021,Food Security Impact Score,4.198899199824735,EM-DAT (Realistic Simulation),2025-10-18
Mauritania,2022,Number of Disasters,2,EM-DAT (Realistic Simulation),2025-10-18
Mauritania,2022,Total Affected (people),217817.70522477818,EM-DAT (Realistic Simulation),2025-10-18
Mauritania,2022,Total Damages (USD millions),226.3468821658856,EM-DAT (Realistic Simulation),2025-10-18
Mauritania,2022,Drought Events,1,EM-DAT (Realistic Simulation),2025-10-18
Mauritania,2022,Flood Events,0,EM-DAT (Realistic Simulation),2025-10-18
Mauritania,2022,Storm Events,0,EM-DAT (Realistic Simulation),2025-10-18
Mauritania,2022,Food Security Impact Score,1.6309157448272287,EM-DAT (Realistic Simulation),2025-10-18
Mauritania,2023,Number of Disasters,2,EM-DAT (Realistic Simulation),2025-10-18
Mauritania,2023,Total Affected (people),215166.56898535244,EM-DAT (Realistic Simulation),2025-10-18
Mauritania,2023,Total Damages (USD millions),0,EM-DAT (Realistic Simulation),2025-10-18
Mauritania,2023,Drought Events,1,EM-DAT (Realistic Simulation),2025-10-18
Mauritania,2023,Flood Events,1,EM-DAT (Realistic Simulation),2025-10-18
Mauritania,2023,Storm Events,0,EM-DAT (Realistic Simulation),2025-10-18
Mauritania,2023,Food Security Impact Score,2.2977302098771646,EM-DAT (Realistic Simulation),2025-10-18
Mauritius,2020,Number of Disasters,4,EM-DAT (Realistic Simulation),2025-10-18
Mauritius,2020,Total Affected (people),17356.584608663623,EM-DAT (Realistic Simulation),2025-10-18
Mauritius,2020,Total Damages (USD millions),0,EM-DAT (Realistic Simulation),2025-10-18
Mauritius,2020,Drought Events,0,EM-DAT (Realistic Simulation),2025-10-18
Mauritius,2020,Flood Events,0,EM-DAT (Realistic Simulation),2025-10-18
Mauritius,2020,Storm Events,0,EM-DAT (Realistic Simulation),2025-10-18
Mauritius,2020,Food Security Impact Score,4.024249778709091,EM-DAT (Realistic Simulation),2025-10-18
Mauritius,2021,Number of Disasters,1,EM-DAT (Realistic Simulation),2025-10-18
Mauritius,2021,Total Affected (people),170259.37575274627,EM-DAT (Realistic Simulation),2025-10-18
Mauritius,2021,Total Damages (USD millions),0,EM-DAT (Realistic Simulation),2025-10-18
Mauritius,2021,Drought Events,1,EM-DAT (Realistic Simulation),2025-10-18
Mauritius,2021,Flood Events,2,EM-DAT (Realistic Simulation),2025-10-18
Mauritius,2021,Storm Events,2,EM-DAT (Realistic Simulation),2025-10-18
Mauritius,2021,Food Security Impact Score,0.26139837331071236,EM-DAT (Realistic Simulation),2025-10-18
Mauritius,2022,Number of Disasters,1,EM-DAT (Realistic Simulation),2025-10-18
Mauritius,2022,Total Affected (people),66016.26386300816,EM-DAT (Realistic Simulation),2025-10-18
Mauritius,2022,Total Damages (USD millions),279.3083585977197,EM-DAT (Realistic Simulation),2025-10-18
Mauritius,2022,Drought Events,0,EM-DAT (Realistic Simulation),2025-10-18
Mauritius,2022,Flood Events,0,EM-DAT (Realistic Simulation),2025-10-18
Mauritius,2022,Storm Events,0,EM-DAT (Realistic Simulation),2025-10-18
Mauritius,2022,Food Security Impact Score,3.4496831853573733,EM-DAT (Realistic Simulation),2025-10-18
Mauritius,2023,Number of Disasters,3,EM-DAT (Realistic Simulation),2025-10-18
Mauritius,2023,Total Affected (people),90232.08223589981,EM-DAT (Realistic Simulation),2025-10-18
Mauritius,2023,Total Damages (USD millions),745.9420639795503,EM-DAT (Realistic Simulation),2025-10-18
Mauritius,2023,Drought Events,2,EM-DAT (Realistic Simulation),2025-10-18
Mauritius,2023,Flood Events,0,EM-DAT (Realistic Simulation),2025-10-18
Mauritius,2023,Storm Events,0,EM-DAT (Realistic Simulation),2025-10-18
Mauritius,2023,Food Security Impact Score,1.7728088215873403,EM-DAT (Realistic Simulation),2025-10-18
Mexico,2020,Number of Disasters,1,EM-DAT (Realistic Simulation),2025-10-18
Mexico,2020,Total Affected (people),38647.661772117965,EM-DAT (Realistic Simulation),2025-10-18
Mexico,2020,Total Damages (USD millions),463.3399145499109,EM-DAT (Realistic Simulation),2025-10-18
Mexico,2020,Drought Events,0,EM-DAT (Realistic Simulation),2025-10-18
Mexico,2020,Flood Events,0,EM-DAT (Realistic Simulation),2025-10-18
Mexico,2020,Storm Events,0,EM-DAT (Realistic Simulation),2025-10-18
Mexico,2020,Food Security Impact Score,2.1092118460189377,EM-DAT (Realistic Simulation),2025-10-18
Mexico,2021,Number of Disasters,4,EM-DAT (Realistic Simulation),2025-10-18
Mexico,2021,Total Affected (people),84091.56382284174,EM-DAT (Realistic Simulation),2025-10-18
Mexico,2021,Total Damages (USD millions),0,EM-DAT (Realistic Simulation),2025-10-18
Mexico,2021,Drought Events,1,EM-DAT (Realistic Simulation),2025-10-18
Mexico,2021,Flood Events,3,EM-DAT (Realistic Simulation),2025-10-18
Mexico,2021,Storm Events,0,EM-DAT (Realistic Simulation),2025-10-18
Mexico,2021,Food Security Impact Score,2.9505042060931252,EM-DAT (Realistic Simulation),2025-10-18
Mexico,2022,Number of Disasters,2,EM-DAT (Realistic Simulation),2025-10-18
Mexico,2022,Total Affected (people),16862.30834747712,EM-DAT (Realistic Simulation),2025-10-18
Mexico,2022,Total Damages (USD millions),74.26953386098832,EM-DAT (Realistic Simulation),2025-10-18
Mexico,2022,Drought Events,1,EM-DAT (Realistic Simulation),2025-10-18
Mexico,2022,Flood Events,2,EM-DAT (Realistic Simulation),2025-10-18
Mexico,2022,Storm Events,0,EM-DAT (Realistic Simulation),2025-10-18
Mexico,2022,Food Security Impact Score,3.374770955115274,EM-DAT (Realistic Simulation),2025-10-18
Mexico,2023,Number of Disasters,3,EM-DAT (Realistic Simulation),2025-10-18
Mexico,2023,Total Affected (people),50889.02664315893,EM-DAT (Realistic Simulation),2025-10-18
Mexico,2023,Total Damages (USD millions),531.1944155080784,EM-DAT (Realistic Simulation),2025-10-18
Mexico,2023,Drought Events,0,EM-DAT (Realistic Simulation),2025-10-18
Mexico,2023,Flood Events,1,EM-DAT (Realistic Simulation),2025-10-18
Mexico,2023,Storm Events,0,EM-DAT (Realistic Simulation),2025-10-18
Mexico,2023,Food Security Impact Score,3.2611381954459087,EM-DAT (Realistic Simulation),2025-10-18
"Micronesia, Fed. Sts.",2020,Number of Disasters,1,EM-DAT (Realistic Simulation),2025-10-18
"Micronesia, Fed. Sts.",2020,Total Affected (people),83888.81717284105,EM-DAT (Realistic Simulation),2025-10-18
"Micronesia, Fed. Sts.",2020,Total Damages (USD millions),0,EM-DAT (Realistic Simulation),2025-10-18
"Micronesia, Fed. Sts.",2020,Drought Events,0,EM-DAT (Realistic Simulation),2025-10-18
"Micronesia, Fed. Sts.",2020,Flood Events,0,EM-DAT (Realistic Simulation),2025-10-18
"Micronesia, Fed. Sts.",2020,Storm Events,1,EM-DAT (Realistic Simulation),2025-10-18
"Micronesia, Fed. Sts.",2020,Food Security Impact Score,5.4869639659867575,EM-DAT (Realistic Simulation),2025-10-18
"Micronesia, Fed. Sts.",2021,Number of Disasters,2,EM-DAT (Realistic Simulation),2025-10-18
"Micronesia, Fed. Sts.",2021,Total Affected (people),11887.27586568462,EM-DAT (Realistic Simulation),2025-10-18
"Micronesia, Fed. Sts.",2021,Total Damages (USD millions),594.3823976648773,EM-DAT (Realistic Simulation),2025-10-18
"Micronesia, Fed. Sts.",2021,Drought Events,1,EM-DAT (Realistic Simulation),2025-10-18
"Micronesia, Fed. Sts.",2021,Flood Events,0,EM-DAT (Realistic Simulation),2025-10-18
"Micronesia, Fed. Sts.",2021,Storm Events,0,EM-DAT (Realistic Simulation),2025-10-18
"Micronesia, Fed. Sts.",2021,Food Security Impact Score,1.1146307246697027,EM-DAT (Realistic Simulation),2025-10-18
"Micronesia, Fed. Sts.",2022,Number of Disasters,5,EM-DAT (Realistic Simulation),2025-10-18
"Micronesia, Fed. Sts.",2022,Total Affected (people),52025.467219275306,EM-DAT (Realistic Simulation),2025-10-18
"Micronesia, Fed. Sts.",2022,Total Damages (USD millions),351.0330457774983,EM-DAT (Realistic Simulation),2025-10-18
"Micronesia, Fed. Sts.",2022,Drought Events,0,EM-DAT (Realistic Simulation),2025-10-18
"Micronesia, Fed. Sts.",2022,Flood Events,1,EM-DAT (Realistic Simulation),2025-10-18
"Micronesia, Fed. Sts.",2022,Storm Events,0,EM-DAT (Realistic Simulation),2025-10-18
"Micronesia, Fed. Sts.",2022,Food Security Impact Score,0,EM-DAT (Realistic Simulation),2025-10-18
"Micronesia, Fed. Sts.",2023,Number of Disasters,1,EM-DAT (Realistic Simulation),2025-10-18
"Micronesia, Fed. Sts.",2023,Total Affected (people),41836.931627244325,EM-DAT (Realistic Simulation),2025-10-18
"Micronesia, Fed. Sts.",2023,Total Damages (USD millions),0,EM-DAT (Realistic Simulation),2025-10-18
"Micronesia, Fed. Sts.",2023,Drought Events,1,EM-DAT (Realistic Simulation),2025-10-18
"Micronesia, Fed. Sts.",2023,Flood Events,3,EM-DAT (Realistic Simulation),2025-10-18
"Micronesia, Fed. Sts.",2023,Storm Events,1,EM-DAT (Realistic Simulation),2025-10-18
"Micronesia, Fed. Sts.",2023,Food Security Impact Score,3.871666098940769,EM-DAT (Realistic Simulation),2025-10-18
"Middle East, North Africa, Afghanistan & Pakistan",2020,Number of Disasters,2,EM-DAT (Realistic Simulation),2025-10-18
"Middle East, North Africa, Afghanistan & Pakistan",2020,Total Affected (people),60873.350333873954,EM-DAT (Realistic Simulation),2025-10-18
"Middle East, North Africa, Afghanistan & Pakistan",2020,Total Damages (USD millions),1230.1389208532896,EM-DAT (Realistic Simulation),2025-10-18
"Middle East, North Africa, Afghanistan & Pakistan",2020,Drought Events,1,EM-DAT (Realistic Simulation),2025-10-18
"Middle East, North Africa, Afghanistan & Pakistan",2020,Flood Events,1,EM-DAT (Realistic Simulation),2025-10-18
"Middle East, North Africa, Afghanistan & Pakistan",2020,Storm Events,1,EM-DAT (Realistic Simulation),2025-10-18
"Middle East, North Africa, Afghanistan & Pakistan",2020,Food Security Impact Score,4.810977270278423,EM-DAT (Realistic Simulation),2025-10-18
"Middle East, North Africa, Afghanistan & Pakistan",2021,Number of Disasters,4,EM-DAT (Realistic Simulation),2025-10-18
"Middle East, North Africa, Afghanistan & Pakistan",2021,Total Affected (people),110701.35882357211,EM-DAT (Realistic Simulation),2025-10-18
"Middle East, North Africa, Afghanistan & Pakistan",2021,Total Damages (USD millions),959.0471084143032,EM-DAT (Realistic Simulation),2025-10-18
"Middle East, North Africa, Afghanistan & Pakistan",2021,Drought Events,0,EM-DAT (Realistic Simulation),2025-10-18
"Middle East, North Africa, Afghanistan & Pakistan",2021,Flood Events,2,EM-DAT (Realistic Simulation),2025-10-18
"Middle East, North Africa, Afghanistan & Pakistan",2021,Storm Events,2,EM-DAT (Realistic Simulation),2025-10-18
"Middle East, North Africa, Afghanistan & Pakistan",2021,Food Security Impact Score,5.534806249898222,EM-DAT (Realistic Simulation),2025-10-18
"Middle East, North Africa, Afghanistan & Pakistan",2022,Number of Disasters,4,EM-DAT (Realistic Simulation),2025-10-18
"Middle East, North Africa, Afghanistan & Pakistan",2022,Total Affected (people),185761.74050874606,EM-DAT (Realistic Simulation),2025-10-18
"Middle East, North Africa, Afghanistan & Pakistan",2022,Total Damages (USD millions),0,EM-DAT (Realistic Simulation),2025-10-18
"Middle East, North Africa, Afghanistan & Pakistan",2022,Drought Events,1,EM-DAT (Realistic Simulation),2025-10-18
"Middle East, North Africa, Afghanistan & Pakistan",2022,Flood Events,0,EM-DAT (Realistic Simulation),2025-10-18
"Middle East, North Africa, Afghanistan & Pakistan",2022,Storm Events,0,EM-DAT (Realistic Simulation),2025-10-18
"Middle East, North Africa, Afghanistan & Pakistan",2022,Food Security Impact Score,3.8973209987419772,EM-DAT (Realistic Simulation),2025-10-18
"Middle East, North Africa, Afghanistan & Pakistan",2023,Number of Disasters,2,EM-DAT (Realistic Simulation),2025-10-18
"Middle East, North Africa, Afghanistan & Pakistan",2023,Total Affected (people),150438.94697868708,EM-DAT (Realistic Simulation),2025-10-18
"Middle East, North Africa, Afghanistan & Pakistan",2023,Total Damages (USD millions),0,EM-DAT (Realistic Simulation),2025-10-18
"Middle East, North Africa, Afghanistan & Pakistan",2023,Drought Events,1,EM-DAT (Realistic Simulation),2025-10-18
"Middle East, North Africa, Afghanistan & Pakistan",2023,Flood Events,1,EM-DAT (Realistic Simulation),2025-10-18
"Middle East, North Africa, Afghanistan & Pakistan",2023,Storm Events,0,EM-DAT (Realistic Simulation),2025-10-18
"Middle East, North Africa, Afghanistan & Pakistan",2023,Food Security Impact Score,4.837733723210147,EM-DAT (Realistic Simulation),2025-10-18
"Middle East, North Africa, Afghanistan & Pakistan (excluding high income)",2020,Number of Disasters,0,EM-DAT (Realistic Simulation),2025-10-18
"Middle East, North Africa, Afghanistan & Pakistan (excluding high income)",2020,Total Affected (people),146729.10517776725,EM-DAT (Realistic Simulation),2025-10-18
"Middle East, North Africa, Afghanistan & Pakistan (excluding high income)",2020,Total Damages (USD millions),0,EM-DAT (Realistic Simulation),2025-10-18
"Middle East, North Africa, Afghanistan & Pakistan (excluding high income)",2020,Drought Events,2,EM-DAT (Realistic Simulation),2025-10-18
"Middle East, North Africa, Afghanistan & Pakistan (excluding high income)",2020,Flood Events,0,EM-DAT (Realistic Simulation),2025-10-18
"Middle East, North Africa, Afghanistan & Pakistan (excluding high income)",2020,Storm Events,0,EM-DAT (Realistic Simulation),2025-10-18
"Middle East, North Africa, Afghanistan & Pakistan (excluding high income)",2020,Food Security Impact Score,7.735462057637962,EM-DAT (Realistic Simulation),2025-10-18
"Middle East, North Africa, Afghanistan & Pakistan (excluding high income)",2021,Number of Disasters,1,EM-DAT (Realistic Simulation),2025-10-18
"Middle East, North Africa, Afghanistan & Pakistan (excluding high income)",2021,Total Affected (people),0,EM-DAT (Realistic Simulation),2025-10-18
"Middle East, North Africa, Afghanistan & Pakistan (excluding high income)",2021,Total Damages (USD millions),369.5000627421988,EM-DAT (Realistic Simulation),2025-10-18
"Middle East, North Africa, Afghanistan & Pakistan (excluding high income)",2021,Drought Events,1,EM-DAT (Realistic Simulation),2025-10-18
"Middle East, North Africa, Afghanistan & Pakistan (excluding high income)",2021,Flood Events,1,EM-DAT (Realistic Simulation),2025-10-18
"Middle East, North Africa, Afghanistan & Pakistan (excluding high income)",2021,Storm Events,0,EM-DAT (Realistic Simulation),2025-10-18
"Middle East, North Africa, Afghanistan & Pakistan (excluding high income)",2021,Food Security Impact Score,5.215716863894219,EM-DAT (Realistic Simulation),2025-10-18
"Middle East, North Africa, Afghanistan & Pakistan (excluding high income)",2022,Number of Disasters,1,EM-DAT (Realistic Simulation),2025-10-18
"Middle East, North Africa, Afghanistan & Pakistan (excluding high income)",2022,Total Affected (people),68025.4836484706,EM-DAT (Realistic Simulation),2025-10-18
"Middle East, North Africa, Afghanistan & Pakistan (excluding high income)",2022,Total Damages (USD millions),0,EM-DAT (Realistic Simulation),2025-10-18
"Middle East, North Africa, Afghanistan & Pakistan (excluding high income)",2022,Drought Events,0,EM-DAT (Realistic Simulation),2025-10-18
"Middle East, North Africa, Afghanistan & Pakistan (excluding high income)",2022,Flood Events,1,EM-DAT (Realistic Simulation),2025-10-18
"Middle East, North Africa, Afghanistan & Pakistan (excluding high income)",2022,Storm Events,2,EM-DAT (Realistic Simulation),2025-10-18
"Middle East, North Africa, Afghanistan & Pakistan (excluding high income)",2022,Food Security Impact Score,0.24931053139395942,EM-DAT (Realistic Simulation),2025-10-18
"Middle East, North Africa, Afghanistan & Pakistan (excluding high income)",2023,Number of Disasters,3,EM-DAT (Realistic Simulation),2025-10-18
"Middle East, North Africa, Afghanistan & Pakistan (excluding high income)",2023,Total Affected (people),15924.731015540056,EM-DAT (Realistic Simulation),2025-10-18
"Middle East, North Africa, Afghanistan & Pakistan (excluding high income)",2023,Total Damages (USD millions),187.82815599085316,EM-DAT (Realistic Simulation),2025-10-18
"Middle East, North Africa, Afghanistan & Pakistan (excluding high income)",2023,Drought Events,0,EM-DAT (Realistic Simulation),2025-10-18
"Middle East, North Africa, Afghanistan & Pakistan (excluding high income)",2023,Flood Events,1,EM-DAT (Realistic Simulation),2025-10-18
"Middle East, North Africa, Afghanistan & Pakistan (excluding high income)",2023,Storm Events,0,EM-DAT (Realistic Simulation),2025-10-18
"Middle East, North Africa, Afghanistan & Pakistan (excluding high income)",2023,Food Security Impact Score,1.6018808859714981,EM-DAT (Realistic Simulation),2025-10-18
"Middle East, North Africa, Afghanistan & Pakistan (IDA & IBRD)",2020,Number of Disasters,5,EM-DAT (Realistic Simulation),2025-10-18
"Middle East, North Africa, Afghanistan & Pakistan (IDA & IBRD)",2020,Total Affected (people),55880.07366710824,EM-DAT (Realistic Simulation),2025-10-18
"Middle East, North Africa, Afghanistan & Pakistan (IDA & IBRD)",2020,Total Damages (USD millions),0,EM-DAT (Realistic Simulation),2025-10-18
"Middle East, North Africa, Afghanistan & Pakistan (IDA & IBRD)",2020,Drought Events,1,EM-DAT (Realistic Simulation),2025-10-18
"Middle East, North Africa, Afghanistan & Pakistan (IDA & IBRD)",2020,Flood Events,3,EM-DAT (Realistic Simulation),2025-10-18
"Middle East, North Africa, Afghanistan & Pakistan (IDA & IBRD)",2020,Storm Events,0,EM-DAT (Realistic Simulation),2025-10-18
"Middle East, North Africa, Afghanistan & Pakistan (IDA & IBRD)",2020,Food Security Impact Score,3.0357673872619286,EM-DAT (Realistic Simulation),2025-10-18
"Middle East, North Africa, Afghanistan & Pakistan (IDA & IBRD)",2021,Number of Disasters,4,EM-DAT (Realistic Simulation),2025-10-18
"Middle East, North Africa, Afghanistan & Pakistan (IDA & IBRD)",2021,Total Affected (people),0,EM-DAT (Realistic Simulation),2025-10-18
"Middle East, North Africa, Afghanistan & Pakistan (IDA & IBRD)",2021,Total Damages (USD millions),0,EM-DAT (Realistic Simulation),2025-10-18
"Middle East, North Africa, Afghanistan & Pakistan (IDA & IBRD)",2021,Drought Events,0,EM-DAT (Realistic Simulation),2025-10-18
"Middle East, North Africa, Afghanistan & Pakistan (IDA & IBRD)",2021,Flood Events,2,EM-DAT (Realistic Simulation),2025-10-18
"Middle East, North Africa, Afghanistan & Pakistan (IDA & IBRD)",2021,Storm Events,0,EM-DAT (Realistic Simulation),2025-10-18
"Middle East, North Africa, Afghanistan & Pakistan (IDA & IBRD)",2021,Food Security Impact Score,2.92013454228351,EM-DAT (Realistic Simulation),2025-10-18
"Middle East, North Africa, Afghanistan & Pakistan (IDA & IBRD)",2022,Number of Disasters,0,EM-DAT (Realistic Simulation),2025-10-18
"Middle East, North Africa, Afghanistan & Pakistan (IDA & IBRD)",2022,Total Affected (people),2608.032128373059,EM-DAT (Realistic Simulation),2025-10-18
"Middle East, North Africa, Afghanistan & Pakistan (IDA & IBRD)",2022,Total Damages (USD millions),204.8844289256054,EM-DAT (Realistic Simulation),2025-10-18
"Middle East, North Africa, Afghanistan & Pakistan (IDA & IBRD)",2022,Drought Events,0,EM-DAT (Realistic Simulation),2025-10-18
"Middle East, North Africa, Afghanistan & Pakistan (IDA & IBRD)",2022,Flood Events,0,EM-DAT (Realistic Simulation),2025-10-18
"Middle East, North Africa, Afghanistan & Pakistan (IDA & IBRD)",2022,Storm Events,0,EM-DAT (Realistic Simulation),2025-10-18
"Middle East, North Africa, Afghanistan & Pakistan (IDA & IBRD)",2022,Food Security Impact Score,0,EM-DAT (Realistic Simulation),2025-10-18
"Middle East, North Africa, Afghanistan & Pakistan (IDA & IBRD)",2023,Number of Disasters,3,EM-DAT (Realistic Simulation),2025-10-18
"Middle East, North Africa, Afghanistan & Pakistan (IDA & IBRD)",2023,Total Affected (people),107508.55239960313,EM-DAT (Realistic Simulation),2025-10-18
"Middle East, North Africa, Afghanistan & Pakistan (IDA & IBRD)",2023,Total Damages (USD millions),0,EM-DAT (Realistic Simulation),2025-10-18
"Middle East, North Africa, Afghanistan & Pakistan (IDA & IBRD)",2023,Drought Events,0,EM-DAT (Realistic Simulation),2025-10-18
"Middle East, North Africa, Afghanistan & Pakistan (IDA & IBRD)",2023,Flood Events,2,EM-DAT (Realistic Simulation),2025-10-18
"Middle East, North Africa, Afghanistan & Pakistan (IDA & IBRD)",2023,Storm Events,0,EM-DAT (Realistic Simulation),2025-10-18
"Middle East, North Africa, Afghanistan & Pakistan (IDA & IBRD)",2023,Food Security Impact Score,2.5597624290574363,EM-DAT (Realistic Simulation),2025-10-18
Middle income,2020,Number of Disasters,3,EM-DAT (Realistic Simulation),2025-10-18
Middle income,2020,Total Affected (people),219187.85345676434,EM-DAT (Realistic Simulation),2025-10-18
Middle income,2020,Total Damages (USD millions),678.9997046751292,EM-DAT (Realistic Simulation),2025-10-18
Middle income,2020,Drought Events,0,EM-DAT (Realistic Simulation),2025-10-18
Middle income,2020,Flood Events,2,EM-DAT (Realistic Simulation),2025-10-18
Middle income,2020,Storm Events,1,EM-DAT (Realistic Simulation),2025-10-18
Middle income,2020,Food Security Impact Score,1.1641316157477688,EM-DAT (Realistic Simulation),2025-10-18
Middle income,2021,Number of Disasters,1,EM-DAT (Realistic Simulation),2025-10-18
Middle income,2021,Total Affected (people),141231.9579566614,EM-DAT (Realistic Simulation),2025-10-18
Middle income,2021,Total Damages (USD millions),0,EM-DAT (Realistic Simulation),2025-10-18
Middle income,2021,Drought Events,2,EM-DAT (Realistic Simulation),2025-10-18
Middle income,2021,Flood Events,1,EM-DAT (Realistic Simulation),2025-10-18
Middle income,2021,Storm Events,1,EM-DAT (Realistic Simulation),2025-10-18
Middle income,2021,Food Security Impact Score,2.9760556160750258,EM-DAT (Realistic Simulation),2025-10-18
Middle income,2022,Number of Disasters,4,EM-DAT (Realistic Simulation),2025-10-18
Middle income,2022,Total Affected (people),222487.06977964335,EM-DAT (Realistic Simulation),2025-10-18
Middle income,2022,Total Damages (USD millions),327.0773877467881,EM-DAT (Realistic Simulation),2025-10-18
Middle income,2022,Drought Events,1,EM-DAT (Realistic Simulation),2025-10-18
Middle income,2022,Flood Events,1,EM-DAT (Realistic Simulation),2025-10-18
Middle income,2022,Storm Events,1,EM-DAT (Realistic Simulation),2025-10-18
Middle income,2022,Food Security Impact Score,3.597781385854429,EM-DAT (Realistic Simulation),2025-10-18
Middle income,2023,Number of Disasters,1,EM-DAT (Realistic Simulation),2025-10-18
Middle income,2023,Total Affected (people),185048.2898386375,EM-DAT (Realistic Simulation),2025-10-18
Middle income,2023,Total Damages (USD millions),0,EM-DAT (Realistic Simulation),2025-10-18
Middle income,2023,Drought Events,0,EM-DAT (Realistic Simulation),2025-10-18
Middle income,2023,Flood Events,0,EM-DAT (Realistic Simulation),2025-10-18
Middle income,2023,Storm Events,0,EM-DAT (Realistic Simulation),2025-10-18
Middle income,2023,Food Security Impact Score,3.738529306611141,EM-DAT (Realistic Simulation),2025-10-18
Moldova,2020,Number of Disasters,0,EM-DAT (Realistic Simulation),2025-10-18
Moldova,2020,Total Affected (people),16642.997670698576,EM-DAT (Realistic Simulation),2025-10-18
Moldova,2020,Total Damages (USD millions),0,EM-DAT (Realistic Simulation),2025-10-18
Moldova,2020,Drought Events,2,EM-DAT (Realistic Simulation),2025-10-18
Moldova,2020,Flood Events,2,EM-DAT (Realistic Simulation),2025-10-18
Moldova,2020,Storm Events,0,EM-DAT (Realistic Simulation),2025-10-18
Moldova,2020,Food Security Impact Score,1.294137497967458,EM-DAT (Realistic Simulation),2025-10-18
Moldova,2021,Number of Disasters,1,EM-DAT (Realistic Simulation),2025-10-18
Moldova,2021,Total Affected (people),22358.114629695825,EM-DAT (Realistic Simulation),2025-10-18
Moldova,2021,Total Damages (USD millions),0,EM-DAT (Realistic Simulation),2025-10-18
Moldova,2021,Drought Events,0,EM-DAT (Realistic Simulation),2025-10-18
Moldova,2021,Flood Events,3,EM-DAT (Realistic Simulation),2025-10-18
Moldova,2021,Storm Events,1,EM-DAT (Realistic Simulation),2025-10-18
Moldova,2021,Food Security Impact Score,3.9259892620593835,EM-DAT (Realistic Simulation),2025-10-18
Moldova,2022,Number of Disasters,2,EM-DAT (Realistic Simulation),2025-10-18
Moldova,2022,Total Affected (people),0,EM-DAT (Realistic Simulation),2025-10-18
Moldova,2022,Total Damages (USD millions),29.66369814785338,EM-DAT (Realistic Simulation),2025-10-18
Moldova,2022,Drought Events,0,EM-DAT (Realistic Simulation),2025-10-18
Moldova,2022,Flood Events,0,EM-DAT (Realistic Simulation),2025-10-18
Moldova,2022,Storm Events,1,EM-DAT (Realistic Simulation),2025-10-18
Moldova,2022,Food Security Impact Score,0,EM-DAT (Realistic Simulation),2025-10-18
Moldova,2023,Number of Disasters,3,EM-DAT (Realistic Simulation),2025-10-18
Moldova,2023,Total Affected (people),0,EM-DAT (Realistic Simulation),2025-10-18
Moldova,2023,Total Damages (USD millions),0,EM-DAT (Realistic Simulation),2025-10-18
Moldova,2023,Drought Events,0,EM-DAT (Realistic Simulation),2025-10-18
Moldova,2023,Flood Events,1,EM-DAT (Realistic Simulation),2025-10-18
Moldova,2023,Storm Events,0,EM-DAT (Realistic Simulation),2025-10-18
Moldova,2023,Food Security Impact Score,1.9534304142565482,EM-DAT (Realistic Simulation),2025-10-18
Monaco,2020,Number of Disasters,3,EM-DAT (Realistic Simulation),2025-10-18
Monaco,2020,Total Affected (people),46618.26632789868,EM-DAT (Realistic Simulation),2025-10-18
Monaco,2020,Total Damages (USD millions),0,EM-DAT (Realistic Simulation),2025-10-18
Monaco,2020,Drought Events,1,EM-DAT (Realistic Simulation),2025-10-18
Monaco,2020,Flood Events,1,EM-DAT (Realistic Simulation),2025-10-18
Monaco,2020,Storm Events,1,EM-DAT (Realistic Simulation),2025-10-18
Monaco,2020,Food Security Impact Score,2.9723720049315765,EM-DAT (Realistic Simulation),2025-10-18
Monaco,2021,Number of Disasters,2,EM-DAT (Realistic Simulation),2025-10-18
Monaco,2021,Total Affected (people),107438.33677081866,EM-DAT (Realistic Simulation),2025-10-18
Monaco,2021,Total Damages (USD millions),701.0250528684522,EM-DAT (Realistic Simulation),2025-10-18
Monaco,2021,Drought Events,1,EM-DAT (Realistic Simulation),2025-10-18
Monaco,2021,Flood Events,2,EM-DAT (Realistic Simulation),2025-10-18
Monaco,2021,Storm Events,1,EM-DAT (Realistic Simulation),2025-10-18
Monaco,2021,Food Security Impact Score,3.977456596347457,EM-DAT (Realistic Simulation),2025-10-18
Monaco,2022,Number of Disasters,5,EM-DAT (Realistic Simulation),2025-10-18
Monaco,2022,Total Affected (people),83825.76776036085,EM-DAT (Realistic Simulation),2025-10-18
Monaco,2022,Total Damages (USD millions),271.3476190585907,EM-DAT (Realistic Simulation),2025-10-18
Monaco,2022,Drought Events,0,EM-DAT (Realistic Simulation),2025-10-18
Monaco,2022,Flood Events,3,EM-DAT (Realistic Simulation),2025-10-18
Monaco,2022,Storm Events,0,EM-DAT (Realistic Simulation),2025-10-18
Monaco,2022,Food Security Impact Score,0.796011803156317,EM-DAT (Realistic Simulation),2025-10-18
Monaco,2023,Number of Disasters,2,EM-DAT (Realistic Simulation),2025-10-18
Monaco,2023,Total Affected (people),14213.037962997187,EM-DAT (Realistic Simulation),2025-10-18
Monaco,2023,Total Damages (USD millions),345.5368907260154,EM-DAT (Realistic Simulation),2025-10-18
Monaco,2023,Drought Events,0,EM-DAT (Realistic Simulation),2025-10-18
Monaco,2023,Flood Events,1,EM-DAT (Realistic Simulation),2025-10-18
Monaco,2023,Storm Events,0,EM-DAT (Realistic Simulation),2025-10-18
Monaco,2023,Food Security Impact Score,0.7483858765854836,EM-DAT (Realistic Simulation),2025-10-18
Mongolia,2020,Number of Disasters,2,EM-DAT (Realistic Simulation),2025-10-18
Mongolia,2020,Total Affected (people),37868.993343881244,EM-DAT (Realistic Simulation),2025-10-18
Mongolia,2020,Total Damages (USD millions),0,EM-DAT (Realistic Simulation),2025-10-18
Mongolia,2020,Drought Events,0,EM-DAT (Realistic Simulation),2025-10-18
Mongolia,2020,Flood Events,1,EM-DAT (Realistic Simulation),2025-10-18
Mongolia,2020,Storm Events,1,EM-DAT (Realistic Simulation),2025-10-18
Mongolia,2020,Food Security Impact Score,4.41548833961863,EM-DAT (Realistic Simulation),2025-10-18
Mongolia,2021,Number of Disasters,1,EM-DAT (Realistic Simulation),2025-10-18
Mongolia,2021,Total Affected (people),86951.8725772231,EM-DAT (Realistic Simulation),2025-10-18
Mongolia,2021,Total Damages (USD millions),0,EM-DAT (Realistic Simulation),2025-10-18
Mongolia,2021,Drought Events,0,EM-DAT (Realistic Simulation),2025-10-18
Mongolia,2021,Flood Events,3,EM-DAT (Realistic Simulation),2025-10-18
Mongolia,2021,Storm Events,0,EM-DAT (Realistic Simulation),2025-10-18
Mongolia,2021,Food Security Impact Score,8.509732661762158,EM-DAT (Realistic Simulation),2025-10-18
Mongolia,2022,Number of Disasters,3,EM-DAT (Realistic Simulation),2025-10-18
Mongolia,2022,Total Affected (people),12010.516212250513,EM-DAT (Realistic Simulation),2025-10-18
Mongolia,2022,Total Damages (USD millions),0,EM-DAT (Realistic Simulation),2025-10-18
Mongolia,2022,Drought Events,0,EM-DAT (Realistic Simulation),2025-10-18
Mongolia,2022,Flood Events,1,EM-DAT (Realistic Simulation),2025-10-18
Mongolia,2022,Storm Events,2,EM-DAT (Realistic Simulation),2025-10-18
Mongolia,2022,Food Security Impact Score,6.996703106927816,EM-DAT (Realistic Simulation),2025-10-18
Mongolia,2023,Number of Disasters,2,EM-DAT (Realistic Simulation),2025-10-18
Mongolia,2023,Total Affected (people),0,EM-DAT (Realistic Simulation),2025-10-18
Mongolia,2023,Total Damages (USD millions),0,EM-DAT (Realistic Simulation),2025-10-18
Mongolia,2023,Drought Events,0,EM-DAT (Realistic Simulation),2025-10-18
Mongolia,2023,Flood Events,1,EM-DAT (Realistic Simulation),2025-10-18
Mongolia,2023,Storm Events,0,EM-DAT (Realistic Simulation),2025-10-18
Mongolia,2023,Food Security Impact Score,6.6590433061977965,EM-DAT (Realistic Simulation),2025-10-18
Montenegro,2020,Number of Disasters,1,EM-DAT (Realistic Simulation),2025-10-18
Montenegro,2020,Total Affected (people),181213.69530939043,EM-DAT (Realistic Simulation),2025-10-18
Montenegro,2020,Total Damages (USD millions),407.3751143181955,EM-DAT (Realistic Simulation),2025-10-18
Montenegro,2020,Drought Events,2,EM-DAT (Realistic Simulation),2025-10-18
Montenegro,2020,Flood Events,1,EM-DAT (Realistic Simulation),2025-10-18
Montenegro,2020,Storm Events,0,EM-DAT (Realistic Simulation),2025-10-18
Montenegro,2020,Food Security Impact Score,1.75533077247374,EM-DAT (Realistic Simulation),2025-10-18
Montenegro,2021,Number of Disasters,2,EM-DAT (Realistic Simulation),2025-10-18
Montenegro,2021,Total Affected (people),0,EM-DAT (Realistic Simulation),2025-10-18
Montenegro,2021,Total Damages (USD millions),0,EM-DAT (Realistic Simulation),2025-10-18
Montenegro,2021,Drought Events,0,EM-DAT (Realistic Simulation),2025-10-18
Montenegro,2021,Flood Events,0,EM-DAT (Realistic Simulation),2025-10-18
Montenegro,2021,Storm Events,2,EM-DAT (Realistic Simulation),2025-10-18
Montenegro,2021,Food Security Impact Score,2.8536106566210337,EM-DAT (Realistic Simulation),2025-10-18
Montenegro,2022,Number of Disasters,2,EM-DAT (Realistic Simulation),2025-10-18
Montenegro,2022,Total Affected (people),97272.12937745443,EM-DAT (Realistic Simulation),2025-10-18
Montenegro,2022,Total Damages (USD millions),106.27936593174732,EM-DAT (Realistic Simulation),2025-10-18
Montenegro,2022,Drought Events,0,EM-DAT (Realistic Simulation),2025-10-18
Montenegro,2022,Flood Events,2,EM-DAT (Realistic Simulation),2025-10-18
Montenegro,2022,Storm Events,1,EM-DAT (Realistic Simulation),2025-10-18
Montenegro,2022,Food Security Impact Score,2.4204042813116318,EM-DAT (Realistic Simulation),2025-10-18
Montenegro,2023,Number of Disasters,3,EM-DAT (Realistic Simulation),2025-10-18
Montenegro,2023,Total Affected (people),52004.948369773236,EM-DAT (Realistic Simulation),2025-10-18
Montenegro,2023,Total Damages (USD millions),0,EM-DAT (Realistic Simulation),2025-10-18
Montenegro,2023,Drought Events,0,EM-DAT (Realistic Simulation),2025-10-18
Montenegro,2023,Flood Events,2,EM-DAT (Realistic Simulation),2025-10-18
Montenegro,2023,Storm Events,1,EM-DAT (Realistic Simulation),2025-10-18
Montenegro,2023,Food Security Impact Score,3.056872264617725,EM-DAT (Realistic Simulation),2025-10-18
Morocco,2020,Number of Disasters,2,EM-DAT (Realistic Simulation),2025-10-18
Morocco,2020,Total Affected (people),147378.40588398933,EM-DAT (Realistic Simulation),2025-10-18
Morocco,2020,Total Damages (USD millions),0,EM-DAT (Realistic Simulation),2025-10-18
Morocco,2020,Drought Events,0,EM-DAT (Realistic Simulation),2025-10-18
Morocco,2020,Flood Events,1,EM-DAT (Realistic Simulation),2025-10-18
Morocco,2020,Storm Events,1,EM-DAT (Realistic Simulation),2025-10-18
Morocco,2020,Food Security Impact Score,3.002392619839814,EM-DAT (Realistic Simulation),2025-10-18
Morocco,2021,Number of Disasters,1,EM-DAT (Realistic Simulation),2025-10-18
Morocco,2021,Total Affected (people),303629.5535469474,EM-DAT (Realistic Simulation),2025-10-18
Morocco,2021,Total Damages (USD millions),0,EM-DAT (Realistic Simulation),2025-10-18
Morocco,2021,Drought Events,0,EM-DAT (Realistic Simulation),2025-10-18
Morocco,2021,Flood Events,1,EM-DAT (Realistic Simulation),2025-10-18
Morocco,2021,Storm Events,0,EM-DAT (Realistic Simulation),2025-10-18
Morocco,2021,Food Security Impact Score,3.474390621304922,EM-DAT (Realistic Simulation),2025-10-18
Morocco,2022,Number of Disasters,2,EM-DAT (Realistic Simulation),2025-10-18
Morocco,2022,Total Affected (people),2189.3355379981804,EM-DAT (Realistic Simulation),2025-10-18
Morocco,2022,Total Damages (USD millions),80.0194288815519,EM-DAT (Realistic Simulation),2025-10-18
Morocco,2022,Drought Events,1,EM-DAT (Realistic Simulation),2025-10-18
Morocco,2022,Flood Events,2,EM-DAT (Realistic Simulation),2025-10-18
Morocco,2022,Storm Events,0,EM-DAT (Realistic Simulation),2025-10-18
Morocco,2022,Food Security Impact Score,0.6570574811838115,EM-DAT (Realistic Simulation),2025-10-18
Morocco,2023,Number of Disasters,1,EM-DAT (Realistic Simulation),2025-10-18
Morocco,2023,Total Affected (people),23333.942219088007,EM-DAT (Realistic Simulation),2025-10-18
Morocco,2023,Total Damages (USD millions),537.5608466856204,EM-DAT (Realistic Simulation),2025-10-18
Morocco,2023,Drought Events,0,EM-DAT (Realistic Simulation),2025-10-18
Morocco,2023,Flood Events,2,EM-DAT (Realistic Simulation),2025-10-18
Morocco,2023,Storm Events,2,EM-DAT (Realistic Simulation),2025-10-18
Morocco,2023,Food Security Impact Score,4.057002996824028,EM-DAT (Realistic Simulation),2025-10-18
Mozambique,2020,Number of Disasters,1,EM-DAT (Realistic Simulation),2025-10-18
Mozambique,2020,Total Affected (people),23973.816978276773,EM-DAT (Realistic Simulation),2025-10-18
Mozambique,2020,Total Damages (USD millions),0,EM-DAT (Realistic Simulation),2025-10-18
Mozambique,2020,Drought Events,0,EM-DAT (Realistic Simulation),2025-10-18
Mozambique,2020,Flood Events,1,EM-DAT (Realistic Simulation),2025-10-18
Mozambique,2020,Storm Events,0,EM-DAT (Realistic Simulation),2025-10-18
Mozambique,2020,Food Security Impact Score,2.113169219691128,EM-DAT (Realistic Simulation),2025-10-18
Mozambique,2021,Number of Disasters,0,EM-DAT (Realistic Simulation),2025-10-18
Mozambique,2021,Total Affected (people),56173.32756857651,EM-DAT (Realistic Simulation),2025-10-18
Mozambique,2021,Total Damages (USD millions),594.5858532121915,EM-DAT (Realistic Simulation),2025-10-18
Mozambique,2021,Drought Events,0,EM-DAT (Realistic Simulation),2025-10-18
Mozambique,2021,Flood Events,1,EM-DAT (Realistic Simulation),2025-10-18
Mozambique,2021,Storm Events,1,EM-DAT (Realistic Simulation),2025-10-18
Mozambique,2021,Food Security Impact Score,0.5300743748155039,EM-DAT (Realistic Simulation),2025-10-18
Mozambique,2022,Number of Disasters,2,EM-DAT (Realistic Simulation),2025-10-18
Mozambique,2022,Total Affected (people),0,EM-DAT (Realistic Simulation),2025-10-18
Mozambique,2022,Total Damages (USD millions),564.2955290719601,EM-DAT (Realistic Simulation),2025-10-18
Mozambique,2022,Drought Events,1,EM-DAT (Realistic Simulation),2025-10-18
Mozambique,2022,Flood Events,1,EM-DAT (Realistic Simulation),2025-10-18
Mozambique,2022,Storm Events,0,EM-DAT (Realistic Simulation),2025-10-18
Mozambique,2022,Food Security Impact Score,2.4011621106122285,EM-DAT (Realistic Simulation),2025-10-18
Mozambique,2023,Number of Disasters,1,EM-DAT (Realistic Simulation),2025-10-18
Mozambique,2023,Total Affected (people),0,EM-DAT (Realistic Simulation),2025-10-18
Mozambique,2023,Total Damages (USD millions),929.3734180073642,EM-DAT (Realistic Simulation),2025-10-18
Mozambique,2023,Drought Events,0,EM-DAT (Realistic Simulation),2025-10-18
Mozambique,2023,Flood Events,1,EM-DAT (Realistic Simulation),2025-10-18
Mozambique,2023,Storm Events,0,EM-DAT (Realistic Simulation),2025-10-18
Mozambique,2023,Food Security Impact Score,0,EM-DAT (Realistic Simulation),2025-10-18
Myanmar,2020,Number of Disasters,2,EM-DAT (Realistic Simulation),2025-10-18
Myanmar,2020,Total Affected (people),213680.66743664208,EM-DAT (Realistic Simulation),2025-10-18
Myanmar,2020,Total Damages (USD millions),597.2337940891371,EM-DAT (Realistic Simulation),2025-10-18
Myanmar,2020,Drought Events,1,EM-DAT (Realistic Simulation),2025-10-18
Myanmar,2020,Flood Events,2,EM-DAT (Realistic Simulation),2025-10-18
Myanmar,2020,Storm Events,1,EM-DAT (Realistic Simulation),2025-10-18
Myanmar,2020,Food Security Impact Score,2.6206890254637827,EM-DAT (Realistic Simulation),2025-10-18
Myanmar,2021,Number of Disasters,1,EM-DAT (Realistic Simulation),2025-10-18
Myanmar,2021,Total Affected (people),88970.44269529018,EM-DAT (Realistic Simulation),2025-10-18
Myanmar,2021,Total Damages (USD millions),456.9711609725959,EM-DAT (Realistic Simulation),2025-10-18
Myanmar,2021,Drought Events,1,EM-DAT (Realistic Simulation),2025-10-18
Myanmar,2021,Flood Events,1,EM-DAT (Realistic Simulation),2025-10-18
Myanmar,2021,Storm Events,0,EM-DAT (Realistic Simulation),2025-10-18
Myanmar,2021,Food Security Impact Score,4.981049014477739,EM-DAT (Realistic Simulation),2025-10-18
Myanmar,2022,Number of Disasters,1,EM-DAT (Realistic Simulation),2025-10-18
Myanmar,2022,Total Affected (people),161785.82374574523,EM-DAT (Realistic Simulation),2025-10-18
Myanmar,2022,Total Damages (USD millions),512.8659241088906,EM-DAT (Realistic Simulation),2025-10-18
Myanmar,2022,Drought Events,0,EM-DAT (Realistic Simulation),2025-10-18
Myanmar,2022,Flood Events,1,EM-DAT (Realistic Simulation),2025-10-18
Myanmar,2022,Storm Events,1,EM-DAT (Realistic Simulation),2025-10-18
Myanmar,2022,Food Security Impact Score,4.577398812243101,EM-DAT (Realistic Simulation),2025-10-18
Myanmar,2023,Number of Disasters,3,EM-DAT (Realistic Simulation),2025-10-18
Myanmar,2023,Total Affected (people),130929.95449506243,EM-DAT (Realistic Simulation),2025-10-18
Myanmar,2023,Total Damages (USD millions),701.212053564996,EM-DAT (Realistic Simulation),2025-10-18
Myanmar,2023,Drought Events,0,EM-DAT (Realistic Simulation),2025-10-18
Myanmar,2023,Flood Events,0,EM-DAT (Realistic Simulation),2025-10-18
Myanmar,2023,Storm Events,0,EM-DAT (Realistic Simulation),2025-10-18
Myanmar,2023,Food Security Impact Score,6.1292303917984,EM-DAT (Realistic Simulation),2025-10-18
Namibia,2020,Number of Disasters,4,EM-DAT (Realistic Simulation),2025-10-18
Namibia,2020,Total Affected (people),0,EM-DAT (Realistic Simulation),2025-10-18
Namibia,2020,Total Damages (USD millions),0,EM-DAT (Realistic Simulation),2025-10-18
Namibia,2020,Drought Events,2,EM-DAT (Realistic Simulation),2025-10-18
Namibia,2020,Flood Events,2,EM-DAT (Realistic Simulation),2025-10-18
Namibia,2020,Storm Events,1,EM-DAT (Realistic Simulation),2025-10-18
Namibia,2020,Food Security Impact Score,1.9056652931216997,EM-DAT (Realistic Simulation),2025-10-18
Namibia,2021,Number of Disasters,0,EM-DAT (Realistic Simulation),2025-10-18
Namibia,2021,Total Affected (people),287108.9416393514,EM-DAT (Realistic Simulation),2025-10-18
Namibia,2021,Total Damages (USD millions),447.87706242192144,EM-DAT (Realistic Simulation),2025-10-18
Namibia,2021,Drought Events,1,EM-DAT (Realistic Simulation),2025-10-18
Namibia,2021,Flood Events,2,EM-DAT (Realistic Simulation),2025-10-18
Namibia,2021,Storm Events,1,EM-DAT (Realistic Simulation),2025-10-18
Namibia,2021,Food Security Impact Score,2.5714858611222686,EM-DAT (Realistic Simulation),2025-10-18
Namibia,2022,Number of Disasters,0,EM-DAT (Realistic Simulation),2025-10-18
Namibia,2022,Total Affected (people),49470.62389263454,EM-DAT (Realistic Simulation),2025-10-18
Namibia,2022,Total Damages (USD millions),574.4187942833032,EM-DAT (Realistic Simulation),2025-10-18
Namibia,2022,Drought Events,2,EM-DAT (Realistic Simulation),2025-10-18
Namibia,2022,Flood Events,0,EM-DAT (Realistic Simulation),2025-10-18
Namibia,2022,Storm Events,1,EM-DAT (Realistic Simulation),2025-10-18
Namibia,2022,Food Security Impact Score,2.178657958066756,EM-DAT (Realistic Simulation),2025-10-18
Namibia,2023,Number of Disasters,1,EM-DAT (Realistic Simulation),2025-10-18
Namibia,2023,Total Affected (people),0,EM-DAT (Realistic Simulation),2025-10-18
Namibia,2023,Total Damages (USD millions),865.0625930915164,EM-DAT (Realistic Simulation),2025-10-18
Namibia,2023,Drought Events,0,EM-DAT (Realistic Simulation),2025-10-18
Namibia,2023,Flood Events,1,EM-DAT (Realistic Simulation),2025-10-18
Namibia,2023,Storm Events,1,EM-DAT (Realistic Simulation),2025-10-18
Namibia,2023,Food Security Impact Score,1.3764161472777399,EM-DAT (Realistic Simulation),2025-10-18
Nauru,2020,Number of Disasters,1,EM-DAT (Realistic Simulation),2025-10-18
Nauru,2020,Total Affected (people),287926.4163053224,EM-DAT (Realistic Simulation),2025-10-18
Nauru,2020,Total Damages (USD millions),1097.3703563189033,EM-DAT (Realistic Simulation),2025-10-18
Nauru,2020,Drought Events,0,EM-DAT (Realistic Simulation),2025-10-18
Nauru,2020,Flood Events,0,EM-DAT (Realistic Simulation),2025-10-18
Nauru,2020,Storm Events,1,EM-DAT (Realistic Simulation),2025-10-18
Nauru,2020,Food Security Impact Score,2.397298727898703,EM-DAT (Realistic Simulation),2025-10-18
Nauru,2021,Number of Disasters,1,EM-DAT (Realistic Simulation),2025-10-18
Nauru,2021,Total Affected (people),0,EM-DAT (Realistic Simulation),2025-10-18
Nauru,2021,Total Damages (USD millions),248.75346300456815,EM-DAT (Realistic Simulation),2025-10-18
Nauru,2021,Drought Events,0,EM-DAT (Realistic Simulation),2025-10-18
Nauru,2021,Flood Events,2,EM-DAT (Realistic Simulation),2025-10-18
Nauru,2021,Storm Events,1,EM-DAT (Realistic Simulation),2025-10-18
Nauru,2021,Food Security Impact Score,2.874888698377205,EM-DAT (Realistic Simulation),2025-10-18
Nauru,2022,Number of Disasters,4,EM-DAT (Realistic Simulation),2025-10-18
Nauru,2022,Total Affected (people),153030.9936677459,EM-DAT (Realistic Simulation),2025-10-18
Nauru,2022,Total Damages (USD millions),917.3455164286156,EM-DAT (Realistic Simulation),2025-10-18
Nauru,2022,Drought Events,1,EM-DAT (Realistic Simulation),2025-10-18
Nauru,2022,Flood Events,0,EM-DAT (Realistic Simulation),2025-10-18
Nauru,2022,Storm Events,0,EM-DAT (Realistic Simulation),2025-10-18
Nauru,2022,Food Security Impact Score,1.4639421962757135,EM-DAT (Realistic Simulation),2025-10-18
Nauru,2023,Number of Disasters,2,EM-DAT (Realistic Simulation),2025-10-18
Nauru,2023,Total Affected (people),89491.76793604708,EM-DAT (Realistic Simulation),2025-10-18
Nauru,2023,Total Damages (USD millions),351.17964684563486,EM-DAT (Realistic Simulation),2025-10-18
Nauru,2023,Drought Events,0,EM-DAT (Realistic Simulation),2025-10-18
Nauru,2023,Flood Events,1,EM-DAT (Realistic Simulation),2025-10-18
Nauru,2023,Storm Events,1,EM-DAT (Realistic Simulation),2025-10-18
Nauru,2023,Food Security Impact Score,2.280798771663951,EM-DAT (Realistic Simulation),2025-10-18
Nepal,2020,Number of Disasters,1,EM-DAT (Realistic Simulation),2025-10-18
Nepal,2020,Total Affected (people),14919.524211681666,EM-DAT (Realistic Simulation),2025-10-18
Nepal,2020,Total Damages (USD millions),402.54471240706994,EM-DAT (Realistic Simulation),2025-10-18
Nepal,2020,Drought Events,1,EM-DAT (Realistic Simulation),2025-10-18
Nepal,2020,Flood Events,0,EM-DAT (Realistic Simulation),2025-10-18
Nepal,2020,Storm Events,0,EM-DAT (Realistic Simulation),2025-10-18
Nepal,2020,Food Security Impact Score,3.369880159426822,EM-DAT (Realistic Simulation),2025-10-18
Nepal,2021,Number of Disasters,1,EM-DAT (Realistic Simulation),2025-10-18
Nepal,2021,Total Affected (people),0,EM-DAT (Realistic Simulation),2025-10-18
Nepal,2021,Total Damages (USD millions),0,EM-DAT (Realistic Simulation),2025-10-18
Nepal,2021,Drought Events,0,EM-DAT (Realistic Simulation),2025-10-18
Nepal,2021,Flood Events,0,EM-DAT (Realistic Simulation),2025-10-18
Nepal,2021,Storm Events,0,EM-DAT (Realistic Simulation),2025-10-18
Nepal,2021,Food Security Impact Score,5.751118818850354,EM-DAT (Realistic Simulation),2025-10-18
Nepal,2022,Number of Disasters,3,EM-DAT (Realistic Simulation),2025-10-18
Nepal,2022,Total Affected (people),0,EM-DAT (Realistic Simulation),2025-10-18
Nepal,2022,Total Damages (USD millions),233.9887027396345,EM-DAT (Realistic Simulation),2025-10-18
Nepal,2022,Drought Events,0,EM-DAT (Realistic Simulation),2025-10-18
Nepal,2022,Flood Events,0,EM-DAT (Realistic Simulation),2025-10-18
Nepal,2022,Storm Events,2,EM-DAT (Realistic Simulation),2025-10-18
Nepal,2022,Food Security Impact Score,0,EM-DAT (Realistic Simulation),2025-10-18
Nepal,2023,Number of Disasters,2,EM-DAT (Realistic Simulation),2025-10-18
Nepal,2023,Total Affected (people),136835.4061324847,EM-DAT (Realistic Simulation),2025-10-18
Nepal,2023,Total Damages (USD millions),0,EM-DAT (Realistic Simulation),2025-10-18
Nepal,2023,Drought Events,0,EM-DAT (Realistic Simulation),2025-10-18
Nepal,2023,Flood Events,2,EM-DAT (Realistic Simulation),2025-10-18
Nepal,2023,Storm Events,3,EM-DAT (Realistic Simulation),2025-10-18
Nepal,2023,Food Security Impact Score,3.1581587692264024,EM-DAT (Realistic Simulation),2025-10-18
Netherlands,2020,Number of Disasters,2,EM-DAT (Realistic Simulation),2025-10-18
Netherlands,2020,Total Affected (people),43218.42002860767,EM-DAT (Realistic Simulation),2025-10-18
Netherlands,2020,Total Damages (USD millions),23.00837783461475,EM-DAT (Realistic Simulation),2025-10-18
Netherlands,2020,Drought Events,0,EM-DAT (Realistic Simulation),2025-10-18
Netherlands,2020,Flood Events,0,EM-DAT (Realistic Simulation),2025-10-18
Netherlands,2020,Storm Events,1,EM-DAT (Realistic Simulation),2025-10-18
Netherlands,2020,Food Security Impact Score,2.7291238328769816,EM-DAT (Realistic Simulation),2025-10-18
Netherlands,2021,Number of Disasters,2,EM-DAT (Realistic Simulation),2025-10-18
Netherlands,2021,Total Affected (people),158103.33697585776,EM-DAT (Realistic Simulation),2025-10-18
Netherlands,2021,Total Damages (USD millions),0,EM-DAT (Realistic Simulation),2025-10-18
Netherlands,2021,Drought Events,1,EM-DAT (Realistic Simulation),2025-10-18
Netherlands,2021,Flood Events,1,EM-DAT (Realistic Simulation),2025-10-18
Netherlands,2021,Storm Events,0,EM-DAT (Realistic Simulation),2025-10-18
Netherlands,2021,Food Security Impact Score,3.9105381629833094,EM-DAT (Realistic Simulation),2025-10-18
Netherlands,2022,Number of Disasters,3,EM-DAT (Realistic Simulation),2025-10-18
Netherlands,2022,Total Affected (people),43382.78459169113,EM-DAT (Realistic Simulation),2025-10-18
Netherlands,2022,Total Damages (USD millions),0,EM-DAT (Realistic Simulation),2025-10-18
Netherlands,2022,Drought Events,0,EM-DAT (Realistic Simulation),2025-10-18
Netherlands,2022,Flood Events,0,EM-DAT (Realistic Simulation),2025-10-18
Netherlands,2022,Storm Events,0,EM-DAT (Realistic Simulation),2025-10-18
Netherlands,2022,Food Security Impact Score,6.657299621851829,EM-DAT (Realistic Simulation),2025-10-18
Netherlands,2023,Number of Disasters,4,EM-DAT (Realistic Simulation),2025-10-18
Netherlands,2023,Total Affected (people),0,EM-DAT (Realistic Simulation),2025-10-18
Netherlands,2023,Total Damages (USD millions),0,EM-DAT (Realistic Simulation),2025-10-18
Netherlands,2023,Drought Events,0,EM-DAT (Realistic Simulation),2025-10-18
Netherlands,2023,Flood Events,1,EM-DAT (Realistic Simulation),2025-10-18
Netherlands,2023,Storm Events,0,EM-DAT (Realistic Simulation),2025-10-18
Netherlands,2023,Food Security Impact Score,2.0893861076830795,EM-DAT (Realistic Simulation),2025-10-18
New Caledonia,2020,Number of Disasters,1,EM-DAT (Realistic Simulation),2025-10-18
New Caledonia,2020,Total Affected (people),206992.31684594232,EM-DAT (Realistic Simulation),2025-10-18
New Caledonia,2020,Total Damages (USD millions),0,EM-DAT (Realistic Simulation),2025-10-18
New Caledonia,2020,Drought Events,1,EM-DAT (Realistic Simulation),2025-10-18
New Caledonia,2020,Flood Events,1,EM-DAT (Realistic Simulation),2025-10-18
New Caledonia,2020,Storm Events,1,EM-DAT (Realistic Simulation),2025-10-18
New Caledonia,2020,Food Security Impact Score,1.98213718126693,EM-DAT (Realistic Simulation),2025-10-18
New Caledonia,2021,Number of Disasters,1,EM-DAT (Realistic Simulation),2025-10-18
New Caledonia,2021,Total Affected (people),0,EM-DAT (Realistic Simulation),2025-10-18
New Caledonia,2021,Total Damages (USD millions),72.55679134793034,EM-DAT (Realistic Simulation),2025-10-18
New Caledonia,2021,Drought Events,1,EM-DAT (Realistic Simulation),2025-10-18
New Caledonia,2021,Flood Events,0,EM-DAT (Realistic Simulation),2025-10-18
New Caledonia,2021,Storm Events,0,EM-DAT (Realistic Simulation),2025-10-18
New Caledonia,2021,Food Security Impact Score,2.3374275163672795,EM-DAT (Realistic Simulation),2025-10-18
New Caledonia,2022,Number of Disasters,3,EM-DAT (Realistic Simulation),2025-10-18
New Caledonia,2022,Total Affected (people),54469.32524609123,EM-DAT (Realistic Simulation),2025-10-18
New Caledonia,2022,Total Damages (USD millions),0,EM-DAT (Realistic Simulation),2025-10-18
New Caledonia,2022,Drought Events,0,EM-DAT (Realistic Simulation),2025-10-18
New Caledonia,2022,Flood Events,0,EM-DAT (Realistic Simulation),2025-10-18
New Caledonia,2022,Storm Events,1,EM-DAT (Realistic Simulation),2025-10-18
New Caledonia,2022,Food Security Impact Score,7.120201318324467,EM-DAT (Realistic Simulation),2025-10-18
New Caledonia,2023,Number of Disasters,1,EM-DAT (Realistic Simulation),2025-10-18
New Caledonia,2023,Total Affected (people),12733.49336552884,EM-DAT (Realistic Simulation),2025-10-18
New Caledonia,2023,Total Damages (USD millions),0,EM-DAT (Realistic Simulation),2025-10-18
New Caledonia,2023,Drought Events,0,EM-DAT (Realistic Simulation),2025-10-18
New Caledonia,2023,Flood Events,2,EM-DAT (Realistic Simulation),2025-10-18
New Caledonia,2023,Storm Events,1,EM-DAT (Realistic Simulation),2025-10-18
New Caledonia,2023,Food Security Impact Score,4.232046158166118,EM-DAT (Realistic Simulation),2025-10-18
New Zealand,2020,Number of Disasters,2,EM-DAT (Realistic Simulation),2025-10-18
New Zealand,2020,Total Affected (people),0,EM-DAT (Realistic Simulation),2025-10-18
New Zealand,2020,Total Damages (USD millions),0,EM-DAT (Realistic Simulation),2025-10-18
New Zealand,2020,Drought Events,1,EM-DAT (Realistic Simulation),2025-10-18
New Zealand,2020,Flood Events,1,EM-DAT (Realistic Simulation),2025-10-18
New Zealand,2020,Storm Events,0,EM-DAT (Realistic Simulation),2025-10-18
New Zealand,2020,Food Security Impact Score,3.6440879319171646,EM-DAT (Realistic Simulation),2025-10-18
New Zealand,2021,Number of Disasters,2,EM-DAT (Realistic Simulation),2025-10-18
New Zealand,2021,Total Affected (people),0,EM-DAT (Realistic Simulation),2025-10-18
New Zealand,2021,Total Damages (USD millions),196.97323662931151,EM-DAT (Realistic Simulation),2025-10-18
New Zealand,2021,Drought Events,0,EM-DAT (Realistic Simulation),2025-10-18
New Zealand,2021,Flood Events,2,EM-DAT (Realistic Simulation),2025-10-18
New Zealand,2021,Storm Events,0,EM-DAT (Realistic Simulation),2025-10-18
New Zealand,2021,Food Security Impact Score,3.6630571969735906,EM-DAT (Realistic Simulation),2025-10-18
New Zealand,2022,Number of Disasters,0,EM-DAT (Realistic Simulation),2025-10-18
New Zealand,2022,Total Affected (people),0,EM-DAT (Realistic Simulation),2025-10-18
New Zealand,2022,Total Damages (USD millions),262.3164237012538,EM-DAT (Realistic Simulation),2025-10-18
New Zealand,2022,Drought Events,1,EM-DAT (Realistic Simulation),2025-10-18
New Zealand,2022,Flood Events,0,EM-DAT (Realistic Simulation),2025-10-18
New Zealand,2022,Storm Events,2,EM-DAT (Realistic Simulation),2025-10-18
New Zealand,2022,Food Security Impact Score,1.9768328070809293,EM-DAT (Realistic Simulation),2025-10-18
New Zealand,2023,Number of Disasters,2,EM-DAT (Realistic Simulation),2025-10-18
New Zealand,2023,Total Affected (people),215074.2513769234,EM-DAT (Realistic Simulation),2025-10-18
New Zealand,2023,Total Damages (USD millions),0,EM-DAT (Realistic Simulation),2025-10-18
New Zealand,2023,Drought Events,1,EM-DAT (Realistic Simulation),2025-10-18
New Zealand,2023,Flood Events,0,EM-DAT (Realistic Simulation),2025-10-18
New Zealand,2023,Storm Events,1,EM-DAT (Realistic Simulation),2025-10-18
New Zealand,2023,Food Security Impact Score,3.7156221937011784,EM-DAT (Realistic Simulation),2025-10-18
Nicaragua,2020,Number of Disasters,1,EM-DAT (Realistic Simulation),2025-10-18
Nicaragua,2020,Total Affected (people),71026.79065329577,EM-DAT (Realistic Simulation),2025-10-18
Nicaragua,2020,Total Damages (USD millions),385.05163972239023,EM-DAT (Realistic Simulation),2025-10-18
Nicaragua,2020,Drought Events,1,EM-DAT (Realistic Simulation),2025-10-18
Nicaragua,2020,Flood Events,0,EM-DAT (Realistic Simulation),2025-10-18
Nicaragua,2020,Storm Events,3,EM-DAT (Realistic Simulation),2025-10-18
Nicaragua,2020,Food Security Impact Score,1.5529218526599686,EM-DAT (Realistic Simulation),2025-10-18
Nicaragua,2021,Number of Disasters,0,EM-DAT (Realistic Simulation),2025-10-18
Nicaragua,2021,Total Affected (people),0,EM-DAT (Realistic Simulation),2025-10-18
Nicaragua,2021,Total Damages (USD millions),1189.583247215669,EM-DAT (Realistic Simulation),2025-10-18
Nicaragua,2021,Drought Events,0,EM-DAT (Realistic Simulation),2025-10-18
Nicaragua,2021,Flood Events,0,EM-DAT (Realistic Simulation),2025-10-18
Nicaragua,2021,Storm Events,0,EM-DAT (Realistic Simulation),2025-10-18
Nicaragua,2021,Food Security Impact Score,5.068142822380928,EM-DAT (Realistic Simulation),2025-10-18
Nicaragua,2022,Number of Disasters,1,EM-DAT (Realistic Simulation),2025-10-18
Nicaragua,2022,Total Affected (people),124538.07153588775,EM-DAT (Realistic Simulation),2025-10-18
Nicaragua,2022,Total Damages (USD millions),0,EM-DAT (Realistic Simulation),2025-10-18
Nicaragua,2022,Drought Events,0,EM-DAT (Realistic Simulation),2025-10-18
Nicaragua,2022,Flood Events,2,EM-DAT (Realistic Simulation),2025-10-18
Nicaragua,2022,Storm Events,1,EM-DAT (Realistic Simulation),2025-10-18
Nicaragua,2022,Food Security Impact Score,2.104113229444718,EM-DAT (Realistic Simulation),2025-10-18
Nicaragua,2023,Number of Disasters,0,EM-DAT (Realistic Simulation),2025-10-18
Nicaragua,2023,Total Affected (people),0,EM-DAT (Realistic Simulation),2025-10-18
Nicaragua,2023,Total Damages (USD millions),296.2711097961386,EM-DAT (Realistic Simulation),2025-10-18
Nicaragua,2023,Drought Events,0,EM-DAT (Realistic Simulation),2025-10-18
Nicaragua,2023,Flood Events,1,EM-DAT (Realistic Simulation),2025-10-18
Nicaragua,2023,Storm Events,1,EM-DAT (Realistic Simulation),2025-10-18
Nicaragua,2023,Food Security Impact Score,3.9427267890084137,EM-DAT (Realistic Simulation),2025-10-18
Niger,2020,Number of Disasters,0,EM-DAT (Realistic Simulation),2025-10-18
Niger,2020,Total Affected (people),7035.839753025968,EM-DAT (Realistic Simulation),2025-10-18
Niger,2020,Total Damages (USD millions),0,EM-DAT (Realistic Simulation),2025-10-18
Niger,2020,Drought Events,1,EM-DAT (Realistic Simulation),2025-10-18
Niger,2020,Flood Events,2,EM-DAT (Realistic Simulation),2025-10-18
Niger,2020,Storm Events,1,EM-DAT (Realistic Simulation),2025-10-18
Niger,2020,Food Security Impact Score,1.8229609781379916,EM-DAT (Realistic Simulation),2025-10-18
Niger,2021,Number of Disasters,3,EM-DAT (Realistic Simulation),2025-10-18
Niger,2021,Total Affected (people),131884.87853593755,EM-DAT (Realistic Simulation),2025-10-18
Niger,2021,Total Damages (USD millions),714.293389089548,EM-DAT (Realistic Simulation),2025-10-18
Niger,2021,Drought Events,0,EM-DAT (Realistic Simulation),2025-10-18
Niger,2021,Flood Events,1,EM-DAT (Realistic Simulation),2025-10-18
Niger,2021,Storm Events,0,EM-DAT (Realistic Simulation),2025-10-18
Niger,2021,Food Security Impact Score,1.7584634888470723,EM-DAT (Realistic Simulation),2025-10-18
Niger,2022,Number of Disasters,2,EM-DAT (Realistic Simulation),2025-10-18
Niger,2022,Total Affected (people),0,EM-DAT (Realistic Simulation),2025-10-18
Niger,2022,Total Damages (USD millions),109.70937058865812,EM-DAT (Realistic Simulation),2025-10-18
Niger,2022,Drought Events,1,EM-DAT (Realistic Simulation),2025-10-18
Niger,2022,Flood Events,0,EM-DAT (Realistic Simulation),2025-10-18
Niger,2022,Storm Events,1,EM-DAT (Realistic Simulation),2025-10-18
Niger,2022,Food Security Impact Score,0.3135843860460845,EM-DAT (Realistic Simulation),2025-10-18
Niger,2023,Number of Disasters,1,EM-DAT (Realistic Simulation),2025-10-18
Niger,2023,Total Affected (people),58866.13325854949,EM-DAT (Realistic Simulation),2025-10-18
Niger,2023,Total Damages (USD millions),993.8550677265899,EM-DAT (Realistic Simulation),2025-10-18
Niger,2023,Drought Events,0,EM-DAT (Realistic Simulation),2025-10-18
Niger,2023,Flood Events,2,EM-DAT (Realistic Simulation),2025-10-18
Niger,2023,Storm Events,0,EM-DAT (Realistic Simulation),2025-10-18
Niger,2023,Food Security Impact Score,5.4980561638460355,EM-DAT (Realistic Simulation),2025-10-18
Nigeria,2020,Number of Disasters,3,EM-DAT (Realistic Simulation),2025-10-18
Nigeria,2020,Total Affected (people),126912.3070054012,EM-DAT (Realistic Simulation),2025-10-18
Nigeria,2020,Total Damages (USD millions),0,EM-DAT (Realistic Simulation),2025-10-18
Nigeria,2020,Drought Events,0,EM-DAT (Realistic Simulation),2025-10-18
Nigeria,2020,Flood Events,1,EM-DAT (Realistic Simulation),2025-10-18
Nigeria,2020,Storm Events,0,EM-DAT (Realistic Simulation),2025-10-18
Nigeria,2020,Food Security Impact Score,0.37655732810376064,EM-DAT (Realistic Simulation),2025-10-18
Nigeria,2021,Number of Disasters,1,EM-DAT (Realistic Simulation),2025-10-18
Nigeria,2021,Total Affected (people),110777.67256457296,EM-DAT (Realistic Simulation),2025-10-18
Nigeria,2021,Total Damages (USD millions),43.91030584561515,EM-DAT (Realistic Simulation),2025-10-18
Nigeria,2021,Drought Events,1,EM-DAT (Realistic Simulation),2025-10-18
Nigeria,2021,Flood Events,1,EM-DAT (Realistic Simulation),2025-10-18
Nigeria,2021,Storm Events,1,EM-DAT (Realistic Simulation),2025-10-18
Nigeria,2021,Food Security Impact Score,0.8789108705476556,EM-DAT (Realistic Simulation),2025-10-18
Nigeria,2022,Number of Disasters,2,EM-DAT (Realistic Simulation),2025-10-18
Nigeria,2022,Total Affected (people),141608.51909711646,EM-DAT (Realistic Simulation),2025-10-18
Nigeria,2022,Total Damages (USD millions),780.0968602257175,EM-DAT (Realistic Simulation),2025-10-18
Nigeria,2022,Drought Events,1,EM-DAT (Realistic Simulation),2025-10-18
Nigeria,2022,Flood Events,2,EM-DAT (Realistic Simulation),2025-10-18
Nigeria,2022,Storm Events,2,EM-DAT (Realistic Simulation),2025-10-18
Nigeria,2022,Food Security Impact Score,1.4868478588721163,EM-DAT (Realistic Simulation),2025-10-18
Nigeria,2023,Number of Disasters,3,EM-DAT (Realistic Simulation),2025-10-18
Nigeria,2023,Total Affected (people),253508.482694343,EM-DAT (Realistic Simulation),2025-10-18
Nigeria,2023,Total Damages (USD millions),522.279274113049,EM-DAT (Realistic Simulation),2025-10-18
Nigeria,2023,Drought Events,0,EM-DAT (Realistic Simulation),2025-10-18
Nigeria,2023,Flood Events,1,EM-DAT (Realistic Simulation),2025-10-18
Nigeria,2023,Storm Events,2,EM-DAT (Realistic Simulation),2025-10-18
Nigeria,2023,Food Security Impact Score,0,EM-DAT (Realistic Simulation),2025-10-18
North America,2020,Number of Disasters,3,EM-DAT (Realistic Simulation),2025-10-18
North America,2020,Total Affected (people),62877.80841141172,EM-DAT (Realistic Simulation),2025-10-18
North America,2020,Total Damages (USD millions),0,EM-DAT (Realistic Simulation),2025-10-18
North America,2020,Drought Events,0,EM-DAT (Realistic Simulation),2025-10-18
North America,2020,Flood Events,1,EM-DAT (Realistic Simulation),2025-10-18
North America,2020,Storm Events,1,EM-DAT (Realistic Simulation),2025-10-18
North America,2020,Food Security Impact Score,2.43652017092937,EM-DAT (Realistic Simulation),2025-10-18
North America,2021,Number of Disasters,0,EM-DAT (Realistic Simulation),2025-10-18
North America,2021,Total Affected (people),169776.58508236532,EM-DAT (Realistic Simulation),2025-10-18
North America,2021,Total Damages (USD millions),220.1289700235031,EM-DAT (Realistic Simulation),2025-10-18
North America,2021,Drought Events,1,EM-DAT (Realistic Simulation),2025-10-18
North America,2021,Flood Events,0,EM-DAT (Realistic Simulation),2025-10-18
North America,2021,Storm Events,0,EM-DAT (Realistic Simulation),2025-10-18
North America,2021,Food Security Impact Score,4.967155271385688,EM-DAT (Realistic Simulation),2025-10-18
North America,2022,Number of Disasters,2,EM-DAT (Realistic Simulation),2025-10-18
North America,2022,Total Affected (people),230928.99322426063,EM-DAT (Realistic Simulation),2025-10-18
North America,2022,Total Damages (USD millions),523.3077378401757,EM-DAT (Realistic Simulation),2025-10-18
North America,2022,Drought Events,0,EM-DAT (Realistic Simulation),2025-10-18
North America,2022,Flood Events,0,EM-DAT (Realistic Simulation),2025-10-18
North America,2022,Storm Events,1,EM-DAT (Realistic Simulation),2025-10-18
North America,2022,Food Security Impact Score,1.610086491779348,EM-DAT (Realistic Simulation),2025-10-18
North America,2023,Number of Disasters,3,EM-DAT (Realistic Simulation),2025-10-18
North America,2023,Total Affected (people),28180.61707293183,EM-DAT (Realistic Simulation),2025-10-18
North America,2023,Total Damages (USD millions),713.3258808906425,EM-DAT (Realistic Simulation),2025-10-18
North America,2023,Drought Events,1,EM-DAT (Realistic Simulation),2025-10-18
North America,2023,Flood Events,0,EM-DAT (Realistic Simulation),2025-10-18
North America,2023,Storm Events,3,EM-DAT (Realistic Simulation),2025-10-18
North America,2023,Food Security Impact Score,4.248400481519731,EM-DAT (Realistic Simulation),2025-10-18
North Macedonia,2020,Number of Disasters,3,EM-DAT (Realistic Simulation),2025-10-18
North Macedonia,2020,Total Affected (people),159918.67035739328,EM-DAT (Realistic Simulation),2025-10-18
North Macedonia,2020,Total Damages (USD millions),973.7788941092695,EM-DAT (Realistic Simulation),2025-10-18
North Macedonia,2020,Drought Events,0,EM-DAT (Realistic Simulation),2025-10-18
North Macedonia,2020,Flood Events,1,EM-DAT (Realistic Simulation),2025-10-18
North Macedonia,2020,Storm Events,2,EM-DAT (Realistic Simulation),2025-10-18
North Macedonia,2020,Food Security Impact Score,6.037350927719075,EM-DAT (Realistic Simulation),2025-10-18
North Macedonia,2021,Number of Disasters,2,EM-DAT (Realistic Simulation),2025-10-18
North Macedonia,2021,Total Affected (people),0,EM-DAT (Realistic Simulation),2025-10-18
North Macedonia,2021,Total Damages (USD millions),418.51786091582824,EM-DAT (Realistic Simulation),2025-10-18
North Macedonia,2021,Drought Events,0,EM-DAT (Realistic Simulation),2025-10-18
North Macedonia,2021,Flood Events,0,EM-DAT (Realistic Simulation),2025-10-18
North Macedonia,2021,Storm Events,0,EM-DAT (Realistic Simulation),2025-10-18
North Macedonia,2021,Food Security Impact Score,1.0218037094279735,EM-DAT (Realistic Simulation),2025-10-18
North Macedonia,2022,Number of Disasters,2,EM-DAT (Realistic Simulation),2025-10-18
North Macedonia,2022,Total Affected (people),25610.186706859487,EM-DAT (Realistic Simulation),2025-10-18
North Macedonia,2022,Total Damages (USD millions),510.71863384134735,EM-DAT (Realistic Simulation),2025-10-18
North Macedonia,2022,Drought Events,0,EM-DAT (Realistic Simulation),2025-10-18
North Macedonia,2022,Flood Events,0,EM-DAT (Realistic Simulation),2025-10-18
North Macedonia,2022,Storm Events,0,EM-DAT (Realistic Simulation),2025-10-18
North Macedonia,2022,Food Security Impact Score,2.334999117657529,EM-DAT (Realistic Simulation),2025-10-18
North Macedonia,2023,Number of Disasters,1,EM-DAT (Realistic Simulation),2025-10-18
North Macedonia,2023,Total Affected (people),0,EM-DAT (Realistic Simulation),2025-10-18
North Macedonia,2023,Total Damages (USD millions),0,EM-DAT (Realistic Simulation),2025-10-18
North Macedonia,2023,Drought Events,0,EM-DAT (Realistic Simulation),2025-10-18
North Macedonia,2023,Flood Events,1,EM-DAT (Realistic Simulation),2025-10-18
North Macedonia,2023,Storm Events,1,EM-DAT (Realistic Simulation),2025-10-18
North Macedonia,2023,Food Security Impact Score,3.8995786978876175,EM-DAT (Realistic Simulation),2025-10-18
Northern Mariana Islands,2020,Number of Disasters,1,EM-DAT (Realistic Simulation),2025-10-18
Northern Mariana Islands,2020,Total Affected (people),160628.1559723874,EM-DAT (Realistic Simulation),2025-10-18
Northern Mariana Islands,2020,Total Damages (USD millions),275.0180922310895,EM-DAT (Realistic Simulation),2025-10-18
Northern Mariana Islands,2020,Drought Events,0,EM-DAT (Realistic Simulation),2025-10-18
Northern Mariana Islands,2020,Flood Events,0,EM-DAT (Realistic Simulation),2025-10-18
Northern Mariana Islands,2020,Storm Events,0,EM-DAT (Realistic Simulation),2025-10-18
Northern Mariana Islands,2020,Food Security Impact Score,4.230235048845088,EM-DAT (Realistic Simulation),2025-10-18
Northern Mariana Islands,2021,Number of Disasters,0,EM-DAT (Realistic Simulation),2025-10-18
Northern Mariana Islands,2021,Total Affected (people),94707.06551934214,EM-DAT (Realistic Simulation),2025-10-18
Northern Mariana Islands,2021,Total Damages (USD millions),180.30926169059288,EM-DAT (Realistic Simulation),2025-10-18
Northern Mariana Islands,2021,Drought Events,0,EM-DAT (Realistic Simulation),2025-10-18
Northern Mariana Islands,2021,Flood Events,1,EM-DAT (Realistic Simulation),2025-10-18
Northern Mariana Islands,2021,Storm Events,0,EM-DAT (Realistic Simulation),2025-10-18
Northern Mariana Islands,2021,Food Security Impact Score,2.559784461703458,EM-DAT (Realistic Simulation),2025-10-18
Northern Mariana Islands,2022,Number of Disasters,2,EM-DAT (Realistic Simulation),2025-10-18
Northern Mariana Islands,2022,Total Affected (people),130804.56707839928,EM-DAT (Realistic Simulation),2025-10-18
Northern Mariana Islands,2022,Total Damages (USD millions),454.74288885546315,EM-DAT (Realistic Simulation),2025-10-18
Northern Mariana Islands,2022,Drought Events,0,EM-DAT (Realistic Simulation),2025-10-18
Northern Mariana Islands,2022,Flood Events,0,EM-DAT (Realistic Simulation),2025-10-18
Northern Mariana Islands,2022,Storm Events,3,EM-DAT (Realistic Simulation),2025-10-18
Northern Mariana Islands,2022,Food Security Impact Score,3.6650881403011115,EM-DAT (Realistic Simulation),2025-10-18
Northern Mariana Islands,2023,Number of Disasters,2,EM-DAT (Realistic Simulation),2025-10-18
Northern Mariana Islands,2023,Total Affected (people),231734.08584496885,EM-DAT (Realistic Simulation),2025-10-18
Northern Mariana Islands,2023,Total Damages (USD millions),179.1291944856842,EM-DAT (Realistic Simulation),2025-10-18
Northern Mariana Islands,2023,Drought Events,0,EM-DAT (Realistic Simulation),2025-10-18
Northern Mariana Islands,2023,Flood Events,1,EM-DAT (Realistic Simulation),2025-10-18
Northern Mariana Islands,2023,Storm Events,0,EM-DAT (Realistic Simulation),2025-10-18
Northern Mariana Islands,2023,Food Security Impact Score,4.398045676149259,EM-DAT (Realistic Simulation),2025-10-18
Norway,2020,Number of Disasters,2,EM-DAT (Realistic Simulation),2025-10-18
Norway,2020,Total Affected (people),75382.05331608663,EM-DAT (Realistic Simulation),2025-10-18
Norway,2020,Total Damages (USD millions),453.20998438211336,EM-DAT (Realistic Simulation),2025-10-18
Norway,2020,Drought Events,1,EM-DAT (Realistic Simulation),2025-10-18
Norway,2020,Flood Events,2,EM-DAT (Realistic Simulation),2025-10-18
Norway,2020,Storm Events,1,EM-DAT (Realistic Simulation),2025-10-18
Norway,2020,Food Security Impact Score,5.228425051615872,EM-DAT (Realistic Simulation),2025-10-18
Norway,2021,Number of Disasters,2,EM-DAT (Realistic Simulation),2025-10-18
Norway,2021,Total Affected (people),0,EM-DAT (Realistic Simulation),2025-10-18
Norway,2021,Total Damages (USD millions),0,EM-DAT (Realistic Simulation),2025-10-18
Norway,2021,Drought Events,0,EM-DAT (Realistic Simulation),2025-10-18
Norway,2021,Flood Events,0,EM-DAT (Realistic Simulation),2025-10-18
Norway,2021,Storm Events,1,EM-DAT (Realistic Simulation),2025-10-18
Norway,2021,Food Security Impact Score,3.5489800756864733,EM-DAT (Realistic Simulation),2025-10-18
Norway,2022,Number of Disasters,4,EM-DAT (Realistic Simulation),2025-10-18
Norway,2022,Total Affected (people),0,EM-DAT (Realistic Simulation),2025-10-18
Norway,2022,Total Damages (USD millions),0,EM-DAT (Realistic Simulation),2025-10-18
Norway,2022,Drought Events,0,EM-DAT (Realistic Simulation),2025-10-18
Norway,2022,Flood Events,0,EM-DAT (Realistic Simulation),2025-10-18
Norway,2022,Storm Events,0,EM-DAT (Realistic Simulation),2025-10-18
Norway,2022,Food Security Impact Score,2.059573866106554,EM-DAT (Realistic Simulation),2025-10-18
Norway,2023,Number of Disasters,6,EM-DAT (Realistic Simulation),2025-10-18
Norway,2023,Total Affected (people),79198.48763303642,EM-DAT (Realistic Simulation),2025-10-18
Norway,2023,Total Damages (USD millions),242.52517732336656,EM-DAT (Realistic Simulation),2025-10-18
Norway,2023,Drought Events,0,EM-DAT (Realistic Simulation),2025-10-18
Norway,2023,Flood Events,1,EM-DAT (Realistic Simulation),2025-10-18
Norway,2023,Storm Events,1,EM-DAT (Realistic Simulation),2025-10-18
Norway,2023,Food Security Impact Score,3.5618669342553697,EM-DAT (Realistic Simulation),2025-10-18
Not classified,2020,Number of Disasters,2,EM-DAT (Realistic Simulation),2025-10-18
Not classified,2020,Total Affected (people),157213.3207915518,EM-DAT (Realistic Simulation),2025-10-18
Not classified,2020,Total Damages (USD millions),0,EM-DAT (Realistic Simulation),2025-10-18
Not classified,2020,Drought Events,3,EM-DAT (Realistic Simulation),2025-10-18
Not classified,2020,Flood Events,3,EM-DAT (Realistic Simulation),2025-10-18
Not classified,2020,Storm Events,1,EM-DAT (Realistic Simulation),2025-10-18
Not classified,2020,Food Security Impact Score,2.89513911298451,EM-DAT (Realistic Simulation),2025-10-18
Not classified,2021,Number of Disasters,3,EM-DAT (Realistic Simulation),2025-10-18
Not classified,2021,Total Affected (people),67643.08091683412,EM-DAT (Realistic Simulation),2025-10-18
Not classified,2021,Total Damages (USD millions),453.7905334407729,EM-DAT (Realistic Simulation),2025-10-18
Not classified,2021,Drought Events,0,EM-DAT (Realistic Simulation),2025-10-18
Not classified,2021,Flood Events,0,EM-DAT (Realistic Simulation),2025-10-18
Not classified,2021,Storm Events,1,EM-DAT (Realistic Simulation),2025-10-18
Not classified,2021,Food Security Impact Score,1.463939895654474,EM-DAT (Realistic Simulation),2025-10-18
Not classified,2022,Number of Disasters,1,EM-DAT (Realistic Simulation),2025-10-18
Not classified,2022,Total Affected (people),104756.79737562808,EM-DAT (Realistic Simulation),2025-10-18
Not classified,2022,Total Damages (USD millions),345.89964984915696,EM-DAT (Realistic Simulation),2025-10-18
Not classified,2022,Drought Events,0,EM-DAT (Realistic Simulation),2025-10-18
Not classified,2022,Flood Events,1,EM-DAT (Realistic Simulation),2025-10-18
Not classified,2022,Storm Events,0,EM-DAT (Realistic Simulation),2025-10-18
Not classified,2022,Food Security Impact Score,0,EM-DAT (Realistic Simulation),2025-10-18
Not classified,2023,Number of Disasters,2,EM-DAT (Realistic Simulation),2025-10-18
Not classified,2023,Total Affected (people),5801.279831401283,EM-DAT (Realistic Simulation),2025-10-18
Not classified,2023,Total Damages (USD millions),0,EM-DAT (Realistic Simulation),2025-10-18
Not classified,2023,Drought Events,0,EM-DAT (Realistic Simulation),2025-10-18
Not classified,2023,Flood Events,0,EM-DAT (Realistic Simulation),2025-10-18
Not classified,2023,Storm Events,2,EM-DAT (Realistic Simulation),2025-10-18
Not classified,2023,Food Security Impact Score,1.8445117728728617,EM-DAT (Realistic Simulation),2025-10-18
OECD members,2020,Number of Disasters,1,EM-DAT (Realistic Simulation),2025-10-18
OECD members,2020,Total Affected (people),97328.87962926764,EM-DAT (Realistic Simulation),2025-10-18
OECD members,2020,Total Damages (USD millions),0,EM-DAT (Realistic Simulation),2025-10-18
OECD members,2020,Drought Events,0,EM-DAT (Realistic Simulation),2025-10-18
OECD members,2020,Flood Events,1,EM-DAT (Realistic Simulation),2025-10-18
OECD members,2020,Storm Events,0,EM-DAT (Realistic Simulation),2025-10-18
OECD members,2020,Food Security Impact Score,1.8668346667539188,EM-DAT (Realistic Simulation),2025-10-18
OECD members,2021,Number of Disasters,1,EM-DAT (Realistic Simulation),2025-10-18
OECD members,2021,Total Affected (people),131774.64913374596,EM-DAT (Realistic Simulation),2025-10-18
OECD members,2021,Total Damages (USD millions),0,EM-DAT (Realistic Simulation),2025-10-18
OECD members,2021,Drought Events,0,EM-DAT (Realistic Simulation),2025-10-18
OECD members,2021,Flood Events,1,EM-DAT (Realistic Simulation),2025-10-18
OECD members,2021,Storm Events,0,EM-DAT (Realistic Simulation),2025-10-18
OECD members,2021,Food Security Impact Score,5.6715923845197675,EM-DAT (Realistic Simulation),2025-10-18
OECD members,2022,Number of Disasters,4,EM-DAT (Realistic Simulation),2025-10-18
OECD members,2022,Total Affected (people),19879.91526079504,EM-DAT (Realistic Simulation),2025-10-18
OECD members,2022,Total Damages (USD millions),0,EM-DAT (Realistic Simulation),2025-10-18
OECD members,2022,Drought Events,1,EM-DAT (Realistic Simulation),2025-10-18
OECD members,2022,Flood Events,1,EM-DAT (Realistic Simulation),2025-10-18
OECD members,2022,Storm Events,0,EM-DAT (Realistic Simulation),2025-10-18
OECD members,2022,Food Security Impact Score,3.6668300261542215,EM-DAT (Realistic Simulation),2025-10-18
OECD members,2023,Number of Disasters,2,EM-DAT (Realistic Simulation),2025-10-18
OECD members,2023,Total Affected (people),0,EM-DAT (Realistic Simulation),2025-10-18
OECD members,2023,Total Damages (USD millions),0,EM-DAT (Realistic Simulation),2025-10-18
OECD members,2023,Drought Events,0,EM-DAT (Realistic Simulation),2025-10-18
OECD members,2023,Flood Events,1,EM-DAT (Realistic Simulation),2025-10-18
OECD members,2023,Storm Events,2,EM-DAT (Realistic Simulation),2025-10-18
OECD members,2023,Food Security Impact Score,3.9684838251337804,EM-DAT (Realistic Simulation),2025-10-18
Oman,2020,Number of Disasters,4,EM-DAT (Realistic Simulation),2025-10-18
Oman,2020,Total Affected (people),33035.4076089907,EM-DAT (Realistic Simulation),2025-10-18
Oman,2020,Total Damages (USD millions),0,EM-DAT (Realistic Simulation),2025-10-18
Oman,2020,Drought Events,1,EM-DAT (Realistic Simulation),2025-10-18
Oman,2020,Flood Events,0,EM-DAT (Realistic Simulation),2025-10-18
Oman,2020,Storm Events,1,EM-DAT (Realistic Simulation),2025-10-18
Oman,2020,Food Security Impact Score,2.817763730595778,EM-DAT (Realistic Simulation),2025-10-18
Oman,2021,Number of Disasters,1,EM-DAT (Realistic Simulation),2025-10-18
Oman,2021,Total Affected (people),0,EM-DAT (Realistic Simulation),2025-10-18
Oman,2021,Total Damages (USD millions),498.3102750020774,EM-DAT (Realistic Simulation),2025-10-18
Oman,2021,Drought Events,0,EM-DAT (Realistic Simulation),2025-10-18
Oman,2021,Flood Events,0,EM-DAT (Realistic Simulation),2025-10-18
Oman,2021,Storm Events,1,EM-DAT (Realistic Simulation),2025-10-18
Oman,2021,Food Security Impact Score,5.777975594384396,EM-DAT (Realistic Simulation),2025-10-18
Oman,2022,Number of Disasters,2,EM-DAT (Realistic Simulation),2025-10-18
Oman,2022,Total Affected (people),58338.85221579546,EM-DAT (Realistic Simulation),2025-10-18
Oman,2022,Total Damages (USD millions),0,EM-DAT (Realistic Simulation),2025-10-18
Oman,2022,Drought Events,0,EM-DAT (Realistic Simulation),2025-10-18
Oman,2022,Flood Events,1,EM-DAT (Realistic Simulation),2025-10-18
Oman,2022,Storm Events,1,EM-DAT (Realistic Simulation),2025-10-18
Oman,2022,Food Security Impact Score,3.199441677675456,EM-DAT (Realistic Simulation),2025-10-18
Oman,2023,Number of Disasters,2,EM-DAT (Realistic Simulation),2025-10-18
Oman,2023,Total Affected (people),120451.13517033072,EM-DAT (Realistic Simulation),2025-10-18
Oman,2023,Total Damages (USD millions),148.65640788449554,EM-DAT (Realistic Simulation),2025-10-18
Oman,2023,Drought Events,0,EM-DAT (Realistic Simulation),2025-10-18
Oman,2023,Flood Events,0,EM-DAT (Realistic Simulation),2025-10-18
Oman,2023,Storm Events,0,EM-DAT (Realistic Simulation),2025-10-18
Oman,2023,Food Security Impact Score,3.782169254115607,EM-DAT (Realistic Simulation),2025-10-18
Other small states,2020,Number of Disasters,3,EM-DAT (Realistic Simulation),2025-10-18
Other small states,2020,Total Affected (people),325372.06749501714,EM-DAT (Realistic Simulation),2025-10-18
Other small states,2020,Total Damages (USD millions),0,EM-DAT (Realistic Simulation),2025-10-18
Other small states,2020,Drought Events,2,EM-DAT (Realistic Simulation),2025-10-18
Other small states,2020,Flood Events,1,EM-DAT (Realistic Simulation),2025-10-18
Other small states,2020,Storm Events,0,EM-DAT (Realistic Simulation),2025-10-18
Other small states,2020,Food Security Impact Score,3.683982666686865,EM-DAT (Realistic Simulation),2025-10-18
Other small states,2021,Number of Disasters,1,EM-DAT (Realistic Simulation),2025-10-18
Other small states,2021,Total Affected (people),0,EM-DAT (Realistic Simulation),2025-10-18
Other small states,2021,Total Damages (USD millions),0,EM-DAT (Realistic Simulation),2025-10-18
Other small states,2021,Drought Events,1,EM-DAT (Realistic Simulation),2025-10-18
Other small states,2021,Flood Events,2,EM-DAT (Realistic Simulation),2025-10-18
Other small states,2021,Storm Events,0,EM-DAT (Realistic Simulation),2025-10-18
Other small states,2021,Food Security Impact Score,3.588969704946602,EM-DAT (Realistic Simulation),2025-10-18
Other small states,2022,Number of Disasters,1,EM-DAT (Realistic Simulation),2025-10-18
Other small states,2022,Total Affected (people),0,EM-DAT (Realistic Simulation),2025-10-18
Other small states,2022,Total Damages (USD millions),643.9597441730613,EM-DAT (Realistic Simulation),2025-10-18
Other small states,2022,Drought Events,0,EM-DAT (Realistic Simulation),2025-10-18
Other small states,2022,Flood Events,0,EM-DAT (Realistic Simulation),2025-10-18
Other small states,2022,Storm Events,0,EM-DAT (Realistic Simulation),2025-10-18
Other small states,2022,Food Security Impact Score,2.156025783914246,EM-DAT (Realistic Simulation),2025-10-18
Other small states,2023,Number of Disasters,2,EM-DAT (Realistic Simulation),2025-10-18
Other small states,2023,Total Affected (people),208606.34273611248,EM-DAT (Realistic Simulation),2025-10-18
Other small states,2023,Total Damages (USD millions),0,EM-DAT (Realistic Simulation),2025-10-18
Other small states,2023,Drought Events,0,EM-DAT (Realistic Simulation),2025-10-18
Other small states,2023,Flood Events,0,EM-DAT (Realistic Simulation),2025-10-18
Other small states,2023,Storm Events,1,EM-DAT (Realistic Simulation),2025-10-18
Other small states,2023,Food Security Impact Score,6.582398965989639,EM-DAT (Realistic Simulation),2025-10-18
Pacific island small states,2020,Number of Disasters,0,EM-DAT (Realistic Simulation),2025-10-18
Pacific island small states,2020,Total Affected (people),106668.28558576878,EM-DAT (Realistic Simulation),2025-10-18
Pacific island small states,2020,Total Damages (USD millions),679.2960921499003,EM-DAT (Realistic Simulation),2025-10-18
Pacific island small states,2020,Drought Events,0,EM-DAT (Realistic Simulation),2025-10-18
Pacific island small states,2020,Flood Events,0,EM-DAT (Realistic Simulation),2025-10-18
Pacific island small states,2020,Storm Events,0,EM-DAT (Realistic Simulation),2025-10-18
Pacific island small states,2020,Food Security Impact Score,4.842723075800347,EM-DAT (Realistic Simulation),2025-10-18
Pacific island small states,2021,Number of Disasters,1,EM-DAT (Realistic Simulation),2025-10-18
Pacific island small states,2021,Total Affected (people),0,EM-DAT (Realistic Simulation),2025-10-18
Pacific island small states,2021,Total Damages (USD millions),253.77696955972525,EM-DAT (Realistic Simulation),2025-10-18
Pacific island small states,2021,Drought Events,0,EM-DAT (Realistic Simulation),2025-10-18
Pacific island small states,2021,Flood Events,1,EM-DAT (Realistic Simulation),2025-10-18
Pacific island small states,2021,Storm Events,2,EM-DAT (Realistic Simulation),2025-10-18
Pacific island small states,2021,Food Security Impact Score,1.9210808113226054,EM-DAT (Realistic Simulation),2025-10-18
Pacific island small states,2022,Number of Disasters,1,EM-DAT (Realistic Simulation),2025-10-18
Pacific island small states,2022,Total Affected (people),94981.88876862032,EM-DAT (Realistic Simulation),2025-10-18
Pacific island small states,2022,Total Damages (USD millions),408.4922694674094,EM-DAT (Realistic Simulation),2025-10-18
Pacific island small states,2022,Drought Events,1,EM-DAT (Realistic Simulation),2025-10-18
Pacific island small states,2022,Flood Events,2,EM-DAT (Realistic Simulation),2025-10-18
Pacific island small states,2022,Storm Events,0,EM-DAT (Realistic Simulation),2025-10-18
Pacific island small states,2022,Food Security Impact Score,0.19383993476347428,EM-DAT (Realistic Simulation),2025-10-18
Pacific island small states,2023,Number of Disasters,4,EM-DAT (Realistic Simulation),2025-10-18
Pacific island small states,2023,Total Affected (people),27168.07091046336,EM-DAT (Realistic Simulation),2025-10-18
Pacific island small states,2023,Total Damages (USD millions),515.3171348361216,EM-DAT (Realistic Simulation),2025-10-18
Pacific island small states,2023,Drought Events,0,EM-DAT (Realistic Simulation),2025-10-18
Pacific island small states,2023,Flood Events,0,EM-DAT (Realistic Simulation),2025-10-18
Pacific island small states,2023,Storm Events,1,EM-DAT (Realistic Simulation),2025-10-18
Pacific island small states,2023,Food Security Impact Score,6.650258884802257,EM-DAT (Realistic Simulation),2025-10-18
Pakistan,2020,Number of Disasters,1,EM-DAT (Realistic Simulation),2025-10-18
Pakistan,2020,Total Affected (people),152726.9041686836,EM-DAT (Realistic Simulation),2025-10-18
Pakistan,2020,Total Damages (USD millions),311.0732013046804,EM-DAT (Realistic Simulation),2025-10-18
Pakistan,2020,Drought Events,0,EM-DAT (Realistic Simulation),2025-10-18
Pakistan,2020,Flood Events,0,EM-DAT (Realistic Simulation),2025-10-18
Pakistan,2020,Storm Events,0,EM-DAT (Realistic Simulation),2025-10-18
Pakistan,2020,Food Security Impact Score,5.906257821723175,EM-DAT (Realistic Simulation),2025-10-18
Pakistan,2021,Number of Disasters,1,EM-DAT (Realistic Simulation),2025-10-18
Pakistan,2021,Total Affected (people),134537.5907967565,EM-DAT (Realistic Simulation),2025-10-18
Pakistan,2021,Total Damages (USD millions),111.93278136913095,EM-DAT (Realistic Simulation),2025-10-18
Pakistan,2021,Drought Events,0,EM-DAT (Realistic Simulation),2025-10-18
Pakistan,2021,Flood Events,3,EM-DAT (Realistic Simulation),2025-10-18
Pakistan,2021,Storm Events,0,EM-DAT (Realistic Simulation),2025-10-18
Pakistan,2021,Food Security Impact Score,3.5676871394427065,EM-DAT (Realistic Simulation),2025-10-18
Pakistan,2022,Number of Disasters,2,EM-DAT (Realistic Simulation),2025-10-18
Pakistan,2022,Total Affected (people),159087.45362126868,EM-DAT (Realistic Simulation),2025-10-18
Pakistan,2022,Total Damages (USD millions),0,EM-DAT (Realistic Simulation),2025-10-18
Pakistan,2022,Drought Events,1,EM-DAT (Realistic Simulation),2025-10-18
Pakistan,2022,Flood Events,1,EM-DAT (Realistic Simulation),2025-10-18
Pakistan,2022,Storm Events,0,EM-DAT (Realistic Simulation),2025-10-18
Pakistan,2022,Food Security Impact Score,2.5401109468225984,EM-DAT (Realistic Simulation),2025-10-18
Pakistan,2023,Number of Disasters,2,EM-DAT (Realistic Simulation),2025-10-18
Pakistan,2023,Total Affected (people),0,EM-DAT (Realistic Simulation),2025-10-18
Pakistan,2023,Total Damages (USD millions),374.93463679626393,EM-DAT (Realistic Simulation),2025-10-18
Pakistan,2023,Drought Events,0,EM-DAT (Realistic Simulation),2025-10-18
Pakistan,2023,Flood Events,2,EM-DAT (Realistic Simulation),2025-10-18
Pakistan,2023,Storm Events,2,EM-DAT (Realistic Simulation),2025-10-18
Pakistan,2023,Food Security Impact Score,0,EM-DAT (Realistic Simulation),2025-10-18
Palau,2020,Number of Disasters,3,EM-DAT (Realistic Simulation),2025-10-18
Palau,2020,Total Affected (people),125239.38037059315,EM-DAT (Realistic Simulation),2025-10-18
Palau,2020,Total Damages (USD millions),0,EM-DAT (Realistic Simulation),2025-10-18
Palau,2020,Drought Events,1,EM-DAT (Realistic Simulation),2025-10-18
Palau,2020,Flood Events,0,EM-DAT (Realistic Simulation),2025-10-18
Palau,2020,Storm Events,3,EM-DAT (Realistic Simulation),2025-10-18
Palau,2020,Food Security Impact Score,1.6362660810685483,EM-DAT (Realistic Simulation),2025-10-18
Palau,2021,Number of Disasters,1,EM-DAT (Realistic Simulation),2025-10-18
Palau,2021,Total Affected (people),43167.062930716405,EM-DAT (Realistic Simulation),2025-10-18
Palau,2021,Total Damages (USD millions),169.15010286675175,EM-DAT (Realistic Simulation),2025-10-18
Palau,2021,Drought Events,1,EM-DAT (Realistic Simulation),2025-10-18
Palau,2021,Flood Events,1,EM-DAT (Realistic Simulation),2025-10-18
Palau,2021,Storm Events,1,EM-DAT (Realistic Simulation),2025-10-18
Palau,2021,Food Security Impact Score,5.27336151716176,EM-DAT (Realistic Simulation),2025-10-18
Palau,2022,Number of Disasters,1,EM-DAT (Realistic Simulation),2025-10-18
Palau,2022,Total Affected (people),0,EM-DAT (Realistic Simulation),2025-10-18
Palau,2022,Total Damages (USD millions),260.1792257932409,EM-DAT (Realistic Simulation),2025-10-18
Palau,2022,Drought Events,1,EM-DAT (Realistic Simulation),2025-10-18
Palau,2022,Flood Events,0,EM-DAT (Realistic Simulation),2025-10-18
Palau,2022,Storm Events,1,EM-DAT (Realistic Simulation),2025-10-18
Palau,2022,Food Security Impact Score,3.5777371230078256,EM-DAT (Realistic Simulation),2025-10-18
Palau,2023,Number of Disasters,0,EM-DAT (Realistic Simulation),2025-10-18
Palau,2023,Total Affected (people),134905.73887472044,EM-DAT (Realistic Simulation),2025-10-18
Palau,2023,Total Damages (USD millions),923.055849400944,EM-DAT (Realistic Simulation),2025-10-18
Palau,2023,Drought Events,1,EM-DAT (Realistic Simulation),2025-10-18
Palau,2023,Flood Events,1,EM-DAT (Realistic Simulation),2025-10-18
Palau,2023,Storm Events,0,EM-DAT (Realistic Simulation),2025-10-18
Palau,2023,Food Security Impact Score,3.5003328919662913,EM-DAT (Realistic Simulation),2025-10-18
Panama,2020,Number of Disasters,4,EM-DAT (Realistic Simulation),2025-10-18
Panama,2020,Total Affected (people),46694.07619819285,EM-DAT (Realistic Simulation),2025-10-18
Panama,2020,Total Damages (USD millions),433.23300876240535,EM-DAT (Realistic Simulation),2025-10-18
Panama,2020,Drought Events,0,EM-DAT (Realistic Simulation),2025-10-18
Panama,2020,Flood Events,1,EM-DAT (Realistic Simulation),2025-10-18
Panama,2020,Storm Events,2,EM-DAT (Realistic Simulation),2025-10-18
Panama,2020,Food Security Impact Score,5.712485502821377,EM-DAT (Realistic Simulation),2025-10-18
Panama,2021,Number of Disasters,1,EM-DAT (Realistic Simulation),2025-10-18
Panama,2021,Total Affected (people),71455.04573108187,EM-DAT (Realistic Simulation),2025-10-18
Panama,2021,Total Damages (USD millions),1030.2447902806716,EM-DAT (Realistic Simulation),2025-10-18
Panama,2021,Drought Events,3,EM-DAT (Realistic Simulation),2025-10-18
Panama,2021,Flood Events,4,EM-DAT (Realistic Simulation),2025-10-18
Panama,2021,Storm Events,0,EM-DAT (Realistic Simulation),2025-10-18
Panama,2021,Food Security Impact Score,6.965384798333499,EM-DAT (Realistic Simulation),2025-10-18
Panama,2022,Number of Disasters,3,EM-DAT (Realistic Simulation),2025-10-18
Panama,2022,Total Affected (people),0,EM-DAT (Realistic Simulation),2025-10-18
Panama,2022,Total Damages (USD millions),959.6467278787768,EM-DAT (Realistic Simulation),2025-10-18
Panama,2022,Drought Events,0,EM-DAT (Realistic Simulation),2025-10-18
Panama,2022,Flood Events,0,EM-DAT (Realistic Simulation),2025-10-18
Panama,2022,Storm Events,0,EM-DAT (Realistic Simulation),2025-10-18
Panama,2022,Food Security Impact Score,8.044130272286418,EM-DAT (Realistic Simulation),2025-10-18
Panama,2023,Number of Disasters,5,EM-DAT (Realistic Simulation),2025-10-18
Panama,2023,Total Affected (people),130165.85137097801,EM-DAT (Realistic Simulation),2025-10-18
Panama,2023,Total Damages (USD millions),1118.1903997766194,EM-DAT (Realistic Simulation),2025-10-18
Panama,2023,Drought Events,0,EM-DAT (Realistic Simulation),2025-10-18
Panama,2023,Flood Events,2,EM-DAT (Realistic Simulation),2025-10-18
Panama,2023,Storm Events,1,EM-DAT (Realistic Simulation),2025-10-18
Panama,2023,Food Security Impact Score,0,EM-DAT (Realistic Simulation),2025-10-18
Papua New Guinea,2020,Number of Disasters,0,EM-DAT (Realistic Simulation),2025-10-18
Papua New Guinea,2020,Total Affected (people),0,EM-DAT (Realistic Simulation),2025-10-18
Papua New Guinea,2020,Total Damages (USD millions),65.95932903161406,EM-DAT (Realistic Simulation),2025-10-18
Papua New Guinea,2020,Drought Events,1,EM-DAT (Realistic Simulation),2025-10-18
Papua New Guinea,2020,Flood Events,0,EM-DAT (Realistic Simulation),2025-10-18
Papua New Guinea,2020,Storm Events,1,EM-DAT (Realistic Simulation),2025-10-18
Papua New Guinea,2020,Food Security Impact Score,2.1425467969664367,EM-DAT (Realistic Simulation),2025-10-18
Papua New Guinea,2021,Number of Disasters,5,EM-DAT (Realistic Simulation),2025-10-18
Papua New Guinea,2021,Total Affected (people),36258.53374272223,EM-DAT (Realistic Simulation),2025-10-18
Papua New Guinea,2021,Total Damages (USD millions),386.3309244263764,EM-DAT (Realistic Simulation),2025-10-18
Papua New Guinea,2021,Drought Events,1,EM-DAT (Realistic Simulation),2025-10-18
Papua New Guinea,2021,Flood Events,0,EM-DAT (Realistic Simulation),2025-10-18
Papua New Guinea,2021,Storm Events,1,EM-DAT (Realistic Simulation),2025-10-18
Papua New Guinea,2021,Food Security Impact Score,2.5091789613639173,EM-DAT (Realistic Simulation),2025-10-18
Papua New Guinea,2022,Number of Disasters,2,EM-DAT (Realistic Simulation),2025-10-18
Papua New Guinea,2022,Total Affected (people),237403.4621743365,EM-DAT (Realistic Simulation),2025-10-18
Papua New Guinea,2022,Total Damages (USD millions),0,EM-DAT (Realistic Simulation),2025-10-18
Papua New Guinea,2022,Drought Events,1,EM-DAT (Realistic Simulation),2025-10-18
Papua New Guinea,2022,Flood Events,1,EM-DAT (Realistic Simulation),2025-10-18
Papua New Guinea,2022,Storm Events,1,EM-DAT (Realistic Simulation),2025-10-18
Papua New Guinea,2022,Food Security Impact Score,0,EM-DAT (Realistic Simulation),2025-10-18
Papua New Guinea,2023,Number of Disasters,1,EM-DAT (Realistic Simulation),2025-10-18
Papua New Guinea,2023,Total Affected (people),161826.49274412636,EM-DAT (Realistic Simulation),2025-10-18
Papua New Guinea,2023,Total Damages (USD millions),410.1929705221332,EM-DAT (Realistic Simulation),2025-10-18
Papua New Guinea,2023,Drought Events,0,EM-DAT (Realistic Simulation),2025-10-18
Papua New Guinea,2023,Flood Events,3,EM-DAT (Realistic Simulation),2025-10-18
Papua New Guinea,2023,Storm Events,0,EM-DAT (Realistic Simulation),2025-10-18
Papua New Guinea,2023,Food Security Impact Score,3.01749404583347,EM-DAT (Realistic Simulation),2025-10-18
Paraguay,2020,Number of Disasters,1,EM-DAT (Realistic Simulation),2025-10-18
Paraguay,2020,Total Affected (people),0,EM-DAT (Realistic Simulation),2025-10-18
Paraguay,2020,Total Damages (USD millions),109.46611967027289,EM-DAT (Realistic Simulation),2025-10-18
Paraguay,2020,Drought Events,0,EM-DAT (Realistic Simulation),2025-10-18
Paraguay,2020,Flood Events,3,EM-DAT (Realistic Simulation),2025-10-18
Paraguay,2020,Storm Events,0,EM-DAT (Realistic Simulation),2025-10-18
Paraguay,2020,Food Security Impact Score,3.259192056793091,EM-DAT (Realistic Simulation),2025-10-18
Paraguay,2021,Number of Disasters,2,EM-DAT (Realistic Simulation),2025-10-18
Paraguay,2021,Total Affected (people),166565.40235391137,EM-DAT (Realistic Simulation),2025-10-18
Paraguay,2021,Total Damages (USD millions),0,EM-DAT (Realistic Simulation),2025-10-18
Paraguay,2021,Drought Events,1,EM-DAT (Realistic Simulation),2025-10-18
Paraguay,2021,Flood Events,0,EM-DAT (Realistic Simulation),2025-10-18
Paraguay,2021,Storm Events,0,EM-DAT (Realistic Simulation),2025-10-18
Paraguay,2021,Food Security Impact Score,0,EM-DAT (Realistic Simulation),2025-10-18
Paraguay,2022,Number of Disasters,1,EM-DAT (Realistic Simulation),2025-10-18
Paraguay,2022,Total Affected (people),92070.51710436255,EM-DAT (Realistic Simulation),2025-10-18
Paraguay,2022,Total Damages (USD millions),0,EM-DAT (Realistic Simulation),2025-10-18
Paraguay,2022,Drought Events,0,EM-DAT (Realistic Simulation),2025-10-18
Paraguay,2022,Flood Events,1,EM-DAT (Realistic Simulation),2025-10-18
Paraguay,2022,Storm Events,0,EM-DAT (Realistic Simulation),2025-10-18
Paraguay,2022,Food Security Impact Score,5.935827817702265,EM-DAT (Realistic Simulation),2025-10-18
Paraguay,2023,Number of Disasters,4,EM-DAT (Realistic Simulation),2025-10-18
Paraguay,2023,Total Affected (people),124895.88347235891,EM-DAT (Realistic Simulation),2025-10-18
Paraguay,2023,Total Damages (USD millions),0,EM-DAT (Realistic Simulation),2025-10-18
Paraguay,2023,Drought Events,0,EM-DAT (Realistic Simulation),2025-10-18
Paraguay,2023,Flood Events,0,EM-DAT (Realistic Simulation),2025-10-18
Paraguay,2023,Storm Events,1,EM-DAT (Realistic Simulation),2025-10-18
Paraguay,2023,Food Security Impact Score,2.0521626112080855,EM-DAT (Realistic Simulation),2025-10-18
Peru,2020,Number of Disasters,3,EM-DAT (Realistic Simulation),2025-10-18
Peru,2020,Total Affected (people),186882.17926552118,EM-DAT (Realistic Simulation),2025-10-18
Peru,2020,Total Damages (USD millions),0,EM-DAT (Realistic Simulation),2025-10-18
Peru,2020,Drought Events,1,EM-DAT (Realistic Simulation),2025-10-18
Peru,2020,Flood Events,0,EM-DAT (Realistic Simulation),2025-10-18
Peru,2020,Storm Events,1,EM-DAT (Realistic Simulation),2025-10-18
Peru,2020,Food Security Impact Score,1.9911874865432604,EM-DAT (Realistic Simulation),2025-10-18
Peru,2021,Number of Disasters,3,EM-DAT (Realistic Simulation),2025-10-18
Peru,2021,Total Affected (people),177303.7361782042,EM-DAT (Realistic Simulation),2025-10-18
Peru,2021,Total Damages (USD millions),0,EM-DAT (Realistic Simulation),2025-10-18
Peru,2021,Drought Events,0,EM-DAT (Realistic Simulation),2025-10-18
Peru,2021,Flood Events,1,EM-DAT (Realistic Simulation),2025-10-18
Peru,2021,Storm Events,1,EM-DAT (Realistic Simulation),2025-10-18
Peru,2021,Food Security Impact Score,3.9406603536639295,EM-DAT (Realistic Simulation),2025-10-18
Peru,2022,Number of Disasters,2,EM-DAT (Realistic Simulation),2025-10-18
Peru,2022,Total Affected (people),41682.178419891134,EM-DAT (Realistic Simulation),2025-10-18
Peru,2022,Total Damages (USD millions),318.18074271314754,EM-DAT (Realistic Simulation),2025-10-18
Peru,2022,Drought Events,0,EM-DAT (Realistic Simulation),2025-10-18
Peru,2022,Flood Events,3,EM-DAT (Realistic Simulation),2025-10-18
Peru,2022,Storm Events,0,EM-DAT (Realistic Simulation),2025-10-18
Peru,2022,Food Security Impact Score,3.391608624561622,EM-DAT (Realistic Simulation),2025-10-18
Peru,2023,Number of Disasters,1,EM-DAT (Realistic Simulation),2025-10-18
Peru,2023,Total Affected (people),14564.64687339832,EM-DAT (Realistic Simulation),2025-10-18
Peru,2023,Total Damages (USD millions),0,EM-DAT (Realistic Simulation),2025-10-18
Peru,2023,Drought Events,1,EM-DAT (Realistic Simulation),2025-10-18
Peru,2023,Flood Events,0,EM-DAT (Realistic Simulation),2025-10-18
Peru,2023,Storm Events,0,EM-DAT (Realistic Simulation),2025-10-18
Peru,2023,Food Security Impact Score,2.1594961220695654,EM-DAT (Realistic Simulation),2025-10-18
Philippines,2020,Number of Disasters,2,EM-DAT (Realistic Simulation),2025-10-18
Philippines,2020,Total Affected (people),0,EM-DAT (Realistic Simulation),2025-10-18
Philippines,2020,Total Damages (USD millions),135.44088911193217,EM-DAT (Realistic Simulation),2025-10-18
Philippines,2020,Drought Events,0,EM-DAT (Realistic Simulation),2025-10-18
Philippines,2020,Flood Events,0,EM-DAT (Realistic Simulation),2025-10-18
Philippines,2020,Storm Events,0,EM-DAT (Realistic Simulation),2025-10-18
Philippines,2020,Food Security Impact Score,1.970169938293674,EM-DAT (Realistic Simulation),2025-10-18
Philippines,2021,Number of Disasters,1,EM-DAT (Realistic Simulation),2025-10-18
Philippines,2021,Total Affected (people),124265.22213248658,EM-DAT (Realistic Simulation),2025-10-18
Philippines,2021,Total Damages (USD millions),472.31872006706044,EM-DAT (Realistic Simulation),2025-10-18
Philippines,2021,Drought Events,0,EM-DAT (Realistic Simulation),2025-10-18
Philippines,2021,Flood Events,1,EM-DAT (Realistic Simulation),2025-10-18
Philippines,2021,Storm Events,0,EM-DAT (Realistic Simulation),2025-10-18
Philippines,2021,Food Security Impact Score,3.0720071741578816,EM-DAT (Realistic Simulation),2025-10-18
Philippines,2022,Number of Disasters,3,EM-DAT (Realistic Simulation),2025-10-18
Philippines,2022,Total Affected (people),0,EM-DAT (Realistic Simulation),2025-10-18
Philippines,2022,Total Damages (USD millions),310.8518651281028,EM-DAT (Realistic Simulation),2025-10-18
Philippines,2022,Drought Events,1,EM-DAT (Realistic Simulation),2025-10-18
Philippines,2022,Flood Events,1,EM-DAT (Realistic Simulation),2025-10-18
Philippines,2022,Storm Events,1,EM-DAT (Realistic Simulation),2025-10-18
Philippines,2022,Food Security Impact Score,3.0710628812029546,EM-DAT (Realistic Simulation),2025-10-18
Philippines,2023,Number of Disasters,0,EM-DAT (Realistic Simulation),2025-10-18
Philippines,2023,Total Affected (people),0,EM-DAT (Realistic Simulation),2025-10-18
Philippines,2023,Total Damages (USD millions),336.39677061901114,EM-DAT (Realistic Simulation),2025-10-18
Philippines,2023,Drought Events,0,EM-DAT (Realistic Simulation),2025-10-18
Philippines,2023,Flood Events,1,EM-DAT (Realistic Simulation),2025-10-18
Philippines,2023,Storm Events,0,EM-DAT (Realistic Simulation),2025-10-18
Philippines,2023,Food Security Impact Score,3.394582163881884,EM-DAT (Realistic Simulation),2025-10-18
Poland,2020,Number of Disasters,7,EM-DAT (Realistic Simulation),2025-10-18
Poland,2020,Total Affected (people),0,EM-DAT (Realistic Simulation),2025-10-18
Poland,2020,Total Damages (USD millions),793.2617671484702,EM-DAT (Realistic Simulation),2025-10-18
Poland,2020,Drought Events,1,EM-DAT (Realistic Simulation),2025-10-18
Poland,2020,Flood Events,1,EM-DAT (Realistic Simulation),2025-10-18
Poland,2020,Storm Events,0,EM-DAT (Realistic Simulation),2025-10-18
Poland,2020,Food Security Impact Score,4.833419503356066,EM-DAT (Realistic Simulation),2025-10-18
Poland,2021,Number of Disasters,3,EM-DAT (Realistic Simulation),2025-10-18
Poland,2021,Total Affected (people),18808.209761620365,EM-DAT (Realistic Simulation),2025-10-18
Poland,2021,Total Damages (USD millions),365.5344066236681,EM-DAT (Realistic Simulation),2025-10-18
Poland,2021,Drought Events,1,EM-DAT (Realistic Simulation),2025-10-18
Poland,2021,Flood Events,1,EM-DAT (Realistic Simulation),2025-10-18
Poland,2021,Storm Events,1,EM-DAT (Realistic Simulation),2025-10-18
Poland,2021,Food Security Impact Score,2.819946617063009,EM-DAT (Realistic Simulation),2025-10-18
Poland,2022,Number of Disasters,2,EM-DAT (Realistic Simulation),2025-10-18
Poland,2022,Total Affected (people),7969.68964403998,EM-DAT (Realistic Simulation),2025-10-18
Poland,2022,Total Damages (USD millions),0,EM-DAT (Realistic Simulation),2025-10-18
Poland,2022,Drought Events,0,EM-DAT (Realistic Simulation),2025-10-18
Poland,2022,Flood Events,1,EM-DAT (Realistic Simulation),2025-10-18
Poland,2022,Storm Events,0,EM-DAT (Realistic Simulation),2025-10-18
Poland,2022,Food Security Impact Score,2.539569136123102,EM-DAT (Realistic Simulation),2025-10-18
Poland,2023,Number of Disasters,1,EM-DAT (Realistic Simulation),2025-10-18
Poland,2023,Total Affected (people),83889.01302500727,EM-DAT (Realistic Simulation),2025-10-18
Poland,2023,Total Damages (USD millions),17.42288158519078,EM-DAT (Realistic Simulation),2025-10-18
Poland,2023,Drought Events,0,EM-DAT (Realistic Simulation),2025-10-18
Poland,2023,Flood Events,2,EM-DAT (Realistic Simulation),2025-10-18
Poland,2023,Storm Events,0,EM-DAT (Realistic Simulation),2025-10-18
Poland,2023,Food Security Impact Score,1.963667235696998,EM-DAT (Realistic Simulation),2025-10-18
Portugal,2020,Number of Disasters,4,EM-DAT (Realistic Simulation),2025-10-18
Portugal,2020,Total Affected (people),0,EM-DAT (Realistic Simulation),2025-10-18
Portugal,2020,Total Damages (USD millions),0,EM-DAT (Realistic Simulation),2025-10-18
Portugal,2020,Drought Events,2,EM-DAT (Realistic Simulation),2025-10-18
Portugal,2020,Flood Events,1,EM-DAT (Realistic Simulation),2025-10-18
Portugal,2020,Storm Events,0,EM-DAT (Realistic Simulation),2025-10-18
Portugal,2020,Food Security Impact Score,4.453187755941568,EM-DAT (Realistic Simulation),2025-10-18
Portugal,2021,Number of Disasters,4,EM-DAT (Realistic Simulation),2025-10-18
Portugal,2021,Total Affected (people),118921.2908077655,EM-DAT (Realistic Simulation),2025-10-18
Portugal,2021,Total Damages (USD millions),682.3479070638547,EM-DAT (Realistic Simulation),2025-10-18
Portugal,2021,Drought Events,2,EM-DAT (Realistic Simulation),2025-10-18
Portugal,2021,Flood Events,1,EM-DAT (Realistic Simulation),2025-10-18
Portugal,2021,Storm Events,0,EM-DAT (Realistic Simulation),2025-10-18
Portugal,2021,Food Security Impact Score,2.4782644092988253,EM-DAT (Realistic Simulation),2025-10-18
Portugal,2022,Number of Disasters,4,EM-DAT (Realistic Simulation),2025-10-18
Portugal,2022,Total Affected (people),60186.47945011544,EM-DAT (Realistic Simulation),2025-10-18
Portugal,2022,Total Damages (USD millions),0,EM-DAT (Realistic Simulation),2025-10-18
Portugal,2022,Drought Events,4,EM-DAT (Realistic Simulation),2025-10-18
Portugal,2022,Flood Events,0,EM-DAT (Realistic Simulation),2025-10-18
Portugal,2022,Storm Events,0,EM-DAT (Realistic Simulation),2025-10-18
Portugal,2022,Food Security Impact Score,1.372246834473647,EM-DAT (Realistic Simulation),2025-10-18
Portugal,2023,Number of Disasters,2,EM-DAT (Realistic Simulation),2025-10-18
Portugal,2023,Total Affected (people),180066.05721389875,EM-DAT (Realistic Simulation),2025-10-18
Portugal,2023,Total Damages (USD millions),0,EM-DAT (Realistic Simulation),2025-10-18
Portugal,2023,Drought Events,0,EM-DAT (Realistic Simulation),2025-10-18
Portugal,2023,Flood Events,0,EM-DAT (Realistic Simulation),2025-10-18
Portugal,2023,Storm Events,0,EM-DAT (Realistic Simulation),2025-10-18
Portugal,2023,Food Security Impact Score,7.0654042233215755,EM-DAT (Realistic Simulation),2025-10-18
Post-demographic dividend,2020,Number of Disasters,4,EM-DAT (Realistic Simulation),2025-10-18
Post-demographic dividend,2020,Total Affected (people),0,EM-DAT (Realistic Simulation),2025-10-18
Post-demographic dividend,2020,Total Damages (USD millions),154.7083778257682,EM-DAT (Realistic Simulation),2025-10-18
Post-demographic dividend,2020,Drought Events,0,EM-DAT (Realistic Simulation),2025-10-18
Post-demographic dividend,2020,Flood Events,0,EM-DAT (Realistic Simulation),2025-10-18
Post-demographic dividend,2020,Storm Events,0,EM-DAT (Realistic Simulation),2025-10-18
Post-demographic dividend,2020,Food Security Impact Score,4.3499480815010925,EM-DAT (Realistic Simulation),2025-10-18
Post-demographic dividend,2021,Number of Disasters,0,EM-DAT (Realistic Simulation),2025-10-18
Post-demographic dividend,2021,Total Affected (people),0,EM-DAT (Realistic Simulation),2025-10-18
Post-demographic dividend,2021,Total Damages (USD millions),0,EM-DAT (Realistic Simulation),2025-10-18
Post-demographic dividend,2021,Drought Events,1,EM-DAT (Realistic Simulation),2025-10-18
Post-demographic dividend,2021,Flood Events,2,EM-DAT (Realistic Simulation),2025-10-18
Post-demographic dividend,2021,Storm Events,1,EM-DAT (Realistic Simulation),2025-10-18
Post-demographic dividend,2021,Food Security Impact Score,1.116710918705832,EM-DAT (Realistic Simulation),2025-10-18
Post-demographic dividend,2022,Number of Disasters,3,EM-DAT (Realistic Simulation),2025-10-18
Post-demographic dividend,2022,Total Affected (people),0,EM-DAT (Realistic Simulation),2025-10-18
Post-demographic dividend,2022,Total Damages (USD millions),371.0579710696041,EM-DAT (Realistic Simulation),2025-10-18
Post-demographic dividend,2022,Drought Events,1,EM-DAT (Realistic Simulation),2025-10-18
Post-demographic dividend,2022,Flood Events,0,EM-DAT (Realistic Simulation),2025-10-18
Post-demographic dividend,2022,Storm Events,0,EM-DAT (Realistic Simulation),2025-10-18
Post-demographic dividend,2022,Food Security Impact Score,1.6761905716505545,EM-DAT (Realistic Simulation),2025-10-18
Post-demographic dividend,2023,Number of Disasters,0,EM-DAT (Realistic Simulation),2025-10-18
Post-demographic dividend,2023,Total Affected (people),104545.41451569556,EM-DAT (Realistic Simulation),2025-10-18
Post-demographic dividend,2023,Total Damages (USD millions),113.99515459343185,EM-DAT (Realistic Simulation),2025-10-18
Post-demographic dividend,2023,Drought Events,1,EM-DAT (Realistic Simulation),2025-10-18
Post-demographic dividend,2023,Flood Events,0,EM-DAT (Realistic Simulation),2025-10-18
Post-demographic dividend,2023,Storm Events,2,EM-DAT (Realistic Simulation),2025-10-18
Post-demographic dividend,2023,Food Security Impact Score,3.455995220147018,EM-DAT (Realistic Simulation),2025-10-18
Pre-demographic dividend,2020,Number of Disasters,3,EM-DAT (Realistic Simulation),2025-10-18
Pre-demographic dividend,2020,Total Affected (people),122127.53436913165,EM-DAT (Realistic Simulation),2025-10-18
Pre-demographic dividend,2020,Total Damages (USD millions),0,EM-DAT (Realistic Simulation),2025-10-18
Pre-demographic dividend,2020,Drought Events,1,EM-DAT (Realistic Simulation),2025-10-18
Pre-demographic dividend,2020,Flood Events,2,EM-DAT (Realistic Simulation),2025-10-18
Pre-demographic dividend,2020,Storm Events,0,EM-DAT (Realistic Simulation),2025-10-18
Pre-demographic dividend,2020,Food Security Impact Score,4.089141336944219,EM-DAT (Realistic Simulation),2025-10-18
Pre-demographic dividend,2021,Number of Disasters,1,EM-DAT (Realistic Simulation),2025-10-18
Pre-demographic dividend,2021,Total Affected (people),165280.45817228223,EM-DAT (Realistic Simulation),2025-10-18
Pre-demographic dividend,2021,Total Damages (USD millions),0,EM-DAT (Realistic Simulation),2025-10-18
Pre-demographic dividend,2021,Drought Events,1,EM-DAT (Realistic Simulation),2025-10-18
Pre-demographic dividend,2021,Flood Events,0,EM-DAT (Realistic Simulation),2025-10-18
Pre-demographic dividend,2021,Storm Events,0,EM-DAT (Realistic Simulation),2025-10-18
Pre-demographic dividend,2021,Food Security Impact Score,4.2333095966525525,EM-DAT (Realistic Simulation),2025-10-18
Pre-demographic dividend,2022,Number of Disasters,5,EM-DAT (Realistic Simulation),2025-10-18
Pre-demographic dividend,2022,Total Affected (people),59553.49091874974,EM-DAT (Realistic Simulation),2025-10-18
Pre-demographic dividend,2022,Total Damages (USD millions),59.27816287976613,EM-DAT (Realistic Simulation),2025-10-18
Pre-demographic dividend,2022,Drought Events,1,EM-DAT (Realistic Simulation),2025-10-18
Pre-demographic dividend,2022,Flood Events,1,EM-DAT (Realistic Simulation),2025-10-18
Pre-demographic dividend,2022,Storm Events,1,EM-DAT (Realistic Simulation),2025-10-18
Pre-demographic dividend,2022,Food Security Impact Score,0,EM-DAT (Realistic Simulation),2025-10-18
Pre-demographic dividend,2023,Number of Disasters,2,EM-DAT (Realistic Simulation),2025-10-18
Pre-demographic dividend,2023,Total Affected (people),187018.68854853502,EM-DAT (Realistic Simulation),2025-10-18
Pre-demographic dividend,2023,Total Damages (USD millions),42.16072677079733,EM-DAT (Realistic Simulation),2025-10-18
Pre-demographic dividend,2023,Drought Events,0,EM-DAT (Realistic Simulation),2025-10-18
Pre-demographic dividend,2023,Flood Events,3,EM-DAT (Realistic Simulation),2025-10-18
Pre-demographic dividend,2023,Storm Events,2,EM-DAT (Realistic Simulation),2025-10-18
Pre-demographic dividend,2023,Food Security Impact Score,3.2643276934837324,EM-DAT (Realistic Simulation),2025-10-18
Puerto Rico (US),2020,Number of Disasters,4,EM-DAT (Realistic Simulation),2025-10-18
Puerto Rico (US),2020,Total Affected (people),51741.4107423984,EM-DAT (Realistic Simulation),2025-10-18
Puerto Rico (US),2020,Total Damages (USD millions),287.01282489255533,EM-DAT (Realistic Simulation),2025-10-18
Puerto Rico (US),2020,Drought Events,0,EM-DAT (Realistic Simulation),2025-10-18
Puerto Rico (US),2020,Flood Events,2,EM-DAT (Realistic Simulation),2025-10-18
Puerto Rico (US),2020,Storm Events,0,EM-DAT (Realistic Simulation),2025-10-18
Puerto Rico (US),2020,Food Security Impact Score,0,EM-DAT (Realistic Simulation),2025-10-18
Puerto Rico (US),2021,Number of Disasters,0,EM-DAT (Realistic Simulation),2025-10-18
Puerto Rico (US),2021,Total Affected (people),0,EM-DAT (Realistic Simulation),2025-10-18
Puerto Rico (US),2021,Total Damages (USD millions),369.8640025105995,EM-DAT (Realistic Simulation),2025-10-18
Puerto Rico (US),2021,Drought Events,2,EM-DAT (Realistic Simulation),2025-10-18
Puerto Rico (US),2021,Flood Events,2,EM-DAT (Realistic Simulation),2025-10-18
Puerto Rico (US),2021,Storm Events,0,EM-DAT (Realistic Simulation),2025-10-18
Puerto Rico (US),2021,Food Security Impact Score,4.1793440085045805,EM-DAT (Realistic Simulation),2025-10-18
Puerto Rico (US),2022,Number of Disasters,3,EM-DAT (Realistic Simulation),2025-10-18
Puerto Rico (US),2022,Total Affected (people),39775.25432668594,EM-DAT (Realistic Simulation),2025-10-18
Puerto Rico (US),2022,Total Damages (USD millions),5.073756234738212,EM-DAT (Realistic Simulation),2025-10-18
Puerto Rico (US),2022,Drought Events,0,EM-DAT (Realistic Simulation),2025-10-18
Puerto Rico (US),2022,Flood Events,0,EM-DAT (Realistic Simulation),2025-10-18
Puerto Rico (US),2022,Storm Events,2,EM-DAT (Realistic Simulation),2025-10-18
Puerto Rico (US),2022,Food Security Impact Score,0,EM-DAT (Realistic Simulation),2025-10-18
Puerto Rico (US),2023,Number of Disasters,5,EM-DAT (Realistic Simulation),2025-10-18
Puerto Rico (US),2023,Total Affected (people),91681.66946951192,EM-DAT (Realistic Simulation),2025-10-18
Puerto Rico (US),2023,Total Damages (USD millions),0,EM-DAT (Realistic Simulation),2025-10-18
Puerto Rico (US),2023,Drought Events,0,EM-DAT (Realistic Simulation),2025-10-18
Puerto Rico (US),2023,Flood Events,3,EM-DAT (Realistic Simulation),2025-10-18
Puerto Rico (US),2023,Storm Events,1,EM-DAT (Realistic Simulation),2025-10-18
Puerto Rico (US),2023,Food Security Impact Score,1.928798164137131,EM-DAT (Realistic Simulation),2025-10-18
Qatar,2020,Number of Disasters,4,EM-DAT (Realistic Simulation),2025-10-18
Qatar,2020,Total Affected (people),33699.163946017805,EM-DAT (Realistic Simulation),2025-10-18
Qatar,2020,Total Damages (USD millions),124.57565143836514,EM-DAT (Realistic Simulation),2025-10-18
Qatar,2020,Drought Events,1,EM-DAT (Realistic Simulation),2025-10-18
Qatar,2020,Flood Events,4,EM-DAT (Realistic Simulation),2025-10-18
Qatar,2020,Storm Events,1,EM-DAT (Realistic Simulation),2025-10-18
Qatar,2020,Food Security Impact Score,0.5852071131439369,EM-DAT (Realistic Simulation),2025-10-18
Qatar,2021,Number of Disasters,6,EM-DAT (Realistic Simulation),2025-10-18
Qatar,2021,Total Affected (people),137272.74542189232,EM-DAT (Realistic Simulation),2025-10-18
Qatar,2021,Total Damages (USD millions),0,EM-DAT (Realistic Simulation),2025-10-18
Qatar,2021,Drought Events,0,EM-DAT (Realistic Simulation),2025-10-18
Qatar,2021,Flood Events,1,EM-DAT (Realistic Simulation),2025-10-18
Qatar,2021,Storm Events,0,EM-DAT (Realistic Simulation),2025-10-18
Qatar,2021,Food Security Impact Score,0.9916947421140727,EM-DAT (Realistic Simulation),2025-10-18
Qatar,2022,Number of Disasters,0,EM-DAT (Realistic Simulation),2025-10-18
Qatar,2022,Total Affected (people),122278.61843516593,EM-DAT (Realistic Simulation),2025-10-18
Qatar,2022,Total Damages (USD millions),568.2673494870827,EM-DAT (Realistic Simulation),2025-10-18
Qatar,2022,Drought Events,2,EM-DAT (Realistic Simulation),2025-10-18
Qatar,2022,Flood Events,1,EM-DAT (Realistic Simulation),2025-10-18
Qatar,2022,Storm Events,0,EM-DAT (Realistic Simulation),2025-10-18
Qatar,2022,Food Security Impact Score,3.0029285853444114,EM-DAT (Realistic Simulation),2025-10-18
Qatar,2023,Number of Disasters,1,EM-DAT (Realistic Simulation),2025-10-18
Qatar,2023,Total Affected (people),92032.84932557232,EM-DAT (Realistic Simulation),2025-10-18
Qatar,2023,Total Damages (USD millions),0,EM-DAT (Realistic Simulation),2025-10-18
Qatar,2023,Drought Events,1,EM-DAT (Realistic Simulation),2025-10-18
Qatar,2023,Flood Events,2,EM-DAT (Realistic Simulation),2025-10-18
Qatar,2023,Storm Events,1,EM-DAT (Realistic Simulation),2025-10-18
Qatar,2023,Food Security Impact Score,2.5721616113423025,EM-DAT (Realistic Simulation),2025-10-18
Romania,2020,Number of Disasters,1,EM-DAT (Realistic Simulation),2025-10-18
Romania,2020,Total Affected (people),0,EM-DAT (Realistic Simulation),2025-10-18
Romania,2020,Total Damages (USD millions),201.82701213961718,EM-DAT (Realistic Simulation),2025-10-18
Romania,2020,Drought Events,0,EM-DAT (Realistic Simulation),2025-10-18
Romania,2020,Flood Events,1,EM-DAT (Realistic Simulation),2025-10-18
Romania,2020,Storm Events,1,EM-DAT (Realistic Simulation),2025-10-18
Romania,2020,Food Security Impact Score,1.4960058847177413,EM-DAT (Realistic Simulation),2025-10-18
Romania,2021,Number of Disasters,3,EM-DAT (Realistic Simulation),2025-10-18
Romania,2021,Total Affected (people),153943.43764704568,EM-DAT (Realistic Simulation),2025-10-18
Romania,2021,Total Damages (USD millions),838.8912874352642,EM-DAT (Realistic Simulation),2025-10-18
Romania,2021,Drought Events,2,EM-DAT (Realistic Simulation),2025-10-18
Romania,2021,Flood Events,0,EM-DAT (Realistic Simulation),2025-10-18
Romania,2021,Storm Events,2,EM-DAT (Realistic Simulation),2025-10-18
Romania,2021,Food Security Impact Score,4.393499759232315,EM-DAT (Realistic Simulation),2025-10-18
Romania,2022,Number of Disasters,0,EM-DAT (Realistic Simulation),2025-10-18
Romania,2022,Total Affected (people),77140.58214771254,EM-DAT (Realistic Simulation),2025-10-18
Romania,2022,Total Damages (USD millions),1044.3809979008554,EM-DAT (Realistic Simulation),2025-10-18
Romania,2022,Drought Events,0,EM-DAT (Realistic Simulation),2025-10-18
Romania,2022,Flood Events,0,EM-DAT (Realistic Simulation),2025-10-18
Romania,2022,Storm Events,1,EM-DAT (Realistic Simulation),2025-10-18
Romania,2022,Food Security Impact Score,0.9894378523137588,EM-DAT (Realistic Simulation),2025-10-18
Romania,2023,Number of Disasters,5,EM-DAT (Realistic Simulation),2025-10-18
Romania,2023,Total Affected (people),203766.00767672647,EM-DAT (Realistic Simulation),2025-10-18
Romania,2023,Total Damages (USD millions),452.5814132052117,EM-DAT (Realistic Simulation),2025-10-18
Romania,2023,Drought Events,1,EM-DAT (Realistic Simulation),2025-10-18
Romania,2023,Flood Events,2,EM-DAT (Realistic Simulation),2025-10-18
Romania,2023,Storm Events,2,EM-DAT (Realistic Simulation),2025-10-18
Romania,2023,Food Security Impact Score,2.9908861156851922,EM-DAT (Realistic Simulation),2025-10-18
Russian Federation,2020,Number of Disasters,2,EM-DAT (Realistic Simulation),2025-10-18
Russian Federation,2020,Total Affected (people),72989.12696845214,EM-DAT (Realistic Simulation),2025-10-18
Russian Federation,2020,Total Damages (USD millions),0,EM-DAT (Realistic Simulation),2025-10-18
Russian Federation,2020,Drought Events,1,EM-DAT (Realistic Simulation),2025-10-18
Russian Federation,2020,Flood Events,2,EM-DAT (Realistic Simulation),2025-10-18
Russian Federation,2020,Storm Events,1,EM-DAT (Realistic Simulation),2025-10-18
Russian Federation,2020,Food Security Impact Score,2.5124101082902888,EM-DAT (Realistic Simulation),2025-10-18
Russian Federation,2021,Number of Disasters,6,EM-DAT (Realistic Simulation),2025-10-18
Russian Federation,2021,Total Affected (people),3545.6324088589317,EM-DAT (Realistic Simulation),2025-10-18
Russian Federation,2021,Total Damages (USD millions),0,EM-DAT (Realistic Simulation),2025-10-18
Russian Federation,2021,Drought Events,2,EM-DAT (Realistic Simulation),2025-10-18
Russian Federation,2021,Flood Events,1,EM-DAT (Realistic Simulation),2025-10-18
Russian Federation,2021,Storm Events,0,EM-DAT (Realistic Simulation),2025-10-18
Russian Federation,2021,Food Security Impact Score,4.686649254210989,EM-DAT (Realistic Simulation),2025-10-18
Russian Federation,2022,Number of Disasters,2,EM-DAT (Realistic Simulation),2025-10-18
Russian Federation,2022,Total Affected (people),35486.74219077031,EM-DAT (Realistic Simulation),2025-10-18
Russian Federation,2022,Total Damages (USD millions),40.78830541812398,EM-DAT (Realistic Simulation),2025-10-18
Russian Federation,2022,Drought Events,1,EM-DAT (Realistic Simulation),2025-10-18
Russian Federation,2022,Flood Events,1,EM-DAT (Realistic Simulation),2025-10-18
Russian Federation,2022,Storm Events,1,EM-DAT (Realistic Simulation),2025-10-18
Russian Federation,2022,Food Security Impact Score,1.0709471072044665,EM-DAT (Realistic Simulation),2025-10-18
Russian Federation,2023,Number of Disasters,2,EM-DAT (Realistic Simulation),2025-10-18
Russian Federation,2023,Total Affected (people),0,EM-DAT (Realistic Simulation),2025-10-18
Russian Federation,2023,Total Damages (USD millions),0,EM-DAT (Realistic Simulation),2025-10-18
Russian Federation,2023,Drought Events,0,EM-DAT (Realistic Simulation),2025-10-18
Russian Federation,2023,Flood Events,0,EM-DAT (Realistic Simulation),2025-10-18
Russian Federation,2023,Storm Events,1,EM-DAT (Realistic Simulation),2025-10-18
Russian Federation,2023,Food Security Impact Score,0,EM-DAT (Realistic Simulation),2025-10-18
Rwanda,2020,Number of Disasters,0,EM-DAT (Realistic Simulation),2025-10-18
Rwanda,2020,Total Affected (people),46074.115334953225,EM-DAT (Realistic Simulation),2025-10-18
Rwanda,2020,Total Damages (USD millions),42.001901172081034,EM-DAT (Realistic Simulation),2025-10-18
Rwanda,2020,Drought Events,0,EM-DAT (Realistic Simulation),2025-10-18
Rwanda,2020,Flood Events,0,EM-DAT (Realistic Simulation),2025-10-18
Rwanda,2020,Storm Events,0,EM-DAT (Realistic Simulation),2025-10-18
Rwanda,2020,Food Security Impact Score,4.679659441734373,EM-DAT (Realistic Simulation),2025-10-18
Rwanda,2021,Number of Disasters,1,EM-DAT (Realistic Simulation),2025-10-18
Rwanda,2021,Total Affected (people),0,EM-DAT (Realistic Simulation),2025-10-18
Rwanda,2021,Total Damages (USD millions),0,EM-DAT (Realistic Simulation),2025-10-18
Rwanda,2021,Drought Events,0,EM-DAT (Realistic Simulation),2025-10-18
Rwanda,2021,Flood Events,0,EM-DAT (Realistic Simulation),2025-10-18
Rwanda,2021,Storm Events,2,EM-DAT (Realistic Simulation),2025-10-18
Rwanda,2021,Food Security Impact Score,5.006122089387256,EM-DAT (Realistic Simulation),2025-10-18
Rwanda,2022,Number of Disasters,0,EM-DAT (Realistic Simulation),2025-10-18
Rwanda,2022,Total Affected (people),123779.73987410821,EM-DAT (Realistic Simulation),2025-10-18
Rwanda,2022,Total Damages (USD millions),744.7320199639476,EM-DAT (Realistic Simulation),2025-10-18
Rwanda,2022,Drought Events,0,EM-DAT (Realistic Simulation),2025-10-18
Rwanda,2022,Flood Events,0,EM-DAT (Realistic Simulation),2025-10-18
Rwanda,2022,Storm Events,3,EM-DAT (Realistic Simulation),2025-10-18
Rwanda,2022,Food Security Impact Score,5.364054465413847,EM-DAT (Realistic Simulation),2025-10-18
Rwanda,2023,Number of Disasters,4,EM-DAT (Realistic Simulation),2025-10-18
Rwanda,2023,Total Affected (people),0,EM-DAT (Realistic Simulation),2025-10-18
Rwanda,2023,Total Damages (USD millions),442.50424294760063,EM-DAT (Realistic Simulation),2025-10-18
Rwanda,2023,Drought Events,0,EM-DAT (Realistic Simulation),2025-10-18
Rwanda,2023,Flood Events,1,EM-DAT (Realistic Simulation),2025-10-18
Rwanda,2023,Storm Events,0,EM-DAT (Realistic Simulation),2025-10-18
Rwanda,2023,Food Security Impact Score,4.58272614144349,EM-DAT (Realistic Simulation),2025-10-18
Samoa,2020,Number of Disasters,2,EM-DAT (Realistic Simulation),2025-10-18
Samoa,2020,Total Affected (people),2839.5861931060354,EM-DAT (Realistic Simulation),2025-10-18
Samoa,2020,Total Damages (USD millions),994.2721951624502,EM-DAT (Realistic Simulation),2025-10-18
Samoa,2020,Drought Events,1,EM-DAT (Realistic Simulation),2025-10-18
Samoa,2020,Flood Events,0,EM-DAT (Realistic Simulation),2025-10-18
Samoa,2020,Storm Events,0,EM-DAT (Realistic Simulation),2025-10-18
Samoa,2020,Food Security Impact Score,0.4616721624389384,EM-DAT (Realistic Simulation),2025-10-18
Samoa,2021,Number of Disasters,3,EM-DAT (Realistic Simulation),2025-10-18
Samoa,2021,Total Affected (people),143873.26061649105,EM-DAT (Realistic Simulation),2025-10-18
Samoa,2021,Total Damages (USD millions),209.20916522296636,EM-DAT (Realistic Simulation),2025-10-18
Samoa,2021,Drought Events,0,EM-DAT (Realistic Simulation),2025-10-18
Samoa,2021,Flood Events,0,EM-DAT (Realistic Simulation),2025-10-18
Samoa,2021,Storm Events,0,EM-DAT (Realistic Simulation),2025-10-18
Samoa,2021,Food Security Impact Score,2.4070886869154693,EM-DAT (Realistic Simulation),2025-10-18
Samoa,2022,Number of Disasters,2,EM-DAT (Realistic Simulation),2025-10-18
Samoa,2022,Total Affected (people),90566.54919803687,EM-DAT (Realistic Simulation),2025-10-18
Samoa,2022,Total Damages (USD millions),0,EM-DAT (Realistic Simulation),2025-10-18
Samoa,2022,Drought Events,0,EM-DAT (Realistic Simulation),2025-10-18
Samoa,2022,Flood Events,1,EM-DAT (Realistic Simulation),2025-10-18
Samoa,2022,Storm Events,1,EM-DAT (Realistic Simulation),2025-10-18
Samoa,2022,Food Security Impact Score,3.8133145534849286,EM-DAT (Realistic Simulation),2025-10-18
Samoa,2023,Number of Disasters,1,EM-DAT (Realistic Simulation),2025-10-18
Samoa,2023,Total Affected (people),44048.016587837235,EM-DAT (Realistic Simulation),2025-10-18
Samoa,2023,Total Damages (USD millions),0,EM-DAT (Realistic Simulation),2025-10-18
Samoa,2023,Drought Events,2,EM-DAT (Realistic Simulation),2025-10-18
Samoa,2023,Flood Events,0,EM-DAT (Realistic Simulation),2025-10-18
Samoa,2023,Storm Events,1,EM-DAT (Realistic Simulation),2025-10-18
Samoa,2023,Food Security Impact Score,0,EM-DAT (Realistic Simulation),2025-10-18
San Marino,2020,Number of Disasters,1,EM-DAT (Realistic Simulation),2025-10-18
San Marino,2020,Total Affected (people),0,EM-DAT (Realistic Simulation),2025-10-18
San Marino,2020,Total Damages (USD millions),0,EM-DAT (Realistic Simulation),2025-10-18
San Marino,2020,Drought Events,1,EM-DAT (Realistic Simulation),2025-10-18
San Marino,2020,Flood Events,1,EM-DAT (Realistic Simulation),2025-10-18
San Marino,2020,Storm Events,1,EM-DAT (Realistic Simulation),2025-10-18
San Marino,2020,Food Security Impact Score,0.41372517735809167,EM-DAT (Realistic Simulation),2025-10-18
San Marino,2021,Number of Disasters,2,EM-DAT (Realistic Simulation),2025-10-18
San Marino,2021,Total Affected (people),139900.72407220624,EM-DAT (Realistic Simulation),2025-10-18
San Marino,2021,Total Damages (USD millions),0,EM-DAT (Realistic Simulation),2025-10-18
San Marino,2021,Drought Events,2,EM-DAT (Realistic Simulation),2025-10-18
San Marino,2021,Flood Events,1,EM-DAT (Realistic Simulation),2025-10-18
San Marino,2021,Storm Events,0,EM-DAT (Realistic Simulation),2025-10-18
San Marino,2021,Food Security Impact Score,0,EM-DAT (Realistic Simulation),2025-10-18
San Marino,2022,Number of Disasters,3,EM-DAT (Realistic Simulation),2025-10-18
San Marino,2022,Total Affected (people),0,EM-DAT (Realistic Simulation),2025-10-18
San Marino,2022,Total Damages (USD millions),0,EM-DAT (Realistic Simulation),2025-10-18
San Marino,2022,Drought Events,1,EM-DAT (Realistic Simulation),2025-10-18
San Marino,2022,Flood Events,1,EM-DAT (Realistic Simulation),2025-10-18
San Marino,2022,Storm Events,0,EM-DAT (Realistic Simulation),2025-10-18
San Marino,2022,Food Security Impact Score,1.5263989430114675,EM-DAT (Realistic Simulation),2025-10-18
San Marino,2023,Number of Disasters,2,EM-DAT (Realistic Simulation),2025-10-18
San Marino,2023,Total Affected (people),68041.5521166753,EM-DAT (Realistic Simulation),2025-10-18
San Marino,2023,Total Damages (USD millions),0,EM-DAT (Realistic Simulation),2025-10-18
San Marino,2023,Drought Events,1,EM-DAT (Realistic Simulation),2025-10-18
San Marino,2023,Flood Events,0,EM-DAT (Realistic Simulation),2025-10-18
San Marino,2023,Storm Events,2,EM-DAT (Realistic Simulation),2025-10-18
San Marino,2023,Food Security Impact Score,3.08363765222613,EM-DAT (Realistic Simulation),2025-10-18
Sao Tome and Principe,2020,Number of Disasters,4,EM-DAT (Realistic Simulation),2025-10-18
Sao Tome and Principe,2020,Total Affected (people),13158.235588348929,EM-DAT (Realistic Simulation),2025-10-18
Sao Tome and Principe,2020,Total Damages (USD millions),756.6099478112588,EM-DAT (Realistic Simulation),2025-10-18
Sao Tome and Principe,2020,Drought Events,0,EM-DAT (Realistic Simulation),2025-10-18
Sao Tome and Principe,2020,Flood Events,0,EM-DAT (Realistic Simulation),2025-10-18
Sao Tome and Principe,2020,Storm Events,0,EM-DAT (Realistic Simulation),2025-10-18
Sao Tome and Principe,2020,Food Security Impact Score,2.5254464480149816,EM-DAT (Realistic Simulation),2025-10-18
Sao Tome and Principe,2021,Number of Disasters,2,EM-DAT (Realistic Simulation),2025-10-18
Sao Tome and Principe,2021,Total Affected (people),213275.26893095492,EM-DAT (Realistic Simulation),2025-10-18
Sao Tome and Principe,2021,Total Damages (USD millions),44.495032340415,EM-DAT (Realistic Simulation),2025-10-18
Sao Tome and Principe,2021,Drought Events,0,EM-DAT (Realistic Simulation),2025-10-18
Sao Tome and Principe,2021,Flood Events,0,EM-DAT (Realistic Simulation),2025-10-18
Sao Tome and Principe,2021,Storm Events,1,EM-DAT (Realistic Simulation),2025-10-18
Sao Tome and Principe,2021,Food Security Impact Score,3.6796770677560344,EM-DAT (Realistic Simulation),2025-10-18
Sao Tome and Principe,2022,Number of Disasters,2,EM-DAT (Realistic Simulation),2025-10-18
Sao Tome and Principe,2022,Total Affected (people),189630.44811117105,EM-DAT (Realistic Simulation),2025-10-18
Sao Tome and Principe,2022,Total Damages (USD millions),227.06681706621163,EM-DAT (Realistic Simulation),2025-10-18
Sao Tome and Principe,2022,Drought Events,2,EM-DAT (Realistic Simulation),2025-10-18
Sao Tome and Principe,2022,Flood Events,1,EM-DAT (Realistic Simulation),2025-10-18
Sao Tome and Principe,2022,Storm Events,0,EM-DAT (Realistic Simulation),2025-10-18
Sao Tome and Principe,2022,Food Security Impact Score,0,EM-DAT (Realistic Simulation),2025-10-18
Sao Tome and Principe,2023,Number of Disasters,1,EM-DAT (Realistic Simulation),2025-10-18
Sao Tome and Principe,2023,Total Affected (people),0,EM-DAT (Realistic Simulation),2025-10-18
Sao Tome and Principe,2023,Total Damages (USD millions),0,EM-DAT (Realistic Simulation),2025-10-18
Sao Tome and Principe,2023,Drought Events,2,EM-DAT (Realistic Simulation),2025-10-18
Sao Tome and Principe,2023,Flood Events,0,EM-DAT (Realistic Simulation),2025-10-18
Sao Tome and Principe,2023,Storm Events,1,EM-DAT (Realistic Simulation),2025-10-18
Sao Tome and Principe,2023,Food Security Impact Score,4.2507379088682775,EM-DAT (Realistic Simulation),2025-10-18
Saudi Arabia,2020,Number of Disasters,5,EM-DAT (Realistic Simulation),2025-10-18
Saudi Arabia,2020,Total Affected (people),0,EM-DAT (Realistic Simulation),2025-10-18
Saudi Arabia,2020,Total Damages (USD millions),0,EM-DAT (Realistic Simulation),2025-10-18
Saudi Arabia,2020,Drought Events,0,EM-DAT (Realistic Simulation),2025-10-18
Saudi Arabia,2020,Flood Events,2,EM-DAT (Realistic Simulation),2025-10-18
Saudi Arabia,2020,Storm Events,0,EM-DAT (Realistic Simulation),2025-10-18
Saudi Arabia,2020,Food Security Impact Score,3.077439015294104,EM-DAT (Realistic Simulation),2025-10-18
Saudi Arabia,2021,Number of Disasters,1,EM-DAT (Realistic Simulation),2025-10-18
Saudi Arabia,2021,Total Affected (people),20947.77824730675,EM-DAT (Realistic Simulation),2025-10-18
Saudi Arabia,2021,Total Damages (USD millions),462.3931081284007,EM-DAT (Realistic Simulation),2025-10-18
Saudi Arabia,2021,Drought Events,2,EM-DAT (Realistic Simulation),2025-10-18
Saudi Arabia,2021,Flood Events,1,EM-DAT (Realistic Simulation),2025-10-18
Saudi Arabia,2021,Storm Events,2,EM-DAT (Realistic Simulation),2025-10-18
Saudi Arabia,2021,Food Security Impact Score,5.283756171935588,EM-DAT (Realistic Simulation),2025-10-18
Saudi Arabia,2022,Number of Disasters,5,EM-DAT (Realistic Simulation),2025-10-18
Saudi Arabia,2022,Total Affected (people),82474.64991999397,EM-DAT (Realistic Simulation),2025-10-18
Saudi Arabia,2022,Total Damages (USD millions),23.168918196527656,EM-DAT (Realistic Simulation),2025-10-18
Saudi Arabia,2022,Drought Events,0,EM-DAT (Realistic Simulation),2025-10-18
Saudi Arabia,2022,Flood Events,0,EM-DAT (Realistic Simulation),2025-10-18
Saudi Arabia,2022,Storm Events,0,EM-DAT (Realistic Simulation),2025-10-18
Saudi Arabia,2022,Food Security Impact Score,2.6264823034607194,EM-DAT (Realistic Simulation),2025-10-18
Saudi Arabia,2023,Number of Disasters,3,EM-DAT (Realistic Simulation),2025-10-18
Saudi Arabia,2023,Total Affected (people),38599.98375229364,EM-DAT (Realistic Simulation),2025-10-18
Saudi Arabia,2023,Total Damages (USD millions),0,EM-DAT (Realistic Simulation),2025-10-18
Saudi Arabia,2023,Drought Events,0,EM-DAT (Realistic Simulation),2025-10-18
Saudi Arabia,2023,Flood Events,1,EM-DAT (Realistic Simulation),2025-10-18
Saudi Arabia,2023,Storm Events,2,EM-DAT (Realistic Simulation),2025-10-18
Saudi Arabia,2023,Food Security Impact Score,1.788455807579854,EM-DAT (Realistic Simulation),2025-10-18
Senegal,2020,Number of Disasters,4,EM-DAT (Realistic Simulation),2025-10-18
Senegal,2020,Total Affected (people),180983.76753514056,EM-DAT (Realistic Simulation),2025-10-18
Senegal,2020,Total Damages (USD millions),0,EM-DAT (Realistic Simulation),2025-10-18
Senegal,2020,Drought Events,1,EM-DAT (Realistic Simulation),2025-10-18
Senegal,2020,Flood Events,2,EM-DAT (Realistic Simulation),2025-10-18
Senegal,2020,Storm Events,1,EM-DAT (Realistic Simulation),2025-10-18
Senegal,2020,Food Security Impact Score,4.147746557321132,EM-DAT (Realistic Simulation),2025-10-18
Senegal,2021,Number of Disasters,2,EM-DAT (Realistic Simulation),2025-10-18
Senegal,2021,Total Affected (people),0,EM-DAT (Realistic Simulation),2025-10-18
Senegal,2021,Total Damages (USD millions),0,EM-DAT (Realistic Simulation),2025-10-18
Senegal,2021,Drought Events,0,EM-DAT (Realistic Simulation),2025-10-18
Senegal,2021,Flood Events,0,EM-DAT (Realistic Simulation),2025-10-18
Senegal,2021,Storm Events,0,EM-DAT (Realistic Simulation),2025-10-18
Senegal,2021,Food Security Impact Score,3.597980021276186,EM-DAT (Realistic Simulation),2025-10-18
Senegal,2022,Number of Disasters,4,EM-DAT (Realistic Simulation),2025-10-18
Senegal,2022,Total Affected (people),0,EM-DAT (Realistic Simulation),2025-10-18
Senegal,2022,Total Damages (USD millions),0,EM-DAT (Realistic Simulation),2025-10-18
Senegal,2022,Drought Events,0,EM-DAT (Realistic Simulation),2025-10-18
Senegal,2022,Flood Events,0,EM-DAT (Realistic Simulation),2025-10-18
Senegal,2022,Storm Events,0,EM-DAT (Realistic Simulation),2025-10-18
Senegal,2022,Food Security Impact Score,4.50170630591266,EM-DAT (Realistic Simulation),2025-10-18
Senegal,2023,Number of Disasters,4,EM-DAT (Realistic Simulation),2025-10-18
Senegal,2023,Total Affected (people),6940.826059898587,EM-DAT (Realistic Simulation),2025-10-18
Senegal,2023,Total Damages (USD millions),382.6793453054314,EM-DAT (Realistic Simulation),2025-10-18
Senegal,2023,Drought Events,0,EM-DAT (Realistic Simulation),2025-10-18
Senegal,2023,Flood Events,1,EM-DAT (Realistic Simulation),2025-10-18
Senegal,2023,Storm Events,1,EM-DAT (Realistic Simulation),2025-10-18
Senegal,2023,Food Security Impact Score,2.0955202480565225,EM-DAT (Realistic Simulation),2025-10-18
Serbia,2020,Number of Disasters,4,EM-DAT (Realistic Simulation),2025-10-18
Serbia,2020,Total Affected (people),40449.74986601298,EM-DAT (Realistic Simulation),2025-10-18
Serbia,2020,Total Damages (USD millions),0,EM-DAT (Realistic Simulation),2025-10-18
Serbia,2020,Drought Events,1,EM-DAT (Realistic Simulation),2025-10-18
Serbia,2020,Flood Events,2,EM-DAT (Realistic Simulation),2025-10-18
Serbia,2020,Storm Events,1,EM-DAT (Realistic Simulation),2025-10-18
Serbia,2020,Food Security Impact Score,2.888890823544985,EM-DAT (Realistic Simulation),2025-10-18
Serbia,2021,Number of Disasters,3,EM-DAT (Realistic Simulation),2025-10-18
Serbia,2021,Total Affected (people),26759.6944096059,EM-DAT (Realistic Simulation),2025-10-18
Serbia,2021,Total Damages (USD millions),61.5411525614173,EM-DAT (Realistic Simulation),2025-10-18
Serbia,2021,Drought Events,1,EM-DAT (Realistic Simulation),2025-10-18
Serbia,2021,Flood Events,0,EM-DAT (Realistic Simulation),2025-10-18
Serbia,2021,Storm Events,1,EM-DAT (Realistic Simulation),2025-10-18
Serbia,2021,Food Security Impact Score,2.570465435960613,EM-DAT (Realistic Simulation),2025-10-18
Serbia,2022,Number of Disasters,3,EM-DAT (Realistic Simulation),2025-10-18
Serbia,2022,Total Affected (people),261532.85674578743,EM-DAT (Realistic Simulation),2025-10-18
Serbia,2022,Total Damages (USD millions),175.2391062254233,EM-DAT (Realistic Simulation),2025-10-18
Serbia,2022,Drought Events,0,EM-DAT (Realistic Simulation),2025-10-18
Serbia,2022,Flood Events,1,EM-DAT (Realistic Simulation),2025-10-18
Serbia,2022,Storm Events,2,EM-DAT (Realistic Simulation),2025-10-18
Serbia,2022,Food Security Impact Score,2.386074639328401,EM-DAT (Realistic Simulation),2025-10-18
Serbia,2023,Number of Disasters,0,EM-DAT (Realistic Simulation),2025-10-18
Serbia,2023,Total Affected (people),0,EM-DAT (Realistic Simulation),2025-10-18
Serbia,2023,Total Damages (USD millions),513.248423036511,EM-DAT (Realistic Simulation),2025-10-18
Serbia,2023,Drought Events,0,EM-DAT (Realistic Simulation),2025-10-18
Serbia,2023,Flood Events,2,EM-DAT (Realistic Simulation),2025-10-18
Serbia,2023,Storm Events,0,EM-DAT (Realistic Simulation),2025-10-18
Serbia,2023,Food Security Impact Score,5.305849249213326,EM-DAT (Realistic Simulation),2025-10-18
Seychelles,2020,Number of Disasters,1,EM-DAT (Realistic Simulation),2025-10-18
Seychelles,2020,Total Affected (people),0,EM-DAT (Realistic Simulation),2025-10-18
Seychelles,2020,Total Damages (USD millions),0,EM-DAT (Realistic Simulation),2025-10-18
Seychelles,2020,Drought Events,0,EM-DAT (Realistic Simulation),2025-10-18
Seychelles,2020,Flood Events,0,EM-DAT (Realistic Simulation),2025-10-18
Seychelles,2020,Storm Events,1,EM-DAT (Realistic Simulation),2025-10-18
Seychelles,2020,Food Security Impact Score,4.889884900703504,EM-DAT (Realistic Simulation),2025-10-18
Seychelles,2021,Number of Disasters,1,EM-DAT (Realistic Simulation),2025-10-18
Seychelles,2021,Total Affected (people),213952.53890866225,EM-DAT (Realistic Simulation),2025-10-18
Seychelles,2021,Total Damages (USD millions),458.9239623398262,EM-DAT (Realistic Simulation),2025-10-18
Seychelles,2021,Drought Events,1,EM-DAT (Realistic Simulation),2025-10-18
Seychelles,2021,Flood Events,3,EM-DAT (Realistic Simulation),2025-10-18
Seychelles,2021,Storm Events,1,EM-DAT (Realistic Simulation),2025-10-18
Seychelles,2021,Food Security Impact Score,4.146424058550091,EM-DAT (Realistic Simulation),2025-10-18
Seychelles,2022,Number of Disasters,2,EM-DAT (Realistic Simulation),2025-10-18
Seychelles,2022,Total Affected (people),151761.91712167775,EM-DAT (Realistic Simulation),2025-10-18
Seychelles,2022,Total Damages (USD millions),0,EM-DAT (Realistic Simulation),2025-10-18
Seychelles,2022,Drought Events,1,EM-DAT (Realistic Simulation),2025-10-18
Seychelles,2022,Flood Events,1,EM-DAT (Realistic Simulation),2025-10-18
Seychelles,2022,Storm Events,1,EM-DAT (Realistic Simulation),2025-10-18
Seychelles,2022,Food Security Impact Score,2.0335488679980895,EM-DAT (Realistic Simulation),2025-10-18
Seychelles,2023,Number of Disasters,1,EM-DAT (Realistic Simulation),2025-10-18
Seychelles,2023,Total Affected (people),0,EM-DAT (Realistic Simulation),2025-10-18
Seychelles,2023,Total Damages (USD millions),825.2550541619606,EM-DAT (Realistic Simulation),2025-10-18
Seychelles,2023,Drought Events,0,EM-DAT (Realistic Simulation),2025-10-18
Seychelles,2023,Flood Events,2,EM-DAT (Realistic Simulation),2025-10-18
Seychelles,2023,Storm Events,0,EM-DAT (Realistic Simulation),2025-10-18
Seychelles,2023,Food Security Impact Score,4.098101114237114,EM-DAT (Realistic Simulation),2025-10-18
Sierra Leone,2020,Number of Disasters,2,EM-DAT (Realistic Simulation),2025-10-18
Sierra Leone,2020,Total Affected (people),43700.52292072661,EM-DAT (Realistic Simulation),2025-10-18
Sierra Leone,2020,Total Damages (USD millions),0,EM-DAT (Realistic Simulation),2025-10-18
Sierra Leone,2020,Drought Events,0,EM-DAT (Realistic Simulation),2025-10-18
Sierra Leone,2020,Flood Events,0,EM-DAT (Realistic Simulation),2025-10-18
Sierra Leone,2020,Storm Events,1,EM-DAT (Realistic Simulation),2025-10-18
Sierra Leone,2020,Food Security Impact Score,1.590936862652752,EM-DAT (Realistic Simulation),2025-10-18
Sierra Leone,2021,Number of Disasters,0,EM-DAT (Realistic Simulation),2025-10-18
Sierra Leone,2021,Total Affected (people),50445.410781325314,EM-DAT (Realistic Simulation),2025-10-18
Sierra Leone,2021,Total Damages (USD millions),602.7447657815422,EM-DAT (Realistic Simulation),2025-10-18
Sierra Leone,2021,Drought Events,1,EM-DAT (Realistic Simulation),2025-10-18
Sierra Leone,2021,Flood Events,0,EM-DAT (Realistic Simulation),2025-10-18
Sierra Leone,2021,Storm Events,2,EM-DAT (Realistic Simulation),2025-10-18
Sierra Leone,2021,Food Security Impact Score,5.441158381241905,EM-DAT (Realistic Simulation),2025-10-18
Sierra Leone,2022,Number of Disasters,2,EM-DAT (Realistic Simulation),2025-10-18
Sierra Leone,2022,Total Affected (people),0,EM-DAT (Realistic Simulation),2025-10-18
Sierra Leone,2022,Total Damages (USD millions),147.499686996295,EM-DAT (Realistic Simulation),2025-10-18
Sierra Leone,2022,Drought Events,0,EM-DAT (Realistic Simulation),2025-10-18
Sierra Leone,2022,Flood Events,0,EM-DAT (Realistic Simulation),2025-10-18
Sierra Leone,2022,Storm Events,2,EM-DAT (Realistic Simulation),2025-10-18
Sierra Leone,2022,Food Security Impact Score,1.8239741250565003,EM-DAT (Realistic Simulation),2025-10-18
Sierra Leone,2023,Number of Disasters,2,EM-DAT (Realistic Simulation),2025-10-18
Sierra Leone,2023,Total Affected (people),0,EM-DAT (Realistic Simulation),2025-10-18
Sierra Leone,2023,Total Damages (USD millions),0,EM-DAT (Realistic Simulation),2025-10-18
Sierra Leone,2023,Drought Events,0,EM-DAT (Realistic Simulation),2025-10-18
Sierra Leone,2023,Flood Events,0,EM-DAT (Realistic Simulation),2025-10-18
Sierra Leone,2023,Storm Events,0,EM-DAT (Realistic Simulation),2025-10-18
Sierra Leone,2023,Food Security Impact Score,1.71675451654299,EM-DAT (Realistic Simulation),2025-10-18
Singapore,2020,Number of Disasters,0,EM-DAT (Realistic Simulation),2025-10-18
Singapore,2020,Total Affected (people),0,EM-DAT (Realistic Simulation),2025-10-18
Singapore,2020,Total Damages (USD millions),400.8700108477413,EM-DAT (Realistic Simulation),2025-10-18
Singapore,2020,Drought Events,0,EM-DAT (Realistic Simulation),2025-10-18
Singapore,2020,Flood Events,1,EM-DAT (Realistic Simulation),2025-10-18
Singapore,2020,Storm Events,0,EM-DAT (Realistic Simulation),2025-10-18
Singapore,2020,Food Security Impact Score,3.432166186796483,EM-DAT (Realistic Simulation),2025-10-18
Singapore,2021,Number of Disasters,0,EM-DAT (Realistic Simulation),2025-10-18
Singapore,2021,Total Affected (people),60757.816005453686,EM-DAT (Realistic Simulation),2025-10-18
Singapore,2021,Total Damages (USD millions),546.537598621628,EM-DAT (Realistic Simulation),2025-10-18
Singapore,2021,Drought Events,1,EM-DAT (Realistic Simulation),2025-10-18
Singapore,2021,Flood Events,1,EM-DAT (Realistic Simulation),2025-10-18
Singapore,2021,Storm Events,0,EM-DAT (Realistic Simulation),2025-10-18
Singapore,2021,Food Security Impact Score,2.172118401469117,EM-DAT (Realistic Simulation),2025-10-18
Singapore,2022,Number of Disasters,1,EM-DAT (Realistic Simulation),2025-10-18
Singapore,2022,Total Affected (people),274383.03614256927,EM-DAT (Realistic Simulation),2025-10-18
Singapore,2022,Total Damages (USD millions),275.45657707536355,EM-DAT (Realistic Simulation),2025-10-18
Singapore,2022,Drought Events,2,EM-DAT (Realistic Simulation),2025-10-18
Singapore,2022,Flood Events,1,EM-DAT (Realistic Simulation),2025-10-18
Singapore,2022,Storm Events,0,EM-DAT (Realistic Simulation),2025-10-18
Singapore,2022,Food Security Impact Score,1.3713830126040993,EM-DAT (Realistic Simulation),2025-10-18
Singapore,2023,Number of Disasters,3,EM-DAT (Realistic Simulation),2025-10-18
Singapore,2023,Total Affected (people),152609.3139948844,EM-DAT (Realistic Simulation),2025-10-18
Singapore,2023,Total Damages (USD millions),0,EM-DAT (Realistic Simulation),2025-10-18
Singapore,2023,Drought Events,0,EM-DAT (Realistic Simulation),2025-10-18
Singapore,2023,Flood Events,0,EM-DAT (Realistic Simulation),2025-10-18
Singapore,2023,Storm Events,0,EM-DAT (Realistic Simulation),2025-10-18
Singapore,2023,Food Security Impact Score,2.276986628198218,EM-DAT (Realistic Simulation),2025-10-18
Sint Maarten (Dutch part),2020,Number of Disasters,3,EM-DAT (Realistic Simulation),2025-10-18
Sint Maarten (Dutch part),2020,Total Affected (people),68142.68629978831,EM-DAT (Realistic Simulation),2025-10-18
Sint Maarten (Dutch part),2020,Total Damages (USD millions),660.4135358235577,EM-DAT (Realistic Simulation),2025-10-18
Sint Maarten (Dutch part),2020,Drought Events,1,EM-DAT (Realistic Simulation),2025-10-18
Sint Maarten (Dutch part),2020,Flood Events,1,EM-DAT (Realistic Simulation),2025-10-18
Sint Maarten (Dutch part),2020,Storm Events,0,EM-DAT (Realistic Simulation),2025-10-18
Sint Maarten (Dutch part),2020,Food Security Impact Score,3.72937112119893,EM-DAT (Realistic Simulation),2025-10-18
Sint Maarten (Dutch part),2021,Number of Disasters,3,EM-DAT (Realistic Simulation),2025-10-18
Sint Maarten (Dutch part),2021,Total Affected (people),186170.0608516757,EM-DAT (Realistic Simulation),2025-10-18
Sint Maarten (Dutch part),2021,Total Damages (USD millions),424.21432389482015,EM-DAT (Realistic Simulation),2025-10-18
Sint Maarten (Dutch part),2021,Drought Events,0,EM-DAT (Realistic Simulation),2025-10-18
Sint Maarten (Dutch part),2021,Flood Events,3,EM-DAT (Realistic Simulation),2025-10-18
Sint Maarten (Dutch part),2021,Storm Events,0,EM-DAT (Realistic Simulation),2025-10-18
Sint Maarten (Dutch part),2021,Food Security Impact Score,2.503754213083634,EM-DAT (Realistic Simulation),2025-10-18
Sint Maarten (Dutch part),2022,Number of Disasters,2,EM-DAT (Realistic Simulation),2025-10-18
Sint Maarten (Dutch part),2022,Total Affected (people),0,EM-DAT (Realistic Simulation),2025-10-18
Sint Maarten (Dutch part),2022,Total Damages (USD millions),0,EM-DAT (Realistic Simulation),2025-10-18
Sint Maarten (Dutch part),2022,Drought Events,2,EM-DAT (Realistic Simulation),2025-10-18
Sint Maarten (Dutch part),2022,Flood Events,2,EM-DAT (Realistic Simulation),2025-10-18
Sint Maarten (Dutch part),2022,Storm Events,2,EM-DAT (Realistic Simulation),2025-10-18
Sint Maarten (Dutch part),2022,Food Security Impact Score,3.5056289186116114,EM-DAT (Realistic Simulation),2025-10-18
Sint Maarten (Dutch part),2023,Number of Disasters,2,EM-DAT (Realistic Simulation),2025-10-18
Sint Maarten (Dutch part),2023,Total Affected (people),186783.94920795513,EM-DAT (Realistic Simulation),2025-10-18
Sint Maarten (Dutch part),2023,Total Damages (USD millions),0,EM-DAT (Realistic Simulation),2025-10-18
Sint Maarten (Dutch part),2023,Drought Events,2,EM-DAT (Realistic Simulation),2025-10-18
Sint Maarten (Dutch part),2023,Flood Events,0,EM-DAT (Realistic Simulation),2025-10-18
Sint Maarten (Dutch part),2023,Storm Events,2,EM-DAT (Realistic Simulation),2025-10-18
Sint Maarten (Dutch part),2023,Food Security Impact Score,1.7538487333608523,EM-DAT (Realistic Simulation),2025-10-18
Slovak Republic,2020,Number of Disasters,0,EM-DAT (Realistic Simulation),2025-10-18
Slovak Republic,2020,Total Affected (people),230386.94790397084,EM-DAT (Realistic Simulation),2025-10-18
Slovak Republic,2020,Total Damages (USD millions),0,EM-DAT (Realistic Simulation),2025-10-18
Slovak Republic,2020,Drought Events,1,EM-DAT (Realistic Simulation),2025-10-18
Slovak Republic,2020,Flood Events,0,EM-DAT (Realistic Simulation),2025-10-18
Slovak Republic,2020,Storm Events,3,EM-DAT (Realistic Simulation),2025-10-18
Slovak Republic,2020,Food Security Impact Score,6.035551397779187,EM-DAT (Realistic Simulation),2025-10-18
Slovak Republic,2021,Number of Disasters,0,EM-DAT (Realistic Simulation),2025-10-18
Slovak Republic,2021,Total Affected (people),21018.92711367777,EM-DAT (Realistic Simulation),2025-10-18
Slovak Republic,2021,Total Damages (USD millions),736.2457444233148,EM-DAT (Realistic Simulation),2025-10-18
Slovak Republic,2021,Drought Events,0,EM-DAT (Realistic Simulation),2025-10-18
Slovak Republic,2021,Flood Events,2,EM-DAT (Realistic Simulation),2025-10-18
Slovak Republic,2021,Storm Events,1,EM-DAT (Realistic Simulation),2025-10-18
Slovak Republic,2021,Food Security Impact Score,4.302804567455867,EM-DAT (Realistic Simulation),2025-10-18
Slovak Republic,2022,Number of Disasters,3,EM-DAT (Realistic Simulation),2025-10-18
Slovak Republic,2022,Total Affected (people),50050.613957815054,EM-DAT (Realistic Simulation),2025-10-18
Slovak Republic,2022,Total Damages (USD millions),86.4413989767136,EM-DAT (Realistic Simulation),2025-10-18
Slovak Republic,2022,Drought Events,0,EM-DAT (Realistic Simulation),2025-10-18
Slovak Republic,2022,Flood Events,0,EM-DAT (Realistic Simulation),2025-10-18
Slovak Republic,2022,Storm Events,0,EM-DAT (Realistic Simulation),2025-10-18
Slovak Republic,2022,Food Security Impact Score,2.089663408087641,EM-DAT (Realistic Simulation),2025-10-18
Slovak Republic,2023,Number of Disasters,0,EM-DAT (Realistic Simulation),2025-10-18
Slovak Republic,2023,Total Affected (people),87730.85224547973,EM-DAT (Realistic Simulation),2025-10-18
Slovak Republic,2023,Total Damages (USD millions),0,EM-DAT (Realistic Simulation),2025-10-18
Slovak Republic,2023,Drought Events,0,EM-DAT (Realistic Simulation),2025-10-18
Slovak Republic,2023,Flood Events,1,EM-DAT (Realistic Simulation),2025-10-18
Slovak Republic,2023,Storm Events,1,EM-DAT (Realistic Simulation),2025-10-18
Slovak Republic,2023,Food Security Impact Score,6.894701819324231,EM-DAT (Realistic Simulation),2025-10-18
Slovenia,2020,Number of Disasters,3,EM-DAT (Realistic Simulation),2025-10-18
Slovenia,2020,Total Affected (people),82022.40882335955,EM-DAT (Realistic Simulation),2025-10-18
Slovenia,2020,Total Damages (USD millions),86.71110470805327,EM-DAT (Realistic Simulation),2025-10-18
Slovenia,2020,Drought Events,2,EM-DAT (Realistic Simulation),2025-10-18
Slovenia,2020,Flood Events,0,EM-DAT (Realistic Simulation),2025-10-18
Slovenia,2020,Storm Events,0,EM-DAT (Realistic Simulation),2025-10-18
Slovenia,2020,Food Security Impact Score,4.153732188258094,EM-DAT (Realistic Simulation),2025-10-18
Slovenia,2021,Number of Disasters,2,EM-DAT (Realistic Simulation),2025-10-18
Slovenia,2021,Total Affected (people),0,EM-DAT (Realistic Simulation),2025-10-18
Slovenia,2021,Total Damages (USD millions),668.6890548643244,EM-DAT (Realistic Simulation),2025-10-18
Slovenia,2021,Drought Events,0,EM-DAT (Realistic Simulation),2025-10-18
Slovenia,2021,Flood Events,1,EM-DAT (Realistic Simulation),2025-10-18
Slovenia,2021,Storm Events,0,EM-DAT (Realistic Simulation),2025-10-18
Slovenia,2021,Food Security Impact Score,6.149071032881544,EM-DAT (Realistic Simulation),2025-10-18
Slovenia,2022,Number of Disasters,3,EM-DAT (Realistic Simulation),2025-10-18
Slovenia,2022,Total Affected (people),11717.45052248294,EM-DAT (Realistic Simulation),2025-10-18
Slovenia,2022,Total Damages (USD millions),0,EM-DAT (Realistic Simulation),2025-10-18
Slovenia,2022,Drought Events,0,EM-DAT (Realistic Simulation),2025-10-18
Slovenia,2022,Flood Events,1,EM-DAT (Realistic Simulation),2025-10-18
Slovenia,2022,Storm Events,1,EM-DAT (Realistic Simulation),2025-10-18
Slovenia,2022,Food Security Impact Score,3.951544645210539,EM-DAT (Realistic Simulation),2025-10-18
Slovenia,2023,Number of Disasters,0,EM-DAT (Realistic Simulation),2025-10-18
Slovenia,2023,Total Affected (people),65891.8830210313,EM-DAT (Realistic Simulation),2025-10-18
Slovenia,2023,Total Damages (USD millions),134.59122751965657,EM-DAT (Realistic Simulation),2025-10-18
Slovenia,2023,Drought Events,2,EM-DAT (Realistic Simulation),2025-10-18
Slovenia,2023,Flood Events,1,EM-DAT (Realistic Simulation),2025-10-18
Slovenia,2023,Storm Events,0,EM-DAT (Realistic Simulation),2025-10-18
Slovenia,2023,Food Security Impact Score,0,EM-DAT (Realistic Simulation),2025-10-18
Small states,2020,Number of Disasters,2,EM-DAT (Realistic Simulation),2025-10-18
Small states,2020,Total Affected (people),0,EM-DAT (Realistic Simulation),2025-10-18
Small states,2020,Total Damages (USD millions),685.1288784105456,EM-DAT (Realistic Simulation),2025-10-18
Small states,2020,Drought Events,0,EM-DAT (Realistic Simulation),2025-10-18
Small states,2020,Flood Events,0,EM-DAT (Realistic Simulation),2025-10-18
Small states,2020,Storm Events,0,EM-DAT (Realistic Simulation),2025-10-18
Small states,2020,Food Security Impact Score,0,EM-DAT (Realistic Simulation),2025-10-18
Small states,2021,Number of Disasters,2,EM-DAT (Realistic Simulation),2025-10-18
Small states,2021,Total Affected (people),0,EM-DAT (Realistic Simulation),2025-10-18
Small states,2021,Total Damages (USD millions),934.3534989869223,EM-DAT (Realistic Simulation),2025-10-18
Small states,2021,Drought Events,2,EM-DAT (Realistic Simulation),2025-10-18
Small states,2021,Flood Events,0,EM-DAT (Realistic Simulation),2025-10-18
Small states,2021,Storm Events,1,EM-DAT (Realistic Simulation),2025-10-18
Small states,2021,Food Security Impact Score,2.810767196847883,EM-DAT (Realistic Simulation),2025-10-18
Small states,2022,Number of Disasters,1,EM-DAT (Realistic Simulation),2025-10-18
Small states,2022,Total Affected (people),0,EM-DAT (Realistic Simulation),2025-10-18
Small states,2022,Total Damages (USD millions),384.7486558837769,EM-DAT (Realistic Simulation),2025-10-18
Small states,2022,Drought Events,0,EM-DAT (Realistic Simulation),2025-10-18
Small states,2022,Flood Events,0,EM-DAT (Realistic Simulation),2025-10-18
Small states,2022,Storm Events,0,EM-DAT (Realistic Simulation),2025-10-18
Small states,2022,Food Security Impact Score,3.693155634337186,EM-DAT (Realistic Simulation),2025-10-18
Small states,2023,Number of Disasters,2,EM-DAT (Realistic Simulation),2025-10-18
Small states,2023,Total Affected (people),91388.88422506672,EM-DAT (Realistic Simulation),2025-10-18
Small states,2023,Total Damages (USD millions),216.92357961139192,EM-DAT (Realistic Simulation),2025-10-18
Small states,2023,Drought Events,1,EM-DAT (Realistic Simulation),2025-10-18
Small states,2023,Flood Events,0,EM-DAT (Realistic Simulation),2025-10-18
Small states,2023,Storm Events,2,EM-DAT (Realistic Simulation),2025-10-18
Small states,2023,Food Security Impact Score,2.3478940408902984,EM-DAT (Realistic Simulation),2025-10-18
Solomon Islands,2020,Number of Disasters,3,EM-DAT (Realistic Simulation),2025-10-18
Solomon Islands,2020,Total Affected (people),14997.3319986364,EM-DAT (Realistic Simulation),2025-10-18
Solomon Islands,2020,Total Damages (USD millions),338.3927898893337,EM-DAT (Realistic Simulation),2025-10-18
Solomon Islands,2020,Drought Events,1,EM-DAT (Realistic Simulation),2025-10-18
Solomon Islands,2020,Flood Events,0,EM-DAT (Realistic Simulation),2025-10-18
Solomon Islands,2020,Storm Events,1,EM-DAT (Realistic Simulation),2025-10-18
Solomon Islands,2020,Food Security Impact Score,2.6318887609212678,EM-DAT (Realistic Simulation),2025-10-18
Solomon Islands,2021,Number of Disasters,1,EM-DAT (Realistic Simulation),2025-10-18
Solomon Islands,2021,Total Affected (people),27613.362049350082,EM-DAT (Realistic Simulation),2025-10-18
Solomon Islands,2021,Total Damages (USD millions),222.67269158518388,EM-DAT (Realistic Simulation),2025-10-18
Solomon Islands,2021,Drought Events,0,EM-DAT (Realistic Simulation),2025-10-18
Solomon Islands,2021,Flood Events,1,EM-DAT (Realistic Simulation),2025-10-18
Solomon Islands,2021,Storm Events,1,EM-DAT (Realistic Simulation),2025-10-18
Solomon Islands,2021,Food Security Impact Score,0,EM-DAT (Realistic Simulation),2025-10-18
Solomon Islands,2022,Number of Disasters,3,EM-DAT (Realistic Simulation),2025-10-18
Solomon Islands,2022,Total Affected (people),6373.890282317363,EM-DAT (Realistic Simulation),2025-10-18
Solomon Islands,2022,Total Damages (USD millions),0,EM-DAT (Realistic Simulation),2025-10-18
Solomon Islands,2022,Drought Events,0,EM-DAT (Realistic Simulation),2025-10-18
Solomon Islands,2022,Flood Events,0,EM-DAT (Realistic Simulation),2025-10-18
Solomon Islands,2022,Storm Events,0,EM-DAT (Realistic Simulation),2025-10-18
Solomon Islands,2022,Food Security Impact Score,0,EM-DAT (Realistic Simulation),2025-10-18
Solomon Islands,2023,Number of Disasters,3,EM-DAT (Realistic Simulation),2025-10-18
Solomon Islands,2023,Total Affected (people),55662.53442991123,EM-DAT (Realistic Simulation),2025-10-18
Solomon Islands,2023,Total Damages (USD millions),916.0279376019203,EM-DAT (Realistic Simulation),2025-10-18
Solomon Islands,2023,Drought Events,0,EM-DAT (Realistic Simulation),2025-10-18
Solomon Islands,2023,Flood Events,1,EM-DAT (Realistic Simulation),2025-10-18
Solomon Islands,2023,Storm Events,1,EM-DAT (Realistic Simulation),2025-10-18
Solomon Islands,2023,Food Security Impact Score,1.15950694093661,EM-DAT (Realistic Simulation),2025-10-18
"Somalia, Fed. Rep.",2020,Number of Disasters,2,EM-DAT (Realistic Simulation),2025-10-18
"Somalia, Fed. Rep.",2020,Total Affected (people),56685.143551628345,EM-DAT (Realistic Simulation),2025-10-18
"Somalia, Fed. Rep.",2020,Total Damages (USD millions),277.67574272833224,EM-DAT (Realistic Simulation),2025-10-18
"Somalia, Fed. Rep.",2020,Drought Events,4,EM-DAT (Realistic Simulation),2025-10-18
"Somalia, Fed. Rep.",2020,Flood Events,1,EM-DAT (Realistic Simulation),2025-10-18
"Somalia, Fed. Rep.",2020,Storm Events,1,EM-DAT (Realistic Simulation),2025-10-18
"Somalia, Fed. Rep.",2020,Food Security Impact Score,3.8263008886896266,EM-DAT (Realistic Simulation),2025-10-18
"Somalia, Fed. Rep.",2021,Number of Disasters,1,EM-DAT (Realistic Simulation),2025-10-18
"Somalia, Fed. Rep.",2021,Total Affected (people),86408.2150252639,EM-DAT (Realistic Simulation),2025-10-18
"Somalia, Fed. Rep.",2021,Total Damages (USD millions),334.50708097107855,EM-DAT (Realistic Simulation),2025-10-18
"Somalia, Fed. Rep.",2021,Drought Events,1,EM-DAT (Realistic Simulation),2025-10-18
"Somalia, Fed. Rep.",2021,Flood Events,3,EM-DAT (Realistic Simulation),2025-10-18
"Somalia, Fed. Rep.",2021,Storm Events,3,EM-DAT (Realistic Simulation),2025-10-18
"Somalia, Fed. Rep.",2021,Food Security Impact Score,6.426326688957172,EM-DAT (Realistic Simulation),2025-10-18
"Somalia, Fed. Rep.",2022,Number of Disasters,4,EM-DAT (Realistic Simulation),2025-10-18
"Somalia, Fed. Rep.",2022,Total Affected (people),16571.86365485198,EM-DAT (Realistic Simulation),2025-10-18
"Somalia, Fed. Rep.",2022,Total Damages (USD millions),181.93361092192185,EM-DAT (Realistic Simulation),2025-10-18
"Somalia, Fed. Rep.",2022,Drought Events,1,EM-DAT (Realistic Simulation),2025-10-18
"Somalia, Fed. Rep.",2022,Flood Events,0,EM-DAT (Realistic Simulation),2025-10-18
"Somalia, Fed. Rep.",2022,Storm Events,1,EM-DAT (Realistic Simulation),2025-10-18
"Somalia, Fed. Rep.",2022,Food Security Impact Score,1.3223907106468187,EM-DAT (Realistic Simulation),2025-10-18
"Somalia, Fed. Rep.",2023,Number of Disasters,1,EM-DAT (Realistic Simulation),2025-10-18
"Somalia, Fed. Rep.",2023,Total Affected (people),0,EM-DAT (Realistic Simulation),2025-10-18
"Somalia, Fed. Rep.",2023,Total Damages (USD millions),0,EM-DAT (Realistic Simulation),2025-10-18
"Somalia, Fed. Rep.",2023,Drought Events,1,EM-DAT (Realistic Simulation),2025-10-18
"Somalia, Fed. Rep.",2023,Flood Events,1,EM-DAT (Realistic Simulation),2025-10-18
"Somalia, Fed. Rep.",2023,Storm Events,0,EM-DAT (Realistic Simulation),2025-10-18
"Somalia, Fed. Rep.",2023,Food Security Impact Score,1.158036266307411,EM-DAT (Realistic Simulation),2025-10-18
South Africa,2020,Number of Disasters,3,EM-DAT (Realistic Simulation),2025-10-18
South Africa,2020,Total Affected (people),0,EM-DAT (Realistic Simulation),2025-10-18
South Africa,2020,Total Damages (USD millions),0,EM-DAT (Realistic Simulation),2025-10-18
South Africa,2020,Drought Events,0,EM-DAT (Realistic Simulation),2025-10-18
South Africa,2020,Flood Events,0,EM-DAT (Realistic Simulation),2025-10-18
South Africa,2020,Storm Events,1,EM-DAT (Realistic Simulation),2025-10-18
South Africa,2020,Food Security Impact Score,1.9442028130489764,EM-DAT (Realistic Simulation),2025-10-18
South Africa,2021,Number of Disasters,2,EM-DAT (Realistic Simulation),2025-10-18
South Africa,2021,Total Affected (people),0,EM-DAT (Realistic Simulation),2025-10-18
South Africa,2021,Total Damages (USD millions),616.7575486686865,EM-DAT (Realistic Simulation),2025-10-18
South Africa,2021,Drought Events,0,EM-DAT (Realistic Simulation),2025-10-18
South Africa,2021,Flood Events,0,EM-DAT (Realistic Simulation),2025-10-18
South Africa,2021,Storm Events,1,EM-DAT (Realistic Simulation),2025-10-18
South Africa,2021,Food Security Impact Score,5.079012268084252,EM-DAT (Realistic Simulation),2025-10-18
South Africa,2022,Number of Disasters,3,EM-DAT (Realistic Simulation),2025-10-18
South Africa,2022,Total Affected (people),0,EM-DAT (Realistic Simulation),2025-10-18
South Africa,2022,Total Damages (USD millions),446.46837781947835,EM-DAT (Realistic Simulation),2025-10-18
South Africa,2022,Drought Events,0,EM-DAT (Realistic Simulation),2025-10-18
South Africa,2022,Flood Events,3,EM-DAT (Realistic Simulation),2025-10-18
South Africa,2022,Storm Events,3,EM-DAT (Realistic Simulation),2025-10-18
South Africa,2022,Food Security Impact Score,2.7397544576365793,EM-DAT (Realistic Simulation),2025-10-18
South Africa,2023,Number of Disasters,1,EM-DAT (Realistic Simulation),2025-10-18
South Africa,2023,Total Affected (people),0,EM-DAT (Realistic Simulation),2025-10-18
South Africa,2023,Total Damages (USD millions),0,EM-DAT (Realistic Simulation),2025-10-18
South Africa,2023,Drought Events,1,EM-DAT (Realistic Simulation),2025-10-18
South Africa,2023,Flood Events,1,EM-DAT (Realistic Simulation),2025-10-18
South Africa,2023,Storm Events,0,EM-DAT (Realistic Simulation),2025-10-18
South Africa,2023,Food Security Impact Score,4.887150421812543,EM-DAT (Realistic Simulation),2025-10-18
South Asia,2020,Number of Disasters,3,EM-DAT (Realistic Simulation),2025-10-18
South Asia,2020,Total Affected (people),0,EM-DAT (Realistic Simulation),2025-10-18
South Asia,2020,Total Damages (USD millions),0,EM-DAT (Realistic Simulation),2025-10-18
South Asia,2020,Drought Events,1,EM-DAT (Realistic Simulation),2025-10-18
South Asia,2020,Flood Events,1,EM-DAT (Realistic Simulation),2025-10-18
South Asia,2020,Storm Events,0,EM-DAT (Realistic Simulation),2025-10-18
South Asia,2020,Food Security Impact Score,0,EM-DAT (Realistic Simulation),2025-10-18
South Asia,2021,Number of Disasters,0,EM-DAT (Realistic Simulation),2025-10-18
South Asia,2021,Total Affected (people),105537.84797506157,EM-DAT (Realistic Simulation),2025-10-18
South Asia,2021,Total Damages (USD millions),0,EM-DAT (Realistic Simulation),2025-10-18
South Asia,2021,Drought Events,3,EM-DAT (Realistic Simulation),2025-10-18
South Asia,2021,Flood Events,1,EM-DAT (Realistic Simulation),2025-10-18
South Asia,2021,Storm Events,0,EM-DAT (Realistic Simulation),2025-10-18
South Asia,2021,Food Security Impact Score,3.2449668654310218,EM-DAT (Realistic Simulation),2025-10-18
South Asia,2022,Number of Disasters,1,EM-DAT (Realistic Simulation),2025-10-18
South Asia,2022,Total Affected (people),0,EM-DAT (Realistic Simulation),2025-10-18
South Asia,2022,Total Damages (USD millions),506.11294119474786,EM-DAT (Realistic Simulation),2025-10-18
South Asia,2022,Drought Events,0,EM-DAT (Realistic Simulation),2025-10-18
South Asia,2022,Flood Events,0,EM-DAT (Realistic Simulation),2025-10-18
South Asia,2022,Storm Events,2,EM-DAT (Realistic Simulation),2025-10-18
South Asia,2022,Food Security Impact Score,4.450753417703515,EM-DAT (Realistic Simulation),2025-10-18
South Asia,2023,Number of Disasters,0,EM-DAT (Realistic Simulation),2025-10-18
South Asia,2023,Total Affected (people),0,EM-DAT (Realistic Simulation),2025-10-18
South Asia,2023,Total Damages (USD millions),0,EM-DAT (Realistic Simulation),2025-10-18
South Asia,2023,Drought Events,0,EM-DAT (Realistic Simulation),2025-10-18
South Asia,2023,Flood Events,0,EM-DAT (Realistic Simulation),2025-10-18
South Asia,2023,Storm Events,2,EM-DAT (Realistic Simulation),2025-10-18
South Asia,2023,Food Security Impact Score,0.12550758615073887,EM-DAT (Realistic Simulation),2025-10-18
South Asia (IDA & IBRD),2020,Number of Disasters,5,EM-DAT (Realistic Simulation),2025-10-18
South Asia (IDA & IBRD),2020,Total Affected (people),141581.39980328028,EM-DAT (Realistic Simulation),2025-10-18
South Asia (IDA & IBRD),2020,Total Damages (USD millions),0,EM-DAT (Realistic Simulation),2025-10-18
South Asia (IDA & IBRD),2020,Drought Events,0,EM-DAT (Realistic Simulation),2025-10-18
South Asia (IDA & IBRD),2020,Flood Events,0,EM-DAT (Realistic Simulation),2025-10-18
South Asia (IDA & IBRD),2020,Storm Events,1,EM-DAT (Realistic Simulation),2025-10-18
South Asia (IDA & IBRD),2020,Food Security Impact Score,6.6372492612264224,EM-DAT (Realistic Simulation),2025-10-18
South Asia (IDA & IBRD),2021,Number of Disasters,5,EM-DAT (Realistic Simulation),2025-10-18
South Asia (IDA & IBRD),2021,Total Affected (people),149236.42622508205,EM-DAT (Realistic Simulation),2025-10-18
South Asia (IDA & IBRD),2021,Total Damages (USD millions),0,EM-DAT (Realistic Simulation),2025-10-18
South Asia (IDA & IBRD),2021,Drought Events,1,EM-DAT (Realistic Simulation),2025-10-18
South Asia (IDA & IBRD),2021,Flood Events,1,EM-DAT (Realistic Simulation),2025-10-18
South Asia (IDA & IBRD),2021,Storm Events,0,EM-DAT (Realistic Simulation),2025-10-18
South Asia (IDA & IBRD),2021,Food Security Impact Score,0.644544207413468,EM-DAT (Realistic Simulation),2025-10-18
South Asia (IDA & IBRD),2022,Number of Disasters,2,EM-DAT (Realistic Simulation),2025-10-18
South Asia (IDA & IBRD),2022,Total Affected (people),0,EM-DAT (Realistic Simulation),2025-10-18
South Asia (IDA & IBRD),2022,Total Damages (USD millions),53.56527554941334,EM-DAT (Realistic Simulation),2025-10-18
South Asia (IDA & IBRD),2022,Drought Events,0,EM-DAT (Realistic Simulation),2025-10-18
South Asia (IDA & IBRD),2022,Flood Events,0,EM-DAT (Realistic Simulation),2025-10-18
South Asia (IDA & IBRD),2022,Storm Events,0,EM-DAT (Realistic Simulation),2025-10-18
South Asia (IDA & IBRD),2022,Food Security Impact Score,2.587026522218992,EM-DAT (Realistic Simulation),2025-10-18
South Asia (IDA & IBRD),2023,Number of Disasters,2,EM-DAT (Realistic Simulation),2025-10-18
South Asia (IDA & IBRD),2023,Total Affected (people),0,EM-DAT (Realistic Simulation),2025-10-18
South Asia (IDA & IBRD),2023,Total Damages (USD millions),0,EM-DAT (Realistic Simulation),2025-10-18
South Asia (IDA & IBRD),2023,Drought Events,0,EM-DAT (Realistic Simulation),2025-10-18
South Asia (IDA & IBRD),2023,Flood Events,0,EM-DAT (Realistic Simulation),2025-10-18
South Asia (IDA & IBRD),2023,Storm Events,0,EM-DAT (Realistic Simulation),2025-10-18
South Asia (IDA & IBRD),2023,Food Security Impact Score,4.155763230039509,EM-DAT (Realistic Simulation),2025-10-18
South Sudan,2020,Number of Disasters,3,EM-DAT (Realistic Simulation),2025-10-18
South Sudan,2020,Total Affected (people),158609.93885673964,EM-DAT (Realistic Simulation),2025-10-18
South Sudan,2020,Total Damages (USD millions),140.70616613793624,EM-DAT (Realistic Simulation),2025-10-18
South Sudan,2020,Drought Events,2,EM-DAT (Realistic Simulation),2025-10-18
South Sudan,2020,Flood Events,2,EM-DAT (Realistic Simulation),2025-10-18
South Sudan,2020,Storm Events,1,EM-DAT (Realistic Simulation),2025-10-18
South Sudan,2020,Food Security Impact Score,5.943370026107727,EM-DAT (Realistic Simulation),2025-10-18
South Sudan,2021,Number of Disasters,4,EM-DAT (Realistic Simulation),2025-10-18
South Sudan,2021,Total Affected (people),198701.62837722347,EM-DAT (Realistic Simulation),2025-10-18
South Sudan,2021,Total Damages (USD millions),512.113163010802,EM-DAT (Realistic Simulation),2025-10-18
South Sudan,2021,Drought Events,0,EM-DAT (Realistic Simulation),2025-10-18
South Sudan,2021,Flood Events,0,EM-DAT (Realistic Simulation),2025-10-18
South Sudan,2021,Storm Events,1,EM-DAT (Realistic Simulation),2025-10-18
South Sudan,2021,Food Security Impact Score,0,EM-DAT (Realistic Simulation),2025-10-18
South Sudan,2022,Number of Disasters,3,EM-DAT (Realistic Simulation),2025-10-18
South Sudan,2022,Total Affected (people),80313.67408002593,EM-DAT (Realistic Simulation),2025-10-18
South Sudan,2022,Total Damages (USD millions),0,EM-DAT (Realistic Simulation),2025-10-18
South Sudan,2022,Drought Events,2,EM-DAT (Realistic Simulation),2025-10-18
South Sudan,2022,Flood Events,1,EM-DAT (Realistic Simulation),2025-10-18
South Sudan,2022,Storm Events,0,EM-DAT (Realistic Simulation),2025-10-18
South Sudan,2022,Food Security Impact Score,4.964271933235766,EM-DAT (Realistic Simulation),2025-10-18
South Sudan,2023,Number of Disasters,3,EM-DAT (Realistic Simulation),2025-10-18
South Sudan,2023,Total Affected (people),0,EM-DAT (Realistic Simulation),2025-10-18
South Sudan,2023,Total Damages (USD millions),0,EM-DAT (Realistic Simulation),2025-10-18
South Sudan,2023,Drought Events,0,EM-DAT (Realistic Simulation),2025-10-18
South Sudan,2023,Flood Events,0,EM-DAT (Realistic Simulation),2025-10-18
South Sudan,2023,Storm Events,1,EM-DAT (Realistic Simulation),2025-10-18
South Sudan,2023,Food Security Impact Score,0.5387477901147006,EM-DAT (Realistic Simulation),2025-10-18
Spain,2020,Number of Disasters,1,EM-DAT (Realistic Simulation),2025-10-18
Spain,2020,Total Affected (people),102954.29728657354,EM-DAT (Realistic Simulation),2025-10-18
Spain,2020,Total Damages (USD millions),0,EM-DAT (Realistic Simulation),2025-10-18
Spain,2020,Drought Events,1,EM-DAT (Realistic Simulation),2025-10-18
Spain,2020,Flood Events,3,EM-DAT (Realistic Simulation),2025-10-18
Spain,2020,Storm Events,0,EM-DAT (Realistic Simulation),2025-10-18
Spain,2020,Food Security Impact Score,4.380518675269609,EM-DAT (Realistic Simulation),2025-10-18
Spain,2021,Number of Disasters,2,EM-DAT (Realistic Simulation),2025-10-18
Spain,2021,Total Affected (people),167444.45834439396,EM-DAT (Realistic Simulation),2025-10-18
Spain,2021,Total Damages (USD millions),0,EM-DAT (Realistic Simulation),2025-10-18
Spain,2021,Drought Events,1,EM-DAT (Realistic Simulation),2025-10-18
Spain,2021,Flood Events,1,EM-DAT (Realistic Simulation),2025-10-18
Spain,2021,Storm Events,1,EM-DAT (Realistic Simulation),2025-10-18
Spain,2021,Food Security Impact Score,7.47545596066107,EM-DAT (Realistic Simulation),2025-10-18
Spain,2022,Number of Disasters,2,EM-DAT (Realistic Simulation),2025-10-18
Spain,2022,Total Affected (people),97796.8769296383,EM-DAT (Realistic Simulation),2025-10-18
Spain,2022,Total Damages (USD millions),92.77329255389986,EM-DAT (Realistic Simulation),2025-10-18
Spain,2022,Drought Events,0,EM-DAT (Realistic Simulation),2025-10-18
Spain,2022,Flood Events,0,EM-DAT (Realistic Simulation),2025-10-18
Spain,2022,Storm Events,0,EM-DAT (Realistic Simulation),2025-10-18
Spain,2022,Food Security Impact Score,1.6017743898988228,EM-DAT (Realistic Simulation),2025-10-18
Spain,2023,Number of Disasters,3,EM-DAT (Realistic Simulation),2025-10-18
Spain,2023,Total Affected (people),111052.64946660014,EM-DAT (Realistic Simulation),2025-10-18
Spain,2023,Total Damages (USD millions),99.35467389324032,EM-DAT (Realistic Simulation),2025-10-18
Spain,2023,Drought Events,0,EM-DAT (Realistic Simulation),2025-10-18
Spain,2023,Flood Events,0,EM-DAT (Realistic Simulation),2025-10-18
Spain,2023,Storm Events,0,EM-DAT (Realistic Simulation),2025-10-18
Spain,2023,Food Security Impact Score,3.001873329672362,EM-DAT (Realistic Simulation),2025-10-18
Sri Lanka,2020,Number of Disasters,4,EM-DAT (Realistic Simulation),2025-10-18
Sri Lanka,2020,Total Affected (people),0,EM-DAT (Realistic Simulation),2025-10-18
Sri Lanka,2020,Total Damages (USD millions),417.3270111671357,EM-DAT (Realistic Simulation),2025-10-18
Sri Lanka,2020,Drought Events,1,EM-DAT (Realistic Simulation),2025-10-18
Sri Lanka,2020,Flood Events,1,EM-DAT (Realistic Simulation),2025-10-18
Sri Lanka,2020,Storm Events,1,EM-DAT (Realistic Simulation),2025-10-18
Sri Lanka,2020,Food Security Impact Score,3.5469375260799905,EM-DAT (Realistic Simulation),2025-10-18
Sri Lanka,2021,Number of Disasters,2,EM-DAT (Realistic Simulation),2025-10-18
Sri Lanka,2021,Total Affected (people),28119.000111929097,EM-DAT (Realistic Simulation),2025-10-18
Sri Lanka,2021,Total Damages (USD millions),0,EM-DAT (Realistic Simulation),2025-10-18
Sri Lanka,2021,Drought Events,0,EM-DAT (Realistic Simulation),2025-10-18
Sri Lanka,2021,Flood Events,0,EM-DAT (Realistic Simulation),2025-10-18
Sri Lanka,2021,Storm Events,1,EM-DAT (Realistic Simulation),2025-10-18
Sri Lanka,2021,Food Security Impact Score,9.153785665475024,EM-DAT (Realistic Simulation),2025-10-18
Sri Lanka,2022,Number of Disasters,1,EM-DAT (Realistic Simulation),2025-10-18
Sri Lanka,2022,Total Affected (people),0,EM-DAT (Realistic Simulation),2025-10-18
Sri Lanka,2022,Total Damages (USD millions),676.8042830353504,EM-DAT (Realistic Simulation),2025-10-18
Sri Lanka,2022,Drought Events,1,EM-DAT (Realistic Simulation),2025-10-18
Sri Lanka,2022,Flood Events,1,EM-DAT (Realistic Simulation),2025-10-18
Sri Lanka,2022,Storm Events,1,EM-DAT (Realistic Simulation),2025-10-18
Sri Lanka,2022,Food Security Impact Score,1.258138193720328,EM-DAT (Realistic Simulation),2025-10-18
Sri Lanka,2023,Number of Disasters,2,EM-DAT (Realistic Simulation),2025-10-18
Sri Lanka,2023,Total Affected (people),0,EM-DAT (Realistic Simulation),2025-10-18
Sri Lanka,2023,Total Damages (USD millions),0,EM-DAT (Realistic Simulation),2025-10-18
Sri Lanka,2023,Drought Events,1,EM-DAT (Realistic Simulation),2025-10-18
Sri Lanka,2023,Flood Events,1,EM-DAT (Realistic Simulation),2025-10-18
Sri Lanka,2023,Storm Events,0,EM-DAT (Realistic Simulation),2025-10-18
Sri Lanka,2023,Food Security Impact Score,1.3297619955638074,EM-DAT (Realistic Simulation),2025-10-18
St. Kitts and Nevis,2020,Number of Disasters,1,EM-DAT (Realistic Simulation),2025-10-18
St. Kitts and Nevis,2020,Total Affected (people),68620.3573172962,EM-DAT (Realistic Simulation),2025-10-18
St. Kitts and Nevis,2020,Total Damages (USD millions),629.1204251923895,EM-DAT (Realistic Simulation),2025-10-18
St. Kitts and Nevis,2020,Drought Events,1,EM-DAT (Realistic Simulation),2025-10-18
St. Kitts and Nevis,2020,Flood Events,0,EM-DAT (Realistic Simulation),2025-10-18
St. Kitts and Nevis,2020,Storm Events,0,EM-DAT (Realistic Simulation),2025-10-18
St. Kitts and Nevis,2020,Food Security Impact Score,2.2245344917473684,EM-DAT (Realistic Simulation),2025-10-18
St. Kitts and Nevis,2021,Number of Disasters,1,EM-DAT (Realistic Simulation),2025-10-18
St. Kitts and Nevis,2021,Total Affected (people),100045.9367552028,EM-DAT (Realistic Simulation),2025-10-18
St. Kitts and Nevis,2021,Total Damages (USD millions),1511.096370596759,EM-DAT (Realistic Simulation),2025-10-18
St. Kitts and Nevis,2021,Drought Events,0,EM-DAT (Realistic Simulation),2025-10-18
St. Kitts and Nevis,2021,Flood Events,0,EM-DAT (Realistic Simulation),2025-10-18
St. Kitts and Nevis,2021,Storm Events,1,EM-DAT (Realistic Simulation),2025-10-18
St. Kitts and Nevis,2021,Food Security Impact Score,5.182487636071081,EM-DAT (Realistic Simulation),2025-10-18
St. Kitts and Nevis,2022,Number of Disasters,3,EM-DAT (Realistic Simulation),2025-10-18
St. Kitts and Nevis,2022,Total Affected (people),46315.842923984674,EM-DAT (Realistic Simulation),2025-10-18
St. Kitts and Nevis,2022,Total Damages (USD millions),436.672856699665,EM-DAT (Realistic Simulation),2025-10-18
St. Kitts and Nevis,2022,Drought Events,2,EM-DAT (Realistic Simulation),2025-10-18
St. Kitts and Nevis,2022,Flood Events,4,EM-DAT (Realistic Simulation),2025-10-18
St. Kitts and Nevis,2022,Storm Events,0,EM-DAT (Realistic Simulation),2025-10-18
St. Kitts and Nevis,2022,Food Security Impact Score,1.5793319706465228,EM-DAT (Realistic Simulation),2025-10-18
St. Kitts and Nevis,2023,Number of Disasters,6,EM-DAT (Realistic Simulation),2025-10-18
St. Kitts and Nevis,2023,Total Affected (people),0,EM-DAT (Realistic Simulation),2025-10-18
St. Kitts and Nevis,2023,Total Damages (USD millions),104.68809593164174,EM-DAT (Realistic Simulation),2025-10-18
St. Kitts and Nevis,2023,Drought Events,1,EM-DAT (Realistic Simulation),2025-10-18
St. Kitts and Nevis,2023,Flood Events,4,EM-DAT (Realistic Simulation),2025-10-18
St. Kitts and Nevis,2023,Storm Events,0,EM-DAT (Realistic Simulation),2025-10-18
St. Kitts and Nevis,2023,Food Security Impact Score,3.8570206103880285,EM-DAT (Realistic Simulation),2025-10-18
St. Lucia,2020,Number of Disasters,2,EM-DAT (Realistic Simulation),2025-10-18
St. Lucia,2020,Total Affected (people),0,EM-DAT (Realistic Simulation),2025-10-18
St. Lucia,2020,Total Damages (USD millions),0,EM-DAT (Realistic Simulation),2025-10-18
St. Lucia,2020,Drought Events,2,EM-DAT (Realistic Simulation),2025-10-18
St. Lucia,2020,Flood Events,0,EM-DAT (Realistic Simulation),2025-10-18
St. Lucia,2020,Storm Events,0,EM-DAT (Realistic Simulation),2025-10-18
St. Lucia,2020,Food Security Impact Score,4.7543750104865286,EM-DAT (Realistic Simulation),2025-10-18
St. Lucia,2021,Number of Disasters,1,EM-DAT (Realistic Simulation),2025-10-18
St. Lucia,2021,Total Affected (people),0,EM-DAT (Realistic Simulation),2025-10-18
St. Lucia,2021,Total Damages (USD millions),54.04662832111831,EM-DAT (Realistic Simulation),2025-10-18
St. Lucia,2021,Drought Events,2,EM-DAT (Realistic Simulation),2025-10-18
St. Lucia,2021,Flood Events,1,EM-DAT (Realistic Simulation),2025-10-18
St. Lucia,2021,Storm Events,0,EM-DAT (Realistic Simulation),2025-10-18
St. Lucia,2021,Food Security Impact Score,4.401972797405815,EM-DAT (Realistic Simulation),2025-10-18
St. Lucia,2022,Number of Disasters,1,EM-DAT (Realistic Simulation),2025-10-18
St. Lucia,2022,Total Affected (people),0,EM-DAT (Realistic Simulation),2025-10-18
St. Lucia,2022,Total Damages (USD millions),0,EM-DAT (Realistic Simulation),2025-10-18
St. Lucia,2022,Drought Events,0,EM-DAT (Realistic Simulation),2025-10-18
St. Lucia,2022,Flood Events,1,EM-DAT (Realistic Simulation),2025-10-18
St. Lucia,2022,Storm Events,0,EM-DAT (Realistic Simulation),2025-10-18
St. Lucia,2022,Food Security Impact Score,2.743411302565729,EM-DAT (Realistic Simulation),2025-10-18
St. Lucia,2023,Number of Disasters,1,EM-DAT (Realistic Simulation),2025-10-18
St. Lucia,2023,Total Affected (people),0,EM-DAT (Realistic Simulation),2025-10-18
St. Lucia,2023,Total Damages (USD millions),294.53556067236616,EM-DAT (Realistic Simulation),2025-10-18
St. Lucia,2023,Drought Events,0,EM-DAT (Realistic Simulation),2025-10-18
St. Lucia,2023,Flood Events,2,EM-DAT (Realistic Simulation),2025-10-18
St. Lucia,2023,Storm Events,0,EM-DAT (Realistic Simulation),2025-10-18
St. Lucia,2023,Food Security Impact Score,4.397341938384205,EM-DAT (Realistic Simulation),2025-10-18
St. Martin (French part),2020,Number of Disasters,4,EM-DAT (Realistic Simulation),2025-10-18
St. Martin (French part),2020,Total Affected (people),53445.412598445735,EM-DAT (Realistic Simulation),2025-10-18
St. Martin (French part),2020,Total Damages (USD millions),68.72605264402958,EM-DAT (Realistic Simulation),2025-10-18
St. Martin (French part),2020,Drought Events,1,EM-DAT (Realistic Simulation),2025-10-18
St. Martin (French part),2020,Flood Events,1,EM-DAT (Realistic Simulation),2025-10-18
St. Martin (French part),2020,Storm Events,0,EM-DAT (Realistic Simulation),2025-10-18
St. Martin (French part),2020,Food Security Impact Score,1.345911867154737,EM-DAT (Realistic Simulation),2025-10-18
St. Martin (French part),2021,Number of Disasters,1,EM-DAT (Realistic Simulation),2025-10-18
St. Martin (French part),2021,Total Affected (people),74348.80769182029,EM-DAT (Realistic Simulation),2025-10-18
St. Martin (French part),2021,Total Damages (USD millions),373.90610436682175,EM-DAT (Realistic Simulation),2025-10-18
St. Martin (French part),2021,Drought Events,0,EM-DAT (Realistic Simulation),2025-10-18
St. Martin (French part),2021,Flood Events,0,EM-DAT (Realistic Simulation),2025-10-18
St. Martin (French part),2021,Storm Events,1,EM-DAT (Realistic Simulation),2025-10-18
St. Martin (French part),2021,Food Security Impact Score,1.6101959728495847,EM-DAT (Realistic Simulation),2025-10-18
St. Martin (French part),2022,Number of Disasters,3,EM-DAT (Realistic Simulation),2025-10-18
St. Martin (French part),2022,Total Affected (people),60884.90583565965,EM-DAT (Realistic Simulation),2025-10-18
St. Martin (French part),2022,Total Damages (USD millions),0,EM-DAT (Realistic Simulation),2025-10-18
St. Martin (French part),2022,Drought Events,0,EM-DAT (Realistic Simulation),2025-10-18
St. Martin (French part),2022,Flood Events,1,EM-DAT (Realistic Simulation),2025-10-18
St. Martin (French part),2022,Storm Events,0,EM-DAT (Realistic Simulation),2025-10-18
St. Martin (French part),2022,Food Security Impact Score,2.4548284531749007,EM-DAT (Realistic Simulation),2025-10-18
St. Martin (French part),2023,Number of Disasters,1,EM-DAT (Realistic Simulation),2025-10-18
St. Martin (French part),2023,Total Affected (people),0,EM-DAT (Realistic Simulation),2025-10-18
St. Martin (French part),2023,Total Damages (USD millions),760.2419270011013,EM-DAT (Realistic Simulation),2025-10-18
St. Martin (French part),2023,Drought Events,0,EM-DAT (Realistic Simulation),2025-10-18
St. Martin (French part),2023,Flood Events,0,EM-DAT (Realistic Simulation),2025-10-18
St. Martin (French part),2023,Storm Events,2,EM-DAT (Realistic Simulation),2025-10-18
St. Martin (French part),2023,Food Security Impact Score,0.5125267015830568,EM-DAT (Realistic Simulation),2025-10-18
St. Vincent and the Grenadines,2020,Number of Disasters,1,EM-DAT (Realistic Simulation),2025-10-18
St. Vincent and the Grenadines,2020,Total Affected (people),0,EM-DAT (Realistic Simulation),2025-10-18
St. Vincent and the Grenadines,2020,Total Damages (USD millions),0,EM-DAT (Realistic Simulation),2025-10-18
St. Vincent and the Grenadines,2020,Drought Events,1,EM-DAT (Realistic Simulation),2025-10-18
St. Vincent and the Grenadines,2020,Flood Events,1,EM-DAT (Realistic Simulation),2025-10-18
St. Vincent and the Grenadines,2020,Storm Events,2,EM-DAT (Realistic Simulation),2025-10-18
St. Vincent and the Grenadines,2020,Food Security Impact Score,3.1076272296837804,EM-DAT (Realistic Simulation),2025-10-18
St. Vincent and the Grenadines,2021,Number of Disasters,4,EM-DAT (Realistic Simulation),2025-10-18
St. Vincent and the Grenadines,2021,Total Affected (people),249238.22746865457,EM-DAT (Realistic Simulation),2025-10-18
St. Vincent and the Grenadines,2021,Total Damages (USD millions),120.07105604255447,EM-DAT (Realistic Simulation),2025-10-18
St. Vincent and the Grenadines,2021,Drought Events,0,EM-DAT (Realistic Simulation),2025-10-18
St. Vincent and the Grenadines,2021,Flood Events,0,EM-DAT (Realistic Simulation),2025-10-18
St. Vincent and the Grenadines,2021,Storm Events,0,EM-DAT (Realistic Simulation),2025-10-18
St. Vincent and the Grenadines,2021,Food Security Impact Score,3.0508495437392043,EM-DAT (Realistic Simulation),2025-10-18
St. Vincent and the Grenadines,2022,Number of Disasters,2,EM-DAT (Realistic Simulation),2025-10-18
St. Vincent and the Grenadines,2022,Total Affected (people),0,EM-DAT (Realistic Simulation),2025-10-18
St. Vincent and the Grenadines,2022,Total Damages (USD millions),402.835917346307,EM-DAT (Realistic Simulation),2025-10-18
St. Vincent and the Grenadines,2022,Drought Events,0,EM-DAT (Realistic Simulation),2025-10-18
St. Vincent and the Grenadines,2022,Flood Events,1,EM-DAT (Realistic Simulation),2025-10-18
St. Vincent and the Grenadines,2022,Storm Events,0,EM-DAT (Realistic Simulation),2025-10-18
St. Vincent and the Grenadines,2022,Food Security Impact Score,6.729783002704343,EM-DAT (Realistic Simulation),2025-10-18
St. Vincent and the Grenadines,2023,Number of Disasters,2,EM-DAT (Realistic Simulation),2025-10-18
St. Vincent and the Grenadines,2023,Total Affected (people),63570.18848554825,EM-DAT (Realistic Simulation),2025-10-18
St. Vincent and the Grenadines,2023,Total Damages (USD millions),336.0851681156381,EM-DAT (Realistic Simulation),2025-10-18
St. Vincent and the Grenadines,2023,Drought Events,0,EM-DAT (Realistic Simulation),2025-10-18
St. Vincent and the Grenadines,2023,Flood Events,2,EM-DAT (Realistic Simulation),2025-10-18
St. Vincent and the Grenadines,2023,Storm Events,1,EM-DAT (Realistic Simulation),2025-10-18
St. Vincent and the Grenadines,2023,Food Security Impact Score,3.219594127108968,EM-DAT (Realistic Simulation),2025-10-18
Sub-Saharan Africa,2020,Number of Disasters,1,EM-DAT (Realistic Simulation),2025-10-18
Sub-Saharan Africa,2020,Total Affected (people),0,EM-DAT (Realistic Simulation),2025-10-18
Sub-Saharan Africa,2020,Total Damages (USD millions),18.335092964941623,EM-DAT (Realistic Simulation),2025-10-18
Sub-Saharan Africa,2020,Drought Events,1,EM-DAT (Realistic Simulation),2025-10-18
Sub-Saharan Africa,2020,Flood Events,0,EM-DAT (Realistic Simulation),2025-10-18
Sub-Saharan Africa,2020,Storm Events,0,EM-DAT (Realistic Simulation),2025-10-18
Sub-Saharan Africa,2020,Food Security Impact Score,3.9717838358863005,EM-DAT (Realistic Simulation),2025-10-18
Sub-Saharan Africa,2021,Number of Disasters,2,EM-DAT (Realistic Simulation),2025-10-18
Sub-Saharan Africa,2021,Total Affected (people),31933.907144633282,EM-DAT (Realistic Simulation),2025-10-18
Sub-Saharan Africa,2021,Total Damages (USD millions),88.21972221648001,EM-DAT (Realistic Simulation),2025-10-18
Sub-Saharan Africa,2021,Drought Events,0,EM-DAT (Realistic Simulation),2025-10-18
Sub-Saharan Africa,2021,Flood Events,2,EM-DAT (Realistic Simulation),2025-10-18
Sub-Saharan Africa,2021,Storm Events,0,EM-DAT (Realistic Simulation),2025-10-18
Sub-Saharan Africa,2021,Food Security Impact Score,4.724144124932674,EM-DAT (Realistic Simulation),2025-10-18
Sub-Saharan Africa,2022,Number of Disasters,1,EM-DAT (Realistic Simulation),2025-10-18
Sub-Saharan Africa,2022,Total Affected (people),184438.8288333703,EM-DAT (Realistic Simulation),2025-10-18
Sub-Saharan Africa,2022,Total Damages (USD millions),0,EM-DAT (Realistic Simulation),2025-10-18
Sub-Saharan Africa,2022,Drought Events,0,EM-DAT (Realistic Simulation),2025-10-18
Sub-Saharan Africa,2022,Flood Events,0,EM-DAT (Realistic Simulation),2025-10-18
Sub-Saharan Africa,2022,Storm Events,0,EM-DAT (Realistic Simulation),2025-10-18
Sub-Saharan Africa,2022,Food Security Impact Score,1.2514012749515542,EM-DAT (Realistic Simulation),2025-10-18
Sub-Saharan Africa,2023,Number of Disasters,0,EM-DAT (Realistic Simulation),2025-10-18
Sub-Saharan Africa,2023,Total Affected (people),53717.573724268,EM-DAT (Realistic Simulation),2025-10-18
Sub-Saharan Africa,2023,Total Damages (USD millions),0,EM-DAT (Realistic Simulation),2025-10-18
Sub-Saharan Africa,2023,Drought Events,0,EM-DAT (Realistic Simulation),2025-10-18
Sub-Saharan Africa,2023,Flood Events,0,EM-DAT (Realistic Simulation),2025-10-18
Sub-Saharan Africa,2023,Storm Events,0,EM-DAT (Realistic Simulation),2025-10-18
Sub-Saharan Africa,2023,Food Security Impact Score,4.815831723223188,EM-DAT (Realistic Simulation),2025-10-18
Sub-Saharan Africa (excluding high income),2020,Number of Disasters,0,EM-DAT (Realistic Simulation),2025-10-18
Sub-Saharan Africa (excluding high income),2020,Total Affected (people),149527.97981161077,EM-DAT (Realistic Simulation),2025-10-18
Sub-Saharan Africa (excluding high income),2020,Total Damages (USD millions),0,EM-DAT (Realistic Simulation),2025-10-18
Sub-Saharan Africa (excluding high income),2020,Drought Events,0,EM-DAT (Realistic Simulation),2025-10-18
Sub-Saharan Africa (excluding high income),2020,Flood Events,0,EM-DAT (Realistic Simulation),2025-10-18
Sub-Saharan Africa (excluding high income),2020,Storm Events,0,EM-DAT (Realistic Simulation),2025-10-18
Sub-Saharan Africa (excluding high income),2020,Food Security Impact Score,5.167323021888611,EM-DAT (Realistic Simulation),2025-10-18
Sub-Saharan Africa (excluding high income),2021,Number of Disasters,2,EM-DAT (Realistic Simulation),2025-10-18
Sub-Saharan Africa (excluding high income),2021,Total Affected (people),0,EM-DAT (Realistic Simulation),2025-10-18
Sub-Saharan Africa (excluding high income),2021,Total Damages (USD millions),389.7701578131888,EM-DAT (Realistic Simulation),2025-10-18
Sub-Saharan Africa (excluding high income),2021,Drought Events,0,EM-DAT (Realistic Simulation),2025-10-18
Sub-Saharan Africa (excluding high income),2021,Flood Events,1,EM-DAT (Realistic Simulation),2025-10-18
Sub-Saharan Africa (excluding high income),2021,Storm Events,0,EM-DAT (Realistic Simulation),2025-10-18
Sub-Saharan Africa (excluding high income),2021,Food Security Impact Score,6.915904576501116,EM-DAT (Realistic Simulation),2025-10-18
Sub-Saharan Africa (excluding high income),2022,Number of Disasters,1,EM-DAT (Realistic Simulation),2025-10-18
Sub-Saharan Africa (excluding high income),2022,Total Affected (people),72426.03598044452,EM-DAT (Realistic Simulation),2025-10-18
Sub-Saharan Africa (excluding high income),2022,Total Damages (USD millions),0,EM-DAT (Realistic Simulation),2025-10-18
Sub-Saharan Africa (excluding high income),2022,Drought Events,1,EM-DAT (Realistic Simulation),2025-10-18
Sub-Saharan Africa (excluding high income),2022,Flood Events,0,EM-DAT (Realistic Simulation),2025-10-18
Sub-Saharan Africa (excluding high income),2022,Storm Events,0,EM-DAT (Realistic Simulation),2025-10-18
Sub-Saharan Africa (excluding high income),2022,Food Security Impact Score,2.559235801038867,EM-DAT (Realistic Simulation),2025-10-18
Sub-Saharan Africa (excluding high income),2023,Number of Disasters,3,EM-DAT (Realistic Simulation),2025-10-18
Sub-Saharan Africa (excluding high income),2023,Total Affected (people),28188.529626605487,EM-DAT (Realistic Simulation),2025-10-18
Sub-Saharan Africa (excluding high income),2023,Total Damages (USD millions),57.250828841897125,EM-DAT (Realistic Simulation),2025-10-18
Sub-Saharan Africa (excluding high income),2023,Drought Events,2,EM-DAT (Realistic Simulation),2025-10-18
Sub-Saharan Africa (excluding high income),2023,Flood Events,1,EM-DAT (Realistic Simulation),2025-10-18
Sub-Saharan Africa (excluding high income),2023,Storm Events,0,EM-DAT (Realistic Simulation),2025-10-18
Sub-Saharan Africa (excluding high income),2023,Food Security Impact Score,4.987430734038142,EM-DAT (Realistic Simulation),2025-10-18
Sub-Saharan Africa (IDA & IBRD countries),2020,Number of Disasters,3,EM-DAT (Realistic Simulation),2025-10-18
Sub-Saharan Africa (IDA & IBRD countries),2020,Total Affected (people),99045.49584312728,EM-DAT (Realistic Simulation),2025-10-18
Sub-Saharan Africa (IDA & IBRD countries),2020,Total Damages (USD millions),0,EM-DAT (Realistic Simulation),2025-10-18
Sub-Saharan Africa (IDA & IBRD countries),2020,Drought Events,1,EM-DAT (Realistic Simulation),2025-10-18
Sub-Saharan Africa (IDA & IBRD countries),2020,Flood Events,1,EM-DAT (Realistic Simulation),2025-10-18
Sub-Saharan Africa (IDA & IBRD countries),2020,Storm Events,0,EM-DAT (Realistic Simulation),2025-10-18
Sub-Saharan Africa (IDA & IBRD countries),2020,Food Security Impact Score,8.743526652138936,EM-DAT (Realistic Simulation),2025-10-18
Sub-Saharan Africa (IDA & IBRD countries),2021,Number of Disasters,1,EM-DAT (Realistic Simulation),2025-10-18
Sub-Saharan Africa (IDA & IBRD countries),2021,Total Affected (people),193853.70943643677,EM-DAT (Realistic Simulation),2025-10-18
Sub-Saharan Africa (IDA & IBRD countries),2021,Total Damages (USD millions),553.0656940761965,EM-DAT (Realistic Simulation),2025-10-18
Sub-Saharan Africa (IDA & IBRD countries),2021,Drought Events,0,EM-DAT (Realistic Simulation),2025-10-18
Sub-Saharan Africa (IDA & IBRD countries),2021,Flood Events,1,EM-DAT (Realistic Simulation),2025-10-18
Sub-Saharan Africa (IDA & IBRD countries),2021,Storm Events,2,EM-DAT (Realistic Simulation),2025-10-18
Sub-Saharan Africa (IDA & IBRD countries),2021,Food Security Impact Score,2.1068295061169566,EM-DAT (Realistic Simulation),2025-10-18
Sub-Saharan Africa (IDA & IBRD countries),2022,Number of Disasters,1,EM-DAT (Realistic Simulation),2025-10-18
Sub-Saharan Africa (IDA & IBRD countries),2022,Total Affected (people),73999.72089317981,EM-DAT (Realistic Simulation),2025-10-18
Sub-Saharan Africa (IDA & IBRD countries),2022,Total Damages (USD millions),0,EM-DAT (Realistic Simulation),2025-10-18
Sub-Saharan Africa (IDA & IBRD countries),2022,Drought Events,0,EM-DAT (Realistic Simulation),2025-10-18
Sub-Saharan Africa (IDA & IBRD countries),2022,Flood Events,0,EM-DAT (Realistic Simulation),2025-10-18
Sub-Saharan Africa (IDA & IBRD countries),2022,Storm Events,1,EM-DAT (Realistic Simulation),2025-10-18
Sub-Saharan Africa (IDA & IBRD countries),2022,Food Security Impact Score,2.739708328211934,EM-DAT (Realistic Simulation),2025-10-18
Sub-Saharan Africa (IDA & IBRD countries),2023,Number of Disasters,4,EM-DAT (Realistic Simulation),2025-10-18
Sub-Saharan Africa (IDA & IBRD countries),2023,Total Affected (people),29559.065954456397,EM-DAT (Realistic Simulation),2025-10-18
Sub-Saharan Africa (IDA & IBRD countries),2023,Total Damages (USD millions),289.8482874175912,EM-DAT (Realistic Simulation),2025-10-18
Sub-Saharan Africa (IDA & IBRD countries),2023,Drought Events,0,EM-DAT (Realistic Simulation),2025-10-18
Sub-Saharan Africa (IDA & IBRD countries),2023,Flood Events,3,EM-DAT (Realistic Simulation),2025-10-18
Sub-Saharan Africa (IDA & IBRD countries),2023,Storm Events,1,EM-DAT (Realistic Simulation),2025-10-18
Sub-Saharan Africa (IDA & IBRD countries),2023,Food Security Impact Score,0,EM-DAT (Realistic Simulation),2025-10-18
Sudan,2020,Number of Disasters,3,EM-DAT (Realistic Simulation),2025-10-18
Sudan,2020,Total Affected (people),32376.300608898204,EM-DAT (Realistic Simulation),2025-10-18
Sudan,2020,Total Damages (USD millions),0,EM-DAT (Realistic Simulation),2025-10-18
Sudan,2020,Drought Events,1,EM-DAT (Realistic Simulation),2025-10-18
Sudan,2020,Flood Events,0,EM-DAT (Realistic Simulation),2025-10-18
Sudan,2020,Storm Events,1,EM-DAT (Realistic Simulation),2025-10-18
Sudan,2020,Food Security Impact Score,1.1666394850832784,EM-DAT (Realistic Simulation),2025-10-18
Sudan,2021,Number of Disasters,4,EM-DAT (Realistic Simulation),2025-10-18
Sudan,2021,Total Affected (people),22190.78262543041,EM-DAT (Realistic Simulation),2025-10-18
Sudan,2021,Total Damages (USD millions),0,EM-DAT (Realistic Simulation),2025-10-18
Sudan,2021,Drought Events,0,EM-DAT (Realistic Simulation),2025-10-18
Sudan,2021,Flood Events,0,EM-DAT (Realistic Simulation),2025-10-18
Sudan,2021,Storm Events,0,EM-DAT (Realistic Simulation),2025-10-18
Sudan,2021,Food Security Impact Score,5.518508636405204,EM-DAT (Realistic Simulation),2025-10-18
Sudan,2022,Number of Disasters,1,EM-DAT (Realistic Simulation),2025-10-18
Sudan,2022,Total Affected (people),114865.16715589375,EM-DAT (Realistic Simulation),2025-10-18
Sudan,2022,Total Damages (USD millions),0,EM-DAT (Realistic Simulation),2025-10-18
Sudan,2022,Drought Events,0,EM-DAT (Realistic Simulation),2025-10-18
Sudan,2022,Flood Events,3,EM-DAT (Realistic Simulation),2025-10-18
Sudan,2022,Storm Events,0,EM-DAT (Realistic Simulation),2025-10-18
Sudan,2022,Food Security Impact Score,0,EM-DAT (Realistic Simulation),2025-10-18
Sudan,2023,Number of Disasters,1,EM-DAT (Realistic Simulation),2025-10-18
Sudan,2023,Total Affected (people),100407.99566075456,EM-DAT (Realistic Simulation),2025-10-18
Sudan,2023,Total Damages (USD millions),0,EM-DAT (Realistic Simulation),2025-10-18
Sudan,2023,Drought Events,0,EM-DAT (Realistic Simulation),2025-10-18
Sudan,2023,Flood Events,1,EM-DAT (Realistic Simulation),2025-10-18
Sudan,2023,Storm Events,0,EM-DAT (Realistic Simulation),2025-10-18
Sudan,2023,Food Security Impact Score,0,EM-DAT (Realistic Simulation),2025-10-18
Suriname,2020,Number of Disasters,3,EM-DAT (Realistic Simulation),2025-10-18
Suriname,2020,Total Affected (people),0,EM-DAT (Realistic Simulation),2025-10-18
Suriname,2020,Total Damages (USD millions),0,EM-DAT (Realistic Simulation),2025-10-18
Suriname,2020,Drought Events,0,EM-DAT (Realistic Simulation),2025-10-18
Suriname,2020,Flood Events,0,EM-DAT (Realistic Simulation),2025-10-18
Suriname,2020,Storm Events,1,EM-DAT (Realistic Simulation),2025-10-18
Suriname,2020,Food Security Impact Score,1.9005480498425664,EM-DAT (Realistic Simulation),2025-10-18
Suriname,2021,Number of Disasters,2,EM-DAT (Realistic Simulation),2025-10-18
Suriname,2021,Total Affected (people),0,EM-DAT (Realistic Simulation),2025-10-18
Suriname,2021,Total Damages (USD millions),0,EM-DAT (Realistic Simulation),2025-10-18
Suriname,2021,Drought Events,0,EM-DAT (Realistic Simulation),2025-10-18
Suriname,2021,Flood Events,1,EM-DAT (Realistic Simulation),2025-10-18
Suriname,2021,Storm Events,1,EM-DAT (Realistic Simulation),2025-10-18
Suriname,2021,Food Security Impact Score,6.43788141971296,EM-DAT (Realistic Simulation),2025-10-18
Suriname,2022,Number of Disasters,2,EM-DAT (Realistic Simulation),2025-10-18
Suriname,2022,Total Affected (people),61306.72587713334,EM-DAT (Realistic Simulation),2025-10-18
Suriname,2022,Total Damages (USD millions),0,EM-DAT (Realistic Simulation),2025-10-18
Suriname,2022,Drought Events,1,EM-DAT (Realistic Simulation),2025-10-18
Suriname,2022,Flood Events,0,EM-DAT (Realistic Simulation),2025-10-18
Suriname,2022,Storm Events,0,EM-DAT (Realistic Simulation),2025-10-18
Suriname,2022,Food Security Impact Score,4.741036944961802,EM-DAT (Realistic Simulation),2025-10-18
Suriname,2023,Number of Disasters,2,EM-DAT (Realistic Simulation),2025-10-18
Suriname,2023,Total Affected (people),194649.58376263228,EM-DAT (Realistic Simulation),2025-10-18
Suriname,2023,Total Damages (USD millions),446.55358965179113,EM-DAT (Realistic Simulation),2025-10-18
Suriname,2023,Drought Events,1,EM-DAT (Realistic Simulation),2025-10-18
Suriname,2023,Flood Events,2,EM-DAT (Realistic Simulation),2025-10-18
Suriname,2023,Storm Events,0,EM-DAT (Realistic Simulation),2025-10-18
Suriname,2023,Food Security Impact Score,4.162728650421021,EM-DAT (Realistic Simulation),2025-10-18
Sweden,2020,Number of Disasters,3,EM-DAT (Realistic Simulation),2025-10-18
Sweden,2020,Total Affected (people),0,EM-DAT (Realistic Simulation),2025-10-18
Sweden,2020,Total Damages (USD millions),0,EM-DAT (Realistic Simulation),2025-10-18
Sweden,2020,Drought Events,0,EM-DAT (Realistic Simulation),2025-10-18
Sweden,2020,Flood Events,0,EM-DAT (Realistic Simulation),2025-10-18
Sweden,2020,Storm Events,5,EM-DAT (Realistic Simulation),2025-10-18
Sweden,2020,Food Security Impact Score,0.5951487313818014,EM-DAT (Realistic Simulation),2025-10-18
Sweden,2021,Number of Disasters,3,EM-DAT (Realistic Simulation),2025-10-18
Sweden,2021,Total Affected (people),0,EM-DAT (Realistic Simulation),2025-10-18
Sweden,2021,Total Damages (USD millions),431.15128569057646,EM-DAT (Realistic Simulation),2025-10-18
Sweden,2021,Drought Events,0,EM-DAT (Realistic Simulation),2025-10-18
Sweden,2021,Flood Events,0,EM-DAT (Realistic Simulation),2025-10-18
Sweden,2021,Storm Events,1,EM-DAT (Realistic Simulation),2025-10-18
Sweden,2021,Food Security Impact Score,0.2275594580063225,EM-DAT (Realistic Simulation),2025-10-18
Sweden,2022,Number of Disasters,1,EM-DAT (Realistic Simulation),2025-10-18
Sweden,2022,Total Affected (people),110580.53778233589,EM-DAT (Realistic Simulation),2025-10-18
Sweden,2022,Total Damages (USD millions),208.04257446360592,EM-DAT (Realistic Simulation),2025-10-18
Sweden,2022,Drought Events,1,EM-DAT (Realistic Simulation),2025-10-18
Sweden,2022,Flood Events,1,EM-DAT (Realistic Simulation),2025-10-18
Sweden,2022,Storm Events,1,EM-DAT (Realistic Simulation),2025-10-18
Sweden,2022,Food Security Impact Score,3.9072850019203864,EM-DAT (Realistic Simulation),2025-10-18
Sweden,2023,Number of Disasters,0,EM-DAT (Realistic Simulation),2025-10-18
Sweden,2023,Total Affected (people),75456.7213674023,EM-DAT (Realistic Simulation),2025-10-18
Sweden,2023,Total Damages (USD millions),186.37237381427008,EM-DAT (Realistic Simulation),2025-10-18
Sweden,2023,Drought Events,0,EM-DAT (Realistic Simulation),2025-10-18
Sweden,2023,Flood Events,3,EM-DAT (Realistic Simulation),2025-10-18
Sweden,2023,Storm Events,2,EM-DAT (Realistic Simulation),2025-10-18
Sweden,2023,Food Security Impact Score,0,EM-DAT (Realistic Simulation),2025-10-18
Switzerland,2020,Number of Disasters,1,EM-DAT (Realistic Simulation),2025-10-18
Switzerland,2020,Total Affected (people),31177.90625704251,EM-DAT (Realistic Simulation),2025-10-18
Switzerland,2020,Total Damages (USD millions),273.81026990656153,EM-DAT (Realistic Simulation),2025-10-18
Switzerland,2020,Drought Events,0,EM-DAT (Realistic Simulation),2025-10-18
Switzerland,2020,Flood Events,0,EM-DAT (Realistic Simulation),2025-10-18
Switzerland,2020,Storm Events,0,EM-DAT (Realistic Simulation),2025-10-18
Switzerland,2020,Food Security Impact Score,1.0553364094475566,EM-DAT (Realistic Simulation),2025-10-18
Switzerland,2021,Number of Disasters,1,EM-DAT (Realistic Simulation),2025-10-18
Switzerland,2021,Total Affected (people),0,EM-DAT (Realistic Simulation),2025-10-18
Switzerland,2021,Total Damages (USD millions),419.8476346064562,EM-DAT (Realistic Simulation),2025-10-18
Switzerland,2021,Drought Events,0,EM-DAT (Realistic Simulation),2025-10-18
Switzerland,2021,Flood Events,1,EM-DAT (Realistic Simulation),2025-10-18
Switzerland,2021,Storm Events,0,EM-DAT (Realistic Simulation),2025-10-18
Switzerland,2021,Food Security Impact Score,3.8928893497207495,EM-DAT (Realistic Simulation),2025-10-18
Switzerland,2022,Number of Disasters,2,EM-DAT (Realistic Simulation),2025-10-18
Switzerland,2022,Total Affected (people),198419.4383947513,EM-DAT (Realistic Simulation),2025-10-18
Switzerland,2022,Total Damages (USD millions),0,EM-DAT (Realistic Simulation),2025-10-18
Switzerland,2022,Drought Events,1,EM-DAT (Realistic Simulation),2025-10-18
Switzerland,2022,Flood Events,2,EM-DAT (Realistic Simulation),2025-10-18
Switzerland,2022,Storm Events,1,EM-DAT (Realistic Simulation),2025-10-18
Switzerland,2022,Food Security Impact Score,0.15931098398606913,EM-DAT (Realistic Simulation),2025-10-18
Switzerland,2023,Number of Disasters,2,EM-DAT (Realistic Simulation),2025-10-18
Switzerland,2023,Total Affected (people),162294.83820686044,EM-DAT (Realistic Simulation),2025-10-18
Switzerland,2023,Total Damages (USD millions),80.61142988112715,EM-DAT (Realistic Simulation),2025-10-18
Switzerland,2023,Drought Events,0,EM-DAT (Realistic Simulation),2025-10-18
Switzerland,2023,Flood Events,0,EM-DAT (Realistic Simulation),2025-10-18
Switzerland,2023,Storm Events,0,EM-DAT (Realistic Simulation),2025-10-18
Switzerland,2023,Food Security Impact Score,0.486474558269399,EM-DAT (Realistic Simulation),2025-10-18
Syrian Arab Republic,2020,Number of Disasters,3,EM-DAT (Realistic Simulation),2025-10-18
Syrian Arab Republic,2020,Total Affected (people),32535.661145941347,EM-DAT (Realistic Simulation),2025-10-18
Syrian Arab Republic,2020,Total Damages (USD millions),100.47651056685746,EM-DAT (Realistic Simulation),2025-10-18
Syrian Arab Republic,2020,Drought Events,1,EM-DAT (Realistic Simulation),2025-10-18
Syrian Arab Republic,2020,Flood Events,0,EM-DAT (Realistic Simulation),2025-10-18
Syrian Arab Republic,2020,Storm Events,2,EM-DAT (Realistic Simulation),2025-10-18
Syrian Arab Republic,2020,Food Security Impact Score,3.8577404995328717,EM-DAT (Realistic Simulation),2025-10-18
Syrian Arab Republic,2021,Number of Disasters,4,EM-DAT (Realistic Simulation),2025-10-18
Syrian Arab Republic,2021,Total Affected (people),0,EM-DAT (Realistic Simulation),2025-10-18
Syrian Arab Republic,2021,Total Damages (USD millions),0,EM-DAT (Realistic Simulation),2025-10-18
Syrian Arab Republic,2021,Drought Events,0,EM-DAT (Realistic Simulation),2025-10-18
Syrian Arab Republic,2021,Flood Events,1,EM-DAT (Realistic Simulation),2025-10-18
Syrian Arab Republic,2021,Storm Events,1,EM-DAT (Realistic Simulation),2025-10-18
Syrian Arab Republic,2021,Food Security Impact Score,1.7504579607248174,EM-DAT (Realistic Simulation),2025-10-18
Syrian Arab Republic,2022,Number of Disasters,3,EM-DAT (Realistic Simulation),2025-10-18
Syrian Arab Republic,2022,Total Affected (people),0,EM-DAT (Realistic Simulation),2025-10-18
Syrian Arab Republic,2022,Total Damages (USD millions),100.36817100037209,EM-DAT (Realistic Simulation),2025-10-18
Syrian Arab Republic,2022,Drought Events,1,EM-DAT (Realistic Simulation),2025-10-18
Syrian Arab Republic,2022,Flood Events,0,EM-DAT (Realistic Simulation),2025-10-18
Syrian Arab Republic,2022,Storm Events,2,EM-DAT (Realistic Simulation),2025-10-18
Syrian Arab Republic,2022,Food Security Impact Score,1.6453668598443543,EM-DAT (Realistic Simulation),2025-10-18
Syrian Arab Republic,2023,Number of Disasters,0,EM-DAT (Realistic Simulation),2025-10-18
Syrian Arab Republic,2023,Total Affected (people),201383.5695318175,EM-DAT (Realistic Simulation),2025-10-18
Syrian Arab Republic,2023,Total Damages (USD millions),134.4792945790308,EM-DAT (Realistic Simulation),2025-10-18
Syrian Arab Republic,2023,Drought Events,1,EM-DAT (Realistic Simulation),2025-10-18
Syrian Arab Republic,2023,Flood Events,1,EM-DAT (Realistic Simulation),2025-10-18
Syrian Arab Republic,2023,Storm Events,0,EM-DAT (Realistic Simulation),2025-10-18
Syrian Arab Republic,2023,Food Security Impact Score,5.400411779452586,EM-DAT (Realistic Simulation),2025-10-18
Tajikistan,2020,Number of Disasters,1,EM-DAT (Realistic Simulation),2025-10-18
Tajikistan,2020,Total Affected (people),149378.74165795837,EM-DAT (Realistic Simulation),2025-10-18
Tajikistan,2020,Total Damages (USD millions),283.81965754226536,EM-DAT (Realistic Simulation),2025-10-18
Tajikistan,2020,Drought Events,0,EM-DAT (Realistic Simulation),2025-10-18
Tajikistan,2020,Flood Events,0,EM-DAT (Realistic Simulation),2025-10-18
Tajikistan,2020,Storm Events,1,EM-DAT (Realistic Simulation),2025-10-18
Tajikistan,2020,Food Security Impact Score,4.1816524423874,EM-DAT (Realistic Simulation),2025-10-18
Tajikistan,2021,Number of Disasters,0,EM-DAT (Realistic Simulation),2025-10-18
Tajikistan,2021,Total Affected (people),29865.575275620282,EM-DAT (Realistic Simulation),2025-10-18
Tajikistan,2021,Total Damages (USD millions),731.8603607772665,EM-DAT (Realistic Simulation),2025-10-18
Tajikistan,2021,Drought Events,1,EM-DAT (Realistic Simulation),2025-10-18
Tajikistan,2021,Flood Events,0,EM-DAT (Realistic Simulation),2025-10-18
Tajikistan,2021,Storm Events,1,EM-DAT (Realistic Simulation),2025-10-18
Tajikistan,2021,Food Security Impact Score,2.8870989289674807,EM-DAT (Realistic Simulation),2025-10-18
Tajikistan,2022,Number of Disasters,4,EM-DAT (Realistic Simulation),2025-10-18
Tajikistan,2022,Total Affected (people),202296.09612490627,EM-DAT (Realistic Simulation),2025-10-18
Tajikistan,2022,Total Damages (USD millions),309.5851794483565,EM-DAT (Realistic Simulation),2025-10-18
Tajikistan,2022,Drought Events,0,EM-DAT (Realistic Simulation),2025-10-18
Tajikistan,2022,Flood Events,3,EM-DAT (Realistic Simulation),2025-10-18
Tajikistan,2022,Storm Events,0,EM-DAT (Realistic Simulation),2025-10-18
Tajikistan,2022,Food Security Impact Score,2.1789108629856555,EM-DAT (Realistic Simulation),2025-10-18
Tajikistan,2023,Number of Disasters,2,EM-DAT (Realistic Simulation),2025-10-18
Tajikistan,2023,Total Affected (people),1833.8897935503555,EM-DAT (Realistic Simulation),2025-10-18
Tajikistan,2023,Total Damages (USD millions),0,EM-DAT (Realistic Simulation),2025-10-18
Tajikistan,2023,Drought Events,1,EM-DAT (Realistic Simulation),2025-10-18
Tajikistan,2023,Flood Events,1,EM-DAT (Realistic Simulation),2025-10-18
Tajikistan,2023,Storm Events,0,EM-DAT (Realistic Simulation),2025-10-18
Tajikistan,2023,Food Security Impact Score,3.124096249441139,EM-DAT (Realistic Simulation),2025-10-18
Tanzania,2020,Number of Disasters,4,EM-DAT (Realistic Simulation),2025-10-18
Tanzania,2020,Total Affected (people),188418.30815513586,EM-DAT (Realistic Simulation),2025-10-18
Tanzania,2020,Total Damages (USD millions),690.1026656776334,EM-DAT (Realistic Simulation),2025-10-18
Tanzania,2020,Drought Events,0,EM-DAT (Realistic Simulation),2025-10-18
Tanzania,2020,Flood Events,2,EM-DAT (Realistic Simulation),2025-10-18
Tanzania,2020,Storm Events,1,EM-DAT (Realistic Simulation),2025-10-18
Tanzania,2020,Food Security Impact Score,0,EM-DAT (Realistic Simulation),2025-10-18
Tanzania,2021,Number of Disasters,2,EM-DAT (Realistic Simulation),2025-10-18
Tanzania,2021,Total Affected (people),0,EM-DAT (Realistic Simulation),2025-10-18
Tanzania,2021,Total Damages (USD millions),194.56802674718355,EM-DAT (Realistic Simulation),2025-10-18
Tanzania,2021,Drought Events,0,EM-DAT (Realistic Simulation),2025-10-18
Tanzania,2021,Flood Events,3,EM-DAT (Realistic Simulation),2025-10-18
Tanzania,2021,Storm Events,1,EM-DAT (Realistic Simulation),2025-10-18
Tanzania,2021,Food Security Impact Score,0,EM-DAT (Realistic Simulation),2025-10-18
Tanzania,2022,Number of Disasters,1,EM-DAT (Realistic Simulation),2025-10-18
Tanzania,2022,Total Affected (people),88143.17475947704,EM-DAT (Realistic Simulation),2025-10-18
Tanzania,2022,Total Damages (USD millions),0,EM-DAT (Realistic Simulation),2025-10-18
Tanzania,2022,Drought Events,0,EM-DAT (Realistic Simulation),2025-10-18
Tanzania,2022,Flood Events,1,EM-DAT (Realistic Simulation),2025-10-18
Tanzania,2022,Storm Events,0,EM-DAT (Realistic Simulation),2025-10-18
Tanzania,2022,Food Security Impact Score,0.9599009563501721,EM-DAT (Realistic Simulation),2025-10-18
Tanzania,2023,Number of Disasters,1,EM-DAT (Realistic Simulation),2025-10-18
Tanzania,2023,Total Affected (people),202142.02586345677,EM-DAT (Realistic Simulation),2025-10-18
Tanzania,2023,Total Damages (USD millions),512.9828257833458,EM-DAT (Realistic Simulation),2025-10-18
Tanzania,2023,Drought Events,1,EM-DAT (Realistic Simulation),2025-10-18
Tanzania,2023,Flood Events,2,EM-DAT (Realistic Simulation),2025-10-18
Tanzania,2023,Storm Events,0,EM-DAT (Realistic Simulation),2025-10-18
Tanzania,2023,Food Security Impact Score,3.9344118188229875,EM-DAT (Realistic Simulation),2025-10-18
Thailand,2020,Number of Disasters,1,EM-DAT (Realistic Simulation),2025-10-18
Thailand,2020,Total Affected (people),0,EM-DAT (Realistic Simulation),2025-10-18
Thailand,2020,Total Damages (USD millions),0,EM-DAT (Realistic Simulation),2025-10-18
Thailand,2020,Drought Events,0,EM-DAT (Realistic Simulation),2025-10-18
Thailand,2020,Flood Events,3,EM-DAT (Realistic Simulation),2025-10-18
Thailand,2020,Storm Events,0,EM-DAT (Realistic Simulation),2025-10-18
Thailand,2020,Food Security Impact Score,1.7831718565921828,EM-DAT (Realistic Simulation),2025-10-18
Thailand,2021,Number of Disasters,0,EM-DAT (Realistic Simulation),2025-10-18
Thailand,2021,Total Affected (people),15382.97226004771,EM-DAT (Realistic Simulation),2025-10-18
Thailand,2021,Total Damages (USD millions),597.6529379044471,EM-DAT (Realistic Simulation),2025-10-18
Thailand,2021,Drought Events,1,EM-DAT (Realistic Simulation),2025-10-18
Thailand,2021,Flood Events,2,EM-DAT (Realistic Simulation),2025-10-18
Thailand,2021,Storm Events,1,EM-DAT (Realistic Simulation),2025-10-18
Thailand,2021,Food Security Impact Score,4.027137213860493,EM-DAT (Realistic Simulation),2025-10-18
Thailand,2022,Number of Disasters,1,EM-DAT (Realistic Simulation),2025-10-18
Thailand,2022,Total Affected (people),0,EM-DAT (Realistic Simulation),2025-10-18
Thailand,2022,Total Damages (USD millions),1032.7534594906479,EM-DAT (Realistic Simulation),2025-10-18
Thailand,2022,Drought Events,0,EM-DAT (Realistic Simulation),2025-10-18
Thailand,2022,Flood Events,0,EM-DAT (Realistic Simulation),2025-10-18
Thailand,2022,Storm Events,1,EM-DAT (Realistic Simulation),2025-10-18
Thailand,2022,Food Security Impact Score,4.716295831457991,EM-DAT (Realistic Simulation),2025-10-18
Thailand,2023,Number of Disasters,4,EM-DAT (Realistic Simulation),2025-10-18
Thailand,2023,Total Affected (people),86467.80785459997,EM-DAT (Realistic Simulation),2025-10-18
Thailand,2023,Total Damages (USD millions),0,EM-DAT (Realistic Simulation),2025-10-18
Thailand,2023,Drought Events,1,EM-DAT (Realistic Simulation),2025-10-18
Thailand,2023,Flood Events,1,EM-DAT (Realistic Simulation),2025-10-18
Thailand,2023,Storm Events,0,EM-DAT (Realistic Simulation),2025-10-18
Thailand,2023,Food Security Impact Score,2.3612061521026035,EM-DAT (Realistic Simulation),2025-10-18
Timor-Leste,2020,Number of Disasters,1,EM-DAT (Realistic Simulation),2025-10-18
Timor-Leste,2020,Total Affected (people),0,EM-DAT (Realistic Simulation),2025-10-18
Timor-Leste,2020,Total Damages (USD millions),550.3178734386263,EM-DAT (Realistic Simulation),2025-10-18
Timor-Leste,2020,Drought Events,1,EM-DAT (Realistic Simulation),2025-10-18
Timor-Leste,2020,Flood Events,0,EM-DAT (Realistic Simulation),2025-10-18
Timor-Leste,2020,Storm Events,0,EM-DAT (Realistic Simulation),2025-10-18
Timor-Leste,2020,Food Security Impact Score,0.2728256565087346,EM-DAT (Realistic Simulation),2025-10-18
Timor-Leste,2021,Number of Disasters,3,EM-DAT (Realistic Simulation),2025-10-18
Timor-Leste,2021,Total Affected (people),71469.54915115659,EM-DAT (Realistic Simulation),2025-10-18
Timor-Leste,2021,Total Damages (USD millions),0,EM-DAT (Realistic Simulation),2025-10-18
Timor-Leste,2021,Drought Events,0,EM-DAT (Realistic Simulation),2025-10-18
Timor-Leste,2021,Flood Events,0,EM-DAT (Realistic Simulation),2025-10-18
Timor-Leste,2021,Storm Events,0,EM-DAT (Realistic Simulation),2025-10-18
Timor-Leste,2021,Food Security Impact Score,5.921804948886166,EM-DAT (Realistic Simulation),2025-10-18
Timor-Leste,2022,Number of Disasters,0,EM-DAT (Realistic Simulation),2025-10-18
Timor-Leste,2022,Total Affected (people),50955.145082625815,EM-DAT (Realistic Simulation),2025-10-18
Timor-Leste,2022,Total Damages (USD millions),361.8854332183742,EM-DAT (Realistic Simulation),2025-10-18
Timor-Leste,2022,Drought Events,0,EM-DAT (Realistic Simulation),2025-10-18
Timor-Leste,2022,Flood Events,3,EM-DAT (Realistic Simulation),2025-10-18
Timor-Leste,2022,Storm Events,0,EM-DAT (Realistic Simulation),2025-10-18
Timor-Leste,2022,Food Security Impact Score,6.223449511813341,EM-DAT (Realistic Simulation),2025-10-18
Timor-Leste,2023,Number of Disasters,1,EM-DAT (Realistic Simulation),2025-10-18
Timor-Leste,2023,Total Affected (people),40113.6632731617,EM-DAT (Realistic Simulation),2025-10-18
Timor-Leste,2023,Total Damages (USD millions),0,EM-DAT (Realistic Simulation),2025-10-18
Timor-Leste,2023,Drought Events,0,EM-DAT (Realistic Simulation),2025-10-18
Timor-Leste,2023,Flood Events,1,EM-DAT (Realistic Simulation),2025-10-18
Timor-Leste,2023,Storm Events,2,EM-DAT (Realistic Simulation),2025-10-18
Timor-Leste,2023,Food Security Impact Score,1.119458078462268,EM-DAT (Realistic Simulation),2025-10-18
Togo,2020,Number of Disasters,2,EM-DAT (Realistic Simulation),2025-10-18
Togo,2020,Total Affected (people),86758.0501711806,EM-DAT (Realistic Simulation),2025-10-18
Togo,2020,Total Damages (USD millions),335.59742481219325,EM-DAT (Realistic Simulation),2025-10-18
Togo,2020,Drought Events,1,EM-DAT (Realistic Simulation),2025-10-18
Togo,2020,Flood Events,1,EM-DAT (Realistic Simulation),2025-10-18
Togo,2020,Storm Events,0,EM-DAT (Realistic Simulation),2025-10-18
Togo,2020,Food Security Impact Score,2.6186232923538375,EM-DAT (Realistic Simulation),2025-10-18
Togo,2021,Number of Disasters,3,EM-DAT (Realistic Simulation),2025-10-18
Togo,2021,Total Affected (people),20588.794688394362,EM-DAT (Realistic Simulation),2025-10-18
Togo,2021,Total Damages (USD millions),1002.7492046163792,EM-DAT (Realistic Simulation),2025-10-18
Togo,2021,Drought Events,0,EM-DAT (Realistic Simulation),2025-10-18
Togo,2021,Flood Events,2,EM-DAT (Realistic Simulation),2025-10-18
Togo,2021,Storm Events,1,EM-DAT (Realistic Simulation),2025-10-18
Togo,2021,Food Security Impact Score,5.376414050266059,EM-DAT (Realistic Simulation),2025-10-18
Togo,2022,Number of Disasters,1,EM-DAT (Realistic Simulation),2025-10-18
Togo,2022,Total Affected (people),0,EM-DAT (Realistic Simulation),2025-10-18
Togo,2022,Total Damages (USD millions),900.8674435172409,EM-DAT (Realistic Simulation),2025-10-18
Togo,2022,Drought Events,1,EM-DAT (Realistic Simulation),2025-10-18
Togo,2022,Flood Events,1,EM-DAT (Realistic Simulation),2025-10-18
Togo,2022,Storm Events,1,EM-DAT (Realistic Simulation),2025-10-18
Togo,2022,Food Security Impact Score,1.3796707240169193,EM-DAT (Realistic Simulation),2025-10-18
Togo,2023,Number of Disasters,3,EM-DAT (Realistic Simulation),2025-10-18
Togo,2023,Total Affected (people),127611.29868379665,EM-DAT (Realistic Simulation),2025-10-18
Togo,2023,Total Damages (USD millions),206.97176459011322,EM-DAT (Realistic Simulation),2025-10-18
Togo,2023,Drought Events,1,EM-DAT (Realistic Simulation),2025-10-18
Togo,2023,Flood Events,2,EM-DAT (Realistic Simulation),2025-10-18
Togo,2023,Storm Events,1,EM-DAT (Realistic Simulation),2025-10-18
Togo,2023,Food Security Impact Score,4.455142224063411,EM-DAT (Realistic Simulation),2025-10-18
Tonga,2020,Number of Disasters,1,EM-DAT (Realistic Simulation),2025-10-18
Tonga,2020,Total Affected (people),164932.6920060416,EM-DAT (Realistic Simulation),2025-10-18
Tonga,2020,Total Damages (USD millions),5.085053525356628,EM-DAT (Realistic Simulation),2025-10-18
Tonga,2020,Drought Events,0,EM-DAT (Realistic Simulation),2025-10-18
Tonga,2020,Flood Events,0,EM-DAT (Realistic Simulation),2025-10-18
Tonga,2020,Storm Events,2,EM-DAT (Realistic Simulation),2025-10-18
Tonga,2020,Food Security Impact Score,0,EM-DAT (Realistic Simulation),2025-10-18
Tonga,2021,Number of Disasters,5,EM-DAT (Realistic Simulation),2025-10-18
Tonga,2021,Total Affected (people),52324.23142199602,EM-DAT (Realistic Simulation),2025-10-18
Tonga,2021,Total Damages (USD millions),48.17490512014836,EM-DAT (Realistic Simulation),2025-10-18
Tonga,2021,Drought Events,0,EM-DAT (Realistic Simulation),2025-10-18
Tonga,2021,Flood Events,2,EM-DAT (Realistic Simulation),2025-10-18
Tonga,2021,Storm Events,1,EM-DAT (Realistic Simulation),2025-10-18
Tonga,2021,Food Security Impact Score,6.8687686918213995,EM-DAT (Realistic Simulation),2025-10-18
Tonga,2022,Number of Disasters,0,EM-DAT (Realistic Simulation),2025-10-18
Tonga,2022,Total Affected (people),149185.98951033363,EM-DAT (Realistic Simulation),2025-10-18
Tonga,2022,Total Damages (USD millions),0,EM-DAT (Realistic Simulation),2025-10-18
Tonga,2022,Drought Events,0,EM-DAT (Realistic Simulation),2025-10-18
Tonga,2022,Flood Events,1,EM-DAT (Realistic Simulation),2025-10-18
Tonga,2022,Storm Events,0,EM-DAT (Realistic Simulation),2025-10-18
Tonga,2022,Food Security Impact Score,0.21383684496748678,EM-DAT (Realistic Simulation),2025-10-18
Tonga,2023,Number of Disasters,3,EM-DAT (Realistic Simulation),2025-10-18
Tonga,2023,Total Affected (people),141092.46491704026,EM-DAT (Realistic Simulation),2025-10-18
Tonga,2023,Total Damages (USD millions),189.96867704551545,EM-DAT (Realistic Simulation),2025-10-18
Tonga,2023,Drought Events,0,EM-DAT (Realistic Simulation),2025-10-18
Tonga,2023,Flood Events,2,EM-DAT (Realistic Simulation),2025-10-18
Tonga,2023,Storm Events,2,EM-DAT (Realistic Simulation),2025-10-18
Tonga,2023,Food Security Impact Score,4.706648375293209,EM-DAT (Realistic Simulation),2025-10-18
Trinidad and Tobago,2020,Number of Disasters,5,EM-DAT (Realistic Simulation),2025-10-18
Trinidad and Tobago,2020,Total Affected (people),315308.09981341235,EM-DAT (Realistic Simulation),2025-10-18
Trinidad and Tobago,2020,Total Damages (USD millions),0,EM-DAT (Realistic Simulation),2025-10-18
Trinidad and Tobago,2020,Drought Events,0,EM-DAT (Realistic Simulation),2025-10-18
Trinidad and Tobago,2020,Flood Events,3,EM-DAT (Realistic Simulation),2025-10-18
Trinidad and Tobago,2020,Storm Events,1,EM-DAT (Realistic Simulation),2025-10-18
Trinidad and Tobago,2020,Food Security Impact Score,3.716676726647555,EM-DAT (Realistic Simulation),2025-10-18
Trinidad and Tobago,2021,Number of Disasters,2,EM-DAT (Realistic Simulation),2025-10-18
Trinidad and Tobago,2021,Total Affected (people),40673.79250140658,EM-DAT (Realistic Simulation),2025-10-18
Trinidad and Tobago,2021,Total Damages (USD millions),615.8834437776828,EM-DAT (Realistic Simulation),2025-10-18
Trinidad and Tobago,2021,Drought Events,2,EM-DAT (Realistic Simulation),2025-10-18
Trinidad and Tobago,2021,Flood Events,0,EM-DAT (Realistic Simulation),2025-10-18
Trinidad and Tobago,2021,Storm Events,1,EM-DAT (Realistic Simulation),2025-10-18
Trinidad and Tobago,2021,Food Security Impact Score,4.060473672512726,EM-DAT (Realistic Simulation),2025-10-18
Trinidad and Tobago,2022,Number of Disasters,1,EM-DAT (Realistic Simulation),2025-10-18
Trinidad and Tobago,2022,Total Affected (people),83294.58084759969,EM-DAT (Realistic Simulation),2025-10-18
Trinidad and Tobago,2022,Total Damages (USD millions),0,EM-DAT (Realistic Simulation),2025-10-18
Trinidad and Tobago,2022,Drought Events,0,EM-DAT (Realistic Simulation),2025-10-18
Trinidad and Tobago,2022,Flood Events,0,EM-DAT (Realistic Simulation),2025-10-18
Trinidad and Tobago,2022,Storm Events,0,EM-DAT (Realistic Simulation),2025-10-18
Trinidad and Tobago,2022,Food Security Impact Score,6.436804155229144,EM-DAT (Realistic Simulation),2025-10-18
Trinidad and Tobago,2023,Number of Disasters,3,EM-DAT (Realistic Simulation),2025-10-18
Trinidad and Tobago,2023,Total Affected (people),0,EM-DAT (Realistic Simulation),2025-10-18
Trinidad and Tobago,2023,Total Damages (USD millions),0,EM-DAT (Realistic Simulation),2025-10-18
Trinidad and Tobago,2023,Drought Events,1,EM-DAT (Realistic Simulation),2025-10-18
Trinidad and Tobago,2023,Flood Events,2,EM-DAT (Realistic Simulation),2025-10-18
Trinidad and Tobago,2023,Storm Events,0,EM-DAT (Realistic Simulation),2025-10-18
Trinidad and Tobago,2023,Food Security Impact Score,3.300157139277114,EM-DAT (Realistic Simulation),2025-10-18
Tunisia,2020,Number of Disasters,3,EM-DAT (Realistic Simulation),2025-10-18
Tunisia,2020,Total Affected (people),0,EM-DAT (Realistic Simulation),2025-10-18
Tunisia,2020,Total Damages (USD millions),0,EM-DAT (Realistic Simulation),2025-10-18
Tunisia,2020,Drought Events,0,EM-DAT (Realistic Simulation),2025-10-18
Tunisia,2020,Flood Events,1,EM-DAT (Realistic Simulation),2025-10-18
Tunisia,2020,Storm Events,0,EM-DAT (Realistic Simulation),2025-10-18
Tunisia,2020,Food Security Impact Score,1.1716576005035981,EM-DAT (Realistic Simulation),2025-10-18
Tunisia,2021,Number of Disasters,1,EM-DAT (Realistic Simulation),2025-10-18
Tunisia,2021,Total Affected (people),0,EM-DAT (Realistic Simulation),2025-10-18
Tunisia,2021,Total Damages (USD millions),0,EM-DAT (Realistic Simulation),2025-10-18
Tunisia,2021,Drought Events,1,EM-DAT (Realistic Simulation),2025-10-18
Tunisia,2021,Flood Events,1,EM-DAT (Realistic Simulation),2025-10-18
Tunisia,2021,Storm Events,1,EM-DAT (Realistic Simulation),2025-10-18
Tunisia,2021,Food Security Impact Score,7.926225013397534,EM-DAT (Realistic Simulation),2025-10-18
Tunisia,2022,Number of Disasters,3,EM-DAT (Realistic Simulation),2025-10-18
Tunisia,2022,Total Affected (people),0,EM-DAT (Realistic Simulation),2025-10-18
Tunisia,2022,Total Damages (USD millions),0,EM-DAT (Realistic Simulation),2025-10-18
Tunisia,2022,Drought Events,3,EM-DAT (Realistic Simulation),2025-10-18
Tunisia,2022,Flood Events,1,EM-DAT (Realistic Simulation),2025-10-18
Tunisia,2022,Storm Events,2,EM-DAT (Realistic Simulation),2025-10-18
Tunisia,2022,Food Security Impact Score,5.5039792595638435,EM-DAT (Realistic Simulation),2025-10-18
Tunisia,2023,Number of Disasters,2,EM-DAT (Realistic Simulation),2025-10-18
Tunisia,2023,Total Affected (people),128689.87228805081,EM-DAT (Realistic Simulation),2025-10-18
Tunisia,2023,Total Damages (USD millions),1348.2211121365074,EM-DAT (Realistic Simulation),2025-10-18
Tunisia,2023,Drought Events,0,EM-DAT (Realistic Simulation),2025-10-18
Tunisia,2023,Flood Events,2,EM-DAT (Realistic Simulation),2025-10-18
Tunisia,2023,Storm Events,3,EM-DAT (Realistic Simulation),2025-10-18
Tunisia,2023,Food Security Impact Score,3.9408877071537587,EM-DAT (Realistic Simulation),2025-10-18
Turkiye,2020,Number of Disasters,2,EM-DAT (Realistic Simulation),2025-10-18
Turkiye,2020,Total Affected (people),147254.98649387897,EM-DAT (Realistic Simulation),2025-10-18
Turkiye,2020,Total Damages (USD millions),285.51410688728515,EM-DAT (Realistic Simulation),2025-10-18
Turkiye,2020,Drought Events,2,EM-DAT (Realistic Simulation),2025-10-18
Turkiye,2020,Flood Events,1,EM-DAT (Realistic Simulation),2025-10-18
Turkiye,2020,Storm Events,2,EM-DAT (Realistic Simulation),2025-10-18
Turkiye,2020,Food Security Impact Score,3.8687964177480545,EM-DAT (Realistic Simulation),2025-10-18
Turkiye,2021,Number of Disasters,1,EM-DAT (Realistic Simulation),2025-10-18
Turkiye,2021,Total Affected (people),0,EM-DAT (Realistic Simulation),2025-10-18
Turkiye,2021,Total Damages (USD millions),568.716952707123,EM-DAT (Realistic Simulation),2025-10-18
Turkiye,2021,Drought Events,1,EM-DAT (Realistic Simulation),2025-10-18
Turkiye,2021,Flood Events,1,EM-DAT (Realistic Simulation),2025-10-18
Turkiye,2021,Storm Events,0,EM-DAT (Realistic Simulation),2025-10-18
Turkiye,2021,Food Security Impact Score,1.7463779542720266,EM-DAT (Realistic Simulation),2025-10-18
Turkiye,2022,Number of Disasters,4,EM-DAT (Realistic Simulation),2025-10-18
Turkiye,2022,Total Affected (people),195718.80048281004,EM-DAT (Realistic Simulation),2025-10-18
Turkiye,2022,Total Damages (USD millions),2122.437168071492,EM-DAT (Realistic Simulation),2025-10-18
Turkiye,2022,Drought Events,1,EM-DAT (Realistic Simulation),2025-10-18
Turkiye,2022,Flood Events,0,EM-DAT (Realistic Simulation),2025-10-18
Turkiye,2022,Storm Events,0,EM-DAT (Realistic Simulation),2025-10-18
Turkiye,2022,Food Security Impact Score,0.7526130513697242,EM-DAT (Realistic Simulation),2025-10-18
Turkiye,2023,Number of Disasters,2,EM-DAT (Realistic Simulation),2025-10-18
Turkiye,2023,Total Affected (people),81130.16690460089,EM-DAT (Realistic Simulation),2025-10-18
Turkiye,2023,Total Damages (USD millions),185.34201666390905,EM-DAT (Realistic Simulation),2025-10-18
Turkiye,2023,Drought Events,1,EM-DAT (Realistic Simulation),2025-10-18
Turkiye,2023,Flood Events,0,EM-DAT (Realistic Simulation),2025-10-18
Turkiye,2023,Storm Events,2,EM-DAT (Realistic Simulation),2025-10-18
Turkiye,2023,Food Security Impact Score,6.4815048262932375,EM-DAT (Realistic Simulation),2025-10-18
Turkmenistan,2020,Number of Disasters,1,EM-DAT (Realistic Simulation),2025-10-18
Turkmenistan,2020,Total Affected (people),28128.595675679848,EM-DAT (Realistic Simulation),2025-10-18
Turkmenistan,2020,Total Damages (USD millions),975.1297937256745,EM-DAT (Realistic Simulation),2025-10-18
Turkmenistan,2020,Drought Events,0,EM-DAT (Realistic Simulation),2025-10-18
Turkmenistan,2020,Flood Events,1,EM-DAT (Realistic Simulation),2025-10-18
Turkmenistan,2020,Storm Events,0,EM-DAT (Realistic Simulation),2025-10-18
Turkmenistan,2020,Food Security Impact Score,0,EM-DAT (Realistic Simulation),2025-10-18
Turkmenistan,2021,Number of Disasters,3,EM-DAT (Realistic Simulation),2025-10-18
Turkmenistan,2021,Total Affected (people),231965.71757635608,EM-DAT (Realistic Simulation),2025-10-18
Turkmenistan,2021,Total Damages (USD millions),0,EM-DAT (Realistic Simulation),2025-10-18
Turkmenistan,2021,Drought Events,1,EM-DAT (Realistic Simulation),2025-10-18
Turkmenistan,2021,Flood Events,1,EM-DAT (Realistic Simulation),2025-10-18
Turkmenistan,2021,Storm Events,0,EM-DAT (Realistic Simulation),2025-10-18
Turkmenistan,2021,Food Security Impact Score,2.101242631509054,EM-DAT (Realistic Simulation),2025-10-18
Turkmenistan,2022,Number of Disasters,3,EM-DAT (Realistic Simulation),2025-10-18
Turkmenistan,2022,Total Affected (people),0,EM-DAT (Realistic Simulation),2025-10-18
Turkmenistan,2022,Total Damages (USD millions),0,EM-DAT (Realistic Simulation),2025-10-18
Turkmenistan,2022,Drought Events,0,EM-DAT (Realistic Simulation),2025-10-18
Turkmenistan,2022,Flood Events,0,EM-DAT (Realistic Simulation),2025-10-18
Turkmenistan,2022,Storm Events,1,EM-DAT (Realistic Simulation),2025-10-18
Turkmenistan,2022,Food Security Impact Score,5.61835864938473,EM-DAT (Realistic Simulation),2025-10-18
Turkmenistan,2023,Number of Disasters,0,EM-DAT (Realistic Simulation),2025-10-18
Turkmenistan,2023,Total Affected (people),0,EM-DAT (Realistic Simulation),2025-10-18
Turkmenistan,2023,Total Damages (USD millions),110.06468781141731,EM-DAT (Realistic Simulation),2025-10-18
Turkmenistan,2023,Drought Events,0,EM-DAT (Realistic Simulation),2025-10-18
Turkmenistan,2023,Flood Events,2,EM-DAT (Realistic Simulation),2025-10-18
Turkmenistan,2023,Storm Events,2,EM-DAT (Realistic Simulation),2025-10-18
Turkmenistan,2023,Food Security Impact Score,2.6431649740204994,EM-DAT (Realistic Simulation),2025-10-18
Turks and Caicos Islands,2020,Number of Disasters,2,EM-DAT (Realistic Simulation),2025-10-18
Turks and Caicos Islands,2020,Total Affected (people),0,EM-DAT (Realistic Simulation),2025-10-18
Turks and Caicos Islands,2020,Total Damages (USD millions),302.7064864958005,EM-DAT (Realistic Simulation),2025-10-18
Turks and Caicos Islands,2020,Drought Events,0,EM-DAT (Realistic Simulation),2025-10-18
Turks and Caicos Islands,2020,Flood Events,3,EM-DAT (Realistic Simulation),2025-10-18
Turks and Caicos Islands,2020,Storm Events,2,EM-DAT (Realistic Simulation),2025-10-18
Turks and Caicos Islands,2020,Food Security Impact Score,2.235280766884146,EM-DAT (Realistic Simulation),2025-10-18
Turks and Caicos Islands,2021,Number of Disasters,2,EM-DAT (Realistic Simulation),2025-10-18
Turks and Caicos Islands,2021,Total Affected (people),0,EM-DAT (Realistic Simulation),2025-10-18
Turks and Caicos Islands,2021,Total Damages (USD millions),162.91064046154435,EM-DAT (Realistic Simulation),2025-10-18
Turks and Caicos Islands,2021,Drought Events,1,EM-DAT (Realistic Simulation),2025-10-18
Turks and Caicos Islands,2021,Flood Events,3,EM-DAT (Realistic Simulation),2025-10-18
Turks and Caicos Islands,2021,Storm Events,0,EM-DAT (Realistic Simulation),2025-10-18
Turks and Caicos Islands,2021,Food Security Impact Score,4.7352585298499,EM-DAT (Realistic Simulation),2025-10-18
Turks and Caicos Islands,2022,Number of Disasters,2,EM-DAT (Realistic Simulation),2025-10-18
Turks and Caicos Islands,2022,Total Affected (people),0,EM-DAT (Realistic Simulation),2025-10-18
Turks and Caicos Islands,2022,Total Damages (USD millions),400.3460003198752,EM-DAT (Realistic Simulation),2025-10-18
Turks and Caicos Islands,2022,Drought Events,0,EM-DAT (Realistic Simulation),2025-10-18
Turks and Caicos Islands,2022,Flood Events,1,EM-DAT (Realistic Simulation),2025-10-18
Turks and Caicos Islands,2022,Storm Events,4,EM-DAT (Realistic Simulation),2025-10-18
Turks and Caicos Islands,2022,Food Security Impact Score,4.355387129313932,EM-DAT (Realistic Simulation),2025-10-18
Turks and Caicos Islands,2023,Number of Disasters,2,EM-DAT (Realistic Simulation),2025-10-18
Turks and Caicos Islands,2023,Total Affected (people),98886.3819227979,EM-DAT (Realistic Simulation),2025-10-18
Turks and Caicos Islands,2023,Total Damages (USD millions),0,EM-DAT (Realistic Simulation),2025-10-18
Turks and Caicos Islands,2023,Drought Events,0,EM-DAT (Realistic Simulation),2025-10-18
Turks and Caicos Islands,2023,Flood Events,1,EM-DAT (Realistic Simulation),2025-10-18
Turks and Caicos Islands,2023,Storm Events,2,EM-DAT (Realistic Simulation),2025-10-18
Turks and Caicos Islands,2023,Food Security Impact Score,2.6586229847029896,EM-DAT (Realistic Simulation),2025-10-18
Tuvalu,2020,Number of Disasters,0,EM-DAT (Realistic Simulation),2025-10-18
Tuvalu,2020,Total Affected (people),106991.31593638781,EM-DAT (Realistic Simulation),2025-10-18
Tuvalu,2020,Total Damages (USD millions),0,EM-DAT (Realistic Simulation),2025-10-18
Tuvalu,2020,Drought Events,0,EM-DAT (Realistic Simulation),2025-10-18
Tuvalu,2020,Flood Events,1,EM-DAT (Realistic Simulation),2025-10-18
Tuvalu,2020,Storm Events,0,EM-DAT (Realistic Simulation),2025-10-18
Tuvalu,2020,Food Security Impact Score,6.484277235132597,EM-DAT (Realistic Simulation),2025-10-18
Tuvalu,2021,Number of Disasters,5,EM-DAT (Realistic Simulation),2025-10-18
Tuvalu,2021,Total Affected (people),3625.3124898827227,EM-DAT (Realistic Simulation),2025-10-18
Tuvalu,2021,Total Damages (USD millions),315.3161790859897,EM-DAT (Realistic Simulation),2025-10-18
Tuvalu,2021,Drought Events,2,EM-DAT (Realistic Simulation),2025-10-18
Tuvalu,2021,Flood Events,0,EM-DAT (Realistic Simulation),2025-10-18
Tuvalu,2021,Storm Events,0,EM-DAT (Realistic Simulation),2025-10-18
Tuvalu,2021,Food Security Impact Score,2.9446862323008096,EM-DAT (Realistic Simulation),2025-10-18
Tuvalu,2022,Number of Disasters,2,EM-DAT (Realistic Simulation),2025-10-18
Tuvalu,2022,Total Affected (people),153856.517041477,EM-DAT (Realistic Simulation),2025-10-18
Tuvalu,2022,Total Damages (USD millions),619.0449851632314,EM-DAT (Realistic Simulation),2025-10-18
Tuvalu,2022,Drought Events,2,EM-DAT (Realistic Simulation),2025-10-18
Tuvalu,2022,Flood Events,0,EM-DAT (Realistic Simulation),2025-10-18
Tuvalu,2022,Storm Events,3,EM-DAT (Realistic Simulation),2025-10-18
Tuvalu,2022,Food Security Impact Score,2.736270988972162,EM-DAT (Realistic Simulation),2025-10-18
Tuvalu,2023,Number of Disasters,2,EM-DAT (Realistic Simulation),2025-10-18
Tuvalu,2023,Total Affected (people),22802.10494617027,EM-DAT (Realistic Simulation),2025-10-18
Tuvalu,2023,Total Damages (USD millions),0,EM-DAT (Realistic Simulation),2025-10-18
Tuvalu,2023,Drought Events,0,EM-DAT (Realistic Simulation),2025-10-18
Tuvalu,2023,Flood Events,2,EM-DAT (Realistic Simulation),2025-10-18
Tuvalu,2023,Storm Events,1,EM-DAT (Realistic Simulation),2025-10-18
Tuvalu,2023,Food Security Impact Score,5.391117756298634,EM-DAT (Realistic Simulation),2025-10-18
Uganda,2020,Number of Disasters,2,EM-DAT (Realistic Simulation),2025-10-18
Uganda,2020,Total Affected (people),0,EM-DAT (Realistic Simulation),2025-10-18
Uganda,2020,Total Damages (USD millions),194.49885524471438,EM-DAT (Realistic Simulation),2025-10-18
Uganda,2020,Drought Events,1,EM-DAT (Realistic Simulation),2025-10-18
Uganda,2020,Flood Events,0,EM-DAT (Realistic Simulation),2025-10-18
Uganda,2020,Storm Events,0,EM-DAT (Realistic Simulation),2025-10-18
Uganda,2020,Food Security Impact Score,0,EM-DAT (Realistic Simulation),2025-10-18
Uganda,2021,Number of Disasters,5,EM-DAT (Realistic Simulation),2025-10-18
Uganda,2021,Total Affected (people),207295.84522564017,EM-DAT (Realistic Simulation),2025-10-18
Uganda,2021,Total Damages (USD millions),156.74812215437106,EM-DAT (Realistic Simulation),2025-10-18
Uganda,2021,Drought Events,0,EM-DAT (Realistic Simulation),2025-10-18
Uganda,2021,Flood Events,0,EM-DAT (Realistic Simulation),2025-10-18
Uganda,2021,Storm Events,1,EM-DAT (Realistic Simulation),2025-10-18
Uganda,2021,Food Security Impact Score,2.9101972197945996,EM-DAT (Realistic Simulation),2025-10-18
Uganda,2022,Number of Disasters,2,EM-DAT (Realistic Simulation),2025-10-18
Uganda,2022,Total Affected (people),39862.79924831161,EM-DAT (Realistic Simulation),2025-10-18
Uganda,2022,Total Damages (USD millions),79.2151384907835,EM-DAT (Realistic Simulation),2025-10-18
Uganda,2022,Drought Events,1,EM-DAT (Realistic Simulation),2025-10-18
Uganda,2022,Flood Events,2,EM-DAT (Realistic Simulation),2025-10-18
Uganda,2022,Storm Events,2,EM-DAT (Realistic Simulation),2025-10-18
Uganda,2022,Food Security Impact Score,3.8979576168624748,EM-DAT (Realistic Simulation),2025-10-18
Uganda,2023,Number of Disasters,1,EM-DAT (Realistic Simulation),2025-10-18
Uganda,2023,Total Affected (people),66650.54291283392,EM-DAT (Realistic Simulation),2025-10-18
Uganda,2023,Total Damages (USD millions),151.65470424176056,EM-DAT (Realistic Simulation),2025-10-18
Uganda,2023,Drought Events,1,EM-DAT (Realistic Simulation),2025-10-18
Uganda,2023,Flood Events,0,EM-DAT (Realistic Simulation),2025-10-18
Uganda,2023,Storm Events,1,EM-DAT (Realistic Simulation),2025-10-18
Uganda,2023,Food Security Impact Score,1.9769591339029358,EM-DAT (Realistic Simulation),2025-10-18
Ukraine,2020,Number of Disasters,6,EM-DAT (Realistic Simulation),2025-10-18
Ukraine,2020,Total Affected (people),0,EM-DAT (Realistic Simulation),2025-10-18
Ukraine,2020,Total Damages (USD millions),1089.4974405607381,EM-DAT (Realistic Simulation),2025-10-18
Ukraine,2020,Drought Events,1,EM-DAT (Realistic Simulation),2025-10-18
Ukraine,2020,Flood Events,0,EM-DAT (Realistic Simulation),2025-10-18
Ukraine,2020,Storm Events,0,EM-DAT (Realistic Simulation),2025-10-18
Ukraine,2020,Food Security Impact Score,4.768868888746221,EM-DAT (Realistic Simulation),2025-10-18
Ukraine,2021,Number of Disasters,1,EM-DAT (Realistic Simulation),2025-10-18
Ukraine,2021,Total Affected (people),83939.52537238522,EM-DAT (Realistic Simulation),2025-10-18
Ukraine,2021,Total Damages (USD millions),891.9839607619638,EM-DAT (Realistic Simulation),2025-10-18
Ukraine,2021,Drought Events,2,EM-DAT (Realistic Simulation),2025-10-18
Ukraine,2021,Flood Events,2,EM-DAT (Realistic Simulation),2025-10-18
Ukraine,2021,Storm Events,2,EM-DAT (Realistic Simulation),2025-10-18
Ukraine,2021,Food Security Impact Score,0.7125008110214535,EM-DAT (Realistic Simulation),2025-10-18
Ukraine,2022,Number of Disasters,1,EM-DAT (Realistic Simulation),2025-10-18
Ukraine,2022,Total Affected (people),0,EM-DAT (Realistic Simulation),2025-10-18
Ukraine,2022,Total Damages (USD millions),883.4527106278242,EM-DAT (Realistic Simulation),2025-10-18
Ukraine,2022,Drought Events,1,EM-DAT (Realistic Simulation),2025-10-18
Ukraine,2022,Flood Events,0,EM-DAT (Realistic Simulation),2025-10-18
Ukraine,2022,Storm Events,2,EM-DAT (Realistic Simulation),2025-10-18
Ukraine,2022,Food Security Impact Score,3.9992584218668763,EM-DAT (Realistic Simulation),2025-10-18
Ukraine,2023,Number of Disasters,2,EM-DAT (Realistic Simulation),2025-10-18
Ukraine,2023,Total Affected (people),0,EM-DAT (Realistic Simulation),2025-10-18
Ukraine,2023,Total Damages (USD millions),29.258630862030316,EM-DAT (Realistic Simulation),2025-10-18
Ukraine,2023,Drought Events,1,EM-DAT (Realistic Simulation),2025-10-18
Ukraine,2023,Flood Events,0,EM-DAT (Realistic Simulation),2025-10-18
Ukraine,2023,Storm Events,1,EM-DAT (Realistic Simulation),2025-10-18
Ukraine,2023,Food Security Impact Score,4.407857998392784,EM-DAT (Realistic Simulation),2025-10-18
United Arab Emirates,2020,Number of Disasters,1,EM-DAT (Realistic Simulation),2025-10-18
United Arab Emirates,2020,Total Affected (people),153077.42163857684,EM-DAT (Realistic Simulation),2025-10-18
United Arab Emirates,2020,Total Damages (USD millions),0,EM-DAT (Realistic Simulation),2025-10-18
United Arab Emirates,2020,Drought Events,0,EM-DAT (Realistic Simulation),2025-10-18
United Arab Emirates,2020,Flood Events,1,EM-DAT (Realistic Simulation),2025-10-18
United Arab Emirates,2020,Storm Events,0,EM-DAT (Realistic Simulation),2025-10-18
United Arab Emirates,2020,Food Security Impact Score,0,EM-DAT (Realistic Simulation),2025-10-18
United Arab Emirates,2021,Number of Disasters,1,EM-DAT (Realistic Simulation),2025-10-18
United Arab Emirates,2021,Total Affected (people),100522.22087727278,EM-DAT (Realistic Simulation),2025-10-18
United Arab Emirates,2021,Total Damages (USD millions),969.9765966802462,EM-DAT (Realistic Simulation),2025-10-18
United Arab Emirates,2021,Drought Events,0,EM-DAT (Realistic Simulation),2025-10-18
United Arab Emirates,2021,Flood Events,1,EM-DAT (Realistic Simulation),2025-10-18
United Arab Emirates,2021,Storm Events,1,EM-DAT (Realistic Simulation),2025-10-18
United Arab Emirates,2021,Food Security Impact Score,6.091054511065497,EM-DAT (Realistic Simulation),2025-10-18
United Arab Emirates,2022,Number of Disasters,6,EM-DAT (Realistic Simulation),2025-10-18
United Arab Emirates,2022,Total Affected (people),46798.036901240586,EM-DAT (Realistic Simulation),2025-10-18
United Arab Emirates,2022,Total Damages (USD millions),27.623115997717022,EM-DAT (Realistic Simulation),2025-10-18
United Arab Emirates,2022,Drought Events,0,EM-DAT (Realistic Simulation),2025-10-18
United Arab Emirates,2022,Flood Events,1,EM-DAT (Realistic Simulation),2025-10-18
United Arab Emirates,2022,Storm Events,1,EM-DAT (Realistic Simulation),2025-10-18
United Arab Emirates,2022,Food Security Impact Score,4.636932405908116,EM-DAT (Realistic Simulation),2025-10-18
United Arab Emirates,2023,Number of Disasters,2,EM-DAT (Realistic Simulation),2025-10-18
United Arab Emirates,2023,Total Affected (people),114131.90394352675,EM-DAT (Realistic Simulation),2025-10-18
United Arab Emirates,2023,Total Damages (USD millions),573.8881496470833,EM-DAT (Realistic Simulation),2025-10-18
United Arab Emirates,2023,Drought Events,1,EM-DAT (Realistic Simulation),2025-10-18
United Arab Emirates,2023,Flood Events,3,EM-DAT (Realistic Simulation),2025-10-18
United Arab Emirates,2023,Storm Events,0,EM-DAT (Realistic Simulation),2025-10-18
United Arab Emirates,2023,Food Security Impact Score,3.5881405824702433,EM-DAT (Realistic Simulation),2025-10-18
United Kingdom,2020,Number of Disasters,2,EM-DAT (Realistic Simulation),2025-10-18
United Kingdom,2020,Total Affected (people),0,EM-DAT (Realistic Simulation),2025-10-18
United Kingdom,2020,Total Damages (USD millions),806.585844731777,EM-DAT (Realistic Simulation),2025-10-18
United Kingdom,2020,Drought Events,0,EM-DAT (Realistic Simulation),2025-10-18
United Kingdom,2020,Flood Events,1,EM-DAT (Realistic Simulation),2025-10-18
United Kingdom,2020,Storm Events,1,EM-DAT (Realistic Simulation),2025-10-18
United Kingdom,2020,Food Security Impact Score,4.305973079864803,EM-DAT (Realistic Simulation),2025-10-18
United Kingdom,2021,Number of Disasters,2,EM-DAT (Realistic Simulation),2025-10-18
United Kingdom,2021,Total Affected (people),64054.57117741859,EM-DAT (Realistic Simulation),2025-10-18
United Kingdom,2021,Total Damages (USD millions),453.8738148181055,EM-DAT (Realistic Simulation),2025-10-18
United Kingdom,2021,Drought Events,2,EM-DAT (Realistic Simulation),2025-10-18
United Kingdom,2021,Flood Events,0,EM-DAT (Realistic Simulation),2025-10-18
United Kingdom,2021,Storm Events,2,EM-DAT (Realistic Simulation),2025-10-18
United Kingdom,2021,Food Security Impact Score,0.010405111041436932,EM-DAT (Realistic Simulation),2025-10-18
United Kingdom,2022,Number of Disasters,1,EM-DAT (Realistic Simulation),2025-10-18
United Kingdom,2022,Total Affected (people),46176.70224649809,EM-DAT (Realistic Simulation),2025-10-18
United Kingdom,2022,Total Damages (USD millions),0,EM-DAT (Realistic Simulation),2025-10-18
United Kingdom,2022,Drought Events,0,EM-DAT (Realistic Simulation),2025-10-18
United Kingdom,2022,Flood Events,1,EM-DAT (Realistic Simulation),2025-10-18
United Kingdom,2022,Storm Events,1,EM-DAT (Realistic Simulation),2025-10-18
United Kingdom,2022,Food Security Impact Score,5.161786659525718,EM-DAT (Realistic Simulation),2025-10-18
United Kingdom,2023,Number of Disasters,2,EM-DAT (Realistic Simulation),2025-10-18
United Kingdom,2023,Total Affected (people),3922.3057703282466,EM-DAT (Realistic Simulation),2025-10-18
United Kingdom,2023,Total Damages (USD millions),58.290630878040275,EM-DAT (Realistic Simulation),2025-10-18
United Kingdom,2023,Drought Events,0,EM-DAT (Realistic Simulation),2025-10-18
United Kingdom,2023,Flood Events,2,EM-DAT (Realistic Simulation),2025-10-18
United Kingdom,2023,Storm Events,1,EM-DAT (Realistic Simulation),2025-10-18
United Kingdom,2023,Food Security Impact Score,5.780468178179058,EM-DAT (Realistic Simulation),2025-10-18
United States,2020,Number of Disasters,1,EM-DAT (Realistic Simulation),2025-10-18
United States,2020,Total Affected (people),0,EM-DAT (Realistic Simulation),2025-10-18
United States,2020,Total Damages (USD millions),359.7741072138083,EM-DAT (Realistic Simulation),2025-10-18
United States,2020,Drought Events,0,EM-DAT (Realistic Simulation),2025-10-18
United States,2020,Flood Events,2,EM-DAT (Realistic Simulation),2025-10-18
United States,2020,Storm Events,0,EM-DAT (Realistic Simulation),2025-10-18
United States,2020,Food Security Impact Score,0,EM-DAT (Realistic Simulation),2025-10-18
United States,2021,Number of Disasters,1,EM-DAT (Realistic Simulation),2025-10-18
United States,2021,Total Affected (people),0,EM-DAT (Realistic Simulation),2025-10-18
United States,2021,Total Damages (USD millions),92.44637548158083,EM-DAT (Realistic Simulation),2025-10-18
United States,2021,Drought Events,1,EM-DAT (Realistic Simulation),2025-10-18
United States,2021,Flood Events,1,EM-DAT (Realistic Simulation),2025-10-18
United States,2021,Storm Events,1,EM-DAT (Realistic Simulation),2025-10-18
United States,2021,Food Security Impact Score,6.50445684949351,EM-DAT (Realistic Simulation),2025-10-18
United States,2022,Number of Disasters,0,EM-DAT (Realistic Simulation),2025-10-18
United States,2022,Total Affected (people),13385.082407273825,EM-DAT (Realistic Simulation),2025-10-18
United States,2022,Total Damages (USD millions),680.1874817823767,EM-DAT (Realistic Simulation),2025-10-18
United States,2022,Drought Events,0,EM-DAT (Realistic Simulation),2025-10-18
United States,2022,Flood Events,2,EM-DAT (Realistic Simulation),2025-10-18
United States,2022,Storm Events,0,EM-DAT (Realistic Simulation),2025-10-18
United States,2022,Food Security Impact Score,3.5395139860922615,EM-DAT (Realistic Simulation),2025-10-18
United States,2023,Number of Disasters,2,EM-DAT (Realistic Simulation),2025-10-18
United States,2023,Total Affected (people),149440.8572164817,EM-DAT (Realistic Simulation),2025-10-18
United States,2023,Total Damages (USD millions),585.0189713773957,EM-DAT (Realistic Simulation),2025-10-18
United States,2023,Drought Events,1,EM-DAT (Realistic Simulation),2025-10-18
United States,2023,Flood Events,1,EM-DAT (Realistic Simulation),2025-10-18
United States,2023,Storm Events,0,EM-DAT (Realistic Simulation),2025-10-18
United States,2023,Food Security Impact Score,2.6263867781491435,EM-DAT (Realistic Simulation),2025-10-18
Upper middle income,2020,Number of Disasters,5,EM-DAT (Realistic Simulation),2025-10-18
Upper middle income,2020,Total Affected (people),0,EM-DAT (Realistic Simulation),2025-10-18
Upper middle income,2020,Total Damages (USD millions),323.7016733645586,EM-DAT (Realistic Simulation),2025-10-18
Upper middle income,2020,Drought Events,0,EM-DAT (Realistic Simulation),2025-10-18
Upper middle income,2020,Flood Events,0,EM-DAT (Realistic Simulation),2025-10-18
Upper middle income,2020,Storm Events,0,EM-DAT (Realistic Simulation),2025-10-18
Upper middle income,2020,Food Security Impact Score,2.439922376320074,EM-DAT (Realistic Simulation),2025-10-18
Upper middle income,2021,Number of Disasters,1,EM-DAT (Realistic Simulation),2025-10-18
Upper middle income,2021,Total Affected (people),92904.91891326553,EM-DAT (Realistic Simulation),2025-10-18
Upper middle income,2021,Total Damages (USD millions),0,EM-DAT (Realistic Simulation),2025-10-18
Upper middle income,2021,Drought Events,0,EM-DAT (Realistic Simulation),2025-10-18
Upper middle income,2021,Flood Events,1,EM-DAT (Realistic Simulation),2025-10-18
Upper middle income,2021,Storm Events,1,EM-DAT (Realistic Simulation),2025-10-18
Upper middle income,2021,Food Security Impact Score,3.9592932189588526,EM-DAT (Realistic Simulation),2025-10-18
Upper middle income,2022,Number of Disasters,0,EM-DAT (Realistic Simulation),2025-10-18
Upper middle income,2022,Total Affected (people),0,EM-DAT (Realistic Simulation),2025-10-18
Upper middle income,2022,Total Damages (USD millions),674.1692221374648,EM-DAT (Realistic Simulation),2025-10-18
Upper middle income,2022,Drought Events,0,EM-DAT (Realistic Simulation),2025-10-18
Upper middle income,2022,Flood Events,4,EM-DAT (Realistic Simulation),2025-10-18
Upper middle income,2022,Storm Events,0,EM-DAT (Realistic Simulation),2025-10-18
Upper middle income,2022,Food Security Impact Score,1.8155206824832348,EM-DAT (Realistic Simulation),2025-10-18
Upper middle income,2023,Number of Disasters,2,EM-DAT (Realistic Simulation),2025-10-18
Upper middle income,2023,Total Affected (people),0,EM-DAT (Realistic Simulation),2025-10-18
Upper middle income,2023,Total Damages (USD millions),74.82360783264625,EM-DAT (Realistic Simulation),2025-10-18
Upper middle income,2023,Drought Events,0,EM-DAT (Realistic Simulation),2025-10-18
Upper middle income,2023,Flood Events,1,EM-DAT (Realistic Simulation),2025-10-18
Upper middle income,2023,Storm Events,0,EM-DAT (Realistic Simulation),2025-10-18
Upper middle income,2023,Food Security Impact Score,5.133664510878712,EM-DAT (Realistic Simulation),2025-10-18
Uruguay,2020,Number of Disasters,3,EM-DAT (Realistic Simulation),2025-10-18
Uruguay,2020,Total Affected (people),81796.42609158781,EM-DAT (Realistic Simulation),2025-10-18
Uruguay,2020,Total Damages (USD millions),294.4233030936624,EM-DAT (Realistic Simulation),2025-10-18
Uruguay,2020,Drought Events,0,EM-DAT (Realistic Simulation),2025-10-18
Uruguay,2020,Flood Events,1,EM-DAT (Realistic Simulation),2025-10-18
Uruguay,2020,Storm Events,1,EM-DAT (Realistic Simulation),2025-10-18
Uruguay,2020,Food Security Impact Score,3.6031422930309964,EM-DAT (Realistic Simulation),2025-10-18
Uruguay,2021,Number of Disasters,2,EM-DAT (Realistic Simulation),2025-10-18
Uruguay,2021,Total Affected (people),0,EM-DAT (Realistic Simulation),2025-10-18
Uruguay,2021,Total Damages (USD millions),0,EM-DAT (Realistic Simulation),2025-10-18
Uruguay,2021,Drought Events,1,EM-DAT (Realistic Simulation),2025-10-18
Uruguay,2021,Flood Events,2,EM-DAT (Realistic Simulation),2025-10-18
Uruguay,2021,Storm Events,2,EM-DAT (Realistic Simulation),2025-10-18
Uruguay,2021,Food Security Impact Score,4.511480065498965,EM-DAT (Realistic Simulation),2025-10-18
Uruguay,2022,Number of Disasters,2,EM-DAT (Realistic Simulation),2025-10-18
Uruguay,2022,Total Affected (people),204497.7710590036,EM-DAT (Realistic Simulation),2025-10-18
Uruguay,2022,Total Damages (USD millions),933.2883523851174,EM-DAT (Realistic Simulation),2025-10-18
Uruguay,2022,Drought Events,2,EM-DAT (Realistic Simulation),2025-10-18
Uruguay,2022,Flood Events,3,EM-DAT (Realistic Simulation),2025-10-18
Uruguay,2022,Storm Events,3,EM-DAT (Realistic Simulation),2025-10-18
Uruguay,2022,Food Security Impact Score,0,EM-DAT (Realistic Simulation),2025-10-18
Uruguay,2023,Number of Disasters,4,EM-DAT (Realistic Simulation),2025-10-18
Uruguay,2023,Total Affected (people),102066.36187577879,EM-DAT (Realistic Simulation),2025-10-18
Uruguay,2023,Total Damages (USD millions),1229.3323241940607,EM-DAT (Realistic Simulation),2025-10-18
Uruguay,2023,Drought Events,0,EM-DAT (Realistic Simulation),2025-10-18
Uruguay,2023,Flood Events,2,EM-DAT (Realistic Simulation),2025-10-18
Uruguay,2023,Storm Events,1,EM-DAT (Realistic Simulation),2025-10-18
Uruguay,2023,Food Security Impact Score,2.8796964273311585,EM-DAT (Realistic Simulation),2025-10-18
Uzbekistan,2020,Number of Disasters,0,EM-DAT (Realistic Simulation),2025-10-18
Uzbekistan,2020,Total Affected (people),0,EM-DAT (Realistic Simulation),2025-10-18
Uzbekistan,2020,Total Damages (USD millions),827.977080961259,EM-DAT (Realistic Simulation),2025-10-18
Uzbekistan,2020,Drought Events,0,EM-DAT (Realistic Simulation),2025-10-18
Uzbekistan,2020,Flood Events,2,EM-DAT (Realistic Simulation),2025-10-18
Uzbekistan,2020,Storm Events,0,EM-DAT (Realistic Simulation),2025-10-18
Uzbekistan,2020,Food Security Impact Score,1.8699756538616172,EM-DAT (Realistic Simulation),2025-10-18
Uzbekistan,2021,Number of Disasters,1,EM-DAT (Realistic Simulation),2025-10-18
Uzbekistan,2021,Total Affected (people),0,EM-DAT (Realistic Simulation),2025-10-18
Uzbekistan,2021,Total Damages (USD millions),0,EM-DAT (Realistic Simulation),2025-10-18
Uzbekistan,2021,Drought Events,0,EM-DAT (Realistic Simulation),2025-10-18
Uzbekistan,2021,Flood Events,1,EM-DAT (Realistic Simulation),2025-10-18
Uzbekistan,2021,Storm Events,0,EM-DAT (Realistic Simulation),2025-10-18
Uzbekistan,2021,Food Security Impact Score,5.073009712557052,EM-DAT (Realistic Simulation),2025-10-18
Uzbekistan,2022,Number of Disasters,5,EM-DAT (Realistic Simulation),2025-10-18
Uzbekistan,2022,Total Affected (people),0,EM-DAT (Realistic Simulation),2025-10-18
Uzbekistan,2022,Total Damages (USD millions),0,EM-DAT (Realistic Simulation),2025-10-18
Uzbekistan,2022,Drought Events,0,EM-DAT (Realistic Simulation),2025-10-18
Uzbekistan,2022,Flood Events,1,EM-DAT (Realistic Simulation),2025-10-18
Uzbekistan,2022,Storm Events,1,EM-DAT (Realistic Simulation),2025-10-18
Uzbekistan,2022,Food Security Impact Score,2.150471681833362,EM-DAT (Realistic Simulation),2025-10-18
Uzbekistan,2023,Number of Disasters,1,EM-DAT (Realistic Simulation),2025-10-18
Uzbekistan,2023,Total Affected (people),130885.52839864952,EM-DAT (Realistic Simulation),2025-10-18
Uzbekistan,2023,Total Damages (USD millions),80.87186857847713,EM-DAT (Realistic Simulation),2025-10-18
Uzbekistan,2023,Drought Events,1,EM-DAT (Realistic Simulation),2025-10-18
Uzbekistan,2023,Flood Events,0,EM-DAT (Realistic Simulation),2025-10-18
Uzbekistan,2023,Storm Events,0,EM-DAT (Realistic Simulation),2025-10-18
Uzbekistan,2023,Food Security Impact Score,1.496208482267376,EM-DAT (Realistic Simulation),2025-10-18
Vanuatu,2020,Number of Disasters,2,EM-DAT (Realistic Simulation),2025-10-18
Vanuatu,2020,Total Affected (people),118339.35582990662,EM-DAT (Realistic Simulation),2025-10-18
Vanuatu,2020,Total Damages (USD millions),0,EM-DAT (Realistic Simulation),2025-10-18
Vanuatu,2020,Drought Events,0,EM-DAT (Realistic Simulation),2025-10-18
Vanuatu,2020,Flood Events,1,EM-DAT (Realistic Simulation),2025-10-18
Vanuatu,2020,Storm Events,0,EM-DAT (Realistic Simulation),2025-10-18
Vanuatu,2020,Food Security Impact Score,1.216438373116427,EM-DAT (Realistic Simulation),2025-10-18
Vanuatu,2021,Number of Disasters,2,EM-DAT (Realistic Simulation),2025-10-18
Vanuatu,2021,Total Affected (people),0,EM-DAT (Realistic Simulation),2025-10-18
Vanuatu,2021,Total Damages (USD millions),127.03580198502573,EM-DAT (Realistic Simulation),2025-10-18
Vanuatu,2021,Drought Events,0,EM-DAT (Realistic Simulation),2025-10-18
Vanuatu,2021,Flood Events,0,EM-DAT (Realistic Simulation),2025-10-18
Vanuatu,2021,Storm Events,1,EM-DAT (Realistic Simulation),2025-10-18
Vanuatu,2021,Food Security Impact Score,5.249123254347783,EM-DAT (Realistic Simulation),2025-10-18
Vanuatu,2022,Number of Disasters,0,EM-DAT (Realistic Simulation),2025-10-18
Vanuatu,2022,Total Affected (people),90923.4107733088,EM-DAT (Realistic Simulation),2025-10-18
Vanuatu,2022,Total Damages (USD millions),0,EM-DAT (Realistic Simulation),2025-10-18
Vanuatu,2022,Drought Events,1,EM-DAT (Realistic Simulation),2025-10-18
Vanuatu,2022,Flood Events,2,EM-DAT (Realistic Simulation),2025-10-18
Vanuatu,2022,Storm Events,1,EM-DAT (Realistic Simulation),2025-10-18
Vanuatu,2022,Food Security Impact Score,6.4361906494179895,EM-DAT (Realistic Simulation),2025-10-18
Vanuatu,2023,Number of Disasters,1,EM-DAT (Realistic Simulation),2025-10-18
Vanuatu,2023,Total Affected (people),5871.651352421992,EM-DAT (Realistic Simulation),2025-10-18
Vanuatu,2023,Total Damages (USD millions),0,EM-DAT (Realistic Simulation),2025-10-18
Vanuatu,2023,Drought Events,0,EM-DAT (Realistic Simulation),2025-10-18
Vanuatu,2023,Flood Events,2,EM-DAT (Realistic Simulation),2025-10-18
Vanuatu,2023,Storm Events,0,EM-DAT (Realistic Simulation),2025-10-18
Vanuatu,2023,Food Security Impact Score,4.655290319857728,EM-DAT (Realistic Simulation),2025-10-18
"Venezuela, RB",2020,Number of Disasters,5,EM-DAT (Realistic Simulation),2025-10-18
"Venezuela, RB",2020,Total Affected (people),151730.5694712053,EM-DAT (Realistic Simulation),2025-10-18
"Venezuela, RB",2020,Total Damages (USD millions),575.8578696490706,EM-DAT (Realistic Simulation),2025-10-18
"Venezuela, RB",2020,Drought Events,1,EM-DAT (Realistic Simulation),2025-10-18
"Venezuela, RB",2020,Flood Events,3,EM-DAT (Realistic Simulation),2025-10-18
"Venezuela, RB",2020,Storm Events,0,EM-DAT (Realistic Simulation),2025-10-18
"Venezuela, RB",2020,Food Security Impact Score,0.9303810157408847,EM-DAT (Realistic Simulation),2025-10-18
"Venezuela, RB",2021,Number of Disasters,2,EM-DAT (Realistic Simulation),2025-10-18
"Venezuela, RB",2021,Total Affected (people),0,EM-DAT (Realistic Simulation),2025-10-18
"Venezuela, RB",2021,Total Damages (USD millions),217.2863811748101,EM-DAT (Realistic Simulation),2025-10-18
"Venezuela, RB",2021,Drought Events,0,EM-DAT (Realistic Simulation),2025-10-18
"Venezuela, RB",2021,Flood Events,1,EM-DAT (Realistic Simulation),2025-10-18
"Venezuela, RB",2021,Storm Events,1,EM-DAT (Realistic Simulation),2025-10-18
"Venezuela, RB",2021,Food Security Impact Score,1.5099091856346174,EM-DAT (Realistic Simulation),2025-10-18
"Venezuela, RB",2022,Number of Disasters,2,EM-DAT (Realistic Simulation),2025-10-18
"Venezuela, RB",2022,Total Affected (people),0,EM-DAT (Realistic Simulation),2025-10-18
"Venezuela, RB",2022,Total Damages (USD millions),0,EM-DAT (Realistic Simulation),2025-10-18
"Venezuela, RB",2022,Drought Events,1,EM-DAT (Realistic Simulation),2025-10-18
"Venezuela, RB",2022,Flood Events,1,EM-DAT (Realistic Simulation),2025-10-18
"Venezuela, RB",2022,Storm Events,1,EM-DAT (Realistic Simulation),2025-10-18
"Venezuela, RB",2022,Food Security Impact Score,5.689850577406629,EM-DAT (Realistic Simulation),2025-10-18
"Venezuela, RB",2023,Number of Disasters,3,EM-DAT (Realistic Simulation),2025-10-18
"Venezuela, RB",2023,Total Affected (people),42094.221872384594,EM-DAT (Realistic Simulation),2025-10-18
"Venezuela, RB",2023,Total Damages (USD millions),0,EM-DAT (Realistic Simulation),2025-10-18
"Venezuela, RB",2023,Drought Events,2,EM-DAT (Realistic Simulation),2025-10-18
"Venezuela, RB",2023,Flood Events,2,EM-DAT (Realistic Simulation),2025-10-18
"Venezuela, RB",2023,Storm Events,2,EM-DAT (Realistic Simulation),2025-10-18
"Venezuela, RB",2023,Food Security Impact Score,5.538131818765663,EM-DAT (Realistic Simulation),2025-10-18
Viet Nam,2020,Number of Disasters,2,EM-DAT (Realistic Simulation),2025-10-18
Viet Nam,2020,Total Affected (people),171733.56098125814,EM-DAT (Realistic Simulation),2025-10-18
Viet Nam,2020,Total Damages (USD millions),1158.7623200415471,EM-DAT (Realistic Simulation),2025-10-18
Viet Nam,2020,Drought Events,0,EM-DAT (Realistic Simulation),2025-10-18
Viet Nam,2020,Flood Events,1,EM-DAT (Realistic Simulation),2025-10-18
Viet Nam,2020,Storm Events,3,EM-DAT (Realistic Simulation),2025-10-18
Viet Nam,2020,Food Security Impact Score,5.31234772266933,EM-DAT (Realistic Simulation),2025-10-18
Viet Nam,2021,Number of Disasters,3,EM-DAT (Realistic Simulation),2025-10-18
Viet Nam,2021,Total Affected (people),0,EM-DAT (Realistic Simulation),2025-10-18
Viet Nam,2021,Total Damages (USD millions),0,EM-DAT (Realistic Simulation),2025-10-18
Viet Nam,2021,Drought Events,0,EM-DAT (Realistic Simulation),2025-10-18
Viet Nam,2021,Flood Events,1,EM-DAT (Realistic Simulation),2025-10-18
Viet Nam,2021,Storm Events,2,EM-DAT (Realistic Simulation),2025-10-18
Viet Nam,2021,Food Security Impact Score,0,EM-DAT (Realistic Simulation),2025-10-18
Viet Nam,2022,Number of Disasters,2,EM-DAT (Realistic Simulation),2025-10-18
Viet Nam,2022,Total Affected (people),62015.85836681509,EM-DAT (Realistic Simulation),2025-10-18
Viet Nam,2022,Total Damages (USD millions),1030.663984115819,EM-DAT (Realistic Simulation),2025-10-18
Viet Nam,2022,Drought Events,1,EM-DAT (Realistic Simulation),2025-10-18
Viet Nam,2022,Flood Events,1,EM-DAT (Realistic Simulation),2025-10-18
Viet Nam,2022,Storm Events,4,EM-DAT (Realistic Simulation),2025-10-18
Viet Nam,2022,Food Security Impact Score,2.4687575272324525,EM-DAT (Realistic Simulation),2025-10-18
Viet Nam,2023,Number of Disasters,1,EM-DAT (Realistic Simulation),2025-10-18
Viet Nam,2023,Total Affected (people),170416.38370558765,EM-DAT (Realistic Simulation),2025-10-18
Viet Nam,2023,Total Damages (USD millions),869.51946569076,EM-DAT (Realistic Simulation),2025-10-18
Viet Nam,2023,Drought Events,0,EM-DAT (Realistic Simulation),2025-10-18
Viet Nam,2023,Flood Events,0,EM-DAT (Realistic Simulation),2025-10-18
Viet Nam,2023,Storm Events,0,EM-DAT (Realistic Simulation),2025-10-18
Viet Nam,2023,Food Security Impact Score,3.191348160315407,EM-DAT (Realistic Simulation),2025-10-18
Virgin Islands (U.S.),2020,Number of Disasters,2,EM-DAT (Realistic Simulation),2025-10-18
Virgin Islands (U.S.),2020,Total Affected (people),133089.40659563278,EM-DAT (Realistic Simulation),2025-10-18
Virgin Islands (U.S.),2020,Total Damages (USD millions),0,EM-DAT (Realistic Simulation),2025-10-18
Virgin Islands (U.S.),2020,Drought Events,0,EM-DAT (Realistic Simulation),2025-10-18
Virgin Islands (U.S.),2020,Flood Events,0,EM-DAT (Realistic Simulation),2025-10-18
Virgin Islands (U.S.),2020,Storm Events,0,EM-DAT (Realistic Simulation),2025-10-18
Virgin Islands (U.S.),2020,Food Security Impact Score,4.823571637897077,EM-DAT (Realistic Simulation),2025-10-18
Virgin Islands (U.S.),2021,Number of Disasters,3,EM-DAT (Realistic Simulation),2025-10-18
Virgin Islands (U.S.),2021,Total Affected (people),10922.191458476162,EM-DAT (Realistic Simulation),2025-10-18
Virgin Islands (U.S.),2021,Total Damages (USD millions),301.46122579783525,EM-DAT (Realistic Simulation),2025-10-18
Virgin Islands (U.S.),2021,Drought Events,1,EM-DAT (Realistic Simulation),2025-10-18
Virgin Islands (U.S.),2021,Flood Events,1,EM-DAT (Realistic Simulation),2025-10-18
Virgin Islands (U.S.),2021,Storm Events,1,EM-DAT (Realistic Simulation),2025-10-18
Virgin Islands (U.S.),2021,Food Security Impact Score,2.341186490909408,EM-DAT (Realistic Simulation),2025-10-18
Virgin Islands (U.S.),2022,Number of Disasters,3,EM-DAT (Realistic Simulation),2025-10-18
Virgin Islands (U.S.),2022,Total Affected (people),27107.44400893424,EM-DAT (Realistic Simulation),2025-10-18
Virgin Islands (U.S.),2022,Total Damages (USD millions),433.5088141691106,EM-DAT (Realistic Simulation),2025-10-18
Virgin Islands (U.S.),2022,Drought Events,1,EM-DAT (Realistic Simulation),2025-10-18
Virgin Islands (U.S.),2022,Flood Events,4,EM-DAT (Realistic Simulation),2025-10-18
Virgin Islands (U.S.),2022,Storm Events,1,EM-DAT (Realistic Simulation),2025-10-18
Virgin Islands (U.S.),2022,Food Security Impact Score,2.0720438086894006,EM-DAT (Realistic Simulation),2025-10-18
Virgin Islands (U.S.),2023,Number of Disasters,2,EM-DAT (Realistic Simulation),2025-10-18
Virgin Islands (U.S.),2023,Total Affected (people),66909.94211862484,EM-DAT (Realistic Simulation),2025-10-18
Virgin Islands (U.S.),2023,Total Damages (USD millions),0,EM-DAT (Realistic Simulation),2025-10-18
Virgin Islands (U.S.),2023,Drought Events,0,EM-DAT (Realistic Simulation),2025-10-18
Virgin Islands (U.S.),2023,Flood Events,1,EM-DAT (Realistic Simulation),2025-10-18
Virgin Islands (U.S.),2023,Storm Events,0,EM-DAT (Realistic Simulation),2025-10-18
Virgin Islands (U.S.),2023,Food Security Impact Score,4.882035929889973,EM-DAT (Realistic Simulation),2025-10-18
West Bank and Gaza,2020,Number of Disasters,3,EM-DAT (Realistic Simulation),2025-10-18
West Bank and Gaza,2020,Total Affected (people),100025.26436064877,EM-DAT (Realistic Simulation),2025-10-18
West Bank and Gaza,2020,Total Damages (USD millions),0,EM-DAT (Realistic Simulation),2025-10-18
West Bank and Gaza,2020,Drought Events,0,EM-DAT (Realistic Simulation),2025-10-18
West Bank and Gaza,2020,Flood Events,0,EM-DAT (Realistic Simulation),2025-10-18
West Bank and Gaza,2020,Storm Events,1,EM-DAT (Realistic Simulation),2025-10-18
West Bank and Gaza,2020,Food Security Impact Score,2.170654927646466,EM-DAT (Realistic Simulation),2025-10-18
West Bank and Gaza,2021,Number of Disasters,3,EM-DAT (Realistic Simulation),2025-10-18
West Bank and Gaza,2021,Total Affected (people),72828.20334871148,EM-DAT (Realistic Simulation),2025-10-18
West Bank and Gaza,2021,Total Damages (USD millions),415.7476884176233,EM-DAT (Realistic Simulation),2025-10-18
West Bank and Gaza,2021,Drought Events,1,EM-DAT (Realistic Simulation),2025-10-18
West Bank and Gaza,2021,Flood Events,1,EM-DAT (Realistic Simulation),2025-10-18
West Bank and Gaza,2021,Storm Events,0,EM-DAT (Realistic Simulation),2025-10-18
West Bank and Gaza,2021,Food Security Impact Score,7.655515283645055,EM-DAT (Realistic Simulation),2025-10-18
West Bank and Gaza,2022,Number of Disasters,1,EM-DAT (Realistic Simulation),2025-10-18
West Bank and Gaza,2022,Total Affected (people),166710.8896012464,EM-DAT (Realistic Simulation),2025-10-18
West Bank and Gaza,2022,Total Damages (USD millions),0,EM-DAT (Realistic Simulation),2025-10-18
West Bank and Gaza,2022,Drought Events,2,EM-DAT (Realistic Simulation),2025-10-18
West Bank and Gaza,2022,Flood Events,0,EM-DAT (Realistic Simulation),2025-10-18
West Bank and Gaza,2022,Storm Events,0,EM-DAT (Realistic Simulation),2025-10-18
West Bank and Gaza,2022,Food Security Impact Score,1.4256374568987331,EM-DAT (Realistic Simulation),2025-10-18
West Bank and Gaza,2023,Number of Disasters,1,EM-DAT (Realistic Simulation),2025-10-18
West Bank and Gaza,2023,Total Affected (people),146704.1077568073,EM-DAT (Realistic Simulation),2025-10-18
West Bank and Gaza,2023,Total Damages (USD millions),129.93584227553234,EM-DAT (Realistic Simulation),2025-10-18
West Bank and Gaza,2023,Drought Events,4,EM-DAT (Realistic Simulation),2025-10-18
West Bank and Gaza,2023,Flood Events,0,EM-DAT (Realistic Simulation),2025-10-18
West Bank and Gaza,2023,Storm Events,1,EM-DAT (Realistic Simulation),2025-10-18
West Bank and Gaza,2023,Food Security Impact Score,3.973346799643129,EM-DAT (Realistic Simulation),2025-10-18
World,2020,Number of Disasters,5,EM-DAT (Realistic Simulation),2025-10-18
World,2020,Total Affected (people),0,EM-DAT (Realistic Simulation),2025-10-18
World,2020,Total Damages (USD millions),0,EM-DAT (Realistic Simulation),2025-10-18
World,2020,Drought Events,0,EM-DAT (Realistic Simulation),2025-10-18
World,2020,Flood Events,0,EM-DAT (Realistic Simulation),2025-10-18
World,2020,Storm Events,0,EM-DAT (Realistic Simulation),2025-10-18
World,2020,Food Security Impact Score,4.604783598842255,EM-DAT (Realistic Simulation),2025-10-18
World,2021,Number of Disasters,3,EM-DAT (Realistic Simulation),2025-10-18
World,2021,Total Affected (people),0,EM-DAT (Realistic Simulation),2025-10-18
World,2021,Total Damages (USD millions),0,EM-DAT (Realistic Simulation),2025-10-18
World,2021,Drought Events,0,EM-DAT (Realistic Simulation),2025-10-18
World,2021,Flood Events,1,EM-DAT (Realistic Simulation),2025-10-18
World,2021,Storm Events,0,EM-DAT (Realistic Simulation),2025-10-18
World,2021,Food Security Impact Score,3.5731074050139484,EM-DAT (Realistic Simulation),2025-10-18
World,2022,Number of Disasters,1,EM-DAT (Realistic Simulation),2025-10-18
World,2022,Total Affected (people),160374.4615849516,EM-DAT (Realistic Simulation),2025-10-18
World,2022,Total Damages (USD millions),428.93608181085904,EM-DAT (Realistic Simulation),2025-10-18
World,2022,Drought Events,0,EM-DAT (Realistic Simulation),2025-10-18
World,2022,Flood Events,1,EM-DAT (Realistic Simulation),2025-10-18
World,2022,Storm Events,0,EM-DAT (Realistic Simulation),2025-10-18
World,2022,Food Security Impact Score,4.754702337766023,EM-DAT (Realistic Simulation),2025-10-18
World,2023,Number of Disasters,3,EM-DAT (Realistic Simulation),2025-10-18
World,2023,Total Affected (people),0,EM-DAT (Realistic Simulation),2025-10-18
World,2023,Total Damages (USD millions),244.35522691639045,EM-DAT (Realistic Simulation),2025-10-18
World,2023,Drought Events,1,EM-DAT (Realistic Simulation),2025-10-18
World,2023,Flood Events,0,EM-DAT (Realistic Simulation),2025-10-18
World,2023,Storm Events,1,EM-DAT (Realistic Simulation),2025-10-18
World,2023,Food Security Impact Score,0.4826110289443326,EM-DAT (Realistic Simulation),2025-10-18
"Yemen, Rep.",2020,Number of Disasters,1,EM-DAT (Realistic Simulation),2025-10-18
"Yemen, Rep.",2020,Total Affected (people),216666.30413888383,EM-DAT (Realistic Simulation),2025-10-18
"Yemen, Rep.",2020,Total Damages (USD millions),669.3981347781848,EM-DAT (Realistic Simulation),2025-10-18
"Yemen, Rep.",2020,Drought Events,1,EM-DAT (Realistic Simulation),2025-10-18
"Yemen, Rep.",2020,Flood Events,0,EM-DAT (Realistic Simulation),2025-10-18
"Yemen, Rep.",2020,Storm Events,0,EM-DAT (Realistic Simulation),2025-10-18
"Yemen, Rep.",2020,Food Security Impact Score,3.594960063397269,EM-DAT (Realistic Simulation),2025-10-18
"Yemen, Rep.",2021,Number of Disasters,1,EM-DAT (Realistic Simulation),2025-10-18
"Yemen, Rep.",2021,Total Affected (people),0,EM-DAT (Realistic Simulation),2025-10-18
"Yemen, Rep.",2021,Total Damages (USD millions),0,EM-DAT (Realistic Simulation),2025-10-18
"Yemen, Rep.",2021,Drought Events,1,EM-DAT (Realistic Simulation),2025-10-18
"Yemen, Rep.",2021,Flood Events,1,EM-DAT (Realistic Simulation),2025-10-18
"Yemen, Rep.",2021,Storm Events,3,EM-DAT (Realistic Simulation),2025-10-18
"Yemen, Rep.",2021,Food Security Impact Score,5.567993192044577,EM-DAT (Realistic Simulation),2025-10-18
"Yemen, Rep.",2022,Number of Disasters,1,EM-DAT (Realistic Simulation),2025-10-18
"Yemen, Rep.",2022,Total Affected (people),31112.461124448466,EM-DAT (Realistic Simulation),2025-10-18
"Yemen, Rep.",2022,Total Damages (USD millions),56.68133693982678,EM-DAT (Realistic Simulation),2025-10-18
"Yemen, Rep.",2022,Drought Events,1,EM-DAT (Realistic Simulation),2025-10-18
"Yemen, Rep.",2022,Flood Events,0,EM-DAT (Realistic Simulation),2025-10-18
"Yemen, Rep.",2022,Storm Events,2,EM-DAT (Realistic Simulation),2025-10-18
"Yemen, Rep.",2022,Food Security Impact Score,4.123120257128877,EM-DAT (Realistic Simulation),2025-10-18
"Yemen, Rep.",2023,Number of Disasters,1,EM-DAT (Realistic Simulation),2025-10-18
"Yemen, Rep.",2023,Total Affected (people),20121.533568804924,EM-DAT (Realistic Simulation),2025-10-18
"Yemen, Rep.",2023,Total Damages (USD millions),0,EM-DAT (Realistic Simulation),2025-10-18
"Yemen, Rep.",2023,Drought Events,0,EM-DAT (Realistic Simulation),2025-10-18
"Yemen, Rep.",2023,Flood Events,0,EM-DAT (Realistic Simulation),2025-10-18
"Yemen, Rep.",2023,Storm Events,1,EM-DAT (Realistic Simulation),2025-10-18
"Yemen, Rep.",2023,Food Security Impact Score,0.12195331283483268,EM-DAT (Realistic Simulation),2025-10-18
Zambia,2020,Number of Disasters,4,EM-DAT (Realistic Simulation),2025-10-18
Zambia,2020,Total Affected (people),0,EM-DAT (Realistic Simulation),2025-10-18
Zambia,2020,Total Damages (USD millions),0,EM-DAT (Realistic Simulation),2025-10-18
Zambia,2020,Drought Events,0,EM-DAT (Realistic Simulation),2025-10-18
Zambia,2020,Flood Events,0,EM-DAT (Realistic Simulation),2025-10-18
Zambia,2020,Storm Events,2,EM-DAT (Realistic Simulation),2025-10-18
Zambia,2020,Food Security Impact Score,0,EM-DAT (Realistic Simulation),2025-10-18
Zambia,2021,Number of Disasters,6,EM-DAT (Realistic Simulation),2025-10-18
Zambia,2021,Total Affected (people),0,EM-DAT (Realistic Simulation),2025-10-18
Zambia,2021,Total Damages (USD millions),242.583721881964,EM-DAT (Realistic Simulation),2025-10-18
Zambia,2021,Drought Events,0,EM-DAT (Realistic Simulation),2025-10-18
Zambia,2021,Flood Events,0,EM-DAT (Realistic Simulation),2025-10-18
Zambia,2021,Storm Events,1,EM-DAT (Realistic Simulation),2025-10-18
Zambia,2021,Food Security Impact Score,1.28343245099594,EM-DAT (Realistic Simulation),2025-10-18
Zambia,2022,Number of Disasters,0,EM-DAT (Realistic Simulation),2025-10-18
Zambia,2022,Total Affected (people),276897.46012756694,EM-DAT (Realistic Simulation),2025-10-18
Zambia,2022,Total Damages (USD millions),31.41606773148365,EM-DAT (Realistic Simulation),2025-10-18
Zambia,2022,Drought Events,0,EM-DAT (Realistic Simulation),2025-10-18
Zambia,2022,Flood Events,0,EM-DAT (Realistic Simulation),2025-10-18
Zambia,2022,Storm Events,0,EM-DAT (Realistic Simulation),2025-10-18
Zambia,2022,Food Security Impact Score,5.965769980358545,EM-DAT (Realistic Simulation),2025-10-18
Zambia,2023,Number of Disasters,2,EM-DAT (Realistic Simulation),2025-10-18
Zambia,2023,Total Affected (people),164179.05851257048,EM-DAT (Realistic Simulation),2025-10-18
Zambia,2023,Total Damages (USD millions),355.9305822890549,EM-DAT (Realistic Simulation),2025-10-18
Zambia,2023,Drought Events,0,EM-DAT (Realistic Simulation),2025-10-18
Zambia,2023,Flood Events,1,EM-DAT (Realistic Simulation),2025-10-18
Zambia,2023,Storm Events,1,EM-DAT (Realistic Simulation),2025-10-18
Zambia,2023,Food Security Impact Score,4.213736177092308,EM-DAT (Realistic Simulation),2025-10-18
Zimbabwe,2020,Number of Disasters,2,EM-DAT (Realistic Simulation),2025-10-18
Zimbabwe,2020,Total Affected (people),190527.70943715132,EM-DAT (Realistic Simulation),2025-10-18
Zimbabwe,2020,Total Damages (USD millions),0,EM-DAT (Realistic Simulation),2025-10-18
Zimbabwe,2020,Drought Events,0,EM-DAT (Realistic Simulation),2025-10-18
Zimbabwe,2020,Flood Events,1,EM-DAT (Realistic Simulation),2025-10-18
Zimbabwe,2020,Storm Events,0,EM-DAT (Realistic Simulation),2025-10-18
Zimbabwe,2020,Food Security Impact Score,3.419031433852594,EM-DAT (Realistic Simulation),2025-10-18
Zimbabwe,2021,Number of Disasters,0,EM-DAT (Realistic Simulation),2025-10-18
Zimbabwe,2021,Total Affected (people),59501.10635895044,EM-DAT (Realistic Simulation),2025-10-18
Zimbabwe,2021,Total Damages (USD millions),0,EM-DAT (Realistic Simulation),2025-10-18
Zimbabwe,2021,Drought Events,0,EM-DAT (Realistic Simulation),2025-10-18
Zimbabwe,2021,Flood Events,1,EM-DAT (Realistic Simulation),2025-10-18
Zimbabwe,2021,Storm Events,0,EM-DAT (Realistic Simulation),2025-10-18
Zimbabwe,2021,Food Security Impact Score,2.6441995041736774,EM-DAT (Realistic Simulation),2025-10-18
Zimbabwe,2022,Number of Disasters,0,EM-DAT (Realistic Simulation),2025-10-18
Zimbabwe,2022,Total Affected (people),85047.06920293046,EM-DAT (Realistic Simulation),2025-10-18
Zimbabwe,2022,Total Damages (USD millions),305.211029474018,EM-DAT (Realistic Simulation),2025-10-18
Zimbabwe,2022,Drought Events,1,EM-DAT (Realistic Simulation),2025-10-18
Zimbabwe,2022,Flood Events,0,EM-DAT (Realistic Simulation),2025-10-18
Zimbabwe,2022,Storm Events,0,EM-DAT (Realistic Simulation),2025-10-18
Zimbabwe,2022,Food Security Impact Score,2.7077508873288867,EM-DAT (Realistic Simulation),2025-10-18
Zimbabwe,2023,Number of Disasters,1,EM-DAT (Realistic Simulation),2025-10-18
Zimbabwe,2023,Total Affected (people),12842.172868180904,EM-DAT (Realistic Simulation),2025-10-18
Zimbabwe,2023,Total Damages (USD millions),109.21693265189829,EM-DAT (Realistic Simulation),2025-10-18
Zimbabwe,2023,Drought Events,0,EM-DAT (Realistic Simulation),2025-10-18
Zimbabwe,2023,Flood Events,5,EM-DAT (Realistic Simulation),2025-10-18
Zimbabwe,2023,Storm Events,0,EM-DAT (Realistic Simulation),2025-10-18
Zimbabwe,2023,Food Security Impact Score,3.375756593796037,EM-DAT (Realistic Simulation),2025-10-18
