iso3,year,undernourishment,vulnerability,ln_gdp_pcap
AFG,2002,45.8,0.604601457431296,5.187129283440217
ALB,2002,4.8,0.456053766085959,7.299688472802442
DZA,2002,7.3,0.393110846219097,7.569135239316716
ARG,2002,3.0,0.403816513486999,7.851544297592586
ARM,2002,28.6,0.373487228417655,6.610226376324834
AUT,2002,2.5,0.30441475382393,10.178648899894386
AZE,2002,17.8,0.424762227472133,6.637400741236539
BRB,2002,6.8,0.369731284496647,9.372497696359838
BLR,2002,2.7,0.3691206660337,7.2993788084801015
BEL,2002,2.5,0.354638571739617,10.126878729073042
BLZ,2002,5.7,0.465988095995439,8.489152323748458
BEN,2002,14.3,0.580744640246771,6.303468119988288
BIH,2002,3.6,0.371462573612147,7.381842261502823
BWA,2002,28.1,0.479198408327298,8.044706761555895
BRA,2002,10.5,0.391493908799053,7.957156380963463
BGR,2002,4.9,0.369646507837929,7.646345545754941
BFA,2002,22.4,0.579821628870737,5.654781595019189
CPV,2002,16.2,0.432169288524118,7.191865035333958
KHM,2002,19.7,0.529078460306889,5.85835385635971
CMR,2002,24.2,0.494974205624872,6.671556643531556
CAN,2002,2.5,0.287113872839351,10.096420081388622
CAF,2002,35.9,0.572061203694788,5.51600321557613
TCD,2002,34.4,0.643345677779749,5.389352019076768
CHL,2002,2.9,0.359849629015075,8.396346134041393
CHN,2002,9.8,0.395368311670486,7.059239186187989
COL,2002,8.6,0.43981384123483,7.795205985691528
COM,2002,24.7,0.546450224238557,6.636099995775595
CRI,2002,4.6,0.416955048052734,8.310837559663966
HRV,2002,10.6,0.387455562095427,8.735457923252417
CUB,2002,2.5,0.432853715841677,8.008103074945423
CYP,2002,5.9,0.359639651667387,9.686153084547716
CZE,2002,2.5,0.260038783634617,8.99977490706329
DNK,2002,2.5,0.334995497688572,10.412025429162615
DJI,2002,40.8,0.513466575509987,6.610713905150923
DMA,2002,3.7,0.4731218011455,8.610324244045463
DOM,2002,19.7,0.439928893662317,8.027999662685266
ECU,2002,20.0,0.490660891717716,7.630052709209913
SLV,2002,6.9,0.443001547494903,7.657004811791247
EST,2002,3.6,0.345539335243628,8.583576841931535
SWZ,2002,9.8,0.505026220148601,7.209240770758788
ETH,2002,46.1,0.58794159034694,4.696780927783857
FJI,2002,3.6,0.524630875772668,7.6669560548063265
FIN,2002,2.5,0.280112394576259,10.203199077410675
FRA,2002,2.5,0.308374832674918,10.09181490098612
GAB,2002,10.6,0.449606025509385,8.285634335201733
GEO,2002,6.6,0.414399722957902,6.749376205934176
DEU,2002,2.5,0.309474722208424,10.145907875295809
GHA,2002,14.8,0.533147924730423,5.695285291254727
GRC,2002,2.5,0.340893976995347,9.53113286721206
GTM,2002,22.4,0.4762372399226,7.420180727164561
GIN,2002,18.0,0.551165350981368,6.206406705874155
GNB,2002,15.6,0.65569237666488,5.891739717127851
GUY,2002,5.7,0.477313471837062,6.857374128960183
HTI,2002,48.0,0.526598786729757,6.58059692840876
HND,2002,21.1,0.470011263568359,7.032182551355526
HUN,2002,2.5,0.367786568043639,8.803581168377747
ISL,2002,2.5,0.340246960638816,10.38619811038108
IND,2002,18.1,0.540696684849198,6.150922395342947
IDN,2002,18.1,0.478667325654648,6.781060933046637
IRQ,2002,20.1,0.447357928797624,7.143743671179701
IRL,2002,2.5,0.332248082541093,10.3952965374671
ISR,2002,2.5,0.323601480716114,9.85621031088822
ITA,2002,2.5,0.345579776717405,10.019108093371198
JAM,2002,7.2,0.440422287684225,8.210843428083635
JOR,2002,9.0,0.407586146248595,7.442063482379331
KAZ,2002,6.5,0.332790723729476,7.361090889975983
KEN,2002,31.8,0.523792552095884,5.998778697390903
KIR,2002,4.3,0.602523333642557,6.6971684366558755
KWT,2002,2.5,0.387816884199734,9.826215087306204
LVA,2002,5.2,0.379145220706289,8.294951572697357
LBN,2002,7.4,0.43564737021024,8.364240788908818
LBR,2002,34.9,0.556299430656899,5.702236098097439
LBY,2002,3.7,0.407719061251736,8.221020333240164
LTU,2002,2.5,0.382390691297344,8.330413129808505
LUX,2002,2.5,0.313911072753298,10.878155373869577
MDG,2002,33.4,0.57831197254961,5.720120864609286
MWI,2002,23.2,0.604250403645556,6.059614756611291
MYS,2002,2.5,0.396713753138164,8.339030567316406
MLI,2002,14.2,0.613740313173059,5.762184807964244
MLT,2002,2.5,0.327038670393576,9.328230289719565
MRT,2002,9.8,0.580051699763032,6.475247251023901
MUS,2002,5.9,0.447228832204673,8.312149968956845
MEX,2002,2.8,0.399859423793856,8.985073816660112
MNG,2002,30.1,0.432422423906685,6.346073481502693
MNE,2002,9.4,0.394314088201256,7.6528471992079155
MAR,2002,5.8,0.432048159716637,7.37526870391795
MOZ,2002,36.4,0.509319375124642,5.749031970817656
MMR,2002,38.6,0.529963900535736,4.987696809613617
NAM,2002,15.7,0.491475303577355,7.47990682516047
NPL,2002,23.7,0.552391133973852,5.476009067753154
NZL,2002,2.5,0.313671667800182,9.733540365948635
NIC,2002,25.8,0.466331420420438,6.921987424086836
NER,2002,23.1,0.645821895977837,5.41740795208809
NGA,2002,8.7,0.515655850178669,6.568309418429133
MKD,2002,6.7,0.380373449623755,7.5954553371973725
NOR,2002,2.5,0.261448020850785,10.672913994986944
OMN,2002,16.3,0.435718148373617,9.197167033531166
PAK,2002,20.4,0.544420701931502,6.396825225970147
PAN,2002,23.2,0.422111300219669,8.316443557587073
PNG,2002,26.7,0.581918317892381,6.227192164945692
PRY,2002,10.3,0.39988926710554,7.22093335051071
PER,2002,20.4,0.449346187639454,7.604580784336899
PHL,2002,18.5,0.489171786015559,6.9225540285231215
POL,2002,2.5,0.309725855214253,8.560913724728092
PRT,2002,2.5,0.352787108021866,9.46782295737135
ROU,2002,2.5,0.432057197805434,7.659103014785496
RUS,2002,4.2,0.344151041081035,7.77381721958552
RWA,2002,37.6,0.602421936814023,5.455504930752074
WSM,2002,3.8,0.502643769864188,7.331425598385765
STP,2002,15.5,0.555888735318748,6.3423019878448725
SAU,2002,4.6,0.439149481269123,9.267292786273666
SEN,2002,21.1,0.549857972903737,6.506427272235233
SRB,2002,4.8,0.42482695732131,7.779355959403001
SYC,2002,2.5,0.462330041114692,9.089772496683354
SLE,2002,50.0,0.611953770383309,5.9635667759735
SVN,2002,2.5,0.329102556639853,9.362127957154552
SLB,2002,11.2,0.675043155361104,6.629218324165289
ZAF,2002,3.6,0.406861418111267,7.896640778243372
ESP,2002,2.5,0.311545940591964,9.747480814141166
LKA,2002,16.8,0.466711033584472,6.727355093058832
SUR,2002,11.5,0.40672696903644,7.697276020209244
SWE,2002,2.5,0.3146883417407,10.307549635707002
CHE,2002,2.5,0.292490148691814,10.656288023744708
SYR,2002,7.5,0.438019606266256,7.076017925051155
TJK,2002,40.0,0.404452918181955,5.230849964611375
THA,2002,17.3,0.438708693189278,7.644800596815532
TLS,2002,54.9,0.542126314251246,6.280363022756704
TGO,2002,28.8,0.522132996699678,6.0986105237313994
TTO,2002,10.3,0.387928350866586,8.819211626571985
TUN,2002,4.0,0.366353649472584,7.749655331917049
TKM,2002,6.0,0.3828492747262,6.841124759384611
UGA,2002,21.2,0.572870176517517,5.488874453115051
UKR,2002,2.7,0.409697196905948,6.805735733679482
ARE,2002,2.5,0.40329138811867,10.2311211630657
URY,2002,3.6,0.413073241252383,8.330806118349505
UZB,2002,19.0,0.36325239442394,5.943873068562165
VUT,2002,9.2,0.609317700419704,7.200958612642652
VNM,2002,19.5,0.503106558810067,6.098372803485919
ZMB,2002,50.3,0.519132620256951,5.9760072602030725
ZWE,2002,32.8,0.523741279709608,6.2627833708762815
AFG,2003,43.5,0.59345123684489,5.29265695524774
ALB,2003,5.9,0.454570901651314,7.554177140721403
DZA,2003,6.7,0.389523497262013,7.733584175933271
ARG,2003,3.7,0.40226721997832,8.107863952563509
ARM,2003,26.9,0.371794728647145,6.782226259158222
AUT,2003,2.5,0.304641058529751,10.376926398604366
AZE,2003,14.4,0.423938920105322,6.784109242817396
BRB,2003,6.4,0.367252319596187,9.39897187098525
BEL,2003,2.5,0.355704316168553,10.330557886723884
BLZ,2003,5.4,0.467504434521806,8.50958222538207
BEN,2003,12.8,0.575902809887557,6.516197333555028
BIH,2003,3.3,0.368269171455607,7.617733523839754
BWA,2003,28.5,0.476122448647649,8.349986413246745
BRA,2003,9.1,0.38905754975968,8.036122793882669
BGR,2003,5.2,0.366777847032076,7.90820124810995
BFA,2003,20.4,0.581019805080309,5.892676551699311
CPV,2003,16.1,0.428243170121325,7.448901931137937
KHM,2003,17.8,0.525072527969855,5.957626244979708
CMR,2003,22.0,0.492135194127287,6.89592687521332
CAN,2003,2.5,0.287336642302083,10.250682968165588
CAF,2003,36.9,0.570718725133131,5.629073267980086
TCD,2003,33.4,0.659376230866948,5.666729829434396
CHL,2003,2.8,0.359878912476054,8.470814490125202
CHN,2003,9.2,0.409591175530475,7.175468637721614
COL,2003,8.9,0.439055646188743,7.745843224117566
COM,2003,20.7,0.549340812045842,6.8667123168262005
CRI,2003,4.8,0.414079457627427,8.336426081241125
HRV,2003,7.1,0.385294825237862,9.01068277284002
CUB,2003,2.5,0.434521868288507,8.071774804674998
CYP,2003,6.4,0.359822052516182,9.916020984593592
CZE,2003,2.5,0.25951881439065,9.195476122300644
DNK,2003,2.5,0.33527785161041,10.609528684930767
DJI,2003,39.4,0.52063558413146,6.639397896396814
DMA,2003,4.1,0.464296061453304,8.60290107363542
DOM,2003,21.7,0.442464037802467,7.776225298094603
ECU,2003,21.8,0.484069242876965,7.747433678677548
SLV,2003,6.9,0.442095972715614,7.6997658171364405
EST,2003,3.5,0.344821252893314,8.882586999986096
SWZ,2003,9.2,0.502160205104874,7.630550666213092
ETH,2003,43.2,0.592588037004764,4.760467275289199
FJI,2003,3.5,0.518972918900501,7.8844186652555335
FIN,2003,2.5,0.280444053970029,10.401838258653253
FRA,2003,2.5,0.30861258819549,10.291451138916761
GAB,2003,12.0,0.447865137735404,8.457602118686209
GEO,2003,5.0,0.412945711617328,6.917736813614482
DEU,2003,2.5,0.308723565213352,10.332379505045171
GHA,2003,13.4,0.521935007679203,5.881647648232442
GRC,2003,2.5,0.338628841339759,9.79927149505636
GTM,2003,20.1,0.475311215729481,7.45155929952991
GIN,2003,17.8,0.547834328243251,6.339451318230974
GNB,2003,16.0,0.649343733460495,6.039742356517722
GUY,2003,5.7,0.481159119243307,6.881146995671279
HTI,2003,50.1,0.526756934748083,6.3612943446896795
HND,2003,20.4,0.474698258193354,7.052791658169877
HUN,2003,2.5,0.368980806035599,9.037187749575352
ISL,2003,2.5,0.337907526820194,10.583465848931484
IND,2003,19.7,0.537322932731408,6.299212325381947
IDN,2003,18.1,0.479535262718489,6.950058336699048
IRQ,2003,19.5,0.448974407560229,6.706725239796635
IRL,2003,2.5,0.332453080779166,10.626279201201125
ISR,2003,2.5,0.32169000852099,9.885500197577498
ITA,2003,2.5,0.345430401660809,10.224758041301303
JAM,2003,6.7,0.440048749023509,8.174620508357421
JOR,2003,7.2,0.408293084721045,7.481936618542729
KAZ,2003,6.6,0.331593674429834,7.579689294161839
KEN,2003,33.3,0.523238642809421,6.093340527638834
KIR,2003,4.4,0.598566284744368,6.928048313963651
KWT,2003,2.5,0.387221180573692,10.029708452418447
LVA,2003,3.7,0.378635277722721,8.499961561643484
LBN,2003,8.1,0.434874981867128,8.397895082758096
LBR,2003,36.2,0.563858748663138,5.47971998740421
LBY,2003,4.0,0.408037319132086,8.449791788300685
LTU,2003,2.5,0.381913582223269,8.613861419905142
LUX,2003,2.5,0.312894136015528,11.092691656311036
MDG,2003,34.8,0.568433729097204,5.865391261674723
MWI,2003,23.4,0.597924011393041,5.948944749772933
MYS,2003,2.8,0.395590886659911,8.404096595005068
MLI,2003,13.3,0.60472676929864,5.917890707175749
MLT,2003,2.5,0.328268755027532,9.517382232383083
MRT,2003,9.2,0.584919122906463,6.595804859037474
MUS,2003,5.8,0.443377123479088,8.488436812779224
MEX,2003,3.2,0.399244681554684,8.913829392549532
MNG,2003,29.5,0.424305078213076,6.466406072542986
MNE,2003,9.0,0.394200226878752,7.9334954189287785
MAR,2003,5.4,0.430883738621952,7.5714080229048095
MOZ,2003,34.9,0.508008176248244,5.827440773549101
MMR,2003,35.8,0.531429847304512,5.4129518458652335
NAM,2003,16.5,0.492739320168792,7.8513682918812675
NPL,2003,22.0,0.551034714506654,5.507076786842106
NZL,2003,2.5,0.312356198228773,9.994867663910165
NIC,2003,23.6,0.471171006187319,6.9288826819909675
NER,2003,22.2,0.642366180769726,5.580579892699638
NGA,2003,8.7,0.506717380992885,6.637767397429625
MKD,2003,6.8,0.371531711179828,7.8019488015312035
NOR,2003,2.5,0.260707229713438,10.824772389510418
OMN,2003,15.1,0.426211462658911,9.255652359363665
PAK,2003,21.0,0.543298869416633,6.510915545199785
PAN,2003,19.4,0.41985397115998,8.35811874368972
PNG,2003,27.4,0.58477716027127,6.3586528952034636
PRY,2003,9.1,0.397011581794746,7.275171524689332
PER,2003,21.8,0.450622411669067,7.663614849618223
PHL,2003,18.3,0.487295805957329,6.934621254238981
POL,2003,2.5,0.309635172990478,8.651866322820595
PRT,2003,2.5,0.353028381356803,9.667624837898014
ROU,2003,2.5,0.432372369028678,7.893350504244403
RUS,2003,3.3,0.339243509128076,7.998040677418534
RWA,2003,34.3,0.596892991448856,5.517502192367123
WSM,2003,3.7,0.5109653305273,7.494499343421054
STP,2003,13.8,0.550417323016328,6.49782453245214
SAU,2003,4.8,0.438867467804399,9.348990427799137
SEN,2003,20.0,0.548882758540166,6.70672544975427
SRB,2003,4.6,0.424961237784113,8.056395419940785
SYC,2003,2.5,0.460842291107976,9.112758921621296
SLE,2003,49.2,0.601429229539303,6.025425314785434
SVN,2003,2.5,0.327791621685709,9.5963966666825
SLB,2003,11.5,0.656059465853262,6.797928440427496
ZAF,2003,3.5,0.409466291055405,8.309484300513505
ESP,2003,2.5,0.30917986477077,9.9768317412506
LKA,2003,16.1,0.470581608636225,6.852646562623722
SUR,2003,10.9,0.406305760116649,7.830466968400026
SWE,2003,2.5,0.315882510099369,10.526545406283235
CHE,2003,2.5,0.291405472241629,10.806404160769977
SYR,2003,7.1,0.43711209056144,7.106752911591557
TJK,2003,41.3,0.40689334740279,5.453529975698238
THA,2003,16.3,0.437069774295799,7.761123255819226
TLS,2003,43.4,0.543012994551744,6.282081970382246
TGO,2003,28.8,0.519319061819565,6.28816590654926
TTO,2003,10.9,0.387880029681844,9.041335339609546
TUN,2003,4.1,0.365969372675056,7.910540836581116
TKM,2003,5.2,0.381617892970858,7.113914369796684
UGA,2003,19.5,0.567932260905828,5.524318577448173
UKR,2003,2.5,0.409797421149601,6.98145319392936
ARE,2003,2.5,0.402303043344332,10.297539202787613
URY,2003,3.3,0.415537647560714,8.208252968486878
UZB,2003,20.4,0.367633984368523,5.976767139660115
VUT,2003,9.1,0.591827762120497,7.3566080269873995
VNM,2003,17.7,0.50243238268826,6.2088255903999965
ZMB,2003,50.1,0.517032520445362,6.100969199843479
ZWE,2003,31.8,0.526667786260722,6.148968648227035
AFG,2004,38.7,0.595817105304166,5.401612192565894
ALB,2004,7.3,0.449381951787582,7.802581078483289
DZA,2004,6.4,0.386709023202543,7.943425584560376
AGO,2004,57.5,0.493046485385661,7.143784148157216
ARM,2004,23.5,0.373608808738997,7.0300507090708715
AUT,2004,2.5,0.304329440225116,10.508192805721654
AZE,2004,11.4,0.420691354048815,6.951785210065586
BRB,2004,6.0,0.356995605168985,9.463925173128207
BLR,2004,4.4,0.363414968942477,7.774156784914218
BEL,2004,2.5,0.351743227187686,10.475297482883086
BLZ,2004,5.2,0.479494678963815,8.54793540410899
BEN,2004,11.2,0.574004015599738,6.631600911534442
BIH,2004,2.8,0.366870401300289,7.804939098199269
BWA,2004,29.0,0.472629791942631,8.508494038738245
BRA,2004,7.6,0.38807771036019,8.206262468096886
BGR,2004,5.6,0.364910157970245,8.128492993646518
BFA,2004,18.5,0.571127829649335,6.000951496940038
CPV,2004,14.8,0.429509581503168,7.565011420503948
KHM,2004,16.6,0.527988912540331,6.096272812243988
CMR,2004,19.6,0.491601975902587,7.032971303623232
CAN,2004,2.5,0.28649449012547,10.378029034574382
CAF,2004,37.1,0.563570761328724,5.71525415971835
TCD,2004,33.9,0.652433132329856,6.099984293241261
CHL,2004,2.7,0.358910980447264,8.719414024520908
CHN,2004,8.5,0.407065800123566,7.333628884507642
COL,2004,9.6,0.43681737006347,7.943985636424234
COM,2004,18.0,0.551020088469342,6.995099417714341
CRI,2004,4.9,0.410282278960462,8.396383216374122
HRV,2004,5.4,0.384935411929457,9.181835256897317
CUB,2004,2.5,0.434742417506601,8.131301163358541
CYP,2004,6.3,0.360412129220688,10.077130691420564
CZE,2004,2.5,0.258866636696629,9.374375298516526
DNK,2004,2.5,0.33474061239909,10.749893231433711
DJI,2004,36.5,0.507315617197752,6.692408321270606
DMA,2004,4.6,0.459824914361334,8.66195704949548
DOM,2004,23.1,0.435898259248532,7.804533520861816
ECU,2004,21.2,0.481004261970647,7.857948432563203
SLV,2004,7.6,0.44252920464299,7.734422822150927
EST,2004,3.4,0.344891426656766,9.095610862648735
SWZ,2004,8.8,0.495494967486159,7.8560258520283535
ETH,2004,41.6,0.596920471780147,4.891625099824364
FJI,2004,3.6,0.520818960998191,8.038250839847327
FIN,2004,2.5,0.286962029283842,10.539220994845463
FRA,2004,2.5,0.308031898074153,10.423617602228447
GAB,2004,13.1,0.450329584912781,8.606264300616624
GEO,2004,4.3,0.41140871721014,7.173994706506344
DEU,2004,2.5,0.308242864524596,10.450647108856282
GHA,2004,12.6,0.525316541275794,6.006678489261435
GRC,2004,2.5,0.339171464329318,9.973445204705634
GTM,2004,19.2,0.473880503486753,7.518016297870501
GIN,2004,16.9,0.541368060058848,6.371437029453112
GNB,2004,16.9,0.637810869982543,6.066981392352556
GUY,2004,6.1,0.478701534081569,6.94052281996516
HTI,2004,50.2,0.52588170614642,6.526766123149251
HND,2004,20.0,0.475664893065065,7.1026145377233485
HUN,2004,2.5,0.368323924497602,9.239051190717335
ISL,2004,2.5,0.338105406970697,10.765003793552355
IND,2004,21.2,0.535252930739761,6.436565068443288
IDN,2004,18.0,0.481749714238726,7.027172573595572
IRQ,2004,18.4,0.452013433315816,7.191709092317124
IRL,2004,2.5,0.333209434268673,10.77382234872603
ISR,2004,2.5,0.320293653627995,9.931495123545409
ITA,2004,2.5,0.345568025935163,10.352911815021281
JAM,2004,6.8,0.441448333091719,8.244744612865299
JOR,2004,6.0,0.420896387933947,7.570487794069513
KAZ,2004,7.1,0.330730128498722,7.909296333202197
KEN,2004,34.5,0.523716710773412,6.139157523565561
KIR,2004,4.6,0.59358868361972,6.987738506779857
KWT,2004,2.5,0.387168431254238,10.223840669223971
LVA,2004,3.0,0.379086540821845,8.717638295376604
LBN,2004,8.5,0.433181320315769,8.433960204938828
LBR,2004,35.9,0.558884794951577,5.649467862760852
LBY,2004,4.3,0.407492296945363,8.66107937087275
LTU,2004,2.5,0.381124191177555,8.815009964449706
LUX,2004,2.5,0.309593506800357,11.245632998970708
MDG,2004,36.1,0.57956001193534,5.606539840355245
MWI,2004,24.1,0.594734550533172,6.003082418637669
MYS,2004,2.9,0.394800007831878,8.504968476858108
MLI,2004,13.2,0.602579006112848,6.296901835502358
MLT,2004,2.5,0.326298072328416,9.629848500123728
MRT,2004,9.5,0.575395266180026,6.713629676322464
MUS,2004,5.6,0.441968644162139,8.605315418188084
MEX,2004,3.8,0.398210765891782,8.968226465484447
MNG,2004,29.6,0.421918750834796,6.6772780921816475
MNE,2004,7.5,0.394015543049886,8.125679839756778
MAR,2004,5.1,0.424427339752129,7.688709753836346
MOZ,2004,32.8,0.503657815790071,5.991606969869242
MMR,2004,32.6,0.531428731255843,5.413914955469221
NAM,2004,17.7,0.501356409650483,8.132458210322657
NPL,2004,20.0,0.551435329057066,5.633316196969347
NZL,2004,2.5,0.311660362936374,10.143300784785099
NIC,2004,23.4,0.472313761927171,7.001811205833934
NER,2004,21.1,0.640185094455985,5.6471002361266605
NGA,2004,8.8,0.50638117513677,6.869514369289859
MKD,2004,5.3,0.372028809504829,7.943989007627062
NOR,2004,2.5,0.259262574846228,10.964202352531172
OMN,2004,14.2,0.428209562130224,9.375926904559753
PAK,2004,20.2,0.536182010155985,6.6488579194024755
PAN,2004,17.4,0.420004973126934,8.443453175088093
PNG,2004,28.1,0.578270014522787,6.430680544583736
PRY,2004,8.6,0.39508842134982,7.487854324932893
PER,2004,22.1,0.449146173614033,7.782078140394699
PHL,2004,17.8,0.484411808068319,7.002729157004793
POL,2004,2.5,0.308953507404722,8.811611596639862
PRT,2004,2.5,0.350803468766367,9.80168503819452
ROU,2004,2.5,0.431616513320347,8.159085954947399
RUS,2004,2.7,0.335145580983756,8.319318853765985
RWA,2004,33.6,0.596211522979412,5.5967184582474925
WSM,2004,3.7,0.511096216175868,7.691319060789039
STP,2004,12.3,0.550772627975099,6.588322281468101
SAU,2004,4.7,0.437888638636014,9.484519024668787
SEN,2004,18.6,0.545985622492391,6.822308582175033
SRB,2004,3.9,0.425727613177579,8.187879902826603
SYC,2004,2.5,0.461183678035539,9.289860324824883
SLE,2004,47.0,0.60486955773423,6.034883127569403
SVN,2004,2.5,0.325678933068019,9.747057681063204
SLB,2004,11.4,0.665433822382648,6.893739418116882
ZAF,2004,3.4,0.407513079979406,8.56053297441017
ESP,2004,2.5,0.309532228768276,10.123627669431572
LKA,2004,15.9,0.469403004818799,6.935974039424464
SUR,2004,10.1,0.401632882307354,7.968240609395532
SWE,2004,2.5,0.314201332078684,10.663316305095016
CHE,2004,2.5,0.291745315659154,10.908877528017142
SYR,2004,6.8,0.435863941590372,7.221189029603723
TJK,2004,41.7,0.406187686999613,5.722751939895723
THA,2004,14.9,0.435389596170798,7.8791259479822795
TLS,2004,35.6,0.562493984857986,6.162094622747062
TGO,2004,27.7,0.518536899036852,6.328412221643144
TTO,2004,11.6,0.387122437659814,9.19735990892418
TUN,2004,4.2,0.363327185624398,8.028591888959925
TKM,2004,4.5,0.381031024931202,7.229280721616606
UGA,2004,18.4,0.578384444788107,5.678060680679258
UKR,2004,2.5,0.405154787100736,7.2449544416187805
ARE,2004,2.5,0.402031281943074,10.415613787026816
URY,2004,3.0,0.419161506791893,8.335350077202506
UZB,2004,18.9,0.368319832684567,6.135936018889027
VUT,2004,8.9,0.598192232618749,7.481171783635813
VNM,2004,16.0,0.500367330511279,6.337625914606657
ZMB,2004,50.1,0.511033646884036,6.307526282532253
ZWE,2004,31.4,0.527278962444413,6.151635691942145
AFG,2005,34.6,0.602123845251527,5.538059394401834
ALB,2005,8.5,0.445477981646448,7.916341237707155
DZA,2005,6.4,0.383821075398653,8.081207037728579
ARG,2005,3.9,0.402375656409618,8.53063315373026
ARM,2005,18.4,0.378909855376541,7.350827355965176
AUT,2005,2.5,0.304438612882453,10.549474208843181
AZE,2005,8.2,0.417584202165285,7.3641462565131235
BRB,2005,5.3,0.359752260581963,9.562012236855647
BLR,2005,4.5,0.360203099936418,8.047532468700132
BEL,2005,2.5,0.350568617650558,10.513516712793885
BLZ,2005,5.1,0.474322444090025,8.570306221774631
BEN,2005,10.4,0.577165667200976,6.65857286203182
BIH,2005,2.5,0.36580743952613,7.915571134057947
BWA,2005,28.1,0.471771062227888,8.59249930209457
BRA,2005,6.3,0.385046386841539,8.48214237215386
BGR,2005,6.0,0.361750014883773,8.26868720633453
BFA,2005,17.4,0.570111426138937,6.089417023914398
CPV,2005,13.0,0.43086624987396,7.602973715098359
KHM,2005,16.3,0.520857076599179,6.2649158250270895
CMR,2005,16.8,0.492798780234306,7.041083230619873
CAN,2005,2.5,0.285686920672616,10.501875051926827
CAF,2005,36.7,0.577679893480224,5.742842992731138
TCD,2005,32.4,0.651673787860327,6.7311280081801455
CHL,2005,2.7,0.356231621276745,8.920031293294633
CHN,2005,7.7,0.406391542814289,7.483044715755226
COL,2005,10.4,0.434064639774885,8.14788625842882
COM,2005,16.6,0.54017428692085,7.005976295446067
CRI,2005,4.5,0.408830338100747,8.455957416676547
HRV,2005,4.3,0.384563288077107,9.253737719617563
CUB,2005,2.5,0.436246691680239,8.23915460201935
CYP,2005,5.7,0.362226468043202,10.125000243470188
CZE,2005,2.5,0.259353966895138,9.506175985914876
DNK,2005,2.5,0.334263016848643,10.798060300454607
DJI,2005,32.7,0.516171064431481,6.73868358267973
DMA,2005,4.8,0.45086017639807,8.647383282294786
DOM,2005,23.9,0.434757148463165,8.263155303774978
ECU,2005,20.0,0.477308008443338,7.975573616909485
SLV,2005,8.4,0.441327035843719,7.802778005066506
EST,2005,2.9,0.343091662561354,9.250967606894243
SWZ,2005,9.7,0.490366075581265,7.9879876703594475
ETH,2005,39.1,0.590113557563335,5.0641347210384575
FJI,2005,4.0,0.511243319926776,8.124947698737179
FIN,2005,2.5,0.285166580164629,10.57259483587749
FRA,2005,2.5,0.307594723249661,10.454390402304016
GAB,2005,13.8,0.448453374637991,8.78689602254423
GEO,2005,4.3,0.409816699784714,7.4041473955143795
DEU,2005,2.5,0.307765033328912,10.465512902419162
GHA,2005,12.0,0.517937826980959,6.1708900585558855
GRC,2005,2.5,0.337500021952316,10.001255236369957
GTM,2005,19.5,0.474321039191354,7.623869738994796
GIN,2005,16.4,0.535627516525923,6.138110753360537
GNB,2005,18.0,0.646145532378549,6.1378867878733665
GUY,2005,6.6,0.488094347887306,6.9884735250949985
HTI,2005,49.7,0.525837583303478,6.653953665434723
HND,2005,19.3,0.473814129592957,7.173728708369963
HUN,2005,2.5,0.36842501303264,9.324758169065882
ISL,2005,2.5,0.335441019276619,10.947200934382181
IND,2005,21.7,0.531487592740426,6.565952171054347
IDN,2005,18.2,0.479714819986965,7.121425682419534
IRQ,2005,17.8,0.454941283148103,7.474428166472362
IRL,2005,2.5,0.330640159766523,10.838266746796545
ISR,2005,2.5,0.319587362339404,9.96584426699761
ITA,2005,2.5,0.345366321508079,10.375449383055821
JAM,2005,6.9,0.440948325843114,8.339128102677659
JOR,2005,5.4,0.406724056782132,7.643900066214433
KAZ,2005,7.4,0.331052803678764,8.182379829306543
KEN,2005,31.6,0.519940367455903,6.2604535739798095
KIR,2005,4.6,0.593680060936617,7.057711532259607
KWT,2005,2.5,0.387013084764283,10.494674382379205
LVA,2005,2.5,0.37609291378253,8.893406250591184
LBN,2005,8.2,0.433398074715949,8.434289304519284
LBR,2005,36.0,0.566577551763671,5.661178801671644
LBY,2005,4.6,0.408274739066975,8.997054272609208
LTU,2005,2.5,0.382420394803656,8.969164140787102
LUX,2005,2.5,0.308840318140307,11.302057973832154
MDG,2005,34.6,0.579120899606813,5.722970779060681
MWI,2005,23.2,0.58987579435837,6.026737868939096
MYS,2005,3.1,0.392930049557538,8.622558430975078
MLI,2005,12.4,0.603322132064684,6.382882104557062
MLT,2005,2.5,0.324618719237279,9.669747050109821
MRT,2005,9.5,0.576125123904548,6.906720578031156
MUS,2005,5.6,0.439631688324301,8.585604779277125
MEX,2005,4.1,0.395691600985669,9.06782692334508
MNG,2005,29.5,0.404709806534258,6.902642339287146
MNE,2005,5.7,0.393432326428319,8.209204440059684
MAR,2005,4.9,0.420183234493,7.715564309918954
MOZ,2005,30.9,0.500765763923089,6.079415569542779
MMR,2005,28.8,0.528382952346967,5.532144417745574
NAM,2005,18.4,0.507664505137568,8.212235551937244
NPL,2005,17.8,0.544844156777818,5.733419488529661
NZL,2005,2.5,0.309837055733074,10.231029513784737
NIC,2005,22.6,0.471298209210827,7.076064232976514
NER,2005,19.1,0.640370253330974,5.764071736459942
NGA,2005,8.9,0.502593798972538,7.099513036998704
MKD,2005,5.0,0.371326547006799,8.045903620162926
NOR,2005,2.5,0.258438181318393,11.113151687309685
OMN,2005,12.3,0.426219717064508,9.577401240470033
PAK,2005,18.3,0.534469830518449,6.718553944121279
PAN,2005,16.2,0.418952051064355,8.520735129796615
PNG,2005,29.0,0.57620051205289,6.612694705522119
PRY,2005,7.9,0.392096424267945,7.58623121042402
PER,2005,20.7,0.445150810784917,7.903474181300899
PHL,2005,17.6,0.48444398784707,7.106983267915158
POL,2005,2.5,0.308418299164702,8.99267221859171
PRT,2005,2.5,0.351669292131555,9.840554542537394
ROU,2005,2.5,0.429309416945104,8.437717749556667
RUS,2005,2.5,0.333558279335486,8.579877822309177
RWA,2005,36.0,0.593288918260981,5.780795563348909
WSM,2005,3.6,0.507556435515833,7.843865192672351
STP,2005,11.1,0.552206074260847,6.738352926977564
SAU,2005,4.5,0.436122574407472,9.678827062390873
SEN,2005,17.1,0.546202985406413,6.887395520067529
SRB,2005,3.1,0.425787502217718,8.244852613645048
SYC,2005,2.5,0.460737831502458,9.376033762888552
SLE,2005,44.4,0.607475725243042,6.13693478444434
SVN,2005,2.5,0.325987160510692,9.796442818863273
SLB,2005,11.9,0.661051046189147,7.042686078970218
ZAF,2005,3.3,0.411870793335461,8.671951109679986
ESP,2005,2.5,0.312232662684727,10.183047467376038
LKA,2005,15.2,0.472220850832846,7.096075431208481
SUR,2005,9.4,0.398274345108253,8.147122830831266
SWE,2005,2.5,0.313143984125234,10.67772186159644
CHE,2005,2.5,0.292778717484656,10.937434971899542
SYR,2005,6.5,0.436003292306926,7.335569876460286
TJK,2005,40.3,0.408861664112762,5.810922858234005
THA,2005,13.6,0.434250204168399,7.961266930822618
TLS,2005,32.4,0.564912125538902,6.189217580931639
TGO,2005,26.2,0.515880805681788,6.31220629511312
TTO,2005,11.7,0.387554191907929,9.421122823467584
TUN,2005,4.1,0.361326434386052,8.05414962842327
TKM,2005,4.2,0.380484592252858,7.380265878477251
UGA,2005,18.1,0.579389217977661,5.800320393531971
UKR,2005,2.5,0.400856568476572,7.536542633375112
ARE,2005,2.5,0.402501088309128,10.564093819920531
URY,2005,2.6,0.414615597464269,8.57248726019791
UZB,2005,16.0,0.367805942923728,6.2968068961093975
VUT,2005,8.7,0.594770353477192,7.535825887764524
VNM,2005,15.3,0.494486885523639,6.566316191948593
ZMB,2005,49.5,0.506803596307428,6.56664720891093
ZWE,2005,30.6,0.523748547646841,6.13345946941032
AFG,2006,30.6,0.604628709316117,5.613925429177434
ALB,2006,8.8,0.443758190000366,8.025442011709254
DZA,2006,6.1,0.38122678303087,8.205399024144914
ARG,2006,3.6,0.4013090965324,8.677504334796174
ARM,2006,14.8,0.376290833952446,7.621514891549062
AUT,2006,2.5,0.304317367633752,10.606144566693517
AZE,2006,5.3,0.416495863703698,7.813169983636858
BGD,2006,15.1,0.554115989577631,6.19519696860878
BRB,2006,4.7,0.360893078414316,9.656281852999607
BEL,2006,2.5,0.350747410035775,10.563726828862876
BLZ,2006,5.0,0.473560193931532,8.61743080392635
BEN,2006,9.2,0.578812612041637,6.695980695969847
BIH,2006,2.5,0.363285903575984,8.060264875575013
BWA,2006,26.9,0.469743757516079,8.573872873511588
BRA,2006,5.7,0.383436145989332,8.688478187012755
BGR,2006,6.1,0.361017822559379,8.416963171756443
BFA,2006,17.0,0.566680550711757,6.121425695657937
CPV,2006,12.7,0.43443497665522,7.721790297822534
KHM,2006,15.5,0.521836886347989,6.417145021753059
CMR,2006,13.8,0.491574995640071,7.082930184112721
CAN,2006,2.5,0.285360085397833,10.609156929553448
CAF,2006,34.8,0.564494551000608,5.810968882067758
TCD,2006,30.9,0.652735659462619,6.810029169799216
CHL,2006,2.6,0.354299771524346,9.139773750611525
CHN,2006,6.8,0.403972634708985,7.663528357467109
COL,2006,11.0,0.433381888120229,8.240082672573331
COM,2006,16.3,0.530642782569045,7.051772696138764
CRI,2006,3.8,0.407220569463191,8.567239025681252
HRV,2006,3.3,0.383143168558048,9.350341687811142
CUB,2006,2.5,0.432248627025413,8.373318816287323
CYP,2006,4.7,0.359803458334974,10.193514919508441
CZE,2006,2.5,0.259001722967791,9.632929937105501
DNK,2006,2.5,0.333902433088021,10.861288275136685
DJI,2006,28.9,0.515276798434845,6.80068733776563
DMA,2006,5.1,0.451891238234855,8.708768647791016
DOM,2006,21.3,0.433386586372678,8.30774115790901
ECU,2006,17.4,0.478297360551906,8.084460715734057
SLV,2006,8.9,0.440394019578883,7.888191231642117
EST,2006,2.5,0.342127876264752,9.444738757178463
SWZ,2006,11.7,0.496074523922758,8.017986987041445
ETH,2006,36.4,0.593593160507328,5.243574642984934
FJI,2006,4.5,0.506323800227814,8.147608415636649
FIN,2006,2.5,0.283659981680114,10.626533739027481
FRA,2006,2.5,0.307428773828465,10.503190872626895
GAB,2006,14.3,0.444889655034353,8.831567318707283
GEO,2006,4.8,0.410555977652837,7.5989105433550295
DEU,2006,2.5,0.307253801209817,10.518141563712833
GHA,2006,11.1,0.510515337576322,6.8095259729931135
GRC,2006,2.5,0.340773068523929,10.102994888254251
GTM,2006,19.2,0.470643539104055,7.70756768761689
GIN,2006,16.4,0.536483400577946,6.102515090613621
GNB,2006,18.6,0.644346965332335,6.105937834852485
GUY,2006,7.1,0.489965158357637,8.050577587615745
HTI,2006,47.7,0.526513178261645,6.719985749244102
HND,2006,18.1,0.467721816485244,7.262521863524089
HUN,2006,2.5,0.366615368199037,9.348230055293758
ISL,2006,2.5,0.332400311415075,10.959417336623805
IND,2006,21.1,0.531068361844606,6.6866949982259065
IDN,2006,18.4,0.478047079338978,7.351360791581556
IRQ,2006,16.5,0.457325930856531,7.730418332126871
IRL,2006,2.5,0.327912428673523,10.90281641258988
ISR,2006,2.5,0.317415564984402,10.022481498281403
ITA,2006,2.5,0.346172680865151,10.420408423466538
JAM,2006,7.1,0.440881549683907,8.393216299428413
JOR,2006,5.4,0.407824251571443,7.759031470625988
KAZ,2006,7.3,0.328415359824416,8.523202091186233
KEN,2006,28.0,0.528587743453297,6.550797967515461
KIR,2006,4.5,0.61696897398749,7.023930435944621
KWT,2006,2.5,0.387809573407023,10.667713633553724
LVA,2006,2.5,0.375548960821245,9.12823375932021
LBN,2006,7.1,0.435314042550348,8.441445718545868
LBR,2006,35.7,0.569254330394339,5.770063496086552
LBY,2006,4.9,0.409427954641317,9.215213284373167
LTU,2006,2.5,0.383050637106716,9.128056115323004
LUX,2006,2.5,0.308488461416727,11.416291214334638
MDG,2006,32.9,0.576745312650426,5.7811967306138765
MWI,2006,21.5,0.585409792950578,6.088641503908185
MYS,2006,3.2,0.391827375209912,8.725573558076272
MLI,2006,11.2,0.608563731778062,6.4508209874463756
MLT,2006,2.5,0.322582149259572,9.720381918308119
MRT,2006,10.3,0.554561206927357,7.170583804807175
MUS,2006,5.4,0.440155022088321,8.647515108823017
MEX,2006,4.0,0.394684907215138,9.16037627312903
MNG,2006,28.4,0.40581541246131,7.192852861357703
MNE,2006,4.1,0.393992842585724,8.395178963319498
MAR,2006,4.8,0.41177318807079,7.798985181068225
MOZ,2006,29.2,0.499498561284894,6.125749885079358
MMR,2006,24.8,0.527554781636954,5.715365422952568
NAM,2006,19.9,0.509520042136215,8.298336307125775
NPL,2006,16.9,0.543547786004346,5.830214801379075
NZL,2006,2.5,0.309769068775712,10.190716767534644
NIC,2006,21.9,0.461875029624355,7.129436734577441
NER,2006,18.0,0.636156563451163,5.809178224951621
NGA,2006,9.1,0.501916906727077,7.37747068892396
MKD,2006,4.5,0.370495169218303,8.143354970576183
NOR,2006,2.5,0.257301374691029,11.217674818767335
OMN,2006,10.1,0.424596398793632,9.73689306493936
PAK,2006,16.9,0.532289250890769,6.803364920330677
PAN,2006,14.8,0.41645327710843,8.617720113906431
PNG,2006,27.9,0.577780828742751,7.121400123493467
PRY,2006,7.4,0.389345797848591,7.799520195602233
PER,2006,17.9,0.443034251543622,8.0486476873794
PHL,2006,17.3,0.483575180909931,7.262731324867288
POL,2006,2.5,0.308327617466084,9.1126013260015
PRT,2006,2.5,0.349308254641708,9.895427862814238
ROU,2006,2.5,0.428002392587356,8.65826406337992
RUS,2006,2.5,0.332251220134521,8.842199907592871
RWA,2006,36.7,0.592240626967703,5.877721840229106
WSM,2006,3.7,0.502526824233928,7.887317990041359
STP,2006,10.4,0.562845482940656,6.759221288297046
SAU,2006,4.2,0.433748025855654,9.773584685247659
SEN,2006,15.8,0.541646637272233,6.924810967757527
SRB,2006,2.6,0.425792822463173,8.410212178996842
SYC,2006,2.8,0.462473327194933,9.455870964396453
SLE,2006,40.2,0.608328329303245,6.363490013649994
SVN,2006,2.5,0.325893269980946,9.88139556466906
SLB,2006,12.2,0.666421084569449,7.135389445175518
ZAF,2006,3.3,0.406652283224497,8.712329443789828
ESP,2006,2.5,0.311238051339866,10.25490774286739
LKA,2006,14.2,0.475198294759632,7.236703751395784
SUR,2006,8.8,0.403501272590987,8.517724647559918
SWE,2006,2.5,0.312708365696782,10.747886933073056
CHE,2006,2.5,0.291099939619777,10.985479696241175
SYR,2006,6.2,0.433034079085411,7.449372035944309
TJK,2006,38.1,0.404183563298834,5.994007319810667
THA,2006,11.8,0.432459050654636,8.111124031440792
TLS,2006,30.0,0.580944993189746,6.141321023980993
TGO,2006,24.8,0.514677159935486,6.31445754424782
TTO,2006,11.1,0.384872366147691,9.557657923713215
TUN,2006,4.0,0.362242817660696,8.108493658902676
TKM,2006,4.3,0.380539316245636,7.599197560614026
UGA,2006,18.8,0.577935846373282,5.847935502121371
UKR,2006,2.5,0.399280365409224,7.76916487337662
ARE,2006,3.1,0.402595953952241,10.699701228225297
URY,2006,2.5,0.413912552023359,8.699736881508718
UZB,2006,13.0,0.363223096166527,6.475614775637175
VUT,2006,8.5,0.598202437017173,7.618149321809977
VNM,2006,15.2,0.490828864077873,6.694260831370928
ZMB,2006,49.4,0.506576426919341,6.958179487332816
ZWE,2006,29.5,0.525567098586667,6.0656653331924195
AFG,2007,26.6,0.600051012497378,5.9301824567167385
ALB,2007,8.7,0.443803376874808,8.2276574817632
DZA,2007,5.8,0.381227596859064,8.335060024725827
ARG,2007,3.3,0.401430656657054,8.87978580854331
ARM,2007,10.9,0.379010273406683,7.993857085539807
AUT,2007,2.5,0.303076263123341,10.749848451784379
AZE,2007,3.1,0.416968144256549,8.25617386157394
BRB,2007,4.1,0.365309991208976,9.754722987385618
BEL,2007,2.5,0.352060242878519,10.699172491117816
BLZ,2007,4.9,0.477154346742442,8.659609347261298
BEN,2007,8.9,0.576068172538852,6.816010806388399
BIH,2007,2.5,0.362488317651816,8.276773637480407
BWA,2007,26.6,0.47366876426413,8.617784989129651
BRA,2007,5.1,0.383110250221695,8.910544058412214
BGR,2007,6.3,0.362553637901793,8.680768601028996
BFA,2007,16.5,0.566474938617503,6.243553996715776
CPV,2007,13.1,0.42661670143738,8.109097652393574
KHM,2007,14.4,0.532780484451551,6.59536006373399
CMR,2007,11.2,0.49302073464505,7.189675143373808
CAN,2007,2.5,0.284901076283209,10.706835403789789
CAF,2007,33.0,0.575544733788577,5.942502871434915
TCD,2007,28.6,0.647235931094773,6.888045849457715
CHL,2007,2.7,0.355784379993772,9.244395247680954
CHN,2007,5.9,0.401644314705913,7.913786928808856
COL,2007,11.3,0.432417138728131,8.470086100993974
COM,2007,16.1,0.521698474470598,7.162193066045255
CRI,2007,3.3,0.407681699086654,8.722207313136439
HRV,2007,2.7,0.383633630488915,9.529347088656705
CUB,2007,2.5,0.430905928126146,8.477919765911908
CYP,2007,3.8,0.361988937750788,10.349610766735573
CZE,2007,2.5,0.258143652045168,9.822963448409306
DNK,2007,2.5,0.333833987080639,10.979030045458158
DJI,2007,24.6,0.51286342411782,6.876855995494581
DMA,2007,4.6,0.445830918549835,8.773235210525593
DOM,2007,18.9,0.430427041420514,8.444546278205335
ECU,2007,15.0,0.476012190357661,8.154478584722467
SLV,2007,9.2,0.439267058104686,7.948264097163967
EST,2007,2.5,0.340427489205436,9.725880712046655
SWZ,2007,13.9,0.49190497233563,8.064907261430882
ETH,2007,32.7,0.590821932522324,5.4686770647071645
FJI,2007,5.0,0.502969954440677,8.232904535579541
FIN,2007,2.5,0.283147032076012,10.788762716188637
FRA,2007,2.5,0.30664187777273,10.633115898624695
GAB,2007,14.5,0.444800339134989,8.987639584747548
GEO,2007,5.3,0.414451714838913,7.876777541535253
DEU,2007,2.5,0.304534980217415,10.653745464215234
GHA,2007,10.4,0.508290460567792,6.956664117299285
GRC,2007,2.5,0.339584928462147,10.255578695544223
GTM,2007,18.1,0.472877333919638,7.807435106181165
GIN,2007,16.8,0.527653876716516,6.477200914161763
GNB,2007,19.3,0.642051649210096,6.252038343865029
GUY,2007,7.6,0.494728669035842,8.190988382568172
HTI,2007,45.9,0.524109642889144,6.892201933802809
HND,2007,16.9,0.467018374722285,7.363747386198851
HUN,2007,2.5,0.365993255560625,9.542130626660908
ISL,2007,2.5,0.330557805547683,11.149020543873814
IND,2007,18.9,0.52874502084364,6.929406272553527
IDN,2007,18.1,0.477476964717817,7.508359317358648
IRQ,2007,16.5,0.459990971105393,8.048465580765402
IRL,2007,2.5,0.322988942475059,11.0251067648951
ISR,2007,2.5,0.317925789486543,10.155073143238724
ITA,2007,2.5,0.343819773400192,10.540756614326574
JAM,2007,7.3,0.438652083102776,8.458819336376108
JOR,2007,5.6,0.40443785295985,7.826525332732709
KAZ,2007,6.3,0.327884086464459,8.771748477478805
KEN,2007,25.8,0.528583577671614,6.733641671988711
KIR,2007,4.4,0.621770904672207,7.2097677839050505
KWT,2007,2.5,0.386697607429076,10.730059535707143
LVA,2007,2.5,0.373210386310026,9.500841886955644
LBN,2007,6.2,0.430068758643739,8.541936163636393
LBR,2007,35.4,0.577101298774263,5.924820632796214
LBY,2007,5.2,0.410441710283131,9.318741296623648
LTU,2007,2.5,0.380884326610113,9.416957818606248
LUX,2007,2.5,0.30912994802136,11.585016521569187
MDG,2007,30.6,0.566921428942467,6.039177944705316
MWI,2007,19.3,0.580438620031308,6.163694230273571
MYS,2007,3.4,0.393867399818965,8.877511734099272
MLI,2007,9.8,0.603020411744247,6.567621997407796
MLT,2007,2.5,0.32508991118819,9.875302785598729
MRT,2007,9.3,0.553277885635933,7.247899452949217
MUS,2007,5.4,0.44263495888648,8.790978688650938
MEX,2007,3.7,0.393447393727968,9.223684216853796
MNG,2007,26.5,0.40203032864472,7.394915806703435
MNE,2007,3.0,0.394654853310523,8.69557267921371
MAR,2007,4.8,0.41656040347239,7.921385380461716
MOZ,2007,27.3,0.501218147930014,6.230235204496024
MMR,2007,21.0,0.521651344536747,6.038767369363658
NAM,2007,22.0,0.502667945390635,8.384585517592642
NPL,2007,16.0,0.531206278537535,5.954410880130779
NZL,2007,2.5,0.308135027030243,10.388379232026278
NIC,2007,20.9,0.46385479062054,7.208142392655722
NER,2007,17.0,0.638504283782757,5.95885887752627
NGA,2007,9.2,0.501913194096438,7.504131049162221
MKD,2007,4.1,0.368710183181084,8.343818679208576
NOR,2007,2.5,0.256735748758909,11.356298177482753
OMN,2007,8.3,0.423917909600024,9.841221315669843
PAK,2007,15.7,0.531623641205052,6.905843567022234
PAN,2007,13.5,0.415102947768499,8.751129063998889
PNG,2007,27.9,0.578129599026375,7.22311580622269
PRY,2007,6.0,0.388532965595907,8.07462921702249
PER,2007,14.9,0.437200162324403,8.183422309143383
PHL,2007,17.0,0.480321943052218,7.445800329712747
POL,2007,2.5,0.309190439115016,9.33012401560019
PRT,2007,2.5,0.346329367908772,10.035000630928185
ROU,2007,2.5,0.4288288442386,9.031254107076727
RUS,2007,2.5,0.331160531752144,9.116165865410188
RWA,2007,36.6,0.593324325967328,6.054988921721894
WSM,2007,4.1,0.507231735486988,8.019158428340909
STP,2007,10.6,0.560761512739762,6.778654959685859
SAU,2007,3.9,0.431948295082727,9.830709863160159
SEN,2007,14.6,0.541293558585314,7.080816405105861
SRB,2007,2.5,0.424512739707409,8.712938849915414
SYC,2007,3.1,0.457847385295411,9.44693723381492
SLE,2007,36.0,0.601276844059022,6.448715211675753
SVN,2007,2.5,0.325798603036976,10.074291350543026
SLB,2007,12.9,0.661460114732984,7.23717194512296
ZAF,2007,3.4,0.407210322656221,8.793590129541185
ESP,2007,2.5,0.310486083727219,10.393661866174403
LKA,2007,13.5,0.476622520158789,7.364315518972442
SUR,2007,8.0,0.396679484837895,8.617974948689517
SWE,2007,2.5,0.312196434511155,10.888717692778105
CHE,2007,2.5,0.286857104770284,11.081975693813675
SYR,2007,6.0,0.43370348729275,7.569211249010026
TJK,2007,35.1,0.401347930593202,6.248037479172625
THA,2007,10.6,0.433013844442621,8.273471396551493
TLS,2007,27.6,0.584640824374638,6.291855365698491
TGO,2007,23.6,0.513659393568733,6.409497390138505
TTO,2007,10.5,0.385268748460321,9.717560023673476
TUN,2007,4.0,0.357764840854234,8.223336556690532
TKM,2007,4.4,0.379610143323874,7.7894383008900645
UGA,2007,19.2,0.570553195973525,5.994931357932793
UKR,2007,2.5,0.397747495903896,8.058430983712231
ARE,2007,3.8,0.402974134619077,10.733233689715018
URY,2007,2.5,0.408281432324042,8.884894684010847
UZB,2007,10.3,0.361732149666825,6.714204743322691
VUT,2007,8.0,0.582069696464346,7.7552124413183146
VNM,2007,14.9,0.489419404359684,6.830485755686894
ZMB,2007,48.1,0.506671281713627,7.019950846007968
ZWE,2007,28.7,0.519475794537076,6.0241800244496835
AFG,2008,22.7,0.599393182526088,5.944722034892284
ALB,2008,8.2,0.441177631980773,8.411500368914165
DZA,2008,5.3,0.381097658283576,8.552737696965488
ARG,2008,3.2,0.402465474173953,9.098750523777706
ARM,2008,7.7,0.371413300012588,8.236862324027914
AUS,2008,2.5,0.326554941565743,10.813786002181399
AUT,2008,2.5,0.303471946549505,10.85091638717391
AZE,2008,2.5,0.413541373603542,8.625952184480925
BGD,2008,16.1,0.557822556460093,6.41846613969135
BRB,2008,3.6,0.36187649670375,9.773703017212826
BEL,2008,2.5,0.353150210178792,10.785257188227966
BLZ,2008,4.9,0.473754364586001,8.650548790484374
BEN,2008,8.5,0.583384561126187,6.966592464305082
BIH,2008,2.5,0.36018489062354,8.485019756585405
BWA,2008,26.3,0.469971363912473,8.613062115665286
BRA,2008,4.5,0.381610232690544,9.09474227121612
BGR,2008,5.9,0.363677879761095,8.89169083761923
BFA,2008,15.9,0.564832337812381,6.42881186185477
CPV,2008,14.1,0.427952147941564,8.270947032703532
KHM,2008,13.3,0.516885585400532,6.764212799130411
CMR,2008,9.1,0.495458246044133,7.307968418291184
CAN,2008,2.5,0.284203289891092,10.75171896316785
CAF,2008,31.2,0.575489567765645,6.080501168150252
TCD,2008,26.6,0.6458701474016,7.0616506415373514
CHL,2008,2.6,0.354202419680551,9.27642946010548
CHN,2008,4.9,0.399141821448358,8.167193921400939
COL,2008,10.8,0.428543039873334,8.620081186310896
COM,2008,15.8,0.534115203339627,7.282780207572918
CRI,2008,3.0,0.407117692499844,8.844659656964371
HRV,2008,2.5,0.384339520057961,9.673409683534564
CYP,2008,3.0,0.360948547895392,10.474390736743057
CZE,2008,2.5,0.258904674507893,10.03340574762557
DNK,2008,2.5,0.333427905240197,11.076227640374215
DJI,2008,22.1,0.50310010596636,7.020326832620934
DMA,2008,4.2,0.446891690675183,8.849560778103609
DOM,2008,16.7,0.431285727103736,8.521899127914168
ECU,2008,12.9,0.474115623391891,8.341590811895546
SLV,2008,9.4,0.433294329169774,8.000768017986637
EST,2008,2.5,0.343119107337757,9.809501348512892
SWZ,2008,16.4,0.489885585551468,8.00631028907822
ETH,2008,29.4,0.592154439065115,5.7570403425454515
FJI,2008,5.6,0.505940423825646,8.268711912719679
FIN,2008,2.5,0.282382581184128,10.892461161759316
FRA,2008,2.5,0.305896262587723,10.724694078119368
GAB,2008,14.4,0.443680576386692,9.178709880549095
GEO,2008,5.9,0.420901636856556,8.109150881324604
DEU,2008,2.5,0.305939254919152,10.74476007395337
GHA,2008,9.2,0.505863957341432,7.07551939906139
GRC,2008,2.5,0.341914697099393,10.363940503566726
GTM,2008,18.5,0.470494158738844,7.924093997409978
GIN,2008,17.2,0.526612955772408,6.556114536140167
GNB,2008,20.0,0.641943482567693,6.461796764709139
GUY,2008,8.2,0.484914499653923,8.296287850230017
HTI,2008,44.0,0.521904160461009,6.998199625448248
HND,2008,15.9,0.466016014297476,7.457315320964593
HUN,2008,2.5,0.36594913247267,9.665397370500392
ISL,2008,2.5,0.329012845225833,10.949812552035171
IND,2008,16.6,0.526973112594483,6.9002467452873875
IDN,2008,17.5,0.475633761949312,7.661317571980574
IRQ,2008,16.4,0.448504430684759,8.421335401602187
IRL,2008,2.5,0.323665425220228,11.024401085580001
ISR,2008,2.5,0.313938083938574,10.31788656003961
ITA,2008,2.5,0.348631926404805,10.617137594536132
JAM,2008,7.9,0.437859356028592,8.52313569030631
JOR,2008,6.1,0.401195035488678,8.08383848296227
KAZ,2008,5.0,0.324756942819259,9.002522167689243
KEN,2008,26.8,0.52846230471246,6.819518811587653
KIR,2008,4.3,0.630311834301882,7.251786353429707
KWT,2008,2.5,0.384671440734149,10.925672058680455
LVA,2008,2.5,0.372268216195968,9.659988736761173
LBN,2008,5.4,0.424553134713286,8.684747129751626
LBR,2008,35.1,0.573983529325481,6.113048918044138
LBY,2008,5.5,0.410368970821058,9.540085804425674
LTU,2008,2.5,0.378097465478987,9.612836714075684
LUX,2008,2.5,0.308496864199382,11.698758664839888
MDG,2008,30.2,0.564512806119042,6.23945640632253
MWI,2008,17.5,0.578111021687031,6.317252806323339
MYS,2008,3.6,0.388868724238608,9.03262676953799
MLI,2008,8.5,0.601130237139916,6.710176771289212
MLT,2008,2.5,0.326800408083769,10.013028290534182
MRT,2008,8.4,0.551403805499023,7.399742404665164
MUS,2008,5.6,0.446188977107838,8.990946317613933
MEX,2008,3.7,0.39177634733897,9.261391648642624
MNG,2008,24.5,0.402868488527008,7.662668446669657
MNE,2008,2.5,0.391337534359331,8.90486790596608
MAR,2008,4.8,0.409997148276061,8.065642397166595
MOZ,2008,25.4,0.499101325188395,6.3837753676642155
MMR,2008,17.4,0.521788870432622,6.489877178310143
NAM,2008,24.1,0.504906004881715,8.343978573301024
NPL,2008,14.9,0.529781505965619,6.1416446228487
NZL,2008,2.5,0.304804921001529,10.352163473192187
NIC,2008,20.4,0.461196942284104,7.328886609065013
NER,2008,16.1,0.63788655713211,6.16340944249978
NGA,2008,9.4,0.496121018576662,7.6751308051969565
MKD,2008,3.5,0.370517172992377,8.522463339554898
NOR,2008,2.5,0.255192736870546,11.487643972022727
OMN,2008,6.8,0.42300688300717,10.18779315267205
PAK,2008,15.1,0.536352205415584,6.9726467806143
PAN,2008,12.3,0.414765163195056,8.902127715773384
PNG,2008,27.2,0.573916105208838,7.393135824728046
PRY,2008,4.6,0.387629292615259,8.385934572798359
PER,2008,13.0,0.433172459794396,8.34226450699624
PHL,2008,16.7,0.479318603161144,7.580338633636124
POL,2008,2.5,0.309081555638668,9.550275211666849
PRT,2008,2.5,0.346759594181013,10.124590677863297
ROU,2008,2.5,0.427945656251421,9.252935780882723
RUS,2008,2.5,0.33083078668256,9.361797499992264
RWA,2008,36.5,0.589498989840812,6.269714258923839
WSM,2008,4.2,0.494964957341163,8.123737599170719
STP,2008,11.6,0.558416937643278,6.986444879440004
SAU,2008,3.6,0.426755200680548,10.013260320217416
SEN,2008,12.2,0.540433554129144,7.243364414739086
SRB,2008,2.5,0.42631654008308,8.906086432057375
SYC,2008,3.5,0.456032066603587,9.329494700491749
SLE,2008,31.9,0.60097459969722,6.558706913023464
SVN,2008,2.5,0.328474163640885,10.220557651113996
SLB,2008,13.1,0.659405360871841,7.330307516600746
ZAF,2008,3.5,0.407698309167665,8.729842630569712
ESP,2008,2.5,0.312808044993389,10.480192157848068
LKA,2008,12.1,0.476850739952373,7.587606847822615
SUR,2008,7.9,0.397784379080507,8.791194932860886
SWE,2008,2.5,0.315431143222639,10.929841631281183
CHE,2008,2.5,0.287035792871646,11.214185044277391
SYR,2008,5.9,0.43599017103527,7.795286294859495
TJK,2008,32.2,0.397797832650263,6.55582246747984
THA,2008,10.1,0.433524953520546,8.36849248846574
TLS,2008,25.3,0.582225561382172,6.44278411641198
TGO,2008,22.2,0.512068647407065,6.577790126208859
TTO,2008,9.9,0.385819143461353,9.966415145222102
TUN,2008,3.8,0.360416211819868,8.35586181066682
TKM,2008,4.5,0.378371057319176,8.19021683223903
UGA,2008,19.6,0.567788468405545,6.158762735908842
UKR,2008,2.5,0.396577848281848,8.298491420927967
ARE,2008,4.6,0.404208074221274,10.820861099318172
URY,2008,2.5,0.405099435025677,9.151011258384603
UZB,2008,8.0,0.358671959999572,6.979824083701519
VUT,2008,7.6,0.579109940064076,7.864653773675595
VNM,2008,13.8,0.485549685589866,7.059473251657147
ZMB,2008,46.8,0.505259968518541,7.226574114401962
ZWE,2008,27.9,0.520489592130994,5.831120340297924
AFG,2009,19.7,0.599693542389519,6.113800990201086
ALB,2009,7.3,0.441311445271556,8.346084552412908
DZA,2009,5.0,0.378267993033492,8.351240114228373
ARG,2009,3.2,0.401555226654064,9.00580207333754
ARM,2009,5.1,0.365629052161441,7.944702303317538
AUT,2009,2.5,0.303918635246437,10.775981968134053
AZE,2009,2.5,0.412182231110915,8.507223557375799
BGD,2009,16.9,0.556202464707568,6.520932533305562
BRB,2009,3.1,0.376723558518208,9.698608064971237
BLR,2009,2.5,0.354615681738197,8.585316795689195
BEL,2009,2.5,0.351717938522834,10.712712760796755
BLZ,2009,4.8,0.468558993751464,8.594381916154644
BEN,2009,8.2,0.579852645933007,6.931572170270876
BIH,2009,2.5,0.360868187139094,8.420664369674297
BWA,2009,26.0,0.464561551156319,8.533643909950156
BRA,2009,4.0,0.378900114469374,9.06862232849587
BGR,2009,5.8,0.363197402627346,8.851988760782536
BFA,2009,15.4,0.562176731406206,6.399542107575347
CPV,2009,15.0,0.423688902633523,8.205142047417487
KHM,2009,12.1,0.518689900422193,6.775079447339284
CMR,2009,7.3,0.494955726065463,7.287143311327217
CAN,2009,2.5,0.284199541231579,10.618271050538965
CAF,2009,29.4,0.592226530678688,6.1235266475038985
TCD,2009,24.7,0.64747135502575,6.94277216548508
CHL,2009,3.0,0.352998469617533,9.220172053882784
CHN,2009,3.9,0.396646417978792,8.268281626069204
COL,2009,11.1,0.425671158887295,8.566168657337226
COM,2009,15.4,0.52916842455248,7.251561392290802
CRI,2009,3.0,0.407894698227657,8.829474940321626
HRV,2009,2.5,0.382617661647697,9.580244848957324
CYP,2009,2.5,0.35898076069547,10.38085305466031
CZE,2009,2.5,0.258889017588574,9.89431670777932
DNK,2009,2.5,0.333985558590093,10.975289419584382
DJI,2009,20.2,0.500615518589469,7.048332181142906
DMA,2009,3.7,0.447998233668689,8.92098892074691
DOM,2009,14.7,0.43087615215908,8.51196994799959
ECU,2009,11.1,0.476271473642569,8.307302262727573
SLV,2009,9.7,0.438777852759049,7.975972453479253
EST,2009,2.5,0.346361882666491,9.59644931379145
SWZ,2009,19.6,0.489520618539367,8.083253853148939
ETH,2009,26.3,0.5882187644841,5.90964343807342
FJI,2009,6.2,0.509762528326394,8.05963428568171
FIN,2009,2.5,0.281736930213618,10.76802908676937
FRA,2009,2.5,0.306673266150096,10.638929764159013
GAB,2009,14.3,0.44232905808496,8.894337732853888
GEO,2009,6.7,0.418786432359163,7.9454453962306415
DEU,2009,2.5,0.306769428075324,10.656958455768068
GHA,2009,8.1,0.505778779909007,6.954356669472054
GRC,2009,2.5,0.341734503427219,10.289615473894749
GTM,2009,18.1,0.468908570582422,7.867736078369997
GIN,2009,17.7,0.528170528822501,6.495546354372843
GNB,2009,20.7,0.643354131884168,6.36851306830368
GUY,2009,8.8,0.488549124839327,8.345011802404743
HTI,2009,42.2,0.520668943668558,7.087450782883659
HND,2009,14.9,0.465183837896434,7.485018452421594
HUN,2009,2.5,0.36768013708763,9.476634073600286
ISL,2009,2.5,0.329601520821849,10.628648607038535
IND,2009,15.3,0.524426424446447,6.998463747119226
IDN,2009,16.5,0.475952971923142,7.704579998126537
IRQ,2009,15.6,0.447667480099045,8.220056446711109
IRL,2009,2.5,0.323638621251364,10.861555168614974
ISR,2009,2.5,0.316829191102432,10.257957353034886
ITA,2009,2.5,0.347637735939111,10.521361827943439
JAM,2009,8.5,0.442427768487898,8.395789453923227
JOR,2009,6.6,0.402078789998578,8.142014899823625
KAZ,2009,4.2,0.322024580349068,8.844770522055502
KEN,2009,26.7,0.532743521172934,6.95460817018138
KIR,2009,4.1,0.646230043624949,7.1828288512184795
KWT,2009,2.5,0.377847902704227,10.542893712100147
LVA,2009,2.5,0.375640009071488,9.392331230176826
LBN,2009,4.7,0.416679767836373,8.86656119597533
LBR,2009,34.9,0.573106193356385,6.105655287135327
LBY,2009,5.9,0.407687398348414,9.164406797928642
LTU,2009,2.5,0.375064235966854,9.380451948193974
LUX,2009,2.5,0.309244897945237,11.60294665499502
MDG,2009,30.0,0.564872802819463,6.101025514835874
MWI,2009,15.9,0.574222356156361,6.439142250194645
MYS,2009,3.6,0.386934654572847,8.880645717695472
MLI,2009,7.4,0.600829560610282,6.7041553605844895
MLT,2009,2.5,0.325661369301795,9.960638933936156
MRT,2009,7.3,0.565179754578166,7.269219810196731
MUS,2009,5.4,0.445844821901668,8.898109619237589
MEX,2009,3.9,0.38975107901478,9.038788928592778
MNG,2009,21.9,0.400713037092502,7.440339009729503
MNE,2009,2.5,0.391914961641068,8.813900577931431
MAR,2009,4.8,0.404205422983343,8.045456420522806
MOZ,2009,23.6,0.500210207454076,6.30572247759615
MMR,2009,14.0,0.520115867062162,6.6312675629844895
NAM,2009,26.1,0.502905573955483,8.367047686503293
NPL,2009,13.1,0.527287435398249,6.159261867653848
NZL,2009,2.5,0.306502996670472,10.249794326235328
NIC,2009,19.9,0.45899284991777,7.291031273158185
NER,2009,15.2,0.631067400532924,6.133683325426616
NGA,2009,9.6,0.496339350989485,7.506858963356526
MKD,2009,3.0,0.369558874511462,8.47632686834867
NOR,2009,2.5,0.254550352308225,11.294117128847983
OMN,2009,5.5,0.421660994629966,9.935757144494206
PAK,2009,15.1,0.532530723442618,6.870871422302668
PAN,2009,11.2,0.413678694247517,8.96148485428317
PNG,2009,27.6,0.577091926653305,7.358086630160733
PRY,2009,3.6,0.387609246636313,8.279404967131262
PER,2009,11.0,0.434021238366732,8.338350589145591
PHL,2009,16.4,0.476885470098027,7.530721615229424
POL,2009,2.5,0.308633356505395,9.354986254268587
PRT,2009,2.5,0.346546873977364,10.049802559780762
ROU,2009,2.5,0.426618557153406,9.053505766749067
RUS,2009,2.5,0.331894110113002,9.055185346817124
RWA,2009,36.5,0.589346033111792,6.335123567965208
WSM,2009,4.3,0.497849349494801,8.095349491905207
STP,2009,13.0,0.563173681544836,7.028450037795811
SAU,2009,3.4,0.424587656980636,9.782358427985107
SEN,2009,10.9,0.530241418190802,7.176785005482382
SRB,2009,2.5,0.424078589183431,8.76624537218137
SYC,2009,3.9,0.449070568689775,9.184724243135872
SLE,2009,28.1,0.603628805310329,6.481340970869406
SVN,2009,2.5,0.328671601421964,10.106501444029785
SLB,2009,14.1,0.664872646908828,7.349042534978455
ZAF,2009,3.5,0.407433895857732,8.760093188635565
ESP,2009,2.5,0.313344025439951,10.382197572418518
LKA,2009,11.1,0.478836939618608,7.6141441005161115
SUR,2009,7.3,0.401046766012819,8.87200716559247
SWE,2009,2.5,0.316799235747331,10.751667894597707
CHE,2009,2.5,0.28672463498892,11.17840769058272
SYR,2009,5.6,0.439770130810936,7.808811324677351
TJK,2009,29.3,0.396352288759749,6.499479708824726
THA,2009,10.6,0.433233625973356,8.327348978953273
TLS,2009,23.2,0.578904456392346,6.531721725940882
TGO,2009,20.7,0.516676053838374,6.580214870866899
TTO,2009,9.3,0.386997282646721,9.591106728335197
TUN,2009,3.6,0.358136196625925,8.313874405508013
TKM,2009,4.6,0.376559773727564,8.218242130281721
UGA,2009,19.8,0.56839676495714,6.683294723220978
UKR,2009,2.5,0.393883550457307,7.865989033040172
ARE,2009,5.3,0.405534695878042,10.540145499319603
URY,2009,2.5,0.405278591865369,9.198409049111728
UZB,2009,6.2,0.35679411061854,7.094897990894936
VUT,2009,7.3,0.597951138169729,7.842429296327897
VNM,2009,12.5,0.482091092099732,7.1116505738887605
ZMB,2009,45.6,0.505694513208793,7.035481325921209
ZWE,2009,27.1,0.514264430729419,6.600477455877784
AFG,2010,17.6,0.583799555533243,6.329045999506046
ALB,2010,6.1,0.431833568262864,8.330657495446216
DZA,2010,4.7,0.376966997977975,8.499596443805036
ARM,2010,3.2,0.360416761792963,8.020054968743029
AUT,2010,2.5,0.302436123092934,10.749594833222146
AZE,2010,2.5,0.412433420974441,8.673090990146315
BGD,2010,17.9,0.554066162157698,6.629872080847246
BRB,2010,2.6,0.376445819468084,9.844818883145802
BLR,2010,2.5,0.3538374515555,8.705277917827742
BEL,2010,2.5,0.353084644440966,10.696421099611392
BLZ,2010,4.7,0.469604563879054,8.603579851460406
BEN,2010,8.7,0.586485281723795,6.880635083500141
BIH,2010,2.5,0.358086868777428,8.41327125949687
BWA,2010,24.8,0.458235942908555,8.734838802441404
BRA,2010,3.5,0.378526828445353,9.341656498899543
BGR,2010,5.4,0.358876562959294,8.832580123636024
BFA,2010,15.0,0.558253496184134,6.4376832509568835
CPV,2010,15.2,0.423043214012607,8.18296724717603
KHM,2010,11.2,0.514246408905555,6.858853455719269
CMR,2010,5.9,0.49099379249661,7.243217734696508
CAN,2010,2.5,0.282958787445727,10.769761366706087
CAF,2010,27.6,0.57695999568616,6.167251858288651
TCD,2010,24.1,0.644084885267353,7.04036185018974
CHL,2010,3.3,0.352105813465069,9.444057463664135
CHN,2010,2.9,0.393382322777987,8.440149178531815
COL,2010,11.1,0.423508985756961,8.763786959626445
COM,2010,15.3,0.529671261281742,7.234592198620315
CRI,2010,3.1,0.388278190614311,9.01988037204307
HRV,2010,2.5,0.382246387784292,9.527432195858024
CYP,2010,2.5,0.358438544800189,10.34512473602766
CZE,2010,2.5,0.256749565862451,9.91147732451675
DNK,2010,2.5,0.333005372344239,10.969999159393712
DJI,2010,20.0,0.495513225698765,7.101044409404169
DMA,2010,4.1,0.444376847680874,8.929252463067273
DOM,2010,13.5,0.429186599831763,8.608609382019452
ECU,2010,9.5,0.47261194028612,8.41633576393151
SLV,2010,9.5,0.433474166192647,8.019636810404243
EST,2010,2.5,0.34436299408464,9.59313061077466
SWZ,2010,23.3,0.485564271640228,8.292286084858768
ETH,2010,23.9,0.586496086774501,5.800967903562083
FJI,2010,6.8,0.503102200870021,8.145881516620681
FIN,2010,2.5,0.282775596196683,10.74734289213496
FRA,2010,2.5,0.30505265421119,10.61385611934683
GAB,2010,14.4,0.438608489824362,9.03082447006512
GEO,2010,7.6,0.415520691675478,8.096125790909602
DEU,2010,2.5,0.302628007432016,10.655137946303125
GHA,2010,6.9,0.500951492895791,7.141951537551207
GRC,2010,2.5,0.34021467097093,10.19065882458394
GTM,2010,17.3,0.46295386689133,7.939251363539998
GIN,2010,18.4,0.529022512406963,6.491080566678987
GNB,2010,21.5,0.644852314748957,6.397253433695517
GUY,2010,9.5,0.482303636706171,8.429838874960845
HTI,2010,40.4,0.518890791279462,7.098150270247613
HND,2010,14.0,0.461660467261135,7.54609099766531
HUN,2010,2.5,0.362719171450801,9.487202372060642
ISL,2010,2.5,0.326859731103178,10.67445357632809
IND,2010,15.0,0.522110320005941,7.20602069281963
IDN,2010,15.0,0.473221196441619,8.028025819848873
IRQ,2010,14.5,0.447646681732774,8.403296784387633
IRL,2010,2.5,0.320175150067269,10.793011276731114
ISR,2010,2.5,0.31601240336029,10.355807260841935
ITA,2010,2.5,0.347474459298935,10.487290251657045
JAM,2010,8.6,0.441736235148068,8.478447660450911
JOR,2010,7.5,0.39984409503661,8.221066420315845
KAZ,2010,3.8,0.319572382395244,9.08171986118615
KEN,2010,24.3,0.530607826947682,6.995325336641599
KIR,2010,4.0,0.603662204318522,7.327846690925714
KWT,2010,2.5,0.370607065240307,10.576744533551231
LVA,2010,2.5,0.366813811492158,9.322634519663787
LBN,2010,4.1,0.407485813279005,8.939293892942755
LBR,2010,34.8,0.571580968816011,6.198992421989961
LBY,2010,6.3,0.409045741474971,9.358838552051404
LTU,2010,2.5,0.378214843895439,9.378319787650273
LUX,2010,2.5,0.307441884713422,11.616257847764778
MDG,2010,29.4,0.556561456916853,6.109268452870419
MWI,2010,14.7,0.574284682369751,6.526677412038552
MYS,2010,3.8,0.384271245629017,9.09373296373676
MLI,2010,6.7,0.601746313537067,6.718551284554682
MLT,2010,2.5,0.328189093905566,9.996367828824845
MRT,2010,7.1,0.553328188081541,7.414551011867206
MUS,2010,5.5,0.448441481488588,8.987243873532663
MEX,2010,4.1,0.38752274180135,9.182845918085524
MNG,2010,19.8,0.397756134097514,7.872919529275216
MNE,2010,2.5,0.384114527396856,8.808130349784937
MAR,2010,4.8,0.396514936440489,8.028776387887254
MOZ,2010,21.7,0.498301630599308,6.206950532746206
MMR,2010,11.1,0.51744743655342,6.918234354613274
NAM,2010,28.2,0.498206341321677,8.597521950540813
NPL,2010,11.7,0.521146946672907,6.372087788628265
NZL,2010,2.5,0.304509030403551,10.427088255299847
NIC,2010,19.3,0.459271655887384,7.330776748002456
NER,2010,14.3,0.633753701586389,6.162105003765174
NGA,2010,9.9,0.493774097838235,7.697237899757034
MKD,2010,3.3,0.364606732153453,8.483298370945421
NOR,2010,2.5,0.252714493089628,11.386945018837231
OMN,2010,4.5,0.421266977316988,10.067737624867242
PAK,2010,15.4,0.531160185987791,6.894978574531212
PAN,2010,10.1,0.413670632373399,9.027794495646724
PNG,2010,28.8,0.58079939077733,7.532017920675555
PRY,2010,2.9,0.385642720615073,8.466102557900683
PER,2010,9.4,0.426204261853152,8.531513157570886
PHL,2010,16.0,0.476553409821965,7.679211554079194
POL,2010,2.5,0.307593531038375,9.438887837221882
PRT,2010,2.5,0.342391582560376,10.023576154943452
ROU,2010,2.5,0.425750065256542,9.035931914675595
RUS,2010,2.5,0.329666743054757,9.27565892328376
RWA,2010,36.0,0.586016708397629,6.38624768514992
WSM,2010,4.3,0.498937980057668,8.167422337765368
STP,2010,14.7,0.555279282751629,6.951972701558201
SAU,2010,3.1,0.422323550616671,10.000087361441192
SEN,2010,10.3,0.531696186862795,7.151394217519003
SRB,2010,2.5,0.422740396873274,8.694657405297567
SYC,2010,4.3,0.455334143132471,9.29970518088109
SLE,2010,24.8,0.606969394280527,6.529476754090105
SVN,2010,2.5,0.327405211530253,10.05748858269996
SLB,2010,14.1,0.654809195664584,7.429612820962055
ZAF,2010,4.0,0.406422016520693,8.98387530524639
ESP,2010,2.5,0.309638243347369,10.330673128371389
LKA,2010,10.6,0.485946070926864,7.940358736758745
SUR,2010,7.4,0.404133181357518,8.980122459796002
SWE,2010,2.5,0.316552875547631,10.869383876296792
CHE,2010,2.5,0.285476828781736,11.245456037944786
SYR,2010,5.4,0.438527502403689,7.912282053739239
TJK,2010,26.6,0.393958607909386,6.603047600915982
THA,2010,10.4,0.432643762721404,8.511952058289356
TLS,2010,21.1,0.569714866059991,6.700805125566979
TGO,2010,19.9,0.510477975597596,6.558179595811597
TTO,2010,8.8,0.386446785958367,9.730051883288064
TUN,2010,3.4,0.359041892153873,8.364475766069239
TKM,2010,4.6,0.375066161650224,8.308578426784312
UGA,2010,18.7,0.564806560383452,6.7135491527708915
UKR,2010,2.5,0.388312714384106,8.019491841105038
ARE,2010,5.9,0.405581472532573,10.685027205620536
URY,2010,2.5,0.399970571962881,9.444705341802985
UZB,2010,4.8,0.354044950989855,7.469202133738341
VUT,2010,7.0,0.600381924016249,7.942784426385834
VNM,2010,11.3,0.476370641029745,7.428429341939105
ZMB,2010,44.9,0.505610460469804,7.2800814136617324
ZWE,2010,28.0,0.518763969698638,6.804116078264905
AFG,2011,17.7,0.59053916243912,6.4080256601244
ALB,2011,5.4,0.429483768942901,8.40418330338464
DZA,2011,4.1,0.379552524731042,8.685468838592291
ARM,2011,2.5,0.361389603971077,8.1165822122541
AUT,2011,2.5,0.30351203906509,10.841870354660255
AZE,2011,2.5,0.408604979566117,8.880421233723956
BRB,2011,2.5,0.368755441743557,9.870240716519481
BEL,2011,2.5,0.346981968907434,10.773961123913315
BLZ,2011,4.9,0.465927754312134,8.627342131367843
BEN,2011,9.1,0.583306152806076,6.965470815652557
BIH,2011,2.5,0.35567853724884,8.513725938974122
BWA,2011,23.3,0.45188402331688,8.893899769239773
BRA,2011,3.0,0.377964649422445,9.502758040494355
BGR,2011,5.3,0.354601442101865,8.96821538425733
BFA,2011,15.0,0.554980662662595,6.58620581665112
CPV,2011,14.7,0.419562413325763,8.294552980626891
KHM,2011,10.0,0.507040756544008,6.992998160650268
CMR,2011,4.9,0.496675968226672,7.322484390031291
CAN,2011,2.5,0.282921264521633,10.8632947353455
CAF,2011,26.7,0.585327602678619,6.2805031018807975
TCD,2011,24.1,0.650229823422627,7.17636323196062
CHL,2011,3.6,0.35031888842493,9.58103408697891
CHN,2011,2.5,0.391385779696248,8.64888093451629
COL,2011,11.1,0.421407374163063,8.90936960389555
COM,2011,15.6,0.538135898444988,7.333963547896911
CRI,2011,3.1,0.387322141849888,9.135227857373016
HRV,2011,2.7,0.379474528289321,9.595262532588416
CYP,2011,2.5,0.357214159155394,10.388558253566325
CZE,2011,2.5,0.259054460534571,10.00102743011892
DNK,2011,2.5,0.332402166204812,11.03181620220139
DJI,2011,19.5,0.490639647652111,7.174988844866695
DMA,2011,4.4,0.444892898893248,8.949677591586145
DOM,2011,12.4,0.428631041672784,8.670173496523594
ECU,2011,8.4,0.470275555716191,8.547468560636602
SLV,2011,9.3,0.425835896079374,8.110907895505955
EST,2011,2.5,0.341799206047643,9.77312516325173
SWZ,2011,24.9,0.489874430503694,8.369236523661467
ETH,2011,22.4,0.586098294237244,5.837803162749173
FJI,2011,7.0,0.500810906699799,8.328355140986021
FIN,2011,2.5,0.284787797120329,10.840763041323228
FRA,2011,2.5,0.305345184507752,10.690347822033576
GAB,2011,14.0,0.439778326841457,9.232015160776537
GEO,2011,8.0,0.415843007312644,8.323527901010868
DEU,2011,2.5,0.303222802759139,10.771566176040404
GHA,2011,6.9,0.487713768033296,7.31816529551182
GRC,2011,2.5,0.339666583190888,10.146621425335269
GTM,2011,15.6,0.459890096187658,8.061166218016941
GIN,2011,18.1,0.538076091647738,6.456290669208766
GNB,2011,22.6,0.639149990234534,6.578611526203278
GUY,2011,9.7,0.477234856938883,8.506581426455384
HTI,2011,39.5,0.517386278675685,7.179338102830608
HND,2011,13.2,0.45984101338143,7.637071024858434
HUN,2011,2.5,0.359653593096378,9.561803999610943
ISL,2011,2.5,0.325493676773067,10.77299254688271
IND,2011,14.6,0.519564659311755,7.276183770962893
IDN,2011,12.9,0.473695962813809,8.182968466153389
IRQ,2011,13.4,0.448201297699018,8.661387434150706
IRL,2011,2.5,0.318257175496754,10.872233748174967
ISR,2011,2.5,0.310209992367816,10.449367189977597
ITA,2011,2.5,0.3463905150169,10.556655463643745
JAM,2011,8.2,0.43969330429949,8.56267053122455
JOR,2011,8.4,0.398244023475797,8.28067434799454
KAZ,2011,3.4,0.317825352195248,9.331419878750102
KEN,2011,21.7,0.52411624972561,6.999554756272699
KIR,2011,3.7,0.5933576244085,7.479372626924776
KWT,2011,2.5,0.36718512389764,10.80303095545863
LVA,2011,2.5,0.372654243915782,9.465182109462873
LBN,2011,3.9,0.405270172765087,8.966351377636391
LBR,2011,35.2,0.57077176123538,6.3422760995743594
LBY,2011,7.1,0.414379669003671,8.9350925597102
LTU,2011,2.5,0.378919657220205,9.565342954809571
LUX,2011,2.5,0.306797621321266,11.68708931466304
MDG,2011,28.1,0.566092482791766,6.226860118077619
MWI,2011,14.1,0.570597485813972,6.637337976181271
MYS,2011,3.5,0.383472354958682,9.231818737429077
MLI,2011,6.2,0.607523226047,6.847553946317012
MLT,2011,2.5,0.327312496423035,10.065477530115238
MRT,2011,7.0,0.561993837453369,7.565896723610994
MUS,2011,5.5,0.44425514571248,9.126637297339373
MEX,2011,4.0,0.38641295329293,9.27467522280826
MNG,2011,17.1,0.398728682766065,8.225782045150266
MNE,2011,2.5,0.385924209934143,8.899136742947976
MAR,2011,4.7,0.393088873092612,8.10228022336322
MOZ,2011,20.0,0.499005122418093,6.426774003850309
MMR,2011,9.2,0.515544320044431,7.10137031291203
NAM,2011,29.1,0.490432966609929,8.671593857293704
NPL,2011,10.8,0.514616993631517,6.6663442081738244
NZL,2011,2.5,0.303260934893808,10.556639914050221
NIC,2011,18.3,0.459542647877554,7.4263775820069595
NER,2011,14.6,0.62971346588411,6.235898954545853
NGA,2011,10.4,0.501718441995353,7.79086688909992
MKD,2011,3.5,0.364186034309867,8.59727283305077
NOR,2011,2.5,0.253656861347182,11.525069560796512
OMN,2011,4.6,0.42034215969298,10.13412326400229
PAK,2011,15.5,0.530950937604175,7.031507254657717
PAN,2011,8.9,0.409683985193785,9.175986572068863
PNG,2011,29.9,0.57596226250152,7.735597635950376
PRY,2011,2.5,0.384260066303147,8.666544064079135
PER,2011,8.5,0.425543403365404,8.676136585495906
PHL,2011,15.7,0.473255613872667,7.776501019729808
POL,2011,2.5,0.307944231068481,9.53731529013486
PRT,2011,2.5,0.342130616541435,10.053911692071285
ROU,2011,2.5,0.423734855890086,9.165413665447108
RUS,2011,2.5,0.327736396609131,9.568387616067692
RWA,2011,35.7,0.584889447692708,6.478714963624325
WSM,2011,4.6,0.507748228418192,8.248400069545891
STP,2011,16.5,0.555186442718747,7.106443740030617
SAU,2011,3.2,0.420754194953824,10.208275600274249
SEN,2011,10.9,0.529299947598528,7.225973286857178
SRB,2011,2.5,0.421167799628072,8.865352039453267
SYC,2011,4.9,0.459718738002901,9.401794577739082
SLE,2011,22.5,0.600313011149251,6.634825672583899
SVN,2011,2.5,0.324274992260202,10.124253418762567
SLB,2011,14.8,0.651981631502211,7.562189059768291
ZAF,2011,4.5,0.403822905231616,9.064858508731724
ESP,2011,2.5,0.308652160901424,10.367995543181516
LKA,2011,11.0,0.486607112228819,8.078675008466286
SUR,2011,7.6,0.401978887781574,8.980913204051438
SWE,2011,2.5,0.316409690298207,11.00840947380757
CHE,2011,2.5,0.285045585409829,11.412848289692617
SYR,2011,5.5,0.438931340055983,7.9902867935235955
TJK,2011,24.2,0.402236002310681,6.725756044080322
THA,2011,10.2,0.43315776057864,8.589257686846684
TLS,2011,19.0,0.564753106261569,6.844863658146354
TGO,2011,19.6,0.506145027775102,6.664395474966458
TTO,2011,8.0,0.384769273589993,9.860114756599481
TUN,2011,3.4,0.360884479264614,8.394041507789005
TKM,2011,4.7,0.375474372573618,8.545512253331482
UGA,2011,17.6,0.561556232257149,6.728174036761206
UKR,2011,2.5,0.385168279632309,8.204315832854398
ARE,2011,5.6,0.405633468695195,10.835436069798055
URY,2011,2.5,0.39892761885332,9.624584668160601
UZB,2011,3.6,0.354600718437807,7.643896746377335
VUT,2011,6.9,0.589990835004549,8.059335078517623
VNM,2011,10.4,0.474494977228409,7.576058919459159
ZMB,2011,43.9,0.502867877480326,7.393181970017579
ZWE,2011,29.2,0.511557169282433,6.944324535339107
AFG,2012,18.6,0.58448305398306,6.479150196564419
ALB,2012,4.9,0.421123244527392,8.348146436988143
DZA,2012,3.7,0.378386203303321,8.70510722228401
ARG,2012,3.7,0.402684521100847,9.468829251187325
ARM,2012,2.5,0.363919341031858,8.163816800372278
AUS,2012,2.5,0.327651540035783,11.128334075542075
AUT,2012,2.5,0.299746164396747,10.7841595194626
AZE,2012,2.5,0.406015071896848,8.922106851048769
BRB,2012,2.5,0.358080088992138,9.853985852434722
BEL,2012,2.5,0.345817592860862,10.711617650259736
BLZ,2012,5.1,0.463520018493945,8.649919868183174
BEN,2012,9.6,0.580838055670616,6.976838927201836
BIH,2012,2.5,0.351573580399197,8.453995422514705
BWA,2012,22.0,0.445750059962054,8.79414870702776
BRA,2012,2.7,0.377579515585208,9.435220123382098
BGR,2012,5.2,0.350127650977466,8.913544615123577
BFA,2012,14.6,0.552841202678991,6.595056397846815
CPV,2012,14.1,0.432133920446295,8.225988968832535
KHM,2012,9.2,0.5107649617967,7.084060968693511
CMR,2012,4.3,0.487098583620969,7.27869708604632
CAN,2012,2.5,0.282637109936743,10.871807857615337
CAF,2012,26.3,0.58010398283001,6.299676646102367
TCD,2012,24.0,0.646582549955799,7.211072074940789
CHL,2012,3.7,0.345661218232718,9.631803952522098
CHN,2012,2.5,0.390545976672936,8.764843179807412
COL,2012,10.0,0.419558259164838,9.00068030633393
COM,2012,15.9,0.537610143339975,7.306742287109562
CRI,2012,3.1,0.38627763628463,9.22296031469932
HRV,2012,2.8,0.376016983565733,9.511087994598988
CYP,2012,2.5,0.356690387995385,10.274772985705404
CZE,2012,2.5,0.259461054786135,9.904189076486476
DNK,2012,2.5,0.33085988397208,10.975820454990158
DJI,2012,18.8,0.505592502560806,7.244365776465976
DMA,2012,4.7,0.446590827270778,8.926452428691555
DOM,2012,11.6,0.428850094057527,8.701815374742651
ECU,2012,8.0,0.47112758305379,8.636589845718136
SLV,2012,9.0,0.42560154447675,8.15992166074219
EST,2012,2.5,0.342144707690559,9.773846513917094
SWZ,2012,24.0,0.489561080796066,8.37747025775448
ETH,2012,21.2,0.577326545415733,6.113905676726077
FJI,2012,7.3,0.500670556544971,8.375952935996727
FIN,2012,2.5,0.282654279896015,10.76957227417055
FRA,2012,2.5,0.30466001777237,10.617994516053528
GAB,2012,13.5,0.43425930344399,9.137443376384681
GEO,2012,8.1,0.414837877858689,8.418630702082925
DEU,2012,2.5,0.302375939245874,10.70852462115131
GHA,2012,7.3,0.486051497567497,7.341986151567393
GRC,2012,2.5,0.339539517676541,9.98157509099837
GTM,2012,15.0,0.456306926782175,8.097614836319716
GIN,2012,17.2,0.533418559701764,6.550156161286645
GNB,2012,23.7,0.631102511411452,6.45435174782368
GUY,2012,8.9,0.472928734763304,8.602342380785771
HTI,2012,39.7,0.51658100948715,7.216264428709141
HND,2012,12.9,0.458843892318288,7.662013902543044
HUN,2012,2.5,0.357989187676191,9.468863379701636
ISL,2012,2.5,0.325069690520314,10.736299885546948
IND,2012,14.2,0.518517907407249,7.264955481588603
IDN,2012,10.9,0.472696771065414,8.197613775535693
IRQ,2012,13.6,0.446193408260018,8.776104761343317
IRL,2012,2.5,0.322214782633118,10.807943301418545
ISR,2012,2.5,0.315916259004598,10.41395601517248
ITA,2012,2.5,0.34691510713493,10.458934518544364
JAM,2012,7.8,0.43634902104807,8.583136974520835
JOR,2012,9.1,0.402879322387984,8.33555253089088
KAZ,2012,3.0,0.315643844582005,9.394227090997724
KEN,2012,19.9,0.51977095820554,7.158518169861565
KIR,2012,3.4,0.592570897788334,7.519450164094895
KWT,2012,2.5,0.368498765309245,10.861979600113678
LVA,2012,2.5,0.37245517142689,9.49772364927767
LBN,2012,3.9,0.403011471924529,9.036818074628346
LBR,2012,35.6,0.567351902929126,6.458916096726574
LBY,2012,8.1,0.419625882820818,9.61419687226922
LTU,2012,2.5,0.377919787176456,9.567188275408533
LUX,2012,2.5,0.307592349561352,11.631460895470681
MDG,2012,27.4,0.559734295644905,6.2015454784844
MWI,2012,13.9,0.563938655543755,6.325186734965685
MYS,2012,3.4,0.381913355522797,9.268663469575523
MLI,2012,5.8,0.607629348326916,6.777893915377568
MLT,2012,2.5,0.325823922871526,10.03794471575503
MRT,2012,6.5,0.55330751606312,7.527857101639568
MUS,2012,6.1,0.439253168600273,9.136826898950886
MEX,2012,3.9,0.385167231682347,9.282115165803495
MNG,2012,14.8,0.391149283313261,8.37306644149591
MNE,2012,2.5,0.384790093146868,8.791446550793907
MAR,2012,4.5,0.392080635427409,8.059648346943582
MOZ,2012,19.9,0.498403175727957,6.5304194297656055
MMR,2012,8.0,0.511163679726638,7.092295951720546
NAM,2012,27.6,0.480969763323679,8.689909903983745
NPL,2012,10.1,0.513506856315141,6.669755591153829
NZL,2012,2.5,0.304325577292489,10.597976311617959
NIC,2012,17.2,0.452815375388235,7.487004694037964
NER,2012,14.8,0.630239863248394,6.270061924275405
NGA,2012,11.1,0.498387895347374,7.875954107965085
MKD,2012,3.7,0.365244289048668,8.527109172890501
NOR,2012,2.5,0.255054566936192,11.534451305684629
OMN,2012,5.5,0.419217425855702,10.112219671288631
PAK,2012,15.4,0.521180028445282,7.093707532575813
PAN,2012,7.9,0.408026593549533,9.311524752162143
PNG,2012,30.1,0.573849071071731,7.8766716153232705
PRY,2012,2.5,0.383976975657083,8.63802400750863
PER,2012,7.6,0.422211957824745,8.782534332864701
PHL,2012,14.9,0.473569565538227,7.868872690411539
POL,2012,2.5,0.306711067509004,9.4794068145356
PRT,2012,2.5,0.340361125960428,9.932727246703587
ROU,2012,2.5,0.422598120699237,9.097166484866571
RUS,2012,2.5,0.327926871365115,9.642243012505682
RWA,2012,35.3,0.582851255113001,6.560772172361426
WSM,2012,4.7,0.493575872077625,8.27756531917244
STP,2012,17.6,0.553102580838941,7.099030504056154
SAU,2012,3.1,0.419021326084971,10.265816795054077
SEN,2012,11.1,0.529409962907046,7.190553938320986
SRB,2012,2.5,0.414202338571523,8.74242110665041
SYC,2012,5.2,0.455831829588891,9.420370757673089
SLE,2012,21.6,0.585241842233092,6.843221481225657
SVN,2012,2.5,0.323288398118877,10.018695800090759
SLB,2012,15.8,0.651752665826952,7.633492354105749
ZAF,2012,5.0,0.401159295880016,8.996772921202362
ESP,2012,2.5,0.307273897053522,10.256129910046859
LKA,2012,10.8,0.490556612599657,8.110059529258649
SUR,2012,8.2,0.398581031210296,9.088312898426398
SWE,2012,2.5,0.314700272787348,10.963875600377142
CHE,2012,2.5,0.284735423715826,11.360196197353076
SYR,2012,6.3,0.444044932852215,7.548377433298399
TJK,2012,22.5,0.396485877505444,6.859040572645934
THA,2012,9.4,0.434821973977634,8.652690056196338
TLS,2012,17.6,0.559685215661774,6.930122293742309
TGO,2012,20.1,0.505168842241433,6.63646092152364
TTO,2012,7.4,0.374573131930209,9.91995811275515
TUN,2012,3.4,0.358536472747598,8.365734710094882
TKM,2012,4.7,0.374709185239927,8.708453816568987
UGA,2012,17.7,0.554381052633244,6.678622411912198
UKR,2012,2.5,0.379587590051605,8.281810619196659
ARE,2012,4.9,0.404913821110829,10.859661782634682
URY,2012,2.5,0.398605081446857,9.696438418548222
UZB,2012,2.8,0.354392809563666,7.743853438128018
VUT,2012,7.1,0.60081526362832,8.007961019645338
VNM,2012,9.3,0.472100077820776,7.689424962620857
ZMB,2012,42.8,0.501552544274584,7.444278247560012
ZWE,2012,29.9,0.506888747253479,7.121732786020021
AFG,2013,19.7,0.589309821840208,6.456906379532865
ALB,2013,4.6,0.421483656902282,8.393948055084588
DZA,2013,3.1,0.376748958916696,8.696109187466437
ARG,2013,3.6,0.400681276190246,9.469906554177475
ARM,2013,2.5,0.363941116121719,8.21071338926169
AUS,2013,2.5,0.326712009769403,11.130063485613862
AUT,2013,2.5,0.301120968660119,10.825866803255078
AZE,2013,2.5,0.402166930525945,8.971492318810341
BGD,2013,17.3,0.544997102461483,6.865122259919668
BRB,2013,2.5,0.357953248169648,9.868275268693433
BEL,2013,2.5,0.345118499876652,10.757149292085947
BLZ,2013,5.5,0.454016812494056,8.691180615466505
BEN,2013,9.4,0.579385821359377,7.0638415068205855
BIH,2013,2.5,0.350151257937852,8.524082636626893
BWA,2013,21.3,0.450235850889115,8.804912092565065
BRA,2013,2.5,0.375542486696053,9.430189800731833
BGR,2013,4.8,0.350811797981278,8.961363613355251
BFA,2013,14.1,0.547578749950569,6.633005312116349
CPV,2013,14.6,0.436539514929418,8.284245730426901
KHM,2013,8.5,0.504030925163036,7.174464013533902
CMR,2013,4.1,0.488320573876493,7.362600105177694
CAN,2013,2.5,0.282478761386464,10.871195826825678
CAF,2013,28.7,0.589314809593107,5.898161498839876
TCD,2013,23.5,0.641136184490498,7.17387205528114
CHL,2013,3.5,0.344079856760782,9.660367584428581
CHN,2013,2.5,0.38875553483393,8.874452890423676
COL,2013,8.6,0.419633020247932,9.021489854600409
COM,2013,15.6,0.534502061518601,7.379835834277329
CRI,2013,3.1,0.38599546965765,9.287601386282267
HRV,2013,2.5,0.377119295387534,9.55650808144311
CYP,2013,2.5,0.358753712587886,10.232699821798711
CZE,2013,2.5,0.259269313459123,9.916428234558763
DNK,2013,2.5,0.339468571405337,11.02480012993141
DJI,2013,17.4,0.49948712925667,7.638171743090445
DMA,2013,4.7,0.440850107199613,8.964723421472065
DOM,2013,10.4,0.427265462612673,8.722025191892458
ECU,2013,8.5,0.473036922591737,8.717565894045311
SLV,2013,9.1,0.419193867649106,8.18375110247148
EST,2013,2.5,0.339648632213645,9.868398442029909
SWZ,2013,20.4,0.486514736303087,8.281754382607113
ETH,2013,19.8,0.567243401531577,6.18216720313197
FJI,2013,7.3,0.496411850608583,8.427803083949389
FIN,2013,2.5,0.286777076167595,10.813579401374739
FRA,2013,2.5,0.304543967682562,10.661232147292914
GAB,2013,13.0,0.434427757866055,9.126708847380323
GEO,2013,7.8,0.414950394886218,8.45786821213662
DEU,2013,2.5,0.301418592001533,10.762573026858988
GHA,2013,7.7,0.484265223036429,7.7383991629550435
GRC,2013,2.5,0.336971558392247,9.979213802755735
GTM,2013,15.4,0.453243397495068,8.144435238644446
GIN,2013,15.5,0.535697293417349,6.618011109635536
GNB,2013,25.1,0.626379514934783,6.483572892020436
GUY,2013,8.0,0.470781664590016,8.622797893340648
HTI,2013,39.8,0.517415059386383,7.284705824873745
HND,2013,13.0,0.456462424480516,7.640665542547515
HUN,2013,2.5,0.358291766815159,9.528027410362041
ISL,2013,2.5,0.324523544209554,10.815870318204588
IND,2013,13.4,0.515670169718861,7.267416542013342
IDN,2013,9.5,0.471728934269788,8.179368837713598
IRQ,2013,14.2,0.444135354160041,8.8024251882536
IRL,2013,2.5,0.321586708156117,10.870836586306313
ISR,2013,2.5,0.31215580061387,10.519600224179372
ITA,2013,2.5,0.346716424904212,10.482952874237286
JAM,2013,7.7,0.432120146445509,8.541732233993166
JOR,2013,9.1,0.39899957913371,8.368976012501587
KAZ,2013,2.6,0.316620359200645,9.50884810698821
KEN,2013,19.1,0.515858278329232,7.223207311067554
KIR,2013,3.2,0.601990770042304,7.479913330390007
KWT,2013,2.5,0.365480979411745,10.812774695857394
LVA,2013,2.5,0.37101317876385,9.580832425465623
LBN,2013,4.4,0.403739082269167,9.007290985556686
LBR,2013,36.5,0.567136371577934,6.566313111990311
LBY,2013,9.0,0.420602885742272,9.388629928889092
LTU,2013,2.5,0.375117204741469,9.65736481924992
LUX,2013,2.5,0.306578578245816,11.69524819451232
MDG,2013,28.6,0.563183238766677,6.244752339672197
MWI,2013,14.2,0.563498920837877,6.208484121630423
MYS,2013,3.5,0.380429451434245,9.279273046281045
MLI,2013,5.4,0.608337117400552,6.805933442044836
MLT,2013,2.5,0.328949078103243,10.143116733268673
MRT,2013,6.2,0.556375283447143,7.567470296297003
MUS,2013,6.5,0.44074067666562,9.186523399287815
MEX,2013,3.8,0.384020785303454,9.325168009352465
MNG,2013,13.0,0.389189323289862,8.375662600155554
MNE,2013,2.5,0.370588459257287,8.87806936972756
MAR,2013,4.3,0.390132389217448,8.125554998626152
MOZ,2013,21.6,0.496612364902262,6.531614488127057
MMR,2013,7.4,0.511879317668427,7.089322898278754
NAM,2013,25.1,0.48154237899459,8.58422010982982
NPL,2013,9.4,0.509472657160503,6.688690392868628
NZL,2013,2.5,0.305087376121083,10.668966201243329
NIC,2013,17.0,0.452950662835275,7.51503949395039
NER,2013,15.0,0.629676782847855,6.3137352286905575
NGA,2013,11.7,0.496801022106315,7.963039252219641
MKD,2013,3.8,0.363540655161693,8.635200407568773
NOR,2013,2.5,0.255185294527406,11.547846950968717
OMN,2013,6.5,0.418300163643185,10.062967863926605
PAK,2013,15.0,0.520281226890853,7.111050355675752
PAN,2013,7.3,0.40689954387127,9.415183283752766
PNG,2013,28.6,0.579846685650587,7.848065065833566
PRY,2013,2.5,0.382460637314187,8.769613319104476
PER,2013,6.7,0.420082032012466,8.816823635470953
PHL,2013,14.3,0.474348858957079,7.930666380203703
POL,2013,2.5,0.305658722872648,9.519434245383213
PRT,2013,2.5,0.339264625160771,9.983983355897296
ROU,2013,2.5,0.418602269205476,9.158802217734207
RUS,2013,2.5,0.32781890738845,9.676677804063205
RWA,2013,35.5,0.580580628605595,6.5580903047879815
WSM,2013,4.6,0.51200531846839,8.29991376282151
STP,2013,17.4,0.551289746101911,7.231703548741551
SAU,2013,3.2,0.417854013587689,10.235143409175432
SEN,2013,11.3,0.531648051037887,7.229717006635401
SRB,2013,2.5,0.410650726026746,8.8594228395316
SYC,2013,5.5,0.461202182369447,9.603820084496512
SLE,2013,21.9,0.592378658004514,7.018824118788491
SVN,2013,2.5,0.321542802388786,10.053499631535798
SLB,2013,17.4,0.648481350556239,7.678509466054197
ZAF,2013,5.2,0.401917599563915,8.89995650935741
ESP,2013,2.5,0.30414123591579,10.28291139649337
LKA,2013,10.0,0.490631719102946,8.227005554252685
SUR,2013,8.2,0.40085191097754,9.109767578562513
SWE,2013,2.5,0.316558892487032,11.016073038304361
CHE,2013,2.5,0.283492964314962,11.377155346340276
SYR,2013,7.5,0.458522458751007,6.893547493938232
TJK,2013,21.4,0.392736848871124,6.935562103517249
THA,2013,9.3,0.43681040822551,8.702523957211225
TLS,2013,16.7,0.554449383643991,7.093876620217148
TGO,2013,19.9,0.50974301029062,6.717252256432348
TTO,2013,6.8,0.373568285613854,9.966696016670683
TUN,2013,3.2,0.363302552301195,8.382471023417434
TKM,2013,4.6,0.374288018676883,8.794771182714932
UGA,2013,19.6,0.553897078327776,6.707211209011955
UKR,2013,2.5,0.378345409080259,8.326007739555845
ARE,2013,3.9,0.404589206670404,10.859451147173601
URY,2013,2.5,0.395770160634446,9.816581232422315
UZB,2013,2.5,0.355648560588523,7.808720969599958
VUT,2013,7.6,0.606911388292021,7.9996101479110795
VNM,2013,8.8,0.4687621662145,7.766212370634288
ZMB,2013,41.1,0.499443430290279,7.506986508899073
ZWE,2013,29.6,0.510694715857151,7.216929381270935
AFG,2014,19.4,0.587004201260283,6.437839552775117
ALB,2014,4.6,0.415760258788981,8.434296359395669
DZA,2014,2.9,0.375612271911973,8.715173822959517
ARG,2014,3.2,0.401533576867251,9.411904302087889
ARM,2014,2.5,0.360753251488607,8.256378407470539
AUT,2014,2.5,0.303702659297618,10.8457378455288
AZE,2014,2.5,0.402055151781851,8.973457907614234
BGD,2014,16.7,0.548921522578754,6.998018194595261
BRB,2014,2.5,0.362758793848484,9.86671683839876
BEL,2014,2.5,0.343070592126183,10.7788683421922
BLZ,2014,6.0,0.469412282747262,8.720647027955554
BEN,2014,9.2,0.581702573212594,7.0937361213341354
BIH,2014,2.5,0.348200634410639,8.557579682962677
BWA,2014,20.8,0.446317172924424,8.870995004655118
BRA,2014,2.5,0.37401153569916,9.415319461333583
BGR,2014,4.2,0.349755752693075,8.995859200764126
BFA,2014,13.5,0.540492588634119,6.63969500062259
CPV,2014,15.3,0.433160579856254,8.290444917258588
KHM,2014,8.4,0.50302593312229,7.266522807228274
CMR,2014,4.2,0.488123614231948,7.408193170949621
CAN,2014,2.5,0.282185221877821,10.838812834800432
CAF,2014,30.1,0.583251482081212,6.015792424811891
TCD,2014,23.8,0.640824453104004,7.153669452049914
CHL,2014,3.4,0.337839215434602,9.58394850722071
CHN,2014,2.5,0.387525654471401,8.95944862254895
COL,2014,7.0,0.419625583196584,9.010328245586576
COM,2014,15.0,0.538197220685965,7.387534214236677
CRI,2014,2.9,0.385472598247927,9.29757236347489
HRV,2014,2.5,0.377127618422253,9.560149662885085
CYP,2014,2.5,0.358045179273661,10.212601496495394
CZE,2014,2.5,0.259332548695119,9.905406526029457
DNK,2014,2.5,0.342695454598012,11.043248997796363
DJI,2014,15.7,0.501086650163686,7.702836490140126
DMA,2014,4.6,0.440692695094985,9.003531279161203
DOM,2014,9.1,0.432724525906272,8.779011409860257
ECU,2014,8.5,0.466672080094912,8.764959076637384
SLV,2014,9.2,0.419612762662744,8.206859835142001
EST,2014,2.5,0.336699183498064,9.932161978354891
SWZ,2014,17.5,0.4842174612211,8.235336243822601
ETH,2014,17.7,0.56656019192901,6.309893872624317
FJI,2014,7.2,0.496055061587477,8.574207873101425
FIN,2014,2.5,0.288987169794264,10.821252718529616
FRA,2014,2.5,0.303244860594214,10.672392409943663
GAB,2014,13.1,0.432016895203815,9.12710687885886
GEO,2014,7.4,0.416127466652967,8.482671073788465
DEU,2014,2.5,0.301651048791294,10.79898524925622
GHA,2014,8.0,0.478023191000721,7.575537639805813
GRC,2014,2.5,0.338983854771516,9.97463197435595
GTM,2014,15.8,0.45596686400478,8.213149926466077
GIN,2014,14.2,0.531696665023305,6.640067971431341
GNB,2014,29.1,0.632250316540626,6.480079072112533
GUY,2014,6.9,0.467978291107951,8.607525219764524
HTI,2014,39.0,0.514317053048192,7.286321148886471
HND,2014,13.7,0.455294280107515,7.687025897326175
HUN,2014,2.5,0.354421036436658,9.571679553250561
ISL,2014,2.5,0.324717430705368,10.907363151858188
IND,2014,12.8,0.51430796736252,7.348512856808263
IDN,2014,8.3,0.470074682161165,8.143537191896439
IRQ,2014,14.9,0.441254494169348,8.74023950116899
IRL,2014,2.5,0.317373682849394,10.955676408210199
ISR,2014,2.5,0.309203081264788,10.554335206485167
ITA,2014,2.5,0.345866907265585,10.492061390931296
JAM,2014,7.7,0.430842794968646,8.512203414077042
JOR,2014,8.2,0.398932938810697,8.3407377156805
KAZ,2014,2.5,0.317704685014673,9.427683892197658
KEN,2014,18.9,0.512319363952964,7.301698034030995
KIR,2014,3.1,0.598529620843906,7.459745124230957
KWT,2014,2.5,0.363011666689505,10.70029137888519
LVA,2014,2.5,0.363794396198966,9.62811701984983
LBN,2014,4.8,0.404157140287126,8.932957260059496
LBR,2014,36.4,0.565598943780265,6.56062675132771
LBY,2014,9.8,0.421639525080295,9.096770781196238
LTU,2014,2.5,0.371290479006167,9.707847581178502
LUX,2014,2.5,0.304532109455238,11.725442370099268
MDG,2014,30.1,0.562039788957694,6.22591379254048
MWI,2014,14.9,0.558709307506665,6.271958365895966
MYS,2014,3.7,0.37996270267978,9.3068598869163
MLI,2014,5.2,0.607885796791565,6.8461386290588155
MLT,2014,2.5,0.326774749287953,10.219194844255863
MRT,2014,6.1,0.55916029198934,7.446006549474434
MUS,2014,6.7,0.437997251163699,9.246320752021154
MEX,2014,3.7,0.383183733373154,9.340611975471264
MNG,2014,11.9,0.386440761874217,8.32512180100867
MNE,2014,2.5,0.370826654320835,8.904489699017104
MAR,2014,4.1,0.389900621917994,8.141890678692528
MOZ,2014,26.4,0.495289694956668,6.546990096330548
MMR,2014,6.4,0.512932144089253,7.164720705907829
NAM,2014,23.3,0.479831274128853,8.590131943317665
NPL,2014,8.7,0.505796390058586,6.711077431928296
NZL,2014,2.5,0.303632159404232,10.705898627560504
NIC,2014,17.3,0.451364026740218,7.579868016528035
NER,2014,14.5,0.630158065960805,6.33737407159759
NGA,2014,11.4,0.49309484991801,8.035512469736158
MKD,2014,3.8,0.365525395159592,8.687001098427343
NOR,2014,2.5,0.254184337171469,11.489315891316119
OMN,2014,6.9,0.41845215614645,10.050210006649246
PAK,2014,14.7,0.520406444703435,7.144102010241037
PAN,2014,7.1,0.405735183077294,9.488971530481976
PNG,2014,27.3,0.58295341900761,7.909553867484492
PRY,2014,2.5,0.380223703817868,8.802711142258621
PER,2014,5.6,0.419638432066655,8.80494537695133
PHL,2014,13.7,0.473055411426584,7.960964972349751
POL,2014,2.5,0.305575177406473,9.565373862866483
PRT,2014,2.5,0.334827756269113,10.004268423181667
ROU,2014,2.5,0.414898842602282,9.213512443188531
RUS,2014,2.5,0.327062361982636,9.550767111821791
RWA,2014,35.7,0.576463773685521,6.586113068461645
WSM,2014,4.2,0.500602405610053,8.289710439880082
STP,2014,17.4,0.548479732626911,7.306314149957473
SAU,2014,2.8,0.415698201293607,10.232988583524264
SEN,2014,11.2,0.53646153052446,7.243435327629456
SRB,2014,2.5,0.40438529700635,8.837344112864798
SYC,2014,5.2,0.454550616744844,9.628273445470745
SLE,2014,23.2,0.590507671603298,7.019080750778287
SVN,2014,2.5,0.316883377946366,10.086353469726403
SLB,2014,18.8,0.644946655400707,7.68014988454685
ZAF,2014,5.6,0.39935232071188,8.832986130627399
ESP,2014,2.5,0.303541605474944,10.299163755580002
LKA,2014,8.8,0.486158333141284,8.287004665310688
SDN,2014,8.7,0.610836413397634,7.151045205949145
SUR,2014,7.8,0.404046400969721,9.11692918389263
SWE,2014,2.5,0.317020616789244,10.995137560681732
CHE,2014,2.5,0.282054050778178,11.393296876906756
SYR,2014,8.7,0.464851121375746,6.96658163440966
TJK,2014,20.3,0.387142929085956,6.986144955910143
THA,2014,8.7,0.434622864882712,8.665819708247517
TLS,2014,15.4,0.557810110372885,7.110491675622123
TGO,2014,19.6,0.508778619644233,6.751785778435593
TTO,2014,6.7,0.373036964348084,9.994620920699136
TUN,2014,3.1,0.36576446565425,8.402675084868743
TKM,2014,4.1,0.374020565818503,8.87684405357219
UGA,2014,21.3,0.548355268806589,6.798001566848738
UKR,2014,2.5,0.365971531267553,8.02450482307732
ARE,2014,3.5,0.403896230212973,10.847031654293895
URY,2014,2.5,0.394418630019933,9.81588114455334
UZB,2014,2.5,0.356174375103511,7.891690766975777
VUT,2014,7.6,0.597800755595714,7.997357184102643
VNM,2014,8.4,0.464313975972798,7.8424298457105515
ZMB,2014,39.1,0.497722413226082,7.442777234963143
ZWE,2014,31.1,0.512113336816543,7.224181316521546
AFG,2015,19.3,0.583232874822956,6.337833595485375
ALB,2015,4.6,0.411554940846958,8.289470828982282
DZA,2015,2.7,0.37601512165201,8.452133793801268
ARG,2015,2.9,0.401349680015877,9.52366288803301
ARM,2015,2.5,0.361692480349331,8.164052993685441
AUS,2015,2.5,0.327117292417006,10.946217551618192
AUT,2015,2.5,0.300143776306643,10.690016418660566
AZE,2015,2.5,0.400886252186685,8.61259493907989
BGD,2015,15.6,0.538382156514073,7.110195162156987
BRB,2015,2.5,0.365168554447528,9.849785642522018
BLR,2015,2.5,0.355484324473633,8.694008944147766
BEL,2015,2.5,0.343754896121476,10.618733852262814
BLZ,2015,6.4,0.457376178713085,8.724938140054913
BEN,2015,9.2,0.576537845770553,6.91017122702415
BIH,2015,2.5,0.350569221456248,8.447255338698136
BWA,2015,20.1,0.441424298839152,8.722776084536143
BRA,2015,2.5,0.370834532029391,9.097865343318206
BGR,2015,4.2,0.351953611637184,8.89132647151867
BFA,2015,13.4,0.543528834021826,6.445917816849948
CPV,2015,16.3,0.419215515468014,8.13595112243954
KHM,2015,8.1,0.499517580481561,7.344279748653593
CMR,2015,4.5,0.485771936778377,7.254884878703265
CAN,2015,2.5,0.281935186256586,10.682679257730259
CAF,2015,30.9,0.579153936486907,5.903515059151974
TCD,2015,25.2,0.647435670629029,6.901727881271915
CHL,2015,3.3,0.337793204522337,9.505538153004625
CHN,2015,2.5,0.386337833427969,9.008876710627593
COL,2015,5.8,0.418212504302865,8.740099099350715
COM,2015,14.5,0.524286160772053,7.192460786531554
CRI,2015,2.7,0.383416272700676,9.368600647101147
HRV,2015,2.5,0.377882432091323,9.416158969893624
CYP,2015,2.5,0.357181523540881,10.064212084980092
CZE,2015,2.5,0.259651279330916,9.794319729778335
DNK,2015,2.5,0.341755704355774,10.879819458138824
DJI,2015,14.1,0.512593226854256,7.773226518816672
DMA,2015,4.4,0.436976365239508,9.021912056472
DOM,2015,8.4,0.435220441866758,8.824818042218277
ECU,2015,8.5,0.468559399695888,8.695533446764424
SLV,2015,9.4,0.424611145613449,8.240211238908092
EST,2015,2.5,0.337256994003795,9.782570874036644
SWZ,2015,16.2,0.483298832999612,8.137616148086837
ETH,2015,15.2,0.555944759818075,6.4326919491054335
FJI,2015,7.0,0.492995354254242,8.536511597309282
FIN,2015,2.5,0.287221436761699,10.658678246085698
FRA,2015,2.5,0.303791829266957,10.510598309049092
GAB,2015,13.3,0.432385877051942,8.860375230643234
GEO,2015,6.6,0.421280679403647,8.315474075721646
DEU,2015,2.5,0.301074730761147,10.643303863393747
GHA,2015,8.7,0.484880125500708,7.4516903812515745
GRC,2015,2.5,0.341530399105538,9.797055898070218
GTM,2015,15.9,0.455988373171809,8.26706511595234
GIN,2015,13.6,0.53729209085648,6.616542938138529
GNB,2015,30.1,0.630996398204367,6.469353935004025
GUY,2015,5.7,0.467054293469407,8.637713030730161
HTI,2015,37.8,0.515661068123873,7.252143846797231
HND,2015,14.2,0.451022860681871,7.728064776258591
HUN,2015,2.5,0.351230826683014,9.455866846819694
ISL,2015,2.5,0.326520719641847,10.8771351071087
IND,2015,12.6,0.518057575773201,7.3677074101766316
IDN,2015,7.8,0.467663143358327,8.09810248419129
IRQ,2015,15.3,0.438285422656225,8.398441612691233
IRL,2015,2.5,0.317270170163786,11.071498773079377
ISR,2015,2.5,0.308298154223026,10.497176325354271
ITA,2015,2.5,0.345616055244561,10.330057804498121
JAM,2015,7.5,0.430955752193971,8.529693841743795
JOR,2015,7.6,0.392262859652343,8.304682109774202
KAZ,2015,2.5,0.315080787979318,9.22976279225756
KEN,2015,19.0,0.507103424779244,7.305940350326721
KIR,2015,3.0,0.575806953663838,7.402361728620289
KWT,2015,2.5,0.364457578675469,10.3050186889383
LVA,2015,2.5,0.366959179724403,9.49717022995096
LBN,2015,5.3,0.408331011584624,8.950806398438399
LBR,2015,36.6,0.565063678025369,6.540438312419157
LBY,2015,10.2,0.423752051475676,8.917108149572451
LTU,2015,2.5,0.369055123482001,9.565900974414994
LUX,2015,2.5,0.303678209160099,11.566106096767557
MDG,2015,32.1,0.562992176635886,6.098793280884405
MWI,2015,15.5,0.558479197617155,6.2908380635738395
MYS,2015,3.8,0.379698054809333,9.17457637603625
MLI,2015,5.0,0.60764909601053,6.731161132497182
MLT,2015,2.5,0.326316113004094,10.147597027320035
MRT,2015,6.3,0.562964790827046,7.349198012961096
MUS,2015,6.8,0.443353233563543,9.159875296264444
MEX,2015,3.7,0.382413818226495,9.21246198101164
MNG,2015,10.6,0.386213575831421,8.252946686819639
MNE,2015,2.5,0.37237260631171,8.778201584210636
MAR,2015,3.9,0.387929474482901,8.05396584807324
MOZ,2015,32.6,0.494313719790159,6.414382751168728
MMR,2015,5.5,0.499034539629541,7.0619628618732735
NAM,2015,22.5,0.478229315004604,8.470962116800253
NPL,2015,8.2,0.504916452701541,6.77484499111767
NZL,2015,2.5,0.302907976298061,10.562699705907054
NIC,2015,17.7,0.447618301880381,7.637454329088445
NER,2015,13.7,0.638779038652814,6.185514090947897
NGA,2015,11.1,0.490498339431778,7.857764540382057
MKD,2015,3.6,0.366102359413344,8.568396958460816
NOR,2015,2.5,0.254827773865645,11.222706387774911
OMN,2015,6.8,0.417571641381122,9.842053955046863
PAK,2015,14.2,0.515724272983339,7.230179450828166
PAN,2015,7.1,0.40451737335103,9.552699166644704
PNG,2015,27.6,0.557201947611321,7.817865486648128
PRY,2015,2.5,0.378855414095427,8.679199436438523
PER,2015,5.3,0.418610382819989,8.737406293698061
PHL,2015,12.9,0.47321735750757,7.975859623618142
POL,2015,2.5,0.304872058487951,9.444425606744861
PRT,2015,2.5,0.339079203815226,9.863487163188946
ROU,2015,2.5,0.413314148956138,9.102422977129411
RUS,2015,2.5,0.328923864804837,9.135370444912384
RWA,2015,37.1,0.573004831576779,6.598507162662249
WSM,2015,4.4,0.502501941122815,8.314920529495012
STP,2015,18.1,0.548568532253,7.1686642280408845
SAU,2015,2.7,0.414613559216454,10.054325105243393
SEN,2015,11.1,0.53976353166544,7.104970485658123
SRB,2015,2.5,0.405066633735588,8.669110789661225
SYC,2015,4.9,0.452759943290886,9.637769506651795
SLE,2015,23.2,0.596643178574334,6.87168860673288
SVN,2015,2.5,0.317760159519282,9.937757320976354
SLB,2015,19.0,0.629316972262854,7.623387219473403
ZAF,2015,6.4,0.398014539067049,8.718054131030598
ESP,2015,2.5,0.304096108979646,10.165176266554539
LKA,2015,6.1,0.486210154954436,8.308375491966133
SDN,2015,8.4,0.605123568005821,7.164240479161954
SUR,2015,8.0,0.398878889603552,9.084053196979129
SWE,2015,2.5,0.316566093922572,10.84345482847279
CHE,2015,2.5,0.282400066569062,11.336265223849127
SYR,2015,9.7,0.4704081485239,6.742564113938303
TJK,2015,18.5,0.386570292245911,6.863715938235779
THA,2015,8.2,0.435746265201602,8.646263987300964
TLS,2015,14.8,0.557779401978446,7.18507861477971
TGO,2015,20.0,0.503791232907607,6.621475429734836
TTO,2015,6.7,0.373765778801013,9.897833284042715
TUN,2015,2.9,0.368216218103645,8.29777960932586
TKM,2015,3.6,0.372206410124467,8.658605580417193
UGA,2015,23.8,0.547501550629929,6.760338918057234
UKR,2015,2.5,0.365371598133894,7.647057668097867
ARE,2015,3.5,0.40096175976111,10.681320428542216
URY,2015,2.5,0.393747261204814,9.748347314592769
UZB,2015,2.5,0.353469592143548,7.93851339767426
VUT,2015,7.4,0.596411373982685,7.956790036543091
VNM,2015,8.3,0.467266633111145,7.854601928784033
ZMB,2015,37.3,0.497209141369562,7.166943649325317
ZWE,2015,33.4,0.516161147136235,7.234479124979244
AFG,2016,19.9,0.588403379297684,6.257825076599218
ALB,2016,4.5,0.412314967861303,8.335281657261625
DZA,2016,2.6,0.376073267595752,8.395022233204992
ARG,2016,2.9,0.402707730093365,9.449354305023036
ARM,2016,2.5,0.36261667944711,8.167472515759012
AUT,2016,2.5,0.298561539584274,10.715783488887995
AZE,2016,2.5,0.40266599423888,8.263767022097623
BRB,2016,2.5,0.366827508449087,9.855651799222843
BLR,2016,2.5,0.347060264971145,8.525116838148579
BEL,2016,2.5,0.340900664323307,10.641955787562523
BLZ,2016,6.5,0.45344608503568,8.722986897940574
BEN,2016,9.1,0.585880278601888,6.918234080268521
BIH,2016,2.5,0.346865906193011,8.502803459071167
BWA,2016,20.3,0.436907186564909,8.81715850652203
BRA,2016,2.5,0.369249005498211,9.086621991284124
BGR,2016,4.1,0.353664577431849,8.964759377483547
BFA,2016,13.6,0.53719032146224,6.497894069428423
CPV,2016,16.6,0.419795101962444,8.191176598211477
KHM,2016,7.5,0.490135645212902,7.42368518795844
CMR,2016,4.8,0.484695493403968,7.273592243929721
CAN,2016,2.5,0.282045932704806,10.652874734893194
CAF,2016,28.6,0.581202394246923,5.958879895467099
TCD,2016,25.9,0.655204421725884,6.759060086454947
CHL,2016,3.3,0.339256813077204,9.521483961380758
CHN,2016,2.5,0.386313077048712,9.018558437778536
COL,2016,5.0,0.419760537508253,8.692799334152472
COM,2016,14.0,0.526297371464751,7.219264248082001
CRI,2016,2.5,0.383451806917013,9.400219147640865
HRV,2016,2.5,0.372841906932202,9.45885328744001
CYP,2016,2.5,0.35314027746594,10.115171868767293
CZE,2016,2.5,0.258970224148806,9.839160671497723
DNK,2016,2.5,0.34206134932845,10.90597297208536
DJI,2016,13.1,0.507026326982836,7.828209335231141
DMA,2016,4.6,0.438117493903053,9.082798062696035
DOM,2016,7.4,0.427759656076643,8.876326991264788
ECU,2016,8.8,0.466223289548431,8.685692613228005
SLV,2016,9.1,0.426105627643718,8.269075401208582
EST,2016,2.5,0.337365123766835,9.834478983720828
SWZ,2016,16.2,0.472934189312386,8.083269062264794
ETH,2016,13.6,0.550349978525202,6.54563135169925
FJI,2016,7.2,0.493082342167864,8.587426143486585
FIN,2016,2.5,0.284931894759472,10.679395042685613
FRA,2016,2.5,0.302903776042362,10.519327456288199
GAB,2016,14.1,0.435587623575541,8.80643455339645
GEO,2016,6.5,0.422025482639425,8.329272289152755
DEU,2016,2.5,0.299710708297431,10.668048837145813
GHA,2016,9.4,0.47363775935942,7.5561560628478945
GRC,2016,2.5,0.339587121792143,9.793630422114855
GTM,2016,15.4,0.450096549208834,8.308972131268654
GIN,2016,13.6,0.544141988954736,6.568073009408832
GNB,2016,28.0,0.633352395720118,6.521600598569827
GUY,2016,4.4,0.469224478467527,8.677759516213339
HTI,2016,37.9,0.516792672596686,7.184176193194044
HND,2016,14.2,0.451904203180929,7.74385265469053
HUN,2016,2.5,0.349266429488135,9.489172942419579
ISL,2016,2.5,0.329124725859493,11.034694908967376
IND,2016,12.1,0.507407676737941,7.44279082078555
IDN,2016,7.1,0.468394871479568,8.16663363448735
IRQ,2016,15.7,0.438937367940408,8.37434330798439
IRL,2016,2.5,0.313760108567182,11.069648542906991
ISR,2016,2.5,0.304106288548322,10.536660152357083
ITA,2016,2.5,0.34608286660635,10.35429464189032
JAM,2016,8.0,0.43374580702078,8.519150172727157
JOR,2016,7.4,0.392787456942509,8.290723306510515
KAZ,2016,2.5,0.312964882021052,8.919395233094958
KEN,2016,20.8,0.502010045834136,7.348668675089776
KIR,2016,3.0,0.577534502561957,7.463172547308213
KWT,2016,2.5,0.364080208454773,10.21550933620804
LVA,2016,2.5,0.365716759981622,9.535211769916
LBN,2016,5.6,0.408120920657789,8.998261887411076
LBR,2016,35.7,0.564742265636181,6.571741225782789
LBY,2016,10.7,0.425609834653533,8.926092793968106
LTU,2016,2.5,0.366057686550652,9.611413870001764
LUX,2016,2.5,0.300690923925103,11.57964248847448
MDG,2016,33.3,0.560560809572194,6.118032690503652
MWI,2016,16.3,0.562367476086165,6.110371629699549
MYS,2016,3.7,0.383006491575098,9.156573926934232
MLI,2016,4.9,0.602758778752269,6.771326650186792
MLT,2016,2.5,0.328527094638096,10.183354561984498
MRT,2016,6.5,0.558962150532615,7.356130285047657
MUS,2016,7.1,0.43723837238164,9.206907015833787
MEX,2016,3.7,0.383589815721885,9.115801532054995
MNG,2016,8.9,0.391070259390769,8.19420175301428
MNE,2016,2.5,0.373353897756685,8.853541965189212
MAR,2016,3.7,0.388211825671083,8.052250484073712
MOZ,2016,39.9,0.494692762150824,6.090154769080782
MMR,2016,4.5,0.501738491263495,7.114116499598659
NAM,2016,21.7,0.472744204098145,8.388379285162827
NPL,2016,7.1,0.50022651998929,6.776799372312274
NZL,2016,2.5,0.306129278939065,10.599473687903732
NIC,2016,17.2,0.442697342501268,7.66466898665169
NER,2016,12.7,0.630497689644667,6.220006451869686
NGA,2016,10.7,0.489853259831972,7.635503254770424
MKD,2016,3.5,0.367591218268145,8.630251523427452
NOR,2016,2.5,0.255837330760311,11.16856525387484
OMN,2016,7.2,0.418133122343355,9.747429456599997
PAK,2016,13.3,0.517577893687058,7.26171065662178
PAN,2016,7.0,0.404104590723951,9.60456663761834
PNG,2016,27.8,0.567195551698301,7.747767289443794
PRY,2016,2.5,0.377967965919639,8.6613211772581
PER,2016,5.7,0.41849476256328,8.735048544819481
PHL,2016,11.4,0.471922008718057,8.001420564798059
POL,2016,2.5,0.304287020077528,9.430600739265602
PRT,2016,2.5,0.331574295999,9.902501110494697
ROU,2016,2.5,0.413232432357143,9.148947836627244
RUS,2016,2.5,0.326836001168597,9.066834623656327
RWA,2016,35.8,0.572089477344117,6.59238559660394
WSM,2016,4.6,0.50732788914515,8.33015757530341
STP,2016,18.5,0.550754704591978,7.268829657554485
SAU,2016,2.5,0.414854334091432,10.010893451696953
SEN,2016,10.0,0.536255884223343,7.143964755327409
SRB,2016,2.5,0.404403902901198,8.696572139859216
SYC,2016,4.3,0.447612184216243,9.715167718244599
SLE,2016,24.1,0.601487372724785,6.738645751094961
SVN,2016,2.5,0.31586399044547,9.973379116459535
SLB,2016,18.7,0.632055769169608,7.641386744474654
ZAF,2016,6.6,0.396398148237373,8.639624226440718
ESP,2016,2.5,0.304466877078963,10.19449930475678
LKA,2016,4.5,0.487020844067702,8.330668873241477
SDN,2016,8.9,0.608752198274164,6.94043149120602
SUR,2016,8.6,0.406545881857938,8.638384829980152
SWE,2016,2.5,0.317239696995031,10.855539120012375
CHE,2016,2.5,0.282296173158284,11.316339548751554
SYR,2016,11.5,0.475300282480281,6.486692749000349
TJK,2016,16.1,0.381683306422346,6.670399310203407
THA,2016,7.8,0.435173795677461,8.671385668570714
TLS,2016,14.9,0.558079563654326,7.197093904265923
TGO,2016,20.1,0.505427305671321,6.649737876428532
TTO,2016,7.0,0.367920809900233,9.7670469237746
TUN,2016,2.8,0.368953899119578,8.255257756555089
TKM,2016,3.4,0.371465361169527,8.645934702536955
UGA,2016,30.6,0.544002374206679,6.623662187394344
UKR,2016,2.5,0.364424804088554,7.677150830882293
ARE,2016,3.6,0.399137506752734,10.629256843859979
URY,2016,2.5,0.391574863070466,9.74154248309785
UZB,2016,2.5,0.351275618483288,7.92058435044568
VUT,2016,7.4,0.581457598563506,7.991635057883536
VNM,2016,8.0,0.47030878230909,7.913908812616166
ZMB,2016,35.1,0.496988109886863,7.122128707974946
ZWE,2016,34.3,0.519079573666197,7.249514205067467
AFG,2017,20.4,0.593829094351135,6.264292664193559
ALB,2017,4.4,0.414393459739393,8.436860835138173
DZA,2017,2.6,0.377986572045652,8.423907819012364
AGO,2017,15.2,0.509298158240381,7.798629618282736
ARG,2017,3.2,0.403895553808896,9.584142863628564
ARM,2017,2.5,0.360058152073037,8.26076524415627
AUS,2017,2.5,0.327616763315701,10.894917566024112
AUT,2017,2.5,0.298476532528222,10.76138071065254
AZE,2017,2.5,0.403565986685036,8.330188238782375
BRB,2017,2.5,0.362763830448069,9.888006368568021
BEL,2017,2.5,0.341580793339684,10.692747407539397
BLZ,2017,6.1,0.453212932973945,8.711539275671388
BEN,2017,9.7,0.583574401058511,6.961271477521295
BIH,2017,2.5,0.347346579802012,8.58392053811865
BWA,2017,20.9,0.438752651481545,8.868548975195399
BRA,2017,2.5,0.368032029415449,9.218359064350107
BGR,2017,4.2,0.356912824265622,9.070697692481037
BFA,2017,14.0,0.524013171811851,6.563984623832979
CPV,2017,16.5,0.423352194359674,8.266959933443609
KHM,2017,6.8,0.481736498247165,7.510076863232533
CMR,2017,5.4,0.48239045726342,7.31060999478726
CAN,2017,2.5,0.283117921729112,10.717294252517275
CAF,2017,26.7,0.585537470561245,6.0691753665444095
TCD,2017,26.1,0.651307465368957,6.750471095323443
CHL,2017,3.3,0.339239617375445,9.607767167421903
CHN,2017,2.5,0.38554107240778,9.102719139166227
COL,2017,4.4,0.418251585088095,8.77640361281022
COM,2017,13.5,0.526558916744108,7.261172283102494
CRI,2017,2.5,0.38337589719052,9.4187430303887
HRV,2017,2.5,0.374361190002342,9.539833385274598
CYP,2017,2.5,0.35422872956012,10.192306112730058
CZE,2017,2.5,0.259238382898872,9.948135704318434
DNK,2017,2.5,0.340104009039134,10.959914965244344
DJI,2017,12.7,0.50213025548685,7.870530742976865
DMA,2017,4.9,0.437378895814042,9.01489089578227
DOM,2017,6.7,0.425903278188175,8.910952144496719
ECU,2017,9.5,0.453879578819271,8.737664767859222
SLV,2017,8.4,0.420082615488213,8.29906870194694
EST,2017,2.5,0.336783287963729,9.945182238934962
SWZ,2017,16.3,0.460535486729597,8.256864638069175
ETH,2017,13.0,0.55169499760372,6.614232762861615
FJI,2017,7.5,0.489497466693817,8.670231506153632
FIN,2017,2.5,0.28447535430661,10.738243175594528
FRA,2017,2.5,0.302696238237504,10.563263109278209
GAB,2017,15.3,0.435930868054193,8.842421556445338
GEO,2017,6.6,0.394425791391557,8.393612597077144
DEU,2017,2.5,0.300362551691015,10.726052048572503
GHA,2017,9.5,0.4748216520246,7.607026979528979
GRC,2017,2.5,0.339289253450651,9.832635436560311
GTM,2017,14.6,0.437499187303809,8.372166513372045
GIN,2017,14.0,0.523162813597985,6.725752017556182
GNB,2017,19.8,0.627156256598803,6.66329001005566
GUY,2017,3.4,0.469287482236504,8.728857514776253
HTI,2017,38.7,0.512682848633233,7.2408213295931
HND,2017,13.7,0.455291195108292,7.7886292385558455
HUN,2017,2.5,0.354543568319364,9.598060078716424
ISL,2017,2.5,0.327577649919003,11.18456234683702
IND,2017,11.6,0.497856725598291,7.575638333608506
IDN,2017,6.6,0.465266357459931,8.242462424035642
IRQ,2017,16.1,0.439173526512408,8.467852650962367
IRL,2017,2.5,0.312869720113787,11.187169115389775
ISR,2017,2.5,0.30845632487342,10.624698995872402
ITA,2017,2.5,0.346383542364136,10.399527880336423
JAM,2017,7.6,0.431264094678412,8.567755751139451
JOR,2017,8.0,0.390545095249026,8.31032061873011
KAZ,2017,2.5,0.31397322094425,9.098635793899772
KEN,2017,22.2,0.510521705393835,7.419071465787412
KIR,2017,3.1,0.583760194685839,7.524588871414935
KWT,2017,2.5,0.363982442671131,10.276692987323672
LVA,2017,2.5,0.366032801273666,9.624599752424531
LBN,2017,5.7,0.409978046811551,9.06047177673725
LBR,2017,35.1,0.561443477991704,6.550035640579269
LBY,2017,11.0,0.42380222264703,9.206917758240078
LTU,2017,2.5,0.367645860634219,9.729143154911057
LUX,2017,2.5,0.30327376283152,11.609990593017372
MDG,2017,35.0,0.557930609748016,6.198208047179571
MWI,2017,16.7,0.557586126597229,6.206111470831916
MYS,2017,3.3,0.381047159262423,9.196499838766826
MLI,2017,4.5,0.600515731250375,6.8287743334396165
MLT,2017,2.5,0.332432346221006,10.319471949603294
MRT,2017,6.7,0.561639620698017,7.387092720652573
MUS,2017,7.2,0.43747742174497,9.291153685009531
MEX,2017,3.7,0.384372944100668,9.174638390263155
MNG,2017,8.1,0.365912821041466,8.201376927961304
MNE,2017,2.5,0.37140158002766,8.956527438973701
MAR,2017,3.7,0.385973211813743,8.100624651121448
MOZ,2017,41.6,0.494970818553045,6.154727646128334
MMR,2017,3.8,0.491211791239889,7.148992090245294
NAM,2017,20.6,0.45721279263477,8.545578630435498
NPL,2017,5.9,0.505137399429765,6.941464436250713
NZL,2017,2.5,0.303917581081074,10.66780087198506
NIC,2017,16.3,0.444254072773178,7.6882784329551965
NER,2017,12.0,0.632401411257326,6.257292287626142
NGA,2017,10.8,0.486859524765648,7.53707849431141
MKD,2017,3.2,0.36930758109731,8.69203641947534
NOR,2017,2.5,0.256034605455785,11.24022183221934
OMN,2017,7.2,0.419152903592648,9.788080414875003
PAK,2017,11.5,0.518007728910123,7.3259619311861925
PAN,2017,6.7,0.404233803652863,9.661073878391196
PNG,2017,28.2,0.529891286167263,7.815112348205567
PRY,2017,2.6,0.376131617185636,8.72457592951744
PER,2017,6.2,0.419130102748907,8.815246338461698
PHL,2017,9.7,0.470245686455201,8.01899459335103
POL,2017,2.5,0.306269623397326,9.540603480296335
PRT,2017,2.5,0.323536483262044,9.973124815946102
ROU,2017,2.5,0.412524160505668,9.280610765819814
RUS,2017,2.5,0.324395299099424,9.274151730601806
RWA,2017,33.7,0.573362251261024,6.6310803605809605
WSM,2017,5.1,0.498362483979893,8.368134748698628
STP,2017,18.3,0.547667141877521,7.349741805377325
SAU,2017,2.5,0.41821642261512,10.082858540412923
SEN,2017,8.9,0.538785733145062,7.212888086146427
SRB,2017,2.5,0.405534117204153,8.78692051853683
SYC,2017,3.7,0.434597643282396,9.76883354093278
SLE,2017,24.5,0.604616790218206,6.658249795085124
SVN,2017,2.5,0.316206485028302,10.056340721215133
SLB,2017,18.0,0.623685768180241,7.670230112788508
ZAF,2017,6.4,0.395716292250498,8.797599119196931
ESP,2017,2.5,0.303894974446852,10.253487256138124
LKA,2017,4.1,0.484609200510094,8.389107124501365
SDN,2017,9.8,0.606440467405254,6.873687171646692
SUR,2017,9.3,0.401973249980109,8.707734421536669
SWE,2017,2.5,0.315571984170046,10.883707721247013
CHE,2017,2.5,0.258394163070271,11.317571883590201
SYR,2017,14.2,0.472122472390953,6.74700185506668
TJK,2017,13.9,0.361103195652859,6.720771447837426
THA,2017,7.9,0.436325205146463,8.766096777665318
TLS,2017,15.4,0.547472886131673,7.143757940036006
TGO,2017,20.6,0.504458496691801,6.675527449297096
TTO,2017,7.0,0.367313506615646,9.774439908674658
TUN,2017,2.8,0.370562528743485,8.193961996499317
TKM,2017,3.4,0.371545487290886,8.670511810150751
UGA,2017,35.4,0.541093205618046,6.640161194803116
UKR,2017,2.5,0.367912802404119,7.86491444179836
ARE,2017,3.5,0.399242368566057,10.653501519934048
URY,2017,2.5,0.390644651728059,9.861865772736843
UZB,2017,2.5,0.350539693270788,7.691932636655744
VUT,2017,7.4,0.585403363801086,8.058283178360886
VNM,2017,7.7,0.470672387799729,7.991629467194556
ZMB,2017,33.4,0.495387105042532,7.302136367864217
ZWE,2017,32.8,0.518045813144562,8.145574860783265
AFG,2018,21.3,0.591230783539058,6.197130697311605
ALB,2018,4.3,0.407147343842414,8.58774276029073
DZA,2018,2.5,0.379167030575157,8.428844984934633
ARG,2018,3.5,0.38331499562736,9.371846779892264
ARM,2018,2.5,0.367643118683015,8.341888309605302
AUT,2018,2.5,0.297677048212416,10.843379081364967
AZE,2018,2.5,0.401345007788368,8.463749019726647
BGD,2018,13.4,0.528898395231602,7.583371550868579
BRB,2018,2.5,0.371310350436335,9.906279445113087
BEL,2018,2.5,0.34428605662023,10.76821569143367
BLZ,2018,5.8,0.452461522841639,8.70471477059523
BEN,2018,10.5,0.584776065066707,7.04902996384364
BIH,2018,2.5,0.343136653112688,8.707457428548297
BWA,2018,22.1,0.423715601790778,8.910310295940839
BRA,2018,2.5,0.367247171402822,9.137840821689386
BGR,2018,3.4,0.334170668507611,9.19749675246414
BFA,2018,14.0,0.520569239227855,6.6560394225149215
CPV,2018,15.5,0.425442579510421,8.36519870874094
KHM,2018,6.3,0.481936611886619,7.619073253998369
CMR,2018,6.0,0.485821328226616,7.384421920918873
CAN,2018,2.5,0.284672258179706,10.748049734874089
CAF,2018,25.3,0.586757400789239,6.120833457365551
TCD,2018,26.7,0.649153960782249,6.855046910028915
CHL,2018,3.1,0.333659485202075,9.658831818775825
CHN,2018,2.5,0.384793183173222,9.21887027022332
COL,2018,4.2,0.416909240913085,8.827170104063562
COM,2018,13.1,0.524422172197416,7.339999487025089
CRI,2018,2.5,0.381847074181903,9.440677934480254
HRV,2018,2.5,0.373900373572507,9.646038380610019
CYP,2018,2.5,0.354691649363559,10.295529178424376
CZE,2018,2.5,0.258914244528229,10.07348063255074
DNK,2018,2.5,0.343344658223717,11.023939061611191
DJI,2018,12.6,0.488783056847773,7.907682274149238
DMA,2018,5.5,0.434239174848604,9.128621351970367
DOM,2018,5.9,0.426134364157295,8.972461565044354
ECU,2018,10.4,0.451015086869663,8.748926761306318
SLV,2018,7.6,0.419965488050711,8.338914541381254
EST,2018,2.5,0.335728235951526,10.069770175776512
SWZ,2018,15.0,0.464187582649331,8.287393398731325
ETH,2018,14.1,0.54253096790372,6.617360201220894
FJI,2018,7.3,0.493014818508242,8.713650991514301
FIN,2018,2.5,0.28449871078289,10.812839259033648
FRA,2018,2.5,0.301001116953221,10.631475112939684
GAB,2018,16.4,0.436592504599892,8.939092845953938
GEO,2018,6.4,0.392157613739675,8.477215549505885
DEU,2018,2.5,0.300053060063851,10.797018422661447
GHA,2018,8.8,0.466358746050564,7.694083856988851
GRC,2018,2.5,0.338960436194739,9.897137509816558
GTM,2018,14.3,0.4344969954144,8.378608255215054
GIN,2018,14.0,0.527054100979047,6.8386984221985685
GNB,2018,13.6,0.626702006835311,6.695219779326951
GUY,2018,3.1,0.4640069537191,8.707546899245747
HTI,2018,40.3,0.51091510246039,7.31080446423179
HND,2018,13.2,0.447978757701774,7.80980201117464
HUN,2018,2.5,0.354356508249191,9.717462569588667
ISL,2018,2.5,0.326665029356254,11.217912440945767
IND,2018,10.6,0.491288596322456,7.583885769292524
IDN,2018,6.0,0.461336872108663,8.258669460684754
IRQ,2018,16.0,0.432772933070985,8.638824691468628
IRL,2018,2.5,0.317533233892465,11.298976549185339
ISR,2018,2.5,0.306393343559752,10.654022717363455
ITA,2018,2.5,0.346286127497558,10.460359814511666
JAM,2018,7.3,0.429460151018518,8.62660411861744
JOR,2018,9.2,0.389280797692938,8.32976418901495
KAZ,2018,2.5,0.315794732881006,9.156146588209845
KEN,2018,23.6,0.509340561322099,7.515591139521756
KIR,2018,3.2,0.593515429369866,7.556291051432737
KWT,2018,2.5,0.363928532076481,10.375612753685516
LVA,2018,2.5,0.366192873144487,9.75569327209736
LBN,2018,5.5,0.403219441270633,9.124187171598292
LBR,2018,34.9,0.558825080965714,6.539879448859046
LBY,2018,11.4,0.420848999066736,9.32336414304124
LTU,2018,2.5,0.371307950667351,9.865122513103078
LUX,2018,2.5,0.307782445218827,11.669303031391737
MDG,2018,36.0,0.556433304605233,6.215522051697948
MWI,2018,17.6,0.554563068922545,6.278902540437449
MYS,2018,3.1,0.380606429654715,9.296683375236038
MLI,2018,4.6,0.598208739198538,6.904128000491313
MLT,2018,2.5,0.333565672288326,10.415780132303746
MRT,2018,6.6,0.55712734035573,7.451784678388348
MUS,2018,7.3,0.437449615364854,9.362499979180026
MEX,2018,3.7,0.384261778402569,9.218783999546364
MNG,2018,6.8,0.361012806076537,8.3206046357421
MNE,2018,2.5,0.365174984502244,9.081470272472997
MAR,2018,3.5,0.370643295821419,8.161003272133136
MOZ,2018,38.3,0.492964879829689,6.249023554525365
MMR,2018,3.5,0.498560861060093,7.168744061914515
NAM,2018,20.0,0.471991095958088,8.577084958235245
NPL,2018,4.9,0.489990448056183,7.072590191637622
NZL,2018,2.5,0.303696156852219,10.674916127272361
NIC,2018,15.6,0.441915124836217,7.6183324183563705
NER,2018,11.1,0.634311755800652,6.360556146772828
NGA,2018,11.5,0.480405365268941,7.629431336223453
MKD,2018,2.9,0.373478758269516,8.811948577001
NOR,2018,2.5,0.256872362189541,11.324096895952724
OMN,2018,7.0,0.420923627376825,9.898563527608998
PAK,2018,11.7,0.51763029206339,7.35840924657028
PAN,2018,5.8,0.405026190469971,9.689757513994708
PNG,2018,28.3,0.53979498279377,7.8502470802170405
PRY,2018,2.6,0.373578020527405,8.741687816244973
PER,2018,6.5,0.419396288086282,8.85058801415107
PHL,2018,7.8,0.467591301042969,8.06101684036853
POL,2018,2.5,0.306145325695153,9.658750696521182
PRT,2018,2.5,0.321469817580837,10.066504812416667
ROU,2018,2.5,0.411523601412906,9.433664899408706
RUS,2018,2.5,0.32284998645368,9.324729895762207
RWA,2018,31.9,0.570574828003403,6.648691127521927
WSM,2018,4.9,0.488342397421761,8.350386044097812
STP,2018,17.9,0.546105697564958,7.5096638243858775
SAU,2018,2.5,0.416912528746994,10.287390727169278
SEN,2018,8.0,0.538522117571205,7.281080128684835
SRB,2018,2.5,0.428303729515943,8.930608169730212
SYC,2018,3.3,0.434999299281167,9.822290189334442
SLE,2018,26.0,0.602029703729443,6.740418338500136
SVN,2018,2.5,0.315457332050774,10.161536678113812
SLB,2018,17.9,0.610352980973044,7.731143718980521
ZAF,2018,6.1,0.397539192450871,8.84132936961601
ESP,2018,2.5,0.302901505308998,10.328834411872553
LKA,2018,5.0,0.47416149281975,8.379897226601495
SDN,2018,10.3,0.612661533232782,6.594451031985538
SUR,2018,9.3,0.398258414931215,8.80473652495258
SWE,2018,2.5,0.316576297489459,10.900102312105146
CHE,2018,2.5,0.256483648587123,11.35296055531743
SYR,2018,18.5,0.469796444975856,7.001306516604893
TJK,2018,12.2,0.346071372068951,6.7265791514281315
THA,2018,8.1,0.438095239210679,8.86781858377543
TLS,2018,16.2,0.552181614180662,7.106168334766086
TGO,2018,20.4,0.498122048486336,6.746565826387355
TTO,2018,7.1,0.364700093642464,9.774278478579381
TUN,2018,2.6,0.373476642276695,8.196465384322503
TKM,2018,3.4,0.372243896067894,8.72014247572357
UGA,2018,35.5,0.534134912333105,6.674770587391278
UKR,2018,2.6,0.369664291869611,8.025860263854936
ARE,2018,3.4,0.39884697433587,10.729631604872843
URY,2018,2.5,0.383987575322915,9.865263247126737
UZB,2018,2.5,0.355223466760842,7.502785263225715
VUT,2018,7.4,0.584332525332211,8.072984392364294
VNM,2018,7.3,0.466931755500082,8.07785378233981
ZMB,2018,31.8,0.494953510406787,7.288859371528776
ZWE,2018,30.9,0.513800278705801,7.728350858569164
AFG,2019,22.6,0.587843436099682,6.207789915869446
ALB,2019,4.3,0.401351320918995,8.605282913376637
DZA,2019,2.5,0.381465377316674,8.404797636427078
ARG,2019,3.7,0.381364588553903,9.205928131021869
ARM,2019,2.5,0.368526793861459,8.433208982253502
AUS,2019,2.5,0.313562157614812,10.91459200988416
AUT,2019,2.5,0.298257250768928,10.817495575722525
AZE,2019,2.5,0.400610651992998,8.477569170218306
BGD,2019,12.0,0.529206492636317,7.663782873754545
BRB,2019,2.5,0.372169283391949,9.932256070674825
BEL,2019,2.5,0.335382000287438,10.75185532779159
BLZ,2019,5.3,0.458243586868228,8.730698107617082
BEN,2019,11.4,0.57994618108686,7.03069950908468
BIH,2019,2.5,0.344722814219725,8.71970542848646
BWA,2019,22.1,0.42892865849849,8.877952322767555
BRA,2019,2.5,0.368938813790823,9.108289181878517
BGR,2019,3.1,0.334079817248937,9.246942701895517
BFA,2019,14.5,0.51822331957572,6.6396837601854255
CPV,2019,14.8,0.418785405625635,8.384982337539077
KHM,2019,5.6,0.481777382470174,7.707906298889181
CMR,2019,6.2,0.484616507811948,7.3493765405330835
CAN,2019,2.5,0.283846146718464,10.744038475108562
CAF,2019,24.4,0.579038747119261,6.107531594859889
TCD,2019,28.1,0.64958235224246,6.794963264282223
CHL,2019,3.0,0.332626090125988,9.581608486265589
CHN,2019,2.5,0.3839722303205,9.244055665042044
COL,2019,4.2,0.406086197469698,8.77532473350093
COM,2019,13.2,0.533642172827941,7.325981196043221
CRI,2019,2.5,0.38113506063617,9.46379475299477
HRV,2019,2.5,0.375299374311101,9.652704059409055
CYP,2019,2.5,0.355346793614322,10.299005105177898
CZE,2019,2.5,0.261474647531148,10.088418992342875
DNK,2019,2.5,0.34787146155068,10.992121326420907
DJI,2019,12.2,0.486542535983138,7.950562011253851
DMA,2019,5.5,0.43156686511295,9.158115060197826
DOM,2019,5.6,0.427045463588311,9.009816094639277
ECU,2019,11.3,0.449121500585503,8.733119988887672
SLV,2019,6.8,0.422757952425856,8.371037698314458
EST,2019,2.5,0.334983345561968,10.086694140130202
SWZ,2019,13.4,0.458208825453945,8.272091934413389
ETH,2019,16.1,0.530498131316866,6.719869165346455
FJI,2019,6.4,0.451498407858179,8.691285760887101
FIN,2019,2.5,0.284531791581487,10.78639068568719
FRA,2019,2.5,0.30329510576886,10.606790113654695
GAB,2019,17.5,0.435159642298578,8.914784535606321
GEO,2019,5.4,0.417783692486899,8.464063110450166
DEU,2019,2.5,0.300726822629741,10.771089292879868
GHA,2019,7.5,0.450288508203555,7.690129733579404
GRC,2019,2.5,0.339426719097595,9.869690833311724
GTM,2019,14.0,0.442524667216848,8.414495250530708
GIN,2019,13.4,0.524382901178135,6.938615626862378
GNB,2019,12.4,0.622076076096782,6.693850821583785
GUY,2019,2.9,0.460032491996101,8.764962923369191
HTI,2019,41.2,0.509849703971177,7.20946749844469
HND,2019,13.1,0.447907438338246,7.824976555077984
HUN,2019,2.5,0.356792574741789,9.741724799142766
ISL,2019,2.5,0.324760950320565,11.133891499621383
IND,2019,10.5,0.489155037394799,7.621405153982032
IDN,2019,6.0,0.435415077187076,8.320435589311186
IRQ,2019,15.8,0.437093235414415,8.643271832226084
IRL,2019,2.5,0.313578466866762,11.31215711932884
ISR,2019,2.5,0.309290108193948,10.697624918420328
ITA,2019,2.5,0.347572019041608,10.428594374550325
JAM,2019,6.3,0.428602583472617,8.63181443256043
JOR,2019,10.6,0.363840191083217,8.335698748552389
KAZ,2019,2.5,0.316895586342123,9.154523825889365
KEN,2019,22.9,0.503060940822604,7.580907938995525
KIR,2019,3.6,0.546021388047405,7.467941029538858
KWT,2019,2.5,0.362667605007166,10.364320312193465
LVA,2019,2.5,0.366252654775584,9.758171285122588
LBN,2019,5.6,0.392589510766371,9.094467017901259
LBR,2019,35.3,0.554204409538648,6.489454415050459
LBY,2019,11.9,0.417916398847252,9.206653071315426
LTU,2019,2.5,0.370669522797368,9.883733438185496
LUX,2019,2.5,0.307242988384219,11.632454966308753
MDG,2019,37.5,0.559621079679443,6.214245708011786
MWI,2019,18.3,0.556768368153824,6.3645610935429975
MYS,2019,2.9,0.374089712791532,9.298368809948004
MLI,2019,4.6,0.587369837716638,6.879303661782198
MLT,2019,2.5,0.331423846310407,10.386589953790194
MRT,2019,6.5,0.557229847303515,7.477079620664377
MUS,2019,7.1,0.435798420445558,9.34165392588199
MEX,2019,3.6,0.385954282410839,9.246629422630924
MNG,2019,6.2,0.350603232502162,8.377366850691757
MNE,2019,2.5,0.36559408836757,9.087323257190063
MAR,2019,3.6,0.3663515310315,8.162829191260244
MOZ,2019,32.5,0.493696258130162,6.2520821927275625
MMR,2019,3.4,0.500722761257205,7.262621267229979
NAM,2019,19.2,0.471113637874608,8.462086536853176
NPL,2019,4.5,0.477679024590749,7.092692534405107
NZL,2019,2.5,0.304369305282135,10.66380797911786
NIC,2019,15.5,0.443047130721158,7.579995685693672
NER,2019,10.9,0.632172292951526,6.330952418467333
NGA,2019,12.1,0.48323744397436,7.725398560351123
MKD,2019,2.6,0.370800404566671,8.81267351824232
NOR,2019,2.5,0.256705097134546,11.244138273916175
OMN,2019,6.3,0.423051959972855,9.861633067643591
PAK,2019,10.9,0.506951247587565,7.237358916273659
PAN,2019,5.0,0.405059087388519,9.709775770429617
PNG,2019,28.5,0.550290284670532,7.853904861827813
PRY,2019,2.7,0.373138502268757,8.669258612113062
PER,2019,6.0,0.415062472602087,8.858938364061398
PHL,2019,6.4,0.458656257994649,8.131762888846074
POL,2019,2.5,0.30508687275089,9.672470716417932
PRT,2019,2.5,0.319535945533368,10.058067978452309
ROU,2019,2.5,0.413188965833433,9.472091572440442
RUS,2019,2.5,0.322657723657281,9.345544217809904
RWA,2019,32.7,0.567434961574645,6.697097717426748
WSM,2019,4.7,0.488084481190999,8.378377541535597
STP,2019,17.8,0.54579983483221,7.568014109056194
SAU,2019,2.5,0.387575913064142,10.294407165395246
SEN,2019,7.1,0.534732833405761,7.2662554586892565
SRB,2019,2.5,0.428183956787165,8.956174695288947
SYC,2019,3.0,0.431714580513444,9.859614652188395
SLE,2019,27.0,0.601543158953183,6.738211207539518
SVN,2019,2.5,0.315388844374845,10.158678795236376
SLB,2019,18.0,0.638168219135905,7.706912026038878
ZAF,2019,6.4,0.397174617695005,8.784730393193524
ESP,2019,2.5,0.303271389379362,10.301811374547727
LKA,2019,5.3,0.462243603722956,8.314329537609215
SDN,2019,10.8,0.602106332360783,6.565230153600711
SUR,2019,9.0,0.40111826684644,8.799309969177017
SWE,2019,2.5,0.317317830227909,10.854624954135216
CHE,2019,2.5,0.256238797287465,11.340022585216989
SYR,2019,22.8,0.467012089637526,7.011700127380202
TJK,2019,10.3,0.343692576097024,6.769667663014971
THA,2019,7.6,0.43736761495657,8.936652795236206
TLS,2019,16.3,0.552068765840676,7.353955709490042
TGO,2019,19.7,0.495306940192048,6.716910285606083
TTO,2019,7.2,0.372842690728015,9.758084426773369
TUN,2019,2.5,0.374378225582761,8.168733589827553
TKM,2019,3.5,0.371322147600708,8.802076585628427
UGA,2019,35.9,0.531079098504703,6.711948585234258
UKR,2019,3.0,0.369554022931565,8.194191064383034
ARE,2019,2.9,0.397903357463681,10.697643511814364
URY,2019,2.5,0.375626576138855,9.815515625165808
UZB,2019,2.5,0.355007499668333,7.621383683644413
VUT,2019,7.6,0.580483843741016,8.07323041810311
VNM,2019,6.9,0.470492856158352,8.143488417802308
ZMB,2019,31.5,0.489835319244313,7.138062071668629
ZWE,2019,31.0,0.505822383876541,7.428875611429954
AFG,2020,25.1,0.582315266487911,6.235952797617645
ALB,2020,4.3,0.395254408098606,8.588727962789456
DZA,2020,2.5,0.358462514119565,8.227787488311003
ARG,2020,3.6,0.379582170427316,9.052000858895653
ARM,2020,2.5,0.370647590595447,8.359060143521052
AUT,2020,2.5,0.293809067480789,10.793771211040454
AZE,2020,2.5,0.402296116571452,8.349936148660023
BGD,2020,10.9,0.528183627327675,7.718174603952346
BRB,2020,2.8,0.372416837395272,9.817227397659705
BEL,2020,2.5,0.334969174860605,10.734357370992296
BLZ,2020,5.0,0.459953583453054,8.56162982372441
BEN,2020,11.8,0.574438585217661,7.090238711266231
BIH,2020,2.5,0.34429718398682,8.721000815968733
BWA,2020,22.8,0.427282592121424,8.751996107097204
BRA,2020,2.5,0.368474971010616,8.864208763138661
BGR,2020,3.0,0.334282923649361,9.284514901980868
BFA,2020,14.3,0.521637813046896,6.715670664802603
CPV,2020,13.4,0.426105779833532,8.171663511209541
KHM,2020,5.4,0.482008048986107,7.64095894950458
CMR,2020,6.1,0.482893094688844,7.3496189850297755
CAN,2020,2.5,0.283558443300829,10.68138570790037
CAF,2020,25.2,0.58011051530741,6.137465834861335
TCD,2020,29.8,0.640172375853037,6.764978784531204
CHL,2020,2.7,0.333157100552715,9.48149782209486
CHN,2020,2.5,0.383590366160879,9.271196853872112
COL,2020,4.1,0.406469207944245,8.582922337274953
COM,2020,13.5,0.526176290338831,7.331171569021749
CRI,2020,2.5,0.377877502488867,9.424971749066426
HRV,2020,2.5,0.374130817488851,9.60295405439342
CYP,2020,2.5,0.355975378021274,10.262874362913871
CZE,2020,2.5,0.261930386054076,10.063601483022085
DNK,2020,2.5,0.348777851375636,11.018391222398016
DJI,2020,11.9,0.492387514604481,7.953279015902467
DMA,2020,5.5,0.452245989126417,8.965430190391503
DOM,2020,6.1,0.427067381439144,8.872798746320544
ECU,2020,12.7,0.462381541463569,8.605871456514745
SLV,2020,6.8,0.419508084286119,8.293347592683672
EST,2020,2.5,0.335782799608274,10.083055068025153
SWZ,2020,11.7,0.454647745470973,8.147515279098254
ETH,2020,18.5,0.530899900582751,6.808280916169574
FJI,2020,5.6,0.450033303144246,8.485583068592842
FIN,2020,2.5,0.283522843609008,10.796073220102286
FRA,2020,2.5,0.30235527872919,10.575662867809294
GAB,2020,18.6,0.447515955929616,8.795703853885234
GEO,2020,5.3,0.394872811578432,8.366569587151373
DEU,2020,2.5,0.299449544528448,10.765950521907925
GHA,2020,6.6,0.450118941605553,7.694144509785387
GRC,2020,2.5,0.337701141135621,9.791814553077758
GTM,2020,14.0,0.444173628515658,8.406846402258568
GIN,2020,12.5,0.523691331178741,6.9600260236254465
GNB,2020,13.1,0.626876920781622,6.728948315846719
GUY,2020,2.7,0.432243067052343,8.821099347419706
HTI,2020,42.6,0.510701832457002,7.162649703280781
HND,2020,13.5,0.449930025737947,7.743969778005341
HUN,2020,2.5,0.353562651392138,9.704239398689388
ISL,2020,2.5,0.322874515074335,10.985692072740102
IND,2020,11.8,0.48869332276509,7.553308900253144
IDN,2020,6.4,0.433889961873767,8.256789754082872
IRQ,2020,15.4,0.436629305452447,8.365250943157374
IRL,2020,2.5,0.310103621124889,11.369314953684096
ISR,2020,2.5,0.301807943509641,10.704941272812786
ITA,2020,2.5,0.345982289338979,10.376346060925364
JAM,2020,6.7,0.427775665388445,8.492785790984428
JOR,2020,12.8,0.366987768240225,8.29954454930158
KAZ,2020,2.5,0.323113712247513,9.080403423348137
KEN,2020,23.7,0.501027549974578,7.564064492338477
KIR,2020,4.1,0.581202639047021,7.4683890170335205
KWT,2020,2.5,0.36631503152348,10.136029819306689
LVA,2020,2.5,0.365878712144315,9.773619849251702
LBN,2020,7.1,0.400321787922568,8.623567693326915
LBR,2020,36.6,0.542803418868902,6.424525151184561
LBY,2020,13.2,0.416571853811644,8.802422975342925
LTU,2020,2.5,0.369678958836297,9.924693499411738
LUX,2020,2.5,0.30823069807938,11.66873215718627
MDG,2020,38.9,0.559782235908273,6.110960814791712
MWI,2020,19.3,0.555590446623582,6.401100077198333
MYS,2020,2.8,0.369015610428239,9.206083952961045
MLI,2020,4.8,0.568332658472025,6.85986979592084
MLT,2020,2.5,0.32565709835759,10.368277501090047
MRT,2020,6.6,0.558666433289015,7.49318616881671
MUS,2020,7.6,0.409486296445023,9.106206091345923
MEX,2020,3.4,0.383681839903552,9.087185895428775
MNG,2020,5.1,0.351227568538759,8.294362573827419
MNE,2020,2.5,0.361988140209549,8.937563786596684
MAR,2020,4.1,0.367890895438637,8.091942719534753
MOZ,2020,28.3,0.494780371136377,6.136503576958184
MMR,2020,3.2,0.505302760934705,7.3066769155217015
NAM,2020,18.9,0.460257031741851,8.263226920663014
NPL,2020,4.6,0.484707402872627,7.051175890503701
NZL,2020,2.5,0.304090232119636,10.64186906678741
NIC,2020,15.7,0.443666824280913,7.56964244053661
NER,2020,10.1,0.636210209976432,6.362187225546872
NGA,2020,14.3,0.482534841638638,7.610683005320323
MKD,2020,2.8,0.371385804723928,8.803814177721337
NOR,2020,2.5,0.256963602052848,11.132250790570772
OMN,2020,5.9,0.423851556555285,9.728232751085104
PAK,2020,12.9,0.508462553338375,7.153362503724633
PAN,2020,4.5,0.406154625171401,9.49480935057307
PNG,2020,28.2,0.53924634882507,7.795486583564515
PRY,2020,3.1,0.374132933629259,8.58773966744731
PER,2020,6.2,0.408116465747984,8.72149238168389
PHL,2020,5.8,0.454175973843537,8.079487631282424
POL,2020,2.5,0.304681661602221,9.689732856468034
PRT,2020,2.5,0.316340230191361,10.012315248850163
ROU,2020,2.5,0.412755130304206,9.479015500672247
RUS,2020,2.5,0.326653672211931,9.221114833282865
RWA,2020,35.6,0.565626884531712,6.657627787311293
WSM,2020,4.5,0.488683518957759,8.318659344551882
STP,2020,16.9,0.546199310088072,7.681200527517286
SAU,2020,2.5,0.386648295840214,10.099828326361589
SEN,2020,6.2,0.533817927914738,7.286936097516032
SRB,2020,2.5,0.422735956411257,8.999460013979633
SYC,2020,2.7,0.430736741781005,9.549770758059902
SLE,2020,27.8,0.601727343362444,6.740499163521155
SVN,2020,2.5,0.312692634739701,10.142192006931191
SLB,2020,19.0,0.598139487678856,7.6320769535306185
ZAF,2020,7.2,0.396480621339519,8.627052262917106
ESP,2020,2.5,0.299874207624524,10.21221936571773
LKA,2020,3.8,0.449226418157685,8.255205214152497
SDN,2020,10.8,0.601558835885565,6.3592195274420815
SUR,2020,8.7,0.401002065662521,8.467034456773764
SWE,2020,2.5,0.31860230526687,10.871492865319274
CHE,2020,2.5,0.255350560803248,11.360913314087094
SYR,2020,27.4,0.471428527060601,6.349759934624389
TJK,2020,9.7,0.353171580441205,6.726607092073161
THA,2020,6.8,0.435071969016694,8.851612456264517
TLS,2020,17.0,0.553271435414627,7.396868516773247
TGO,2020,18.2,0.498821310512824,6.7494371845070615
TTO,2020,8.6,0.37457124081302,9.639447869663647
TUN,2020,2.5,0.375583586595581,8.174323553248167
TKM,2020,3.6,0.372484069419212,8.793703308367258
UGA,2020,33.1,0.535529791665836,6.740243274039494
UKR,2020,3.8,0.367944131949858,8.218724966904833
ARE,2020,2.8,0.384470576615922,10.52336151960801
URY,2020,2.5,0.371738954870943,9.665073980599557
UZB,2020,2.5,0.356543026752724,7.589983321443543
VUT,2020,7.9,0.551030620181952,8.02059491590275
VNM,2020,6.4,0.476911223787016,8.170196839808145
ZMB,2020,32.1,0.488454398332421,6.8581913480211325
ZWE,2020,30.0,0.507918458404159,7.456139029000409
AFG,2021,27.5,0.586000121796016,5.876323620207197
ALB,2021,5.4,0.383450140960649,8.766126557394573
DZA,2021,2.5,0.369851629849208,8.333404783490614
ARM,2021,2.5,0.364062261182347,8.452159608296522
AUT,2021,2.5,0.291540762810979,10.890212872176884
AZE,2021,2.5,0.402988104884766,8.595643003736127
BGD,2021,10.8,0.557245693286426,7.817162041993389
BRB,2021,3.4,0.374166210923063,9.836106910813175
BEL,2021,2.5,0.332161747237053,10.852404964151159
BLZ,2021,5.0,0.461336580967266,8.719744014189157
BEN,2021,11.7,0.577656737259558,7.184364963974831
BIH,2021,2.5,0.34364963224281,8.894991591319256
BWA,2021,22.8,0.428231328141834,8.962889776683754
BRA,2021,2.8,0.369145797647028,8.98375799590903
BGR,2021,2.8,0.330291481287015,9.47056522149594
BFA,2021,14.9,0.520739386451671,6.797421627137521
CPV,2021,12.6,0.416600076835399,8.286885058681952
KHM,2021,5.6,0.488526510657537,7.681285067282272
CMR,2021,5.9,0.488229140667947,7.421971093596723
CAN,2021,2.5,0.282427890585361,10.875906443090255
CAF,2021,26.6,0.581292458304027,6.199013416666125
TCD,2021,30.1,0.635523495050601,6.852621461542517
CHL,2021,2.5,0.333731088512827,9.693188194608823
CHN,2021,2.5,0.382330265337932,9.464008140867122
COL,2021,4.2,0.405245079808042,8.735946583102677
COM,2021,14.3,0.535308039212519,7.370060530370928
CRI,2021,2.5,0.37827616122363,9.460174035035275
HRV,2021,2.5,0.377992936273298,9.786387872483171
CYP,2021,2.5,0.358072970017657,10.426262551978144
CZE,2021,2.5,0.263210322604168,10.229059956680212
DNK,2021,2.5,0.344978014183676,11.152357056578962
DJI,2021,12.0,0.50792242645261,8.014967569442286
DMA,2021,5.2,0.459502381150573,9.033174001316079
DOM,2021,5.9,0.428546515332269,9.05100173126772
ECU,2021,13.4,0.461592686353266,8.709683454857418
SLV,2021,6.6,0.418660494785951,8.443031433726683
EST,2021,2.5,0.334520464005268,10.238307246711367
SWZ,2021,11.4,0.454552619478162,8.285588604413993
ETH,2021,20.3,0.532611288961892,6.814485691534289
FJI,2021,6.2,0.452949667808735,8.454502783213977
FIN,2021,2.5,0.281034425922063,10.879915919715371
FRA,2021,2.5,0.302884938058303,10.685677585810422
GAB,2021,19.7,0.43941679086644,9.009619681428562
GEO,2021,5.1,0.39364148904193,8.533776319101591
DEU,2021,2.5,0.299430638931335,10.86409472614328
GHA,2021,5.7,0.448334764572771,7.801876728359405
GRC,2021,2.5,0.33396386605735,9.935698184890448
GTM,2021,13.5,0.443482530347802,8.499563142832118
GIN,2021,11.1,0.534581540869765,7.126863101510255
GNB,2021,16.7,0.620322540841358,6.816170665790237
GUY,2021,2.5,0.427878931046517,9.196329694041983
HTI,2021,43.6,0.511302151326281,7.515041660811512
HND,2021,13.7,0.447611300977317,7.913940649430753
HUN,2021,2.5,0.349922842451094,9.853804967119558
ISL,2021,2.5,0.322693358959764,11.144444022035852
IND,2021,13.4,0.485810594442206,7.7140587387714135
IDN,2021,6.6,0.430499652006534,8.363382852988169
IRQ,2021,15.1,0.43656400830816,8.490539991846253
IRL,2021,2.5,0.314681557117075,11.551780499258152
ISR,2021,2.5,0.293441291235447,10.864195166835684
ITA,2021,2.5,0.346229971492371,10.514679892292794
JAM,2021,7.0,0.427000348531363,8.549725785281918
JOR,2021,15.2,0.370204214578001,8.33890349173629
KAZ,2021,2.5,0.321243567724146,9.208699129451098
KEN,2021,26.3,0.500604403886788,7.631119404818203
KIR,2021,4.5,0.569275793311534,7.706184704942429
KWT,2021,2.5,0.364224852539487,10.434663720757353
LVA,2021,2.5,0.361878334631761,9.91649700045097
LBN,2021,9.1,0.401558507213316,8.305329262961486
LBR,2021,37.5,0.543461479736939,6.50423743144568
LBY,2021,14.5,0.417314585463507,8.504275693319578
LTU,2021,2.5,0.365135568681147,10.08039696863115
LUX,2021,2.5,0.307571072543392,11.812776806408214
MDG,2021,40.6,0.560725603409186,6.180988155404251
MWI,2021,19.9,0.551880779589788,6.42559407833584
MYS,2021,2.7,0.366450810684965,9.29680349927551
MLI,2021,4.7,0.573314401933221,6.934663438998207
MLT,2021,2.5,0.321663438726936,10.547059812683587
MRT,2021,7.0,0.566240435346283,7.574450256494497
MUS,2021,7.5,0.409651226142841,9.112614306518125
MEX,2021,3.1,0.384418019178988,9.241262387590682
MNG,2021,4.3,0.35193869374302,8.415739651399244
MNE,2021,2.5,0.364811149032423,9.146067287303225
MAR,2021,5.3,0.367810437024622,8.239048501014024
MOZ,2021,25.8,0.495192645635199,6.234229982866839
MMR,2021,3.7,0.515348157477337,7.1250588863271105
NAM,2021,18.5,0.459202894303039,8.392272748050816
NPL,2021,5.0,0.490652207174852,7.133097026348016
NZL,2021,2.5,0.303710150251254,10.81354888461618
NIC,2021,16.6,0.442803772803319,7.6678065639305375
NER,2021,10.9,0.636363994623754,6.41136239960404
NGA,2021,15.8,0.484804107635121,7.609502802747715
MKD,2021,2.8,0.374199336804587,8.93863701973987
NOR,2021,2.5,0.256395531638302,11.441138255583216
OMN,2021,5.8,0.423313604056039,9.873206680490004
PAK,2021,13.4,0.511647290668511,7.282980553274667
PAN,2021,4.8,0.409354244055769,9.64922780676868
PNG,2021,28.3,0.550574188251041,7.866177337424975
PRY,2021,3.4,0.374896258237954,8.69566263800118
PER,2021,6.3,0.410462562088861,8.828523803234523
PHL,2021,5.2,0.448997693509986,8.156047106472293
POL,2021,2.5,0.302889721470088,9.83282411936186
PRT,2021,2.5,0.316408592726151,10.1150220186755
ROU,2021,2.5,0.415390094291842,9.614924124499753
RUS,2021,2.5,0.325797704660565,9.427468208859434
RWA,2021,34.7,0.566805804122829,6.72087717162877
WSM,2021,4.4,0.492083987133876,8.280874522921325
STP,2021,15.9,0.545186608693283,7.76751302268301
SAU,2021,2.5,0.40993711328321,10.371012028894215
SEN,2021,5.3,0.534453578561796,7.3765749385640325
SRB,2021,2.5,0.420856628020356,9.177871722248542
SYC,2021,2.5,0.434575935977504,9.614665573889853
SLE,2021,27.5,0.596662978297744,6.786934691124157
SVN,2021,2.5,0.313499717908296,10.28149133929323
SLB,2021,20.6,0.60450650189229,7.599336117365149
ZAF,2021,8.6,0.396159191866837,8.831039878219144
ESP,2021,2.5,0.300303353237357,10.335253007576831
LKA,2021,3.3,0.457213922314767,8.293289951649086
SDN,2021,11.1,0.606149535874464,6.568249258075882
SUR,2021,9.0,0.404050658433107,8.523145120579768
SWE,2021,2.5,0.315825700709649,11.021493365573706
CHE,2021,2.5,0.252527009439457,11.447477449510572
SYR,2021,30.6,0.479574669608803,6.497701025395718
TJK,2021,9.1,0.355796530971016,6.798774945651387
THA,2021,6.0,0.43431092402032,8.861804720802564
TLS,2021,17.5,0.552838320959212,7.895371581698195
TGO,2021,15.9,0.498718011658204,6.8454684861726145
TTO,2021,10.2,0.374425098592601,9.780143026077148
TUN,2021,2.8,0.37561529692514,8.270509549296639
TKM,2021,3.6,0.372539908125288,8.860953393439862
UGA,2021,33.1,0.53752987294397,6.783089292193123
UKR,2021,4.3,0.368094532020618,8.471347306762913
ARE,2021,2.5,0.382144458269249,10.677293122740085
URY,2021,2.5,0.373815701751837,9.791539761736832
UZB,2021,2.5,0.358322584952239,7.722464851622166
VUT,2021,8.2,0.559032012110377,8.074561734232995
VNM,2021,5.9,0.46763469632405,8.21722085115122
ZMB,2021,33.9,0.488155859866661,7.027457164670876
ZWE,2021,28.2,0.505453254341861,7.452627061160928
AFG,2022,28.8,0.587795901704788,5.878467034791953
ALB,2022,5.8,0.380608710119157,8.831482144611547
DZA,2022,2.5,0.367360744349921,8.509473990223944
ARG,2022,3.4,0.38149864468114,9.5422078164399
ARM,2022,2.5,0.359560825233757,8.790569592273615
AUT,2022,2.5,0.299110526645385,10.862390641625412
AZE,2022,2.5,0.405809263952388,8.958101917059256
BRB,2022,4.0,0.370508221585735,10.006225804295683
BEL,2022,2.5,0.333294723985269,10.836089566279172
BLZ,2022,5.1,0.467712949739228,8.863397175271308
BEN,2022,12.5,0.570411821017918,7.143954915327245
BIH,2022,2.5,0.3456894680814,8.943191928886375
BWA,2022,22.9,0.431163348539531,9.02746374797955
BRA,2022,3.4,0.368167155175138,9.135760494814134
BGR,2022,2.5,0.353332610935205,9.546789174017729
BFA,2022,14.3,0.522186511718832,6.728770115744596
CPV,2022,12.1,0.421095793925841,8.371777428954365
KHM,2022,6.1,0.480517970603396,7.75148843639064
CMR,2022,5.5,0.486085791085315,7.380802565069575
CAN,2022,2.5,0.281436971349,10.937682214561326
CAF,2022,29.2,0.577950909651453,6.147099464251818
TCD,2022,30.1,0.640173477539382,6.873201585341103
CHL,2022,2.5,0.332513665146997,9.642487434728823
CHN,2022,2.5,0.381313954458842,9.47044097178179
COL,2022,4.1,0.404659524763037,8.806939891338876
COM,2022,15.6,0.541243954148802,7.335554156916961
CRI,2022,2.5,0.375485626502588,9.519727734714435
HRV,2022,2.5,0.380032072913129,9.823691656545591
CYP,2022,2.5,0.358874739587076,10.431006540101825
CZE,2022,2.5,0.263776612923801,10.249988747456268
DNK,2022,2.5,0.348060865858898,11.128605011381836
DJI,2022,12.2,0.500601385408294,8.049828572190243
DMA,2022,5.1,0.439784193960935,9.140310630436536
DOM,2022,5.5,0.434629848674873,9.220710905116963
ECU,2022,13.6,0.46103781958309,8.781952321929632
SLV,2022,7.0,0.424035884409246,8.532003397332442
EST,2022,2.5,0.334474271793817,10.255943782590158
SWZ,2022,11.6,0.449312232538864,8.266075170312593
ETH,2022,20.6,0.527037457539315,6.91876774273539
FJI,2022,6.7,0.452260764313332,8.59508529187592
FIN,2022,2.5,0.282452526461527,10.828550896777168
FRA,2022,2.5,0.305648385396293,10.623345111847765
GAB,2022,21.3,0.436387799733926,9.037082505306179
GEO,2022,4.8,0.394724855298122,8.814307628813294
DEU,2022,2.5,0.301358152542534,10.813480806017424
GHA,2022,5.6,0.449625540076666,7.709708085900398
GRC,2022,2.5,0.337056004756468,9.95093562249171
GTM,2022,12.9,0.43434700023862,8.58647692525484
GIN,2022,10.4,0.529396372232681,7.256012174446394
GNB,2022,19.5,0.6131593894926,6.772436990095193
GUY,2022,2.5,0.433089421001128,9.793309495956418
HTI,2022,47.8,0.510000403518247,7.4734249092020235
HND,2022,14.1,0.445571418022766,8.007463622850228
HUN,2022,2.5,0.353454472971149,9.824641116241017
ISL,2022,2.5,0.32193175467932,11.22685562854139
IND,2022,14.3,0.484822515776606,7.761084185002244
IDN,2022,6.6,0.428976800368501,8.461856966622147
IRQ,2022,15.4,0.436363709071116,8.782741848873016
IRL,2022,2.5,0.315381291170418,11.563946582213111
ISR,2022,2.5,0.293027205020283,10.914172072754894
ITA,2022,2.5,0.342187164729016,10.481613934862926
JAM,2022,7.6,0.421404346098428,8.703200181636152
JOR,2022,15.4,0.366620042803428,8.373842685607784
KAZ,2022,2.5,0.319888042310289,9.32859793003239
KEN,2022,31.6,0.499843900854535,7.654236041563953
KIR,2022,4.6,0.557845498860194,7.635191416700937
KWT,2022,2.5,0.362044609033254,10.59617885665509
LVA,2022,2.5,0.36056315427972,9.914785032168757
LBN,2022,10.4,0.398234374426549,8.203675831565153
LBR,2022,37.7,0.539060353416457,6.612870227567148
LBY,2022,16.0,0.41726137344243,8.697285089118841
LTU,2022,2.5,0.359920453785628,10.130056592698534
LUX,2022,2.5,0.310316455288491,11.72577346989249
MDG,2022,39.9,0.559544225647666,6.221612576633551
MWI,2022,20.4,0.549897436371894,6.4040207061565635
MYS,2022,2.5,0.367072400706851,9.371446117517243
MLI,2022,7.3,0.575798941542314,6.877009644507547
MLT,2022,2.5,0.318458676928923,10.497484946304574
MRT,2022,7.8,0.578473639215463,7.580879532376531
MUS,2022,7.7,0.411210259447303,9.232472463536741
MEX,2022,3.0,0.387241881249785,9.341556427053545
MNG,2022,3.1,0.364897175053049,8.515895324478182
MNE,2022,2.5,0.364213478324665,9.209360336515271
MAR,2022,6.5,0.368076504517078,8.147692415656042
MOZ,2022,22.8,0.491543032423197,6.360009178325483
MMR,2022,4.4,0.515496947663429,7.054492878566212
NAM,2022,18.7,0.454471623224964,8.377884935644369
NPL,2022,5.2,0.490979684097643,7.234112720781007
NZL,2022,2.5,0.303377602356491,10.794666366892555
NIC,2022,17.0,0.445967844566188,7.750567611404438
NER,2022,11.4,0.636150298318516,6.413041079149946
NGA,2022,17.6,0.481958060353424,7.668268908680175
MKD,2022,2.9,0.371483230477939,8.936723916685809
NOR,2022,2.5,0.255191471668855,11.60157277507734
OMN,2022,5.7,0.421309559062002,10.052923547422028
PAK,2022,16.4,0.51413236664585,7.338448019665027
PAN,2022,5.3,0.407037920259903,9.760334942611303
PNG,2022,27.9,0.550349180623927,8.039895726204255
PRY,2022,3.9,0.372281349662248,8.733211571486097
PER,2022,6.5,0.408896845702446,8.90254134948257
PHL,2022,4.6,0.445290563395014,8.17415887698197
POL,2022,2.5,0.3044610578046,9.846452200327104
PRT,2022,2.5,0.318670680946779,10.111335502557004
ROU,2022,2.5,0.412718450898782,9.652322710372559
RUS,2022,2.5,0.323491482501316,9.65628272768621
RWA,2022,31.0,0.567553315618115,6.882918713110018
WSM,2022,4.5,0.513675104169268,8.260871894067929
STP,2022,16.0,0.539864659494608,7.778938721665543
SAU,2022,2.5,0.40950147996743,10.5586791374927
SEN,2022,5.2,0.53686679300475,7.361393285190607
SRB,2022,2.5,0.422948404408459,9.212634623601122
SYC,2022,2.5,0.437396813004463,9.731314654820387
SLE,2022,26.3,0.597606216663751,6.757832671003216
SVN,2022,2.5,0.315184573480264,10.253222810389543
SLB,2022,22.0,0.632252808572338,7.603605798885266
ZAF,2022,9.4,0.395066723036513,8.783152674281508
ESP,2022,2.5,0.305986828943871,10.317921278809726
LKA,2022,4.6,0.474109099458857,8.114515146598043
SDN,2022,11.0,0.612830772554953,6.95295887120536
SUR,2022,9.3,0.40365482079596,8.71348976901752
SWE,2022,2.5,0.316822568053048,10.920472799850943
CHE,2022,2.5,0.251030071399067,11.455238200870303
SYR,2022,33.2,0.487266855724479,6.95813607825352
TJK,2022,9.2,0.353911014666171,6.958619001223276
THA,2022,5.4,0.434458434402429,8.84063125364294
TLS,2022,18.0,0.53882617514821,7.759292099485569
TGO,2022,13.7,0.502098426507944,6.801013982051912
TTO,2022,11.7,0.373851852665081,9.946277696777653
TUN,2022,3.1,0.37751279964421,8.218476628714722
TKM,2022,3.7,0.371705803261573,9.00655230382614
UGA,2022,25.6,0.538961362643405,6.87012330990919
UKR,2022,5.3,0.364919147649086,8.342761443686468
ARE,2022,2.5,0.383254151903709,10.817757550051542
URY,2022,2.5,0.373671050086178,9.943602798606014
UZB,2022,2.5,0.35982365840373,7.855027836601853
VUT,2022,8.3,0.558145943266205,8.099354167672812
VNM,2022,5.6,0.467699325212405,8.330308705589859
ZMB,2022,35.7,0.486409004727241,7.277332796530802
ZWE,2022,24.8,0.502217314006228,7.6209729857805035
AFG,2023,28.9,0.58751617832868,6.0252810073679735
ALB,2023,6.2,0.380184451027829,9.056626253918726
DZA,2023,2.5,0.367352335364758,8.587470455094055
ARG,2023,3.3,0.383358084544623,9.56011535662277
ARM,2023,2.5,0.357311529443697,9.002734724480584
AUT,2023,2.5,0.295316568589894,10.933706322070936
AZE,2023,2.5,0.404253804565205,8.872491161028469
BRB,2023,4.2,0.370961980033602,10.077609962650744
BEL,2023,2.5,0.334702001024289,10.909437880118752
BLZ,2023,5.8,0.467284269569326,8.917310445386565
BEN,2023,13.3,0.5713164455052,7.240060163262055
BIH,2023,2.5,0.346513954253632,9.066819043391657
BWA,2023,22.5,0.432397932350151,8.965252005535175
BRA,2023,3.2,0.368520164456009,9.247403883046601
BGR,2023,2.5,0.354212115609604,9.673058895068905
BFA,2023,13.9,0.520926376262667,6.78297384793119
CPV,2023,12.8,0.420444996081811,8.489059492532384
KHM,2023,5.8,0.480602948477485,7.795543047246606
CMR,2023,5.1,0.4856038789901,7.459834688616578
CAN,2023,2.5,0.281583885412555,10.90081118175779
CAF,2023,29.6,0.578711096441822,6.206533380030961
TCD,2023,30.5,0.639626882645707,6.896753509819664
CHL,2023,2.5,0.332236492332546,9.744904190869768
CHN,2023,2.5,0.381528008944177,9.468942046749863
COL,2023,4.1,0.405387730559821,8.853784935897595
COM,2023,16.2,0.541041421544341,7.427859434305887
CRI,2023,2.5,0.376483069017729,9.737552607561982
HRV,2023,2.5,0.379827797909711,9.992663331859974
CYP,2023,2.5,0.358536409234039,10.506475259740043
CZE,2023,2.5,0.263808553766165,10.360629347546004
DNK,2023,2.5,0.347435104310872,11.133915467945613
DJI,2023,12.5,0.501747234319754,8.130801079133784
DMA,2023,4.4,0.439077888052177,9.201598485554166
DOM,2023,4.4,0.432859946020172,9.271476086111296
ECU,2023,12.8,0.461330351743818,8.815495788476774
SLV,2023,6.8,0.425438252888859,8.587734580608991
EST,2023,2.5,0.33437359477242,10.313386299209066
SWZ,2023,13.1,0.447638388874438,8.22729268872116
FJI,2023,7.3,0.453172352239003,8.680796766937911
FIN,2023,2.5,0.280200400598793,10.874673800248083
FRA,2023,2.5,0.304166282673451,10.707525953311263
GAB,2023,23.5,0.436301650721289,8.996081952461884
GEO,2023,2.9,0.394291545473852,9.022041338393533
DEU,2023,2.5,0.301488835582132,10.895635148477334
GHA,2023,5.9,0.44767713779848,7.776494802893907
GRC,2023,2.5,0.336942727170887,10.060522406920517
GTM,2023,12.1,0.434283135074688,8.658399093039142
GIN,2023,10.4,0.529128867699774,7.349548303516146
GNB,2023,22.0,0.612813055195004,6.87205302517256
GUY,2023,2.5,0.429963119228701,9.926896425341734
HTI,2023,51.1,0.509488409313646,7.4417649153061625
HND,2023,14.0,0.445033865898592,8.07944999330781
HUN,2023,2.5,0.353221510745416,10.012887953162561
ISL,2023,2.5,0.322260848379738,11.289282991134451
IND,2023,13.5,0.48459732132666,7.836022135050193
IDN,2023,6.6,0.43048235737393,8.492143602867646
IRQ,2023,15.3,0.436014273233911,8.69371770289459
IRL,2023,2.5,0.315577264183443,11.551066753331831
ISR,2023,2.5,0.289365900016888,10.859070534870089
ITA,2023,2.5,0.341886849901753,10.57299306925249
JAM,2023,7.5,0.421939152214872,8.830502808650877
JOR,2023,15.1,0.36633355765876,8.404267048905218
KAZ,2023,2.5,0.315840401791174,9.463386551915699
KEN,2023,35.3,0.500482899095129,7.57676578927652
KIR,2023,4.5,0.556980290083949,7.686025076816121
KWT,2023,2.5,0.361609584872794,10.436344173172426
LVA,2023,2.5,0.359746053956523,10.02904379304984
LBN,2023,9.8,0.399068685796453,8.15413359415124
LBR,2023,37.0,0.537843878517471,6.683604308178327
LBY,2023,16.6,0.415618941696469,8.727909842765476
LTU,2023,2.5,0.359642639101339,10.232287783832573
LUX,2023,2.5,0.31132701026558,11.786059841197059
MDG,2023,39.9,0.557511934775167,6.231894676267428
MWI,2023,20.7,0.549017491656397,6.4008280794914985
MYS,2023,2.5,0.366926701483168,9.339532317134124
MLI,2023,9.9,0.575536510573169,6.94298962083958
MLT,2023,2.5,0.319719009677223,10.601185148869224
MRT,2023,8.6,0.578337692788211,7.659559586741483
MUS,2023,7.9,0.411861399624017,9.322077306174284
MEX,2023,2.8,0.386509692483505,9.534315606555467
MNG,2023,2.5,0.365310365874975,8.672251644379449
MNE,2023,2.5,0.363229797256813,9.399089122495116
MAR,2023,6.9,0.368260848468096,8.23521383792554
MOZ,2023,21.8,0.493088994998562,6.4345234355685434
MMR,2023,5.2,0.514340557222612,7.1173649893043835
NAM,2023,18.4,0.454056125631941,8.3398842512835
NPL,2023,5.4,0.490027728692084,7.231526163637775
NZL,2023,2.5,0.304262215654337,10.792507888853741
NIC,2023,17.3,0.445563118016567,7.866892803648334
NER,2023,12.7,0.632980520703441,6.4588649169425425
NGA,2023,18.7,0.481084976726398,7.375654796943747
MKD,2023,2.5,0.372276057783572,9.062337224230056
NOR,2023,2.5,0.2556147185431,11.37936354536244
OMN,2023,5.9,0.420216953920259,9.950966528362452
PAK,2023,16.7,0.515133465900456,7.219033710267235
PAN,2023,5.8,0.406459590998431,9.835551538242738
PNG,2023,28.8,0.5495701839912,7.9949925515360665
PRY,2023,4.4,0.372450628094713,8.748303367193737
PER,2023,6.6,0.409139536462229,8.973039813865634
PHL,2023,3.5,0.443831296581348,8.243830174562001
POL,2023,2.5,0.305653132767215,10.005378951661593
PRT,2023,2.5,0.318490170755297,10.217797877390282
ROU,2023,2.5,0.411779483689989,9.82033814963356
RUS,2023,2.5,0.32374114097316,9.558133124456292
RWA,2023,26.6,0.56727886777407,6.9344307712391
WSM,2023,4.2,0.513291206755282,8.373364022298626
STP,2023,16.7,0.541800996405374,7.986482336893326
SAU,2023,2.5,0.408246794806483,10.495621651905047
SEN,2023,5.1,0.534856001387169,7.437226315440534
SRB,2023,2.5,0.421516261713672,9.415849820309411
SYC,2023,2.5,0.444141275646427,9.812616641751113
SLE,2023,25.2,0.597257262855005,6.630483735846189
SVN,2023,2.5,0.314325595066413,10.392377670271875
SLB,2023,22.0,0.629252695947271,7.638250115640645
ZAF,2023,10.0,0.394647749939191,8.703264798295269
ESP,2023,2.5,0.304735938404402,10.419569720381377
LKA,2023,6.1,0.474665403651957,8.242464241406196
SUR,2023,9.9,0.403676138662994,8.611425352959468
SWE,2023,2.5,0.317048367502868,10.925346380666658
CHE,2023,2.5,0.251258452297331,11.519223617455625
SYR,2023,35.9,0.486357761630186,6.742140649119441
TJK,2023,8.6,0.356071512505237,7.071980667162856
THA,2023,5.1,0.434860553166205,8.881155699721921
TLS,2023,18.2,0.538067793664859,7.31489874129351
TGO,2023,11.1,0.50292389421847,6.893349525212771
TTO,2023,11.9,0.371248722441038,9.83302534717599
TUN,2023,3.2,0.379160533010825,8.281565876667223
TKM,2023,4.0,0.371852432946571,9.01586350904457
UGA,2023,24.2,0.535603099478039,6.910061756106102
UKR,2023,6.0,0.365102651375417,8.544730173395028
ARE,2023,2.5,0.382862724694561,10.80040573755916
URY,2023,2.5,0.374668976606713,10.044093580136517
UZB,2023,2.5,0.358858275756943,7.965187450999593
VUT,2023,8.0,0.563053414056388,8.164862038433425
VNM,2023,5.4,0.467810375980305,8.371785917661148
ZMB,2023,36.2,0.484581650335907,7.193481293925503
ZWE,2023,21.4,0.498238873860639,7.676025745090243
